h0x0,h0y0,h0x1,h0y1,h0x2,h0y2,h0x3,h0y3,h0x4,h0y4,h0x5,h0y5,h0x6,h0y6,h0x7,h0y7,h0x8,h0y8,h0x9,h0y9,h0x10,h0y10,h0x11,h0y11,h0x12,h0y12,h0x13,h0y13,h0x14,h0y14,h0x15,h0y15,h0x16,h0y16,h0x17,h0y17,h0x18,h0y18,h0x19,h0y19,h0x20,h0y20,h1x0,h1y0,h1x1,h1y1,h1x2,h1y2,h1x3,h1y3,h1x4,h1y4,h1x5,h1y5,h1x6,h1y6,h1x7,h1y7,h1x8,h1y8,h1x9,h1y9,h1x10,h1y10,h1x11,h1y11,h1x12,h1y12,h1x13,h1y13,h1x14,h1y14,h1x15,h1y15,h1x16,h1y16,h1x17,h1y17,h1x18,h1y18,h1x19,h1y19,h1x20,h1y20,dist_x,dist_y,label,clip_id
0.0,0.0,0.542553,0.024,1.148936,0.448,1.414894,0.832,1.414894,1.184,0.893617,1.0,1.148936,1.232,1.06383,0.872,0.957447,0.592,0.574468,1.032,0.893617,1.2,0.712766,0.712,0.531915,0.384,0.234043,1.032,0.531915,1.104,0.393617,0.632,0.234043,0.32,-0.106383,1.032,0.138298,1.472,0.308511,1.744,0.478723,1.984,0,0.0,0.0,0.0,0.0,0.0,0.0,0.0,0.0,0.0,0.0,0.0,0.0,0.0,0.0,0.0,0.0,0.0,0.0,0.0,0.0,0.0,0.0,0.0,0.0,0.0,0.0,0.0,0.0,0.0,0.0,0.0,0.0,0.0,0.0,0.0,0.0,0.0,0.0,0.0,0.0,0.0,0.0,0.0,J,0.0
0.0,0.0,0.630435,0.146853,1.23913,0.524476,1.48913,0.867133,1.445652,1.174825,0.934783,1.0,1.228261,1.230769,1.108696,0.867133,0.967391,0.601399,0.619565,1.013986,0.945652,1.202797,0.782609,0.762238,0.630435,0.468531,0.271739,1.013986,0.576087,1.097902,0.423913,0.671329,0.25,0.391608,-0.065217,1.006993,0.152174,1.398601,0.336957,1.622378,0.51087,1.832168,0,0.0,0.0,0.0,0.0,0.0,0.0,0.0,0.0,0.0,0.0,0.0,0.0,0.0,0.0,0.0,0.0,0.0,0.0,0.0,0.0,0.0,0.0,0.0,0.0,0.0,0.0,0.0,0.0,0.0,0.0,0.0,0.0,0.0,0.0,0.0,0.0,0.0,0.0,0.0,0.0,0.0,0.0,0.0,J,0.0
0.0,0.0,0.670455,0.141844,1.284091,0.531915,1.568182,0.87234,1.590909,1.198582,1.0,1.0,1.318182,1.22695,1.181818,0.87234,1.022727,0.609929,0.670455,1.021277,1.045455,1.205674,0.829545,0.758865,0.647727,0.460993,0.340909,1.028369,0.681818,1.120567,0.5,0.695035,0.306818,0.41844,0.0,1.035461,0.25,1.41844,0.454545,1.64539,0.670455,1.843972,0,0.0,0.0,0.0,0.0,0.0,0.0,0.0,0.0,0.0,0.0,0.0,0.0,0.0,0.0,0.0,0.0,0.0,0.0,0.0,0.0,0.0,0.0,0.0,0.0,0.0,0.0,0.0,0.0,0.0,0.0,0.0,0.0,0.0,0.0,0.0,0.0,0.0,0.0,0.0,0.0,0.0,0.0,0.0,J,0.0
0.0,0.0,0.638298,0.152174,1.191489,0.543478,1.457447,0.884058,1.446809,1.202899,0.978723,1.0,1.297872,1.282609,1.159574,0.92029,1.0,0.652174,0.659574,1.014493,0.946809,1.210145,0.787234,0.746377,0.638298,0.463768,0.319149,1.007246,0.595745,1.123188,0.468085,0.666667,0.319149,0.376812,-0.021277,1.007246,0.202128,1.427536,0.37234,1.65942,0.542553,1.891304,0,0.0,0.0,0.0,0.0,0.0,0.0,0.0,0.0,0.0,0.0,0.0,0.0,0.0,0.0,0.0,0.0,0.0,0.0,0.0,0.0,0.0,0.0,0.0,0.0,0.0,0.0,0.0,0.0,0.0,0.0,0.0,0.0,0.0,0.0,0.0,0.0,0.0,0.0,0.0,0.0,0.0,0.0,0.0,J,0.0
0.0,0.0,0.662921,0.185897,1.213483,0.544872,1.426966,0.865385,1.359551,1.141026,0.853933,1.0,1.168539,1.198718,1.05618,0.858974,0.910112,0.628205,0.516854,0.987179,0.831461,1.096154,0.685393,0.673077,0.539326,0.423077,0.191011,0.955128,0.449438,1.025641,0.348315,0.628205,0.224719,0.378205,-0.146067,0.910256,0.022472,1.282051,0.191011,1.49359,0.359551,1.685897,0,0.0,0.0,0.0,0.0,0.0,0.0,0.0,0.0,0.0,0.0,0.0,0.0,0.0,0.0,0.0,0.0,0.0,0.0,0.0,0.0,0.0,0.0,0.0,0.0,0.0,0.0,0.0,0.0,0.0,0.0,0.0,0.0,0.0,0.0,0.0,0.0,0.0,0.0,0.0,0.0,0.0,0.0,0.0,J,0.0
0.0,0.0,0.40625,0.122222,0.84375,0.255556,1.177083,0.277778,1.395833,0.2,0.770833,1.0,1.0625,0.7,1.177083,0.411111,1.208333,0.222222,0.40625,0.966667,0.875,0.366667,0.916667,0.0,0.864583,-0.155556,0.072917,0.744444,0.5625,0.011111,0.59375,-0.288889,0.541667,-0.377778,-0.229167,0.422222,0.208333,-0.144444,0.395833,-0.455556,0.479167,-0.622222,0.16666666666666666,0.7777777777777778,0.0,0.0,0.576923,0.127389,1.0,0.324841,1.182692,0.509554,1.096154,0.649682,0.701923,1.0,0.980769,0.757962,0.942308,0.55414,0.865385,0.515924,0.336538,0.987261,0.692308,0.605096,0.663462,0.394904,0.576923,0.363057,0.0,0.866242,0.375,0.471338,0.384615,0.292994,0.317308,0.273885,-0.298077,0.694268,0.038462,0.401274,0.192308,0.210191,0.288462,0.133758,J,0.0
0.0,0.0,0.77551,0.086957,1.428571,0.278261,1.908163,0.365217,2.27551,0.356522,1.44898,1.0,1.877551,0.4,1.673469,0.208696,1.479592,0.269565,1.091837,0.904348,1.612245,0.252174,1.387755,0.121739,1.173469,0.217391,0.765306,0.730435,1.244898,0.13913,1.061224,0.034783,0.867347,0.121739,0.44898,0.513043,0.938776,0.095652,0.846939,0.0,0.693878,0.06087,0,0.0,0.0,0.0,0.0,0.0,0.0,0.0,0.0,0.0,0.0,0.0,0.0,0.0,0.0,0.0,0.0,0.0,0.0,0.0,0.0,0.0,0.0,0.0,0.0,0.0,0.0,0.0,0.0,0.0,0.0,0.0,0.0,0.0,0.0,0.0,0.0,0.0,0.0,0.0,0.0,0.0,0.0,0.0,J,0.0
0.0,0.0,2.363636,0.150442,5.090909,0.336283,7.136364,0.39823,8.409091,0.415929,5.727273,1.0,9.090909,0.575221,8.227273,0.362832,7.045455,0.362832,5.318182,0.893805,8.727273,0.380531,7.727273,0.19469,6.5,0.212389,5.0,0.690265,8.227273,0.185841,7.227273,0.035398,6.136364,0.070796,4.727273,0.424779,7.409091,0.026549,6.636364,-0.106195,5.727273,-0.079646,0,0.0,0.0,0.0,0.0,0.0,0.0,0.0,0.0,0.0,0.0,0.0,0.0,0.0,0.0,0.0,0.0,0.0,0.0,0.0,0.0,0.0,0.0,0.0,0.0,0.0,0.0,0.0,0.0,0.0,0.0,0.0,0.0,0.0,0.0,0.0,0.0,0.0,0.0,0.0,0.0,0.0,0.0,0.0,J,0.0
0.0,0.0,-0.153846,0.394558,0.131868,0.863946,0.626374,1.210884,1.021978,1.367347,0.098901,1.0,0.945055,1.285714,0.912088,1.068027,0.703297,0.945578,0.43956,0.802721,1.197802,1.068027,1.131868,0.877551,0.923077,0.768707,0.78022,0.591837,1.395604,0.843537,1.318681,0.70068,1.120879,0.598639,1.098901,0.421769,1.659341,0.707483,2.0,0.863946,2.263736,1.013605,0,0.0,0.0,0.0,0.0,0.0,0.0,0.0,0.0,0.0,0.0,0.0,0.0,0.0,0.0,0.0,0.0,0.0,0.0,0.0,0.0,0.0,0.0,0.0,0.0,0.0,0.0,0.0,0.0,0.0,0.0,0.0,0.0,0.0,0.0,0.0,0.0,0.0,0.0,0.0,0.0,0.0,0.0,0.0,J,0.0
0.0,0.0,-0.106383,0.409938,0.159574,0.832298,0.62766,1.15528,0.957447,1.291925,0.106383,1.0,0.914894,1.254658,0.925532,1.068323,0.712766,0.950311,0.446809,0.819876,1.170213,1.037267,1.12766,0.869565,0.914894,0.776398,0.797872,0.621118,1.361702,0.826087,1.308511,0.695652,1.095745,0.608696,1.106383,0.440994,1.659574,0.732919,1.978723,0.863354,2.202128,0.987578,0,0.0,0.0,0.0,0.0,0.0,0.0,0.0,0.0,0.0,0.0,0.0,0.0,0.0,0.0,0.0,0.0,0.0,0.0,0.0,0.0,0.0,0.0,0.0,0.0,0.0,0.0,0.0,0.0,0.0,0.0,0.0,0.0,0.0,0.0,0.0,0.0,0.0,0.0,0.0,0.0,0.0,0.0,0.0,J,0.0
0.0,0.0,-0.185185,0.460177,0.123457,0.973451,0.62963,1.336283,1.012346,1.513274,0.098765,1.0,0.962963,1.345133,0.901235,1.141593,0.679012,1.017699,0.419753,0.743363,1.246914,1.088496,1.148148,0.902655,0.938272,0.778761,0.765432,0.477876,1.469136,0.778761,1.345679,0.654867,1.098765,0.530973,1.098765,0.274336,1.765432,0.60177,2.148148,0.814159,2.432099,0.99115,-0.16049382716049382,0.415929203539823,0.0,0.0,-0.094737,0.417178,0.178947,0.828221,0.652632,1.128834,1.021053,1.269939,0.126316,1.0,0.947368,1.251534,0.957895,1.07362,0.757895,0.957055,0.473684,0.828221,1.210526,1.04908,1.157895,0.871166,0.947368,0.773006,0.821053,0.631902,1.4,0.834356,1.326316,0.699387,1.115789,0.607362,1.126316,0.460123,1.663158,0.742331,1.989474,0.871166,2.221053,0.98773,J,0.0
0.0,0.0,-0.094737,0.394904,0.168421,0.828025,0.610526,1.159236,0.957895,1.312102,0.042105,1.0,0.884211,1.280255,0.905263,1.082803,0.726316,0.968153,0.357895,0.815287,1.126316,1.076433,1.094737,0.898089,0.905263,0.789809,0.705263,0.624204,1.347368,0.878981,1.294737,0.738854,1.084211,0.649682,1.042105,0.452229,1.568421,0.745223,1.905263,0.89172,2.157895,1.025478,0,0.0,0.0,0.0,0.0,0.0,0.0,0.0,0.0,0.0,0.0,0.0,0.0,0.0,0.0,0.0,0.0,0.0,0.0,0.0,0.0,0.0,0.0,0.0,0.0,0.0,0.0,0.0,0.0,0.0,0.0,0.0,0.0,0.0,0.0,0.0,0.0,0.0,0.0,0.0,0.0,0.0,0.0,0.0,J,0.0
0.0,0.0,-0.125,0.396226,0.104167,0.81761,0.541667,1.125786,0.885417,1.264151,0.03125,1.0,0.833333,1.257862,0.833333,1.069182,0.625,0.949686,0.375,0.823899,1.09375,1.069182,1.041667,0.886792,0.84375,0.773585,0.71875,0.63522,1.291667,0.855346,1.21875,0.710692,1.0,0.610063,1.03125,0.465409,1.552083,0.761006,1.864583,0.899371,2.09375,1.025157,0,0.0,0.0,0.0,0.0,0.0,0.0,0.0,0.0,0.0,0.0,0.0,0.0,0.0,0.0,0.0,0.0,0.0,0.0,0.0,0.0,0.0,0.0,0.0,0.0,0.0,0.0,0.0,0.0,0.0,0.0,0.0,0.0,0.0,0.0,0.0,0.0,0.0,0.0,0.0,0.0,0.0,0.0,0.0,J,0.0
0.0,0.0,-0.115789,0.395062,0.115789,0.808642,0.568421,1.123457,0.905263,1.271605,0.031579,1.0,0.842105,1.240741,0.863158,1.04321,0.652632,0.932099,0.368421,0.82716,1.094737,1.049383,1.063158,0.858025,0.852632,0.753086,0.715789,0.641975,1.305263,0.845679,1.242105,0.691358,1.031579,0.58642,1.031579,0.469136,1.557895,0.759259,1.884211,0.888889,2.126316,1.006173,0,0.0,0.0,0.0,0.0,0.0,0.0,0.0,0.0,0.0,0.0,0.0,0.0,0.0,0.0,0.0,0.0,0.0,0.0,0.0,0.0,0.0,0.0,0.0,0.0,0.0,0.0,0.0,0.0,0.0,0.0,0.0,0.0,0.0,0.0,0.0,0.0,0.0,0.0,0.0,0.0,0.0,0.0,0.0,J,0.0
0.0,0.0,0.630435,0.146853,1.23913,0.524476,1.48913,0.867133,1.445652,1.174825,0.934783,1.0,1.228261,1.230769,1.108696,0.867133,0.967391,0.601399,0.619565,1.013986,0.945652,1.202797,0.782609,0.762238,0.630435,0.468531,0.271739,1.013986,0.576087,1.097902,0.423913,0.671329,0.25,0.391608,-0.065217,1.006993,0.152174,1.398601,0.336957,1.622378,0.51087,1.832168,0,0.0,0.0,0.0,0.0,0.0,0.0,0.0,0.0,0.0,0.0,0.0,0.0,0.0,0.0,0.0,0.0,0.0,0.0,0.0,0.0,0.0,0.0,0.0,0.0,0.0,0.0,0.0,0.0,0.0,0.0,0.0,0.0,0.0,0.0,0.0,0.0,0.0,0.0,0.0,0.0,0.0,0.0,0.0,J,0.0
0.0,0.0,0.648936,0.141844,1.212766,0.510638,1.468085,0.843972,1.43617,1.156028,0.978723,1.0,1.255319,1.198582,1.138298,0.843972,0.989362,0.595745,0.659574,1.014184,0.93617,1.156028,0.765957,0.730496,0.595745,0.453901,0.319149,1.007092,0.617021,1.092199,0.457447,0.680851,0.287234,0.411348,-0.021277,1.0,0.191489,1.397163,0.37234,1.631206,0.553191,1.829787,0,0.0,0.0,0.0,0.0,0.0,0.0,0.0,0.0,0.0,0.0,0.0,0.0,0.0,0.0,0.0,0.0,0.0,0.0,0.0,0.0,0.0,0.0,0.0,0.0,0.0,0.0,0.0,0.0,0.0,0.0,0.0,0.0,0.0,0.0,0.0,0.0,0.0,0.0,0.0,0.0,0.0,0.0,0.0,J,0.0
0.0,0.0,0.638298,0.152174,1.191489,0.543478,1.457447,0.884058,1.446809,1.202899,0.978723,1.0,1.297872,1.282609,1.159574,0.92029,1.0,0.652174,0.659574,1.014493,0.946809,1.210145,0.787234,0.746377,0.638298,0.463768,0.319149,1.007246,0.595745,1.123188,0.468085,0.666667,0.319149,0.376812,-0.021277,1.007246,0.202128,1.427536,0.37234,1.65942,0.542553,1.891304,0,0.0,0.0,0.0,0.0,0.0,0.0,0.0,0.0,0.0,0.0,0.0,0.0,0.0,0.0,0.0,0.0,0.0,0.0,0.0,0.0,0.0,0.0,0.0,0.0,0.0,0.0,0.0,0.0,0.0,0.0,0.0,0.0,0.0,0.0,0.0,0.0,0.0,0.0,0.0,0.0,0.0,0.0,0.0,J,0.0
0.0,0.0,0.662921,0.185897,1.213483,0.544872,1.426966,0.865385,1.359551,1.141026,0.853933,1.0,1.168539,1.198718,1.05618,0.858974,0.910112,0.628205,0.516854,0.987179,0.831461,1.096154,0.685393,0.673077,0.539326,0.423077,0.191011,0.955128,0.449438,1.025641,0.348315,0.628205,0.224719,0.378205,-0.146067,0.910256,0.022472,1.282051,0.191011,1.49359,0.359551,1.685897,0,0.0,0.0,0.0,0.0,0.0,0.0,0.0,0.0,0.0,0.0,0.0,0.0,0.0,0.0,0.0,0.0,0.0,0.0,0.0,0.0,0.0,0.0,0.0,0.0,0.0,0.0,0.0,0.0,0.0,0.0,0.0,0.0,0.0,0.0,0.0,0.0,0.0,0.0,0.0,0.0,0.0,0.0,0.0,J,0.0
0.0,0.0,0.463158,0.042553,0.905263,0.265957,1.010526,0.531915,0.821053,0.691489,0.747368,1.0,0.957895,1.021277,1.073684,0.702128,1.063158,0.37234,0.410526,1.106383,0.621053,0.808511,0.631579,0.255319,0.536842,-0.159574,0.063158,1.031915,0.305263,0.5,0.336842,-0.010638,0.284211,-0.351064,-0.252632,0.851064,0.052632,0.43617,0.105263,0.042553,0.073684,-0.212766,-0.06315789473684211,0.6808510638297872,0.0,0.0,0.568421,0.205128,1.010526,0.49359,1.157895,0.75641,1.010526,0.948718,0.642105,1.0,0.894737,1.044872,0.936842,0.801282,0.894737,0.615385,0.284211,1.00641,0.547368,0.916667,0.568421,0.647436,0.526316,0.448718,-0.052632,0.935897,0.242105,0.769231,0.252632,0.49359,0.221053,0.294872,-0.357895,0.807692,-0.115789,0.730769,-0.021053,0.538462,0.010526,0.378205,J,0.0
0.0,0.0,0.77551,0.086957,1.428571,0.278261,1.908163,0.365217,2.27551,0.356522,1.44898,1.0,1.877551,0.4,1.673469,0.208696,1.479592,0.269565,1.091837,0.904348,1.612245,0.252174,1.387755,0.121739,1.173469,0.217391,0.765306,0.730435,1.244898,0.13913,1.061224,0.034783,0.867347,0.121739,0.44898,0.513043,0.938776,0.095652,0.846939,0.0,0.693878,0.06087,0,0.0,0.0,0.0,0.0,0.0,0.0,0.0,0.0,0.0,0.0,0.0,0.0,0.0,0.0,0.0,0.0,0.0,0.0,0.0,0.0,0.0,0.0,0.0,0.0,0.0,0.0,0.0,0.0,0.0,0.0,0.0,0.0,0.0,0.0,0.0,0.0,0.0,0.0,0.0,0.0,0.0,0.0,0.0,J,0.0
0.0,0.0,2.363636,0.150442,5.090909,0.336283,7.136364,0.39823,8.409091,0.415929,5.727273,1.0,9.090909,0.575221,8.227273,0.362832,7.045455,0.362832,5.318182,0.893805,8.727273,0.380531,7.727273,0.19469,6.5,0.212389,5.0,0.690265,8.227273,0.185841,7.227273,0.035398,6.136364,0.070796,4.727273,0.424779,7.409091,0.026549,6.636364,-0.106195,5.727273,-0.079646,0,0.0,0.0,0.0,0.0,0.0,0.0,0.0,0.0,0.0,0.0,0.0,0.0,0.0,0.0,0.0,0.0,0.0,0.0,0.0,0.0,0.0,0.0,0.0,0.0,0.0,0.0,0.0,0.0,0.0,0.0,0.0,0.0,0.0,0.0,0.0,0.0,0.0,0.0,0.0,0.0,0.0,0.0,0.0,J,0.0
0.0,0.0,-0.105263,0.417323,0.276316,0.889764,0.842105,1.204724,1.315789,1.330709,0.302632,1.0,1.263158,1.251969,1.197368,1.070866,0.947368,0.952756,0.644737,0.76378,1.486842,0.984252,1.381579,0.826772,1.131579,0.716535,1.0,0.503937,1.697368,0.708661,1.565789,0.598425,1.289474,0.503937,1.302632,0.283465,1.973684,0.559055,2.394737,0.700787,2.723684,0.818898,0,0.0,0.0,0.0,0.0,0.0,0.0,0.0,0.0,0.0,0.0,0.0,0.0,0.0,0.0,0.0,0.0,0.0,0.0,0.0,0.0,0.0,0.0,0.0,0.0,0.0,0.0,0.0,0.0,0.0,0.0,0.0,0.0,0.0,0.0,0.0,0.0,0.0,0.0,0.0,0.0,0.0,0.0,0.0,J,0.0
0.0,0.0,-0.106383,0.409938,0.159574,0.832298,0.62766,1.15528,0.957447,1.291925,0.106383,1.0,0.914894,1.254658,0.925532,1.068323,0.712766,0.950311,0.446809,0.819876,1.170213,1.037267,1.12766,0.869565,0.914894,0.776398,0.797872,0.621118,1.361702,0.826087,1.308511,0.695652,1.095745,0.608696,1.106383,0.440994,1.659574,0.732919,1.978723,0.863354,2.202128,0.987578,0,0.0,0.0,0.0,0.0,0.0,0.0,0.0,0.0,0.0,0.0,0.0,0.0,0.0,0.0,0.0,0.0,0.0,0.0,0.0,0.0,0.0,0.0,0.0,0.0,0.0,0.0,0.0,0.0,0.0,0.0,0.0,0.0,0.0,0.0,0.0,0.0,0.0,0.0,0.0,0.0,0.0,0.0,0.0,J,0.0
0.0,0.0,-0.185185,0.460177,0.123457,0.973451,0.62963,1.336283,1.012346,1.513274,0.098765,1.0,0.962963,1.345133,0.901235,1.141593,0.679012,1.017699,0.419753,0.743363,1.246914,1.088496,1.148148,0.902655,0.938272,0.778761,0.765432,0.477876,1.469136,0.778761,1.345679,0.654867,1.098765,0.530973,1.098765,0.274336,1.765432,0.60177,2.148148,0.814159,2.432099,0.99115,-0.16049382716049382,0.415929203539823,0.0,0.0,-0.094737,0.417178,0.178947,0.828221,0.652632,1.128834,1.021053,1.269939,0.126316,1.0,0.947368,1.251534,0.957895,1.07362,0.757895,0.957055,0.473684,0.828221,1.210526,1.04908,1.157895,0.871166,0.947368,0.773006,0.821053,0.631902,1.4,0.834356,1.326316,0.699387,1.115789,0.607362,1.126316,0.460123,1.663158,0.742331,1.989474,0.871166,2.221053,0.98773,J,0.0
0.0,0.0,-0.086957,0.415094,0.195652,0.842767,0.695652,1.138365,1.086957,1.257862,0.108696,1.0,0.967391,1.295597,1.01087,1.100629,0.815217,0.981132,0.434783,0.81761,1.217391,1.069182,1.184783,0.886792,0.967391,0.779874,0.782609,0.622642,1.423913,0.842767,1.358696,0.704403,1.130435,0.610063,1.108696,0.446541,1.673913,0.742138,2.021739,0.880503,2.271739,1.006289,0,0.0,0.0,0.0,0.0,0.0,0.0,0.0,0.0,0.0,0.0,0.0,0.0,0.0,0.0,0.0,0.0,0.0,0.0,0.0,0.0,0.0,0.0,0.0,0.0,0.0,0.0,0.0,0.0,0.0,0.0,0.0,0.0,0.0,0.0,0.0,0.0,0.0,0.0,0.0,0.0,0.0,0.0,0.0,J,0.0
0.0,0.0,-0.125,0.396226,0.104167,0.81761,0.541667,1.125786,0.885417,1.264151,0.03125,1.0,0.833333,1.257862,0.833333,1.069182,0.625,0.949686,0.375,0.823899,1.09375,1.069182,1.041667,0.886792,0.84375,0.773585,0.71875,0.63522,1.291667,0.855346,1.21875,0.710692,1.0,0.610063,1.03125,0.465409,1.552083,0.761006,1.864583,0.899371,2.09375,1.025157,0,0.0,0.0,0.0,0.0,0.0,0.0,0.0,0.0,0.0,0.0,0.0,0.0,0.0,0.0,0.0,0.0,0.0,0.0,0.0,0.0,0.0,0.0,0.0,0.0,0.0,0.0,0.0,0.0,0.0,0.0,0.0,0.0,0.0,0.0,0.0,0.0,0.0,0.0,0.0,0.0,0.0,0.0,0.0,J,0.0
0.0,0.0,-0.115789,0.395062,0.115789,0.808642,0.568421,1.123457,0.905263,1.271605,0.031579,1.0,0.842105,1.240741,0.863158,1.04321,0.652632,0.932099,0.368421,0.82716,1.094737,1.049383,1.063158,0.858025,0.852632,0.753086,0.715789,0.641975,1.305263,0.845679,1.242105,0.691358,1.031579,0.58642,1.031579,0.469136,1.557895,0.759259,1.884211,0.888889,2.126316,1.006173,0,0.0,0.0,0.0,0.0,0.0,0.0,0.0,0.0,0.0,0.0,0.0,0.0,0.0,0.0,0.0,0.0,0.0,0.0,0.0,0.0,0.0,0.0,0.0,0.0,0.0,0.0,0.0,0.0,0.0,0.0,0.0,0.0,0.0,0.0,0.0,0.0,0.0,0.0,0.0,0.0,0.0,0.0,0.0,J,0.0
0.0,0.0,0.55,0.04,1.116667,0.386667,1.416667,0.733333,1.366667,1.053333,0.933333,1.0,1.15,1.266667,1.033333,0.906667,0.916667,0.653333,0.616667,1.053333,0.833333,1.2,0.683333,0.733333,0.533333,0.44,0.266667,1.08,0.483333,1.2,0.433333,0.733333,0.35,0.413333,-0.066667,1.106667,0.066667,1.586667,0.183333,1.893333,0.316667,2.16,0,0.0,0.0,0.0,0.0,0.0,0.0,0.0,0.0,0.0,0.0,0.0,0.0,0.0,0.0,0.0,0.0,0.0,0.0,0.0,0.0,0.0,0.0,0.0,0.0,0.0,0.0,0.0,0.0,0.0,0.0,0.0,0.0,0.0,0.0,0.0,0.0,0.0,0.0,0.0,0.0,0.0,0.0,0.0,J,1.0
0.0,0.0,0.627119,0.076923,1.169492,0.435897,1.440678,0.782051,1.355932,1.076923,0.915254,1.0,1.169492,1.25641,1.067797,0.884615,0.932203,0.602564,0.610169,1.038462,0.847458,1.192308,0.711864,0.730769,0.576271,0.423077,0.254237,1.064103,0.474576,1.192308,0.423729,0.730769,0.338983,0.423077,-0.084746,1.089744,0.067797,1.551282,0.186441,1.833333,0.322034,2.089744,0,0.0,0.0,0.0,0.0,0.0,0.0,0.0,0.0,0.0,0.0,0.0,0.0,0.0,0.0,0.0,0.0,0.0,0.0,0.0,0.0,0.0,0.0,0.0,0.0,0.0,0.0,0.0,0.0,0.0,0.0,0.0,0.0,0.0,0.0,0.0,0.0,0.0,0.0,0.0,0.0,0.0,0.0,0.0,J,1.0
0.0,0.0,0.637931,0.089744,1.206897,0.461538,1.465517,0.794872,1.37931,1.089744,0.931034,1.0,1.206897,1.282051,1.086207,0.910256,0.948276,0.615385,0.62069,1.038462,0.862069,1.217949,0.724138,0.75641,0.586207,0.448718,0.275862,1.064103,0.5,1.205128,0.431034,0.75641,0.344828,0.435897,-0.068966,1.102564,0.086207,1.551282,0.189655,1.833333,0.310345,2.089744,0,0.0,0.0,0.0,0.0,0.0,0.0,0.0,0.0,0.0,0.0,0.0,0.0,0.0,0.0,0.0,0.0,0.0,0.0,0.0,0.0,0.0,0.0,0.0,0.0,0.0,0.0,0.0,0.0,0.0,0.0,0.0,0.0,0.0,0.0,0.0,0.0,0.0,0.0,0.0,0.0,0.0,0.0,0.0,J,1.0
0.0,0.0,0.633333,0.076923,1.166667,0.448718,1.433333,0.794872,1.333333,1.089744,0.916667,1.0,1.15,1.294872,1.05,0.910256,0.916667,0.615385,0.6,1.038462,0.833333,1.217949,0.7,0.74359,0.566667,0.448718,0.266667,1.064103,0.466667,1.205128,0.4,0.74359,0.316667,0.435897,-0.083333,1.102564,0.066667,1.551282,0.183333,1.833333,0.3,2.102564,0,0.0,0.0,0.0,0.0,0.0,0.0,0.0,0.0,0.0,0.0,0.0,0.0,0.0,0.0,0.0,0.0,0.0,0.0,0.0,0.0,0.0,0.0,0.0,0.0,0.0,0.0,0.0,0.0,0.0,0.0,0.0,0.0,0.0,0.0,0.0,0.0,0.0,0.0,0.0,0.0,0.0,0.0,0.0,J,1.0
0.0,0.0,0.637931,0.102564,1.189655,0.474359,1.465517,0.807692,1.37931,1.102564,0.913793,1.0,1.172414,1.282051,1.086207,0.923077,0.948276,0.628205,0.603448,1.038462,0.844828,1.217949,0.706897,0.75641,0.586207,0.448718,0.258621,1.064103,0.482759,1.205128,0.413793,0.75641,0.327586,0.435897,-0.086207,1.102564,0.068966,1.551282,0.189655,1.846154,0.327586,2.102564,0,0.0,0.0,0.0,0.0,0.0,0.0,0.0,0.0,0.0,0.0,0.0,0.0,0.0,0.0,0.0,0.0,0.0,0.0,0.0,0.0,0.0,0.0,0.0,0.0,0.0,0.0,0.0,0.0,0.0,0.0,0.0,0.0,0.0,0.0,0.0,0.0,0.0,0.0,0.0,0.0,0.0,0.0,0.0,J,1.0
0.0,0.0,0.610169,0.089744,1.152542,0.448718,1.423729,0.782051,1.355932,1.076923,0.898305,1.0,1.152542,1.282051,1.050847,0.910256,0.932203,0.615385,0.59322,1.038462,0.830508,1.205128,0.694915,0.74359,0.576271,0.448718,0.254237,1.064103,0.474576,1.205128,0.40678,0.74359,0.322034,0.435897,-0.101695,1.089744,0.050847,1.551282,0.169492,1.846154,0.305085,2.102564,0,0.0,0.0,0.0,0.0,0.0,0.0,0.0,0.0,0.0,0.0,0.0,0.0,0.0,0.0,0.0,0.0,0.0,0.0,0.0,0.0,0.0,0.0,0.0,0.0,0.0,0.0,0.0,0.0,0.0,0.0,0.0,0.0,0.0,0.0,0.0,0.0,0.0,0.0,0.0,0.0,0.0,0.0,0.0,J,1.0
0.0,0.0,0.616667,0.088608,1.166667,0.443038,1.433333,0.797468,1.35,1.088608,0.933333,1.0,1.166667,1.278481,1.066667,0.898734,0.95,0.620253,0.616667,1.037975,0.85,1.202532,0.716667,0.746835,0.583333,0.443038,0.283333,1.063291,0.5,1.202532,0.433333,0.746835,0.333333,0.443038,-0.066667,1.101266,0.1,1.544304,0.2,1.822785,0.316667,2.075949,0,0.0,0.0,0.0,0.0,0.0,0.0,0.0,0.0,0.0,0.0,0.0,0.0,0.0,0.0,0.0,0.0,0.0,0.0,0.0,0.0,0.0,0.0,0.0,0.0,0.0,0.0,0.0,0.0,0.0,0.0,0.0,0.0,0.0,0.0,0.0,0.0,0.0,0.0,0.0,0.0,0.0,0.0,0.0,J,1.0
0.0,0.0,0.610169,0.111111,1.169492,0.444444,1.457627,0.765432,1.372881,1.049383,0.898305,1.0,1.169492,1.222222,1.067797,0.851852,0.949153,0.592593,0.576271,1.037037,0.830508,1.160494,0.711864,0.703704,0.59322,0.419753,0.237288,1.049383,0.474576,1.135802,0.423729,0.691358,0.355932,0.395062,-0.101695,1.049383,0.033898,1.493827,0.152542,1.777778,0.288136,2.024691,0,0.0,0.0,0.0,0.0,0.0,0.0,0.0,0.0,0.0,0.0,0.0,0.0,0.0,0.0,0.0,0.0,0.0,0.0,0.0,0.0,0.0,0.0,0.0,0.0,0.0,0.0,0.0,0.0,0.0,0.0,0.0,0.0,0.0,0.0,0.0,0.0,0.0,0.0,0.0,0.0,0.0,0.0,0.0,J,1.0
0.0,0.0,0.606557,0.075949,1.163934,0.417722,1.459016,0.721519,1.409836,1.012658,0.918033,1.0,1.213115,1.21519,1.098361,0.835443,0.967213,0.556962,0.590164,1.037975,0.868852,1.126582,0.721311,0.64557,0.57377,0.35443,0.262295,1.050633,0.508197,1.126582,0.459016,0.658228,0.377049,0.35443,-0.081967,1.063291,0.065574,1.518987,0.180328,1.797468,0.327869,2.063291,0,0.0,0.0,0.0,0.0,0.0,0.0,0.0,0.0,0.0,0.0,0.0,0.0,0.0,0.0,0.0,0.0,0.0,0.0,0.0,0.0,0.0,0.0,0.0,0.0,0.0,0.0,0.0,0.0,0.0,0.0,0.0,0.0,0.0,0.0,0.0,0.0,0.0,0.0,0.0,0.0,0.0,0.0,0.0,J,1.0
0.0,0.0,0.619048,0.091954,1.174603,0.390805,1.444444,0.666667,1.428571,0.91954,0.904762,1.0,1.222222,1.114943,1.095238,0.758621,0.968254,0.505747,0.571429,1.045977,0.857143,1.011494,0.698413,0.551724,0.587302,0.287356,0.222222,1.034483,0.47619,0.977011,0.444444,0.54023,0.365079,0.264368,-0.095238,1.0,0.0,1.413793,0.079365,1.689655,0.174603,1.942529,0,0.0,0.0,0.0,0.0,0.0,0.0,0.0,0.0,0.0,0.0,0.0,0.0,0.0,0.0,0.0,0.0,0.0,0.0,0.0,0.0,0.0,0.0,0.0,0.0,0.0,0.0,0.0,0.0,0.0,0.0,0.0,0.0,0.0,0.0,0.0,0.0,0.0,0.0,0.0,0.0,0.0,0.0,0.0,J,1.0
0.0,0.0,0.813559,0.090909,1.355932,0.282828,1.762712,0.434343,1.966102,0.626263,1.033898,1.0,1.644068,0.818182,1.525424,0.484848,1.305085,0.313131,0.677966,0.989899,1.305085,0.69697,1.152542,0.313131,0.983051,0.151515,0.322034,0.868687,0.881356,0.616162,0.881356,0.212121,0.830508,0.0,0.033898,0.707071,0.20339,0.979798,0.237288,1.222222,0.271186,1.454545,0,0.0,0.0,0.0,0.0,0.0,0.0,0.0,0.0,0.0,0.0,0.0,0.0,0.0,0.0,0.0,0.0,0.0,0.0,0.0,0.0,0.0,0.0,0.0,0.0,0.0,0.0,0.0,0.0,0.0,0.0,0.0,0.0,0.0,0.0,0.0,0.0,0.0,0.0,0.0,0.0,0.0,0.0,0.0,J,1.0
0.0,0.0,1.428571,0.162162,2.095238,0.27027,2.666667,0.310811,3.238095,0.337838,1.738095,1.0,2.857143,0.567568,2.52381,0.243243,2.095238,0.148649,1.380952,0.878378,2.571429,0.432432,2.119048,0.040541,1.785714,0.0,0.97619,0.662162,2.119048,0.22973,1.809524,-0.121622,1.380952,-0.189189,0.738095,0.405405,1.404762,0.27027,1.619048,0.094595,1.690476,-0.013514,0,0.0,0.0,0.0,0.0,0.0,0.0,0.0,0.0,0.0,0.0,0.0,0.0,0.0,0.0,0.0,0.0,0.0,0.0,0.0,0.0,0.0,0.0,0.0,0.0,0.0,0.0,0.0,0.0,0.0,0.0,0.0,0.0,0.0,0.0,0.0,0.0,0.0,0.0,0.0,0.0,0.0,0.0,0.0,J,1.0
0.0,0.0,1.107143,0.309524,2.642857,0.511905,4.071429,0.535714,4.892857,0.511905,2.107143,1.0,4.214286,0.702381,3.892857,0.464286,3.321429,0.47619,1.642857,0.77381,3.928571,0.392857,3.5,0.202381,3.0,0.202381,1.321429,0.440476,3.607143,0.154762,3.25,0.02381,2.714286,0.02381,1.107143,0.095238,2.714286,-0.047619,3.535714,-0.142857,4.178571,-0.202381,0,0.0,0.0,0.0,0.0,0.0,0.0,0.0,0.0,0.0,0.0,0.0,0.0,0.0,0.0,0.0,0.0,0.0,0.0,0.0,0.0,0.0,0.0,0.0,0.0,0.0,0.0,0.0,0.0,0.0,0.0,0.0,0.0,0.0,0.0,0.0,0.0,0.0,0.0,0.0,0.0,0.0,0.0,0.0,J,1.0
0.0,0.0,2.5,0.369565,6.9,0.641304,11.3,0.717391,13.8,0.641304,5.5,1.0,12.0,0.826087,11.3,0.597826,9.8,0.576087,4.8,0.75,11.6,0.51087,10.5,0.315217,9.0,0.293478,4.5,0.434783,11.1,0.26087,10.1,0.119565,8.5,0.097826,4.5,0.119565,9.5,0.043478,12.2,-0.032609,14.4,-0.076087,0,0.0,0.0,0.0,0.0,0.0,0.0,0.0,0.0,0.0,0.0,0.0,0.0,0.0,0.0,0.0,0.0,0.0,0.0,0.0,0.0,0.0,0.0,0.0,0.0,0.0,0.0,0.0,0.0,0.0,0.0,0.0,0.0,0.0,0.0,0.0,0.0,0.0,0.0,0.0,0.0,0.0,0.0,0.0,J,1.0
0.0,0.0,1.142857,0.44086,3.928571,0.806452,7.0,0.956989,9.142857,0.946237,3.071429,1.0,8.071429,1.043011,7.857143,0.83871,6.857143,0.784946,3.142857,0.698925,8.285714,0.731183,7.714286,0.548387,6.428571,0.483871,3.5,0.387097,8.428571,0.473118,7.785714,0.311828,6.571429,0.236559,4.071429,0.075269,7.857143,0.193548,10.0,0.204301,11.714286,0.225806,0,0.0,0.0,0.0,0.0,0.0,0.0,0.0,0.0,0.0,0.0,0.0,0.0,0.0,0.0,0.0,0.0,0.0,0.0,0.0,0.0,0.0,0.0,0.0,0.0,0.0,0.0,0.0,0.0,0.0,0.0,0.0,0.0,0.0,0.0,0.0,0.0,0.0,0.0,0.0,0.0,0.0,0.0,0.0,J,1.0
0.0,0.0,0.2,0.43299,1.057143,0.85567,2.2,1.103093,2.942857,1.154639,0.685714,1.0,2.542857,1.195876,2.514286,1.010309,2.114286,0.907216,0.914286,0.721649,2.857143,0.927835,2.657143,0.742268,2.171429,0.649485,1.257143,0.43299,3.057143,0.680412,2.828571,0.525773,2.342857,0.43299,1.685714,0.164948,3.057143,0.412371,3.914286,0.494845,4.571429,0.56701,0,0.0,0.0,0.0,0.0,0.0,0.0,0.0,0.0,0.0,0.0,0.0,0.0,0.0,0.0,0.0,0.0,0.0,0.0,0.0,0.0,0.0,0.0,0.0,0.0,0.0,0.0,0.0,0.0,0.0,0.0,0.0,0.0,0.0,0.0,0.0,0.0,0.0,0.0,0.0,0.0,0.0,0.0,0.0,J,1.0
0.0,0.0,-0.068966,0.43299,0.258621,0.907216,0.810345,1.237113,1.224138,1.350515,0.034483,1.0,1.051724,1.350515,1.051724,1.154639,0.827586,1.010309,0.327586,0.752577,1.344828,1.123711,1.258621,0.927835,1.0,0.804124,0.689655,0.505155,1.586207,0.896907,1.482759,0.752577,1.189655,0.618557,1.034483,0.298969,1.758621,0.659794,2.224138,0.824742,2.603448,0.979381,0,0.0,0.0,0.0,0.0,0.0,0.0,0.0,0.0,0.0,0.0,0.0,0.0,0.0,0.0,0.0,0.0,0.0,0.0,0.0,0.0,0.0,0.0,0.0,0.0,0.0,0.0,0.0,0.0,0.0,0.0,0.0,0.0,0.0,0.0,0.0,0.0,0.0,0.0,0.0,0.0,0.0,0.0,0.0,J,1.0
0.0,0.0,-0.169014,0.44,-0.042254,0.93,0.323944,1.3,0.690141,1.43,-0.183099,1.0,0.507042,1.41,0.549296,1.25,0.394366,1.09,0.140845,0.81,0.802817,1.24,0.774648,1.07,0.605634,0.92,0.492958,0.62,1.056338,1.05,1.0,0.92,0.816901,0.77,0.816901,0.47,1.309859,0.87,1.605634,1.09,1.830986,1.27,0,0.0,0.0,0.0,0.0,0.0,0.0,0.0,0.0,0.0,0.0,0.0,0.0,0.0,0.0,0.0,0.0,0.0,0.0,0.0,0.0,0.0,0.0,0.0,0.0,0.0,0.0,0.0,0.0,0.0,0.0,0.0,0.0,0.0,0.0,0.0,0.0,0.0,0.0,0.0,0.0,0.0,0.0,0.0,J,1.0
0.0,0.0,-0.269231,0.42268,-0.294872,0.907216,-0.102564,1.298969,0.179487,1.494845,-0.282051,1.0,0.205128,1.505155,0.24359,1.329897,0.115385,1.164948,0.076923,0.865979,0.512821,1.340206,0.512821,1.164948,0.384615,1.020619,0.423077,0.71134,0.75641,1.175258,0.74359,1.041237,0.615385,0.886598,0.717949,0.597938,1.025641,1.041237,1.24359,1.298969,1.397436,1.515464,0,0.0,0.0,0.0,0.0,0.0,0.0,0.0,0.0,0.0,0.0,0.0,0.0,0.0,0.0,0.0,0.0,0.0,0.0,0.0,0.0,0.0,0.0,0.0,0.0,0.0,0.0,0.0,0.0,0.0,0.0,0.0,0.0,0.0,0.0,0.0,0.0,0.0,0.0,0.0,0.0,0.0,0.0,0.0,J,1.0
0.0,0.0,-0.379747,0.381443,-0.670886,0.814433,-0.721519,1.247423,-0.405063,1.453608,-0.316456,1.0,0.075949,1.494845,0.037975,1.340206,-0.075949,1.154639,0.050633,0.907216,0.367089,1.371134,0.316456,1.216495,0.21519,1.051546,0.392405,0.804124,0.607595,1.247423,0.56962,1.123711,0.481013,0.948454,0.683544,0.701031,0.924051,1.154639,1.088608,1.42268,1.202532,1.639175,0,0.0,0.0,0.0,0.0,0.0,0.0,0.0,0.0,0.0,0.0,0.0,0.0,0.0,0.0,0.0,0.0,0.0,0.0,0.0,0.0,0.0,0.0,0.0,0.0,0.0,0.0,0.0,0.0,0.0,0.0,0.0,0.0,0.0,0.0,0.0,0.0,0.0,0.0,0.0,0.0,0.0,0.0,0.0,J,1.0
0.0,0.0,-0.410256,0.380435,-0.717949,0.804348,-0.820513,1.228261,-0.551282,1.478261,-0.307692,1.0,0.064103,1.521739,0.025641,1.380435,-0.076923,1.195652,0.064103,0.902174,0.358974,1.402174,0.294872,1.25,0.192308,1.065217,0.397436,0.793478,0.589744,1.26087,0.538462,1.130435,0.448718,0.956522,0.692308,0.684783,0.923077,1.163043,1.089744,1.445652,1.230769,1.673913,0,0.0,0.0,0.0,0.0,0.0,0.0,0.0,0.0,0.0,0.0,0.0,0.0,0.0,0.0,0.0,0.0,0.0,0.0,0.0,0.0,0.0,0.0,0.0,0.0,0.0,0.0,0.0,0.0,0.0,0.0,0.0,0.0,0.0,0.0,0.0,0.0,0.0,0.0,0.0,0.0,0.0,0.0,0.0,J,1.0
0.0,0.0,-0.421053,0.373626,-0.723684,0.791209,-0.802632,1.21978,-0.552632,1.461538,-0.302632,1.0,0.078947,1.527473,0.039474,1.373626,-0.065789,1.175824,0.065789,0.901099,0.368421,1.406593,0.302632,1.241758,0.210526,1.065934,0.407895,0.791209,0.605263,1.263736,0.552632,1.131868,0.473684,0.956044,0.697368,0.692308,0.934211,1.175824,1.105263,1.43956,1.25,1.67033,0,0.0,0.0,0.0,0.0,0.0,0.0,0.0,0.0,0.0,0.0,0.0,0.0,0.0,0.0,0.0,0.0,0.0,0.0,0.0,0.0,0.0,0.0,0.0,0.0,0.0,0.0,0.0,0.0,0.0,0.0,0.0,0.0,0.0,0.0,0.0,0.0,0.0,0.0,0.0,0.0,0.0,0.0,0.0,J,1.0
0.0,0.0,-0.394737,0.357895,-0.697368,0.757895,-0.789474,1.168421,-0.526316,1.410526,-0.289474,1.0,0.118421,1.473684,0.078947,1.305263,-0.039474,1.126316,0.078947,0.905263,0.394737,1.347368,0.355263,1.168421,0.25,1.0,0.421053,0.789474,0.631579,1.2,0.578947,1.052632,0.486842,0.894737,0.710526,0.673684,0.960526,1.115789,1.131579,1.368421,1.263158,1.589474,0,0.0,0.0,0.0,0.0,0.0,0.0,0.0,0.0,0.0,0.0,0.0,0.0,0.0,0.0,0.0,0.0,0.0,0.0,0.0,0.0,0.0,0.0,0.0,0.0,0.0,0.0,0.0,0.0,0.0,0.0,0.0,0.0,0.0,0.0,0.0,0.0,0.0,0.0,0.0,0.0,0.0,0.0,0.0,J,1.0
0.0,0.0,-0.394737,0.360825,-0.697368,0.752577,-0.776316,1.154639,-0.513158,1.402062,-0.289474,1.0,0.118421,1.443299,0.092105,1.298969,-0.026316,1.123711,0.078947,0.907216,0.394737,1.329897,0.355263,1.164948,0.25,0.989691,0.421053,0.793814,0.631579,1.185567,0.592105,1.051546,0.5,0.886598,0.710526,0.690722,0.947368,1.103093,1.131579,1.350515,1.263158,1.556701,0,0.0,0.0,0.0,0.0,0.0,0.0,0.0,0.0,0.0,0.0,0.0,0.0,0.0,0.0,0.0,0.0,0.0,0.0,0.0,0.0,0.0,0.0,0.0,0.0,0.0,0.0,0.0,0.0,0.0,0.0,0.0,0.0,0.0,0.0,0.0,0.0,0.0,0.0,0.0,0.0,0.0,0.0,0.0,J,1.0
0.0,0.0,-0.391892,0.357895,-0.689189,0.757895,-0.756757,1.168421,-0.486486,1.4,-0.297297,1.0,0.121622,1.452632,0.067568,1.284211,-0.054054,1.115789,0.067568,0.905263,0.405405,1.326316,0.364865,1.168421,0.256757,1.010526,0.405405,0.789474,0.648649,1.2,0.621622,1.063158,0.527027,0.905263,0.702703,0.684211,0.959459,1.115789,1.148649,1.357895,1.310811,1.568421,0,0.0,0.0,0.0,0.0,0.0,0.0,0.0,0.0,0.0,0.0,0.0,0.0,0.0,0.0,0.0,0.0,0.0,0.0,0.0,0.0,0.0,0.0,0.0,0.0,0.0,0.0,0.0,0.0,0.0,0.0,0.0,0.0,0.0,0.0,0.0,0.0,0.0,0.0,0.0,0.0,0.0,0.0,0.0,J,1.0
0.0,0.0,-0.391892,0.344086,-0.702703,0.741935,-0.756757,1.150538,-0.5,1.387097,-0.337838,1.0,0.067568,1.451613,0.040541,1.290323,-0.081081,1.107527,0.027027,0.903226,0.351351,1.333333,0.324324,1.172043,0.22973,1.010753,0.364865,0.795699,0.608108,1.204301,0.567568,1.064516,0.472973,0.903226,0.662162,0.688172,0.918919,1.11828,1.094595,1.365591,1.216216,1.591398,0,0.0,0.0,0.0,0.0,0.0,0.0,0.0,0.0,0.0,0.0,0.0,0.0,0.0,0.0,0.0,0.0,0.0,0.0,0.0,0.0,0.0,0.0,0.0,0.0,0.0,0.0,0.0,0.0,0.0,0.0,0.0,0.0,0.0,0.0,0.0,0.0,0.0,0.0,0.0,0.0,0.0,0.0,0.0,J,1.0
0.0,0.0,-0.369863,0.347368,-0.671233,0.747368,-0.739726,1.147368,-0.452055,1.357895,-0.342466,1.0,0.109589,1.421053,0.109589,1.252632,-0.027397,1.094737,0.0,0.905263,0.39726,1.294737,0.383562,1.126316,0.260274,0.989474,0.342466,0.789474,0.630137,1.168421,0.630137,1.042105,0.506849,0.905263,0.657534,0.663158,0.90411,1.094737,1.09589,1.347368,1.219178,1.568421,0,0.0,0.0,0.0,0.0,0.0,0.0,0.0,0.0,0.0,0.0,0.0,0.0,0.0,0.0,0.0,0.0,0.0,0.0,0.0,0.0,0.0,0.0,0.0,0.0,0.0,0.0,0.0,0.0,0.0,0.0,0.0,0.0,0.0,0.0,0.0,0.0,0.0,0.0,0.0,0.0,0.0,0.0,0.0,J,1.0
0.0,0.0,0.431034,0.104895,0.810345,0.48951,1.0,0.811189,1.112069,1.104895,0.663793,1.0,0.810345,1.286713,0.75,0.993007,0.672414,0.727273,0.353448,1.020979,0.508621,1.216783,0.448276,0.776224,0.387931,0.461538,0.017241,1.013986,0.198276,1.202797,0.206897,0.797203,0.181034,0.482517,-0.336207,0.993007,-0.275862,1.447552,-0.206897,1.734266,-0.12069,1.986014,0,0.0,0.0,0.0,0.0,0.0,0.0,0.0,0.0,0.0,0.0,0.0,0.0,0.0,0.0,0.0,0.0,0.0,0.0,0.0,0.0,0.0,0.0,0.0,0.0,0.0,0.0,0.0,0.0,0.0,0.0,0.0,0.0,0.0,0.0,0.0,0.0,0.0,0.0,0.0,0.0,0.0,0.0,0.0,J,2.0
0.0,0.0,0.508929,0.124138,0.892857,0.510345,1.098214,0.855172,1.232143,1.158621,0.714286,1.0,0.892857,1.310345,0.857143,1.027586,0.785714,0.758621,0.401786,1.034483,0.571429,1.206897,0.535714,0.765517,0.473214,0.462069,0.053571,1.027586,0.258929,1.213793,0.285714,0.8,0.267857,0.489655,-0.285714,1.013793,-0.196429,1.455172,-0.133929,1.737931,-0.044643,2.0,0,0.0,0.0,0.0,0.0,0.0,0.0,0.0,0.0,0.0,0.0,0.0,0.0,0.0,0.0,0.0,0.0,0.0,0.0,0.0,0.0,0.0,0.0,0.0,0.0,0.0,0.0,0.0,0.0,0.0,0.0,0.0,0.0,0.0,0.0,0.0,0.0,0.0,0.0,0.0,0.0,0.0,0.0,0.0,J,2.0
0.0,0.0,0.508772,0.142857,0.885965,0.52381,1.078947,0.843537,1.219298,1.122449,0.72807,1.0,0.894737,1.312925,0.842105,1.047619,0.763158,0.789116,0.403509,1.027211,0.561404,1.204082,0.508772,0.77551,0.45614,0.47619,0.061404,1.020408,0.236842,1.204082,0.27193,0.809524,0.254386,0.503401,-0.27193,1.006803,-0.192982,1.442177,-0.122807,1.721088,-0.04386,1.979592,0,0.0,0.0,0.0,0.0,0.0,0.0,0.0,0.0,0.0,0.0,0.0,0.0,0.0,0.0,0.0,0.0,0.0,0.0,0.0,0.0,0.0,0.0,0.0,0.0,0.0,0.0,0.0,0.0,0.0,0.0,0.0,0.0,0.0,0.0,0.0,0.0,0.0,0.0,0.0,0.0,0.0,0.0,0.0,J,2.0
0.0,0.0,0.513043,0.135135,0.904348,0.527027,1.078261,0.851351,1.156522,1.141892,0.721739,1.0,0.895652,1.304054,0.834783,1.013514,0.73913,0.75,0.4,1.013514,0.556522,1.216216,0.521739,0.797297,0.469565,0.5,0.06087,1.006757,0.243478,1.189189,0.269565,0.783784,0.252174,0.47973,-0.278261,1.0,-0.182609,1.432432,-0.095652,1.709459,-0.008696,1.959459,0,0.0,0.0,0.0,0.0,0.0,0.0,0.0,0.0,0.0,0.0,0.0,0.0,0.0,0.0,0.0,0.0,0.0,0.0,0.0,0.0,0.0,0.0,0.0,0.0,0.0,0.0,0.0,0.0,0.0,0.0,0.0,0.0,0.0,0.0,0.0,0.0,0.0,0.0,0.0,0.0,0.0,0.0,0.0,J,2.0
0.0,0.0,0.495726,0.131579,0.888889,0.519737,1.059829,0.842105,1.136752,1.125,0.709402,1.0,0.880342,1.302632,0.811966,1.026316,0.717949,0.769737,0.384615,1.013158,0.538462,1.203947,0.495726,0.776316,0.444444,0.467105,0.051282,1.0,0.222222,1.184211,0.25641,0.776316,0.247863,0.473684,-0.290598,0.986842,-0.196581,1.421053,-0.102564,1.684211,0.008547,1.927632,0,0.0,0.0,0.0,0.0,0.0,0.0,0.0,0.0,0.0,0.0,0.0,0.0,0.0,0.0,0.0,0.0,0.0,0.0,0.0,0.0,0.0,0.0,0.0,0.0,0.0,0.0,0.0,0.0,0.0,0.0,0.0,0.0,0.0,0.0,0.0,0.0,0.0,0.0,0.0,0.0,0.0,0.0,0.0,J,2.0
0.0,0.0,0.495652,0.15625,0.852174,0.55,1.0,0.85,1.095652,1.11875,0.617391,1.0,0.756522,1.28125,0.747826,1.01875,0.704348,0.76875,0.295652,1.0,0.452174,1.19375,0.46087,0.7875,0.434783,0.49375,-0.043478,0.96875,0.147826,1.11875,0.191304,0.7125,0.182609,0.4125,-0.382609,0.93125,-0.321739,1.35,-0.243478,1.6125,-0.121739,1.8625,0,0.0,0.0,0.0,0.0,0.0,0.0,0.0,0.0,0.0,0.0,0.0,0.0,0.0,0.0,0.0,0.0,0.0,0.0,0.0,0.0,0.0,0.0,0.0,0.0,0.0,0.0,0.0,0.0,0.0,0.0,0.0,0.0,0.0,0.0,0.0,0.0,0.0,0.0,0.0,0.0,0.0,0.0,0.0,J,2.0
0.0,0.0,0.462185,0.146341,0.781513,0.536585,0.890756,0.829268,0.941176,1.085366,0.554622,1.0,0.647059,1.262195,0.621849,0.987805,0.579832,0.737805,0.218487,0.993902,0.327731,1.176829,0.344538,0.817073,0.344538,0.560976,-0.117647,0.945122,0.02521,1.085366,0.067227,0.689024,0.084034,0.384146,-0.445378,0.878049,-0.403361,1.29878,-0.344538,1.560976,-0.252101,1.79878,0,0.0,0.0,0.0,0.0,0.0,0.0,0.0,0.0,0.0,0.0,0.0,0.0,0.0,0.0,0.0,0.0,0.0,0.0,0.0,0.0,0.0,0.0,0.0,0.0,0.0,0.0,0.0,0.0,0.0,0.0,0.0,0.0,0.0,0.0,0.0,0.0,0.0,0.0,0.0,0.0,0.0,0.0,0.0,J,2.0
0.0,0.0,0.46087,0.150602,0.826087,0.439759,0.826087,0.674699,0.765217,0.873494,0.521739,1.0,0.556522,1.138554,0.530435,0.849398,0.530435,0.656627,0.156522,0.993976,0.278261,1.156627,0.278261,0.795181,0.26087,0.548193,-0.173913,0.921687,-0.113043,1.054217,-0.034783,0.704819,0.008696,0.475904,-0.478261,0.789157,-0.469565,0.843373,-0.356522,0.614458,-0.278261,0.475904,0,0.0,0.0,0.0,0.0,0.0,0.0,0.0,0.0,0.0,0.0,0.0,0.0,0.0,0.0,0.0,0.0,0.0,0.0,0.0,0.0,0.0,0.0,0.0,0.0,0.0,0.0,0.0,0.0,0.0,0.0,0.0,0.0,0.0,0.0,0.0,0.0,0.0,0.0,0.0,0.0,0.0,0.0,0.0,J,2.0
0.0,0.0,0.385714,0.0875,0.75,0.25625,0.864286,0.35,0.85,0.31875,0.492857,1.0,0.557143,0.775,0.514286,0.4875,0.485714,0.31875,0.135714,1.1,0.178571,0.7375,0.185714,0.3375,0.2,0.0875,-0.214286,1.03125,-0.185714,0.725,-0.121429,0.36875,-0.071429,0.15,-0.507143,0.8875,-0.664286,0.83125,-0.785714,0.78125,-0.914286,0.8,0,0.0,0.0,0.0,0.0,0.0,0.0,0.0,0.0,0.0,0.0,0.0,0.0,0.0,0.0,0.0,0.0,0.0,0.0,0.0,0.0,0.0,0.0,0.0,0.0,0.0,0.0,0.0,0.0,0.0,0.0,0.0,0.0,0.0,0.0,0.0,0.0,0.0,0.0,0.0,0.0,0.0,0.0,0.0,J,2.0
0.0,0.0,-0.256098,0.027397,-0.560976,0.184932,-0.719512,0.315068,-0.841463,0.424658,-0.573171,1.0,-0.658537,0.479452,-0.597561,0.143836,-0.5,0.0,-0.268293,1.109589,-0.390244,0.527397,-0.329268,0.136986,-0.256098,0.0,0.073171,1.061644,-0.121951,0.534247,-0.04878,0.205479,0.02439,0.061644,0.426829,0.917808,0.097561,0.664384,-0.231707,0.534247,-0.47561,0.534247,0,0.0,0.0,0.0,0.0,0.0,0.0,0.0,0.0,0.0,0.0,0.0,0.0,0.0,0.0,0.0,0.0,0.0,0.0,0.0,0.0,0.0,0.0,0.0,0.0,0.0,0.0,0.0,0.0,0.0,0.0,0.0,0.0,0.0,0.0,0.0,0.0,0.0,0.0,0.0,0.0,0.0,0.0,0.0,J,2.0
0.0,0.0,0.304054,0.027586,0.635135,0.103448,0.621622,0.110345,0.445946,0.062069,0.560811,1.0,0.675676,0.841379,0.682432,0.558621,0.689189,0.42069,0.168919,1.075862,0.189189,0.634483,0.22973,0.2,0.256757,0.124138,-0.168919,0.931034,-0.182432,0.544828,-0.081081,0.172414,0.0,0.075862,-0.439189,0.696552,-0.682432,0.648276,-0.885135,0.627586,-1.047297,0.696552,0,0.0,0.0,0.0,0.0,0.0,0.0,0.0,0.0,0.0,0.0,0.0,0.0,0.0,0.0,0.0,0.0,0.0,0.0,0.0,0.0,0.0,0.0,0.0,0.0,0.0,0.0,0.0,0.0,0.0,0.0,0.0,0.0,0.0,0.0,0.0,0.0,0.0,0.0,0.0,0.0,0.0,0.0,0.0,J,2.0
0.0,0.0,0.309677,-0.006993,0.580645,0.027972,0.632258,0.06993,0.477419,0.125874,0.535484,1.0,0.6,0.65035,0.567742,0.335664,0.548387,0.202797,0.187097,1.083916,0.167742,0.545455,0.174194,0.167832,0.187097,0.076923,-0.16129,0.958042,-0.206452,0.482517,-0.141935,0.188811,-0.103226,0.13986,-0.464516,0.748252,-0.645161,0.587413,-0.683871,0.524476,-0.722581,0.594406,0,0.0,0.0,0.0,0.0,0.0,0.0,0.0,0.0,0.0,0.0,0.0,0.0,0.0,0.0,0.0,0.0,0.0,0.0,0.0,0.0,0.0,0.0,0.0,0.0,0.0,0.0,0.0,0.0,0.0,0.0,0.0,0.0,0.0,0.0,0.0,0.0,0.0,0.0,0.0,0.0,0.0,0.0,0.0,J,2.0
0.0,0.0,-0.78125,0.9,-1.578125,0.5,-2.21875,-0.4,-2.71875,-1.8,-1.703125,1.0,-2.625,-0.6,-3.203125,-2.0,-3.625,-3.0,-1.46875,-0.4,-2.46875,-2.8,-3.0625,-4.6,-3.515625,-5.9,-1.125,-2.2,-1.953125,-5.4,-2.4375,-7.8,-2.828125,-9.4,-0.703125,-4.1,-1.171875,-7.0,-1.484375,-8.7,-1.765625,-10.2,0,0.0,0.0,0.0,0.0,0.0,0.0,0.0,0.0,0.0,0.0,0.0,0.0,0.0,0.0,0.0,0.0,0.0,0.0,0.0,0.0,0.0,0.0,0.0,0.0,0.0,0.0,0.0,0.0,0.0,0.0,0.0,0.0,0.0,0.0,0.0,0.0,0.0,0.0,0.0,0.0,0.0,0.0,0.0,J,2.0
0.0,0.0,0.293103,0.225806,0.258621,0.096774,0.051724,0.354839,-0.293103,0.387097,-0.724138,-1.0,-1.293103,-1.967742,-1.724138,-2.903226,-2.137931,-3.806452,-1.206897,-0.967742,-2.137931,-1.935484,-2.724138,-2.677419,-3.275862,-3.387097,-1.534483,-0.870968,-2.293103,-1.83871,-2.810345,-2.709677,-3.224138,-3.548387,-1.724138,-0.806452,-2.12069,-1.677419,-2.396552,-2.419355,-2.603448,-3.193548,0,0.0,0.0,0.0,0.0,0.0,0.0,0.0,0.0,0.0,0.0,0.0,0.0,0.0,0.0,0.0,0.0,0.0,0.0,0.0,0.0,0.0,0.0,0.0,0.0,0.0,0.0,0.0,0.0,0.0,0.0,0.0,0.0,0.0,0.0,0.0,0.0,0.0,0.0,0.0,0.0,0.0,0.0,0.0,J,2.0
0.0,0.0,-0.316239,0.278261,-0.581197,0.669565,-0.769231,0.973913,-0.905983,1.165217,-0.452991,1.0,-0.307692,1.365217,-0.282051,1.173913,-0.34188,1.008696,-0.145299,0.86087,0.025641,1.147826,0.051282,0.973913,0.0,0.852174,0.196581,0.704348,0.358974,1.0,0.333333,0.895652,0.264957,0.765217,0.547009,0.6,0.863248,1.086957,1.094017,1.417391,1.273504,1.678261,0,0.0,0.0,0.0,0.0,0.0,0.0,0.0,0.0,0.0,0.0,0.0,0.0,0.0,0.0,0.0,0.0,0.0,0.0,0.0,0.0,0.0,0.0,0.0,0.0,0.0,0.0,0.0,0.0,0.0,0.0,0.0,0.0,0.0,0.0,0.0,0.0,0.0,0.0,0.0,0.0,0.0,0.0,0.0,J,2.0
0.0,0.0,-0.340426,0.299213,-0.546099,0.850394,-0.51773,1.377953,-0.41844,1.708661,-0.64539,1.0,-0.163121,1.685039,-0.028369,1.496063,-0.099291,1.299213,-0.340426,0.850394,0.141844,1.598425,0.241135,1.377953,0.148936,1.181102,0.014184,0.724409,0.404255,1.480315,0.468085,1.299213,0.375887,1.055118,0.35461,0.653543,0.617021,1.346457,0.815603,1.771654,0.943262,2.110236,0,0.0,0.0,0.0,0.0,0.0,0.0,0.0,0.0,0.0,0.0,0.0,0.0,0.0,0.0,0.0,0.0,0.0,0.0,0.0,0.0,0.0,0.0,0.0,0.0,0.0,0.0,0.0,0.0,0.0,0.0,0.0,0.0,0.0,0.0,0.0,0.0,0.0,0.0,0.0,0.0,0.0,0.0,0.0,J,2.0
0.0,0.0,-0.337748,0.270677,-0.609272,0.827068,-0.695364,1.398496,-0.721854,1.729323,-0.662252,1.0,-0.337748,1.729323,-0.211921,1.518797,-0.264901,1.263158,-0.350993,0.93985,-0.019868,1.676692,0.07947,1.428571,0.006623,1.225564,0.006623,0.894737,0.278146,1.616541,0.317881,1.390977,0.238411,1.12782,0.337748,0.864662,0.509934,1.533835,0.635762,1.93985,0.715232,2.300752,0,0.0,0.0,0.0,0.0,0.0,0.0,0.0,0.0,0.0,0.0,0.0,0.0,0.0,0.0,0.0,0.0,0.0,0.0,0.0,0.0,0.0,0.0,0.0,0.0,0.0,0.0,0.0,0.0,0.0,0.0,0.0,0.0,0.0,0.0,0.0,0.0,0.0,0.0,0.0,0.0,0.0,0.0,0.0,J,2.0
0.0,0.0,-0.298137,0.310811,-0.596273,0.871622,-0.757764,1.418919,-0.913043,1.722973,-0.695652,1.0,-0.360248,1.695946,-0.217391,1.5,-0.26087,1.25,-0.378882,0.925676,-0.068323,1.621622,0.055901,1.398649,-0.006211,1.216216,-0.024845,0.878378,0.229814,1.567568,0.298137,1.371622,0.223602,1.135135,0.304348,0.851351,0.440994,1.472973,0.565217,1.844595,0.645963,2.162162,0,0.0,0.0,0.0,0.0,0.0,0.0,0.0,0.0,0.0,0.0,0.0,0.0,0.0,0.0,0.0,0.0,0.0,0.0,0.0,0.0,0.0,0.0,0.0,0.0,0.0,0.0,0.0,0.0,0.0,0.0,0.0,0.0,0.0,0.0,0.0,0.0,0.0,0.0,0.0,0.0,0.0,0.0,0.0,J,2.0
0.0,0.0,-0.198675,0.632911,-0.192053,1.481013,0.013245,2.050633,0.15894,2.265823,-0.549669,1.0,-0.205298,2.151899,-0.15894,1.911392,-0.198675,1.64557,-0.245033,0.696203,0.13245,2.075949,0.165563,1.658228,0.099338,1.227848,0.086093,0.56962,0.403974,1.987342,0.410596,1.696203,0.331126,1.278481,0.450331,0.658228,0.701987,1.898734,0.801325,2.531646,0.821192,2.936709,0.152317880794702,1.0632911392405062,0.0,0.0,-0.3,0.360248,-0.54375,0.89441,-0.625,1.42236,-0.70625,1.708075,-0.7,1.0,-0.325,1.627329,-0.175,1.453416,-0.20625,1.223602,-0.3875,0.944099,-0.03125,1.583851,0.10625,1.378882,0.05625,1.204969,-0.03125,0.89441,0.24375,1.52795,0.34375,1.360248,0.2875,1.15528,0.3,0.850932,0.44375,1.459627,0.58125,1.782609,0.6625,2.049689,J,2.0
0.0,0.0,-0.335404,0.346154,-0.571429,0.884615,-0.645963,1.416667,-0.701863,1.737179,-0.689441,1.0,-0.31677,1.660256,-0.180124,1.455128,-0.223602,1.230769,-0.36646,0.923077,-0.012422,1.589744,0.093168,1.378205,0.031056,1.192308,-0.012422,0.871795,0.254658,1.532051,0.322981,1.358974,0.26087,1.160256,0.310559,0.833333,0.459627,1.442308,0.590062,1.775641,0.677019,2.057692,0,0.0,0.0,0.0,0.0,0.0,0.0,0.0,0.0,0.0,0.0,0.0,0.0,0.0,0.0,0.0,0.0,0.0,0.0,0.0,0.0,0.0,0.0,0.0,0.0,0.0,0.0,0.0,0.0,0.0,0.0,0.0,0.0,0.0,0.0,0.0,0.0,0.0,0.0,0.0,0.0,0.0,0.0,0.0,J,2.0
0.0,0.0,-0.165605,2.5,-0.248408,5.666667,-0.133758,7.833333,-0.089172,7.916667,-0.573248,1.0,-0.33121,7.666667,-0.261146,6.25,-0.305732,4.416667,-0.267516,-0.916667,-0.012739,7.166667,0.050955,5.166667,-0.006369,3.166667,0.070064,-1.416667,0.299363,6.083333,0.318471,4.416667,0.242038,2.0,0.426752,-0.333333,0.605096,6.5,0.726115,10.75,0.789809,13.833333,0.06369426751592357,13.333333333333334,0.0,0.0,-0.304348,0.352201,-0.546584,0.893082,-0.627329,1.421384,-0.695652,1.704403,-0.720497,1.0,-0.341615,1.647799,-0.186335,1.45283,-0.223602,1.226415,-0.409938,0.930818,-0.043478,1.584906,0.093168,1.377358,0.043478,1.194969,-0.055901,0.874214,0.223602,1.534591,0.329193,1.358491,0.279503,1.150943,0.279503,0.842767,0.428571,1.45283,0.559006,1.779874,0.652174,2.056604,J,2.0
0.0,0.0,-0.341615,0.344156,-0.57764,0.902597,-0.652174,1.448052,-0.627329,1.772727,-0.68323,1.0,-0.310559,1.655844,-0.204969,1.480519,-0.242236,1.266234,-0.354037,0.928571,-0.012422,1.603896,0.086957,1.409091,0.037267,1.214286,-0.006211,0.883117,0.254658,1.545455,0.322981,1.383117,0.273292,1.175325,0.31677,0.87013,0.447205,1.487013,0.571429,1.811688,0.658385,2.084416,0,0.0,0.0,0.0,0.0,0.0,0.0,0.0,0.0,0.0,0.0,0.0,0.0,0.0,0.0,0.0,0.0,0.0,0.0,0.0,0.0,0.0,0.0,0.0,0.0,0.0,0.0,0.0,0.0,0.0,0.0,0.0,0.0,0.0,0.0,0.0,0.0,0.0,0.0,0.0,0.0,0.0,0.0,0.0,J,2.0
0.0,0.0,-0.363057,0.338028,-0.636943,0.880282,-0.732484,1.422535,-0.815287,1.774648,-0.687898,1.0,-0.420382,1.71831,-0.235669,1.711268,-0.178344,1.56338,-0.369427,0.957746,-0.070064,1.676056,0.057325,1.549296,0.038217,1.359155,-0.019108,0.93662,0.216561,1.647887,0.312102,1.5,0.292994,1.288732,0.312102,0.929577,0.458599,1.570423,0.573248,1.922535,0.656051,2.197183,0,0.0,0.0,0.0,0.0,0.0,0.0,0.0,0.0,0.0,0.0,0.0,0.0,0.0,0.0,0.0,0.0,0.0,0.0,0.0,0.0,0.0,0.0,0.0,0.0,0.0,0.0,0.0,0.0,0.0,0.0,0.0,0.0,0.0,0.0,0.0,0.0,0.0,0.0,0.0,0.0,0.0,0.0,0.0,J,2.0
0.0,0.0,-0.319728,0.363636,-0.489796,0.939394,-0.44898,1.505051,-0.340136,1.909091,-0.666667,1.0,-0.544218,1.888889,-0.353741,2.212121,-0.238095,2.30303,-0.360544,0.89899,-0.163265,1.848485,-0.027211,2.030303,0.034014,2.010101,-0.013605,0.848485,0.183673,1.757576,0.217687,1.919192,0.217687,1.888889,0.333333,0.828283,0.482993,1.636364,0.489796,1.858586,0.469388,1.939394,-0.027210884353741496,0.3535353535353535,0.0,0.0,-0.285714,0.348993,-0.465839,0.932886,-0.496894,1.489933,-0.496894,1.765101,-0.627329,1.0,-0.279503,1.691275,-0.180124,1.510067,-0.223602,1.288591,-0.291925,0.939597,0.006211,1.61745,0.080745,1.42953,0.043478,1.234899,0.055901,0.90604,0.285714,1.577181,0.335404,1.402685,0.279503,1.181208,0.372671,0.90604,0.534161,1.503356,0.652174,1.832215,0.73913,2.107383,J,2.0
0.0,0.0,-0.259259,0.345679,-0.388889,0.888889,-0.339506,1.425926,-0.259259,1.654321,-0.580247,1.0,-0.185185,1.623457,-0.092593,1.432099,-0.148148,1.216049,-0.240741,0.925926,0.092593,1.555556,0.160494,1.358025,0.104938,1.17284,0.111111,0.87037,0.358025,1.493827,0.395062,1.314815,0.320988,1.111111,0.419753,0.839506,0.592593,1.395062,0.722222,1.703704,0.82716,1.969136,0,0.0,0.0,0.0,0.0,0.0,0.0,0.0,0.0,0.0,0.0,0.0,0.0,0.0,0.0,0.0,0.0,0.0,0.0,0.0,0.0,0.0,0.0,0.0,0.0,0.0,0.0,0.0,0.0,0.0,0.0,0.0,0.0,0.0,0.0,0.0,0.0,0.0,0.0,0.0,0.0,0.0,0.0,0.0,J,2.0
0.0,0.0,-0.298137,0.371795,-0.509317,0.942308,-0.583851,1.487179,-0.652174,1.775641,-0.596273,1.0,-0.204969,1.666667,-0.099379,1.461538,-0.149068,1.237179,-0.26087,0.929487,0.093168,1.596154,0.173913,1.384615,0.111801,1.185897,0.093168,0.871795,0.354037,1.532051,0.403727,1.352564,0.335404,1.147436,0.403727,0.839744,0.57764,1.429487,0.714286,1.75641,0.819876,2.032051,0,0.0,0.0,0.0,0.0,0.0,0.0,0.0,0.0,0.0,0.0,0.0,0.0,0.0,0.0,0.0,0.0,0.0,0.0,0.0,0.0,0.0,0.0,0.0,0.0,0.0,0.0,0.0,0.0,0.0,0.0,0.0,0.0,0.0,0.0,0.0,0.0,0.0,0.0,0.0,0.0,0.0,0.0,0.0,J,2.0
0.0,0.0,-0.30625,0.367089,-0.525,0.93038,-0.59375,1.474684,-0.625,1.778481,-0.6,1.0,-0.2125,1.664557,-0.10625,1.462025,-0.16875,1.234177,-0.2625,0.936709,0.0875,1.607595,0.16875,1.392405,0.10625,1.202532,0.09375,0.879747,0.35,1.544304,0.40625,1.367089,0.34375,1.164557,0.4,0.848101,0.575,1.43038,0.71875,1.746835,0.83125,2.012658,0,0.0,0.0,0.0,0.0,0.0,0.0,0.0,0.0,0.0,0.0,0.0,0.0,0.0,0.0,0.0,0.0,0.0,0.0,0.0,0.0,0.0,0.0,0.0,0.0,0.0,0.0,0.0,0.0,0.0,0.0,0.0,0.0,0.0,0.0,0.0,0.0,0.0,0.0,0.0,0.0,0.0,0.0,0.0,J,2.0
0.0,0.0,0.456522,0.292308,0.673913,0.784615,0.673913,1.169231,0.369565,1.369231,0.26087,1.0,0.130435,1.261538,0.130435,1.0,0.152174,0.769231,-0.108696,0.938462,-0.217391,1.184615,-0.108696,0.846154,-0.021739,0.569231,-0.456522,0.846154,-0.608696,1.169231,-0.478261,1.030769,-0.326087,0.892308,-0.73913,0.753846,-0.956522,1.046154,-1.130435,1.246154,-1.26087,1.430769,0,0.0,0.0,0.0,0.0,0.0,0.0,0.0,0.0,0.0,0.0,0.0,0.0,0.0,0.0,0.0,0.0,0.0,0.0,0.0,0.0,0.0,0.0,0.0,0.0,0.0,0.0,0.0,0.0,0.0,0.0,0.0,0.0,0.0,0.0,0.0,0.0,0.0,0.0,0.0,0.0,0.0,0.0,0.0,J,3.0
0.0,0.0,0.425532,0.31746,0.617021,0.777778,0.574468,1.174603,0.276596,1.396825,0.234043,1.0,0.106383,1.238095,0.085106,0.968254,0.106383,0.714286,-0.12766,0.936508,-0.212766,1.142857,-0.148936,0.84127,-0.06383,0.571429,-0.446809,0.857143,-0.617021,1.126984,-0.531915,1.031746,-0.425532,0.904762,-0.765957,0.746032,-0.957447,1.063492,-1.12766,1.269841,-1.255319,1.460317,0,0.0,0.0,0.0,0.0,0.0,0.0,0.0,0.0,0.0,0.0,0.0,0.0,0.0,0.0,0.0,0.0,0.0,0.0,0.0,0.0,0.0,0.0,0.0,0.0,0.0,0.0,0.0,0.0,0.0,0.0,0.0,0.0,0.0,0.0,0.0,0.0,0.0,0.0,0.0,0.0,0.0,0.0,0.0,J,3.0
0.0,0.0,0.367347,0.298507,0.510204,0.731343,0.44898,1.104478,0.22449,1.343284,0.204082,1.0,0.081633,1.208955,0.081633,0.955224,0.081633,0.701493,-0.163265,0.940299,-0.204082,1.149254,-0.142857,0.820896,-0.102041,0.537313,-0.489796,0.835821,-0.632653,1.089552,-0.530612,0.865672,-0.428571,0.671642,-0.795918,0.716418,-1.020408,0.985075,-1.163265,1.164179,-1.326531,1.343284,0,0.0,0.0,0.0,0.0,0.0,0.0,0.0,0.0,0.0,0.0,0.0,0.0,0.0,0.0,0.0,0.0,0.0,0.0,0.0,0.0,0.0,0.0,0.0,0.0,0.0,0.0,0.0,0.0,0.0,0.0,0.0,0.0,0.0,0.0,0.0,0.0,0.0,0.0,0.0,0.0,0.0,0.0,0.0,J,3.0
0.0,0.0,0.375,0.285714,0.520833,0.728571,0.479167,1.1,0.229167,1.328571,0.1875,1.0,0.0625,1.171429,0.041667,0.885714,0.0625,0.642857,-0.1875,0.942857,-0.270833,1.114286,-0.208333,0.785714,-0.145833,0.557143,-0.520833,0.842857,-0.6875,1.057143,-0.583333,0.828571,-0.479167,0.628571,-0.8125,0.714286,-1.041667,0.957143,-1.208333,1.114286,-1.375,1.271429,0,0.0,0.0,0.0,0.0,0.0,0.0,0.0,0.0,0.0,0.0,0.0,0.0,0.0,0.0,0.0,0.0,0.0,0.0,0.0,0.0,0.0,0.0,0.0,0.0,0.0,0.0,0.0,0.0,0.0,0.0,0.0,0.0,0.0,0.0,0.0,0.0,0.0,0.0,0.0,0.0,0.0,0.0,0.0,J,3.0
0.0,0.0,0.382979,0.285714,0.531915,0.728571,0.489362,1.1,0.234043,1.328571,0.170213,1.0,0.06383,1.171429,0.042553,0.885714,0.06383,0.642857,-0.191489,0.942857,-0.276596,1.114286,-0.212766,0.785714,-0.12766,0.557143,-0.531915,0.842857,-0.702128,1.057143,-0.595745,0.828571,-0.489362,0.628571,-0.829787,0.714286,-1.06383,0.957143,-1.234043,1.1,-1.404255,1.257143,0,0.0,0.0,0.0,0.0,0.0,0.0,0.0,0.0,0.0,0.0,0.0,0.0,0.0,0.0,0.0,0.0,0.0,0.0,0.0,0.0,0.0,0.0,0.0,0.0,0.0,0.0,0.0,0.0,0.0,0.0,0.0,0.0,0.0,0.0,0.0,0.0,0.0,0.0,0.0,0.0,0.0,0.0,0.0,J,3.0
0.0,0.0,0.361702,0.194805,0.468085,0.571429,0.319149,0.896104,0.042553,1.064935,0.042553,1.0,-0.234043,0.896104,-0.191489,0.571429,-0.06383,0.350649,-0.361702,0.961039,-0.553191,0.74026,-0.382979,0.402597,-0.212766,0.207792,-0.702128,0.818182,-0.914894,0.662338,-0.744681,0.350649,-0.553191,0.168831,-0.957447,0.623377,-1.276596,0.688312,-1.574468,0.701299,-1.829787,0.74026,0,0.0,0.0,0.0,0.0,0.0,0.0,0.0,0.0,0.0,0.0,0.0,0.0,0.0,0.0,0.0,0.0,0.0,0.0,0.0,0.0,0.0,0.0,0.0,0.0,0.0,0.0,0.0,0.0,0.0,0.0,0.0,0.0,0.0,0.0,0.0,0.0,0.0,0.0,0.0,0.0,0.0,0.0,0.0,J,3.0
0.0,0.0,0.365854,0.21519,0.512195,0.544304,0.341463,0.822785,-0.097561,0.962025,-0.195122,1.0,-0.268293,0.810127,-0.146341,0.506329,-0.02439,0.316456,-0.658537,0.936709,-0.658537,0.64557,-0.390244,0.35443,-0.170732,0.189873,-1.0,0.772152,-1.02439,0.518987,-0.731707,0.240506,-0.536585,0.075949,-1.195122,0.556962,-1.512195,0.556962,-1.731707,0.556962,-1.97561,0.56962,0,0.0,0.0,0.0,0.0,0.0,0.0,0.0,0.0,0.0,0.0,0.0,0.0,0.0,0.0,0.0,0.0,0.0,0.0,0.0,0.0,0.0,0.0,0.0,0.0,0.0,0.0,0.0,0.0,0.0,0.0,0.0,0.0,0.0,0.0,0.0,0.0,0.0,0.0,0.0,0.0,0.0,0.0,0.0,J,3.0
0.0,0.0,0.318182,0.166667,0.477273,0.435897,0.340909,0.641026,0.113636,0.730769,-0.25,1.0,-0.204545,0.705128,-0.068182,0.448718,0.045455,0.294872,-0.727273,0.923077,-0.613636,0.538462,-0.363636,0.269231,-0.204545,0.141026,-1.045455,0.717949,-0.931818,0.384615,-0.613636,0.115385,-0.386364,-0.025641,-1.25,0.461538,-1.454545,0.410256,-1.568182,0.371795,-1.704545,0.371795,0,0.0,0.0,0.0,0.0,0.0,0.0,0.0,0.0,0.0,0.0,0.0,0.0,0.0,0.0,0.0,0.0,0.0,0.0,0.0,0.0,0.0,0.0,0.0,0.0,0.0,0.0,0.0,0.0,0.0,0.0,0.0,0.0,0.0,0.0,0.0,0.0,0.0,0.0,0.0,0.0,0.0,0.0,0.0,J,3.0
0.0,0.0,0.369565,0.1875,0.565217,0.4125,0.434783,0.5375,0.130435,0.55,-0.195652,1.0,0.065217,0.6875,0.173913,0.45,0.195652,0.4,-0.630435,0.9,-0.304348,0.575,-0.108696,0.375,-0.021739,0.325,-0.978261,0.7125,-0.608696,0.3875,-0.282609,0.1625,-0.130435,0.075,-1.195652,0.4875,-0.956522,0.2875,-0.695652,0.125,-0.543478,0.05,0,0.0,0.0,0.0,0.0,0.0,0.0,0.0,0.0,0.0,0.0,0.0,0.0,0.0,0.0,0.0,0.0,0.0,0.0,0.0,0.0,0.0,0.0,0.0,0.0,0.0,0.0,0.0,0.0,0.0,0.0,0.0,0.0,0.0,0.0,0.0,0.0,0.0,0.0,0.0,0.0,0.0,0.0,0.0,J,3.0
0.0,0.0,0.387755,0.179487,0.653061,0.435897,0.795918,0.602564,0.877551,0.75641,0.081633,1.0,0.408163,0.820513,0.510204,0.589744,0.55102,0.512821,-0.326531,0.948718,0.163265,0.730769,0.326531,0.551282,0.408163,0.5,-0.673469,0.807692,-0.163265,0.525641,0.081633,0.282051,0.204082,0.166667,-0.918367,0.615385,-0.55102,0.423077,-0.306122,0.24359,-0.163265,0.128205,0,0.0,0.0,0.0,0.0,0.0,0.0,0.0,0.0,0.0,0.0,0.0,0.0,0.0,0.0,0.0,0.0,0.0,0.0,0.0,0.0,0.0,0.0,0.0,0.0,0.0,0.0,0.0,0.0,0.0,0.0,0.0,0.0,0.0,0.0,0.0,0.0,0.0,0.0,0.0,0.0,0.0,0.0,0.0,J,3.0
0.0,0.0,0.511628,0.176471,0.883721,0.482353,0.976744,0.717647,0.953488,0.894118,0.302326,1.0,0.790698,0.952941,0.883721,0.705882,0.790698,0.588235,-0.093023,0.964706,0.55814,0.858824,0.697674,0.623529,0.651163,0.505882,-0.418605,0.858824,0.302326,0.729412,0.465116,0.505882,0.44186,0.388235,-0.697674,0.694118,-0.023256,0.611765,0.232558,0.447059,0.348837,0.341176,0,0.0,0.0,0.0,0.0,0.0,0.0,0.0,0.0,0.0,0.0,0.0,0.0,0.0,0.0,0.0,0.0,0.0,0.0,0.0,0.0,0.0,0.0,0.0,0.0,0.0,0.0,0.0,0.0,0.0,0.0,0.0,0.0,0.0,0.0,0.0,0.0,0.0,0.0,0.0,0.0,0.0,0.0,0.0,J,3.0
0.0,0.0,0.72093,0.2125,1.209302,0.5375,1.465116,0.8125,1.465116,1.075,0.674419,1.0,1.255814,1.05,1.348837,0.8,1.302326,0.625,0.302326,1.0,0.976744,0.9875,1.046512,0.6875,1.0,0.475,-0.046512,0.9,0.627907,0.9,0.744186,0.5875,0.767442,0.3875,-0.325581,0.75,0.0,0.8875,0.255814,0.975,0.534884,1.075,0,0.0,0.0,0.0,0.0,0.0,0.0,0.0,0.0,0.0,0.0,0.0,0.0,0.0,0.0,0.0,0.0,0.0,0.0,0.0,0.0,0.0,0.0,0.0,0.0,0.0,0.0,0.0,0.0,0.0,0.0,0.0,0.0,0.0,0.0,0.0,0.0,0.0,0.0,0.0,0.0,0.0,0.0,0.0,J,3.0
0.0,0.0,0.613636,0.175,1.045455,0.5625,1.25,0.8875,1.204545,1.1375,0.568182,1.0,1.136364,1.0375,1.159091,0.75,1.045455,0.5625,0.181818,0.9875,0.840909,0.9625,0.863636,0.6375,0.772727,0.4375,-0.159091,0.8875,0.5,0.85,0.568182,0.5375,0.545455,0.325,-0.431818,0.725,-0.068182,0.8875,0.227273,1.0,0.522727,1.1,0,0.0,0.0,0.0,0.0,0.0,0.0,0.0,0.0,0.0,0.0,0.0,0.0,0.0,0.0,0.0,0.0,0.0,0.0,0.0,0.0,0.0,0.0,0.0,0.0,0.0,0.0,0.0,0.0,0.0,0.0,0.0,0.0,0.0,0.0,0.0,0.0,0.0,0.0,0.0,0.0,0.0,0.0,0.0,J,3.0
0.0,0.0,0.565217,0.189873,0.978261,0.594937,1.130435,0.911392,1.130435,1.189873,0.652174,1.0,1.130435,1.101266,1.130435,0.810127,1.043478,0.594937,0.26087,1.0,0.826087,1.037975,0.826087,0.696203,0.76087,0.468354,-0.065217,0.911392,0.478261,0.924051,0.543478,0.56962,0.521739,0.341772,-0.347826,0.759494,-0.043478,0.949367,0.217391,1.063291,0.5,1.189873,0,0.0,0.0,0.0,0.0,0.0,0.0,0.0,0.0,0.0,0.0,0.0,0.0,0.0,0.0,0.0,0.0,0.0,0.0,0.0,0.0,0.0,0.0,0.0,0.0,0.0,0.0,0.0,0.0,0.0,0.0,0.0,0.0,0.0,0.0,0.0,0.0,0.0,0.0,0.0,0.0,0.0,0.0,0.0,J,3.0
0.0,0.0,0.613636,0.202532,1.022727,0.594937,1.204545,0.898734,1.181818,1.177215,0.659091,1.0,1.181818,1.113924,1.204545,0.822785,1.136364,0.607595,0.272727,0.987342,0.909091,1.037975,0.886364,0.683544,0.795455,0.468354,-0.068182,0.898734,0.545455,0.924051,0.568182,0.56962,0.522727,0.35443,-0.340909,0.759494,0.0,0.962025,0.272727,1.075949,0.545455,1.202532,0,0.0,0.0,0.0,0.0,0.0,0.0,0.0,0.0,0.0,0.0,0.0,0.0,0.0,0.0,0.0,0.0,0.0,0.0,0.0,0.0,0.0,0.0,0.0,0.0,0.0,0.0,0.0,0.0,0.0,0.0,0.0,0.0,0.0,0.0,0.0,0.0,0.0,0.0,0.0,0.0,0.0,0.0,0.0,J,3.0
0.0,0.0,0.565217,0.21519,0.978261,0.607595,1.152174,0.911392,1.152174,1.177215,0.695652,1.0,1.086957,1.088608,1.065217,0.810127,0.978261,0.594937,0.326087,0.974684,0.804348,1.050633,0.782609,0.721519,0.695652,0.481013,0.0,0.898734,0.456522,0.936709,0.5,0.594937,0.478261,0.379747,-0.304348,0.772152,-0.043478,0.974684,0.195652,1.101266,0.434783,1.21519,0,0.0,0.0,0.0,0.0,0.0,0.0,0.0,0.0,0.0,0.0,0.0,0.0,0.0,0.0,0.0,0.0,0.0,0.0,0.0,0.0,0.0,0.0,0.0,0.0,0.0,0.0,0.0,0.0,0.0,0.0,0.0,0.0,0.0,0.0,0.0,0.0,0.0,0.0,0.0,0.0,0.0,0.0,0.0,J,3.0
0.0,0.0,0.627907,0.2,1.023256,0.5875,1.209302,0.8875,1.162791,1.15,0.651163,1.0,1.162791,1.0625,1.139535,0.7875,1.046512,0.5875,0.27907,0.9875,0.860465,1.0125,0.837209,0.7,0.767442,0.5,-0.069767,0.9,0.511628,0.8875,0.55814,0.575,0.534884,0.3625,-0.348837,0.75,-0.023256,0.9375,0.232558,1.05,0.488372,1.1625,0,0.0,0.0,0.0,0.0,0.0,0.0,0.0,0.0,0.0,0.0,0.0,0.0,0.0,0.0,0.0,0.0,0.0,0.0,0.0,0.0,0.0,0.0,0.0,0.0,0.0,0.0,0.0,0.0,0.0,0.0,0.0,0.0,0.0,0.0,0.0,0.0,0.0,0.0,0.0,0.0,0.0,0.0,0.0,J,3.0
0.0,0.0,0.613636,0.195122,0.977273,0.609756,1.136364,0.914634,1.181818,1.170732,0.636364,1.0,1.113636,1.060976,1.113636,0.780488,1.022727,0.585366,0.25,0.97561,0.818182,0.987805,0.818182,0.670732,0.727273,0.47561,-0.090909,0.878049,0.454545,0.890244,0.522727,0.560976,0.5,0.353659,-0.363636,0.731707,-0.068182,0.914634,0.181818,1.012195,0.477273,1.121951,0,0.0,0.0,0.0,0.0,0.0,0.0,0.0,0.0,0.0,0.0,0.0,0.0,0.0,0.0,0.0,0.0,0.0,0.0,0.0,0.0,0.0,0.0,0.0,0.0,0.0,0.0,0.0,0.0,0.0,0.0,0.0,0.0,0.0,0.0,0.0,0.0,0.0,0.0,0.0,0.0,0.0,0.0,0.0,J,3.0
0.0,0.0,0.627907,0.189873,1.023256,0.607595,1.162791,0.924051,1.209302,1.189873,0.651163,1.0,1.139535,1.075949,1.139535,0.797468,1.046512,0.594937,0.27907,0.987342,0.837209,1.0,0.837209,0.683544,0.767442,0.481013,-0.069767,0.886076,0.488372,0.898734,0.55814,0.556962,0.534884,0.35443,-0.348837,0.746835,-0.046512,0.936709,0.232558,1.037975,0.488372,1.151899,0,0.0,0.0,0.0,0.0,0.0,0.0,0.0,0.0,0.0,0.0,0.0,0.0,0.0,0.0,0.0,0.0,0.0,0.0,0.0,0.0,0.0,0.0,0.0,0.0,0.0,0.0,0.0,0.0,0.0,0.0,0.0,0.0,0.0,0.0,0.0,0.0,0.0,0.0,0.0,0.0,0.0,0.0,0.0,J,3.0
0.0,0.0,0.604651,0.1875,1.0,0.6,1.162791,0.9,1.139535,1.175,0.651163,1.0,1.116279,1.0625,1.116279,0.7875,1.023256,0.6,0.27907,0.9875,0.813953,0.975,0.790698,0.6625,0.697674,0.475,-0.069767,0.9,0.465116,0.875,0.511628,0.55,0.511628,0.3625,-0.348837,0.7625,-0.023256,0.9125,0.209302,1.0125,0.488372,1.1125,0,0.0,0.0,0.0,0.0,0.0,0.0,0.0,0.0,0.0,0.0,0.0,0.0,0.0,0.0,0.0,0.0,0.0,0.0,0.0,0.0,0.0,0.0,0.0,0.0,0.0,0.0,0.0,0.0,0.0,0.0,0.0,0.0,0.0,0.0,0.0,0.0,0.0,0.0,0.0,0.0,0.0,0.0,0.0,J,3.0
0.0,0.0,0.595238,0.191781,0.97619,0.616438,1.142857,0.958904,1.142857,1.246575,0.714286,1.0,1.119048,1.178082,1.119048,0.876712,1.02381,0.657534,0.357143,0.986301,0.833333,1.068493,0.833333,0.726027,0.738095,0.534247,0.02381,0.90411,0.5,0.945205,0.52381,0.589041,0.5,0.383562,-0.285714,0.780822,-0.02381,1.013699,0.261905,1.123288,0.52381,1.246575,0,0.0,0.0,0.0,0.0,0.0,0.0,0.0,0.0,0.0,0.0,0.0,0.0,0.0,0.0,0.0,0.0,0.0,0.0,0.0,0.0,0.0,0.0,0.0,0.0,0.0,0.0,0.0,0.0,0.0,0.0,0.0,0.0,0.0,0.0,0.0,0.0,0.0,0.0,0.0,0.0,0.0,0.0,0.0,J,3.0
0.0,0.0,0.651163,0.2,1.023256,0.626667,1.162791,0.96,1.186047,1.226667,0.744186,1.0,1.162791,1.12,1.162791,0.853333,1.069767,0.653333,0.372093,0.986667,0.860465,1.026667,0.860465,0.706667,0.790698,0.506667,0.046512,0.906667,0.534884,0.92,0.627907,0.586667,0.651163,0.386667,-0.255814,0.773333,0.023256,0.986667,0.255814,1.106667,0.511628,1.24,0,0.0,0.0,0.0,0.0,0.0,0.0,0.0,0.0,0.0,0.0,0.0,0.0,0.0,0.0,0.0,0.0,0.0,0.0,0.0,0.0,0.0,0.0,0.0,0.0,0.0,0.0,0.0,0.0,0.0,0.0,0.0,0.0,0.0,0.0,0.0,0.0,0.0,0.0,0.0,0.0,0.0,0.0,0.0,J,3.0
0.0,0.0,0.613636,0.191781,0.977273,0.616438,1.136364,0.945205,1.136364,1.232877,0.75,1.0,1.090909,1.150685,1.113636,0.863014,1.045455,0.643836,0.409091,0.986301,0.818182,1.054795,0.840909,0.726027,0.772727,0.534247,0.068182,0.90411,0.5,0.931507,0.568182,0.589041,0.590909,0.383562,-0.25,0.780822,0.0,1.013699,0.227273,1.136986,0.477273,1.260274,0,0.0,0.0,0.0,0.0,0.0,0.0,0.0,0.0,0.0,0.0,0.0,0.0,0.0,0.0,0.0,0.0,0.0,0.0,0.0,0.0,0.0,0.0,0.0,0.0,0.0,0.0,0.0,0.0,0.0,0.0,0.0,0.0,0.0,0.0,0.0,0.0,0.0,0.0,0.0,0.0,0.0,0.0,0.0,J,3.0
0.0,0.0,0.609756,0.219178,0.97561,0.630137,1.146341,0.945205,1.121951,1.232877,0.658537,1.0,1.04878,1.109589,1.04878,0.821918,1.0,0.643836,0.317073,0.958904,0.756098,1.027397,0.780488,0.726027,0.756098,0.534247,-0.02439,0.876712,0.414634,0.90411,0.560976,0.60274,0.634146,0.39726,-0.341463,0.753425,-0.121951,1.0,0.097561,1.136986,0.317073,1.273973,0,0.0,0.0,0.0,0.0,0.0,0.0,0.0,0.0,0.0,0.0,0.0,0.0,0.0,0.0,0.0,0.0,0.0,0.0,0.0,0.0,0.0,0.0,0.0,0.0,0.0,0.0,0.0,0.0,0.0,0.0,0.0,0.0,0.0,0.0,0.0,0.0,0.0,0.0,0.0,0.0,0.0,0.0,0.0,J,3.0
0.0,0.0,0.692308,0.197368,1.128205,0.631579,1.25641,0.947368,1.179487,1.210526,0.641026,1.0,1.179487,1.052632,1.153846,0.763158,1.051282,0.605263,0.25641,0.947368,0.846154,0.960526,0.871795,0.644737,0.846154,0.486842,-0.076923,0.842105,0.487179,0.842105,0.74359,0.565789,0.871795,0.407895,-0.358974,0.684211,-0.102564,0.934211,0.102564,1.078947,0.282051,1.223684,0,0.0,0.0,0.0,0.0,0.0,0.0,0.0,0.0,0.0,0.0,0.0,0.0,0.0,0.0,0.0,0.0,0.0,0.0,0.0,0.0,0.0,0.0,0.0,0.0,0.0,0.0,0.0,0.0,0.0,0.0,0.0,0.0,0.0,0.0,0.0,0.0,0.0,0.0,0.0,0.0,0.0,0.0,0.0,J,3.0
0.0,0.0,0.710526,0.205479,1.131579,0.630137,1.263158,0.945205,1.210526,1.219178,0.657895,1.0,1.210526,1.082192,1.184211,0.780822,1.078947,0.630137,0.263158,0.972603,0.894737,0.986301,0.921053,0.671233,0.868421,0.520548,-0.078947,0.863014,0.526316,0.876712,0.789474,0.575342,0.894737,0.424658,-0.342105,0.712329,-0.078947,0.945205,0.131579,1.082192,0.315789,1.232877,0,0.0,0.0,0.0,0.0,0.0,0.0,0.0,0.0,0.0,0.0,0.0,0.0,0.0,0.0,0.0,0.0,0.0,0.0,0.0,0.0,0.0,0.0,0.0,0.0,0.0,0.0,0.0,0.0,0.0,0.0,0.0,0.0,0.0,0.0,0.0,0.0,0.0,0.0,0.0,0.0,0.0,0.0,0.0,J,3.0
0.0,0.0,0.92,0.268293,1.32,0.621951,1.48,0.890244,1.52,1.134146,0.16,1.0,1.52,0.939024,1.56,0.695122,1.36,0.573171,-0.4,0.926829,1.24,0.792683,1.4,0.536585,1.36,0.402439,-0.72,0.780488,0.88,0.658537,1.2,0.426829,1.2,0.304878,-0.84,0.560976,0.08,0.646341,0.6,0.719512,1.08,0.817073,0,0.0,0.0,0.0,0.0,0.0,0.0,0.0,0.0,0.0,0.0,0.0,0.0,0.0,0.0,0.0,0.0,0.0,0.0,0.0,0.0,0.0,0.0,0.0,0.0,0.0,0.0,0.0,0.0,0.0,0.0,0.0,0.0,0.0,0.0,0.0,0.0,0.0,0.0,0.0,0.0,0.0,0.0,0.0,J,3.0
0.0,0.0,0.688889,0.0,1.4,0.348485,1.644444,0.757576,1.466667,1.075758,0.977778,1.0,1.444444,1.212121,1.355556,0.893939,1.2,0.69697,0.644444,1.075758,1.2,1.318182,1.088889,0.893939,0.888889,0.651515,0.311111,1.090909,0.888889,1.227273,0.844444,0.787879,0.666667,0.530303,-0.022222,1.060606,0.555556,1.393939,0.933333,1.575758,1.222222,1.727273,0,0.0,0.0,0.0,0.0,0.0,0.0,0.0,0.0,0.0,0.0,0.0,0.0,0.0,0.0,0.0,0.0,0.0,0.0,0.0,0.0,0.0,0.0,0.0,0.0,0.0,0.0,0.0,0.0,0.0,0.0,0.0,0.0,0.0,0.0,0.0,0.0,0.0,0.0,0.0,0.0,0.0,0.0,0.0,J,4.0
0.0,0.0,1.310345,0.081395,2.413793,0.383721,2.965517,0.697674,2.62069,0.953488,1.482759,1.0,2.517241,1.139535,2.37931,0.813953,2.0,0.639535,1.034483,1.046512,2.172414,1.116279,2.034483,0.767442,1.689655,0.616279,0.724138,1.023256,1.931034,1.069767,1.724138,0.732558,1.275862,0.55814,0.482759,0.965116,1.586207,1.267442,2.172414,1.465116,2.551724,1.627907,0,0.0,0.0,0.0,0.0,0.0,0.0,0.0,0.0,0.0,0.0,0.0,0.0,0.0,0.0,0.0,0.0,0.0,0.0,0.0,0.0,0.0,0.0,0.0,0.0,0.0,0.0,0.0,0.0,0.0,0.0,0.0,0.0,0.0,0.0,0.0,0.0,0.0,0.0,0.0,0.0,0.0,0.0,0.0,J,4.0
0.0,0.0,1.517241,0.12987,2.758621,0.428571,3.344828,0.818182,3.172414,1.142857,2.0,1.0,3.103448,1.168831,2.862069,0.857143,2.413793,0.727273,1.586207,1.090909,2.724138,1.155844,2.275862,0.805195,1.793103,0.714286,1.275862,1.12987,2.413793,1.168831,1.965517,0.844156,1.37931,0.714286,1.0,1.155844,2.172414,1.454545,2.793103,1.636364,3.241379,1.844156,0,0.0,0.0,0.0,0.0,0.0,0.0,0.0,0.0,0.0,0.0,0.0,0.0,0.0,0.0,0.0,0.0,0.0,0.0,0.0,0.0,0.0,0.0,0.0,0.0,0.0,0.0,0.0,0.0,0.0,0.0,0.0,0.0,0.0,0.0,0.0,0.0,0.0,0.0,0.0,0.0,0.0,0.0,0.0,J,4.0
0.0,0.0,1.354839,0.061538,2.516129,0.384615,3.064516,0.830769,2.83871,1.184615,2.064516,1.0,2.903226,1.184615,2.548387,0.861538,2.096774,0.738462,1.741935,1.123077,2.548387,1.246154,2.032258,0.861538,1.580645,0.738462,1.419355,1.215385,2.322581,1.323077,1.83871,0.938462,1.290323,0.769231,1.064516,1.292308,2.0,1.630769,2.548387,1.830769,2.967742,2.046154,0,0.0,0.0,0.0,0.0,0.0,0.0,0.0,0.0,0.0,0.0,0.0,0.0,0.0,0.0,0.0,0.0,0.0,0.0,0.0,0.0,0.0,0.0,0.0,0.0,0.0,0.0,0.0,0.0,0.0,0.0,0.0,0.0,0.0,0.0,0.0,0.0,0.0,0.0,0.0,0.0,0.0,0.0,0.0,J,4.0
0.0,0.0,1.147059,-0.022222,2.176471,0.377778,2.647059,1.0,2.441176,1.555556,2.088235,1.0,2.705882,1.244444,2.352941,0.911111,2.0,0.755556,1.794118,1.266667,2.323529,1.466667,1.823529,1.022222,1.411765,0.844444,1.470588,1.511111,2.029412,1.666667,1.5,1.2,1.0,0.977778,1.088235,1.777778,1.823529,2.2,2.294118,2.444444,2.676471,2.711111,0,0.0,0.0,0.0,0.0,0.0,0.0,0.0,0.0,0.0,0.0,0.0,0.0,0.0,0.0,0.0,0.0,0.0,0.0,0.0,0.0,0.0,0.0,0.0,0.0,0.0,0.0,0.0,0.0,0.0,0.0,0.0,0.0,0.0,0.0,0.0,0.0,0.0,0.0,0.0,0.0,0.0,0.0,0.0,J,4.0
0.0,0.0,1.151515,-0.073171,2.242424,0.317073,2.727273,1.02439,2.454545,1.609756,2.090909,1.0,2.727273,1.268293,2.363636,0.926829,1.969697,0.756098,1.818182,1.292683,2.393939,1.560976,1.878788,1.073171,1.424242,0.829268,1.515152,1.585366,2.090909,1.780488,1.545455,1.268293,1.0,0.97561,1.090909,1.878049,1.848485,2.365854,2.333333,2.634146,2.727273,2.902439,0,0.0,0.0,0.0,0.0,0.0,0.0,0.0,0.0,0.0,0.0,0.0,0.0,0.0,0.0,0.0,0.0,0.0,0.0,0.0,0.0,0.0,0.0,0.0,0.0,0.0,0.0,0.0,0.0,0.0,0.0,0.0,0.0,0.0,0.0,0.0,0.0,0.0,0.0,0.0,0.0,0.0,0.0,0.0,J,4.0
0.0,0.0,1.1875,-0.116279,2.3125,0.255814,2.875,0.906977,2.625,1.511628,2.1875,1.0,2.875,1.186047,2.46875,0.813953,2.0625,0.651163,1.90625,1.255814,2.53125,1.465116,2.0,1.0,1.53125,0.767442,1.59375,1.511628,2.1875,1.651163,1.625,1.139535,1.03125,0.860465,1.1875,1.790698,2.03125,2.255814,2.5625,2.511628,3.0,2.767442,0,0.0,0.0,0.0,0.0,0.0,0.0,0.0,0.0,0.0,0.0,0.0,0.0,0.0,0.0,0.0,0.0,0.0,0.0,0.0,0.0,0.0,0.0,0.0,0.0,0.0,0.0,0.0,0.0,0.0,0.0,0.0,0.0,0.0,0.0,0.0,0.0,0.0,0.0,0.0,0.0,0.0,0.0,0.0,J,4.0
0.0,0.0,2.047619,0.014286,3.714286,0.328571,4.571429,0.728571,4.285714,1.071429,2.761905,1.0,4.142857,1.071429,3.714286,0.785714,3.095238,0.671429,2.285714,1.114286,3.809524,1.085714,3.142857,0.757143,2.47619,0.642857,2.0,1.171429,3.571429,1.128571,2.857143,0.785714,2.047619,0.657143,1.761905,1.2,3.52381,1.428571,4.380952,1.585714,4.857143,1.742857,0,0.0,0.0,0.0,0.0,0.0,0.0,0.0,0.0,0.0,0.0,0.0,0.0,0.0,0.0,0.0,0.0,0.0,0.0,0.0,0.0,0.0,0.0,0.0,0.0,0.0,0.0,0.0,0.0,0.0,0.0,0.0,0.0,0.0,0.0,0.0,0.0,0.0,0.0,0.0,0.0,0.0,0.0,0.0,J,4.0
0.0,0.0,1.727273,0.068182,3.318182,0.340909,4.181818,0.602273,4.227273,0.829545,2.227273,1.0,3.454545,1.159091,4.227273,1.318182,4.727273,1.465909,1.681818,1.102273,3.681818,1.045455,3.5,0.704545,2.863636,0.613636,1.409091,1.090909,3.454545,1.0,3.090909,0.681818,2.409091,0.613636,1.227273,1.011364,3.136364,0.909091,2.954545,0.681818,2.363636,0.613636,0,0.0,0.0,0.0,0.0,0.0,0.0,0.0,0.0,0.0,0.0,0.0,0.0,0.0,0.0,0.0,0.0,0.0,0.0,0.0,0.0,0.0,0.0,0.0,0.0,0.0,0.0,0.0,0.0,0.0,0.0,0.0,0.0,0.0,0.0,0.0,0.0,0.0,0.0,0.0,0.0,0.0,0.0,0.0,J,4.0
0.0,0.0,3.75,0.085106,6.5,0.351064,8.083333,0.56383,8.166667,0.734043,3.583333,1.0,6.916667,1.06383,8.5,1.170213,9.5,1.308511,2.75,1.06383,7.083333,0.957447,6.583333,0.638298,5.5,0.542553,2.583333,1.010638,6.833333,0.904255,6.166667,0.606383,5.0,0.542553,2.583333,0.882979,6.333333,0.829787,6.0,0.617021,5.083333,0.531915,0,0.0,0.0,0.0,0.0,0.0,0.0,0.0,0.0,0.0,0.0,0.0,0.0,0.0,0.0,0.0,0.0,0.0,0.0,0.0,0.0,0.0,0.0,0.0,0.0,0.0,0.0,0.0,0.0,0.0,0.0,0.0,0.0,0.0,0.0,0.0,0.0,0.0,0.0,0.0,0.0,0.0,0.0,0.0,J,4.0
0.0,0.0,55.0,0.13,85.0,0.35,108.0,0.51,115.0,0.65,41.0,1.0,97.0,0.96,103.0,0.76,96.0,0.71,36.0,1.0,101.0,0.85,93.0,0.55,75.0,0.46,37.0,0.92,97.0,0.76,85.0,0.48,67.0,0.4,42.0,0.77,88.0,0.67,81.0,0.48,69.0,0.43,0,0.0,0.0,0.0,0.0,0.0,0.0,0.0,0.0,0.0,0.0,0.0,0.0,0.0,0.0,0.0,0.0,0.0,0.0,0.0,0.0,0.0,0.0,0.0,0.0,0.0,0.0,0.0,0.0,0.0,0.0,0.0,0.0,0.0,0.0,0.0,0.0,0.0,0.0,0.0,0.0,0.0,0.0,0.0,J,4.0
0.0,0.0,6.5,0.189474,12.5,0.410526,18.333333,0.494737,21.333333,0.484211,7.0,1.0,16.333333,0.873684,15.5,0.621053,13.333333,0.547368,6.5,0.852632,16.5,0.663158,14.833333,0.442105,12.333333,0.389474,6.833333,0.621053,16.333333,0.505263,14.833333,0.336842,12.0,0.294737,8.0,0.357895,15.5,0.389474,19.666667,0.452632,23.0,0.547368,0,0.0,0.0,0.0,0.0,0.0,0.0,0.0,0.0,0.0,0.0,0.0,0.0,0.0,0.0,0.0,0.0,0.0,0.0,0.0,0.0,0.0,0.0,0.0,0.0,0.0,0.0,0.0,0.0,0.0,0.0,0.0,0.0,0.0,0.0,0.0,0.0,0.0,0.0,0.0,0.0,0.0,0.0,0.0,J,4.0
0.0,0.0,1.846154,0.354839,4.769231,0.623656,8.0,0.709677,9.0,0.612903,3.230769,1.0,7.692308,0.870968,7.307692,0.655914,6.307692,0.612903,3.230769,0.795699,7.769231,0.634409,7.307692,0.44086,6.384615,0.419355,3.615385,0.537634,7.923077,0.451613,7.769231,0.301075,7.076923,0.258065,4.230769,0.258065,7.769231,0.27957,9.769231,0.290323,11.461538,0.322581,0,0.0,0.0,0.0,0.0,0.0,0.0,0.0,0.0,0.0,0.0,0.0,0.0,0.0,0.0,0.0,0.0,0.0,0.0,0.0,0.0,0.0,0.0,0.0,0.0,0.0,0.0,0.0,0.0,0.0,0.0,0.0,0.0,0.0,0.0,0.0,0.0,0.0,0.0,0.0,0.0,0.0,0.0,0.0,J,4.0
0.0,0.0,1.571429,0.404494,4.285714,0.696629,7.285714,0.752809,8.642857,0.595506,3.357143,1.0,7.5,0.910112,7.214286,0.674157,6.214286,0.629213,3.428571,0.775281,7.714286,0.640449,7.214286,0.426966,6.142857,0.404494,3.857143,0.483146,7.785714,0.404494,7.214286,0.258427,6.071429,0.235955,4.357143,0.179775,7.714286,0.168539,9.714286,0.134831,11.285714,0.134831,0,0.0,0.0,0.0,0.0,0.0,0.0,0.0,0.0,0.0,0.0,0.0,0.0,0.0,0.0,0.0,0.0,0.0,0.0,0.0,0.0,0.0,0.0,0.0,0.0,0.0,0.0,0.0,0.0,0.0,0.0,0.0,0.0,0.0,0.0,0.0,0.0,0.0,0.0,0.0,0.0,0.0,0.0,0.0,J,4.0
0.0,0.0,2.090909,0.418605,5.545455,0.72093,9.272727,0.825581,11.454545,0.790698,4.909091,1.0,10.272727,0.906977,9.909091,0.674419,8.636364,0.604651,5.0,0.755814,10.545455,0.616279,9.909091,0.418605,8.636364,0.383721,5.454545,0.44186,10.818182,0.348837,10.0,0.209302,8.545455,0.197674,5.909091,0.127907,10.454545,0.081395,13.0,0.0,15.0,-0.034884,0,0.0,0.0,0.0,0.0,0.0,0.0,0.0,0.0,0.0,0.0,0.0,0.0,0.0,0.0,0.0,0.0,0.0,0.0,0.0,0.0,0.0,0.0,0.0,0.0,0.0,0.0,0.0,0.0,0.0,0.0,0.0,0.0,0.0,0.0,0.0,0.0,0.0,0.0,0.0,0.0,0.0,0.0,0.0,J,4.0
0.0,0.0,2.0,0.45122,5.363636,0.731707,8.909091,0.768293,10.909091,0.646341,4.909091,1.0,10.090909,0.926829,9.545455,0.707317,8.181818,0.658537,5.0,0.719512,10.363636,0.609756,9.727273,0.414634,8.545455,0.378049,5.454545,0.390244,10.727273,0.304878,10.0,0.182927,8.545455,0.170732,5.909091,0.060976,10.454545,-0.02439,13.0,-0.109756,15.0,-0.146341,0,0.0,0.0,0.0,0.0,0.0,0.0,0.0,0.0,0.0,0.0,0.0,0.0,0.0,0.0,0.0,0.0,0.0,0.0,0.0,0.0,0.0,0.0,0.0,0.0,0.0,0.0,0.0,0.0,0.0,0.0,0.0,0.0,0.0,0.0,0.0,0.0,0.0,0.0,0.0,0.0,0.0,0.0,0.0,J,4.0
0.0,0.0,2.2,0.469697,6.0,0.848485,9.8,0.984848,11.8,1.0,6.1,1.0,11.7,0.893939,10.8,0.69697,9.2,0.69697,6.3,0.621212,11.7,0.545455,10.7,0.363636,9.5,0.363636,6.6,0.212121,11.9,0.181818,11.0,0.060606,9.5,0.060606,7.1,-0.166667,11.8,-0.242424,14.5,-0.363636,16.7,-0.424242,0,0.0,0.0,0.0,0.0,0.0,0.0,0.0,0.0,0.0,0.0,0.0,0.0,0.0,0.0,0.0,0.0,0.0,0.0,0.0,0.0,0.0,0.0,0.0,0.0,0.0,0.0,0.0,0.0,0.0,0.0,0.0,0.0,0.0,0.0,0.0,0.0,0.0,0.0,0.0,0.0,0.0,0.0,0.0,J,4.0
0.0,0.0,1.538462,0.522388,4.307692,0.835821,7.153846,0.835821,8.769231,0.626866,4.769231,1.0,9.076923,0.955224,8.384615,0.761194,7.153846,0.731343,5.076923,0.61194,9.153846,0.597015,8.384615,0.432836,7.230769,0.41791,5.384615,0.223881,9.230769,0.253731,8.538462,0.164179,7.307692,0.149254,5.769231,-0.104478,9.307692,-0.164179,11.384615,-0.253731,13.076923,-0.283582,0,0.0,0.0,0.0,0.0,0.0,0.0,0.0,0.0,0.0,0.0,0.0,0.0,0.0,0.0,0.0,0.0,0.0,0.0,0.0,0.0,0.0,0.0,0.0,0.0,0.0,0.0,0.0,0.0,0.0,0.0,0.0,0.0,0.0,0.0,0.0,0.0,0.0,0.0,0.0,0.0,0.0,0.0,0.0,J,4.0
0.0,0.0,0.882353,0.645161,2.882353,1.0,4.882353,0.967742,6.058824,0.741935,3.529412,1.0,6.647059,1.048387,6.058824,0.935484,5.235294,0.870968,3.941176,0.548387,6.882353,0.66129,6.235294,0.596774,5.411765,0.548387,4.235294,0.16129,6.882353,0.306452,6.352941,0.306452,5.470588,0.290323,4.529412,-0.145161,7.117647,-0.112903,8.647059,-0.129032,9.882353,-0.16129,0,0.0,0.0,0.0,0.0,0.0,0.0,0.0,0.0,0.0,0.0,0.0,0.0,0.0,0.0,0.0,0.0,0.0,0.0,0.0,0.0,0.0,0.0,0.0,0.0,0.0,0.0,0.0,0.0,0.0,0.0,0.0,0.0,0.0,0.0,0.0,0.0,0.0,0.0,0.0,0.0,0.0,0.0,0.0,J,4.0
0.0,0.0,0.823529,0.666667,2.764706,1.033333,4.705882,1.033333,5.882353,0.833333,3.411765,1.0,6.470588,1.083333,5.823529,0.966667,4.941176,0.9,3.764706,0.55,6.647059,0.683333,5.941176,0.616667,5.176471,0.55,4.117647,0.15,6.705882,0.316667,6.117647,0.316667,5.294118,0.3,4.411765,-0.15,7.0,-0.05,8.470588,-0.05,9.588235,-0.066667,0,0.0,0.0,0.0,0.0,0.0,0.0,0.0,0.0,0.0,0.0,0.0,0.0,0.0,0.0,0.0,0.0,0.0,0.0,0.0,0.0,0.0,0.0,0.0,0.0,0.0,0.0,0.0,0.0,0.0,0.0,0.0,0.0,0.0,0.0,0.0,0.0,0.0,0.0,0.0,0.0,0.0,0.0,0.0,J,4.0
0.0,0.0,1.0,0.736842,3.428571,1.087719,5.785714,1.017544,7.071429,0.736842,4.214286,1.0,7.714286,1.122807,6.714286,1.035088,5.642857,0.947368,4.642857,0.526316,7.928571,0.684211,7.0,0.666667,6.071429,0.596491,4.928571,0.105263,7.928571,0.315789,7.285714,0.368421,6.285714,0.350877,5.214286,-0.192982,8.285714,-0.070175,10.0,-0.035088,11.357143,-0.035088,0,0.0,0.0,0.0,0.0,0.0,0.0,0.0,0.0,0.0,0.0,0.0,0.0,0.0,0.0,0.0,0.0,0.0,0.0,0.0,0.0,0.0,0.0,0.0,0.0,0.0,0.0,0.0,0.0,0.0,0.0,0.0,0.0,0.0,0.0,0.0,0.0,0.0,0.0,0.0,0.0,0.0,0.0,0.0,J,4.0
0.0,0.0,0.764706,0.767857,2.823529,1.142857,4.882353,1.142857,6.058824,0.910714,3.411765,1.0,6.352941,1.196429,5.588235,1.107143,4.705882,1.0,3.823529,0.517857,6.647059,0.75,5.823529,0.732143,4.941176,0.660714,4.176471,0.107143,6.705882,0.392857,6.058824,0.428571,5.235294,0.410714,4.411765,-0.160714,6.941176,-0.017857,8.411765,0.035714,9.588235,0.035714,0,0.0,0.0,0.0,0.0,0.0,0.0,0.0,0.0,0.0,0.0,0.0,0.0,0.0,0.0,0.0,0.0,0.0,0.0,0.0,0.0,0.0,0.0,0.0,0.0,0.0,0.0,0.0,0.0,0.0,0.0,0.0,0.0,0.0,0.0,0.0,0.0,0.0,0.0,0.0,0.0,0.0,0.0,0.0,J,4.0
0.0,0.0,0.684211,0.759259,2.526316,1.166667,4.473684,1.185185,5.631579,0.944444,2.947368,1.0,5.684211,1.222222,4.894737,1.12963,4.105263,1.037037,3.368421,0.481481,5.947368,0.759259,5.157895,0.740741,4.368421,0.666667,3.684211,0.074074,6.052632,0.407407,5.473684,0.444444,4.684211,0.407407,3.947368,-0.185185,6.210526,-0.037037,7.526316,0.018519,8.578947,0.037037,0,0.0,0.0,0.0,0.0,0.0,0.0,0.0,0.0,0.0,0.0,0.0,0.0,0.0,0.0,0.0,0.0,0.0,0.0,0.0,0.0,0.0,0.0,0.0,0.0,0.0,0.0,0.0,0.0,0.0,0.0,0.0,0.0,0.0,0.0,0.0,0.0,0.0,0.0,0.0,0.0,0.0,0.0,0.0,J,4.0
0.0,0.0,0.722222,0.781818,2.833333,1.145455,4.888889,1.072727,6.055556,0.8,3.222222,1.0,6.055556,1.218182,5.222222,1.127273,4.388889,1.036364,3.611111,0.509091,6.333333,0.763636,5.5,0.727273,4.666667,0.654545,3.944444,0.090909,6.444444,0.4,5.777778,0.418182,4.944444,0.381818,4.222222,-0.2,6.666667,-0.036364,8.055556,0.018182,9.222222,0.018182,0,0.0,0.0,0.0,0.0,0.0,0.0,0.0,0.0,0.0,0.0,0.0,0.0,0.0,0.0,0.0,0.0,0.0,0.0,0.0,0.0,0.0,0.0,0.0,0.0,0.0,0.0,0.0,0.0,0.0,0.0,0.0,0.0,0.0,0.0,0.0,0.0,0.0,0.0,0.0,0.0,0.0,0.0,0.0,J,4.0
0.0,0.0,0.47619,0.807692,2.095238,1.288462,3.714286,1.365385,4.761905,1.153846,2.619048,1.0,5.190476,1.365385,4.47619,1.288462,3.761905,1.153846,3.0,0.5,5.47619,0.884615,4.761905,0.865385,4.047619,0.75,3.333333,0.096154,5.571429,0.5,5.0,0.538462,4.238095,0.461538,3.619048,-0.173077,5.761905,0.019231,7.047619,0.096154,8.095238,0.096154,0,0.0,0.0,0.0,0.0,0.0,0.0,0.0,0.0,0.0,0.0,0.0,0.0,0.0,0.0,0.0,0.0,0.0,0.0,0.0,0.0,0.0,0.0,0.0,0.0,0.0,0.0,0.0,0.0,0.0,0.0,0.0,0.0,0.0,0.0,0.0,0.0,0.0,0.0,0.0,0.0,0.0,0.0,0.0,J,4.0
0.0,0.0,0.434783,0.84,1.869565,1.34,3.434783,1.46,4.391304,1.24,2.217391,1.0,4.608696,1.42,3.826087,1.38,3.173913,1.24,2.608696,0.48,4.956522,0.94,4.217391,0.96,3.565217,0.84,2.913043,0.08,5.043478,0.56,4.478261,0.64,3.782609,0.58,3.217391,-0.18,5.173913,0.02,6.347826,0.12,7.347826,0.14,0,0.0,0.0,0.0,0.0,0.0,0.0,0.0,0.0,0.0,0.0,0.0,0.0,0.0,0.0,0.0,0.0,0.0,0.0,0.0,0.0,0.0,0.0,0.0,0.0,0.0,0.0,0.0,0.0,0.0,0.0,0.0,0.0,0.0,0.0,0.0,0.0,0.0,0.0,0.0,0.0,0.0,0.0,0.0,J,4.0
0.0,0.0,0.458333,0.877551,2.125,1.346939,3.916667,1.367347,4.958333,1.081633,2.166667,1.0,4.375,1.408163,3.666667,1.387755,3.041667,1.22449,2.541667,0.44898,4.75,0.918367,4.0,0.918367,3.333333,0.816327,2.833333,0.020408,4.875,0.510204,4.291667,0.591837,3.625,0.55102,3.166667,-0.22449,4.958333,0.0,6.083333,0.122449,7.041667,0.163265,0,0.0,0.0,0.0,0.0,0.0,0.0,0.0,0.0,0.0,0.0,0.0,0.0,0.0,0.0,0.0,0.0,0.0,0.0,0.0,0.0,0.0,0.0,0.0,0.0,0.0,0.0,0.0,0.0,0.0,0.0,0.0,0.0,0.0,0.0,0.0,0.0,0.0,0.0,0.0,0.0,0.0,0.0,0.0,J,4.0
0.0,0.0,0.459016,-0.04,1.065574,0.2,1.344262,0.493333,1.278689,0.8,1.032787,1.0,1.327869,1.346667,1.229508,0.92,1.081967,0.653333,0.721311,1.04,1.016393,1.253333,0.901639,0.706667,0.770492,0.426667,0.377049,1.053333,0.672131,1.093333,0.540984,0.546667,0.377049,0.253333,0.032787,1.053333,0.278689,1.533333,0.491803,1.826667,0.672131,2.093333,0,0.0,0.0,0.0,0.0,0.0,0.0,0.0,0.0,0.0,0.0,0.0,0.0,0.0,0.0,0.0,0.0,0.0,0.0,0.0,0.0,0.0,0.0,0.0,0.0,0.0,0.0,0.0,0.0,0.0,0.0,0.0,0.0,0.0,0.0,0.0,0.0,0.0,0.0,0.0,0.0,0.0,0.0,0.0,J,5.0
0.0,0.0,0.807018,0.013333,1.684211,0.293333,2.105263,0.733333,1.894737,1.12,1.701754,1.0,2.122807,1.36,1.877193,0.986667,1.684211,0.733333,1.385965,1.12,1.77193,1.44,1.526316,0.96,1.333333,0.64,1.070175,1.213333,1.45614,1.386667,1.22807,0.893333,1.017544,0.56,0.701754,1.293333,1.140351,1.746667,1.438596,2.013333,1.719298,2.266667,0,0.0,0.0,0.0,0.0,0.0,0.0,0.0,0.0,0.0,0.0,0.0,0.0,0.0,0.0,0.0,0.0,0.0,0.0,0.0,0.0,0.0,0.0,0.0,0.0,0.0,0.0,0.0,0.0,0.0,0.0,0.0,0.0,0.0,0.0,0.0,0.0,0.0,0.0,0.0,0.0,0.0,0.0,0.0,J,5.0
0.0,0.0,0.796296,-0.030303,1.722222,0.287879,2.222222,0.80303,2.0,1.257576,1.814815,1.0,2.296296,1.348485,1.981481,0.969697,1.740741,0.712121,1.518519,1.181818,1.944444,1.5,1.62963,1.015152,1.388889,0.712121,1.185185,1.333333,1.611111,1.530303,1.333333,1.0,1.092593,0.651515,0.814815,1.454545,1.296296,1.924242,1.574074,2.227273,1.851852,2.5,0,0.0,0.0,0.0,0.0,0.0,0.0,0.0,0.0,0.0,0.0,0.0,0.0,0.0,0.0,0.0,0.0,0.0,0.0,0.0,0.0,0.0,0.0,0.0,0.0,0.0,0.0,0.0,0.0,0.0,0.0,0.0,0.0,0.0,0.0,0.0,0.0,0.0,0.0,0.0,0.0,0.0,0.0,0.0,J,5.0
0.0,0.0,0.816327,-0.127273,1.857143,0.2,2.408163,0.836364,2.163265,1.4,1.979592,1.0,2.489796,1.290909,2.102041,0.909091,1.77551,0.654545,1.673469,1.272727,2.142857,1.6,1.755102,1.090909,1.469388,0.745455,1.346939,1.490909,1.77551,1.745455,1.469388,1.127273,1.163265,0.709091,0.979592,1.690909,1.489796,2.181818,1.795918,2.509091,2.081633,2.836364,0,0.0,0.0,0.0,0.0,0.0,0.0,0.0,0.0,0.0,0.0,0.0,0.0,0.0,0.0,0.0,0.0,0.0,0.0,0.0,0.0,0.0,0.0,0.0,0.0,0.0,0.0,0.0,0.0,0.0,0.0,0.0,0.0,0.0,0.0,0.0,0.0,0.0,0.0,0.0,0.0,0.0,0.0,0.0,J,5.0
0.0,0.0,0.822222,-0.18,1.977778,0.16,2.555556,0.84,2.311111,1.46,2.066667,1.0,2.622222,1.32,2.222222,0.92,1.866667,0.64,1.777778,1.3,2.288889,1.66,1.822222,1.1,1.444444,0.72,1.444444,1.56,1.955556,1.84,1.577778,1.2,1.2,0.78,1.066667,1.8,1.644444,2.3,1.977778,2.64,2.311111,3.0,0,0.0,0.0,0.0,0.0,0.0,0.0,0.0,0.0,0.0,0.0,0.0,0.0,0.0,0.0,0.0,0.0,0.0,0.0,0.0,0.0,0.0,0.0,0.0,0.0,0.0,0.0,0.0,0.0,0.0,0.0,0.0,0.0,0.0,0.0,0.0,0.0,0.0,0.0,0.0,0.0,0.0,0.0,0.0,J,5.0
0.0,0.0,0.777778,-0.23913,1.933333,0.173913,2.511111,0.913043,2.266667,1.565217,2.088889,1.0,2.6,1.347826,2.222222,1.0,1.888889,0.695652,1.777778,1.347826,2.244444,1.76087,1.8,1.195652,1.422222,0.76087,1.444444,1.630435,1.888889,1.956522,1.511111,1.282609,1.155556,0.804348,1.088889,1.913043,1.622222,2.434783,1.933333,2.804348,2.266667,3.173913,0,0.0,0.0,0.0,0.0,0.0,0.0,0.0,0.0,0.0,0.0,0.0,0.0,0.0,0.0,0.0,0.0,0.0,0.0,0.0,0.0,0.0,0.0,0.0,0.0,0.0,0.0,0.0,0.0,0.0,0.0,0.0,0.0,0.0,0.0,0.0,0.0,0.0,0.0,0.0,0.0,0.0,0.0,0.0,J,5.0
0.0,0.0,0.782609,-0.204082,1.869565,0.183673,2.434783,0.877551,2.217391,1.469388,2.021739,1.0,2.5,1.326531,2.108696,0.979592,1.73913,0.693878,1.717391,1.326531,2.152174,1.673469,1.717391,1.122449,1.347826,0.714286,1.369565,1.571429,1.782609,1.836735,1.456522,1.204082,1.108696,0.734694,1.021739,1.816327,1.565217,2.346939,1.891304,2.693878,2.173913,3.061224,0,0.0,0.0,0.0,0.0,0.0,0.0,0.0,0.0,0.0,0.0,0.0,0.0,0.0,0.0,0.0,0.0,0.0,0.0,0.0,0.0,0.0,0.0,0.0,0.0,0.0,0.0,0.0,0.0,0.0,0.0,0.0,0.0,0.0,0.0,0.0,0.0,0.0,0.0,0.0,0.0,0.0,0.0,0.0,J,5.0
0.0,0.0,0.869565,-0.119403,1.913043,0.208955,2.5,0.671642,2.108696,1.029851,1.934783,1.0,2.456522,1.238806,2.065217,0.820896,1.73913,0.567164,1.608696,1.149254,2.130435,1.373134,1.73913,0.865672,1.413043,0.552239,1.26087,1.268657,1.76087,1.373134,1.478261,0.820896,1.152174,0.477612,0.934783,1.358209,1.456522,1.820896,1.73913,2.149254,2.0,2.447761,0,0.0,0.0,0.0,0.0,0.0,0.0,0.0,0.0,0.0,0.0,0.0,0.0,0.0,0.0,0.0,0.0,0.0,0.0,0.0,0.0,0.0,0.0,0.0,0.0,0.0,0.0,0.0,0.0,0.0,0.0,0.0,0.0,0.0,0.0,0.0,0.0,0.0,0.0,0.0,0.0,0.0,0.0,0.0,J,5.0
0.0,0.0,1.125,-0.021739,2.275,0.217391,2.975,0.51087,2.5,0.684783,1.975,1.0,2.775,1.0,2.425,0.630435,2.075,0.467391,1.55,1.065217,2.4,0.98913,2.05,0.543478,1.7,0.358696,1.225,1.076087,2.1,0.967391,1.875,0.554348,1.55,0.336957,0.975,1.032609,1.65,1.326087,2.0,1.554348,2.225,1.76087,0,0.0,0.0,0.0,0.0,0.0,0.0,0.0,0.0,0.0,0.0,0.0,0.0,0.0,0.0,0.0,0.0,0.0,0.0,0.0,0.0,0.0,0.0,0.0,0.0,0.0,0.0,0.0,0.0,0.0,0.0,0.0,0.0,0.0,0.0,0.0,0.0,0.0,0.0,0.0,0.0,0.0,0.0,0.0,J,5.0
0.0,0.0,1.116279,0.072072,1.953488,0.261261,2.511628,0.405405,2.44186,0.54955,1.372093,1.0,2.325581,0.882883,2.139535,0.603604,1.837209,0.477477,0.930233,0.972973,2.069767,0.765766,1.860465,0.441441,1.581395,0.297297,0.581395,0.846847,1.744186,0.63964,1.581395,0.315315,1.325581,0.162162,0.372093,0.63964,1.116279,0.792793,1.534884,0.954955,1.930233,1.126126,0,0.0,0.0,0.0,0.0,0.0,0.0,0.0,0.0,0.0,0.0,0.0,0.0,0.0,0.0,0.0,0.0,0.0,0.0,0.0,0.0,0.0,0.0,0.0,0.0,0.0,0.0,0.0,0.0,0.0,0.0,0.0,0.0,0.0,0.0,0.0,0.0,0.0,0.0,0.0,0.0,0.0,0.0,0.0,J,5.0
0.0,0.0,2.076923,0.079646,3.423077,0.256637,4.423077,0.353982,4.769231,0.424779,1.961538,1.0,4.192308,0.911504,4.192308,0.575221,3.730769,0.415929,1.423077,0.929204,3.923077,0.778761,3.730769,0.433628,3.230769,0.283186,1.076923,0.761062,3.5,0.60177,3.230769,0.336283,2.653846,0.212389,0.961538,0.504425,2.923077,0.513274,3.576923,0.486726,3.884615,0.495575,0,0.0,0.0,0.0,0.0,0.0,0.0,0.0,0.0,0.0,0.0,0.0,0.0,0.0,0.0,0.0,0.0,0.0,0.0,0.0,0.0,0.0,0.0,0.0,0.0,0.0,0.0,0.0,0.0,0.0,0.0,0.0,0.0,0.0,0.0,0.0,0.0,0.0,0.0,0.0,0.0,0.0,0.0,0.0,J,5.0
0.0,0.0,12.0,0.140351,19.4,0.333333,25.4,0.438596,27.8,0.473684,10.0,1.0,23.2,0.947368,23.2,0.684211,20.4,0.596491,8.0,0.877193,22.8,0.780702,22.2,0.535088,18.8,0.482456,7.8,0.675439,22.0,0.596491,21.6,0.403509,18.6,0.359649,9.0,0.429825,20.2,0.403509,22.8,0.324561,23.4,0.307018,0,0.0,0.0,0.0,0.0,0.0,0.0,0.0,0.0,0.0,0.0,0.0,0.0,0.0,0.0,0.0,0.0,0.0,0.0,0.0,0.0,0.0,0.0,0.0,0.0,0.0,0.0,0.0,0.0,0.0,0.0,0.0,0.0,0.0,0.0,0.0,0.0,0.0,0.0,0.0,0.0,0.0,0.0,0.0,J,5.0
0.0,0.0,3.222222,0.394495,8.111111,0.623853,13.444444,0.623853,16.222222,0.504587,5.111111,1.0,13.111111,0.963303,13.666667,0.706422,12.222222,0.614679,5.0,0.779817,13.333333,0.669725,13.0,0.440367,11.222222,0.376147,5.333333,0.504587,13.0,0.422018,12.666667,0.256881,11.111111,0.201835,6.111111,0.211009,11.777778,0.192661,14.666667,0.137615,16.777778,0.100917,0,0.0,0.0,0.0,0.0,0.0,0.0,0.0,0.0,0.0,0.0,0.0,0.0,0.0,0.0,0.0,0.0,0.0,0.0,0.0,0.0,0.0,0.0,0.0,0.0,0.0,0.0,0.0,0.0,0.0,0.0,0.0,0.0,0.0,0.0,0.0,0.0,0.0,0.0,0.0,0.0,0.0,0.0,0.0,J,5.0
0.0,0.0,3.0,0.474227,7.8,0.721649,12.9,0.721649,14.7,0.494845,5.1,1.0,12.1,0.979381,12.2,0.721649,10.4,0.639175,5.2,0.742268,12.8,0.649485,11.9,0.412371,9.8,0.391753,5.6,0.42268,12.7,0.360825,11.6,0.237113,9.5,0.237113,6.1,0.103093,11.4,-0.020619,14.6,-0.092784,17.0,-0.154639,0,0.0,0.0,0.0,0.0,0.0,0.0,0.0,0.0,0.0,0.0,0.0,0.0,0.0,0.0,0.0,0.0,0.0,0.0,0.0,0.0,0.0,0.0,0.0,0.0,0.0,0.0,0.0,0.0,0.0,0.0,0.0,0.0,0.0,0.0,0.0,0.0,0.0,0.0,0.0,0.0,0.0,0.0,0.0,J,5.0
0.0,0.0,1.8125,0.488372,4.9375,0.77907,8.125,0.767442,8.875,0.488372,3.1875,1.0,7.625,1.0,7.25,0.755814,6.0,0.686047,3.375,0.686047,7.9375,0.639535,7.4375,0.418605,6.25,0.360465,3.75,0.325581,8.0625,0.313953,7.4375,0.186047,6.25,0.162791,4.1875,-0.011628,7.5,-0.151163,9.4375,-0.267442,11.0,-0.360465,0,0.0,0.0,0.0,0.0,0.0,0.0,0.0,0.0,0.0,0.0,0.0,0.0,0.0,0.0,0.0,0.0,0.0,0.0,0.0,0.0,0.0,0.0,0.0,0.0,0.0,0.0,0.0,0.0,0.0,0.0,0.0,0.0,0.0,0.0,0.0,0.0,0.0,0.0,0.0,0.0,0.0,0.0,0.0,J,5.0
0.0,0.0,1.210526,0.506494,3.526316,0.818182,5.947368,0.831169,7.0,0.623377,2.368421,1.0,6.105263,1.025974,5.842105,0.779221,4.736842,0.675325,2.578947,0.649351,6.421053,0.675325,6.0,0.454545,5.0,0.363636,2.947368,0.272727,6.526316,0.311688,5.947368,0.181818,4.842105,0.142857,3.368421,-0.090909,6.157895,-0.220779,7.842105,-0.337662,9.105263,-0.428571,0,0.0,0.0,0.0,0.0,0.0,0.0,0.0,0.0,0.0,0.0,0.0,0.0,0.0,0.0,0.0,0.0,0.0,0.0,0.0,0.0,0.0,0.0,0.0,0.0,0.0,0.0,0.0,0.0,0.0,0.0,0.0,0.0,0.0,0.0,0.0,0.0,0.0,0.0,0.0,0.0,0.0,0.0,0.0,J,5.0
0.0,0.0,0.52,0.626866,2.0,1.014925,3.64,1.059701,4.72,0.850746,2.08,1.0,4.96,1.119403,4.52,0.970149,3.64,0.865672,2.48,0.567164,5.08,0.776119,4.52,0.686567,3.88,0.58209,2.8,0.164179,5.24,0.447761,4.64,0.41791,3.8,0.358209,3.08,-0.134328,5.12,-0.179104,6.44,-0.253731,7.6,-0.313433,0,0.0,0.0,0.0,0.0,0.0,0.0,0.0,0.0,0.0,0.0,0.0,0.0,0.0,0.0,0.0,0.0,0.0,0.0,0.0,0.0,0.0,0.0,0.0,0.0,0.0,0.0,0.0,0.0,0.0,0.0,0.0,0.0,0.0,0.0,0.0,0.0,0.0,0.0,0.0,0.0,0.0,0.0,0.0,J,5.0
0.0,0.0,0.565217,0.71875,2.26087,1.09375,3.913043,1.125,5.0,0.953125,2.565217,1.0,5.347826,1.171875,4.652174,1.09375,3.869565,1.0,3.0,0.53125,5.608696,0.8125,4.869565,0.8125,4.086957,0.6875,3.347826,0.15625,5.73913,0.46875,5.043478,0.53125,4.217391,0.46875,3.565217,-0.109375,5.73913,-0.09375,7.086957,-0.125,8.217391,-0.1875,0,0.0,0.0,0.0,0.0,0.0,0.0,0.0,0.0,0.0,0.0,0.0,0.0,0.0,0.0,0.0,0.0,0.0,0.0,0.0,0.0,0.0,0.0,0.0,0.0,0.0,0.0,0.0,0.0,0.0,0.0,0.0,0.0,0.0,0.0,0.0,0.0,0.0,0.0,0.0,0.0,0.0,0.0,0.0,J,5.0
0.0,0.0,0.777778,0.814815,2.777778,1.314815,4.777778,1.462963,6.111111,1.37037,3.555556,1.0,6.666667,1.296296,5.777778,1.314815,4.888889,1.222222,4.055556,0.5,7.0,0.888889,6.111111,0.962963,5.222222,0.87037,4.333333,0.092593,7.111111,0.518519,6.333333,0.62963,5.388889,0.611111,4.555556,-0.185185,7.166667,-0.074074,8.777778,-0.037037,10.111111,-0.074074,0,0.0,0.0,0.0,0.0,0.0,0.0,0.0,0.0,0.0,0.0,0.0,0.0,0.0,0.0,0.0,0.0,0.0,0.0,0.0,0.0,0.0,0.0,0.0,0.0,0.0,0.0,0.0,0.0,0.0,0.0,0.0,0.0,0.0,0.0,0.0,0.0,0.0,0.0,0.0,0.0,0.0,0.0,0.0,J,5.0
0.0,0.0,0.722222,0.789474,2.722222,1.280702,4.666667,1.421053,5.944444,1.315789,3.555556,1.0,6.611111,1.280702,5.611111,1.263158,4.666667,1.157895,4.055556,0.508772,6.888889,0.877193,5.888889,0.929825,5.055556,0.824561,4.333333,0.105263,6.944444,0.526316,6.166667,0.596491,5.222222,0.54386,4.555556,-0.157895,7.111111,-0.017544,8.666667,0.035088,9.944444,0.017544,0,0.0,0.0,0.0,0.0,0.0,0.0,0.0,0.0,0.0,0.0,0.0,0.0,0.0,0.0,0.0,0.0,0.0,0.0,0.0,0.0,0.0,0.0,0.0,0.0,0.0,0.0,0.0,0.0,0.0,0.0,0.0,0.0,0.0,0.0,0.0,0.0,0.0,0.0,0.0,0.0,0.0,0.0,0.0,J,5.0
0.0,0.0,0.684211,0.779661,2.526316,1.254237,4.315789,1.372881,5.526316,1.237288,3.368421,1.0,6.210526,1.271186,5.315789,1.254237,4.421053,1.135593,3.842105,0.525424,6.526316,0.915254,5.631579,0.932203,4.789474,0.813559,4.157895,0.135593,6.578947,0.559322,5.842105,0.627119,5.0,0.542373,4.368421,-0.118644,6.789474,0.033898,8.263158,0.101695,9.526316,0.084746,0,0.0,0.0,0.0,0.0,0.0,0.0,0.0,0.0,0.0,0.0,0.0,0.0,0.0,0.0,0.0,0.0,0.0,0.0,0.0,0.0,0.0,0.0,0.0,0.0,0.0,0.0,0.0,0.0,0.0,0.0,0.0,0.0,0.0,0.0,0.0,0.0,0.0,0.0,0.0,0.0,0.0,0.0,0.0,J,5.0
0.0,0.0,0.571429,0.766667,2.190476,1.233333,3.857143,1.366667,5.0,1.283333,2.952381,1.0,5.619048,1.3,4.809524,1.266667,4.0,1.15,3.428571,0.533333,5.952381,0.933333,5.142857,0.95,4.380952,0.833333,3.714286,0.15,6.0,0.6,5.333333,0.65,4.571429,0.583333,3.952381,-0.1,6.190476,0.066667,7.571429,0.133333,8.714286,0.133333,0,0.0,0.0,0.0,0.0,0.0,0.0,0.0,0.0,0.0,0.0,0.0,0.0,0.0,0.0,0.0,0.0,0.0,0.0,0.0,0.0,0.0,0.0,0.0,0.0,0.0,0.0,0.0,0.0,0.0,0.0,0.0,0.0,0.0,0.0,0.0,0.0,0.0,0.0,0.0,0.0,0.0,0.0,0.0,J,5.0
0.0,0.0,0.571429,0.766667,2.238095,1.25,3.952381,1.383333,5.095238,1.3,2.952381,1.0,5.619048,1.316667,4.761905,1.266667,3.904762,1.15,3.428571,0.533333,5.952381,0.95,5.095238,0.95,4.333333,0.833333,3.714286,0.15,6.0,0.6,5.333333,0.65,4.52381,0.566667,3.952381,-0.1,6.190476,0.066667,7.619048,0.133333,8.809524,0.133333,0,0.0,0.0,0.0,0.0,0.0,0.0,0.0,0.0,0.0,0.0,0.0,0.0,0.0,0.0,0.0,0.0,0.0,0.0,0.0,0.0,0.0,0.0,0.0,0.0,0.0,0.0,0.0,0.0,0.0,0.0,0.0,0.0,0.0,0.0,0.0,0.0,0.0,0.0,0.0,0.0,0.0,0.0,0.0,J,5.0
0.0,0.0,0.454545,0.779661,2.045455,1.271186,3.590909,1.423729,4.681818,1.372881,2.636364,1.0,5.227273,1.355932,4.409091,1.305085,3.636364,1.169492,3.090909,0.525424,5.590909,0.983051,4.772727,0.983051,4.0,0.864407,3.409091,0.135593,5.636364,0.627119,5.0,0.677966,4.227273,0.59322,3.636364,-0.101695,5.818182,0.050847,7.136364,0.135593,8.318182,0.152542,0,0.0,0.0,0.0,0.0,0.0,0.0,0.0,0.0,0.0,0.0,0.0,0.0,0.0,0.0,0.0,0.0,0.0,0.0,0.0,0.0,0.0,0.0,0.0,0.0,0.0,0.0,0.0,0.0,0.0,0.0,0.0,0.0,0.0,0.0,0.0,0.0,0.0,0.0,0.0,0.0,0.0,0.0,0.0,J,5.0
0.0,0.0,0.909091,0.458824,3.090909,0.776471,5.363636,0.823529,6.0,0.647059,2.136364,1.0,5.272727,1.047059,4.863636,0.811765,4.045455,0.729412,2.363636,0.658824,5.5,0.752941,5.090909,0.552941,4.227273,0.470588,2.681818,0.305882,5.590909,0.447059,5.181818,0.294118,4.318182,0.235294,3.136364,-0.023529,5.5,0.047059,6.954545,0.047059,8.0,0.082353,0,0.0,0.0,0.0,0.0,0.0,0.0,0.0,0.0,0.0,0.0,0.0,0.0,0.0,0.0,0.0,0.0,0.0,0.0,0.0,0.0,0.0,0.0,0.0,0.0,0.0,0.0,0.0,0.0,0.0,0.0,0.0,0.0,0.0,0.0,0.0,0.0,0.0,0.0,0.0,0.0,0.0,0.0,0.0,J,5.0
0.0,0.0,2.0,0.397849,5.916667,0.709677,9.833333,0.752688,10.416667,0.55914,3.75,1.0,9.25,1.010753,8.666667,0.752688,7.333333,0.688172,3.666667,0.709677,9.333333,0.709677,8.583333,0.483871,7.083333,0.419355,4.166667,0.397849,9.333333,0.419355,8.416667,0.268817,6.75,0.215054,4.75,0.086022,9.083333,0.139785,11.666667,0.172043,13.833333,0.215054,0,0.0,0.0,0.0,0.0,0.0,0.0,0.0,0.0,0.0,0.0,0.0,0.0,0.0,0.0,0.0,0.0,0.0,0.0,0.0,0.0,0.0,0.0,0.0,0.0,0.0,0.0,0.0,0.0,0.0,0.0,0.0,0.0,0.0,0.0,0.0,0.0,0.0,0.0,0.0,0.0,0.0,0.0,0.0,J,5.0
0.0,0.0,1.206897,0.257732,2.482759,0.556701,3.482759,0.721649,4.103448,0.85567,1.827586,1.0,3.758621,0.917526,3.758621,0.639175,3.275862,0.546392,1.344828,0.814433,3.517241,0.597938,3.310345,0.381443,2.758621,0.350515,1.0,0.556701,3.137931,0.319588,2.862069,0.175258,2.310345,0.185567,0.827586,0.268041,2.655172,0.103093,2.482759,-0.010309,1.931034,-0.010309,0,0.0,0.0,0.0,0.0,0.0,0.0,0.0,0.0,0.0,0.0,0.0,0.0,0.0,0.0,0.0,0.0,0.0,0.0,0.0,0.0,0.0,0.0,0.0,0.0,0.0,0.0,0.0,0.0,0.0,0.0,0.0,0.0,0.0,0.0,0.0,0.0,0.0,0.0,0.0,0.0,0.0,0.0,0.0,J,5.0
0.0,0.0,0.571429,-0.0375,1.285714,0.25,1.589286,0.6125,1.446429,0.9,1.196429,1.0,1.553571,1.35,1.410714,0.975,1.25,0.7375,0.892857,1.0625,1.232143,1.35,1.071429,0.8875,0.928571,0.625,0.553571,1.0875,0.910714,1.2,0.696429,0.725,0.482143,0.45,0.196429,1.1,0.571429,1.525,0.892857,1.775,1.178571,1.9875,0,0.0,0.0,0.0,0.0,0.0,0.0,0.0,0.0,0.0,0.0,0.0,0.0,0.0,0.0,0.0,0.0,0.0,0.0,0.0,0.0,0.0,0.0,0.0,0.0,0.0,0.0,0.0,0.0,0.0,0.0,0.0,0.0,0.0,0.0,0.0,0.0,0.0,0.0,0.0,0.0,0.0,0.0,0.0,J,6.0
0.0,0.0,0.895833,0.014286,1.791667,0.357143,2.25,0.828571,2.0,1.2,1.729167,1.0,2.25,1.328571,1.958333,0.971429,1.6875,0.714286,1.4375,1.142857,1.9375,1.471429,1.583333,1.0,1.270833,0.7,1.104167,1.242857,1.625,1.514286,1.291667,1.042857,0.979167,0.714286,0.729167,1.342857,1.229167,1.785714,1.5625,2.042857,1.895833,2.3,0,0.0,0.0,0.0,0.0,0.0,0.0,0.0,0.0,0.0,0.0,0.0,0.0,0.0,0.0,0.0,0.0,0.0,0.0,0.0,0.0,0.0,0.0,0.0,0.0,0.0,0.0,0.0,0.0,0.0,0.0,0.0,0.0,0.0,0.0,0.0,0.0,0.0,0.0,0.0,0.0,0.0,0.0,0.0,J,6.0
0.0,0.0,0.8125,-0.066667,1.791667,0.283333,2.291667,0.833333,2.041667,1.3,1.8125,1.0,2.3125,1.3,2.0,0.916667,1.6875,0.666667,1.520833,1.216667,2.0,1.533333,1.645833,1.05,1.333333,0.733333,1.1875,1.383333,1.6875,1.633333,1.354167,1.1,1.020833,0.75,0.8125,1.533333,1.3125,2.016667,1.645833,2.3,1.958333,2.583333,0,0.0,0.0,0.0,0.0,0.0,0.0,0.0,0.0,0.0,0.0,0.0,0.0,0.0,0.0,0.0,0.0,0.0,0.0,0.0,0.0,0.0,0.0,0.0,0.0,0.0,0.0,0.0,0.0,0.0,0.0,0.0,0.0,0.0,0.0,0.0,0.0,0.0,0.0,0.0,0.0,0.0,0.0,0.0,J,6.0
0.0,0.0,0.770833,-0.107143,1.770833,0.232143,2.208333,0.857143,1.958333,1.339286,1.770833,1.0,2.229167,1.303571,1.895833,0.928571,1.5625,0.660714,1.458333,1.232143,1.9375,1.553571,1.541667,1.053571,1.208333,0.732143,1.145833,1.428571,1.625,1.714286,1.291667,1.160714,0.958333,0.785714,0.770833,1.607143,1.291667,2.107143,1.604167,2.410714,1.916667,2.714286,0,0.0,0.0,0.0,0.0,0.0,0.0,0.0,0.0,0.0,0.0,0.0,0.0,0.0,0.0,0.0,0.0,0.0,0.0,0.0,0.0,0.0,0.0,0.0,0.0,0.0,0.0,0.0,0.0,0.0,0.0,0.0,0.0,0.0,0.0,0.0,0.0,0.0,0.0,0.0,0.0,0.0,0.0,0.0,J,6.0
0.0,0.0,0.804348,-0.150943,1.847826,0.226415,2.326087,0.849057,2.065217,1.358491,1.847826,1.0,2.326087,1.320755,1.978261,0.943396,1.608696,0.679245,1.543478,1.264151,2.021739,1.603774,1.608696,1.075472,1.23913,0.735849,1.217391,1.471698,1.717391,1.792453,1.391304,1.226415,1.043478,0.811321,0.847826,1.679245,1.391304,2.207547,1.73913,2.528302,2.043478,2.849057,0,0.0,0.0,0.0,0.0,0.0,0.0,0.0,0.0,0.0,0.0,0.0,0.0,0.0,0.0,0.0,0.0,0.0,0.0,0.0,0.0,0.0,0.0,0.0,0.0,0.0,0.0,0.0,0.0,0.0,0.0,0.0,0.0,0.0,0.0,0.0,0.0,0.0,0.0,0.0,0.0,0.0,0.0,0.0,J,6.0
0.0,0.0,0.782609,-0.16,1.826087,0.2,2.304348,0.88,2.065217,1.44,1.869565,1.0,2.347826,1.32,2.0,0.96,1.630435,0.66,1.586957,1.28,2.021739,1.66,1.608696,1.14,1.23913,0.76,1.26087,1.54,1.717391,1.86,1.369565,1.26,1.0,0.84,0.869565,1.76,1.413043,2.3,1.73913,2.64,2.065217,2.96,0,0.0,0.0,0.0,0.0,0.0,0.0,0.0,0.0,0.0,0.0,0.0,0.0,0.0,0.0,0.0,0.0,0.0,0.0,0.0,0.0,0.0,0.0,0.0,0.0,0.0,0.0,0.0,0.0,0.0,0.0,0.0,0.0,0.0,0.0,0.0,0.0,0.0,0.0,0.0,0.0,0.0,0.0,0.0,J,6.0
0.0,0.0,0.8,-0.127273,1.844444,0.236364,2.333333,0.818182,2.066667,1.290909,1.822222,1.0,2.288889,1.272727,1.933333,0.909091,1.6,0.636364,1.511111,1.236364,2.0,1.545455,1.6,1.036364,1.2,0.690909,1.177778,1.436364,1.688889,1.727273,1.377778,1.145455,1.022222,0.745455,0.822222,1.618182,1.377778,2.127273,1.777778,2.436364,2.133333,2.745455,0,0.0,0.0,0.0,0.0,0.0,0.0,0.0,0.0,0.0,0.0,0.0,0.0,0.0,0.0,0.0,0.0,0.0,0.0,0.0,0.0,0.0,0.0,0.0,0.0,0.0,0.0,0.0,0.0,0.0,0.0,0.0,0.0,0.0,0.0,0.0,0.0,0.0,0.0,0.0,0.0,0.0,0.0,0.0,J,6.0
0.0,0.0,0.97561,-0.028169,2.04878,0.309859,2.609756,0.71831,2.317073,1.070423,1.853659,1.0,2.463415,1.197183,2.121951,0.84507,1.731707,0.605634,1.512195,1.126761,2.195122,1.338028,1.804878,0.901408,1.414634,0.647887,1.195122,1.225352,1.878049,1.380282,1.512195,0.915493,1.097561,0.633803,0.853659,1.295775,1.512195,1.71831,1.926829,1.985915,2.268293,2.225352,0,0.0,0.0,0.0,0.0,0.0,0.0,0.0,0.0,0.0,0.0,0.0,0.0,0.0,0.0,0.0,0.0,0.0,0.0,0.0,0.0,0.0,0.0,0.0,0.0,0.0,0.0,0.0,0.0,0.0,0.0,0.0,0.0,0.0,0.0,0.0,0.0,0.0,0.0,0.0,0.0,0.0,0.0,0.0,J,6.0
0.0,0.0,2.083333,0.067308,3.625,0.317308,4.583333,0.548077,4.125,0.692308,2.291667,1.0,4.041667,1.0,3.708333,0.692308,3.041667,0.567308,1.75,1.028846,3.75,0.980769,3.375,0.615385,2.75,0.5,1.416667,0.971154,3.458333,0.923077,3.083333,0.586538,2.416667,0.442308,1.291667,0.865385,2.708333,1.105769,3.458333,1.278846,4.041667,1.442308,0,0.0,0.0,0.0,0.0,0.0,0.0,0.0,0.0,0.0,0.0,0.0,0.0,0.0,0.0,0.0,0.0,0.0,0.0,0.0,0.0,0.0,0.0,0.0,0.0,0.0,0.0,0.0,0.0,0.0,0.0,0.0,0.0,0.0,0.0,0.0,0.0,0.0,0.0,0.0,0.0,0.0,0.0,0.0,J,6.0
0.0,0.0,3.176471,0.130435,5.176471,0.330435,6.764706,0.469565,6.764706,0.565217,2.470588,1.0,5.823529,0.947826,5.647059,0.652174,4.941176,0.547826,1.647059,0.93913,5.647059,0.808696,5.235294,0.530435,4.352941,0.434783,1.352941,0.782609,5.235294,0.66087,4.647059,0.426087,3.588235,0.347826,1.470588,0.556522,4.176471,0.669565,5.176471,0.721739,5.941176,0.773913,0,0.0,0.0,0.0,0.0,0.0,0.0,0.0,0.0,0.0,0.0,0.0,0.0,0.0,0.0,0.0,0.0,0.0,0.0,0.0,0.0,0.0,0.0,0.0,0.0,0.0,0.0,0.0,0.0,0.0,0.0,0.0,0.0,0.0,0.0,0.0,0.0,0.0,0.0,0.0,0.0,0.0,0.0,0.0,J,6.0
0.0,0.0,5.181818,0.135135,8.181818,0.351351,10.909091,0.495495,11.545455,0.594595,4.272727,1.0,10.0,0.918919,9.818182,0.657658,8.454545,0.567568,3.363636,0.918919,9.818182,0.783784,9.181818,0.531532,7.545455,0.477477,3.090909,0.756757,9.181818,0.63964,8.363636,0.423423,6.818182,0.378378,3.272727,0.540541,8.363636,0.477477,7.909091,0.333333,6.727273,0.288288,0,0.0,0.0,0.0,0.0,0.0,0.0,0.0,0.0,0.0,0.0,0.0,0.0,0.0,0.0,0.0,0.0,0.0,0.0,0.0,0.0,0.0,0.0,0.0,0.0,0.0,0.0,0.0,0.0,0.0,0.0,0.0,0.0,0.0,0.0,0.0,0.0,0.0,0.0,0.0,0.0,0.0,0.0,0.0,J,6.0
0.0,0.0,17.5,0.301887,37.5,0.509434,59.0,0.528302,66.0,0.462264,21.5,1.0,55.0,0.981132,56.5,0.716981,50.5,0.632075,18.0,0.811321,54.5,0.754717,54.5,0.537736,48.0,0.462264,18.5,0.556604,53.5,0.528302,52.0,0.386792,44.5,0.358491,22.5,0.283019,48.0,0.330189,60.5,0.367925,69.5,0.424528,0,0.0,0.0,0.0,0.0,0.0,0.0,0.0,0.0,0.0,0.0,0.0,0.0,0.0,0.0,0.0,0.0,0.0,0.0,0.0,0.0,0.0,0.0,0.0,0.0,0.0,0.0,0.0,0.0,0.0,0.0,0.0,0.0,0.0,0.0,0.0,0.0,0.0,0.0,0.0,0.0,0.0,0.0,0.0,J,6.0
0.0,0.0,5.333333,0.378641,12.666667,0.640777,20.0,0.68932,22.333333,0.553398,7.166667,1.0,18.5,0.961165,18.666667,0.718447,16.5,0.631068,6.5,0.757282,18.666667,0.660194,18.333333,0.436893,16.0,0.368932,7.0,0.466019,18.5,0.398058,18.333333,0.23301,16.333333,0.165049,8.166667,0.15534,16.5,0.184466,21.166667,0.174757,24.666667,0.15534,0,0.0,0.0,0.0,0.0,0.0,0.0,0.0,0.0,0.0,0.0,0.0,0.0,0.0,0.0,0.0,0.0,0.0,0.0,0.0,0.0,0.0,0.0,0.0,0.0,0.0,0.0,0.0,0.0,0.0,0.0,0.0,0.0,0.0,0.0,0.0,0.0,0.0,0.0,0.0,0.0,0.0,0.0,0.0,J,6.0
0.0,0.0,1.857143,0.483516,5.214286,0.769231,8.857143,0.802198,10.142857,0.56044,3.357143,1.0,8.142857,1.0,7.857143,0.758242,6.571429,0.681319,3.571429,0.714286,8.642857,0.659341,8.0,0.43956,6.642857,0.406593,3.928571,0.384615,8.785714,0.362637,8.0,0.230769,6.5,0.230769,4.357143,0.065934,8.0,-0.010989,10.071429,-0.087912,11.714286,-0.142857,0,0.0,0.0,0.0,0.0,0.0,0.0,0.0,0.0,0.0,0.0,0.0,0.0,0.0,0.0,0.0,0.0,0.0,0.0,0.0,0.0,0.0,0.0,0.0,0.0,0.0,0.0,0.0,0.0,0.0,0.0,0.0,0.0,0.0,0.0,0.0,0.0,0.0,0.0,0.0,0.0,0.0,0.0,0.0,J,6.0
0.0,0.0,1.142857,0.4875,3.380952,0.825,5.761905,0.8125,6.428571,0.5375,2.047619,1.0,5.380952,1.0125,5.047619,0.7625,4.142857,0.675,2.285714,0.6625,5.666667,0.6625,5.190476,0.45,4.285714,0.3875,2.619048,0.2875,5.857143,0.3125,5.333333,0.2,4.333333,0.175,3.047619,-0.05,5.571429,-0.15,7.0,-0.275,8.095238,-0.3625,0,0.0,0.0,0.0,0.0,0.0,0.0,0.0,0.0,0.0,0.0,0.0,0.0,0.0,0.0,0.0,0.0,0.0,0.0,0.0,0.0,0.0,0.0,0.0,0.0,0.0,0.0,0.0,0.0,0.0,0.0,0.0,0.0,0.0,0.0,0.0,0.0,0.0,0.0,0.0,0.0,0.0,0.0,0.0,J,6.0
0.0,0.0,0.9,0.557143,3.0,0.942857,5.35,0.957143,6.45,0.657143,2.1,1.0,5.55,1.042857,5.2,0.828571,4.25,0.728571,2.3,0.614286,5.8,0.685714,5.25,0.514286,4.35,0.428571,2.7,0.228571,6.05,0.342857,5.45,0.228571,4.4,0.157143,3.1,-0.128571,5.7,-0.257143,7.2,-0.385714,8.4,-0.485714,0,0.0,0.0,0.0,0.0,0.0,0.0,0.0,0.0,0.0,0.0,0.0,0.0,0.0,0.0,0.0,0.0,0.0,0.0,0.0,0.0,0.0,0.0,0.0,0.0,0.0,0.0,0.0,0.0,0.0,0.0,0.0,0.0,0.0,0.0,0.0,0.0,0.0,0.0,0.0,0.0,0.0,0.0,0.0,J,6.0
0.0,0.0,0.666667,0.68254,2.571429,1.111111,4.52381,1.142857,5.761905,0.904762,2.571429,1.0,5.857143,1.095238,5.142857,1.0,4.190476,0.904762,2.952381,0.52381,6.190476,0.746032,5.380952,0.698413,4.47619,0.587302,3.333333,0.111111,6.333333,0.380952,5.619048,0.412698,4.571429,0.365079,3.571429,-0.174603,6.095238,-0.238095,7.619048,-0.333333,8.952381,-0.444444,0,0.0,0.0,0.0,0.0,0.0,0.0,0.0,0.0,0.0,0.0,0.0,0.0,0.0,0.0,0.0,0.0,0.0,0.0,0.0,0.0,0.0,0.0,0.0,0.0,0.0,0.0,0.0,0.0,0.0,0.0,0.0,0.0,0.0,0.0,0.0,0.0,0.0,0.0,0.0,0.0,0.0,0.0,0.0,J,6.0
0.0,0.0,0.619048,0.754386,2.238095,1.280702,3.904762,1.473684,5.095238,1.350877,2.666667,1.0,5.571429,1.263158,4.761905,1.263158,3.857143,1.140351,3.095238,0.491228,6.047619,0.877193,5.190476,0.929825,4.333333,0.807018,3.428571,0.087719,6.142857,0.508772,5.428571,0.631579,4.52381,0.578947,3.666667,-0.140351,6.095238,-0.070175,7.52381,-0.070175,8.809524,-0.140351,0,0.0,0.0,0.0,0.0,0.0,0.0,0.0,0.0,0.0,0.0,0.0,0.0,0.0,0.0,0.0,0.0,0.0,0.0,0.0,0.0,0.0,0.0,0.0,0.0,0.0,0.0,0.0,0.0,0.0,0.0,0.0,0.0,0.0,0.0,0.0,0.0,0.0,0.0,0.0,0.0,0.0,0.0,0.0,J,6.0
0.0,0.0,0.583333,0.818182,2.125,1.381818,3.666667,1.545455,4.666667,1.363636,2.416667,1.0,4.958333,1.327273,4.166667,1.309091,3.416667,1.181818,2.833333,0.472727,5.375,0.890909,4.583333,0.927273,3.833333,0.8,3.125,0.072727,5.541667,0.509091,4.875,0.581818,4.083333,0.509091,3.416667,-0.163636,5.458333,0.0,6.625,0.054545,7.625,0.018182,0,0.0,0.0,0.0,0.0,0.0,0.0,0.0,0.0,0.0,0.0,0.0,0.0,0.0,0.0,0.0,0.0,0.0,0.0,0.0,0.0,0.0,0.0,0.0,0.0,0.0,0.0,0.0,0.0,0.0,0.0,0.0,0.0,0.0,0.0,0.0,0.0,0.0,0.0,0.0,0.0,0.0,0.0,0.0,J,6.0
0.0,0.0,0.5,0.814815,2.041667,1.388889,3.541667,1.537037,4.583333,1.388889,2.375,1.0,4.833333,1.333333,4.083333,1.351852,3.375,1.203704,2.791667,0.481481,5.208333,0.925926,4.541667,0.981481,3.791667,0.87037,3.083333,0.092593,5.375,0.555556,4.791667,0.666667,4.041667,0.611111,3.375,-0.166667,5.333333,0.037037,6.541667,0.111111,7.5,0.074074,0,0.0,0.0,0.0,0.0,0.0,0.0,0.0,0.0,0.0,0.0,0.0,0.0,0.0,0.0,0.0,0.0,0.0,0.0,0.0,0.0,0.0,0.0,0.0,0.0,0.0,0.0,0.0,0.0,0.0,0.0,0.0,0.0,0.0,0.0,0.0,0.0,0.0,0.0,0.0,0.0,0.0,0.0,0.0,J,6.0
0.0,0.0,0.48,0.836364,1.92,1.4,3.4,1.527273,4.36,1.345455,2.24,1.0,4.56,1.363636,3.88,1.363636,3.16,1.218182,2.68,0.490909,5.0,0.945455,4.28,1.0,3.6,0.872727,2.96,0.109091,5.16,0.581818,4.56,0.672727,3.8,0.6,3.24,-0.127273,5.12,0.090909,6.24,0.163636,7.16,0.145455,0,0.0,0.0,0.0,0.0,0.0,0.0,0.0,0.0,0.0,0.0,0.0,0.0,0.0,0.0,0.0,0.0,0.0,0.0,0.0,0.0,0.0,0.0,0.0,0.0,0.0,0.0,0.0,0.0,0.0,0.0,0.0,0.0,0.0,0.0,0.0,0.0,0.0,0.0,0.0,0.0,0.0,0.0,0.0,J,6.0
0.0,0.0,0.384615,0.833333,1.769231,1.407407,3.153846,1.555556,4.115385,1.407407,2.115385,1.0,4.346154,1.407407,3.692308,1.407407,3.038462,1.240741,2.538462,0.5,4.769231,0.981481,4.115385,1.037037,3.461538,0.907407,2.846154,0.092593,4.923077,0.611111,4.346154,0.703704,3.653846,0.62963,3.115385,-0.12963,4.923077,0.092593,6.0,0.185185,6.884615,0.166667,0,0.0,0.0,0.0,0.0,0.0,0.0,0.0,0.0,0.0,0.0,0.0,0.0,0.0,0.0,0.0,0.0,0.0,0.0,0.0,0.0,0.0,0.0,0.0,0.0,0.0,0.0,0.0,0.0,0.0,0.0,0.0,0.0,0.0,0.0,0.0,0.0,0.0,0.0,0.0,0.0,0.0,0.0,0.0,J,6.0
0.0,0.0,0.521739,0.803571,2.043478,1.357143,3.652174,1.517857,4.73913,1.375,2.478261,1.0,5.0,1.339286,4.26087,1.339286,3.478261,1.196429,2.869565,0.5,5.434783,0.946429,4.652174,0.982143,3.913043,0.857143,3.217391,0.107143,5.608696,0.589286,5.0,0.660714,4.173913,0.589286,3.478261,-0.142857,5.565217,0.071429,6.826087,0.160714,7.869565,0.142857,0,0.0,0.0,0.0,0.0,0.0,0.0,0.0,0.0,0.0,0.0,0.0,0.0,0.0,0.0,0.0,0.0,0.0,0.0,0.0,0.0,0.0,0.0,0.0,0.0,0.0,0.0,0.0,0.0,0.0,0.0,0.0,0.0,0.0,0.0,0.0,0.0,0.0,0.0,0.0,0.0,0.0,0.0,0.0,J,6.0
0.0,0.0,0.48,0.785714,1.88,1.357143,3.32,1.553571,4.36,1.410714,2.24,1.0,4.64,1.321429,4.0,1.321429,3.28,1.178571,2.64,0.5,5.08,0.928571,4.4,0.982143,3.68,0.857143,2.96,0.107143,5.24,0.571429,4.64,0.660714,3.92,0.571429,3.24,-0.125,5.2,0.071429,6.36,0.160714,7.36,0.160714,0,0.0,0.0,0.0,0.0,0.0,0.0,0.0,0.0,0.0,0.0,0.0,0.0,0.0,0.0,0.0,0.0,0.0,0.0,0.0,0.0,0.0,0.0,0.0,0.0,0.0,0.0,0.0,0.0,0.0,0.0,0.0,0.0,0.0,0.0,0.0,0.0,0.0,0.0,0.0,0.0,0.0,0.0,0.0,J,6.0
0.0,0.0,0.590909,0.745763,2.090909,1.271186,3.636364,1.474576,4.681818,1.355932,2.636364,1.0,5.363636,1.288136,4.545455,1.271186,3.727273,1.135593,3.090909,0.525424,5.772727,0.915254,4.954545,0.932203,4.181818,0.79661,3.409091,0.135593,5.954545,0.559322,5.272727,0.627119,4.409091,0.542373,3.636364,-0.118644,5.909091,0.033898,7.272727,0.118644,8.454545,0.118644,0,0.0,0.0,0.0,0.0,0.0,0.0,0.0,0.0,0.0,0.0,0.0,0.0,0.0,0.0,0.0,0.0,0.0,0.0,0.0,0.0,0.0,0.0,0.0,0.0,0.0,0.0,0.0,0.0,0.0,0.0,0.0,0.0,0.0,0.0,0.0,0.0,0.0,0.0,0.0,0.0,0.0,0.0,0.0,J,6.0
0.0,0.0,0.714286,0.737705,2.428571,1.229508,4.0,1.42623,5.190476,1.327869,2.952381,1.0,5.809524,1.262295,4.952381,1.229508,4.142857,1.081967,3.333333,0.52459,6.285714,0.901639,5.380952,0.901639,4.52381,0.770492,3.666667,0.147541,6.47619,0.540984,5.761905,0.590164,4.857143,0.52459,3.952381,-0.098361,6.380952,0.04918,7.809524,0.114754,9.0,0.098361,0,0.0,0.0,0.0,0.0,0.0,0.0,0.0,0.0,0.0,0.0,0.0,0.0,0.0,0.0,0.0,0.0,0.0,0.0,0.0,0.0,0.0,0.0,0.0,0.0,0.0,0.0,0.0,0.0,0.0,0.0,0.0,0.0,0.0,0.0,0.0,0.0,0.0,0.0,0.0,0.0,0.0,0.0,0.0,J,6.0
0.0,0.0,0.708333,0.766667,2.666667,1.166667,4.583333,1.183333,5.833333,0.933333,2.625,1.0,5.208333,1.266667,4.5,1.216667,3.791667,1.066667,2.958333,0.483333,5.583333,0.833333,4.791667,0.816667,3.958333,0.683333,3.291667,0.066667,5.791667,0.466667,5.125,0.5,4.291667,0.416667,3.625,-0.2,5.708333,-0.05,6.916667,-0.016667,8.0,-0.033333,0,0.0,0.0,0.0,0.0,0.0,0.0,0.0,0.0,0.0,0.0,0.0,0.0,0.0,0.0,0.0,0.0,0.0,0.0,0.0,0.0,0.0,0.0,0.0,0.0,0.0,0.0,0.0,0.0,0.0,0.0,0.0,0.0,0.0,0.0,0.0,0.0,0.0,0.0,0.0,0.0,0.0,0.0,0.0,J,6.0
0.0,0.0,0.627451,-0.15,1.431373,0.133333,1.784314,0.6,1.529412,0.933333,1.313725,1.0,1.705882,1.433333,1.588235,0.966667,1.45098,0.683333,1.0,1.133333,1.352941,1.416667,1.176471,0.866667,1.019608,0.6,0.666667,1.2,1.039216,1.316667,0.823529,0.766667,0.568627,0.466667,0.313725,1.283333,0.588235,1.816667,0.843137,2.15,1.058824,2.466667,0,0.0,0.0,0.0,0.0,0.0,0.0,0.0,0.0,0.0,0.0,0.0,0.0,0.0,0.0,0.0,0.0,0.0,0.0,0.0,0.0,0.0,0.0,0.0,0.0,0.0,0.0,0.0,0.0,0.0,0.0,0.0,0.0,0.0,0.0,0.0,0.0,0.0,0.0,0.0,0.0,0.0,0.0,0.0,J,7.0
0.0,0.0,0.803922,0.027027,1.686275,0.378378,2.078431,0.824324,1.745098,1.121622,1.54902,1.0,2.039216,1.351351,1.764706,0.959459,1.529412,0.756757,1.235294,1.108108,1.686275,1.405405,1.372549,0.945946,1.156863,0.72973,0.901961,1.189189,1.352941,1.351351,1.019608,0.878378,0.705882,0.621622,0.54902,1.27027,0.901961,1.743243,1.137255,2.027027,1.333333,2.297297,0,0.0,0.0,0.0,0.0,0.0,0.0,0.0,0.0,0.0,0.0,0.0,0.0,0.0,0.0,0.0,0.0,0.0,0.0,0.0,0.0,0.0,0.0,0.0,0.0,0.0,0.0,0.0,0.0,0.0,0.0,0.0,0.0,0.0,0.0,0.0,0.0,0.0,0.0,0.0,0.0,0.0,0.0,0.0,J,7.0
0.0,0.0,0.8,-0.059701,1.74,0.343284,2.24,0.850746,1.92,1.208955,1.74,1.0,2.28,1.358209,1.94,0.955224,1.64,0.761194,1.44,1.164179,1.92,1.507463,1.56,1.029851,1.3,0.80597,1.1,1.298507,1.54,1.507463,1.22,0.985075,0.9,0.716418,0.74,1.432836,1.14,1.925373,1.38,2.223881,1.6,2.552239,0,0.0,0.0,0.0,0.0,0.0,0.0,0.0,0.0,0.0,0.0,0.0,0.0,0.0,0.0,0.0,0.0,0.0,0.0,0.0,0.0,0.0,0.0,0.0,0.0,0.0,0.0,0.0,0.0,0.0,0.0,0.0,0.0,0.0,0.0,0.0,0.0,0.0,0.0,0.0,0.0,0.0,0.0,0.0,J,7.0
0.0,0.0,0.816327,-0.090909,1.816327,0.287879,2.244898,0.833333,1.877551,1.19697,1.77551,1.0,2.326531,1.348485,1.979592,0.954545,1.673469,0.757576,1.469388,1.166667,1.938776,1.5,1.612245,1.045455,1.346939,0.818182,1.122449,1.30303,1.530612,1.484848,1.204082,0.969697,0.877551,0.666667,0.77551,1.439394,1.163265,1.924242,1.387755,2.242424,1.612245,2.575758,0,0.0,0.0,0.0,0.0,0.0,0.0,0.0,0.0,0.0,0.0,0.0,0.0,0.0,0.0,0.0,0.0,0.0,0.0,0.0,0.0,0.0,0.0,0.0,0.0,0.0,0.0,0.0,0.0,0.0,0.0,0.0,0.0,0.0,0.0,0.0,0.0,0.0,0.0,0.0,0.0,0.0,0.0,0.0,J,7.0
0.0,0.0,0.836735,-0.074627,1.795918,0.313433,2.244898,0.850746,1.877551,1.238806,1.816327,1.0,2.346939,1.343284,1.979592,0.985075,1.673469,0.776119,1.510204,1.179104,1.959184,1.507463,1.612245,1.074627,1.367347,0.850746,1.163265,1.313433,1.55102,1.522388,1.204082,1.0,0.857143,0.701493,0.816327,1.447761,1.22449,1.925373,1.44898,2.223881,1.653061,2.552239,0,0.0,0.0,0.0,0.0,0.0,0.0,0.0,0.0,0.0,0.0,0.0,0.0,0.0,0.0,0.0,0.0,0.0,0.0,0.0,0.0,0.0,0.0,0.0,0.0,0.0,0.0,0.0,0.0,0.0,0.0,0.0,0.0,0.0,0.0,0.0,0.0,0.0,0.0,0.0,0.0,0.0,0.0,0.0,J,7.0
0.0,0.0,0.82,-0.076923,1.74,0.307692,2.16,0.861538,1.84,1.246154,1.8,1.0,2.3,1.353846,1.94,0.984615,1.64,0.784615,1.5,1.184615,1.9,1.538462,1.58,1.076923,1.34,0.861538,1.16,1.323077,1.52,1.538462,1.16,1.015385,0.84,0.707692,0.8,1.461538,1.2,1.953846,1.42,2.276923,1.62,2.615385,0,0.0,0.0,0.0,0.0,0.0,0.0,0.0,0.0,0.0,0.0,0.0,0.0,0.0,0.0,0.0,0.0,0.0,0.0,0.0,0.0,0.0,0.0,0.0,0.0,0.0,0.0,0.0,0.0,0.0,0.0,0.0,0.0,0.0,0.0,0.0,0.0,0.0,0.0,0.0,0.0,0.0,0.0,0.0,J,7.0
0.0,0.0,0.836735,-0.142857,1.836735,0.269841,2.285714,0.84127,1.897959,1.253968,1.877551,1.0,2.408163,1.333333,2.0,0.968254,1.693878,0.761905,1.571429,1.190476,2.0,1.539683,1.653061,1.111111,1.44898,0.904762,1.22449,1.333333,1.591837,1.539683,1.22449,0.984127,0.897959,0.666667,0.877551,1.47619,1.285714,1.968254,1.55102,2.285714,1.77551,2.650794,0,0.0,0.0,0.0,0.0,0.0,0.0,0.0,0.0,0.0,0.0,0.0,0.0,0.0,0.0,0.0,0.0,0.0,0.0,0.0,0.0,0.0,0.0,0.0,0.0,0.0,0.0,0.0,0.0,0.0,0.0,0.0,0.0,0.0,0.0,0.0,0.0,0.0,0.0,0.0,0.0,0.0,0.0,0.0,J,7.0
0.0,0.0,1.04878,0.011628,2.073171,0.337209,2.634146,0.651163,2.390244,0.906977,1.756098,1.0,2.439024,1.232558,2.146341,0.872093,1.853659,0.709302,1.365854,1.05814,2.121951,1.22093,1.756098,0.802326,1.414634,0.627907,1.04878,1.081395,1.731707,1.174419,1.463415,0.744186,1.121951,0.534884,0.756098,1.081395,1.292683,1.465116,1.609756,1.709302,1.853659,1.965116,0,0.0,0.0,0.0,0.0,0.0,0.0,0.0,0.0,0.0,0.0,0.0,0.0,0.0,0.0,0.0,0.0,0.0,0.0,0.0,0.0,0.0,0.0,0.0,0.0,0.0,0.0,0.0,0.0,0.0,0.0,0.0,0.0,0.0,0.0,0.0,0.0,0.0,0.0,0.0,0.0,0.0,0.0,0.0,J,7.0
0.0,0.0,1.7,0.093458,2.933333,0.364486,3.666667,0.598131,3.366667,0.728972,1.766667,1.0,3.233333,1.065421,3.0,0.747664,2.6,0.654206,1.233333,0.971963,2.9,0.943925,2.6,0.588785,2.1,0.514019,0.866667,0.869159,2.5,0.841121,2.3,0.542056,1.833333,0.439252,0.766667,0.738318,1.7,1.018692,2.3,1.233645,2.7,1.457944,0,0.0,0.0,0.0,0.0,0.0,0.0,0.0,0.0,0.0,0.0,0.0,0.0,0.0,0.0,0.0,0.0,0.0,0.0,0.0,0.0,0.0,0.0,0.0,0.0,0.0,0.0,0.0,0.0,0.0,0.0,0.0,0.0,0.0,0.0,0.0,0.0,0.0,0.0,0.0,0.0,0.0,0.0,0.0,J,7.0
0.0,0.0,1.7,0.132743,2.866667,0.380531,3.633333,0.584071,3.533333,0.707965,1.633333,1.0,3.2,0.955752,2.966667,0.681416,2.5,0.610619,1.1,0.973451,2.9,0.79646,2.633333,0.522124,2.233333,0.486726,0.766667,0.831858,2.566667,0.707965,2.366667,0.469027,1.866667,0.39823,0.633333,0.654867,1.7,0.849558,2.3,1.026549,2.833333,1.212389,0,0.0,0.0,0.0,0.0,0.0,0.0,0.0,0.0,0.0,0.0,0.0,0.0,0.0,0.0,0.0,0.0,0.0,0.0,0.0,0.0,0.0,0.0,0.0,0.0,0.0,0.0,0.0,0.0,0.0,0.0,0.0,0.0,0.0,0.0,0.0,0.0,0.0,0.0,0.0,0.0,0.0,0.0,0.0,J,7.0
0.0,0.0,1.423077,0.128205,2.423077,0.34188,3.192308,0.529915,3.269231,0.666667,0.538462,1.0,2.692308,0.931624,2.692308,0.683761,2.192308,0.589744,-0.192308,0.905983,2.615385,0.777778,2.384615,0.529915,1.961538,0.418803,-0.461538,0.717949,2.269231,0.598291,1.769231,0.367521,1.115385,0.247863,-0.461538,0.470085,1.076923,0.598291,1.923077,0.74359,2.807692,0.905983,0,0.0,0.0,0.0,0.0,0.0,0.0,0.0,0.0,0.0,0.0,0.0,0.0,0.0,0.0,0.0,0.0,0.0,0.0,0.0,0.0,0.0,0.0,0.0,0.0,0.0,0.0,0.0,0.0,0.0,0.0,0.0,0.0,0.0,0.0,0.0,0.0,0.0,0.0,0.0,0.0,0.0,0.0,0.0,J,7.0
0.0,0.0,4.090909,0.198198,7.090909,0.405405,9.818182,0.540541,10.363636,0.612613,3.181818,1.0,8.818182,0.972973,8.727273,0.684685,7.272727,0.603604,2.090909,0.846847,8.818182,0.711712,8.090909,0.459459,6.727273,0.396396,1.909091,0.612613,8.454545,0.495495,7.181818,0.306306,5.363636,0.261261,2.181818,0.342342,6.545455,0.405405,8.727273,0.495495,10.636364,0.603604,0,0.0,0.0,0.0,0.0,0.0,0.0,0.0,0.0,0.0,0.0,0.0,0.0,0.0,0.0,0.0,0.0,0.0,0.0,0.0,0.0,0.0,0.0,0.0,0.0,0.0,0.0,0.0,0.0,0.0,0.0,0.0,0.0,0.0,0.0,0.0,0.0,0.0,0.0,0.0,0.0,0.0,0.0,0.0,J,7.0
0.0,0.0,6.6,0.358491,14.8,0.622642,23.0,0.679245,24.0,0.537736,6.6,1.0,20.4,1.018868,20.2,0.773585,17.2,0.707547,5.4,0.764151,20.6,0.745283,19.8,0.528302,16.8,0.481132,5.8,0.490566,20.4,0.5,19.6,0.358491,17.0,0.330189,7.6,0.207547,17.8,0.283019,23.0,0.320755,27.0,0.386792,0,0.0,0.0,0.0,0.0,0.0,0.0,0.0,0.0,0.0,0.0,0.0,0.0,0.0,0.0,0.0,0.0,0.0,0.0,0.0,0.0,0.0,0.0,0.0,0.0,0.0,0.0,0.0,0.0,0.0,0.0,0.0,0.0,0.0,0.0,0.0,0.0,0.0,0.0,0.0,0.0,0.0,0.0,0.0,J,7.0
0.0,0.0,2.25,0.392523,5.666667,0.654206,9.333333,0.757009,10.666667,0.663551,2.75,1.0,8.5,1.018692,8.5,0.775701,7.083333,0.700935,2.666667,0.775701,8.833333,0.738318,8.333333,0.523364,6.833333,0.46729,3.083333,0.504673,9.0,0.504673,8.333333,0.345794,6.833333,0.317757,3.75,0.224299,8.166667,0.224299,10.5,0.196262,12.416667,0.196262,0,0.0,0.0,0.0,0.0,0.0,0.0,0.0,0.0,0.0,0.0,0.0,0.0,0.0,0.0,0.0,0.0,0.0,0.0,0.0,0.0,0.0,0.0,0.0,0.0,0.0,0.0,0.0,0.0,0.0,0.0,0.0,0.0,0.0,0.0,0.0,0.0,0.0,0.0,0.0,0.0,0.0,0.0,0.0,J,7.0
0.0,0.0,1.388889,0.38,3.777778,0.69,6.444444,0.84,7.055556,0.75,2.055556,1.0,5.888889,1.07,5.666667,0.83,4.666667,0.76,2.166667,0.75,6.222222,0.76,5.722222,0.56,4.666667,0.52,2.555556,0.46,6.444444,0.49,5.833333,0.36,4.777778,0.33,3.055556,0.17,6.111111,0.15,7.777778,0.11,9.222222,0.1,0,0.0,0.0,0.0,0.0,0.0,0.0,0.0,0.0,0.0,0.0,0.0,0.0,0.0,0.0,0.0,0.0,0.0,0.0,0.0,0.0,0.0,0.0,0.0,0.0,0.0,0.0,0.0,0.0,0.0,0.0,0.0,0.0,0.0,0.0,0.0,0.0,0.0,0.0,0.0,0.0,0.0,0.0,0.0,J,7.0
0.0,0.0,0.791667,0.402174,2.5,0.728261,4.416667,0.858696,5.375,0.826087,1.75,1.0,4.625,1.108696,4.333333,0.880435,3.583333,0.793478,1.958333,0.706522,4.875,0.793478,4.5,0.608696,3.75,0.532609,2.333333,0.391304,5.125,0.5,4.666667,0.391304,3.875,0.358696,2.75,0.119565,4.958333,0.119565,6.208333,0.054348,7.25,0.021739,0,0.0,0.0,0.0,0.0,0.0,0.0,0.0,0.0,0.0,0.0,0.0,0.0,0.0,0.0,0.0,0.0,0.0,0.0,0.0,0.0,0.0,0.0,0.0,0.0,0.0,0.0,0.0,0.0,0.0,0.0,0.0,0.0,0.0,0.0,0.0,0.0,0.0,0.0,0.0,0.0,0.0,0.0,0.0,J,7.0
0.0,0.0,0.322581,0.513158,1.483871,0.934211,2.870968,1.105263,3.612903,1.052632,1.0,1.0,3.225806,1.197368,2.903226,0.986842,2.322581,0.868421,1.290323,0.631579,3.419355,0.881579,3.064516,0.710526,2.516129,0.605263,1.645161,0.289474,3.645161,0.565789,3.258065,0.473684,2.612903,0.381579,2.0,0.013158,3.709677,0.052632,4.741935,0.026316,5.580645,0.026316,0,0.0,0.0,0.0,0.0,0.0,0.0,0.0,0.0,0.0,0.0,0.0,0.0,0.0,0.0,0.0,0.0,0.0,0.0,0.0,0.0,0.0,0.0,0.0,0.0,0.0,0.0,0.0,0.0,0.0,0.0,0.0,0.0,0.0,0.0,0.0,0.0,0.0,0.0,0.0,0.0,0.0,0.0,0.0,J,7.0
0.0,0.0,0.257143,0.541667,1.228571,0.972222,2.371429,1.069444,3.171429,0.958333,1.114286,1.0,3.142857,1.25,2.8,1.097222,2.257143,0.972222,1.457143,0.597222,3.314286,0.944444,2.971429,0.875,2.485714,0.736111,1.8,0.25,3.485714,0.652778,3.142857,0.625,2.6,0.541667,2.114286,0.013889,3.571429,0.152778,4.485714,0.166667,5.314286,0.166667,0,0.0,0.0,0.0,0.0,0.0,0.0,0.0,0.0,0.0,0.0,0.0,0.0,0.0,0.0,0.0,0.0,0.0,0.0,0.0,0.0,0.0,0.0,0.0,0.0,0.0,0.0,0.0,0.0,0.0,0.0,0.0,0.0,0.0,0.0,0.0,0.0,0.0,0.0,0.0,0.0,0.0,0.0,0.0,J,7.0
0.0,0.0,-0.04878,0.6875,0.268293,1.333333,0.878049,1.541667,1.341463,1.416667,-0.121951,1.0,1.219512,1.5625,1.243902,1.458333,0.926829,1.270833,0.170732,0.458333,1.536585,1.125,1.317073,1.020833,0.95122,0.854167,0.536585,0.041667,1.756098,0.729167,1.487805,0.75,1.073171,0.604167,0.878049,-0.25,1.97561,0.104167,2.439024,0.229167,2.707317,0.25,-1.3170731707317074,0.3541666666666667,0.0,0.0,0.228571,0.589041,1.228571,1.0,2.342857,1.054795,3.114286,0.90411,1.257143,1.0,3.171429,1.260274,2.771429,1.123288,2.257143,1.0,1.628571,0.60274,3.4,0.958904,2.971429,0.876712,2.485714,0.739726,1.971429,0.273973,3.571429,0.657534,3.171429,0.643836,2.628571,0.561644,2.257143,0.054795,3.714286,0.219178,4.571429,0.260274,5.342857,0.273973,J,7.0
0.0,0.0,0.0,0.666667,0.512821,1.333333,1.230769,1.520833,1.820513,1.333333,0.25641,1.0,1.717949,1.583333,1.487179,1.333333,1.076923,1.145833,0.589744,0.458333,1.974359,1.125,1.641026,0.958333,1.282051,0.75,0.923077,0.0625,2.179487,0.729167,1.871795,0.666667,1.384615,0.5,1.25641,-0.1875,2.461538,0.104167,3.205128,0.166667,3.769231,0.166667,-1.0769230769230769,0.3541666666666667,0.0,0.0,0.28125,0.611111,1.375,1.0,2.5625,1.055556,3.375,0.888889,1.59375,1.0,3.46875,1.277778,3.0,1.138889,2.5,1.027778,1.96875,0.611111,3.6875,0.972222,3.1875,0.888889,2.71875,0.763889,2.28125,0.291667,3.84375,0.680556,3.4375,0.652778,2.90625,0.569444,2.59375,0.055556,4.0625,0.236111,4.96875,0.305556,5.75,0.347222,J,7.0
0.0,0.0,-0.083333,0.688889,0.333333,1.377778,1.0,1.6,1.611111,1.444444,0.111111,1.0,1.611111,1.577778,1.416667,1.355556,0.944444,1.133333,0.444444,0.444444,1.888889,1.133333,1.583333,0.977778,1.138889,0.755556,0.777778,0.022222,2.083333,0.711111,1.833333,0.688889,1.361111,0.511111,1.111111,-0.288889,2.222222,0.111111,2.722222,0.2,3.0,0.2,-1.3333333333333333,0.4444444444444444,0.0,0.0,0.235294,0.633803,1.235294,1.028169,2.352941,1.084507,3.088235,0.929577,1.382353,1.0,3.176471,1.295775,2.735294,1.169014,2.264706,1.042254,1.764706,0.619718,3.382353,0.985915,2.911765,0.901408,2.470588,0.774648,2.088235,0.295775,3.558824,0.690141,3.176471,0.661972,2.705882,0.577465,2.382353,0.070423,3.764706,0.253521,4.617647,0.338028,5.352941,0.394366,J,7.0
0.0,0.0,0.0,0.647059,0.605263,1.333333,1.394737,1.529412,2.026316,1.352941,0.394737,1.0,1.894737,1.568627,1.631579,1.333333,1.236842,1.156863,0.736842,0.509804,2.157895,1.137255,1.789474,0.960784,1.394737,0.784314,1.078947,0.117647,2.368421,0.745098,2.052632,0.686275,1.552632,0.509804,1.394737,-0.117647,2.657895,0.196078,3.421053,0.294118,4.0,0.313725,-0.9210526315789473,0.2549019607843137,0.0,0.0,0.235294,0.652174,1.264706,1.057971,2.382353,1.115942,3.176471,0.971014,1.411765,1.0,3.235294,1.333333,2.735294,1.202899,2.264706,1.057971,1.794118,0.594203,3.470588,1.014493,2.970588,0.942029,2.5,0.811594,2.117647,0.275362,3.647059,0.710145,3.235294,0.710145,2.764706,0.623188,2.411765,0.057971,3.794118,0.275362,4.647059,0.362319,5.411765,0.42029,J,7.0
0.0,0.0,-0.027778,0.603774,0.555556,1.301887,1.361111,1.54717,2.083333,1.433962,0.555556,1.0,2.138889,1.509434,1.888889,1.339623,1.416667,1.169811,0.944444,0.528302,2.416667,1.150943,2.027778,1.037736,1.611111,0.849057,1.277778,0.169811,2.611111,0.792453,2.25,0.792453,1.722222,0.641509,1.555556,-0.09434,2.777778,0.226415,3.416667,0.320755,3.916667,0.358491,-0.9166666666666666,0.2075471698113207,0.0,0.0,0.2,0.676471,1.2,1.117647,2.314286,1.205882,3.085714,1.073529,1.4,1.0,3.142857,1.352941,2.657143,1.25,2.2,1.102941,1.8,0.588235,3.4,1.029412,2.885714,0.970588,2.428571,0.838235,2.114286,0.264706,3.6,0.720588,3.171429,0.735294,2.685714,0.661765,2.4,0.058824,3.771429,0.294118,4.571429,0.382353,5.314286,0.441176,J,7.0
0.0,0.0,-0.027778,0.68,0.5,1.34,1.194444,1.58,1.833333,1.42,0.388889,1.0,1.944444,1.58,1.638889,1.4,1.194444,1.22,0.75,0.48,2.25,1.2,1.861111,1.08,1.416667,0.9,1.055556,0.12,2.416667,0.8,2.055556,0.8,1.527778,0.66,1.388889,-0.12,2.694444,0.2,3.555556,0.34,4.166667,0.4,-1.0833333333333333,0.28,0.0,0.0,0.205882,0.686567,1.205882,1.164179,2.294118,1.343284,3.117647,1.298507,1.441176,1.0,3.235294,1.402985,2.735294,1.298507,2.235294,1.134328,1.852941,0.597015,3.5,1.089552,2.970588,1.029851,2.5,0.880597,2.176471,0.268657,3.705882,0.776119,3.294118,0.791045,2.794118,0.686567,2.441176,0.074627,3.852941,0.328358,4.705882,0.432836,5.441176,0.477612,J,7.0
0.0,0.0,-0.075,0.630435,0.4,1.369565,1.15,1.652174,1.8,1.5,0.2,1.0,1.6,1.717391,1.45,1.478261,1.05,1.217391,0.525,0.478261,1.9,1.282609,1.6,1.086957,1.25,0.891304,0.85,0.065217,2.1,0.804348,1.8,0.76087,1.35,0.608696,1.2,-0.173913,2.35,0.195652,3.075,0.304348,3.625,0.347826,-1.125,0.3478260869565217,0.0,0.0,0.216216,0.666667,1.189189,1.086957,2.243243,1.173913,2.972973,1.028986,1.297297,1.0,3.027027,1.362319,2.621622,1.246377,2.189189,1.086957,1.702703,0.608696,3.297297,1.028986,2.837838,0.956522,2.405405,0.826087,2.027027,0.275362,3.486486,0.73913,3.108108,0.724638,2.648649,0.637681,2.297297,0.072464,3.594595,0.289855,4.405405,0.391304,5.108108,0.449275,J,7.0
0.0,0.0,0.236842,0.614286,1.210526,1.028571,2.263158,1.1,2.973684,0.942857,1.210526,1.0,2.973684,1.342857,2.631579,1.2,2.184211,1.042857,1.578947,0.6,3.236842,1.014286,2.842105,0.928571,2.368421,0.771429,1.894737,0.257143,3.447368,0.714286,3.078947,0.685714,2.605263,0.6,2.210526,0.042857,3.526316,0.271429,4.342105,0.371429,5.052632,0.442857,0,0.0,0.0,0.0,0.0,0.0,0.0,0.0,0.0,0.0,0.0,0.0,0.0,0.0,0.0,0.0,0.0,0.0,0.0,0.0,0.0,0.0,0.0,0.0,0.0,0.0,0.0,0.0,0.0,0.0,0.0,0.0,0.0,0.0,0.0,0.0,0.0,0.0,0.0,0.0,0.0,0.0,0.0,0.0,J,7.0
0.0,0.0,0.179487,0.573333,1.179487,1.026667,2.358974,1.16,3.076923,1.08,1.076923,1.0,2.820513,1.306667,2.538462,1.2,2.102564,1.053333,1.435897,0.6,3.076923,1.026667,2.717949,0.946667,2.25641,0.8,1.769231,0.28,3.230769,0.733333,2.871795,0.706667,2.410256,0.6,2.076923,0.066667,3.384615,0.28,4.179487,0.373333,4.871795,0.426667,0,0.0,0.0,0.0,0.0,0.0,0.0,0.0,0.0,0.0,0.0,0.0,0.0,0.0,0.0,0.0,0.0,0.0,0.0,0.0,0.0,0.0,0.0,0.0,0.0,0.0,0.0,0.0,0.0,0.0,0.0,0.0,0.0,0.0,0.0,0.0,0.0,0.0,0.0,0.0,0.0,0.0,0.0,0.0,J,7.0
0.0,0.0,0.509091,0.026316,1.145455,0.434211,1.418182,0.868421,1.181818,1.157895,0.836364,1.0,1.090909,1.276316,1.054545,0.907895,0.945455,0.644737,0.509091,1.039474,0.872727,1.315789,0.763636,0.789474,0.6,0.460526,0.181818,1.065789,0.563636,1.236842,0.581818,0.75,0.509091,0.434211,-0.163636,1.065789,0.090909,1.526316,0.381818,1.763158,0.654545,1.973684,0,0.0,0.0,0.0,0.0,0.0,0.0,0.0,0.0,0.0,0.0,0.0,0.0,0.0,0.0,0.0,0.0,0.0,0.0,0.0,0.0,0.0,0.0,0.0,0.0,0.0,0.0,0.0,0.0,0.0,0.0,0.0,0.0,0.0,0.0,0.0,0.0,0.0,0.0,0.0,0.0,0.0,0.0,0.0,J,8.0
0.0,0.0,0.592593,0.127907,1.185185,0.523256,1.444444,0.883721,1.222222,1.139535,0.833333,1.0,1.12963,1.232558,1.092593,0.895349,0.962963,0.651163,0.518519,1.034884,0.888889,1.302326,0.814815,0.848837,0.666667,0.534884,0.185185,1.046512,0.592593,1.209302,0.592593,0.77907,0.481481,0.476744,-0.166667,1.034884,0.111111,1.44186,0.407407,1.662791,0.685185,1.848837,0,0.0,0.0,0.0,0.0,0.0,0.0,0.0,0.0,0.0,0.0,0.0,0.0,0.0,0.0,0.0,0.0,0.0,0.0,0.0,0.0,0.0,0.0,0.0,0.0,0.0,0.0,0.0,0.0,0.0,0.0,0.0,0.0,0.0,0.0,0.0,0.0,0.0,0.0,0.0,0.0,0.0,0.0,0.0,J,8.0
0.0,0.0,0.592593,0.139535,1.185185,0.534884,1.462963,0.906977,1.222222,1.151163,0.833333,1.0,1.12963,1.244186,1.092593,0.906977,0.981481,0.662791,0.518519,1.046512,0.907407,1.313953,0.833333,0.860465,0.685185,0.55814,0.203704,1.05814,0.592593,1.22093,0.592593,0.77907,0.481481,0.488372,-0.166667,1.034884,0.111111,1.453488,0.407407,1.662791,0.685185,1.848837,0,0.0,0.0,0.0,0.0,0.0,0.0,0.0,0.0,0.0,0.0,0.0,0.0,0.0,0.0,0.0,0.0,0.0,0.0,0.0,0.0,0.0,0.0,0.0,0.0,0.0,0.0,0.0,0.0,0.0,0.0,0.0,0.0,0.0,0.0,0.0,0.0,0.0,0.0,0.0,0.0,0.0,0.0,0.0,J,8.0
0.0,0.0,0.592593,0.141176,1.185185,0.541176,1.444444,0.905882,1.203704,1.152941,0.833333,1.0,1.148148,1.235294,1.111111,0.905882,0.981481,0.658824,0.537037,1.047059,0.907407,1.305882,0.814815,0.858824,0.685185,0.541176,0.203704,1.058824,0.592593,1.223529,0.574074,0.788235,0.462963,0.494118,-0.166667,1.047059,0.12963,1.458824,0.407407,1.670588,0.685185,1.858824,0,0.0,0.0,0.0,0.0,0.0,0.0,0.0,0.0,0.0,0.0,0.0,0.0,0.0,0.0,0.0,0.0,0.0,0.0,0.0,0.0,0.0,0.0,0.0,0.0,0.0,0.0,0.0,0.0,0.0,0.0,0.0,0.0,0.0,0.0,0.0,0.0,0.0,0.0,0.0,0.0,0.0,0.0,0.0,J,8.0
0.0,0.0,0.634615,0.117647,1.269231,0.505882,1.557692,0.882353,1.288462,1.117647,0.884615,1.0,1.192308,1.235294,1.153846,0.882353,1.019231,0.623529,0.576923,1.035294,0.942308,1.282353,0.865385,0.811765,0.692308,0.505882,0.25,1.047059,0.653846,1.2,0.634615,0.764706,0.519231,0.482353,-0.115385,1.035294,0.173077,1.458824,0.442308,1.705882,0.711538,1.905882,0,0.0,0.0,0.0,0.0,0.0,0.0,0.0,0.0,0.0,0.0,0.0,0.0,0.0,0.0,0.0,0.0,0.0,0.0,0.0,0.0,0.0,0.0,0.0,0.0,0.0,0.0,0.0,0.0,0.0,0.0,0.0,0.0,0.0,0.0,0.0,0.0,0.0,0.0,0.0,0.0,0.0,0.0,0.0,J,8.0
0.0,0.0,0.686275,0.123457,1.411765,0.481481,1.764706,0.839506,1.54902,1.123457,1.117647,1.0,1.490196,1.234568,1.372549,0.888889,1.196078,0.641975,0.823529,1.061728,1.215686,1.320988,1.058824,0.876543,0.862745,0.592593,0.490196,1.111111,0.921569,1.283951,0.784314,0.839506,0.588235,0.54321,0.117647,1.148148,0.431373,1.580247,0.647059,1.82716,0.862745,2.049383,0,0.0,0.0,0.0,0.0,0.0,0.0,0.0,0.0,0.0,0.0,0.0,0.0,0.0,0.0,0.0,0.0,0.0,0.0,0.0,0.0,0.0,0.0,0.0,0.0,0.0,0.0,0.0,0.0,0.0,0.0,0.0,0.0,0.0,0.0,0.0,0.0,0.0,0.0,0.0,0.0,0.0,0.0,0.0,J,8.0
0.0,0.0,0.72549,0.090909,1.509804,0.441558,1.882353,0.844156,1.647059,1.155844,1.235294,1.0,1.627451,1.220779,1.470588,0.87013,1.235294,0.623377,0.941176,1.103896,1.352941,1.350649,1.156863,0.909091,0.921569,0.61039,0.607843,1.181818,1.058824,1.350649,0.901961,0.896104,0.686275,0.597403,0.235294,1.233766,0.588235,1.649351,0.823529,1.909091,1.039216,2.142857,0,0.0,0.0,0.0,0.0,0.0,0.0,0.0,0.0,0.0,0.0,0.0,0.0,0.0,0.0,0.0,0.0,0.0,0.0,0.0,0.0,0.0,0.0,0.0,0.0,0.0,0.0,0.0,0.0,0.0,0.0,0.0,0.0,0.0,0.0,0.0,0.0,0.0,0.0,0.0,0.0,0.0,0.0,0.0,J,8.0
0.0,0.0,0.78,0.041667,1.62,0.402778,2.0,0.847222,1.66,1.138889,1.36,1.0,1.78,1.236111,1.56,0.875,1.3,0.625,1.06,1.125,1.5,1.361111,1.18,0.888889,0.88,0.583333,0.72,1.222222,1.18,1.416667,0.96,0.944444,0.7,0.625,0.36,1.305556,0.78,1.736111,1.06,2.0,1.32,2.236111,0,0.0,0.0,0.0,0.0,0.0,0.0,0.0,0.0,0.0,0.0,0.0,0.0,0.0,0.0,0.0,0.0,0.0,0.0,0.0,0.0,0.0,0.0,0.0,0.0,0.0,0.0,0.0,0.0,0.0,0.0,0.0,0.0,0.0,0.0,0.0,0.0,0.0,0.0,0.0,0.0,0.0,0.0,0.0,J,8.0
0.0,0.0,0.74,0.0,1.6,0.353846,1.98,0.830769,1.68,1.169231,1.46,1.0,1.88,1.230769,1.62,0.907692,1.32,0.661538,1.14,1.169231,1.56,1.430769,1.24,0.953846,0.92,0.615385,0.82,1.307692,1.22,1.507692,0.98,1.0,0.74,0.646154,0.46,1.415385,0.92,1.846154,1.22,2.107692,1.5,2.369231,0,0.0,0.0,0.0,0.0,0.0,0.0,0.0,0.0,0.0,0.0,0.0,0.0,0.0,0.0,0.0,0.0,0.0,0.0,0.0,0.0,0.0,0.0,0.0,0.0,0.0,0.0,0.0,0.0,0.0,0.0,0.0,0.0,0.0,0.0,0.0,0.0,0.0,0.0,0.0,0.0,0.0,0.0,0.0,J,8.0
0.0,0.0,0.72,-0.015625,1.6,0.375,1.96,0.84375,1.66,1.109375,1.46,1.0,1.88,1.234375,1.62,0.90625,1.34,0.671875,1.14,1.171875,1.56,1.421875,1.18,0.90625,0.82,0.53125,0.82,1.3125,1.24,1.53125,1.0,1.0,0.76,0.640625,0.46,1.421875,0.94,1.875,1.22,2.140625,1.48,2.421875,0,0.0,0.0,0.0,0.0,0.0,0.0,0.0,0.0,0.0,0.0,0.0,0.0,0.0,0.0,0.0,0.0,0.0,0.0,0.0,0.0,0.0,0.0,0.0,0.0,0.0,0.0,0.0,0.0,0.0,0.0,0.0,0.0,0.0,0.0,0.0,0.0,0.0,0.0,0.0,0.0,0.0,0.0,0.0,J,8.0
0.0,0.0,1.0,0.04878,2.078947,0.390244,2.657895,0.731707,2.210526,0.926829,1.526316,1.0,2.263158,1.134146,2.0,0.780488,1.710526,0.560976,1.157895,1.085366,2.026316,1.231707,1.657895,0.780488,1.289474,0.52439,0.815789,1.134146,1.684211,1.243902,1.394737,0.804878,1.052632,0.52439,0.526316,1.158537,1.236842,1.512195,1.605263,1.756098,1.921053,1.987805,0,0.0,0.0,0.0,0.0,0.0,0.0,0.0,0.0,0.0,0.0,0.0,0.0,0.0,0.0,0.0,0.0,0.0,0.0,0.0,0.0,0.0,0.0,0.0,0.0,0.0,0.0,0.0,0.0,0.0,0.0,0.0,0.0,0.0,0.0,0.0,0.0,0.0,0.0,0.0,0.0,0.0,0.0,0.0,J,8.0
0.0,0.0,2.047619,0.14,3.571429,0.41,4.666667,0.65,4.238095,0.77,1.761905,1.0,3.571429,1.07,3.47619,0.73,2.952381,0.57,1.142857,0.99,3.333333,1.01,3.142857,0.62,2.619048,0.47,0.857143,0.92,3.0,0.91,2.761905,0.55,2.142857,0.38,0.761905,0.82,2.047619,1.15,2.761905,1.37,3.285714,1.57,0,0.0,0.0,0.0,0.0,0.0,0.0,0.0,0.0,0.0,0.0,0.0,0.0,0.0,0.0,0.0,0.0,0.0,0.0,0.0,0.0,0.0,0.0,0.0,0.0,0.0,0.0,0.0,0.0,0.0,0.0,0.0,0.0,0.0,0.0,0.0,0.0,0.0,0.0,0.0,0.0,0.0,0.0,0.0,J,8.0
0.0,0.0,2.846154,0.162162,4.615385,0.396396,6.076923,0.603604,6.076923,0.756757,0.153846,1.0,4.384615,0.981982,4.615385,0.72973,3.846154,0.603604,-1.0,0.927928,4.461538,0.855856,4.384615,0.585586,3.769231,0.441441,-1.153846,0.765766,4.076923,0.693694,3.538462,0.414414,2.538462,0.261261,-0.846154,0.531532,1.846154,0.765766,3.153846,0.954955,4.461538,1.162162,0,0.0,0.0,0.0,0.0,0.0,0.0,0.0,0.0,0.0,0.0,0.0,0.0,0.0,0.0,0.0,0.0,0.0,0.0,0.0,0.0,0.0,0.0,0.0,0.0,0.0,0.0,0.0,0.0,0.0,0.0,0.0,0.0,0.0,0.0,0.0,0.0,0.0,0.0,0.0,0.0,0.0,0.0,0.0,J,8.0
0.0,0.0,9.4,0.230769,15.2,0.444444,19.8,0.598291,21.2,0.649573,4.8,1.0,17.0,0.940171,16.8,0.675214,14.0,0.589744,2.8,0.880342,17.2,0.769231,16.2,0.529915,13.4,0.452991,2.4,0.692308,16.4,0.598291,15.0,0.384615,11.8,0.290598,3.8,0.461538,13.4,0.521368,17.4,0.581197,20.6,0.683761,0,0.0,0.0,0.0,0.0,0.0,0.0,0.0,0.0,0.0,0.0,0.0,0.0,0.0,0.0,0.0,0.0,0.0,0.0,0.0,0.0,0.0,0.0,0.0,0.0,0.0,0.0,0.0,0.0,0.0,0.0,0.0,0.0,0.0,0.0,0.0,0.0,0.0,0.0,0.0,0.0,0.0,0.0,0.0,J,8.0
0.0,0.0,1.928571,0.39,4.5,0.67,7.285714,0.79,8.0,0.69,1.357143,1.0,5.928571,1.04,6.214286,0.79,5.357143,0.69,1.285714,0.77,6.214286,0.75,6.285714,0.53,5.428571,0.47,1.642857,0.51,6.357143,0.5,6.285714,0.36,5.428571,0.32,2.357143,0.24,5.5,0.26,7.0,0.27,8.214286,0.29,0,0.0,0.0,0.0,0.0,0.0,0.0,0.0,0.0,0.0,0.0,0.0,0.0,0.0,0.0,0.0,0.0,0.0,0.0,0.0,0.0,0.0,0.0,0.0,0.0,0.0,0.0,0.0,0.0,0.0,0.0,0.0,0.0,0.0,0.0,0.0,0.0,0.0,0.0,0.0,0.0,0.0,0.0,0.0,J,8.0
0.0,0.0,1.411765,0.434783,3.823529,0.771739,6.294118,0.902174,7.117647,0.76087,1.588235,1.0,5.294118,1.076087,5.529412,0.815217,4.647059,0.706522,1.647059,0.728261,5.823529,0.73913,5.588235,0.51087,4.529412,0.456522,2.058824,0.423913,6.0,0.445652,5.705882,0.326087,4.705882,0.304348,2.588235,0.130435,5.647059,0.119565,7.294118,0.076087,8.411765,0.043478,0,0.0,0.0,0.0,0.0,0.0,0.0,0.0,0.0,0.0,0.0,0.0,0.0,0.0,0.0,0.0,0.0,0.0,0.0,0.0,0.0,0.0,0.0,0.0,0.0,0.0,0.0,0.0,0.0,0.0,0.0,0.0,0.0,0.0,0.0,0.0,0.0,0.0,0.0,0.0,0.0,0.0,0.0,0.0,J,8.0
0.0,0.0,0.636364,0.506849,2.363636,0.931507,4.363636,1.054795,5.0,0.849315,1.045455,1.0,4.0,1.109589,3.727273,0.90411,2.818182,0.808219,1.227273,0.60274,4.363636,0.739726,3.818182,0.589041,2.818182,0.506849,1.636364,0.232877,4.590909,0.424658,4.0,0.356164,2.954545,0.328767,2.045455,-0.082192,4.409091,-0.136986,5.590909,-0.232877,6.454545,-0.315068,0,0.0,0.0,0.0,0.0,0.0,0.0,0.0,0.0,0.0,0.0,0.0,0.0,0.0,0.0,0.0,0.0,0.0,0.0,0.0,0.0,0.0,0.0,0.0,0.0,0.0,0.0,0.0,0.0,0.0,0.0,0.0,0.0,0.0,0.0,0.0,0.0,0.0,0.0,0.0,0.0,0.0,0.0,0.0,J,8.0
0.0,0.0,0.407407,0.576271,1.703704,1.152542,3.185185,1.288136,3.740741,1.033898,0.777778,1.0,3.185185,1.220339,2.814815,1.0,2.074074,0.864407,1.0,0.525424,3.407407,0.79661,2.925926,0.661017,2.296296,0.525424,1.37037,0.101695,3.592593,0.40678,3.148148,0.389831,2.444444,0.322034,1.777778,-0.220339,3.62963,-0.237288,4.592593,-0.322034,5.37037,-0.389831,0,0.0,0.0,0.0,0.0,0.0,0.0,0.0,0.0,0.0,0.0,0.0,0.0,0.0,0.0,0.0,0.0,0.0,0.0,0.0,0.0,0.0,0.0,0.0,0.0,0.0,0.0,0.0,0.0,0.0,0.0,0.0,0.0,0.0,0.0,0.0,0.0,0.0,0.0,0.0,0.0,0.0,0.0,0.0,J,8.0
0.0,0.0,0.25,0.76087,1.25,1.521739,2.392857,1.717391,3.142857,1.391304,0.714286,1.0,2.964286,1.369565,2.535714,1.26087,1.928571,1.152174,1.0,0.413043,3.214286,0.891304,2.714286,0.869565,2.142857,0.73913,1.357143,-0.043478,3.357143,0.456522,2.892857,0.521739,2.178571,0.478261,1.714286,-0.347826,3.428571,-0.23913,4.464286,-0.304348,5.25,-0.413043,0,0.0,0.0,0.0,0.0,0.0,0.0,0.0,0.0,0.0,0.0,0.0,0.0,0.0,0.0,0.0,0.0,0.0,0.0,0.0,0.0,0.0,0.0,0.0,0.0,0.0,0.0,0.0,0.0,0.0,0.0,0.0,0.0,0.0,0.0,0.0,0.0,0.0,0.0,0.0,0.0,0.0,0.0,0.0,J,8.0
0.0,0.0,0.291667,0.795918,1.5,1.530612,2.875,1.755102,3.875,1.55102,1.791667,1.0,4.041667,1.44898,3.333333,1.428571,2.708333,1.285714,2.166667,0.469388,4.333333,1.040816,3.625,1.040816,3.0,0.897959,2.458333,0.102041,4.458333,0.612245,3.916667,0.693878,3.208333,0.591837,2.791667,-0.142857,4.625,0.020408,5.791667,0.081633,6.75,0.061224,0,0.0,0.0,0.0,0.0,0.0,0.0,0.0,0.0,0.0,0.0,0.0,0.0,0.0,0.0,0.0,0.0,0.0,0.0,0.0,0.0,0.0,0.0,0.0,0.0,0.0,0.0,0.0,0.0,0.0,0.0,0.0,0.0,0.0,0.0,0.0,0.0,0.0,0.0,0.0,0.0,0.0,0.0,0.0,J,8.0
0.0,0.0,0.269231,0.875,1.5,1.625,2.846154,1.875,3.807692,1.666667,1.807692,1.0,3.807692,1.541667,3.076923,1.520833,2.538462,1.354167,2.230769,0.458333,4.076923,1.104167,3.384615,1.104167,2.884615,0.9375,2.5,0.083333,4.269231,0.666667,3.692308,0.729167,3.076923,0.604167,2.807692,-0.145833,4.461538,0.083333,5.5,0.166667,6.346154,0.145833,0,0.0,0.0,0.0,0.0,0.0,0.0,0.0,0.0,0.0,0.0,0.0,0.0,0.0,0.0,0.0,0.0,0.0,0.0,0.0,0.0,0.0,0.0,0.0,0.0,0.0,0.0,0.0,0.0,0.0,0.0,0.0,0.0,0.0,0.0,0.0,0.0,0.0,0.0,0.0,0.0,0.0,0.0,0.0,J,8.0
0.0,0.0,0.346154,0.87234,1.615385,1.617021,3.038462,1.893617,4.0,1.723404,1.923077,1.0,4.038462,1.531915,3.346154,1.531915,2.769231,1.361702,2.307692,0.446809,4.307692,1.085106,3.615385,1.106383,3.038462,0.93617,2.615385,0.042553,4.5,0.638298,3.923077,0.723404,3.269231,0.617021,2.923077,-0.212766,4.653846,0.021277,5.769231,0.12766,6.692308,0.12766,0,0.0,0.0,0.0,0.0,0.0,0.0,0.0,0.0,0.0,0.0,0.0,0.0,0.0,0.0,0.0,0.0,0.0,0.0,0.0,0.0,0.0,0.0,0.0,0.0,0.0,0.0,0.0,0.0,0.0,0.0,0.0,0.0,0.0,0.0,0.0,0.0,0.0,0.0,0.0,0.0,0.0,0.0,0.0,J,8.0
0.0,0.0,0.384615,0.875,1.692308,1.604167,3.115385,1.833333,4.115385,1.625,1.923077,1.0,4.115385,1.5,3.423077,1.5,2.807692,1.333333,2.307692,0.4375,4.384615,1.041667,3.692308,1.083333,3.115385,0.9375,2.615385,0.020833,4.615385,0.604167,4.038462,0.6875,3.346154,0.583333,2.923077,-0.25,4.730769,-0.020833,5.807692,0.0625,6.730769,0.0625,0,0.0,0.0,0.0,0.0,0.0,0.0,0.0,0.0,0.0,0.0,0.0,0.0,0.0,0.0,0.0,0.0,0.0,0.0,0.0,0.0,0.0,0.0,0.0,0.0,0.0,0.0,0.0,0.0,0.0,0.0,0.0,0.0,0.0,0.0,0.0,0.0,0.0,0.0,0.0,0.0,0.0,0.0,0.0,J,8.0
0.0,0.0,0.310345,0.784314,1.551724,1.45098,2.931034,1.705882,3.965517,1.588235,1.689655,1.0,3.655172,1.431373,3.206897,1.470588,2.655172,1.333333,2.068966,0.529412,3.896552,1.058824,3.344828,1.098039,2.793103,0.941176,2.37931,0.137255,4.206897,0.666667,3.655172,0.72549,3.034483,0.607843,2.689655,-0.117647,4.275862,0.019608,5.241379,0.078431,6.103448,0.058824,0,0.0,0.0,0.0,0.0,0.0,0.0,0.0,0.0,0.0,0.0,0.0,0.0,0.0,0.0,0.0,0.0,0.0,0.0,0.0,0.0,0.0,0.0,0.0,0.0,0.0,0.0,0.0,0.0,0.0,0.0,0.0,0.0,0.0,0.0,0.0,0.0,0.0,0.0,0.0,0.0,0.0,0.0,0.0,J,8.0
0.0,0.0,0.285714,0.714286,1.535714,1.357143,3.0,1.660714,4.071429,1.571429,1.5,1.0,3.642857,1.410714,3.142857,1.428571,2.571429,1.285714,1.857143,0.553571,3.857143,1.053571,3.321429,1.089286,2.714286,0.928571,2.178571,0.196429,4.107143,0.714286,3.607143,0.732143,3.0,0.589286,2.5,-0.071429,4.178571,0.107143,5.035714,0.125,5.714286,0.053571,0,0.0,0.0,0.0,0.0,0.0,0.0,0.0,0.0,0.0,0.0,0.0,0.0,0.0,0.0,0.0,0.0,0.0,0.0,0.0,0.0,0.0,0.0,0.0,0.0,0.0,0.0,0.0,0.0,0.0,0.0,0.0,0.0,0.0,0.0,0.0,0.0,0.0,0.0,0.0,0.0,0.0,0.0,0.0,J,8.0
0.0,0.0,3.666667,0.445783,10.333333,0.843373,17.0,0.975904,20.0,0.819277,5.5,1.0,16.0,1.060241,16.0,0.831325,13.0,0.722892,5.166667,0.650602,16.333333,0.686747,15.5,0.506024,11.666667,0.457831,5.666667,0.313253,15.833333,0.409639,15.0,0.26506,11.833333,0.204819,6.5,0.012048,14.666667,0.13253,14.166667,0.036145,11.666667,-0.024096,0,0.0,0.0,0.0,0.0,0.0,0.0,0.0,0.0,0.0,0.0,0.0,0.0,0.0,0.0,0.0,0.0,0.0,0.0,0.0,0.0,0.0,0.0,0.0,0.0,0.0,0.0,0.0,0.0,0.0,0.0,0.0,0.0,0.0,0.0,0.0,0.0,0.0,0.0,0.0,0.0,0.0,0.0,0.0,J,8.0
0.0,0.0,0.78125,0.265823,1.65625,0.518987,2.375,0.658228,2.875,0.632911,0.8125,1.0,2.03125,0.898734,2.375,0.632911,2.375,0.468354,0.34375,0.822785,1.75,0.632911,2.0625,0.367089,2.09375,0.21519,0.03125,0.594937,1.3125,0.392405,1.59375,0.177215,1.59375,0.050633,-0.1875,0.379747,0.8125,0.240506,1.09375,0.075949,1.15625,-0.025316,0,0.0,0.0,0.0,0.0,0.0,0.0,0.0,0.0,0.0,0.0,0.0,0.0,0.0,0.0,0.0,0.0,0.0,0.0,0.0,0.0,0.0,0.0,0.0,0.0,0.0,0.0,0.0,0.0,0.0,0.0,0.0,0.0,0.0,0.0,0.0,0.0,0.0,0.0,0.0,0.0,0.0,0.0,0.0,J,8.0
0.0,0.0,0.5,-0.083333,1.112903,0.25,1.403226,0.683333,1.403226,1.083333,1.048387,1.0,1.193548,1.283333,1.0,0.883333,0.854839,0.566667,0.741935,1.116667,0.870968,1.383333,0.66129,0.866667,0.532258,0.533333,0.387097,1.2,0.483871,1.333333,0.290323,0.783333,0.16129,0.433333,0.048387,1.266667,0.258065,1.75,0.403226,2.05,0.548387,2.366667,0,0.0,0.0,0.0,0.0,0.0,0.0,0.0,0.0,0.0,0.0,0.0,0.0,0.0,0.0,0.0,0.0,0.0,0.0,0.0,0.0,0.0,0.0,0.0,0.0,0.0,0.0,0.0,0.0,0.0,0.0,0.0,0.0,0.0,0.0,0.0,0.0,0.0,0.0,0.0,0.0,0.0,0.0,0.0,J,9.0
0.0,0.0,0.610169,0.029412,1.220339,0.352941,1.525424,0.720588,1.525424,1.073529,1.118644,1.0,1.322034,1.264706,1.101695,0.882353,0.932203,0.602941,0.79661,1.102941,0.983051,1.323529,0.762712,0.867647,0.627119,0.573529,0.457627,1.147059,0.59322,1.294118,0.389831,0.808824,0.254237,0.485294,0.118644,1.205882,0.355932,1.647059,0.508475,1.911765,0.644068,2.176471,0,0.0,0.0,0.0,0.0,0.0,0.0,0.0,0.0,0.0,0.0,0.0,0.0,0.0,0.0,0.0,0.0,0.0,0.0,0.0,0.0,0.0,0.0,0.0,0.0,0.0,0.0,0.0,0.0,0.0,0.0,0.0,0.0,0.0,0.0,0.0,0.0,0.0,0.0,0.0,0.0,0.0,0.0,0.0,J,9.0
0.0,0.0,0.596774,0.014706,1.177419,0.323529,1.467742,0.705882,1.467742,1.073529,1.129032,1.0,1.322581,1.264706,1.096774,0.882353,0.919355,0.602941,0.822581,1.117647,0.967742,1.338235,0.741935,0.852941,0.596774,0.558824,0.483871,1.176471,0.564516,1.323529,0.370968,0.823529,0.241935,0.5,0.129032,1.235294,0.370968,1.676471,0.5,1.941176,0.629032,2.205882,0,0.0,0.0,0.0,0.0,0.0,0.0,0.0,0.0,0.0,0.0,0.0,0.0,0.0,0.0,0.0,0.0,0.0,0.0,0.0,0.0,0.0,0.0,0.0,0.0,0.0,0.0,0.0,0.0,0.0,0.0,0.0,0.0,0.0,0.0,0.0,0.0,0.0,0.0,0.0,0.0,0.0,0.0,0.0,J,9.0
0.0,0.0,0.571429,0.028169,1.15873,0.338028,1.428571,0.690141,1.428571,1.042254,1.047619,1.0,1.238095,1.239437,1.047619,0.873239,0.873016,0.591549,0.730159,1.084507,0.904762,1.295775,0.698413,0.816901,0.555556,0.507042,0.380952,1.126761,0.507937,1.253521,0.349206,0.760563,0.222222,0.450704,0.047619,1.169014,0.222222,1.619718,0.349206,1.887324,0.444444,2.15493,0,0.0,0.0,0.0,0.0,0.0,0.0,0.0,0.0,0.0,0.0,0.0,0.0,0.0,0.0,0.0,0.0,0.0,0.0,0.0,0.0,0.0,0.0,0.0,0.0,0.0,0.0,0.0,0.0,0.0,0.0,0.0,0.0,0.0,0.0,0.0,0.0,0.0,0.0,0.0,0.0,0.0,0.0,0.0,J,9.0
0.0,0.0,0.603175,0.095745,1.126984,0.340426,1.460317,0.521277,1.555556,0.723404,0.746032,1.0,1.111111,0.946809,1.047619,0.648936,0.904762,0.489362,0.396825,1.031915,0.777778,0.882979,0.698413,0.510638,0.587302,0.329787,0.063492,0.946809,0.380952,0.808511,0.380952,0.425532,0.333333,0.212766,-0.253968,0.808511,-0.206349,1.053191,-0.15873,1.223404,-0.095238,1.404255,0,0.0,0.0,0.0,0.0,0.0,0.0,0.0,0.0,0.0,0.0,0.0,0.0,0.0,0.0,0.0,0.0,0.0,0.0,0.0,0.0,0.0,0.0,0.0,0.0,0.0,0.0,0.0,0.0,0.0,0.0,0.0,0.0,0.0,0.0,0.0,0.0,0.0,0.0,0.0,0.0,0.0,0.0,0.0,J,9.0
0.0,0.0,0.639344,0.12766,1.081967,0.297872,1.442623,0.414894,1.672131,0.574468,0.737705,1.0,1.163934,0.765957,1.114754,0.478723,0.967213,0.361702,0.360656,0.978723,0.803279,0.62766,0.786885,0.319149,0.672131,0.202128,0.016393,0.840426,0.409836,0.56383,0.442623,0.244681,0.42623,0.095745,-0.262295,0.638298,-0.213115,0.734043,-0.213115,0.808511,-0.196721,0.904255,0,0.0,0.0,0.0,0.0,0.0,0.0,0.0,0.0,0.0,0.0,0.0,0.0,0.0,0.0,0.0,0.0,0.0,0.0,0.0,0.0,0.0,0.0,0.0,0.0,0.0,0.0,0.0,0.0,0.0,0.0,0.0,0.0,0.0,0.0,0.0,0.0,0.0,0.0,0.0,0.0,0.0,0.0,0.0,J,9.0
0.0,0.0,0.684211,0.166667,1.105263,0.322222,1.473684,0.422222,1.77193,0.522222,0.666667,1.0,1.280702,0.677778,1.245614,0.377778,1.070175,0.288889,0.280702,0.922222,0.964912,0.533333,0.964912,0.233333,0.859649,0.155556,-0.070175,0.722222,0.54386,0.411111,0.649123,0.111111,0.596491,0.033333,-0.333333,0.455556,-0.157895,0.433333,-0.140351,0.444444,-0.140351,0.511111,0,0.0,0.0,0.0,0.0,0.0,0.0,0.0,0.0,0.0,0.0,0.0,0.0,0.0,0.0,0.0,0.0,0.0,0.0,0.0,0.0,0.0,0.0,0.0,0.0,0.0,0.0,0.0,0.0,0.0,0.0,0.0,0.0,0.0,0.0,0.0,0.0,0.0,0.0,0.0,0.0,0.0,0.0,0.0,J,9.0
0.0,0.0,1.069767,0.283951,1.837209,0.469136,2.465116,0.530864,2.976744,0.530864,1.093023,1.0,2.302326,0.62963,2.139535,0.407407,1.790698,0.395062,0.651163,0.802469,2.046512,0.345679,1.744186,0.135802,1.395349,0.209877,0.325581,0.518519,1.651163,0.098765,1.372093,-0.024691,1.0,0.012346,0.093023,0.209877,0.906977,-0.08642,1.116279,-0.185185,1.209302,-0.234568,0,0.0,0.0,0.0,0.0,0.0,0.0,0.0,0.0,0.0,0.0,0.0,0.0,0.0,0.0,0.0,0.0,0.0,0.0,0.0,0.0,0.0,0.0,0.0,0.0,0.0,0.0,0.0,0.0,0.0,0.0,0.0,0.0,0.0,0.0,0.0,0.0,0.0,0.0,0.0,0.0,0.0,0.0,0.0,J,9.0
0.0,0.0,1.419355,0.455882,2.612903,0.705882,3.548387,0.632353,4.483871,0.632353,1.967742,1.0,3.774194,0.705882,3.483871,0.5,2.967742,0.455882,1.645161,0.661765,3.516129,0.367647,3.032258,0.161765,2.548387,0.205882,1.225806,0.279412,2.903226,0.044118,2.419355,-0.029412,1.870968,0.073529,0.967742,-0.102941,2.032258,-0.352941,2.806452,-0.485294,3.387097,-0.588235,0,0.0,0.0,0.0,0.0,0.0,0.0,0.0,0.0,0.0,0.0,0.0,0.0,0.0,0.0,0.0,0.0,0.0,0.0,0.0,0.0,0.0,0.0,0.0,0.0,0.0,0.0,0.0,0.0,0.0,0.0,0.0,0.0,0.0,0.0,0.0,0.0,0.0,0.0,0.0,0.0,0.0,0.0,0.0,J,9.0
0.0,0.0,2.5,0.426829,7.625,0.780488,12.875,0.926829,16.75,0.95122,6.625,1.0,14.625,0.853659,13.25,0.658537,11.375,0.646341,5.875,0.695122,14.625,0.54878,12.875,0.378049,10.625,0.365854,5.75,0.341463,14.125,0.256098,12.25,0.146341,9.75,0.146341,5.625,0.0,11.75,-0.073171,15.375,-0.146341,18.5,-0.182927,0,0.0,0.0,0.0,0.0,0.0,0.0,0.0,0.0,0.0,0.0,0.0,0.0,0.0,0.0,0.0,0.0,0.0,0.0,0.0,0.0,0.0,0.0,0.0,0.0,0.0,0.0,0.0,0.0,0.0,0.0,0.0,0.0,0.0,0.0,0.0,0.0,0.0,0.0,0.0,0.0,0.0,0.0,0.0,J,9.0
0.0,0.0,0.37037,0.39,1.222222,0.78,2.481481,0.97,3.444444,0.94,1.074074,1.0,3.481481,1.16,3.407407,0.94,2.888889,0.85,1.259259,0.76,3.851852,0.88,3.592593,0.67,2.962963,0.61,1.62963,0.5,4.0,0.62,3.666667,0.47,3.0,0.41,2.074074,0.25,3.888889,0.42,4.962963,0.5,5.851852,0.59,0,0.0,0.0,0.0,0.0,0.0,0.0,0.0,0.0,0.0,0.0,0.0,0.0,0.0,0.0,0.0,0.0,0.0,0.0,0.0,0.0,0.0,0.0,0.0,0.0,0.0,0.0,0.0,0.0,0.0,0.0,0.0,0.0,0.0,0.0,0.0,0.0,0.0,0.0,0.0,0.0,0.0,0.0,0.0,J,9.0
0.0,0.0,-0.075472,0.358491,0.037736,0.801887,0.396226,1.122642,0.754717,1.254717,-0.037736,1.0,1.056604,1.283019,1.150943,1.09434,0.943396,0.981132,0.226415,0.811321,1.415094,1.075472,1.415094,0.886792,1.169811,0.783019,0.584906,0.603774,1.622642,0.877358,1.584906,0.726415,1.301887,0.622642,0.962264,0.415094,1.754717,0.726415,2.226415,0.896226,2.603774,1.056604,0,0.0,0.0,0.0,0.0,0.0,0.0,0.0,0.0,0.0,0.0,0.0,0.0,0.0,0.0,0.0,0.0,0.0,0.0,0.0,0.0,0.0,0.0,0.0,0.0,0.0,0.0,0.0,0.0,0.0,0.0,0.0,0.0,0.0,0.0,0.0,0.0,0.0,0.0,0.0,0.0,0.0,0.0,0.0,J,9.0
0.0,0.0,-0.208955,0.353535,-0.343284,0.838384,-0.253731,1.232323,0.014925,1.424242,-0.328358,1.0,0.477612,1.363636,0.492537,1.171717,0.298507,1.040404,-0.014925,0.828283,0.761194,1.212121,0.761194,1.010101,0.597015,0.89899,0.328358,0.656566,1.0,1.040404,0.985075,0.878788,0.791045,0.747475,0.671642,0.515152,1.164179,0.919192,1.477612,1.141414,1.716418,1.353535,0,0.0,0.0,0.0,0.0,0.0,0.0,0.0,0.0,0.0,0.0,0.0,0.0,0.0,0.0,0.0,0.0,0.0,0.0,0.0,0.0,0.0,0.0,0.0,0.0,0.0,0.0,0.0,0.0,0.0,0.0,0.0,0.0,0.0,0.0,0.0,0.0,0.0,0.0,0.0,0.0,0.0,0.0,0.0,J,9.0
0.0,0.0,-0.253333,0.333333,-0.493333,0.8125,-0.52,1.21875,-0.32,1.416667,-0.52,1.0,0.146667,1.447917,0.2,1.25,0.066667,1.09375,-0.226667,0.854167,0.426667,1.333333,0.48,1.125,0.333333,0.96875,0.12,0.71875,0.666667,1.166667,0.68,1.0,0.533333,0.854167,0.48,0.604167,0.813333,1.083333,1.026667,1.364583,1.186667,1.614583,0,0.0,0.0,0.0,0.0,0.0,0.0,0.0,0.0,0.0,0.0,0.0,0.0,0.0,0.0,0.0,0.0,0.0,0.0,0.0,0.0,0.0,0.0,0.0,0.0,0.0,0.0,0.0,0.0,0.0,0.0,0.0,0.0,0.0,0.0,0.0,0.0,0.0,0.0,0.0,0.0,0.0,0.0,0.0,J,9.0
0.0,0.0,-0.291139,0.337079,-0.594937,0.842697,-0.658228,1.292135,-0.506329,1.550562,-0.708861,1.0,-0.151899,1.539326,-0.012658,1.314607,-0.126582,1.134831,-0.43038,0.876404,0.113924,1.438202,0.240506,1.202247,0.126582,1.033708,-0.075949,0.752809,0.379747,1.292135,0.443038,1.101124,0.329114,0.910112,0.291139,0.674157,0.518987,1.224719,0.670886,1.573034,0.772152,1.876404,0,0.0,0.0,0.0,0.0,0.0,0.0,0.0,0.0,0.0,0.0,0.0,0.0,0.0,0.0,0.0,0.0,0.0,0.0,0.0,0.0,0.0,0.0,0.0,0.0,0.0,0.0,0.0,0.0,0.0,0.0,0.0,0.0,0.0,0.0,0.0,0.0,0.0,0.0,0.0,0.0,0.0,0.0,0.0,J,9.0
0.0,0.0,-0.303797,0.285714,-0.670886,0.75,-0.822785,1.178571,-0.772152,1.416667,-0.772152,1.0,-0.265823,1.595238,-0.139241,1.369048,-0.240506,1.190476,-0.481013,0.880952,0.012658,1.488095,0.126582,1.25,0.025316,1.095238,-0.126582,0.785714,0.291139,1.380952,0.35443,1.178571,0.227848,0.988095,0.227848,0.72619,0.392405,1.309524,0.481013,1.666667,0.531646,2.0,0,0.0,0.0,0.0,0.0,0.0,0.0,0.0,0.0,0.0,0.0,0.0,0.0,0.0,0.0,0.0,0.0,0.0,0.0,0.0,0.0,0.0,0.0,0.0,0.0,0.0,0.0,0.0,0.0,0.0,0.0,0.0,0.0,0.0,0.0,0.0,0.0,0.0,0.0,0.0,0.0,0.0,0.0,0.0,J,9.0
0.0,0.0,-0.3125,0.305882,-0.6875,0.752941,-0.8625,1.176471,-0.8125,1.435294,-0.725,1.0,-0.3,1.623529,-0.175,1.411765,-0.25,1.211765,-0.425,0.894118,-0.0125,1.529412,0.1125,1.317647,0.0375,1.141176,-0.0875,0.8,0.2625,1.411765,0.325,1.235294,0.225,1.035294,0.275,0.752941,0.3875,1.364706,0.4625,1.741176,0.5,2.058824,0,0.0,0.0,0.0,0.0,0.0,0.0,0.0,0.0,0.0,0.0,0.0,0.0,0.0,0.0,0.0,0.0,0.0,0.0,0.0,0.0,0.0,0.0,0.0,0.0,0.0,0.0,0.0,0.0,0.0,0.0,0.0,0.0,0.0,0.0,0.0,0.0,0.0,0.0,0.0,0.0,0.0,0.0,0.0,J,9.0
0.0,0.0,-0.333333,0.274725,-0.703704,0.714286,-0.851852,1.142857,-0.679012,1.384615,-0.679012,1.0,-0.234568,1.582418,-0.111111,1.373626,-0.197531,1.186813,-0.382716,0.912088,0.049383,1.505495,0.148148,1.274725,0.061728,1.098901,-0.037037,0.824176,0.283951,1.417582,0.358025,1.21978,0.271605,1.021978,0.320988,0.747253,0.444444,1.32967,0.518519,1.681319,0.555556,1.989011,0,0.0,0.0,0.0,0.0,0.0,0.0,0.0,0.0,0.0,0.0,0.0,0.0,0.0,0.0,0.0,0.0,0.0,0.0,0.0,0.0,0.0,0.0,0.0,0.0,0.0,0.0,0.0,0.0,0.0,0.0,0.0,0.0,0.0,0.0,0.0,0.0,0.0,0.0,0.0,0.0,0.0,0.0,0.0,J,9.0
0.0,0.0,-0.329268,0.301075,-0.670732,0.741935,-0.780488,1.16129,-0.609756,1.376344,-0.682927,1.0,-0.195122,1.55914,-0.073171,1.354839,-0.158537,1.172043,-0.390244,0.903226,0.073171,1.473118,0.182927,1.247312,0.085366,1.075269,-0.036585,0.806452,0.304878,1.365591,0.378049,1.172043,0.280488,0.978495,0.317073,0.72043,0.439024,1.301075,0.512195,1.645161,0.54878,1.946237,0,0.0,0.0,0.0,0.0,0.0,0.0,0.0,0.0,0.0,0.0,0.0,0.0,0.0,0.0,0.0,0.0,0.0,0.0,0.0,0.0,0.0,0.0,0.0,0.0,0.0,0.0,0.0,0.0,0.0,0.0,0.0,0.0,0.0,0.0,0.0,0.0,0.0,0.0,0.0,0.0,0.0,0.0,0.0,J,9.0
0.0,0.0,-0.372549,0.405405,-0.568627,1.081081,-0.490196,1.648649,-0.254902,2.054054,-0.627451,1.0,-0.392157,1.864865,-0.058824,2.459459,0.235294,2.864865,-0.294118,0.891892,0.117647,1.783784,0.470588,2.378378,0.72549,2.810811,0.058824,0.756757,0.431373,1.594595,0.72549,2.162162,0.921569,2.567568,0.372549,0.621622,0.607843,1.297297,0.764706,1.756757,0.882353,2.081081,0.5294117647058824,1.135135135135135,0.0,0.0,-0.320988,0.304348,-0.679012,0.73913,-0.814815,1.141304,-0.617284,1.358696,-0.654321,1.0,-0.185185,1.576087,-0.074074,1.358696,-0.160494,1.173913,-0.358025,0.902174,0.098765,1.48913,0.197531,1.26087,0.098765,1.086957,-0.012346,0.815217,0.333333,1.380435,0.395062,1.195652,0.296296,1.01087,0.345679,0.728261,0.469136,1.315217,0.54321,1.663043,0.567901,1.967391,J,9.0
0.0,0.0,-0.325,0.315789,-0.675,0.757895,-0.8,1.157895,-0.625,1.347368,-0.675,1.0,-0.1875,1.547368,-0.05,1.336842,-0.125,1.157895,-0.3875,0.894737,0.1,1.452632,0.225,1.231579,0.125,1.063158,-0.0375,0.8,0.35,1.347368,0.425,1.157895,0.3125,0.968421,0.325,0.715789,0.475,1.273684,0.5625,1.621053,0.6,1.915789,0,0.0,0.0,0.0,0.0,0.0,0.0,0.0,0.0,0.0,0.0,0.0,0.0,0.0,0.0,0.0,0.0,0.0,0.0,0.0,0.0,0.0,0.0,0.0,0.0,0.0,0.0,0.0,0.0,0.0,0.0,0.0,0.0,0.0,0.0,0.0,0.0,0.0,0.0,0.0,0.0,0.0,0.0,0.0,J,9.0
0.0,0.0,-0.32,0.3125,-0.693333,0.75,-0.84,1.166667,-0.6,1.395833,-0.653333,1.0,-0.16,1.53125,-0.026667,1.333333,-0.106667,1.145833,-0.373333,0.90625,0.133333,1.458333,0.253333,1.239583,0.146667,1.0625,-0.013333,0.802083,0.36,1.354167,0.453333,1.166667,0.36,0.96875,0.346667,0.71875,0.506667,1.270833,0.6,1.604167,0.626667,1.90625,0,0.0,0.0,0.0,0.0,0.0,0.0,0.0,0.0,0.0,0.0,0.0,0.0,0.0,0.0,0.0,0.0,0.0,0.0,0.0,0.0,0.0,0.0,0.0,0.0,0.0,0.0,0.0,0.0,0.0,0.0,0.0,0.0,0.0,0.0,0.0,0.0,0.0,0.0,0.0,0.0,0.0,0.0,0.0,J,9.0
0.0,0.0,-0.324675,0.308511,-0.675325,0.755319,-0.818182,1.180851,-0.623377,1.43617,-0.662338,1.0,-0.12987,1.542553,-0.012987,1.329787,-0.103896,1.148936,-0.376623,0.904255,0.142857,1.457447,0.246753,1.234043,0.142857,1.06383,-0.025974,0.797872,0.376623,1.340426,0.467532,1.148936,0.363636,0.968085,0.337662,0.702128,0.493506,1.255319,0.571429,1.595745,0.61039,1.914894,0,0.0,0.0,0.0,0.0,0.0,0.0,0.0,0.0,0.0,0.0,0.0,0.0,0.0,0.0,0.0,0.0,0.0,0.0,0.0,0.0,0.0,0.0,0.0,0.0,0.0,0.0,0.0,0.0,0.0,0.0,0.0,0.0,0.0,0.0,0.0,0.0,0.0,0.0,0.0,0.0,0.0,0.0,0.0,J,9.0
0.0,0.0,-0.320513,0.309278,-0.653846,0.742268,-0.769231,1.164948,-0.576923,1.381443,-0.653846,1.0,-0.128205,1.494845,0.0,1.298969,-0.076923,1.123711,-0.371795,0.896907,0.153846,1.412371,0.25641,1.195876,0.166667,1.041237,-0.012821,0.793814,0.371795,1.309278,0.448718,1.134021,0.358974,0.948454,0.346154,0.701031,0.474359,1.237113,0.564103,1.556701,0.602564,1.845361,0,0.0,0.0,0.0,0.0,0.0,0.0,0.0,0.0,0.0,0.0,0.0,0.0,0.0,0.0,0.0,0.0,0.0,0.0,0.0,0.0,0.0,0.0,0.0,0.0,0.0,0.0,0.0,0.0,0.0,0.0,0.0,0.0,0.0,0.0,0.0,0.0,0.0,0.0,0.0,0.0,0.0,0.0,0.0,J,9.0
0.0,0.0,-0.3125,0.3125,-0.625,0.760417,-0.75,1.15625,-0.6375,1.333333,-0.7,1.0,-0.125,1.489583,0.0,1.28125,-0.1,1.114583,-0.4125,0.885417,0.1375,1.416667,0.25,1.197917,0.1375,1.03125,-0.0625,0.770833,0.35,1.3125,0.425,1.125,0.325,0.947917,0.3,0.677083,0.45,1.229167,0.5375,1.5625,0.575,1.854167,0,0.0,0.0,0.0,0.0,0.0,0.0,0.0,0.0,0.0,0.0,0.0,0.0,0.0,0.0,0.0,0.0,0.0,0.0,0.0,0.0,0.0,0.0,0.0,0.0,0.0,0.0,0.0,0.0,0.0,0.0,0.0,0.0,0.0,0.0,0.0,0.0,0.0,0.0,0.0,0.0,0.0,0.0,0.0,J,9.0
0.0,0.0,-0.27027,0.333333,-0.540541,0.822222,-0.540541,1.233333,-0.405405,1.388889,-0.756757,1.0,-0.175676,1.544444,0.0,1.322222,-0.094595,1.155556,-0.486486,0.877778,0.094595,1.455556,0.243243,1.222222,0.135135,1.055556,-0.135135,0.766667,0.337838,1.344444,0.418919,1.155556,0.310811,0.966667,0.243243,0.688889,0.418919,1.277778,0.513514,1.633333,0.567568,1.955556,0,0.0,0.0,0.0,0.0,0.0,0.0,0.0,0.0,0.0,0.0,0.0,0.0,0.0,0.0,0.0,0.0,0.0,0.0,0.0,0.0,0.0,0.0,0.0,0.0,0.0,0.0,0.0,0.0,0.0,0.0,0.0,0.0,0.0,0.0,0.0,0.0,0.0,0.0,0.0,0.0,0.0,0.0,0.0,J,9.0
0.0,0.0,-0.291667,0.375,-0.541667,0.863636,-0.472222,1.272727,-0.236111,1.443182,-0.736111,1.0,-0.194444,1.590909,0.0,1.363636,-0.097222,1.181818,-0.486111,0.886364,0.083333,1.5,0.25,1.261364,0.152778,1.079545,-0.125,0.784091,0.333333,1.397727,0.444444,1.193182,0.347222,0.977273,0.263889,0.715909,0.416667,1.318182,0.513889,1.681818,0.569444,2.0,0,0.0,0.0,0.0,0.0,0.0,0.0,0.0,0.0,0.0,0.0,0.0,0.0,0.0,0.0,0.0,0.0,0.0,0.0,0.0,0.0,0.0,0.0,0.0,0.0,0.0,0.0,0.0,0.0,0.0,0.0,0.0,0.0,0.0,0.0,0.0,0.0,0.0,0.0,0.0,0.0,0.0,0.0,0.0,J,9.0
0.0,0.0,0.607143,-0.014085,1.267857,0.323944,1.482143,0.788732,1.214286,1.126761,1.071429,1.0,1.428571,1.323944,1.303571,0.915493,1.142857,0.676056,0.75,1.084507,1.089286,1.295775,0.928571,0.788732,0.767857,0.549296,0.428571,1.098592,0.75,1.211268,0.642857,0.704225,0.482143,0.43662,0.071429,1.112676,0.267857,1.619718,0.464286,1.929577,0.625,2.211268,0,0.0,0.0,0.0,0.0,0.0,0.0,0.0,0.0,0.0,0.0,0.0,0.0,0.0,0.0,0.0,0.0,0.0,0.0,0.0,0.0,0.0,0.0,0.0,0.0,0.0,0.0,0.0,0.0,0.0,0.0,0.0,0.0,0.0,0.0,0.0,0.0,0.0,0.0,0.0,0.0,0.0,0.0,0.0,J,10.0
0.0,0.0,0.792453,0.015152,1.566038,0.454545,1.886792,1.030303,1.584906,1.424242,1.54717,1.0,1.962264,1.348485,1.698113,1.015152,1.45283,0.787879,1.245283,1.181818,1.566038,1.484848,1.264151,1.030303,1.018868,0.742424,0.924528,1.30303,1.226415,1.560606,1.0,1.090909,0.754717,0.757576,0.54717,1.424242,0.867925,1.909091,1.075472,2.227273,1.264151,2.515152,0,0.0,0.0,0.0,0.0,0.0,0.0,0.0,0.0,0.0,0.0,0.0,0.0,0.0,0.0,0.0,0.0,0.0,0.0,0.0,0.0,0.0,0.0,0.0,0.0,0.0,0.0,0.0,0.0,0.0,0.0,0.0,0.0,0.0,0.0,0.0,0.0,0.0,0.0,0.0,0.0,0.0,0.0,0.0,J,10.0
0.0,0.0,0.803922,-0.089286,1.647059,0.375,1.980392,1.053571,1.686275,1.517857,1.627451,1.0,2.039216,1.357143,1.745098,1.035714,1.470588,0.767857,1.313725,1.232143,1.686275,1.589286,1.352941,1.107143,1.058824,0.785714,1.0,1.410714,1.352941,1.75,1.098039,1.214286,0.823529,0.821429,0.627451,1.571429,1.019608,2.089286,1.235294,2.428571,1.431373,2.767857,0,0.0,0.0,0.0,0.0,0.0,0.0,0.0,0.0,0.0,0.0,0.0,0.0,0.0,0.0,0.0,0.0,0.0,0.0,0.0,0.0,0.0,0.0,0.0,0.0,0.0,0.0,0.0,0.0,0.0,0.0,0.0,0.0,0.0,0.0,0.0,0.0,0.0,0.0,0.0,0.0,0.0,0.0,0.0,J,10.0
0.0,0.0,0.833333,-0.117647,1.729167,0.372549,2.125,1.078431,1.833333,1.588235,1.729167,1.0,2.166667,1.352941,1.854167,1.019608,1.541667,0.764706,1.4375,1.254902,1.791667,1.607843,1.4375,1.117647,1.125,0.803922,1.104167,1.470588,1.458333,1.823529,1.208333,1.254902,0.895833,0.862745,0.729167,1.686275,1.145833,2.215686,1.416667,2.568627,1.645833,2.921569,0,0.0,0.0,0.0,0.0,0.0,0.0,0.0,0.0,0.0,0.0,0.0,0.0,0.0,0.0,0.0,0.0,0.0,0.0,0.0,0.0,0.0,0.0,0.0,0.0,0.0,0.0,0.0,0.0,0.0,0.0,0.0,0.0,0.0,0.0,0.0,0.0,0.0,0.0,0.0,0.0,0.0,0.0,0.0,J,10.0
0.0,0.0,0.826087,-0.163265,1.782609,0.326531,2.23913,1.081633,1.934783,1.612245,1.826087,1.0,2.304348,1.346939,1.934783,1.020408,1.608696,0.795918,1.521739,1.285714,1.913043,1.653061,1.521739,1.142857,1.195652,0.836735,1.195652,1.510204,1.586957,1.897959,1.304348,1.306122,0.978261,0.897959,0.826087,1.755102,1.282609,2.285714,1.565217,2.653061,1.804348,3.061224,0,0.0,0.0,0.0,0.0,0.0,0.0,0.0,0.0,0.0,0.0,0.0,0.0,0.0,0.0,0.0,0.0,0.0,0.0,0.0,0.0,0.0,0.0,0.0,0.0,0.0,0.0,0.0,0.0,0.0,0.0,0.0,0.0,0.0,0.0,0.0,0.0,0.0,0.0,0.0,0.0,0.0,0.0,0.0,J,10.0
0.0,0.0,0.829787,-0.170213,1.765957,0.297872,2.191489,1.085106,1.914894,1.659574,1.829787,1.0,2.255319,1.382979,1.893617,1.021277,1.595745,0.765957,1.510638,1.319149,1.893617,1.702128,1.489362,1.148936,1.170213,0.829787,1.191489,1.553191,1.553191,1.93617,1.234043,1.319149,0.914894,0.893617,0.829787,1.808511,1.276596,2.382979,1.553191,2.744681,1.787234,3.12766,0,0.0,0.0,0.0,0.0,0.0,0.0,0.0,0.0,0.0,0.0,0.0,0.0,0.0,0.0,0.0,0.0,0.0,0.0,0.0,0.0,0.0,0.0,0.0,0.0,0.0,0.0,0.0,0.0,0.0,0.0,0.0,0.0,0.0,0.0,0.0,0.0,0.0,0.0,0.0,0.0,0.0,0.0,0.0,J,10.0
0.0,0.0,0.829787,-0.18,1.808511,0.34,2.276596,1.08,1.957447,1.6,1.851064,1.0,2.319149,1.36,1.93617,1.0,1.638298,0.78,1.531915,1.28,1.914894,1.64,1.489362,1.1,1.170213,0.8,1.191489,1.52,1.574468,1.88,1.276596,1.26,0.978723,0.86,0.851064,1.76,1.319149,2.26,1.617021,2.62,1.87234,3.0,0,0.0,0.0,0.0,0.0,0.0,0.0,0.0,0.0,0.0,0.0,0.0,0.0,0.0,0.0,0.0,0.0,0.0,0.0,0.0,0.0,0.0,0.0,0.0,0.0,0.0,0.0,0.0,0.0,0.0,0.0,0.0,0.0,0.0,0.0,0.0,0.0,0.0,0.0,0.0,0.0,0.0,0.0,0.0,J,10.0
0.0,0.0,0.829787,-0.109091,1.808511,0.363636,2.276596,1.018182,1.978723,1.490909,1.829787,1.0,2.319149,1.272727,1.957447,0.927273,1.659574,0.727273,1.510638,1.236364,1.957447,1.545455,1.574468,1.054545,1.255319,0.8,1.191489,1.436364,1.595745,1.709091,1.297872,1.145455,0.978723,0.8,0.829787,1.636364,1.297872,2.127273,1.574468,2.472727,1.829787,2.836364,0,0.0,0.0,0.0,0.0,0.0,0.0,0.0,0.0,0.0,0.0,0.0,0.0,0.0,0.0,0.0,0.0,0.0,0.0,0.0,0.0,0.0,0.0,0.0,0.0,0.0,0.0,0.0,0.0,0.0,0.0,0.0,0.0,0.0,0.0,0.0,0.0,0.0,0.0,0.0,0.0,0.0,0.0,0.0,J,10.0
0.0,0.0,0.909091,-0.044776,1.909091,0.38806,2.386364,0.895522,2.045455,1.283582,1.727273,1.0,2.318182,1.253731,2.0,0.895522,1.681818,0.716418,1.409091,1.149254,1.954545,1.38806,1.613636,0.940299,1.318182,0.731343,1.068182,1.268657,1.613636,1.447761,1.340909,0.940299,0.977273,0.656716,0.727273,1.373134,1.25,1.835821,1.590909,2.134328,1.886364,2.432836,0,0.0,0.0,0.0,0.0,0.0,0.0,0.0,0.0,0.0,0.0,0.0,0.0,0.0,0.0,0.0,0.0,0.0,0.0,0.0,0.0,0.0,0.0,0.0,0.0,0.0,0.0,0.0,0.0,0.0,0.0,0.0,0.0,0.0,0.0,0.0,0.0,0.0,0.0,0.0,0.0,0.0,0.0,0.0,J,10.0
0.0,0.0,1.342857,0.065217,2.457143,0.391304,3.057143,0.728261,2.542857,0.913043,1.742857,1.0,2.742857,1.108696,2.457143,0.771739,2.085714,0.641304,1.314286,1.043478,2.342857,1.086957,2.057143,0.695652,1.657143,0.554348,0.971429,1.021739,2.028571,1.021739,1.8,0.652174,1.371429,0.478261,0.742857,0.967391,1.514286,1.304348,2.0,1.532609,2.314286,1.75,0,0.0,0.0,0.0,0.0,0.0,0.0,0.0,0.0,0.0,0.0,0.0,0.0,0.0,0.0,0.0,0.0,0.0,0.0,0.0,0.0,0.0,0.0,0.0,0.0,0.0,0.0,0.0,0.0,0.0,0.0,0.0,0.0,0.0,0.0,0.0,0.0,0.0,0.0,0.0,0.0,0.0,0.0,0.0,J,10.0
0.0,0.0,1.361111,0.11,2.361111,0.41,2.972222,0.67,2.583333,0.84,1.555556,1.0,2.583333,1.08,2.388889,0.74,2.027778,0.63,1.083333,0.99,2.277778,1.01,2.083333,0.65,1.75,0.54,0.75,0.9,1.972222,0.89,1.833333,0.57,1.472222,0.44,0.555556,0.76,1.388889,1.03,1.861111,1.25,2.194444,1.47,0,0.0,0.0,0.0,0.0,0.0,0.0,0.0,0.0,0.0,0.0,0.0,0.0,0.0,0.0,0.0,0.0,0.0,0.0,0.0,0.0,0.0,0.0,0.0,0.0,0.0,0.0,0.0,0.0,0.0,0.0,0.0,0.0,0.0,0.0,0.0,0.0,0.0,0.0,0.0,0.0,0.0,0.0,0.0,J,10.0
0.0,0.0,1.678571,0.12844,2.857143,0.394495,3.642857,0.605505,3.357143,0.743119,1.428571,1.0,3.071429,0.990826,3.035714,0.706422,2.678571,0.59633,0.821429,0.954128,2.821429,0.862385,2.714286,0.577982,2.357143,0.477064,0.535714,0.807339,2.5,0.715596,2.321429,0.458716,1.857143,0.366972,0.428571,0.59633,1.535714,0.798165,2.178571,0.981651,2.714286,1.174312,0,0.0,0.0,0.0,0.0,0.0,0.0,0.0,0.0,0.0,0.0,0.0,0.0,0.0,0.0,0.0,0.0,0.0,0.0,0.0,0.0,0.0,0.0,0.0,0.0,0.0,0.0,0.0,0.0,0.0,0.0,0.0,0.0,0.0,0.0,0.0,0.0,0.0,0.0,0.0,0.0,0.0,0.0,0.0,J,10.0
0.0,0.0,1.481481,0.147826,2.444444,0.365217,3.074074,0.565217,2.888889,0.713043,0.518519,1.0,2.666667,0.913043,2.592593,0.652174,2.111111,0.573913,-0.185185,0.913043,2.407407,0.773913,2.222222,0.53913,1.888889,0.434783,-0.481481,0.730435,2.0,0.617391,1.62963,0.408696,1.111111,0.313043,-0.481481,0.478261,1.037037,0.556522,1.888889,0.66087,2.666667,0.791304,0,0.0,0.0,0.0,0.0,0.0,0.0,0.0,0.0,0.0,0.0,0.0,0.0,0.0,0.0,0.0,0.0,0.0,0.0,0.0,0.0,0.0,0.0,0.0,0.0,0.0,0.0,0.0,0.0,0.0,0.0,0.0,0.0,0.0,0.0,0.0,0.0,0.0,0.0,0.0,0.0,0.0,0.0,0.0,J,10.0
0.0,0.0,2.26087,0.168142,3.782609,0.371681,4.782609,0.530973,4.652174,0.59292,1.565217,1.0,4.304348,0.884956,4.043478,0.628319,3.304348,0.575221,0.869565,0.876106,4.0,0.681416,3.608696,0.460177,2.956522,0.424779,0.608696,0.663717,3.565217,0.513274,3.043478,0.353982,2.26087,0.318584,0.565217,0.40708,2.608696,0.39823,3.565217,0.433628,4.391304,0.522124,0,0.0,0.0,0.0,0.0,0.0,0.0,0.0,0.0,0.0,0.0,0.0,0.0,0.0,0.0,0.0,0.0,0.0,0.0,0.0,0.0,0.0,0.0,0.0,0.0,0.0,0.0,0.0,0.0,0.0,0.0,0.0,0.0,0.0,0.0,0.0,0.0,0.0,0.0,0.0,0.0,0.0,0.0,0.0,J,10.0
0.0,0.0,4.545455,0.228571,8.0,0.457143,11.0,0.590476,10.727273,0.533333,3.727273,1.0,9.454545,0.914286,8.909091,0.685714,7.363636,0.628571,2.636364,0.828571,9.090909,0.666667,8.363636,0.466667,7.090909,0.466667,2.363636,0.571429,8.909091,0.438095,8.0,0.32381,6.363636,0.342857,2.727273,0.285714,7.545455,0.247619,9.454545,0.27619,10.909091,0.361905,0,0.0,0.0,0.0,0.0,0.0,0.0,0.0,0.0,0.0,0.0,0.0,0.0,0.0,0.0,0.0,0.0,0.0,0.0,0.0,0.0,0.0,0.0,0.0,0.0,0.0,0.0,0.0,0.0,0.0,0.0,0.0,0.0,0.0,0.0,0.0,0.0,0.0,0.0,0.0,0.0,0.0,0.0,0.0,J,10.0
0.0,0.0,6.0,0.323529,12.142857,0.558824,17.714286,0.617647,17.285714,0.470588,5.714286,1.0,14.857143,0.901961,14.428571,0.666667,12.142857,0.617647,4.571429,0.794118,14.428571,0.627451,13.571429,0.421569,11.571429,0.401961,4.285714,0.509804,14.142857,0.362745,13.0,0.245098,10.857143,0.245098,4.714286,0.205882,11.857143,0.156863,15.285714,0.137255,18.142857,0.147059,0,0.0,0.0,0.0,0.0,0.0,0.0,0.0,0.0,0.0,0.0,0.0,0.0,0.0,0.0,0.0,0.0,0.0,0.0,0.0,0.0,0.0,0.0,0.0,0.0,0.0,0.0,0.0,0.0,0.0,0.0,0.0,0.0,0.0,0.0,0.0,0.0,0.0,0.0,0.0,0.0,0.0,0.0,0.0,J,10.0
0.0,0.0,9.25,0.375,20.75,0.625,31.5,0.635417,31.75,0.427083,10.25,1.0,26.5,0.916667,26.0,0.677083,22.0,0.614583,8.25,0.760417,26.25,0.583333,24.75,0.375,21.5,0.364583,8.0,0.458333,26.0,0.302083,24.75,0.166667,21.25,0.15625,9.25,0.145833,22.25,0.041667,28.75,-0.020833,34.0,-0.0625,0,0.0,0.0,0.0,0.0,0.0,0.0,0.0,0.0,0.0,0.0,0.0,0.0,0.0,0.0,0.0,0.0,0.0,0.0,0.0,0.0,0.0,0.0,0.0,0.0,0.0,0.0,0.0,0.0,0.0,0.0,0.0,0.0,0.0,0.0,0.0,0.0,0.0,0.0,0.0,0.0,0.0,0.0,0.0,J,10.0
0.0,0.0,12.0,0.408602,27.333333,0.634409,42.333333,0.623656,42.666667,0.387097,14.666667,1.0,35.666667,0.892473,34.0,0.666667,28.333333,0.612903,12.666667,0.752688,35.666667,0.569892,32.333333,0.365591,27.0,0.354839,12.666667,0.430108,35.0,0.27957,31.666667,0.172043,25.666667,0.193548,13.666667,0.096774,31.0,-0.053763,40.0,-0.139785,47.0,-0.204301,0,0.0,0.0,0.0,0.0,0.0,0.0,0.0,0.0,0.0,0.0,0.0,0.0,0.0,0.0,0.0,0.0,0.0,0.0,0.0,0.0,0.0,0.0,0.0,0.0,0.0,0.0,0.0,0.0,0.0,0.0,0.0,0.0,0.0,0.0,0.0,0.0,0.0,0.0,0.0,0.0,0.0,0.0,0.0,J,10.0
0.0,0.0,11.0,0.46988,28.0,0.722892,44.0,0.698795,44.0,0.385542,15.666667,1.0,37.333333,0.891566,35.0,0.638554,28.0,0.590361,14.0,0.674699,37.666667,0.518072,33.666667,0.313253,26.333333,0.301205,14.0,0.313253,36.666667,0.204819,32.666667,0.13253,25.666667,0.168675,14.666667,-0.036145,32.666667,-0.204819,42.0,-0.325301,48.666667,-0.409639,0,0.0,0.0,0.0,0.0,0.0,0.0,0.0,0.0,0.0,0.0,0.0,0.0,0.0,0.0,0.0,0.0,0.0,0.0,0.0,0.0,0.0,0.0,0.0,0.0,0.0,0.0,0.0,0.0,0.0,0.0,0.0,0.0,0.0,0.0,0.0,0.0,0.0,0.0,0.0,0.0,0.0,0.0,0.0,J,10.0
0.0,0.0,2.6,0.506849,7.7,0.794521,12.5,0.739726,13.0,0.410959,4.6,1.0,11.4,0.917808,10.3,0.726027,8.3,0.684932,4.5,0.616438,11.4,0.520548,10.1,0.383562,8.2,0.369863,5.0,0.205479,11.6,0.136986,10.4,0.109589,8.1,0.164384,5.6,-0.150685,11.1,-0.246575,13.9,-0.369863,15.9,-0.465753,0,0.0,0.0,0.0,0.0,0.0,0.0,0.0,0.0,0.0,0.0,0.0,0.0,0.0,0.0,0.0,0.0,0.0,0.0,0.0,0.0,0.0,0.0,0.0,0.0,0.0,0.0,0.0,0.0,0.0,0.0,0.0,0.0,0.0,0.0,0.0,0.0,0.0,0.0,0.0,0.0,0.0,0.0,0.0,J,10.0
0.0,0.0,1.857143,0.536232,5.5,0.855072,8.785714,0.768116,9.214286,0.391304,3.071429,1.0,7.928571,0.942029,7.142857,0.753623,5.714286,0.724638,3.142857,0.594203,7.928571,0.507246,7.071429,0.391304,5.642857,0.376812,3.571429,0.173913,8.142857,0.115942,7.428571,0.115942,5.928571,0.173913,4.071429,-0.188406,8.0,-0.275362,10.0,-0.405797,11.357143,-0.521739,0,0.0,0.0,0.0,0.0,0.0,0.0,0.0,0.0,0.0,0.0,0.0,0.0,0.0,0.0,0.0,0.0,0.0,0.0,0.0,0.0,0.0,0.0,0.0,0.0,0.0,0.0,0.0,0.0,0.0,0.0,0.0,0.0,0.0,0.0,0.0,0.0,0.0,0.0,0.0,0.0,0.0,0.0,0.0,J,10.0
0.0,0.0,1.0,0.539683,3.444444,0.936508,6.0,0.904762,6.777778,0.571429,1.944444,1.0,5.666667,1.015873,5.111111,0.825397,4.0,0.777778,2.055556,0.555556,5.833333,0.587302,5.111111,0.460317,4.0,0.428571,2.444444,0.111111,6.111111,0.190476,5.333333,0.15873,4.111111,0.190476,2.944444,-0.238095,5.944444,-0.269841,7.555556,-0.349206,8.777778,-0.428571,0,0.0,0.0,0.0,0.0,0.0,0.0,0.0,0.0,0.0,0.0,0.0,0.0,0.0,0.0,0.0,0.0,0.0,0.0,0.0,0.0,0.0,0.0,0.0,0.0,0.0,0.0,0.0,0.0,0.0,0.0,0.0,0.0,0.0,0.0,0.0,0.0,0.0,0.0,0.0,0.0,0.0,0.0,0.0,J,10.0
0.0,0.0,0.75,0.532258,2.8,0.967742,5.0,0.983871,5.75,0.677419,1.55,1.0,4.85,1.080645,4.35,0.887097,3.4,0.822581,1.75,0.532258,5.05,0.677419,4.45,0.532258,3.5,0.467742,2.1,0.112903,5.25,0.274194,4.6,0.258065,3.5,0.258065,2.55,-0.225806,5.2,-0.177419,6.65,-0.209677,7.75,-0.241935,0,0.0,0.0,0.0,0.0,0.0,0.0,0.0,0.0,0.0,0.0,0.0,0.0,0.0,0.0,0.0,0.0,0.0,0.0,0.0,0.0,0.0,0.0,0.0,0.0,0.0,0.0,0.0,0.0,0.0,0.0,0.0,0.0,0.0,0.0,0.0,0.0,0.0,0.0,0.0,0.0,0.0,0.0,0.0,J,10.0
0.0,0.0,0.4,0.592593,1.88,1.12963,3.52,1.185185,4.2,0.833333,0.88,1.0,3.44,1.240741,3.04,1.018519,2.4,0.907407,1.08,0.481481,3.72,0.796296,3.24,0.648148,2.56,0.537037,1.44,0.037037,3.88,0.37037,3.4,0.314815,2.6,0.222222,1.88,-0.277778,3.92,-0.074074,5.08,-0.092593,5.96,-0.12963,0,0.0,0.0,0.0,0.0,0.0,0.0,0.0,0.0,0.0,0.0,0.0,0.0,0.0,0.0,0.0,0.0,0.0,0.0,0.0,0.0,0.0,0.0,0.0,0.0,0.0,0.0,0.0,0.0,0.0,0.0,0.0,0.0,0.0,0.0,0.0,0.0,0.0,0.0,0.0,0.0,0.0,0.0,0.0,J,10.0
0.0,0.0,0.384615,0.66,1.730769,1.22,3.192308,1.3,3.807692,0.9,0.692308,1.0,3.153846,1.32,2.807692,1.1,2.153846,0.98,0.884615,0.44,3.461538,0.86,3.0,0.74,2.346154,0.64,1.230769,-0.02,3.615385,0.4,3.153846,0.44,2.384615,0.42,1.692308,-0.32,3.730769,-0.12,4.846154,-0.08,5.692308,-0.1,0,0.0,0.0,0.0,0.0,0.0,0.0,0.0,0.0,0.0,0.0,0.0,0.0,0.0,0.0,0.0,0.0,0.0,0.0,0.0,0.0,0.0,0.0,0.0,0.0,0.0,0.0,0.0,0.0,0.0,0.0,0.0,0.0,0.0,0.0,0.0,0.0,0.0,0.0,0.0,0.0,0.0,0.0,0.0,J,10.0
0.0,0.0,0.37037,0.647059,1.851852,1.235294,3.444444,1.313725,4.0,0.901961,0.962963,1.0,3.37037,1.294118,2.925926,1.117647,2.296296,1.0,1.185185,0.431373,3.62963,0.843137,3.111111,0.745098,2.518519,0.607843,1.518519,-0.019608,3.777778,0.392157,3.333333,0.411765,2.592593,0.333333,1.962963,-0.313725,3.888889,-0.078431,4.888889,-0.058824,5.666667,-0.098039,0,0.0,0.0,0.0,0.0,0.0,0.0,0.0,0.0,0.0,0.0,0.0,0.0,0.0,0.0,0.0,0.0,0.0,0.0,0.0,0.0,0.0,0.0,0.0,0.0,0.0,0.0,0.0,0.0,0.0,0.0,0.0,0.0,0.0,0.0,0.0,0.0,0.0,0.0,0.0,0.0,0.0,0.0,0.0,J,10.0
0.0,0.0,0.333333,0.679245,1.814815,1.226415,3.444444,1.264151,4.111111,0.886792,1.074074,1.0,3.481481,1.264151,2.962963,1.132075,2.333333,1.018868,1.333333,0.433962,3.777778,0.811321,3.222222,0.754717,2.62963,0.660377,1.666667,0.0,3.888889,0.396226,3.407407,0.45283,2.666667,0.415094,2.074074,-0.283019,3.962963,-0.075472,5.037037,-0.018868,5.925926,-0.018868,0,0.0,0.0,0.0,0.0,0.0,0.0,0.0,0.0,0.0,0.0,0.0,0.0,0.0,0.0,0.0,0.0,0.0,0.0,0.0,0.0,0.0,0.0,0.0,0.0,0.0,0.0,0.0,0.0,0.0,0.0,0.0,0.0,0.0,0.0,0.0,0.0,0.0,0.0,0.0,0.0,0.0,0.0,0.0,J,10.0
0.0,0.0,0.64,-0.125,1.56,0.125,2.06,0.5,1.94,0.861111,1.5,1.0,1.96,1.263889,1.66,0.805556,1.36,0.513889,1.2,1.111111,1.68,1.277778,1.3,0.722222,0.94,0.458333,0.86,1.194444,1.36,1.291667,1.02,0.75,0.68,0.458333,0.5,1.236111,1.06,1.680556,1.44,1.916667,1.74,2.152778,0,0.0,0.0,0.0,0.0,0.0,0.0,0.0,0.0,0.0,0.0,0.0,0.0,0.0,0.0,0.0,0.0,0.0,0.0,0.0,0.0,0.0,0.0,0.0,0.0,0.0,0.0,0.0,0.0,0.0,0.0,0.0,0.0,0.0,0.0,0.0,0.0,0.0,0.0,0.0,0.0,0.0,0.0,0.0,J,11.0
0.0,0.0,0.877551,-0.054795,1.897959,0.178082,2.44898,0.561644,2.183673,0.90411,1.816327,1.0,2.408163,1.260274,2.081633,0.808219,1.734694,0.589041,1.510204,1.136986,2.081633,1.30137,1.632653,0.767123,1.265306,0.520548,1.183673,1.232877,1.755102,1.369863,1.346939,0.849315,0.959184,0.589041,0.816327,1.315068,1.387755,1.753425,1.795918,2.0,2.142857,2.246575,0,0.0,0.0,0.0,0.0,0.0,0.0,0.0,0.0,0.0,0.0,0.0,0.0,0.0,0.0,0.0,0.0,0.0,0.0,0.0,0.0,0.0,0.0,0.0,0.0,0.0,0.0,0.0,0.0,0.0,0.0,0.0,0.0,0.0,0.0,0.0,0.0,0.0,0.0,0.0,0.0,0.0,0.0,0.0,J,11.0
0.0,0.0,0.895833,-0.145161,1.979167,0.145161,2.583333,0.645161,2.3125,1.112903,2.0,1.0,2.604167,1.258065,2.145833,0.83871,1.770833,0.612903,1.708333,1.209677,2.270833,1.451613,1.75,0.903226,1.333333,0.612903,1.375,1.387097,2.0,1.629032,1.541667,1.080645,1.125,0.741935,1.0,1.532258,1.604167,2.016129,2.0,2.290323,2.395833,2.580645,0,0.0,0.0,0.0,0.0,0.0,0.0,0.0,0.0,0.0,0.0,0.0,0.0,0.0,0.0,0.0,0.0,0.0,0.0,0.0,0.0,0.0,0.0,0.0,0.0,0.0,0.0,0.0,0.0,0.0,0.0,0.0,0.0,0.0,0.0,0.0,0.0,0.0,0.0,0.0,0.0,0.0,0.0,0.0,J,11.0
0.0,0.0,0.87234,-0.175439,1.978723,0.070175,2.553191,0.596491,2.340426,1.105263,2.0,1.0,2.553191,1.210526,2.085106,0.789474,1.680851,0.526316,1.702128,1.245614,2.255319,1.45614,1.723404,0.894737,1.297872,0.578947,1.382979,1.438596,1.978723,1.666667,1.531915,1.105263,1.085106,0.754386,1.0,1.631579,1.617021,2.140351,2.06383,2.438596,2.446809,2.719298,0,0.0,0.0,0.0,0.0,0.0,0.0,0.0,0.0,0.0,0.0,0.0,0.0,0.0,0.0,0.0,0.0,0.0,0.0,0.0,0.0,0.0,0.0,0.0,0.0,0.0,0.0,0.0,0.0,0.0,0.0,0.0,0.0,0.0,0.0,0.0,0.0,0.0,0.0,0.0,0.0,0.0,0.0,0.0,J,11.0
0.0,0.0,0.87234,-0.215686,1.957447,0.019608,2.531915,0.607843,2.340426,1.196078,2.042553,1.0,2.574468,1.235294,2.106383,0.803922,1.702128,0.529412,1.765957,1.294118,2.276596,1.54902,1.744681,1.0,1.319149,0.647059,1.425532,1.54902,1.978723,1.803922,1.531915,1.215686,1.085106,0.823529,1.042553,1.784314,1.659574,2.333333,2.085106,2.647059,2.510638,2.941176,0,0.0,0.0,0.0,0.0,0.0,0.0,0.0,0.0,0.0,0.0,0.0,0.0,0.0,0.0,0.0,0.0,0.0,0.0,0.0,0.0,0.0,0.0,0.0,0.0,0.0,0.0,0.0,0.0,0.0,0.0,0.0,0.0,0.0,0.0,0.0,0.0,0.0,0.0,0.0,0.0,0.0,0.0,0.0,J,11.0
0.0,0.0,0.911111,-0.25,2.022222,0.0,2.622222,0.604167,2.377778,1.229167,2.066667,1.0,2.622222,1.270833,2.177778,0.833333,1.733333,0.5625,1.777778,1.3125,2.311111,1.604167,1.777778,1.041667,1.288889,0.6875,1.466667,1.604167,2.044444,1.916667,1.6,1.3125,1.133333,0.895833,1.066667,1.875,1.711111,2.4375,2.177778,2.770833,2.6,3.083333,0,0.0,0.0,0.0,0.0,0.0,0.0,0.0,0.0,0.0,0.0,0.0,0.0,0.0,0.0,0.0,0.0,0.0,0.0,0.0,0.0,0.0,0.0,0.0,0.0,0.0,0.0,0.0,0.0,0.0,0.0,0.0,0.0,0.0,0.0,0.0,0.0,0.0,0.0,0.0,0.0,0.0,0.0,0.0,J,11.0
0.0,0.0,0.869565,-0.215686,1.978261,0.039216,2.565217,0.627451,2.326087,1.196078,2.021739,1.0,2.586957,1.27451,2.108696,0.862745,1.673913,0.607843,1.73913,1.294118,2.26087,1.568627,1.73913,1.0,1.282609,0.647059,1.413043,1.54902,2.0,1.843137,1.565217,1.254902,1.130435,0.862745,1.021739,1.803922,1.673913,2.333333,2.108696,2.647059,2.521739,2.941176,0,0.0,0.0,0.0,0.0,0.0,0.0,0.0,0.0,0.0,0.0,0.0,0.0,0.0,0.0,0.0,0.0,0.0,0.0,0.0,0.0,0.0,0.0,0.0,0.0,0.0,0.0,0.0,0.0,0.0,0.0,0.0,0.0,0.0,0.0,0.0,0.0,0.0,0.0,0.0,0.0,0.0,0.0,0.0,J,11.0
0.0,0.0,0.869565,-0.211538,1.978261,0.038462,2.565217,0.615385,2.326087,1.173077,2.043478,1.0,2.586957,1.269231,2.130435,0.846154,1.717391,0.596154,1.76087,1.288462,2.26087,1.538462,1.717391,0.961538,1.23913,0.634615,1.434783,1.538462,2.0,1.826923,1.586957,1.230769,1.152174,0.846154,1.043478,1.769231,1.695652,2.307692,2.130435,2.596154,2.543478,2.884615,0,0.0,0.0,0.0,0.0,0.0,0.0,0.0,0.0,0.0,0.0,0.0,0.0,0.0,0.0,0.0,0.0,0.0,0.0,0.0,0.0,0.0,0.0,0.0,0.0,0.0,0.0,0.0,0.0,0.0,0.0,0.0,0.0,0.0,0.0,0.0,0.0,0.0,0.0,0.0,0.0,0.0,0.0,0.0,J,11.0
0.0,0.0,0.911111,-0.215686,2.022222,0.039216,2.644444,0.607843,2.422222,1.156863,2.111111,1.0,2.666667,1.27451,2.2,0.862745,1.733333,0.588235,1.822222,1.294118,2.355556,1.568627,1.777778,1.0,1.288889,0.647059,1.488889,1.568627,2.088889,1.843137,1.622222,1.27451,1.155556,0.862745,1.111111,1.823529,1.777778,2.352941,2.244444,2.666667,2.666667,2.960784,0,0.0,0.0,0.0,0.0,0.0,0.0,0.0,0.0,0.0,0.0,0.0,0.0,0.0,0.0,0.0,0.0,0.0,0.0,0.0,0.0,0.0,0.0,0.0,0.0,0.0,0.0,0.0,0.0,0.0,0.0,0.0,0.0,0.0,0.0,0.0,0.0,0.0,0.0,0.0,0.0,0.0,0.0,0.0,J,11.0
0.0,0.0,0.954545,-0.15,2.090909,0.116667,2.75,0.566667,2.477273,1.016667,2.113636,1.0,2.727273,1.2,2.272727,0.783333,1.795455,0.516667,1.818182,1.216667,2.454545,1.383333,1.886364,0.866667,1.363636,0.566667,1.5,1.4,2.181818,1.616667,1.704545,1.066667,1.204545,0.733333,1.113636,1.6,1.840909,2.066667,2.340909,2.316667,2.772727,2.566667,0,0.0,0.0,0.0,0.0,0.0,0.0,0.0,0.0,0.0,0.0,0.0,0.0,0.0,0.0,0.0,0.0,0.0,0.0,0.0,0.0,0.0,0.0,0.0,0.0,0.0,0.0,0.0,0.0,0.0,0.0,0.0,0.0,0.0,0.0,0.0,0.0,0.0,0.0,0.0,0.0,0.0,0.0,0.0,J,11.0
0.0,0.0,1.424242,-0.047619,2.878788,0.190476,3.787879,0.47619,3.424242,0.72619,2.424242,1.0,3.484848,1.035714,2.969697,0.666667,2.454545,0.488095,2.030303,1.107143,3.272727,1.071429,2.545455,0.607143,1.848485,0.428571,1.727273,1.154762,3.0,1.154762,2.424242,0.714286,1.818182,0.511905,1.424242,1.154762,2.545455,1.452381,3.242424,1.619048,3.818182,1.797619,0,0.0,0.0,0.0,0.0,0.0,0.0,0.0,0.0,0.0,0.0,0.0,0.0,0.0,0.0,0.0,0.0,0.0,0.0,0.0,0.0,0.0,0.0,0.0,0.0,0.0,0.0,0.0,0.0,0.0,0.0,0.0,0.0,0.0,0.0,0.0,0.0,0.0,0.0,0.0,0.0,0.0,0.0,0.0,J,11.0
0.0,0.0,2.083333,0.019608,3.916667,0.186275,5.125,0.382353,4.708333,0.54902,2.833333,1.0,4.625,0.911765,4.0,0.568627,3.25,0.431373,2.333333,1.04902,4.416667,0.892157,3.583333,0.490196,2.791667,0.362745,2.0,1.0,4.041667,0.882353,3.333333,0.509804,2.541667,0.362745,1.833333,0.901961,3.416667,1.127451,4.291667,1.294118,4.958333,1.45098,0,0.0,0.0,0.0,0.0,0.0,0.0,0.0,0.0,0.0,0.0,0.0,0.0,0.0,0.0,0.0,0.0,0.0,0.0,0.0,0.0,0.0,0.0,0.0,0.0,0.0,0.0,0.0,0.0,0.0,0.0,0.0,0.0,0.0,0.0,0.0,0.0,0.0,0.0,0.0,0.0,0.0,0.0,0.0,J,11.0
0.0,0.0,1.689655,0.035088,3.0,0.236842,3.965517,0.403509,3.793103,0.526316,1.827586,1.0,3.62069,0.877193,3.37931,0.570175,2.827586,0.438596,1.275862,0.991228,3.551724,0.815789,3.172414,0.491228,2.655172,0.368421,1.0,0.859649,3.206897,0.701754,2.758621,0.403509,2.068966,0.289474,0.827586,0.649123,2.275862,0.824561,3.172414,0.982456,4.0,1.149123,0,0.0,0.0,0.0,0.0,0.0,0.0,0.0,0.0,0.0,0.0,0.0,0.0,0.0,0.0,0.0,0.0,0.0,0.0,0.0,0.0,0.0,0.0,0.0,0.0,0.0,0.0,0.0,0.0,0.0,0.0,0.0,0.0,0.0,0.0,0.0,0.0,0.0,0.0,0.0,0.0,0.0,0.0,0.0,J,11.0
0.0,0.0,1.884615,0.034483,3.307692,0.215517,4.5,0.37069,4.538462,0.482759,1.923077,1.0,4.115385,0.827586,3.884615,0.525862,3.307692,0.422414,1.346154,0.939655,4.0,0.724138,3.615385,0.439655,3.038462,0.327586,1.038462,0.775862,3.653846,0.586207,3.153846,0.344828,2.461538,0.25,0.923077,0.534483,2.615385,0.655172,3.538462,0.801724,4.423077,0.948276,0,0.0,0.0,0.0,0.0,0.0,0.0,0.0,0.0,0.0,0.0,0.0,0.0,0.0,0.0,0.0,0.0,0.0,0.0,0.0,0.0,0.0,0.0,0.0,0.0,0.0,0.0,0.0,0.0,0.0,0.0,0.0,0.0,0.0,0.0,0.0,0.0,0.0,0.0,0.0,0.0,0.0,0.0,0.0,J,11.0
0.0,0.0,1.411765,0.057377,2.352941,0.229508,3.117647,0.377049,3.5,0.483607,1.441176,1.0,3.235294,0.770492,2.911765,0.532787,2.441176,0.483607,0.823529,0.934426,3.088235,0.647541,2.676471,0.434426,2.235294,0.336066,0.558824,0.745902,2.735294,0.508197,2.176471,0.295082,1.588235,0.196721,0.441176,0.483607,1.911765,0.581967,2.764706,0.704918,3.617647,0.836066,0,0.0,0.0,0.0,0.0,0.0,0.0,0.0,0.0,0.0,0.0,0.0,0.0,0.0,0.0,0.0,0.0,0.0,0.0,0.0,0.0,0.0,0.0,0.0,0.0,0.0,0.0,0.0,0.0,0.0,0.0,0.0,0.0,0.0,0.0,0.0,0.0,0.0,0.0,0.0,0.0,0.0,0.0,0.0,J,11.0
0.0,0.0,1.529412,0.1,2.558824,0.283333,3.323529,0.425,3.852941,0.575,1.588235,1.0,3.441176,0.775,3.176471,0.5,2.705882,0.425,1.0,0.908333,3.294118,0.616667,2.852941,0.383333,2.382353,0.291667,0.705882,0.708333,2.970588,0.458333,2.382353,0.241667,1.764706,0.158333,0.588235,0.441667,2.147059,0.5,3.0,0.6,3.852941,0.708333,0,0.0,0.0,0.0,0.0,0.0,0.0,0.0,0.0,0.0,0.0,0.0,0.0,0.0,0.0,0.0,0.0,0.0,0.0,0.0,0.0,0.0,0.0,0.0,0.0,0.0,0.0,0.0,0.0,0.0,0.0,0.0,0.0,0.0,0.0,0.0,0.0,0.0,0.0,0.0,0.0,0.0,0.0,0.0,J,11.0
0.0,0.0,3.25,0.368932,8.375,0.660194,14.125,0.718447,17.125,0.640777,6.625,1.0,15.5,0.902913,14.875,0.650485,13.0,0.61165,6.25,0.757282,15.625,0.650485,14.875,0.446602,13.0,0.417476,6.625,0.466019,15.625,0.456311,15.375,0.31068,13.875,0.291262,7.625,0.174757,14.125,0.281553,17.75,0.359223,20.75,0.475728,0,0.0,0.0,0.0,0.0,0.0,0.0,0.0,0.0,0.0,0.0,0.0,0.0,0.0,0.0,0.0,0.0,0.0,0.0,0.0,0.0,0.0,0.0,0.0,0.0,0.0,0.0,0.0,0.0,0.0,0.0,0.0,0.0,0.0,0.0,0.0,0.0,0.0,0.0,0.0,0.0,0.0,0.0,0.0,J,11.0
0.0,0.0,2.272727,0.393939,6.090909,0.686869,10.545455,0.747475,12.727273,0.636364,4.727273,1.0,11.272727,0.939394,10.909091,0.69697,9.363636,0.646465,4.636364,0.727273,11.636364,0.656566,10.909091,0.424242,9.181818,0.40404,5.090909,0.414141,11.636364,0.424242,10.909091,0.262626,9.181818,0.232323,5.727273,0.090909,10.636364,0.171717,13.454545,0.222222,15.818182,0.30303,0,0.0,0.0,0.0,0.0,0.0,0.0,0.0,0.0,0.0,0.0,0.0,0.0,0.0,0.0,0.0,0.0,0.0,0.0,0.0,0.0,0.0,0.0,0.0,0.0,0.0,0.0,0.0,0.0,0.0,0.0,0.0,0.0,0.0,0.0,0.0,0.0,0.0,0.0,0.0,0.0,0.0,0.0,0.0,J,11.0
0.0,0.0,1.6,0.419355,4.466667,0.72043,7.733333,0.774194,9.266667,0.623656,3.333333,1.0,8.066667,0.967742,7.666667,0.741935,6.4,0.698925,3.4,0.709677,8.466667,0.666667,7.8,0.451613,6.4,0.419355,3.8,0.365591,8.6,0.387097,7.8,0.247312,6.4,0.225806,4.333333,0.043011,7.933333,0.043011,10.066667,0.0,11.666667,-0.010753,0,0.0,0.0,0.0,0.0,0.0,0.0,0.0,0.0,0.0,0.0,0.0,0.0,0.0,0.0,0.0,0.0,0.0,0.0,0.0,0.0,0.0,0.0,0.0,0.0,0.0,0.0,0.0,0.0,0.0,0.0,0.0,0.0,0.0,0.0,0.0,0.0,0.0,0.0,0.0,0.0,0.0,0.0,0.0,J,11.0
0.0,0.0,2.0,0.422222,5.818182,0.744444,10.0,0.777778,12.272727,0.633333,5.090909,1.0,11.363636,0.977778,10.454545,0.766667,8.545455,0.722222,5.090909,0.7,11.636364,0.677778,10.545455,0.477778,8.727273,0.433333,5.545455,0.344444,11.909091,0.377778,10.636364,0.233333,8.636364,0.211111,6.090909,0.011111,11.272727,-0.033333,14.090909,-0.111111,16.363636,-0.155556,0,0.0,0.0,0.0,0.0,0.0,0.0,0.0,0.0,0.0,0.0,0.0,0.0,0.0,0.0,0.0,0.0,0.0,0.0,0.0,0.0,0.0,0.0,0.0,0.0,0.0,0.0,0.0,0.0,0.0,0.0,0.0,0.0,0.0,0.0,0.0,0.0,0.0,0.0,0.0,0.0,0.0,0.0,0.0,J,11.0
0.0,0.0,1.357143,0.436782,3.928571,0.804598,6.714286,0.873563,8.5,0.701149,3.928571,1.0,9.071429,1.011494,8.428571,0.793103,7.0,0.712644,4.071429,0.678161,9.357143,0.701149,8.428571,0.505747,7.071429,0.448276,4.5,0.321839,9.642857,0.390805,8.714286,0.275862,7.214286,0.241379,4.928571,-0.011494,9.0,-0.045977,11.214286,-0.137931,13.142857,-0.195402,0,0.0,0.0,0.0,0.0,0.0,0.0,0.0,0.0,0.0,0.0,0.0,0.0,0.0,0.0,0.0,0.0,0.0,0.0,0.0,0.0,0.0,0.0,0.0,0.0,0.0,0.0,0.0,0.0,0.0,0.0,0.0,0.0,0.0,0.0,0.0,0.0,0.0,0.0,0.0,0.0,0.0,0.0,0.0,J,11.0
0.0,0.0,0.25,0.560606,1.45,1.0,3.0,1.060606,4.05,0.848485,1.15,1.0,4.15,1.090909,3.85,0.893939,2.95,0.80303,1.4,0.575758,4.6,0.69697,4.0,0.545455,3.05,0.454545,1.75,0.166667,4.8,0.318182,4.3,0.257576,3.3,0.19697,2.15,-0.181818,4.45,-0.151515,5.45,-0.19697,6.1,-0.227273,-1.55,0.1363636363636363,0.0,0.0,0.857143,0.493506,2.619048,0.87013,4.380952,0.909091,5.619048,0.675325,2.47619,1.0,5.761905,1.038961,5.190476,0.857143,4.238095,0.792208,2.761905,0.597403,5.904762,0.714286,5.238095,0.558442,4.380952,0.493506,3.095238,0.220779,6.190476,0.402597,5.52381,0.285714,4.52381,0.233766,3.47619,-0.103896,6.095238,-0.103896,7.619048,-0.194805,8.952381,-0.233766,J,11.0
0.0,0.0,0.192308,0.6,1.0,1.1,2.076923,1.183333,2.846154,0.983333,0.653846,1.0,2.961538,1.183333,2.730769,1.0,2.0,0.9,0.884615,0.533333,3.269231,0.766667,2.807692,0.616667,2.115385,0.483333,1.269231,0.1,3.538462,0.366667,3.153846,0.316667,2.346154,0.216667,1.653846,-0.266667,3.423077,-0.15,4.115385,-0.166667,4.423077,-0.216667,-1.4230769230769231,0.15,0.0,0.0,0.625,0.534247,2.166667,0.945205,3.75,0.972603,4.833333,0.753425,2.166667,1.0,5.0,1.109589,4.458333,0.917808,3.666667,0.849315,2.5,0.589041,5.208333,0.767123,4.583333,0.630137,3.875,0.547945,2.875,0.205479,5.5,0.424658,4.916667,0.342466,4.041667,0.287671,3.166667,-0.09589,5.416667,-0.082192,6.75,-0.150685,7.875,-0.191781,J,11.0
0.0,0.0,0.681818,0.581081,2.409091,0.959459,4.090909,0.972973,5.181818,0.783784,2.772727,1.0,5.590909,1.081081,4.954545,0.932432,4.136364,0.878378,3.136364,0.594595,5.772727,0.756757,5.136364,0.635135,4.409091,0.567568,3.454545,0.216216,6.090909,0.445946,5.545455,0.364865,4.727273,0.324324,3.772727,-0.081081,6.181818,0.027027,7.545455,0.027027,8.681818,0.027027,0,0.0,0.0,0.0,0.0,0.0,0.0,0.0,0.0,0.0,0.0,0.0,0.0,0.0,0.0,0.0,0.0,0.0,0.0,0.0,0.0,0.0,0.0,0.0,0.0,0.0,0.0,0.0,0.0,0.0,0.0,0.0,0.0,0.0,0.0,0.0,0.0,0.0,0.0,0.0,0.0,0.0,0.0,0.0,J,11.0
0.0,0.0,0.185185,0.551724,0.888889,1.103448,1.777778,1.224138,2.444444,1.068966,0.481481,1.0,2.518519,1.275862,2.296296,1.086207,1.666667,0.965517,0.740741,0.534483,2.814815,0.87931,2.37037,0.706897,1.814815,0.586207,1.074074,0.103448,3.074074,0.465517,2.666667,0.413793,1.962963,0.327586,1.481481,-0.224138,3.407407,-0.068966,4.37037,-0.051724,5.0,-0.086207,-1.9259259259259258,0.2068965517241379,0.0,0.0,0.625,0.584416,2.125,0.961039,3.708333,0.987013,4.708333,0.792208,2.541667,1.0,5.041667,1.090909,4.5,0.961039,3.75,0.909091,2.916667,0.61039,5.291667,0.779221,4.708333,0.675325,4.083333,0.597403,3.25,0.246753,5.583333,0.480519,5.083333,0.415584,4.333333,0.363636,3.541667,-0.038961,5.708333,0.090909,6.958333,0.103896,8.0,0.116883,J,11.0
0.0,0.0,0.538462,0.613333,1.807692,0.986667,3.153846,1.0,3.961538,0.773333,2.269231,1.0,4.384615,1.12,3.884615,1.0,3.269231,0.946667,2.653846,0.626667,4.615385,0.813333,4.115385,0.72,3.538462,0.64,3.0,0.266667,4.884615,0.52,4.423077,0.466667,3.769231,0.4,3.269231,-0.013333,5.153846,0.146667,6.192308,0.173333,7.076923,0.2,0,0.0,0.0,0.0,0.0,0.0,0.0,0.0,0.0,0.0,0.0,0.0,0.0,0.0,0.0,0.0,0.0,0.0,0.0,0.0,0.0,0.0,0.0,0.0,0.0,0.0,0.0,0.0,0.0,0.0,0.0,0.0,0.0,0.0,0.0,0.0,0.0,0.0,0.0,0.0,0.0,0.0,0.0,0.0,J,11.0
0.0,0.0,0.142857,0.586207,0.857143,1.103448,1.857143,1.241379,2.571429,1.068966,0.714286,1.0,2.535714,1.275862,2.285714,1.103448,1.75,1.017241,1.035714,0.568966,2.821429,0.87931,2.428571,0.741379,1.928571,0.655172,1.392857,0.155172,3.107143,0.517241,2.714286,0.465517,2.071429,0.396552,1.714286,-0.155172,3.428571,0.0,4.321429,0.034483,4.964286,0.051724,-1.3928571428571428,0.2413793103448276,0.0,0.0,0.392857,0.605263,1.535714,0.986842,2.714286,1.052632,3.464286,0.894737,2.071429,1.0,4.0,1.118421,3.571429,1.013158,2.964286,0.947368,2.5,0.631579,4.25,0.828947,3.75,0.736842,3.25,0.657895,2.821429,0.289474,4.5,0.539474,4.071429,0.5,3.5,0.434211,3.071429,0.013158,4.75,0.157895,5.714286,0.197368,6.535714,0.223684,J,11.0
0.0,0.0,0.56701,0.0,1.247423,0.327731,1.56701,0.697479,1.42268,1.0,0.907216,1.0,1.134021,1.411765,1.041237,1.151261,0.917526,0.882353,0.587629,1.058824,0.783505,1.344538,0.659794,0.89916,0.536082,0.579832,0.247423,1.084034,0.443299,1.285714,0.340206,0.823529,0.226804,0.495798,-0.092784,1.10084,0.103093,1.579832,0.278351,1.857143,0.453608,2.109244,0,0.0,0.0,0.0,0.0,0.0,0.0,0.0,0.0,0.0,0.0,0.0,0.0,0.0,0.0,0.0,0.0,0.0,0.0,0.0,0.0,0.0,0.0,0.0,0.0,0.0,0.0,0.0,0.0,0.0,0.0,0.0,0.0,0.0,0.0,0.0,0.0,0.0,0.0,0.0,0.0,0.0,0.0,0.0,J,12.0
0.0,0.0,0.649485,0.09375,1.309278,0.367188,1.628866,0.734375,1.42268,1.0,0.958763,1.0,1.216495,1.382812,1.082474,1.046875,0.938144,0.78125,0.628866,1.0625,0.824742,1.328125,0.690722,0.859375,0.597938,0.570312,0.298969,1.085938,0.515464,1.289062,0.402062,0.84375,0.268041,0.53125,-0.041237,1.085938,0.14433,1.554688,0.319588,1.8125,0.494845,2.054688,0,0.0,0.0,0.0,0.0,0.0,0.0,0.0,0.0,0.0,0.0,0.0,0.0,0.0,0.0,0.0,0.0,0.0,0.0,0.0,0.0,0.0,0.0,0.0,0.0,0.0,0.0,0.0,0.0,0.0,0.0,0.0,0.0,0.0,0.0,0.0,0.0,0.0,0.0,0.0,0.0,0.0,0.0,0.0,J,12.0
0.0,0.0,0.715789,0.113636,1.357895,0.393939,1.663158,0.75,1.431579,0.984848,0.957895,1.0,1.221053,1.356061,1.094737,1.030303,0.936842,0.757576,0.631579,1.05303,0.842105,1.295455,0.694737,0.840909,0.589474,0.55303,0.305263,1.060606,0.515789,1.265152,0.4,0.833333,0.263158,0.537879,-0.042105,1.060606,0.147368,1.515152,0.305263,1.765152,0.452632,2.0,0,0.0,0.0,0.0,0.0,0.0,0.0,0.0,0.0,0.0,0.0,0.0,0.0,0.0,0.0,0.0,0.0,0.0,0.0,0.0,0.0,0.0,0.0,0.0,0.0,0.0,0.0,0.0,0.0,0.0,0.0,0.0,0.0,0.0,0.0,0.0,0.0,0.0,0.0,0.0,0.0,0.0,0.0,0.0,J,12.0
0.0,0.0,0.71875,0.100775,1.34375,0.387597,1.635417,0.744186,1.416667,1.0,0.947917,1.0,1.21875,1.356589,1.083333,1.007752,0.90625,0.728682,0.625,1.054264,0.84375,1.325581,0.708333,0.868217,0.59375,0.55814,0.291667,1.069767,0.520833,1.286822,0.40625,0.852713,0.28125,0.542636,-0.052083,1.077519,0.145833,1.534884,0.3125,1.790698,0.46875,2.031008,0,0.0,0.0,0.0,0.0,0.0,0.0,0.0,0.0,0.0,0.0,0.0,0.0,0.0,0.0,0.0,0.0,0.0,0.0,0.0,0.0,0.0,0.0,0.0,0.0,0.0,0.0,0.0,0.0,0.0,0.0,0.0,0.0,0.0,0.0,0.0,0.0,0.0,0.0,0.0,0.0,0.0,0.0,0.0,J,12.0
0.0,0.0,0.705263,0.115385,1.347368,0.4,1.642105,0.753846,1.431579,1.0,0.957895,1.0,1.231579,1.353846,1.094737,1.007692,0.926316,0.730769,0.631579,1.053846,0.852632,1.346154,0.715789,0.884615,0.621053,0.584615,0.305263,1.069231,0.526316,1.284615,0.410526,0.846154,0.284211,0.538462,-0.042105,1.076923,0.157895,1.538462,0.326316,1.792308,0.473684,2.030769,0,0.0,0.0,0.0,0.0,0.0,0.0,0.0,0.0,0.0,0.0,0.0,0.0,0.0,0.0,0.0,0.0,0.0,0.0,0.0,0.0,0.0,0.0,0.0,0.0,0.0,0.0,0.0,0.0,0.0,0.0,0.0,0.0,0.0,0.0,0.0,0.0,0.0,0.0,0.0,0.0,0.0,0.0,0.0,J,12.0
0.0,0.0,0.659794,0.1,1.309278,0.392308,1.56701,0.761538,1.268041,0.984615,0.938144,1.0,1.195876,1.361538,1.051546,1.023077,0.886598,0.753846,0.608247,1.053846,0.814433,1.330769,0.659794,0.869231,0.56701,0.561538,0.278351,1.069231,0.484536,1.284615,0.360825,0.838462,0.247423,0.530769,-0.061856,1.076923,0.123711,1.530769,0.278351,1.784615,0.443299,2.030769,0,0.0,0.0,0.0,0.0,0.0,0.0,0.0,0.0,0.0,0.0,0.0,0.0,0.0,0.0,0.0,0.0,0.0,0.0,0.0,0.0,0.0,0.0,0.0,0.0,0.0,0.0,0.0,0.0,0.0,0.0,0.0,0.0,0.0,0.0,0.0,0.0,0.0,0.0,0.0,0.0,0.0,0.0,0.0,J,12.0
0.0,0.0,0.59,0.085714,1.19,0.385714,1.4,0.721429,1.12,0.942857,0.8,1.0,1.0,1.292857,0.89,0.957143,0.76,0.671429,0.46,1.021429,0.66,1.207143,0.54,0.764286,0.43,0.457143,0.13,1.014286,0.31,1.171429,0.23,0.757143,0.15,0.464286,-0.2,1.0,-0.07,1.414286,0.04,1.664286,0.16,1.9,0,0.0,0.0,0.0,0.0,0.0,0.0,0.0,0.0,0.0,0.0,0.0,0.0,0.0,0.0,0.0,0.0,0.0,0.0,0.0,0.0,0.0,0.0,0.0,0.0,0.0,0.0,0.0,0.0,0.0,0.0,0.0,0.0,0.0,0.0,0.0,0.0,0.0,0.0,0.0,0.0,0.0,0.0,0.0,J,12.0
0.0,0.0,0.543689,0.197279,1.058252,0.517007,1.07767,0.829932,0.776699,0.931973,0.650485,1.0,0.796117,1.278912,0.757282,1.006803,0.708738,0.734694,0.291262,0.993197,0.504854,1.22449,0.466019,0.857143,0.398058,0.544218,-0.029126,0.965986,0.203883,1.088435,0.203883,0.721088,0.15534,0.428571,-0.349515,0.884354,-0.087379,1.020408,-0.038835,0.755102,-0.058252,0.530612,0,0.0,0.0,0.0,0.0,0.0,0.0,0.0,0.0,0.0,0.0,0.0,0.0,0.0,0.0,0.0,0.0,0.0,0.0,0.0,0.0,0.0,0.0,0.0,0.0,0.0,0.0,0.0,0.0,0.0,0.0,0.0,0.0,0.0,0.0,0.0,0.0,0.0,0.0,0.0,0.0,0.0,0.0,0.0,J,12.0
0.0,0.0,0.673077,0.203593,1.192308,0.532934,1.288462,0.754491,1.192308,0.856287,0.634615,1.0,0.173077,0.952096,0.134615,0.622754,0.269231,0.42515,0.25,0.988024,-0.076923,0.982036,-0.038462,0.658683,0.115385,0.449102,-0.096154,0.904192,-0.480769,0.832335,-0.288462,0.556886,-0.019231,0.407186,-0.365385,0.778443,-0.730769,0.724551,-0.596154,0.526946,-0.346154,0.431138,0,0.0,0.0,0.0,0.0,0.0,0.0,0.0,0.0,0.0,0.0,0.0,0.0,0.0,0.0,0.0,0.0,0.0,0.0,0.0,0.0,0.0,0.0,0.0,0.0,0.0,0.0,0.0,0.0,0.0,0.0,0.0,0.0,0.0,0.0,0.0,0.0,0.0,0.0,0.0,0.0,0.0,0.0,0.0,J,12.0
0.0,0.0,0.403509,0.15528,0.763158,0.409938,0.833333,0.608696,0.570175,0.627329,0.201754,1.0,0.350877,0.78882,0.482456,0.546584,0.587719,0.428571,-0.210526,0.931677,0.0,0.590062,0.201754,0.329193,0.324561,0.217391,-0.552632,0.770186,-0.298246,0.409938,-0.061404,0.192547,0.078947,0.093168,-0.798246,0.559006,-0.561404,0.291925,-0.342105,0.111801,-0.201754,0.037267,0,0.0,0.0,0.0,0.0,0.0,0.0,0.0,0.0,0.0,0.0,0.0,0.0,0.0,0.0,0.0,0.0,0.0,0.0,0.0,0.0,0.0,0.0,0.0,0.0,0.0,0.0,0.0,0.0,0.0,0.0,0.0,0.0,0.0,0.0,0.0,0.0,0.0,0.0,0.0,0.0,0.0,0.0,0.0,J,12.0
0.0,0.0,0.539216,0.192593,0.960784,0.42963,1.22549,0.585185,1.392157,0.718519,0.558824,1.0,0.980392,0.748148,1.058824,0.548148,1.019608,0.562963,0.166667,0.866667,0.77451,0.466667,0.843137,0.288889,0.735294,0.348148,-0.156863,0.659259,0.431373,0.259259,0.529412,0.103704,0.470588,0.148148,-0.441176,0.407407,0.068627,0.111111,0.284314,-0.014815,0.372549,-0.007407,0,0.0,0.0,0.0,0.0,0.0,0.0,0.0,0.0,0.0,0.0,0.0,0.0,0.0,0.0,0.0,0.0,0.0,0.0,0.0,0.0,0.0,0.0,0.0,0.0,0.0,0.0,0.0,0.0,0.0,0.0,0.0,0.0,0.0,0.0,0.0,0.0,0.0,0.0,0.0,0.0,0.0,0.0,0.0,J,12.0
0.0,0.0,0.351351,0.343023,1.648649,0.651163,3.216216,0.72093,4.297297,0.645349,1.702703,1.0,4.243243,1.023256,4.324324,0.825581,4.0,0.726744,1.945946,0.848837,4.567568,0.80814,4.378378,0.616279,3.918919,0.546512,2.324324,0.639535,4.864865,0.656977,5.189189,0.546512,5.135135,0.5,2.702703,0.424419,4.675676,0.581395,5.918919,0.674419,7.0,0.773256,0,0.0,0.0,0.0,0.0,0.0,0.0,0.0,0.0,0.0,0.0,0.0,0.0,0.0,0.0,0.0,0.0,0.0,0.0,0.0,0.0,0.0,0.0,0.0,0.0,0.0,0.0,0.0,0.0,0.0,0.0,0.0,0.0,0.0,0.0,0.0,0.0,0.0,0.0,0.0,0.0,0.0,0.0,0.0,J,12.0
0.0,0.0,0.014706,0.368132,0.441176,0.697802,1.191176,0.82967,1.764706,0.813187,0.558824,1.0,1.911765,1.098901,1.926471,0.901099,1.632353,0.802198,0.852941,0.868132,2.132353,0.901099,2.044118,0.703297,1.75,0.642857,1.205882,0.692308,2.367647,0.747253,2.25,0.598901,1.911765,0.543956,1.558824,0.505495,2.573529,0.714286,3.205882,0.824176,3.705882,0.934066,0,0.0,0.0,0.0,0.0,0.0,0.0,0.0,0.0,0.0,0.0,0.0,0.0,0.0,0.0,0.0,0.0,0.0,0.0,0.0,0.0,0.0,0.0,0.0,0.0,0.0,0.0,0.0,0.0,0.0,0.0,0.0,0.0,0.0,0.0,0.0,0.0,0.0,0.0,0.0,0.0,0.0,0.0,0.0,J,12.0
0.0,0.0,-0.091954,0.37766,0.16092,0.723404,0.678161,0.904255,1.091954,0.930851,0.229885,1.0,1.241379,1.106383,1.218391,0.920213,0.965517,0.829787,0.551724,0.882979,1.505747,0.909574,1.413793,0.728723,1.172414,0.670213,0.896552,0.728723,1.735632,0.771277,1.597701,0.62766,1.310345,0.569149,1.229885,0.56383,1.954023,0.781915,2.402299,0.882979,2.747126,0.989362,0,0.0,0.0,0.0,0.0,0.0,0.0,0.0,0.0,0.0,0.0,0.0,0.0,0.0,0.0,0.0,0.0,0.0,0.0,0.0,0.0,0.0,0.0,0.0,0.0,0.0,0.0,0.0,0.0,0.0,0.0,0.0,0.0,0.0,0.0,0.0,0.0,0.0,0.0,0.0,0.0,0.0,0.0,0.0,J,12.0
0.0,0.0,-0.146067,0.378378,0.05618,0.724324,0.52809,0.908108,0.94382,0.935135,0.146067,1.0,1.089888,1.124324,1.044944,0.940541,0.797753,0.843243,0.460674,0.886486,1.348315,0.92973,1.247191,0.762162,1.033708,0.697297,0.808989,0.735135,1.573034,0.789189,1.426966,0.654054,1.134831,0.589189,1.146067,0.572973,1.820225,0.810811,2.235955,0.918919,2.573034,1.032432,0,0.0,0.0,0.0,0.0,0.0,0.0,0.0,0.0,0.0,0.0,0.0,0.0,0.0,0.0,0.0,0.0,0.0,0.0,0.0,0.0,0.0,0.0,0.0,0.0,0.0,0.0,0.0,0.0,0.0,0.0,0.0,0.0,0.0,0.0,0.0,0.0,0.0,0.0,0.0,0.0,0.0,0.0,0.0,J,12.0
0.0,0.0,-0.093023,0.369565,0.104651,0.706522,0.569767,0.869565,0.94186,0.858696,0.197674,1.0,1.162791,1.11413,1.127907,0.934783,0.872093,0.836957,0.523256,0.875,1.430233,0.918478,1.337209,0.744565,1.116279,0.690217,0.860465,0.711957,1.686047,0.771739,1.534884,0.646739,1.232558,0.581522,1.197674,0.548913,1.895349,0.793478,2.337209,0.913043,2.697674,1.032609,0,0.0,0.0,0.0,0.0,0.0,0.0,0.0,0.0,0.0,0.0,0.0,0.0,0.0,0.0,0.0,0.0,0.0,0.0,0.0,0.0,0.0,0.0,0.0,0.0,0.0,0.0,0.0,0.0,0.0,0.0,0.0,0.0,0.0,0.0,0.0,0.0,0.0,0.0,0.0,0.0,0.0,0.0,0.0,J,12.0
0.0,0.0,-0.114943,0.383333,0.103448,0.733333,0.597701,0.922222,0.988506,0.961111,0.16092,1.0,1.126437,1.127778,1.091954,0.944444,0.850575,0.844444,0.482759,0.883333,1.390805,0.927778,1.310345,0.75,1.091954,0.688889,0.827586,0.727778,1.632184,0.788889,1.494253,0.65,1.206897,0.588889,1.16092,0.566667,1.862069,0.811111,2.287356,0.927778,2.632184,1.044444,0,0.0,0.0,0.0,0.0,0.0,0.0,0.0,0.0,0.0,0.0,0.0,0.0,0.0,0.0,0.0,0.0,0.0,0.0,0.0,0.0,0.0,0.0,0.0,0.0,0.0,0.0,0.0,0.0,0.0,0.0,0.0,0.0,0.0,0.0,0.0,0.0,0.0,0.0,0.0,0.0,0.0,0.0,0.0,J,12.0
0.0,0.0,-0.104651,0.375691,0.104651,0.718232,0.616279,0.900552,1.011628,0.911602,0.151163,1.0,1.127907,1.121547,1.093023,0.933702,0.848837,0.839779,0.465116,0.883978,1.383721,0.922652,1.302326,0.745856,1.081395,0.690608,0.813953,0.729282,1.616279,0.78453,1.476744,0.646409,1.186047,0.585635,1.151163,0.563536,1.860465,0.812155,2.290698,0.928177,2.639535,1.044199,0,0.0,0.0,0.0,0.0,0.0,0.0,0.0,0.0,0.0,0.0,0.0,0.0,0.0,0.0,0.0,0.0,0.0,0.0,0.0,0.0,0.0,0.0,0.0,0.0,0.0,0.0,0.0,0.0,0.0,0.0,0.0,0.0,0.0,0.0,0.0,0.0,0.0,0.0,0.0,0.0,0.0,0.0,0.0,J,12.0
0.0,0.0,-0.090909,0.377778,0.136364,0.727778,0.647727,0.905556,1.034091,0.922222,0.159091,1.0,1.102273,1.127778,1.079545,0.944444,0.840909,0.844444,0.488636,0.883333,1.375,0.922222,1.295455,0.744444,1.079545,0.688889,0.829545,0.722222,1.613636,0.783333,1.477273,0.644444,1.193182,0.583333,1.159091,0.555556,1.829545,0.805556,2.25,0.927778,2.590909,1.044444,0,0.0,0.0,0.0,0.0,0.0,0.0,0.0,0.0,0.0,0.0,0.0,0.0,0.0,0.0,0.0,0.0,0.0,0.0,0.0,0.0,0.0,0.0,0.0,0.0,0.0,0.0,0.0,0.0,0.0,0.0,0.0,0.0,0.0,0.0,0.0,0.0,0.0,0.0,0.0,0.0,0.0,0.0,0.0,J,12.0
0.0,0.0,-0.113636,0.371585,0.079545,0.710383,0.568182,0.874317,0.954545,0.885246,0.159091,1.0,1.125,1.114754,1.102273,0.928962,0.852273,0.825137,0.488636,0.885246,1.386364,0.918033,1.306818,0.737705,1.090909,0.677596,0.829545,0.73224,1.613636,0.781421,1.488636,0.639344,1.215909,0.568306,1.159091,0.562842,1.852273,0.803279,2.272727,0.918033,2.613636,1.032787,0,0.0,0.0,0.0,0.0,0.0,0.0,0.0,0.0,0.0,0.0,0.0,0.0,0.0,0.0,0.0,0.0,0.0,0.0,0.0,0.0,0.0,0.0,0.0,0.0,0.0,0.0,0.0,0.0,0.0,0.0,0.0,0.0,0.0,0.0,0.0,0.0,0.0,0.0,0.0,0.0,0.0,0.0,0.0,J,12.0
0.0,0.0,-0.093023,0.377049,0.151163,0.721311,0.662791,0.907104,1.069767,0.939891,0.197674,1.0,1.174419,1.10929,1.139535,0.934426,0.883721,0.836066,0.523256,0.879781,1.44186,0.912568,1.348837,0.743169,1.127907,0.68306,0.860465,0.726776,1.674419,0.775956,1.534884,0.639344,1.255814,0.579235,1.197674,0.562842,1.906977,0.803279,2.337209,0.918033,2.686047,1.032787,0,0.0,0.0,0.0,0.0,0.0,0.0,0.0,0.0,0.0,0.0,0.0,0.0,0.0,0.0,0.0,0.0,0.0,0.0,0.0,0.0,0.0,0.0,0.0,0.0,0.0,0.0,0.0,0.0,0.0,0.0,0.0,0.0,0.0,0.0,0.0,0.0,0.0,0.0,0.0,0.0,0.0,0.0,0.0,J,12.0
0.0,0.0,-0.104651,0.379121,0.151163,0.71978,0.697674,0.89011,1.104651,0.906593,0.174419,1.0,1.151163,1.10989,1.116279,0.923077,0.860465,0.824176,0.488372,0.89011,1.406977,0.912088,1.325581,0.725275,1.104651,0.664835,0.837209,0.736264,1.662791,0.774725,1.523256,0.631868,1.232558,0.565934,1.174419,0.571429,1.883721,0.807692,2.325581,0.923077,2.662791,1.038462,0,0.0,0.0,0.0,0.0,0.0,0.0,0.0,0.0,0.0,0.0,0.0,0.0,0.0,0.0,0.0,0.0,0.0,0.0,0.0,0.0,0.0,0.0,0.0,0.0,0.0,0.0,0.0,0.0,0.0,0.0,0.0,0.0,0.0,0.0,0.0,0.0,0.0,0.0,0.0,0.0,0.0,0.0,0.0,J,12.0
0.0,0.0,-0.093023,0.383333,0.197674,0.738889,0.732558,0.938889,1.139535,0.983333,0.186047,1.0,1.151163,1.1,1.116279,0.916667,0.872093,0.822222,0.511628,0.877778,1.406977,0.9,1.313953,0.733333,1.093023,0.672222,0.860465,0.716667,1.639535,0.766667,1.511628,0.633333,1.232558,0.572222,1.186047,0.555556,1.883721,0.8,2.313953,0.916667,2.651163,1.033333,0,0.0,0.0,0.0,0.0,0.0,0.0,0.0,0.0,0.0,0.0,0.0,0.0,0.0,0.0,0.0,0.0,0.0,0.0,0.0,0.0,0.0,0.0,0.0,0.0,0.0,0.0,0.0,0.0,0.0,0.0,0.0,0.0,0.0,0.0,0.0,0.0,0.0,0.0,0.0,0.0,0.0,0.0,0.0,J,12.0
0.0,0.0,-0.082353,0.373626,0.176471,0.71978,0.729412,0.912088,1.141176,0.950549,0.235294,1.0,1.235294,1.104396,1.2,0.917582,0.929412,0.818681,0.552941,0.884615,1.482353,0.906593,1.4,0.730769,1.164706,0.67033,0.905882,0.725275,1.729412,0.774725,1.6,0.631868,1.294118,0.571429,1.235294,0.554945,1.952941,0.802198,2.388235,0.917582,2.741176,1.032967,0,0.0,0.0,0.0,0.0,0.0,0.0,0.0,0.0,0.0,0.0,0.0,0.0,0.0,0.0,0.0,0.0,0.0,0.0,0.0,0.0,0.0,0.0,0.0,0.0,0.0,0.0,0.0,0.0,0.0,0.0,0.0,0.0,0.0,0.0,0.0,0.0,0.0,0.0,0.0,0.0,0.0,0.0,0.0,J,12.0
0.0,0.0,-0.098765,0.381215,0.17284,0.729282,0.753086,0.911602,1.17284,0.944751,0.222222,1.0,1.259259,1.099448,1.209877,0.917127,0.938272,0.823204,0.530864,0.883978,1.506173,0.906077,1.419753,0.740331,1.185185,0.679558,0.876543,0.723757,1.753086,0.773481,1.604938,0.640884,1.308642,0.58011,1.222222,0.563536,1.987654,0.79558,2.45679,0.911602,2.82716,1.027624,0,0.0,0.0,0.0,0.0,0.0,0.0,0.0,0.0,0.0,0.0,0.0,0.0,0.0,0.0,0.0,0.0,0.0,0.0,0.0,0.0,0.0,0.0,0.0,0.0,0.0,0.0,0.0,0.0,0.0,0.0,0.0,0.0,0.0,0.0,0.0,0.0,0.0,0.0,0.0,0.0,0.0,0.0,0.0,J,12.0
0.0,0.0,-0.071429,0.385475,0.214286,0.731844,0.785714,0.921788,1.190476,0.96648,0.214286,1.0,1.214286,1.100559,1.178571,0.916201,0.916667,0.815642,0.52381,0.888268,1.464286,0.905028,1.369048,0.726257,1.142857,0.659218,0.880952,0.731844,1.702381,0.77095,1.559524,0.625698,1.261905,0.564246,1.214286,0.564246,1.940476,0.798883,2.380952,0.910615,2.738095,1.027933,0,0.0,0.0,0.0,0.0,0.0,0.0,0.0,0.0,0.0,0.0,0.0,0.0,0.0,0.0,0.0,0.0,0.0,0.0,0.0,0.0,0.0,0.0,0.0,0.0,0.0,0.0,0.0,0.0,0.0,0.0,0.0,0.0,0.0,0.0,0.0,0.0,0.0,0.0,0.0,0.0,0.0,0.0,0.0,J,12.0
0.0,0.0,-0.035714,0.379121,0.22619,0.708791,0.785714,0.873626,1.202381,0.879121,0.297619,1.0,1.309524,1.098901,1.27381,0.906593,1.0,0.802198,0.619048,0.895604,1.559524,0.901099,1.47619,0.714286,1.22619,0.653846,0.964286,0.736264,1.809524,0.769231,1.666667,0.620879,1.357143,0.554945,1.297619,0.571429,2.02381,0.802198,2.47619,0.917582,2.833333,1.027473,0,0.0,0.0,0.0,0.0,0.0,0.0,0.0,0.0,0.0,0.0,0.0,0.0,0.0,0.0,0.0,0.0,0.0,0.0,0.0,0.0,0.0,0.0,0.0,0.0,0.0,0.0,0.0,0.0,0.0,0.0,0.0,0.0,0.0,0.0,0.0,0.0,0.0,0.0,0.0,0.0,0.0,0.0,0.0,J,12.0
0.0,0.0,0.518182,0.1,1.027273,0.5,1.236364,0.871429,1.254545,1.228571,0.818182,1.0,0.954545,1.207143,0.845455,0.871429,0.736364,0.607143,0.490909,1.042857,0.663636,1.271429,0.545455,0.8,0.445455,0.485714,0.154545,1.042857,0.327273,1.192857,0.254545,0.742857,0.181818,0.428571,-0.181818,1.021429,-0.109091,1.471429,-0.054545,1.75,0.009091,2.0,0,0.0,0.0,0.0,0.0,0.0,0.0,0.0,0.0,0.0,0.0,0.0,0.0,0.0,0.0,0.0,0.0,0.0,0.0,0.0,0.0,0.0,0.0,0.0,0.0,0.0,0.0,0.0,0.0,0.0,0.0,0.0,0.0,0.0,0.0,0.0,0.0,0.0,0.0,0.0,0.0,0.0,0.0,0.0,J,13.0
0.0,0.0,0.533981,0.116438,1.067961,0.541096,1.339806,0.910959,1.359223,1.273973,0.84466,1.0,1.038835,1.226027,0.92233,0.890411,0.805825,0.623288,0.533981,1.041096,0.728155,1.273973,0.601942,0.849315,0.504854,0.534247,0.194175,1.054795,0.378641,1.212329,0.291262,0.794521,0.203883,0.486301,-0.15534,1.047945,-0.048544,1.493151,0.009709,1.787671,0.07767,2.054795,0,0.0,0.0,0.0,0.0,0.0,0.0,0.0,0.0,0.0,0.0,0.0,0.0,0.0,0.0,0.0,0.0,0.0,0.0,0.0,0.0,0.0,0.0,0.0,0.0,0.0,0.0,0.0,0.0,0.0,0.0,0.0,0.0,0.0,0.0,0.0,0.0,0.0,0.0,0.0,0.0,0.0,0.0,0.0,J,13.0
0.0,0.0,0.518868,0.128378,1.028302,0.527027,1.301887,0.885135,1.330189,1.22973,0.867925,1.0,1.066038,1.25,0.943396,0.898649,0.820755,0.621622,0.556604,1.047297,0.726415,1.290541,0.613208,0.864865,0.528302,0.560811,0.207547,1.047297,0.367925,1.216216,0.292453,0.790541,0.216981,0.486486,-0.132075,1.040541,-0.04717,1.472973,0.009434,1.763514,0.075472,2.033784,0,0.0,0.0,0.0,0.0,0.0,0.0,0.0,0.0,0.0,0.0,0.0,0.0,0.0,0.0,0.0,0.0,0.0,0.0,0.0,0.0,0.0,0.0,0.0,0.0,0.0,0.0,0.0,0.0,0.0,0.0,0.0,0.0,0.0,0.0,0.0,0.0,0.0,0.0,0.0,0.0,0.0,0.0,0.0,J,13.0
0.0,0.0,0.584158,0.165605,1.108911,0.55414,1.376238,0.904459,1.356436,1.229299,0.861386,1.0,1.049505,1.248408,0.940594,0.910828,0.821782,0.649682,0.544554,1.025478,0.732673,1.248408,0.623762,0.834395,0.514851,0.547771,0.207921,1.019108,0.376238,1.210191,0.306931,0.802548,0.227723,0.509554,-0.138614,1.012739,-0.09901,1.420382,-0.059406,1.681529,-0.019802,1.936306,0,0.0,0.0,0.0,0.0,0.0,0.0,0.0,0.0,0.0,0.0,0.0,0.0,0.0,0.0,0.0,0.0,0.0,0.0,0.0,0.0,0.0,0.0,0.0,0.0,0.0,0.0,0.0,0.0,0.0,0.0,0.0,0.0,0.0,0.0,0.0,0.0,0.0,0.0,0.0,0.0,0.0,0.0,0.0,J,13.0
0.0,0.0,0.504587,0.159236,0.990826,0.541401,1.247706,0.878981,1.238532,1.203822,0.844037,1.0,1.027523,1.248408,0.908257,0.929936,0.788991,0.675159,0.53211,1.031847,0.697248,1.261146,0.587156,0.859873,0.495413,0.56051,0.192661,1.025478,0.33945,1.197452,0.275229,0.789809,0.201835,0.496815,-0.155963,1.012739,-0.100917,1.420382,-0.06422,1.681529,-0.027523,1.936306,0,0.0,0.0,0.0,0.0,0.0,0.0,0.0,0.0,0.0,0.0,0.0,0.0,0.0,0.0,0.0,0.0,0.0,0.0,0.0,0.0,0.0,0.0,0.0,0.0,0.0,0.0,0.0,0.0,0.0,0.0,0.0,0.0,0.0,0.0,0.0,0.0,0.0,0.0,0.0,0.0,0.0,0.0,0.0,J,13.0
0.0,0.0,0.518182,0.15528,0.990909,0.534161,1.236364,0.875776,1.218182,1.186335,0.845455,1.0,1.009091,1.236025,0.890909,0.913043,0.781818,0.664596,0.527273,1.018634,0.681818,1.254658,0.581818,0.84472,0.490909,0.559006,0.181818,1.006211,0.309091,1.180124,0.263636,0.782609,0.2,0.503106,-0.154545,0.987578,-0.118182,1.385093,-0.090909,1.63354,-0.063636,1.888199,0,0.0,0.0,0.0,0.0,0.0,0.0,0.0,0.0,0.0,0.0,0.0,0.0,0.0,0.0,0.0,0.0,0.0,0.0,0.0,0.0,0.0,0.0,0.0,0.0,0.0,0.0,0.0,0.0,0.0,0.0,0.0,0.0,0.0,0.0,0.0,0.0,0.0,0.0,0.0,0.0,0.0,0.0,0.0,J,13.0
0.0,0.0,0.536364,0.169591,0.963636,0.549708,1.163636,0.871345,1.154545,1.163743,0.736364,1.0,0.863636,1.216374,0.790909,0.883041,0.709091,0.631579,0.409091,1.0,0.536364,1.169591,0.490909,0.77193,0.409091,0.508772,0.063636,0.959064,0.172727,1.105263,0.172727,0.725146,0.118182,0.461988,-0.263636,0.900585,-0.3,1.280702,-0.3,1.526316,-0.3,1.766082,0,0.0,0.0,0.0,0.0,0.0,0.0,0.0,0.0,0.0,0.0,0.0,0.0,0.0,0.0,0.0,0.0,0.0,0.0,0.0,0.0,0.0,0.0,0.0,0.0,0.0,0.0,0.0,0.0,0.0,0.0,0.0,0.0,0.0,0.0,0.0,0.0,0.0,0.0,0.0,0.0,0.0,0.0,0.0,J,13.0
0.0,0.0,0.466667,0.208791,0.67619,0.56044,0.638095,0.868132,0.47619,1.087912,0.295238,1.0,0.247619,1.087912,0.314286,0.791209,0.361905,0.56044,-0.066667,0.956044,-0.095238,0.983516,0.019048,0.631868,0.07619,0.406593,-0.409524,0.851648,-0.428571,0.873626,-0.266667,0.565934,-0.161905,0.351648,-0.704762,0.71978,-0.914286,1.021978,-1.066667,1.214286,-1.2,1.384615,0,0.0,0.0,0.0,0.0,0.0,0.0,0.0,0.0,0.0,0.0,0.0,0.0,0.0,0.0,0.0,0.0,0.0,0.0,0.0,0.0,0.0,0.0,0.0,0.0,0.0,0.0,0.0,0.0,0.0,0.0,0.0,0.0,0.0,0.0,0.0,0.0,0.0,0.0,0.0,0.0,0.0,0.0,0.0,J,13.0
0.0,0.0,0.490385,0.190476,0.721154,0.571429,0.605769,0.875,0.403846,1.035714,0.211538,1.0,0.125,1.035714,0.288462,0.77381,0.394231,0.613095,-0.173077,0.958333,-0.25,0.916667,-0.028846,0.630952,0.076923,0.47619,-0.5,0.857143,-0.586538,0.839286,-0.346154,0.60119,-0.221154,0.452381,-0.788462,0.72619,-1.144231,0.916667,-1.365385,1.0,-1.567308,1.095238,0,0.0,0.0,0.0,0.0,0.0,0.0,0.0,0.0,0.0,0.0,0.0,0.0,0.0,0.0,0.0,0.0,0.0,0.0,0.0,0.0,0.0,0.0,0.0,0.0,0.0,0.0,0.0,0.0,0.0,0.0,0.0,0.0,0.0,0.0,0.0,0.0,0.0,0.0,0.0,0.0,0.0,0.0,0.0,J,13.0
0.0,0.0,0.4,0.092199,0.5,0.368794,0.375,0.602837,0.175,0.780142,-1.2,1.0,-2.275,1.099291,-3.325,1.198582,-4.275,1.304965,-1.075,1.163121,-1.425,0.93617,-0.725,0.58156,-0.175,0.375887,-0.725,1.184397,-0.95,0.950355,-0.4,0.624113,0.075,0.432624,-0.2,1.12766,-0.25,0.985816,0.025,0.680851,0.325,0.496454,0,0.0,0.0,0.0,0.0,0.0,0.0,0.0,0.0,0.0,0.0,0.0,0.0,0.0,0.0,0.0,0.0,0.0,0.0,0.0,0.0,0.0,0.0,0.0,0.0,0.0,0.0,0.0,0.0,0.0,0.0,0.0,0.0,0.0,0.0,0.0,0.0,0.0,0.0,0.0,0.0,0.0,0.0,0.0,J,13.0
0.0,0.0,0.428571,0.116438,0.773109,0.349315,0.739496,0.506849,0.655462,0.60274,0.428571,1.0,0.319328,0.883562,0.285714,0.678082,0.268908,0.568493,0.02521,1.054795,-0.10084,0.678082,0.02521,0.390411,0.142857,0.287671,-0.302521,0.958904,-0.403361,0.623288,-0.243697,0.39726,-0.109244,0.308219,-0.571429,0.828767,-0.915966,0.787671,-1.067227,0.808219,-1.176471,0.883562,0,0.0,0.0,0.0,0.0,0.0,0.0,0.0,0.0,0.0,0.0,0.0,0.0,0.0,0.0,0.0,0.0,0.0,0.0,0.0,0.0,0.0,0.0,0.0,0.0,0.0,0.0,0.0,0.0,0.0,0.0,0.0,0.0,0.0,0.0,0.0,0.0,0.0,0.0,0.0,0.0,0.0,0.0,0.0,J,13.0
0.0,0.0,0.269504,-0.111111,0.51773,-0.1,0.560284,0.033333,0.510638,0.2,0.51773,1.0,0.425532,0.5,0.425532,0.133333,0.489362,0.111111,0.163121,1.166667,0.028369,0.588889,0.049645,0.088889,0.141844,0.088889,-0.177305,1.066667,-0.340426,0.455556,-0.297872,0.088889,-0.205674,0.166667,-0.48227,0.844444,-0.751773,0.322222,-0.865248,0.011111,-0.907801,0.022222,-0.014184397163120567,0.4666666666666667,0.0,0.0,0.477273,0.089655,0.772727,0.296552,0.765152,0.441379,0.590909,0.482759,0.363636,1.0,0.287879,0.613793,0.348485,0.310345,0.409091,0.172414,-0.015152,1.027586,-0.068182,0.551724,0.068182,0.255172,0.189394,0.137931,-0.363636,0.882759,-0.439394,0.558621,-0.280303,0.289655,-0.166667,0.186207,-0.636364,0.662069,-0.893939,0.531034,-1.007576,0.413793,-1.136364,0.393103,J,13.0
0.0,0.0,0.470149,0.07483,0.858209,0.238095,1.067164,0.346939,1.11194,0.326531,0.552239,1.0,0.761194,0.585034,0.783582,0.380952,0.761194,0.428571,0.149254,0.952381,0.402985,0.442177,0.447761,0.265306,0.410448,0.346939,-0.186567,0.761905,0.044776,0.292517,0.156716,0.156463,0.149254,0.244898,-0.447761,0.52381,-0.253731,0.190476,-0.141791,0.061224,-0.141791,0.095238,0,0.0,0.0,0.0,0.0,0.0,0.0,0.0,0.0,0.0,0.0,0.0,0.0,0.0,0.0,0.0,0.0,0.0,0.0,0.0,0.0,0.0,0.0,0.0,0.0,0.0,0.0,0.0,0.0,0.0,0.0,0.0,0.0,0.0,0.0,0.0,0.0,0.0,0.0,0.0,0.0,0.0,0.0,0.0,J,13.0
0.0,0.0,22.0,0.057971,47.0,0.246377,69.0,0.42029,83.5,0.514493,38.0,1.0,64.0,0.666667,68.5,0.427536,66.0,0.311594,36.5,1.086957,63.0,0.702899,64.0,0.478261,57.5,0.391304,36.5,1.043478,62.5,0.652174,63.0,0.463768,56.5,0.391304,37.0,0.92029,58.5,0.557971,60.5,0.369565,57.0,0.289855,0,0.0,0.0,0.0,0.0,0.0,0.0,0.0,0.0,0.0,0.0,0.0,0.0,0.0,0.0,0.0,0.0,0.0,0.0,0.0,0.0,0.0,0.0,0.0,0.0,0.0,0.0,0.0,0.0,0.0,0.0,0.0,0.0,0.0,0.0,0.0,0.0,0.0,0.0,0.0,0.0,0.0,0.0,0.0,J,13.0
0.0,0.0,0.847222,0.127907,1.444444,0.395349,1.861111,0.598837,2.263889,0.738372,0.833333,1.0,1.972222,0.802326,1.833333,0.575581,1.513889,0.534884,0.430556,0.953488,1.694444,0.697674,1.541667,0.476744,1.222222,0.447674,0.097222,0.80814,1.333333,0.569767,1.25,0.366279,0.972222,0.337209,-0.166667,0.616279,0.916667,0.465116,0.930556,0.313953,0.694444,0.267442,0,0.0,0.0,0.0,0.0,0.0,0.0,0.0,0.0,0.0,0.0,0.0,0.0,0.0,0.0,0.0,0.0,0.0,0.0,0.0,0.0,0.0,0.0,0.0,0.0,0.0,0.0,0.0,0.0,0.0,0.0,0.0,0.0,0.0,0.0,0.0,0.0,0.0,0.0,0.0,0.0,0.0,0.0,0.0,J,13.0
0.0,0.0,1.47619,0.171271,2.47619,0.447514,3.261905,0.651934,3.952381,0.79558,0.833333,1.0,2.880952,0.972376,3.071429,0.801105,2.880952,0.707182,0.238095,0.944751,2.642857,0.917127,2.785714,0.734807,2.595238,0.651934,-0.047619,0.812155,2.285714,0.790055,2.595238,0.646409,2.547619,0.585635,-0.166667,0.61326,1.690476,0.651934,2.595238,0.629834,3.261905,0.629834,0,0.0,0.0,0.0,0.0,0.0,0.0,0.0,0.0,0.0,0.0,0.0,0.0,0.0,0.0,0.0,0.0,0.0,0.0,0.0,0.0,0.0,0.0,0.0,0.0,0.0,0.0,0.0,0.0,0.0,0.0,0.0,0.0,0.0,0.0,0.0,0.0,0.0,0.0,0.0,0.0,0.0,0.0,0.0,J,13.0
0.0,0.0,5.666667,0.292929,7.833333,0.575758,9.583333,0.782828,11.083333,0.919192,-0.416667,1.0,7.583333,1.075758,11.75,1.045455,15.333333,1.015152,-1.333333,0.914141,8.166667,1.020202,12.083333,0.979798,15.416667,0.959596,-0.916667,0.767677,8.083333,0.893939,12.083333,0.893939,15.166667,0.893939,0.583333,0.580808,7.416667,0.722222,11.166667,0.80303,14.166667,0.883838,0,0.0,0.0,0.0,0.0,0.0,0.0,0.0,0.0,0.0,0.0,0.0,0.0,0.0,0.0,0.0,0.0,0.0,0.0,0.0,0.0,0.0,0.0,0.0,0.0,0.0,0.0,0.0,0.0,0.0,0.0,0.0,0.0,0.0,0.0,0.0,0.0,0.0,0.0,0.0,0.0,0.0,0.0,0.0,J,13.0
0.0,0.0,0.894737,0.354839,1.578947,0.677419,2.473684,0.897849,3.263158,1.037634,-0.947368,1.0,1.605263,1.193548,3.026316,1.188172,4.105263,1.16129,-1.026316,0.88172,1.894737,1.064516,3.157895,1.048387,4.052632,1.048387,-0.631579,0.725806,2.157895,0.919355,3.289474,0.951613,4.052632,0.989247,0.052632,0.548387,2.157895,0.763441,3.236842,0.876344,4.026316,0.989247,0,0.0,0.0,0.0,0.0,0.0,0.0,0.0,0.0,0.0,0.0,0.0,0.0,0.0,0.0,0.0,0.0,0.0,0.0,0.0,0.0,0.0,0.0,0.0,0.0,0.0,0.0,0.0,0.0,0.0,0.0,0.0,0.0,0.0,0.0,0.0,0.0,0.0,0.0,0.0,0.0,0.0,0.0,0.0,J,13.0
0.0,0.0,-0.290323,0.360465,-0.236559,0.75,0.139785,1.05814,0.494624,1.215116,-0.709677,1.0,0.333333,1.343023,0.870968,1.383721,1.225806,1.401163,-0.516129,0.877907,0.666667,1.19186,1.086022,1.162791,1.333333,1.174419,-0.150538,0.72093,0.946237,1.063953,1.333333,1.110465,1.55914,1.162791,0.290323,0.563953,1.053763,0.918605,1.408602,1.075581,1.666667,1.215116,0,0.0,0.0,0.0,0.0,0.0,0.0,0.0,0.0,0.0,0.0,0.0,0.0,0.0,0.0,0.0,0.0,0.0,0.0,0.0,0.0,0.0,0.0,0.0,0.0,0.0,0.0,0.0,0.0,0.0,0.0,0.0,0.0,0.0,0.0,0.0,0.0,0.0,0.0,0.0,0.0,0.0,0.0,0.0,J,13.0
0.0,0.0,-0.405405,0.295181,-0.540541,0.710843,-0.342342,1.108434,-0.063063,1.337349,-0.855856,1.0,-0.072072,1.439759,0.297297,1.439759,0.459459,1.427711,-0.630631,0.903614,0.27027,1.325301,0.576577,1.253012,0.684685,1.210843,-0.27027,0.777108,0.540541,1.210843,0.801802,1.174699,0.891892,1.144578,0.144144,0.638554,0.675676,1.066265,0.972973,1.313253,1.198198,1.554217,0,0.0,0.0,0.0,0.0,0.0,0.0,0.0,0.0,0.0,0.0,0.0,0.0,0.0,0.0,0.0,0.0,0.0,0.0,0.0,0.0,0.0,0.0,0.0,0.0,0.0,0.0,0.0,0.0,0.0,0.0,0.0,0.0,0.0,0.0,0.0,0.0,0.0,0.0,0.0,0.0,0.0,0.0,0.0,J,13.0
0.0,0.0,-0.38806,0.319277,-0.58209,0.789157,-0.455224,1.23494,-0.231343,1.46988,-0.932836,1.0,-0.38806,1.566265,-0.141791,1.463855,-0.11194,1.361446,-0.686567,0.915663,-0.074627,1.493976,0.119403,1.331325,0.097015,1.180723,-0.335821,0.831325,0.201493,1.391566,0.335821,1.253012,0.30597,1.114458,0.067164,0.753012,0.343284,1.301205,0.522388,1.60241,0.649254,1.879518,0,0.0,0.0,0.0,0.0,0.0,0.0,0.0,0.0,0.0,0.0,0.0,0.0,0.0,0.0,0.0,0.0,0.0,0.0,0.0,0.0,0.0,0.0,0.0,0.0,0.0,0.0,0.0,0.0,0.0,0.0,0.0,0.0,0.0,0.0,0.0,0.0,0.0,0.0,0.0,0.0,0.0,0.0,0.0,J,13.0
0.0,0.0,-0.384058,0.296296,-0.688406,0.802469,-0.826087,1.290123,-0.942029,1.58642,-0.934783,1.0,-0.449275,1.635802,-0.23913,1.481481,-0.23913,1.345679,-0.673913,0.919753,-0.144928,1.561728,0.021739,1.358025,-0.021739,1.197531,-0.326087,0.851852,0.137681,1.475309,0.253623,1.290123,0.202899,1.111111,0.065217,0.790123,0.297101,1.37037,0.456522,1.703704,0.557971,2.012346,0,0.0,0.0,0.0,0.0,0.0,0.0,0.0,0.0,0.0,0.0,0.0,0.0,0.0,0.0,0.0,0.0,0.0,0.0,0.0,0.0,0.0,0.0,0.0,0.0,0.0,0.0,0.0,0.0,0.0,0.0,0.0,0.0,0.0,0.0,0.0,0.0,0.0,0.0,0.0,0.0,0.0,0.0,0.0,J,13.0
0.0,0.0,-0.368794,0.340136,-0.595745,0.897959,-0.567376,1.462585,-0.48227,1.816327,-0.950355,1.0,-0.58156,1.727891,-0.361702,1.585034,-0.347518,1.435374,-0.673759,0.918367,-0.241135,1.673469,-0.070922,1.469388,-0.106383,1.272109,-0.312057,0.870748,0.056738,1.591837,0.177305,1.387755,0.120567,1.176871,0.049645,0.857143,0.262411,1.482993,0.411348,1.843537,0.496454,2.163265,0,0.0,0.0,0.0,0.0,0.0,0.0,0.0,0.0,0.0,0.0,0.0,0.0,0.0,0.0,0.0,0.0,0.0,0.0,0.0,0.0,0.0,0.0,0.0,0.0,0.0,0.0,0.0,0.0,0.0,0.0,0.0,0.0,0.0,0.0,0.0,0.0,0.0,0.0,0.0,0.0,0.0,0.0,0.0,J,13.0
0.0,0.0,-0.371622,0.333333,-0.655405,0.916667,-0.756757,1.493056,-0.777027,1.847222,-0.885135,1.0,-0.554054,1.784722,-0.358108,1.625,-0.358108,1.444444,-0.587838,0.930556,-0.222973,1.708333,-0.074324,1.5,-0.114865,1.291667,-0.236486,0.888889,0.087838,1.611111,0.175676,1.409722,0.114865,1.1875,0.114865,0.881944,0.283784,1.527778,0.391892,1.888889,0.459459,2.215278,0,0.0,0.0,0.0,0.0,0.0,0.0,0.0,0.0,0.0,0.0,0.0,0.0,0.0,0.0,0.0,0.0,0.0,0.0,0.0,0.0,0.0,0.0,0.0,0.0,0.0,0.0,0.0,0.0,0.0,0.0,0.0,0.0,0.0,0.0,0.0,0.0,0.0,0.0,0.0,0.0,0.0,0.0,0.0,J,13.0
0.0,0.0,-0.315789,0.359155,-0.5,0.985915,-0.473684,1.619718,-0.427632,1.971831,-0.822368,1.0,-0.480263,1.795775,-0.282895,1.640845,-0.289474,1.464789,-0.526316,0.915493,-0.151316,1.71831,0.0,1.514085,-0.046053,1.309859,-0.171053,0.873239,0.144737,1.640845,0.25,1.450704,0.190789,1.239437,0.177632,0.866197,0.328947,1.535211,0.447368,1.894366,0.519737,2.21831,0,0.0,0.0,0.0,0.0,0.0,0.0,0.0,0.0,0.0,0.0,0.0,0.0,0.0,0.0,0.0,0.0,0.0,0.0,0.0,0.0,0.0,0.0,0.0,0.0,0.0,0.0,0.0,0.0,0.0,0.0,0.0,0.0,0.0,0.0,0.0,0.0,0.0,0.0,0.0,0.0,0.0,0.0,0.0,J,13.0
0.0,0.0,-0.342105,0.314286,-0.552632,0.942857,-0.546053,1.592857,-0.539474,1.978571,-0.842105,1.0,-0.467105,1.814286,-0.282895,1.635714,-0.289474,1.464286,-0.546053,0.914286,-0.151316,1.735714,-0.006579,1.521429,-0.032895,1.321429,-0.184211,0.871429,0.131579,1.671429,0.236842,1.478571,0.190789,1.257143,0.157895,0.864286,0.328947,1.55,0.447368,1.928571,0.526316,2.278571,0,0.0,0.0,0.0,0.0,0.0,0.0,0.0,0.0,0.0,0.0,0.0,0.0,0.0,0.0,0.0,0.0,0.0,0.0,0.0,0.0,0.0,0.0,0.0,0.0,0.0,0.0,0.0,0.0,0.0,0.0,0.0,0.0,0.0,0.0,0.0,0.0,0.0,0.0,0.0,0.0,0.0,0.0,0.0,J,13.0
0.0,0.0,-0.33557,0.34507,-0.516779,0.971831,-0.47651,1.605634,-0.42953,1.957746,-0.838926,1.0,-0.442953,1.774648,-0.268456,1.591549,-0.295302,1.401408,-0.543624,0.915493,-0.134228,1.704225,0.013423,1.492958,-0.026846,1.302817,-0.187919,0.866197,0.154362,1.633803,0.261745,1.457746,0.214765,1.253521,0.161074,0.852113,0.33557,1.507042,0.463087,1.859155,0.557047,2.183099,0,0.0,0.0,0.0,0.0,0.0,0.0,0.0,0.0,0.0,0.0,0.0,0.0,0.0,0.0,0.0,0.0,0.0,0.0,0.0,0.0,0.0,0.0,0.0,0.0,0.0,0.0,0.0,0.0,0.0,0.0,0.0,0.0,0.0,0.0,0.0,0.0,0.0,0.0,0.0,0.0,0.0,0.0,0.0,J,13.0
0.0,0.0,0.795918,0.072464,1.510204,0.550725,1.734694,1.101449,1.510204,1.478261,1.469388,1.0,1.857143,1.333333,1.673469,1.043478,1.44898,0.84058,1.163265,1.15942,1.489796,1.463768,1.285714,1.057971,1.081633,0.782609,0.836735,1.26087,1.163265,1.565217,1.061224,1.115942,0.897959,0.782609,0.469388,1.347826,0.877551,1.768116,1.122449,2.043478,1.326531,2.333333,0,0.0,0.0,0.0,0.0,0.0,0.0,0.0,0.0,0.0,0.0,0.0,0.0,0.0,0.0,0.0,0.0,0.0,0.0,0.0,0.0,0.0,0.0,0.0,0.0,0.0,0.0,0.0,0.0,0.0,0.0,0.0,0.0,0.0,0.0,0.0,0.0,0.0,0.0,0.0,0.0,0.0,0.0,0.0,J,14.0
0.0,0.0,0.744681,-0.016949,1.531915,0.474576,1.829787,1.084746,1.553191,1.525424,1.468085,1.0,1.851064,1.338983,1.595745,1.033898,1.361702,0.779661,1.148936,1.20339,1.489362,1.525424,1.234043,1.067797,1.0,0.745763,0.829787,1.355932,1.170213,1.677966,1.042553,1.152542,0.851064,0.762712,0.468085,1.491525,0.914894,1.949153,1.170213,2.237288,1.425532,2.525424,0,0.0,0.0,0.0,0.0,0.0,0.0,0.0,0.0,0.0,0.0,0.0,0.0,0.0,0.0,0.0,0.0,0.0,0.0,0.0,0.0,0.0,0.0,0.0,0.0,0.0,0.0,0.0,0.0,0.0,0.0,0.0,0.0,0.0,0.0,0.0,0.0,0.0,0.0,0.0,0.0,0.0,0.0,0.0,J,14.0
0.0,0.0,0.73913,-0.052632,1.586957,0.491228,1.891304,1.122807,1.608696,1.561404,1.521739,1.0,1.913043,1.333333,1.652174,1.035088,1.413043,0.824561,1.195652,1.210526,1.521739,1.54386,1.23913,1.087719,0.978261,0.754386,0.869565,1.385965,1.195652,1.736842,1.086957,1.210526,0.891304,0.807018,0.521739,1.54386,0.978261,2.0,1.26087,2.298246,1.521739,2.614035,0,0.0,0.0,0.0,0.0,0.0,0.0,0.0,0.0,0.0,0.0,0.0,0.0,0.0,0.0,0.0,0.0,0.0,0.0,0.0,0.0,0.0,0.0,0.0,0.0,0.0,0.0,0.0,0.0,0.0,0.0,0.0,0.0,0.0,0.0,0.0,0.0,0.0,0.0,0.0,0.0,0.0,0.0,0.0,J,14.0
0.0,0.0,0.76087,-0.050847,1.586957,0.491525,1.934783,1.084746,1.652174,1.508475,1.521739,1.0,1.913043,1.322034,1.673913,1.016949,1.434783,0.79661,1.195652,1.20339,1.543478,1.525424,1.26087,1.067797,1.0,0.745763,0.869565,1.355932,1.23913,1.694915,1.086957,1.169492,0.891304,0.762712,0.521739,1.525424,1.0,1.983051,1.304348,2.271186,1.586957,2.576271,0,0.0,0.0,0.0,0.0,0.0,0.0,0.0,0.0,0.0,0.0,0.0,0.0,0.0,0.0,0.0,0.0,0.0,0.0,0.0,0.0,0.0,0.0,0.0,0.0,0.0,0.0,0.0,0.0,0.0,0.0,0.0,0.0,0.0,0.0,0.0,0.0,0.0,0.0,0.0,0.0,0.0,0.0,0.0,J,14.0
0.0,0.0,0.744681,-0.035088,1.574468,0.491228,1.914894,1.140351,1.638298,1.596491,1.531915,1.0,1.93617,1.315789,1.723404,1.017544,1.510638,0.807018,1.212766,1.245614,1.553191,1.561404,1.255319,1.087719,0.957447,0.719298,0.87234,1.438596,1.276596,1.77193,1.148936,1.245614,0.93617,0.842105,0.531915,1.631579,0.914894,2.157895,1.212766,2.491228,1.510638,2.789474,0,0.0,0.0,0.0,0.0,0.0,0.0,0.0,0.0,0.0,0.0,0.0,0.0,0.0,0.0,0.0,0.0,0.0,0.0,0.0,0.0,0.0,0.0,0.0,0.0,0.0,0.0,0.0,0.0,0.0,0.0,0.0,0.0,0.0,0.0,0.0,0.0,0.0,0.0,0.0,0.0,0.0,0.0,0.0,J,14.0
0.0,0.0,0.8,-0.033333,1.688889,0.483333,2.066667,1.1,1.755556,1.533333,1.6,1.0,2.022222,1.316667,1.755556,1.0,1.488889,0.766667,1.288889,1.2,1.666667,1.566667,1.377778,1.1,1.088889,0.766667,0.977778,1.383333,1.355556,1.716667,1.2,1.2,0.955556,0.8,0.6,1.55,1.0,2.066667,1.266667,2.416667,1.533333,2.733333,0,0.0,0.0,0.0,0.0,0.0,0.0,0.0,0.0,0.0,0.0,0.0,0.0,0.0,0.0,0.0,0.0,0.0,0.0,0.0,0.0,0.0,0.0,0.0,0.0,0.0,0.0,0.0,0.0,0.0,0.0,0.0,0.0,0.0,0.0,0.0,0.0,0.0,0.0,0.0,0.0,0.0,0.0,0.0,J,14.0
0.0,0.0,0.813953,-0.048387,1.744186,0.483871,2.186047,1.064516,1.860465,1.467742,1.674419,1.0,2.116279,1.274194,1.860465,0.967742,1.581395,0.758065,1.348837,1.193548,1.72093,1.516129,1.44186,1.080645,1.162791,0.774194,1.0,1.354839,1.418605,1.677419,1.255814,1.16129,1.023256,0.774194,0.674419,1.5,1.139535,1.983871,1.418605,2.306452,1.651163,2.629032,0,0.0,0.0,0.0,0.0,0.0,0.0,0.0,0.0,0.0,0.0,0.0,0.0,0.0,0.0,0.0,0.0,0.0,0.0,0.0,0.0,0.0,0.0,0.0,0.0,0.0,0.0,0.0,0.0,0.0,0.0,0.0,0.0,0.0,0.0,0.0,0.0,0.0,0.0,0.0,0.0,0.0,0.0,0.0,J,14.0
0.0,0.0,1.0,0.0,1.974359,0.48,2.435897,0.933333,2.179487,1.266667,1.717949,1.0,2.333333,1.186667,2.076923,0.88,1.769231,0.68,1.358974,1.12,1.974359,1.306667,1.666667,0.893333,1.358974,0.653333,1.0,1.213333,1.717949,1.413333,1.487179,0.96,1.153846,0.653333,0.717949,1.28,1.358974,1.693333,1.717949,1.986667,2.025641,2.253333,0,0.0,0.0,0.0,0.0,0.0,0.0,0.0,0.0,0.0,0.0,0.0,0.0,0.0,0.0,0.0,0.0,0.0,0.0,0.0,0.0,0.0,0.0,0.0,0.0,0.0,0.0,0.0,0.0,0.0,0.0,0.0,0.0,0.0,0.0,0.0,0.0,0.0,0.0,0.0,0.0,0.0,0.0,0.0,J,14.0
0.0,0.0,2.705882,0.122642,4.529412,0.443396,5.647059,0.716981,5.294118,0.924528,2.470588,1.0,4.941176,1.028302,4.705882,0.726415,4.0,0.575472,1.764706,1.037736,4.647059,1.018868,4.176471,0.660377,3.529412,0.481132,1.470588,0.990566,4.294118,0.981132,4.0,0.641509,3.294118,0.462264,1.470588,0.90566,3.294118,1.188679,4.117647,1.386792,4.764706,1.575472,0,0.0,0.0,0.0,0.0,0.0,0.0,0.0,0.0,0.0,0.0,0.0,0.0,0.0,0.0,0.0,0.0,0.0,0.0,0.0,0.0,0.0,0.0,0.0,0.0,0.0,0.0,0.0,0.0,0.0,0.0,0.0,0.0,0.0,0.0,0.0,0.0,0.0,0.0,0.0,0.0,0.0,0.0,0.0,J,14.0
0.0,0.0,2.2,0.110092,3.6,0.431193,4.55,0.678899,4.4,0.889908,1.6,1.0,3.9,1.027523,3.8,0.752294,3.2,0.614679,0.9,0.990826,3.65,0.990826,3.55,0.66055,3.1,0.477064,0.6,0.880734,3.4,0.87156,3.2,0.550459,2.6,0.376147,0.6,0.724771,2.2,0.972477,3.2,1.174312,4.05,1.376147,0,0.0,0.0,0.0,0.0,0.0,0.0,0.0,0.0,0.0,0.0,0.0,0.0,0.0,0.0,0.0,0.0,0.0,0.0,0.0,0.0,0.0,0.0,0.0,0.0,0.0,0.0,0.0,0.0,0.0,0.0,0.0,0.0,0.0,0.0,0.0,0.0,0.0,0.0,0.0,0.0,0.0,0.0,0.0,J,14.0
0.0,0.0,2.352941,0.097345,4.0,0.380531,5.117647,0.619469,4.823529,0.814159,1.058824,1.0,4.352941,0.973451,4.411765,0.707965,3.764706,0.548673,0.176471,0.946903,4.235294,0.893805,4.058824,0.59292,3.470588,0.415929,-0.058824,0.814159,3.941176,0.752212,3.411765,0.460177,2.529412,0.292035,0.058824,0.610619,2.470588,0.814159,3.647059,0.982301,4.882353,1.168142,0,0.0,0.0,0.0,0.0,0.0,0.0,0.0,0.0,0.0,0.0,0.0,0.0,0.0,0.0,0.0,0.0,0.0,0.0,0.0,0.0,0.0,0.0,0.0,0.0,0.0,0.0,0.0,0.0,0.0,0.0,0.0,0.0,0.0,0.0,0.0,0.0,0.0,0.0,0.0,0.0,0.0,0.0,0.0,J,14.0
0.0,0.0,4.5,0.1,7.2,0.363636,9.3,0.572727,9.8,0.754545,2.2,1.0,8.0,0.972727,7.9,0.709091,6.6,0.581818,1.0,0.927273,8.0,0.872727,7.5,0.581818,6.5,0.427273,0.8,0.781818,7.7,0.718182,6.8,0.445455,5.3,0.3,1.2,0.563636,5.5,0.745455,7.6,0.918182,9.7,1.109091,0,0.0,0.0,0.0,0.0,0.0,0.0,0.0,0.0,0.0,0.0,0.0,0.0,0.0,0.0,0.0,0.0,0.0,0.0,0.0,0.0,0.0,0.0,0.0,0.0,0.0,0.0,0.0,0.0,0.0,0.0,0.0,0.0,0.0,0.0,0.0,0.0,0.0,0.0,0.0,0.0,0.0,0.0,0.0,J,14.0
0.0,0.0,4.333333,0.218182,7.111111,0.545455,9.888889,0.763636,11.111111,0.9,3.555556,1.0,11.111111,0.954545,10.666667,0.645455,8.777778,0.536364,3.111111,0.863636,11.222222,0.772727,10.333333,0.490909,8.666667,0.381818,3.555556,0.654545,11.444444,0.6,10.222222,0.354545,8.111111,0.245455,4.555556,0.427273,9.888889,0.554545,12.444444,0.672727,14.666667,0.818182,0,0.0,0.0,0.0,0.0,0.0,0.0,0.0,0.0,0.0,0.0,0.0,0.0,0.0,0.0,0.0,0.0,0.0,0.0,0.0,0.0,0.0,0.0,0.0,0.0,0.0,0.0,0.0,0.0,0.0,0.0,0.0,0.0,0.0,0.0,0.0,0.0,0.0,0.0,0.0,0.0,0.0,0.0,0.0,J,14.0
0.0,0.0,0.863636,0.336449,2.318182,0.691589,4.227273,0.859813,5.181818,0.859813,1.318182,1.0,4.363636,1.037383,4.318182,0.794393,3.636364,0.728972,1.363636,0.794393,4.590909,0.813084,4.409091,0.598131,3.636364,0.542056,1.772727,0.542056,4.727273,0.635514,4.545455,0.457944,3.772727,0.401869,2.318182,0.28972,4.545455,0.457944,5.818182,0.542056,6.818182,0.654206,0,0.0,0.0,0.0,0.0,0.0,0.0,0.0,0.0,0.0,0.0,0.0,0.0,0.0,0.0,0.0,0.0,0.0,0.0,0.0,0.0,0.0,0.0,0.0,0.0,0.0,0.0,0.0,0.0,0.0,0.0,0.0,0.0,0.0,0.0,0.0,0.0,0.0,0.0,0.0,0.0,0.0,0.0,0.0,J,14.0
0.0,0.0,0.72,0.409524,2.12,0.72381,3.88,0.847619,4.68,0.771429,1.36,1.0,4.04,1.047619,3.92,0.828571,3.24,0.771429,1.52,0.752381,4.28,0.790476,4.04,0.6,3.32,0.571429,1.92,0.485714,4.52,0.580952,4.16,0.438095,3.36,0.4,2.36,0.219048,4.48,0.314286,5.68,0.342857,6.64,0.4,0,0.0,0.0,0.0,0.0,0.0,0.0,0.0,0.0,0.0,0.0,0.0,0.0,0.0,0.0,0.0,0.0,0.0,0.0,0.0,0.0,0.0,0.0,0.0,0.0,0.0,0.0,0.0,0.0,0.0,0.0,0.0,0.0,0.0,0.0,0.0,0.0,0.0,0.0,0.0,0.0,0.0,0.0,0.0,J,14.0
0.0,0.0,0.642857,0.41,2.0,0.74,3.678571,0.84,4.357143,0.73,1.321429,1.0,3.714286,1.11,3.571429,0.88,2.928571,0.79,1.535714,0.73,3.928571,0.84,3.714286,0.62,3.107143,0.57,1.892857,0.43,4.214286,0.59,3.928571,0.43,3.25,0.38,2.321429,0.15,4.214286,0.27,5.285714,0.28,6.142857,0.31,0,0.0,0.0,0.0,0.0,0.0,0.0,0.0,0.0,0.0,0.0,0.0,0.0,0.0,0.0,0.0,0.0,0.0,0.0,0.0,0.0,0.0,0.0,0.0,0.0,0.0,0.0,0.0,0.0,0.0,0.0,0.0,0.0,0.0,0.0,0.0,0.0,0.0,0.0,0.0,0.0,0.0,0.0,0.0,J,14.0
0.0,0.0,0.62069,0.44086,2.034483,0.774194,3.655172,0.860215,4.413793,0.731183,1.413793,1.0,3.793103,1.139785,3.551724,0.903226,2.862069,0.817204,1.655172,0.709677,3.965517,0.849462,3.689655,0.655914,3.103448,0.569892,2.0,0.387097,4.275862,0.569892,3.931034,0.430108,3.241379,0.365591,2.413793,0.096774,4.241379,0.215054,5.310345,0.204301,6.137931,0.193548,0,0.0,0.0,0.0,0.0,0.0,0.0,0.0,0.0,0.0,0.0,0.0,0.0,0.0,0.0,0.0,0.0,0.0,0.0,0.0,0.0,0.0,0.0,0.0,0.0,0.0,0.0,0.0,0.0,0.0,0.0,0.0,0.0,0.0,0.0,0.0,0.0,0.0,0.0,0.0,0.0,0.0,0.0,0.0,J,14.0
0.0,0.0,0.193548,0.5,1.16129,0.957143,2.419355,1.042857,3.0,0.8,0.516129,1.0,2.451613,1.242857,2.290323,1.014286,1.677419,0.885714,0.774194,0.6,2.774194,0.857143,2.451613,0.671429,1.806452,0.557143,1.129032,0.228571,3.032258,0.514286,2.806452,0.414286,2.129032,0.328571,1.516129,-0.1,2.935484,0.042857,3.580645,0.028571,3.935484,0.0,-0.7741935483870968,0.1571428571428571,0.0,0.0,0.6,0.47619,1.966667,0.833333,3.533333,0.928571,4.233333,0.785714,1.266667,1.0,3.566667,1.190476,3.266667,0.952381,2.6,0.857143,1.566667,0.666667,3.766667,0.880952,3.466667,0.690476,2.866667,0.595238,1.9,0.321429,4.033333,0.571429,3.7,0.452381,3.033333,0.392857,2.266667,0.02381,4.033333,0.107143,5.066667,0.047619,5.866667,0.02381,J,14.0
0.0,0.0,0.451613,0.533333,1.612903,0.986667,3.0,1.146667,3.83871,0.973333,1.193548,1.0,3.258065,1.226667,3.096774,1.013333,2.548387,0.893333,1.516129,0.613333,3.548387,0.906667,3.322581,0.746667,2.83871,0.64,1.870968,0.253333,3.806452,0.573333,3.516129,0.493333,2.903226,0.413333,2.193548,-0.026667,3.903226,0.013333,4.903226,-0.04,5.677419,-0.066667,0,0.0,0.0,0.0,0.0,0.0,0.0,0.0,0.0,0.0,0.0,0.0,0.0,0.0,0.0,0.0,0.0,0.0,0.0,0.0,0.0,0.0,0.0,0.0,0.0,0.0,0.0,0.0,0.0,0.0,0.0,0.0,0.0,0.0,0.0,0.0,0.0,0.0,0.0,0.0,0.0,0.0,0.0,0.0,J,14.0
0.0,0.0,0.366667,0.585714,1.733333,1.028571,3.233333,1.071429,4.1,0.871429,1.533333,1.0,3.733333,1.257143,3.3,1.042857,2.7,0.9,1.933333,0.6,4.0,0.914286,3.533333,0.742857,2.933333,0.6,2.266667,0.214286,4.266667,0.542857,3.833333,0.457143,3.2,0.357143,2.533333,-0.057143,4.266667,-0.014286,5.3,-0.057143,6.2,-0.085714,0,0.0,0.0,0.0,0.0,0.0,0.0,0.0,0.0,0.0,0.0,0.0,0.0,0.0,0.0,0.0,0.0,0.0,0.0,0.0,0.0,0.0,0.0,0.0,0.0,0.0,0.0,0.0,0.0,0.0,0.0,0.0,0.0,0.0,0.0,0.0,0.0,0.0,0.0,0.0,0.0,0.0,0.0,0.0,J,14.0
0.0,0.0,0.344828,0.705882,1.689655,1.073529,3.137931,1.058824,4.034483,0.838235,1.896552,1.0,3.931034,1.308824,3.344828,1.220588,2.827586,1.073529,2.344828,0.558824,4.206897,0.955882,3.551724,0.911765,2.965517,0.764706,2.655172,0.191176,4.482759,0.588235,4.0,0.647059,3.37931,0.588235,2.896552,-0.058824,4.517241,0.014706,5.551724,0.014706,6.448276,0.0,0,0.0,0.0,0.0,0.0,0.0,0.0,0.0,0.0,0.0,0.0,0.0,0.0,0.0,0.0,0.0,0.0,0.0,0.0,0.0,0.0,0.0,0.0,0.0,0.0,0.0,0.0,0.0,0.0,0.0,0.0,0.0,0.0,0.0,0.0,0.0,0.0,0.0,0.0,0.0,0.0,0.0,0.0,0.0,J,14.0
0.0,0.0,0.333333,0.666667,1.666667,1.014493,3.066667,1.028986,3.966667,0.826087,1.833333,1.0,3.766667,1.304348,3.233333,1.202899,2.733333,1.072464,2.266667,0.565217,4.033333,0.942029,3.4,0.884058,2.833333,0.73913,2.566667,0.202899,4.333333,0.57971,3.833333,0.623188,3.266667,0.550725,2.833333,-0.043478,4.4,0.028986,5.366667,0.043478,6.233333,0.028986,0,0.0,0.0,0.0,0.0,0.0,0.0,0.0,0.0,0.0,0.0,0.0,0.0,0.0,0.0,0.0,0.0,0.0,0.0,0.0,0.0,0.0,0.0,0.0,0.0,0.0,0.0,0.0,0.0,0.0,0.0,0.0,0.0,0.0,0.0,0.0,0.0,0.0,0.0,0.0,0.0,0.0,0.0,0.0,J,14.0
0.0,0.0,0.060606,0.653846,1.030303,1.230769,2.181818,1.403846,2.939394,1.173077,0.878788,1.0,2.636364,1.423077,2.393939,1.230769,1.848485,1.038462,1.272727,0.480769,3.030303,0.980769,2.606061,0.826923,2.060606,0.634615,1.636364,0.038462,3.272727,0.538462,2.969697,0.480769,2.424242,0.346154,1.878788,-0.288462,3.242424,-0.096154,3.818182,-0.115385,4.181818,-0.153846,-0.696969696969697,0.25,0.0,0.0,0.34375,0.666667,1.65625,1.057971,3.03125,1.072464,3.90625,0.869565,1.65625,1.0,3.53125,1.318841,3.09375,1.217391,2.625,1.072464,2.03125,0.565217,3.84375,0.971014,3.28125,0.927536,2.71875,0.782609,2.375,0.202899,4.1875,0.623188,3.78125,0.652174,3.21875,0.594203,2.65625,-0.043478,4.1875,0.014493,5.15625,0.014493,6.03125,0.0,J,14.0
0.0,0.0,0.484848,0.525,1.787879,0.9,3.242424,0.9375,4.121212,0.7625,1.242424,1.0,3.363636,1.15,3.060606,0.95,2.484848,0.85,1.545455,0.625,3.636364,0.85,3.30303,0.6875,2.666667,0.5875,1.878788,0.275,3.878788,0.55,3.636364,0.4375,3.060606,0.3625,2.242424,0.0,3.818182,0.025,4.757576,-0.0375,5.515152,-0.075,0,0.0,0.0,0.0,0.0,0.0,0.0,0.0,0.0,0.0,0.0,0.0,0.0,0.0,0.0,0.0,0.0,0.0,0.0,0.0,0.0,0.0,0.0,0.0,0.0,0.0,0.0,0.0,0.0,0.0,0.0,0.0,0.0,0.0,0.0,0.0,0.0,0.0,0.0,0.0,0.0,0.0,0.0,0.0,J,14.0
0.0,0.0,4.333333,0.34375,12.166667,0.614583,20.333333,0.677083,20.833333,0.520833,7.333333,1.0,18.333333,1.0,17.333333,0.729167,14.5,0.677083,7.0,0.739583,18.333333,0.697917,16.666667,0.479167,13.666667,0.458333,7.5,0.427083,18.333333,0.427083,16.5,0.291667,13.333333,0.291667,8.333333,0.114583,16.833333,0.09375,21.833333,0.072917,25.666667,0.09375,0,0.0,0.0,0.0,0.0,0.0,0.0,0.0,0.0,0.0,0.0,0.0,0.0,0.0,0.0,0.0,0.0,0.0,0.0,0.0,0.0,0.0,0.0,0.0,0.0,0.0,0.0,0.0,0.0,0.0,0.0,0.0,0.0,0.0,0.0,0.0,0.0,0.0,0.0,0.0,0.0,0.0,0.0,0.0,J,14.0
0.0,0.0,6.0,0.353535,15.2,0.616162,24.2,0.666667,26.0,0.505051,10.2,1.0,23.0,1.010101,22.0,0.747475,18.6,0.686869,9.0,0.757576,22.2,0.686869,20.4,0.494949,16.8,0.474747,8.8,0.454545,21.4,0.424242,19.4,0.30303,15.6,0.30303,9.2,0.151515,19.4,0.151515,25.0,0.141414,29.4,0.161616,0,0.0,0.0,0.0,0.0,0.0,0.0,0.0,0.0,0.0,0.0,0.0,0.0,0.0,0.0,0.0,0.0,0.0,0.0,0.0,0.0,0.0,0.0,0.0,0.0,0.0,0.0,0.0,0.0,0.0,0.0,0.0,0.0,0.0,0.0,0.0,0.0,0.0,0.0,0.0,0.0,0.0,0.0,0.0,J,14.0
0.0,0.0,2.363636,0.304348,6.0,0.576087,9.636364,0.641304,11.363636,0.630435,4.636364,1.0,10.181818,1.097826,10.454545,0.836957,8.909091,0.706522,3.818182,0.771739,9.909091,0.782609,9.818182,0.565217,8.090909,0.48913,3.545455,0.5,9.272727,0.48913,9.0,0.315217,7.363636,0.271739,3.636364,0.23913,8.636364,0.26087,8.545455,0.108696,7.181818,0.054348,0,0.0,0.0,0.0,0.0,0.0,0.0,0.0,0.0,0.0,0.0,0.0,0.0,0.0,0.0,0.0,0.0,0.0,0.0,0.0,0.0,0.0,0.0,0.0,0.0,0.0,0.0,0.0,0.0,0.0,0.0,0.0,0.0,0.0,0.0,0.0,0.0,0.0,0.0,0.0,0.0,0.0,0.0,0.0,J,14.0
0.0,0.0,0.627451,-0.15,1.431373,0.116667,1.666667,0.633333,1.54902,1.066667,1.490196,1.0,1.862745,1.35,1.686275,0.916667,1.509804,0.666667,1.176471,1.133333,1.509804,1.4,1.294118,0.9,1.137255,0.666667,0.862745,1.216667,1.137255,1.333333,0.882353,0.8,0.647059,0.516667,0.490196,1.3,0.921569,1.833333,1.215686,2.166667,1.490196,2.466667,0,0.0,0.0,0.0,0.0,0.0,0.0,0.0,0.0,0.0,0.0,0.0,0.0,0.0,0.0,0.0,0.0,0.0,0.0,0.0,0.0,0.0,0.0,0.0,0.0,0.0,0.0,0.0,0.0,0.0,0.0,0.0,0.0,0.0,0.0,0.0,0.0,0.0,0.0,0.0,0.0,0.0,0.0,0.0,J,15.0
0.0,0.0,0.934783,-0.016667,1.891304,0.366667,2.23913,0.983333,2.043478,1.483333,1.891304,1.0,2.456522,1.316667,2.108696,0.95,1.782609,0.783333,1.586957,1.216667,2.130435,1.516667,1.73913,1.05,1.434783,0.866667,1.26087,1.383333,1.73913,1.583333,1.347826,1.083333,0.956522,0.85,0.891304,1.55,1.413043,2.05,1.73913,2.316667,2.043478,2.6,0,0.0,0.0,0.0,0.0,0.0,0.0,0.0,0.0,0.0,0.0,0.0,0.0,0.0,0.0,0.0,0.0,0.0,0.0,0.0,0.0,0.0,0.0,0.0,0.0,0.0,0.0,0.0,0.0,0.0,0.0,0.0,0.0,0.0,0.0,0.0,0.0,0.0,0.0,0.0,0.0,0.0,0.0,0.0,J,15.0
0.0,0.0,0.888889,-0.058824,1.866667,0.392157,2.288889,1.117647,2.066667,1.686275,1.933333,1.0,2.488889,1.294118,2.133333,0.941176,1.822222,0.72549,1.622222,1.294118,2.088889,1.54902,1.688889,1.117647,1.355556,0.882353,1.288889,1.509804,1.733333,1.705882,1.288889,1.196078,0.866667,0.921569,0.933333,1.745098,1.444444,2.27451,1.777778,2.588235,2.044444,2.921569,0,0.0,0.0,0.0,0.0,0.0,0.0,0.0,0.0,0.0,0.0,0.0,0.0,0.0,0.0,0.0,0.0,0.0,0.0,0.0,0.0,0.0,0.0,0.0,0.0,0.0,0.0,0.0,0.0,0.0,0.0,0.0,0.0,0.0,0.0,0.0,0.0,0.0,0.0,0.0,0.0,0.0,0.0,0.0,J,15.0
0.0,0.0,0.930233,-0.106383,1.930233,0.404255,2.395349,1.170213,2.116279,1.765957,1.930233,1.0,2.604651,1.340426,2.372093,1.0,2.139535,0.787234,1.627907,1.319149,2.139535,1.659574,1.72093,1.212766,1.395349,0.93617,1.302326,1.617021,1.744186,1.851064,1.325581,1.297872,0.906977,0.957447,0.930233,1.893617,1.488372,2.425532,1.837209,2.765957,2.116279,3.106383,0,0.0,0.0,0.0,0.0,0.0,0.0,0.0,0.0,0.0,0.0,0.0,0.0,0.0,0.0,0.0,0.0,0.0,0.0,0.0,0.0,0.0,0.0,0.0,0.0,0.0,0.0,0.0,0.0,0.0,0.0,0.0,0.0,0.0,0.0,0.0,0.0,0.0,0.0,0.0,0.0,0.0,0.0,0.0,J,15.0
0.0,0.0,0.928571,-0.108696,1.904762,0.456522,2.333333,1.195652,2.047619,1.73913,1.880952,1.0,2.452381,1.369565,2.119048,1.021739,1.785714,0.804348,1.595238,1.304348,2.047619,1.673913,1.642857,1.195652,1.309524,0.934783,1.261905,1.543478,1.690476,1.869565,1.285714,1.304348,0.880952,0.934783,0.880952,1.826087,1.428571,2.347826,1.785714,2.673913,2.119048,3.043478,0,0.0,0.0,0.0,0.0,0.0,0.0,0.0,0.0,0.0,0.0,0.0,0.0,0.0,0.0,0.0,0.0,0.0,0.0,0.0,0.0,0.0,0.0,0.0,0.0,0.0,0.0,0.0,0.0,0.0,0.0,0.0,0.0,0.0,0.0,0.0,0.0,0.0,0.0,0.0,0.0,0.0,0.0,0.0,J,15.0
0.0,0.0,0.926829,-0.113636,1.902439,0.477273,2.341463,1.25,2.02439,1.795455,1.902439,1.0,2.463415,1.386364,2.121951,1.045455,1.804878,0.818182,1.609756,1.295455,2.073171,1.681818,1.682927,1.25,1.341463,0.977273,1.292683,1.568182,1.707317,1.909091,1.292683,1.340909,0.878049,0.954545,0.902439,1.886364,1.439024,2.409091,1.804878,2.75,2.121951,3.090909,0,0.0,0.0,0.0,0.0,0.0,0.0,0.0,0.0,0.0,0.0,0.0,0.0,0.0,0.0,0.0,0.0,0.0,0.0,0.0,0.0,0.0,0.0,0.0,0.0,0.0,0.0,0.0,0.0,0.0,0.0,0.0,0.0,0.0,0.0,0.0,0.0,0.0,0.0,0.0,0.0,0.0,0.0,0.0,J,15.0
0.0,0.0,0.904762,-0.130435,1.857143,0.478261,2.261905,1.195652,1.97619,1.717391,1.880952,1.0,2.404762,1.326087,2.071429,1.0,1.761905,0.804348,1.571429,1.282609,2.02381,1.652174,1.642857,1.217391,1.357143,1.0,1.238095,1.543478,1.642857,1.847826,1.238095,1.282609,0.857143,0.934783,0.880952,1.804348,1.404762,2.304348,1.761905,2.630435,2.095238,2.956522,0,0.0,0.0,0.0,0.0,0.0,0.0,0.0,0.0,0.0,0.0,0.0,0.0,0.0,0.0,0.0,0.0,0.0,0.0,0.0,0.0,0.0,0.0,0.0,0.0,0.0,0.0,0.0,0.0,0.0,0.0,0.0,0.0,0.0,0.0,0.0,0.0,0.0,0.0,0.0,0.0,0.0,0.0,0.0,J,15.0
0.0,0.0,0.902439,-0.104167,1.902439,0.479167,2.317073,1.1875,2.02439,1.666667,1.902439,1.0,2.463415,1.333333,2.097561,1.0,1.780488,0.833333,1.609756,1.291667,2.04878,1.625,1.658537,1.1875,1.365854,1.0,1.268293,1.520833,1.682927,1.8125,1.268293,1.25,0.878049,0.916667,0.902439,1.770833,1.463415,2.229167,1.804878,2.541667,2.121951,2.875,0,0.0,0.0,0.0,0.0,0.0,0.0,0.0,0.0,0.0,0.0,0.0,0.0,0.0,0.0,0.0,0.0,0.0,0.0,0.0,0.0,0.0,0.0,0.0,0.0,0.0,0.0,0.0,0.0,0.0,0.0,0.0,0.0,0.0,0.0,0.0,0.0,0.0,0.0,0.0,0.0,0.0,0.0,0.0,J,15.0
0.0,0.0,0.947368,-0.056604,1.973684,0.45283,2.5,1.075472,2.210526,1.54717,1.947368,1.0,2.578947,1.301887,2.210526,0.943396,1.842105,0.792453,1.657895,1.245283,2.157895,1.54717,1.736842,1.09434,1.447368,0.924528,1.315789,1.433962,1.789474,1.641509,1.368421,1.113208,0.947368,0.830189,0.947368,1.622642,1.5,2.113208,1.894737,2.433962,2.210526,2.735849,0,0.0,0.0,0.0,0.0,0.0,0.0,0.0,0.0,0.0,0.0,0.0,0.0,0.0,0.0,0.0,0.0,0.0,0.0,0.0,0.0,0.0,0.0,0.0,0.0,0.0,0.0,0.0,0.0,0.0,0.0,0.0,0.0,0.0,0.0,0.0,0.0,0.0,0.0,0.0,0.0,0.0,0.0,0.0,J,15.0
0.0,0.0,1.242424,0.028169,2.393939,0.464789,3.030303,0.915493,2.636364,1.239437,2.030303,1.0,2.909091,1.15493,2.515152,0.816901,2.090909,0.71831,1.69697,1.126761,2.484848,1.239437,2.030303,0.84507,1.606061,0.746479,1.333333,1.211268,2.151515,1.295775,1.69697,0.873239,1.151515,0.704225,1.030303,1.28169,1.757576,1.690141,2.181818,1.943662,2.515152,2.211268,0,0.0,0.0,0.0,0.0,0.0,0.0,0.0,0.0,0.0,0.0,0.0,0.0,0.0,0.0,0.0,0.0,0.0,0.0,0.0,0.0,0.0,0.0,0.0,0.0,0.0,0.0,0.0,0.0,0.0,0.0,0.0,0.0,0.0,0.0,0.0,0.0,0.0,0.0,0.0,0.0,0.0,0.0,0.0,J,15.0
0.0,0.0,2.777778,0.09375,4.777778,0.427083,5.833333,0.729167,5.277778,0.9375,3.0,1.0,5.222222,1.020833,4.666667,0.71875,3.777778,0.625,2.444444,1.0625,4.777778,1.020833,4.166667,0.6875,3.333333,0.604167,2.055556,1.052083,4.333333,0.989583,3.888889,0.666667,3.0,0.5625,2.0,0.989583,3.722222,1.260417,4.388889,1.447917,4.666667,1.635417,0,0.0,0.0,0.0,0.0,0.0,0.0,0.0,0.0,0.0,0.0,0.0,0.0,0.0,0.0,0.0,0.0,0.0,0.0,0.0,0.0,0.0,0.0,0.0,0.0,0.0,0.0,0.0,0.0,0.0,0.0,0.0,0.0,0.0,0.0,0.0,0.0,0.0,0.0,0.0,0.0,0.0,0.0,0.0,J,15.0
0.0,0.0,2.45,0.122449,4.1,0.418367,5.1,0.673469,4.75,0.857143,2.55,1.0,4.6,1.020408,4.2,0.704082,3.5,0.612245,1.95,1.030612,4.2,0.959184,3.75,0.622449,3.05,0.55102,1.6,0.959184,3.8,0.877551,3.4,0.561224,2.6,0.469388,1.55,0.836735,3.05,1.091837,3.7,1.285714,4.05,1.489796,0,0.0,0.0,0.0,0.0,0.0,0.0,0.0,0.0,0.0,0.0,0.0,0.0,0.0,0.0,0.0,0.0,0.0,0.0,0.0,0.0,0.0,0.0,0.0,0.0,0.0,0.0,0.0,0.0,0.0,0.0,0.0,0.0,0.0,0.0,0.0,0.0,0.0,0.0,0.0,0.0,0.0,0.0,0.0,J,15.0
0.0,0.0,2.777778,0.133333,4.666667,0.371429,5.944444,0.580952,5.444444,0.67619,2.166667,1.0,5.055556,0.990476,4.944444,0.685714,4.333333,0.580952,1.388889,0.942857,4.722222,0.838095,4.388889,0.561905,3.611111,0.485714,1.055556,0.780952,4.333333,0.695238,3.888889,0.466667,2.944444,0.409524,1.166667,0.552381,3.444444,0.666667,4.333333,0.67619,4.833333,0.704762,0,0.0,0.0,0.0,0.0,0.0,0.0,0.0,0.0,0.0,0.0,0.0,0.0,0.0,0.0,0.0,0.0,0.0,0.0,0.0,0.0,0.0,0.0,0.0,0.0,0.0,0.0,0.0,0.0,0.0,0.0,0.0,0.0,0.0,0.0,0.0,0.0,0.0,0.0,0.0,0.0,0.0,0.0,0.0,J,15.0
0.0,0.0,3.176471,0.150943,5.117647,0.377358,6.411765,0.54717,6.117647,0.650943,2.529412,1.0,5.647059,0.971698,5.470588,0.669811,4.705882,0.566038,1.764706,0.915094,5.352941,0.830189,4.941176,0.556604,4.117647,0.481132,1.411765,0.735849,5.0,0.688679,4.588235,0.481132,3.647059,0.424528,1.529412,0.481132,4.235294,0.584906,5.176471,0.584906,5.764706,0.603774,0,0.0,0.0,0.0,0.0,0.0,0.0,0.0,0.0,0.0,0.0,0.0,0.0,0.0,0.0,0.0,0.0,0.0,0.0,0.0,0.0,0.0,0.0,0.0,0.0,0.0,0.0,0.0,0.0,0.0,0.0,0.0,0.0,0.0,0.0,0.0,0.0,0.0,0.0,0.0,0.0,0.0,0.0,0.0,J,15.0
0.0,0.0,11.5,0.215686,20.5,0.421569,28.25,0.509804,29.0,0.460784,10.0,1.0,25.0,0.901961,23.0,0.666667,19.25,0.627451,7.75,0.813725,24.25,0.686275,21.75,0.490196,18.25,0.45098,7.5,0.54902,23.5,0.470588,20.75,0.343137,16.25,0.323529,9.0,0.254902,20.5,0.333333,26.5,0.411765,31.5,0.509804,0,0.0,0.0,0.0,0.0,0.0,0.0,0.0,0.0,0.0,0.0,0.0,0.0,0.0,0.0,0.0,0.0,0.0,0.0,0.0,0.0,0.0,0.0,0.0,0.0,0.0,0.0,0.0,0.0,0.0,0.0,0.0,0.0,0.0,0.0,0.0,0.0,0.0,0.0,0.0,0.0,0.0,0.0,0.0,J,15.0
0.0,0.0,1.533333,0.402174,4.066667,0.673913,6.933333,0.728261,7.866667,0.576087,2.4,1.0,6.666667,0.967391,6.4,0.75,5.4,0.695652,2.466667,0.771739,6.866667,0.695652,6.4,0.5,5.333333,0.467391,2.8,0.48913,6.933333,0.467391,6.466667,0.326087,5.4,0.304348,3.4,0.184783,6.4,0.217391,8.066667,0.206522,9.533333,0.206522,0,0.0,0.0,0.0,0.0,0.0,0.0,0.0,0.0,0.0,0.0,0.0,0.0,0.0,0.0,0.0,0.0,0.0,0.0,0.0,0.0,0.0,0.0,0.0,0.0,0.0,0.0,0.0,0.0,0.0,0.0,0.0,0.0,0.0,0.0,0.0,0.0,0.0,0.0,0.0,0.0,0.0,0.0,0.0,J,15.0
0.0,0.0,1.375,0.43956,3.8125,0.703297,6.625,0.736264,7.5,0.549451,2.375,1.0,6.25,0.978022,6.0,0.747253,5.0,0.703297,2.5,0.758242,6.5,0.67033,5.9375,0.472527,4.9375,0.461538,2.875,0.450549,6.625,0.417582,6.0,0.285714,4.8125,0.274725,3.375,0.142857,6.25,0.131868,7.9375,0.098901,9.25,0.076923,0,0.0,0.0,0.0,0.0,0.0,0.0,0.0,0.0,0.0,0.0,0.0,0.0,0.0,0.0,0.0,0.0,0.0,0.0,0.0,0.0,0.0,0.0,0.0,0.0,0.0,0.0,0.0,0.0,0.0,0.0,0.0,0.0,0.0,0.0,0.0,0.0,0.0,0.0,0.0,0.0,0.0,0.0,0.0,J,15.0
0.0,0.0,1.222222,0.482353,3.5,0.776471,5.944444,0.8,6.888889,0.564706,2.5,1.0,5.944444,1.035294,5.555556,0.823529,4.611111,0.776471,2.722222,0.694118,6.222222,0.705882,5.722222,0.529412,4.833333,0.494118,3.111111,0.364706,6.444444,0.388235,5.722222,0.294118,4.555556,0.294118,3.5,0.047059,6.222222,0.023529,7.777778,-0.047059,9.055556,-0.105882,0,0.0,0.0,0.0,0.0,0.0,0.0,0.0,0.0,0.0,0.0,0.0,0.0,0.0,0.0,0.0,0.0,0.0,0.0,0.0,0.0,0.0,0.0,0.0,0.0,0.0,0.0,0.0,0.0,0.0,0.0,0.0,0.0,0.0,0.0,0.0,0.0,0.0,0.0,0.0,0.0,0.0,0.0,0.0,J,15.0
0.0,0.0,0.826087,0.534247,2.782609,0.863014,4.826087,0.876712,5.521739,0.60274,2.043478,1.0,4.869565,1.068493,4.347826,0.849315,3.565217,0.780822,2.391304,0.616438,5.0,0.712329,4.478261,0.561644,3.782609,0.493151,2.73913,0.232877,5.173913,0.356164,4.652174,0.30137,3.826087,0.287671,3.043478,-0.082192,5.217391,-0.136986,6.434783,-0.246575,7.434783,-0.328767,0,0.0,0.0,0.0,0.0,0.0,0.0,0.0,0.0,0.0,0.0,0.0,0.0,0.0,0.0,0.0,0.0,0.0,0.0,0.0,0.0,0.0,0.0,0.0,0.0,0.0,0.0,0.0,0.0,0.0,0.0,0.0,0.0,0.0,0.0,0.0,0.0,0.0,0.0,0.0,0.0,0.0,0.0,0.0,J,15.0
0.0,0.0,0.761905,0.609375,2.809524,0.96875,5.0,0.984375,6.047619,0.75,2.47619,1.0,5.571429,1.109375,5.0,0.921875,4.142857,0.828125,2.857143,0.53125,5.809524,0.6875,5.142857,0.5625,4.285714,0.484375,3.190476,0.125,5.904762,0.28125,5.190476,0.25,4.190476,0.21875,3.47619,-0.1875,5.857143,-0.203125,7.285714,-0.28125,8.47619,-0.34375,0,0.0,0.0,0.0,0.0,0.0,0.0,0.0,0.0,0.0,0.0,0.0,0.0,0.0,0.0,0.0,0.0,0.0,0.0,0.0,0.0,0.0,0.0,0.0,0.0,0.0,0.0,0.0,0.0,0.0,0.0,0.0,0.0,0.0,0.0,0.0,0.0,0.0,0.0,0.0,0.0,0.0,0.0,0.0,J,15.0
0.0,0.0,0.8,0.724138,2.85,1.086207,4.9,1.0,6.1,0.706897,3.3,1.0,6.2,1.206897,5.55,1.068966,4.7,0.931034,3.75,0.517241,6.5,0.741379,5.65,0.689655,4.8,0.586207,4.05,0.086207,6.45,0.344828,5.75,0.362069,4.9,0.327586,4.3,-0.206897,6.6,-0.137931,7.9,-0.155172,9.0,-0.189655,0,0.0,0.0,0.0,0.0,0.0,0.0,0.0,0.0,0.0,0.0,0.0,0.0,0.0,0.0,0.0,0.0,0.0,0.0,0.0,0.0,0.0,0.0,0.0,0.0,0.0,0.0,0.0,0.0,0.0,0.0,0.0,0.0,0.0,0.0,0.0,0.0,0.0,0.0,0.0,0.0,0.0,0.0,0.0,J,15.0
0.0,0.0,1.0,0.810345,3.352941,1.137931,5.411765,0.948276,6.588235,0.568966,4.411765,1.0,7.411765,1.241379,6.294118,1.155172,5.352941,1.017241,4.941176,0.5,7.705882,0.793103,6.647059,0.775862,5.705882,0.672414,5.235294,0.103448,7.764706,0.396552,6.941176,0.448276,6.0,0.413793,5.411765,-0.155172,7.941176,-0.051724,9.352941,-0.051724,10.529412,-0.068966,0,0.0,0.0,0.0,0.0,0.0,0.0,0.0,0.0,0.0,0.0,0.0,0.0,0.0,0.0,0.0,0.0,0.0,0.0,0.0,0.0,0.0,0.0,0.0,0.0,0.0,0.0,0.0,0.0,0.0,0.0,0.0,0.0,0.0,0.0,0.0,0.0,0.0,0.0,0.0,0.0,0.0,0.0,0.0,J,15.0
0.0,0.0,0.882353,0.87037,3.235294,1.185185,5.176471,0.981481,6.294118,0.592593,4.294118,1.0,7.117647,1.351852,6.0,1.296296,5.0,1.148148,4.882353,0.462963,7.529412,0.851852,6.411765,0.888889,5.470588,0.777778,5.176471,0.074074,7.647059,0.462963,6.764706,0.555556,5.882353,0.518519,5.294118,-0.185185,7.764706,-0.055556,9.117647,-0.018519,10.352941,-0.037037,0,0.0,0.0,0.0,0.0,0.0,0.0,0.0,0.0,0.0,0.0,0.0,0.0,0.0,0.0,0.0,0.0,0.0,0.0,0.0,0.0,0.0,0.0,0.0,0.0,0.0,0.0,0.0,0.0,0.0,0.0,0.0,0.0,0.0,0.0,0.0,0.0,0.0,0.0,0.0,0.0,0.0,0.0,0.0,J,15.0
0.0,0.0,0.882353,0.90566,3.294118,1.245283,5.411765,1.056604,6.588235,0.660377,4.235294,1.0,7.0,1.396226,5.882353,1.358491,5.0,1.169811,4.764706,0.45283,7.411765,0.867925,6.294118,0.90566,5.352941,0.792453,5.058824,0.056604,7.470588,0.471698,6.588235,0.584906,5.705882,0.566038,5.235294,-0.188679,7.705882,-0.056604,9.117647,0.0,10.352941,-0.018868,0,0.0,0.0,0.0,0.0,0.0,0.0,0.0,0.0,0.0,0.0,0.0,0.0,0.0,0.0,0.0,0.0,0.0,0.0,0.0,0.0,0.0,0.0,0.0,0.0,0.0,0.0,0.0,0.0,0.0,0.0,0.0,0.0,0.0,0.0,0.0,0.0,0.0,0.0,0.0,0.0,0.0,0.0,0.0,J,15.0
0.0,0.0,0.75,0.888889,2.75,1.240741,4.6,1.055556,5.6,0.666667,3.55,1.0,6.0,1.407407,5.05,1.37037,4.3,1.185185,4.05,0.481481,6.3,0.907407,5.3,0.925926,4.6,0.796296,4.3,0.092593,6.35,0.5,5.55,0.592593,4.8,0.555556,4.55,-0.148148,6.65,-0.018519,7.8,0.018519,8.85,0.0,0,0.0,0.0,0.0,0.0,0.0,0.0,0.0,0.0,0.0,0.0,0.0,0.0,0.0,0.0,0.0,0.0,0.0,0.0,0.0,0.0,0.0,0.0,0.0,0.0,0.0,0.0,0.0,0.0,0.0,0.0,0.0,0.0,0.0,0.0,0.0,0.0,0.0,0.0,0.0,0.0,0.0,0.0,0.0,J,15.0
0.0,0.0,0.842105,0.833333,3.0,1.166667,5.052632,0.981481,6.210526,0.611111,3.578947,1.0,6.157895,1.37037,5.315789,1.351852,4.578947,1.203704,4.0,0.481481,6.526316,0.888889,5.578947,0.925926,4.842105,0.833333,4.315789,0.092593,6.684211,0.5,5.894737,0.611111,5.052632,0.592593,4.578947,-0.148148,6.842105,-0.074074,8.157895,-0.018519,9.368421,-0.018519,0,0.0,0.0,0.0,0.0,0.0,0.0,0.0,0.0,0.0,0.0,0.0,0.0,0.0,0.0,0.0,0.0,0.0,0.0,0.0,0.0,0.0,0.0,0.0,0.0,0.0,0.0,0.0,0.0,0.0,0.0,0.0,0.0,0.0,0.0,0.0,0.0,0.0,0.0,0.0,0.0,0.0,0.0,0.0,J,15.0
0.0,0.0,0.6,0.540541,2.36,0.864865,4.24,0.891892,5.2,0.743243,2.2,1.0,4.6,1.094595,4.12,0.959459,3.52,0.878378,2.52,0.608108,4.84,0.743243,4.32,0.648649,3.52,0.581081,2.84,0.243243,5.0,0.432432,4.48,0.391892,3.76,0.337838,3.2,-0.027027,5.04,0.027027,6.16,0.067568,7.12,0.108108,0,0.0,0.0,0.0,0.0,0.0,0.0,0.0,0.0,0.0,0.0,0.0,0.0,0.0,0.0,0.0,0.0,0.0,0.0,0.0,0.0,0.0,0.0,0.0,0.0,0.0,0.0,0.0,0.0,0.0,0.0,0.0,0.0,0.0,0.0,0.0,0.0,0.0,0.0,0.0,0.0,0.0,0.0,0.0,J,15.0
0.0,0.0,0.673469,-0.333333,1.591837,0.083333,1.938776,0.8125,1.795918,1.416667,1.693878,1.0,2.163265,1.416667,1.836735,0.916667,1.571429,0.645833,1.387755,1.270833,1.755102,1.625,1.387755,1.041667,1.163265,0.770833,1.061224,1.479167,1.367347,1.625,0.979592,0.958333,0.632653,0.604167,0.693878,1.666667,1.183673,2.3125,1.510204,2.666667,1.795918,3.041667,0,0.0,0.0,0.0,0.0,0.0,0.0,0.0,0.0,0.0,0.0,0.0,0.0,0.0,0.0,0.0,0.0,0.0,0.0,0.0,0.0,0.0,0.0,0.0,0.0,0.0,0.0,0.0,0.0,0.0,0.0,0.0,0.0,0.0,0.0,0.0,0.0,0.0,0.0,0.0,0.0,0.0,0.0,0.0,J,16.0
0.0,0.0,0.75,-0.153846,1.708333,0.288462,2.104167,1.0,1.854167,1.576923,1.770833,1.0,2.25,1.423077,2.020833,1.173077,1.833333,0.942308,1.479167,1.25,1.875,1.576923,1.479167,1.096154,1.166667,0.826923,1.145833,1.442308,1.541667,1.711538,1.104167,1.153846,0.708333,0.807692,0.770833,1.673077,1.291667,2.173077,1.604167,2.5,1.916667,2.788462,0,0.0,0.0,0.0,0.0,0.0,0.0,0.0,0.0,0.0,0.0,0.0,0.0,0.0,0.0,0.0,0.0,0.0,0.0,0.0,0.0,0.0,0.0,0.0,0.0,0.0,0.0,0.0,0.0,0.0,0.0,0.0,0.0,0.0,0.0,0.0,0.0,0.0,0.0,0.0,0.0,0.0,0.0,0.0,J,16.0
0.0,0.0,0.826087,-0.130435,1.782609,0.347826,2.26087,1.108696,2.108696,1.717391,1.978261,1.0,2.521739,1.413043,2.152174,1.043478,1.869565,0.826087,1.673913,1.326087,2.108696,1.695652,1.652174,1.195652,1.369565,0.956522,1.347826,1.586957,1.73913,1.891304,1.282609,1.304348,0.891304,0.978261,0.978261,1.869565,1.5,2.369565,1.782609,2.695652,2.065217,3.043478,0,0.0,0.0,0.0,0.0,0.0,0.0,0.0,0.0,0.0,0.0,0.0,0.0,0.0,0.0,0.0,0.0,0.0,0.0,0.0,0.0,0.0,0.0,0.0,0.0,0.0,0.0,0.0,0.0,0.0,0.0,0.0,0.0,0.0,0.0,0.0,0.0,0.0,0.0,0.0,0.0,0.0,0.0,0.0,J,16.0
0.0,0.0,0.902439,-0.146341,1.926829,0.390244,2.463415,1.170732,2.292683,1.829268,2.073171,1.0,2.658537,1.414634,2.243902,1.073171,1.926829,0.878049,1.780488,1.365854,2.219512,1.756098,1.731707,1.292683,1.365854,1.02439,1.439024,1.682927,1.853659,2.04878,1.341463,1.414634,0.926829,1.02439,1.073171,2.0,1.609756,2.536585,1.95122,2.853659,2.268293,3.219512,0,0.0,0.0,0.0,0.0,0.0,0.0,0.0,0.0,0.0,0.0,0.0,0.0,0.0,0.0,0.0,0.0,0.0,0.0,0.0,0.0,0.0,0.0,0.0,0.0,0.0,0.0,0.0,0.0,0.0,0.0,0.0,0.0,0.0,0.0,0.0,0.0,0.0,0.0,0.0,0.0,0.0,0.0,0.0,J,16.0
0.0,0.0,0.902439,-0.170732,1.926829,0.341463,2.414634,1.121951,2.219512,1.756098,2.02439,1.0,2.585366,1.365854,2.170732,1.02439,1.829268,0.829268,1.731707,1.341463,2.170732,1.731707,1.682927,1.219512,1.341463,0.97561,1.390244,1.634146,1.804878,2.0,1.317073,1.390244,0.902439,1.0,1.02439,1.95122,1.585366,2.463415,1.95122,2.780488,2.317073,3.121951,0,0.0,0.0,0.0,0.0,0.0,0.0,0.0,0.0,0.0,0.0,0.0,0.0,0.0,0.0,0.0,0.0,0.0,0.0,0.0,0.0,0.0,0.0,0.0,0.0,0.0,0.0,0.0,0.0,0.0,0.0,0.0,0.0,0.0,0.0,0.0,0.0,0.0,0.0,0.0,0.0,0.0,0.0,0.0,J,16.0
0.0,0.0,0.878049,-0.2,1.902439,0.35,2.390244,1.15,2.146341,1.75,1.97561,1.0,2.536585,1.4,2.121951,1.075,1.731707,0.825,1.682927,1.35,2.121951,1.775,1.658537,1.275,1.292683,0.975,1.341463,1.65,1.731707,2.025,1.268293,1.4,0.853659,0.975,0.97561,1.95,1.560976,2.5,1.926829,2.825,2.292683,3.175,0,0.0,0.0,0.0,0.0,0.0,0.0,0.0,0.0,0.0,0.0,0.0,0.0,0.0,0.0,0.0,0.0,0.0,0.0,0.0,0.0,0.0,0.0,0.0,0.0,0.0,0.0,0.0,0.0,0.0,0.0,0.0,0.0,0.0,0.0,0.0,0.0,0.0,0.0,0.0,0.0,0.0,0.0,0.0,J,16.0
0.0,0.0,0.809524,-0.186047,1.809524,0.325581,2.309524,1.046512,2.095238,1.651163,1.928571,1.0,2.47619,1.302326,2.047619,0.976744,1.666667,0.790698,1.642857,1.302326,2.095238,1.697674,1.666667,1.232558,1.380952,1.0,1.309524,1.581395,1.690476,1.883721,1.214286,1.255814,0.809524,0.883721,0.928571,1.860465,1.5,2.372093,1.880952,2.674419,2.214286,3.023256,0,0.0,0.0,0.0,0.0,0.0,0.0,0.0,0.0,0.0,0.0,0.0,0.0,0.0,0.0,0.0,0.0,0.0,0.0,0.0,0.0,0.0,0.0,0.0,0.0,0.0,0.0,0.0,0.0,0.0,0.0,0.0,0.0,0.0,0.0,0.0,0.0,0.0,0.0,0.0,0.0,0.0,0.0,0.0,J,16.0
0.0,0.0,0.897436,-0.033333,1.974359,0.4,2.538462,0.916667,2.282051,1.316667,1.948718,1.0,2.615385,1.2,2.153846,0.866667,1.769231,0.733333,1.641026,1.183333,2.25641,1.433333,1.769231,1.016667,1.435897,0.833333,1.307692,1.333333,1.846154,1.5,1.358974,1.0,0.923077,0.75,0.948718,1.483333,1.589744,1.916667,2.0,2.183333,2.384615,2.466667,0,0.0,0.0,0.0,0.0,0.0,0.0,0.0,0.0,0.0,0.0,0.0,0.0,0.0,0.0,0.0,0.0,0.0,0.0,0.0,0.0,0.0,0.0,0.0,0.0,0.0,0.0,0.0,0.0,0.0,0.0,0.0,0.0,0.0,0.0,0.0,0.0,0.0,0.0,0.0,0.0,0.0,0.0,0.0,J,16.0
0.0,0.0,1.366667,0.038961,2.766667,0.415584,3.5,0.831169,3.1,1.103896,2.266667,1.0,3.4,1.116883,2.9,0.792208,2.4,0.701299,1.866667,1.116883,3.033333,1.220779,2.466667,0.844156,1.933333,0.714286,1.533333,1.194805,2.6,1.220779,2.066667,0.818182,1.433333,0.649351,1.266667,1.233766,2.233333,1.597403,2.8,1.792208,3.2,2.0,0,0.0,0.0,0.0,0.0,0.0,0.0,0.0,0.0,0.0,0.0,0.0,0.0,0.0,0.0,0.0,0.0,0.0,0.0,0.0,0.0,0.0,0.0,0.0,0.0,0.0,0.0,0.0,0.0,0.0,0.0,0.0,0.0,0.0,0.0,0.0,0.0,0.0,0.0,0.0,0.0,0.0,0.0,0.0,J,16.0
0.0,0.0,2.043478,0.079545,3.782609,0.397727,4.73913,0.727273,4.217391,0.943182,2.782609,1.0,4.478261,1.090909,3.913043,0.772727,3.217391,0.670455,2.347826,1.090909,4.130435,1.147727,3.434783,0.784091,2.782609,0.659091,1.956522,1.113636,3.652174,1.090909,3.0,0.727273,2.217391,0.590909,1.782609,1.090909,3.26087,1.363636,3.869565,1.534091,4.173913,1.704545,0,0.0,0.0,0.0,0.0,0.0,0.0,0.0,0.0,0.0,0.0,0.0,0.0,0.0,0.0,0.0,0.0,0.0,0.0,0.0,0.0,0.0,0.0,0.0,0.0,0.0,0.0,0.0,0.0,0.0,0.0,0.0,0.0,0.0,0.0,0.0,0.0,0.0,0.0,0.0,0.0,0.0,0.0,0.0,J,16.0
0.0,0.0,2.55,0.11215,4.3,0.35514,5.35,0.560748,5.25,0.719626,2.7,1.0,4.95,0.934579,4.45,0.626168,3.65,0.560748,2.1,1.018692,4.65,0.859813,4.0,0.542056,3.2,0.495327,1.75,0.934579,4.15,0.785047,3.55,0.485981,2.7,0.420561,1.7,0.794393,3.4,0.990654,4.3,1.149533,4.9,1.317757,0,0.0,0.0,0.0,0.0,0.0,0.0,0.0,0.0,0.0,0.0,0.0,0.0,0.0,0.0,0.0,0.0,0.0,0.0,0.0,0.0,0.0,0.0,0.0,0.0,0.0,0.0,0.0,0.0,0.0,0.0,0.0,0.0,0.0,0.0,0.0,0.0,0.0,0.0,0.0,0.0,0.0,0.0,0.0,J,16.0
0.0,0.0,3.176471,0.117117,5.176471,0.36036,6.647059,0.558559,6.411765,0.657658,3.0,1.0,6.0,0.900901,5.470588,0.603604,4.588235,0.54955,2.294118,0.954955,5.705882,0.783784,5.058824,0.495495,4.117647,0.459459,1.941176,0.810811,5.176471,0.684685,4.588235,0.432432,3.588235,0.369369,2.0,0.612613,4.0,0.801802,5.176471,0.954955,6.058824,1.117117,0,0.0,0.0,0.0,0.0,0.0,0.0,0.0,0.0,0.0,0.0,0.0,0.0,0.0,0.0,0.0,0.0,0.0,0.0,0.0,0.0,0.0,0.0,0.0,0.0,0.0,0.0,0.0,0.0,0.0,0.0,0.0,0.0,0.0,0.0,0.0,0.0,0.0,0.0,0.0,0.0,0.0,0.0,0.0,J,16.0
0.0,0.0,3.8,0.142857,6.133333,0.375,7.8,0.535714,8.0,0.633929,3.2,1.0,7.133333,0.946429,6.8,0.651786,5.933333,0.571429,2.333333,0.910714,6.8,0.803571,6.266667,0.526786,5.266667,0.464286,2.0,0.732143,6.333333,0.669643,5.866667,0.4375,4.733333,0.375,2.2,0.482143,5.266667,0.607143,6.133333,0.616071,6.6,0.642857,0,0.0,0.0,0.0,0.0,0.0,0.0,0.0,0.0,0.0,0.0,0.0,0.0,0.0,0.0,0.0,0.0,0.0,0.0,0.0,0.0,0.0,0.0,0.0,0.0,0.0,0.0,0.0,0.0,0.0,0.0,0.0,0.0,0.0,0.0,0.0,0.0,0.0,0.0,0.0,0.0,0.0,0.0,0.0,J,16.0
0.0,0.0,2.833333,0.125,4.555556,0.348214,5.833333,0.508929,6.722222,0.669643,2.444444,1.0,5.833333,0.910714,5.5,0.642857,4.666667,0.580357,1.666667,0.901786,5.611111,0.758929,4.944444,0.517857,3.944444,0.4375,1.388889,0.705357,5.166667,0.598214,4.333333,0.392857,3.166667,0.330357,1.444444,0.446429,4.111111,0.526786,5.555556,0.616071,6.833333,0.723214,0,0.0,0.0,0.0,0.0,0.0,0.0,0.0,0.0,0.0,0.0,0.0,0.0,0.0,0.0,0.0,0.0,0.0,0.0,0.0,0.0,0.0,0.0,0.0,0.0,0.0,0.0,0.0,0.0,0.0,0.0,0.0,0.0,0.0,0.0,0.0,0.0,0.0,0.0,0.0,0.0,0.0,0.0,0.0,J,16.0
0.0,0.0,4.636364,0.163462,7.727273,0.365385,10.363636,0.471154,12.090909,0.557692,4.454545,1.0,10.090909,0.913462,9.545455,0.634615,8.181818,0.567308,3.454545,0.855769,9.636364,0.692308,8.818182,0.442308,7.363636,0.375,3.090909,0.605769,9.0,0.471154,7.909091,0.269231,6.090909,0.230769,3.454545,0.317308,7.636364,0.423077,9.909091,0.519231,11.727273,0.644231,0,0.0,0.0,0.0,0.0,0.0,0.0,0.0,0.0,0.0,0.0,0.0,0.0,0.0,0.0,0.0,0.0,0.0,0.0,0.0,0.0,0.0,0.0,0.0,0.0,0.0,0.0,0.0,0.0,0.0,0.0,0.0,0.0,0.0,0.0,0.0,0.0,0.0,0.0,0.0,0.0,0.0,0.0,0.0,J,16.0
0.0,0.0,5.166667,0.377551,12.666667,0.653061,20.166667,0.714286,20.833333,0.530612,7.333333,1.0,18.666667,0.918367,17.666667,0.663265,14.833333,0.622449,6.666667,0.734694,18.5,0.632653,17.166667,0.418367,14.5,0.387755,7.0,0.428571,18.333333,0.387755,16.833333,0.234694,14.166667,0.204082,8.333333,0.122449,16.5,0.183673,21.166667,0.214286,25.166667,0.265306,0,0.0,0.0,0.0,0.0,0.0,0.0,0.0,0.0,0.0,0.0,0.0,0.0,0.0,0.0,0.0,0.0,0.0,0.0,0.0,0.0,0.0,0.0,0.0,0.0,0.0,0.0,0.0,0.0,0.0,0.0,0.0,0.0,0.0,0.0,0.0,0.0,0.0,0.0,0.0,0.0,0.0,0.0,0.0,J,16.0
0.0,0.0,3.333333,0.402174,8.333333,0.673913,13.444444,0.76087,13.777778,0.565217,4.888889,1.0,12.0,0.934783,11.444444,0.695652,9.555556,0.663043,4.666667,0.73913,12.0,0.630435,11.111111,0.423913,9.333333,0.413043,5.111111,0.413043,12.111111,0.347826,11.0,0.195652,8.888889,0.195652,5.888889,0.097826,11.222222,0.097826,14.333333,0.076087,17.0,0.076087,0,0.0,0.0,0.0,0.0,0.0,0.0,0.0,0.0,0.0,0.0,0.0,0.0,0.0,0.0,0.0,0.0,0.0,0.0,0.0,0.0,0.0,0.0,0.0,0.0,0.0,0.0,0.0,0.0,0.0,0.0,0.0,0.0,0.0,0.0,0.0,0.0,0.0,0.0,0.0,0.0,0.0,0.0,0.0,J,16.0
0.0,0.0,1.923077,0.418605,5.538462,0.709302,9.230769,0.744186,9.846154,0.511628,3.538462,1.0,8.615385,0.988372,8.076923,0.732558,6.769231,0.674419,3.615385,0.709302,8.769231,0.639535,8.076923,0.418605,6.769231,0.395349,4.076923,0.372093,8.846154,0.337209,7.846154,0.197674,6.384615,0.186047,4.538462,0.046512,8.307692,0.0,10.538462,-0.069767,12.384615,-0.116279,0,0.0,0.0,0.0,0.0,0.0,0.0,0.0,0.0,0.0,0.0,0.0,0.0,0.0,0.0,0.0,0.0,0.0,0.0,0.0,0.0,0.0,0.0,0.0,0.0,0.0,0.0,0.0,0.0,0.0,0.0,0.0,0.0,0.0,0.0,0.0,0.0,0.0,0.0,0.0,0.0,0.0,0.0,0.0,J,16.0
0.0,0.0,1.210526,0.439024,3.631579,0.719512,6.105263,0.756098,6.736842,0.560976,2.473684,1.0,6.0,0.987805,5.526316,0.756098,4.526316,0.707317,2.684211,0.670732,6.105263,0.646341,5.684211,0.439024,4.736842,0.414634,3.052632,0.304878,6.263158,0.317073,5.631579,0.170732,4.578947,0.170732,3.473684,-0.036585,6.105263,-0.085366,7.578947,-0.182927,8.684211,-0.243902,0,0.0,0.0,0.0,0.0,0.0,0.0,0.0,0.0,0.0,0.0,0.0,0.0,0.0,0.0,0.0,0.0,0.0,0.0,0.0,0.0,0.0,0.0,0.0,0.0,0.0,0.0,0.0,0.0,0.0,0.0,0.0,0.0,0.0,0.0,0.0,0.0,0.0,0.0,0.0,0.0,0.0,0.0,0.0,J,16.0
0.0,0.0,0.904762,0.493333,3.095238,0.813333,5.380952,0.853333,6.190476,0.693333,2.380952,1.0,5.571429,1.053333,5.0,0.826667,4.047619,0.76,2.666667,0.613333,5.714286,0.693333,5.142857,0.52,4.238095,0.453333,3.047619,0.213333,5.857143,0.346667,5.190476,0.226667,4.190476,0.2,3.380952,-0.133333,5.761905,-0.16,7.142857,-0.266667,8.238095,-0.32,0,0.0,0.0,0.0,0.0,0.0,0.0,0.0,0.0,0.0,0.0,0.0,0.0,0.0,0.0,0.0,0.0,0.0,0.0,0.0,0.0,0.0,0.0,0.0,0.0,0.0,0.0,0.0,0.0,0.0,0.0,0.0,0.0,0.0,0.0,0.0,0.0,0.0,0.0,0.0,0.0,0.0,0.0,0.0,J,16.0
0.0,0.0,0.68,0.694915,2.44,1.101695,4.28,1.152542,5.36,0.949153,2.28,1.0,4.8,1.20339,4.24,1.084746,3.56,0.915254,2.64,0.491525,5.08,0.762712,4.4,0.711864,3.6,0.576271,2.96,0.050847,5.24,0.40678,4.6,0.389831,3.8,0.271186,3.28,-0.254237,5.24,-0.254237,6.4,-0.271186,7.48,-0.338983,0,0.0,0.0,0.0,0.0,0.0,0.0,0.0,0.0,0.0,0.0,0.0,0.0,0.0,0.0,0.0,0.0,0.0,0.0,0.0,0.0,0.0,0.0,0.0,0.0,0.0,0.0,0.0,0.0,0.0,0.0,0.0,0.0,0.0,0.0,0.0,0.0,0.0,0.0,0.0,0.0,0.0,0.0,0.0,J,16.0
0.0,0.0,0.583333,0.711864,2.25,1.118644,3.916667,1.135593,5.041667,0.949153,2.541667,1.0,5.083333,1.237288,4.666667,1.135593,4.041667,0.983051,2.916667,0.525424,5.375,0.79661,4.75,0.762712,3.958333,0.627119,3.25,0.101695,5.541667,0.440678,4.916667,0.440678,4.125,0.372881,3.541667,-0.20339,5.541667,-0.186441,6.791667,-0.186441,7.875,-0.186441,0,0.0,0.0,0.0,0.0,0.0,0.0,0.0,0.0,0.0,0.0,0.0,0.0,0.0,0.0,0.0,0.0,0.0,0.0,0.0,0.0,0.0,0.0,0.0,0.0,0.0,0.0,0.0,0.0,0.0,0.0,0.0,0.0,0.0,0.0,0.0,0.0,0.0,0.0,0.0,0.0,0.0,0.0,0.0,J,16.0
0.0,0.0,0.73913,0.763636,2.434783,1.127273,4.130435,1.090909,5.217391,0.818182,2.782609,1.0,5.391304,1.290909,4.826087,1.218182,4.173913,1.072727,3.173913,0.490909,5.652174,0.818182,4.956522,0.818182,4.173913,0.709091,3.478261,0.054545,5.782609,0.436364,5.130435,0.490909,4.304348,0.418182,3.782609,-0.236364,5.869565,-0.218182,7.086957,-0.181818,8.217391,-0.181818,0,0.0,0.0,0.0,0.0,0.0,0.0,0.0,0.0,0.0,0.0,0.0,0.0,0.0,0.0,0.0,0.0,0.0,0.0,0.0,0.0,0.0,0.0,0.0,0.0,0.0,0.0,0.0,0.0,0.0,0.0,0.0,0.0,0.0,0.0,0.0,0.0,0.0,0.0,0.0,0.0,0.0,0.0,0.0,J,16.0
0.0,0.0,0.714286,0.830189,2.619048,1.207547,4.333333,1.150943,5.380952,0.849057,3.142857,1.0,5.809524,1.358491,4.952381,1.320755,4.190476,1.150943,3.52381,0.471698,6.095238,0.867925,5.190476,0.886792,4.380952,0.773585,3.857143,0.037736,6.285714,0.45283,5.47619,0.54717,4.619048,0.490566,4.142857,-0.226415,6.380952,-0.169811,7.666667,-0.132075,8.761905,-0.150943,0,0.0,0.0,0.0,0.0,0.0,0.0,0.0,0.0,0.0,0.0,0.0,0.0,0.0,0.0,0.0,0.0,0.0,0.0,0.0,0.0,0.0,0.0,0.0,0.0,0.0,0.0,0.0,0.0,0.0,0.0,0.0,0.0,0.0,0.0,0.0,0.0,0.0,0.0,0.0,0.0,0.0,0.0,0.0,J,16.0
0.0,0.0,0.681818,0.867925,2.5,1.264151,4.181818,1.169811,5.181818,0.849057,3.0,1.0,5.5,1.396226,4.727273,1.377358,4.0,1.207547,3.409091,0.471698,5.772727,0.886792,4.954545,0.943396,4.181818,0.830189,3.727273,0.056604,5.954545,0.471698,5.227273,0.584906,4.409091,0.54717,4.0,-0.207547,6.090909,-0.132075,7.318182,-0.075472,8.318182,-0.09434,0,0.0,0.0,0.0,0.0,0.0,0.0,0.0,0.0,0.0,0.0,0.0,0.0,0.0,0.0,0.0,0.0,0.0,0.0,0.0,0.0,0.0,0.0,0.0,0.0,0.0,0.0,0.0,0.0,0.0,0.0,0.0,0.0,0.0,0.0,0.0,0.0,0.0,0.0,0.0,0.0,0.0,0.0,0.0,J,16.0
0.0,0.0,0.608696,0.8,2.26087,1.181818,3.869565,1.109091,4.782609,0.781818,2.73913,1.0,5.130435,1.345455,4.565217,1.363636,3.913043,1.2,3.130435,0.490909,5.391304,0.890909,4.73913,0.945455,4.0,0.818182,3.434783,0.090909,5.608696,0.509091,4.956522,0.6,4.217391,0.545455,3.73913,-0.163636,5.73913,-0.090909,6.913043,-0.018182,7.913043,-0.018182,0,0.0,0.0,0.0,0.0,0.0,0.0,0.0,0.0,0.0,0.0,0.0,0.0,0.0,0.0,0.0,0.0,0.0,0.0,0.0,0.0,0.0,0.0,0.0,0.0,0.0,0.0,0.0,0.0,0.0,0.0,0.0,0.0,0.0,0.0,0.0,0.0,0.0,0.0,0.0,0.0,0.0,0.0,0.0,J,16.0
0.0,0.0,0.37037,0.636364,1.851852,1.045455,3.37037,1.106061,4.407407,0.954545,2.0,1.0,4.296296,1.227273,3.888889,1.106061,3.333333,0.969697,2.333333,0.575758,4.592593,0.833333,4.037037,0.772727,3.37037,0.651515,2.666667,0.212121,4.777778,0.530303,4.222222,0.5,3.555556,0.409091,3.0,-0.045455,4.777778,0.045455,5.814815,0.106061,6.740741,0.121212,0,0.0,0.0,0.0,0.0,0.0,0.0,0.0,0.0,0.0,0.0,0.0,0.0,0.0,0.0,0.0,0.0,0.0,0.0,0.0,0.0,0.0,0.0,0.0,0.0,0.0,0.0,0.0,0.0,0.0,0.0,0.0,0.0,0.0,0.0,0.0,0.0,0.0,0.0,0.0,0.0,0.0,0.0,0.0,J,16.0
0.0,0.0,0.5625,-0.16129,1.333333,0.129032,1.583333,0.580645,1.416667,0.951613,1.1875,1.0,1.4375,1.370968,1.3125,0.951613,1.166667,0.612903,0.895833,1.112903,1.125,1.435484,0.9375,0.887097,0.75,0.516129,0.5625,1.193548,0.791667,1.322581,0.604167,0.774194,0.375,0.403226,0.1875,1.290323,0.583333,1.806452,0.854167,2.112903,1.0625,2.354839,0,0.0,0.0,0.0,0.0,0.0,0.0,0.0,0.0,0.0,0.0,0.0,0.0,0.0,0.0,0.0,0.0,0.0,0.0,0.0,0.0,0.0,0.0,0.0,0.0,0.0,0.0,0.0,0.0,0.0,0.0,0.0,0.0,0.0,0.0,0.0,0.0,0.0,0.0,0.0,0.0,0.0,0.0,0.0,J,17.0
0.0,0.0,0.734694,-0.030303,1.571429,0.30303,1.897959,0.787879,1.632653,1.166667,1.44898,1.0,1.877551,1.318182,1.653061,0.924242,1.408163,0.651515,1.163265,1.136364,1.530612,1.454545,1.265306,0.969697,1.020408,0.636364,0.816327,1.227273,1.22449,1.409091,0.938776,0.924242,0.632653,0.590909,0.44898,1.318182,0.897959,1.787879,1.183673,2.075758,1.428571,2.318182,0,0.0,0.0,0.0,0.0,0.0,0.0,0.0,0.0,0.0,0.0,0.0,0.0,0.0,0.0,0.0,0.0,0.0,0.0,0.0,0.0,0.0,0.0,0.0,0.0,0.0,0.0,0.0,0.0,0.0,0.0,0.0,0.0,0.0,0.0,0.0,0.0,0.0,0.0,0.0,0.0,0.0,0.0,0.0,J,17.0
0.0,0.0,0.78,-0.084746,1.66,0.271186,2.04,0.847458,1.8,1.305085,1.6,1.0,2.04,1.271186,1.74,0.915254,1.42,0.644068,1.3,1.20339,1.72,1.474576,1.38,1.0,1.04,0.677966,0.98,1.355932,1.4,1.59322,1.1,1.101695,0.76,0.745763,0.6,1.491525,1.08,1.983051,1.4,2.288136,1.68,2.542373,0,0.0,0.0,0.0,0.0,0.0,0.0,0.0,0.0,0.0,0.0,0.0,0.0,0.0,0.0,0.0,0.0,0.0,0.0,0.0,0.0,0.0,0.0,0.0,0.0,0.0,0.0,0.0,0.0,0.0,0.0,0.0,0.0,0.0,0.0,0.0,0.0,0.0,0.0,0.0,0.0,0.0,0.0,0.0,J,17.0
0.0,0.0,0.816327,-0.12,1.755102,0.22,2.163265,0.88,1.897959,1.42,1.755102,1.0,2.183673,1.32,1.918367,0.98,1.632653,0.7,1.469388,1.3,1.857143,1.62,1.469388,1.08,1.102041,0.7,1.142857,1.52,1.55102,1.84,1.204082,1.28,0.836735,0.86,0.755102,1.74,1.265306,2.26,1.591837,2.62,1.897959,2.92,0,0.0,0.0,0.0,0.0,0.0,0.0,0.0,0.0,0.0,0.0,0.0,0.0,0.0,0.0,0.0,0.0,0.0,0.0,0.0,0.0,0.0,0.0,0.0,0.0,0.0,0.0,0.0,0.0,0.0,0.0,0.0,0.0,0.0,0.0,0.0,0.0,0.0,0.0,0.0,0.0,0.0,0.0,0.0,J,17.0
0.0,0.0,0.791667,-0.183673,1.791667,0.204082,2.229167,0.897959,1.979167,1.510204,1.791667,1.0,2.229167,1.326531,1.895833,1.0,1.520833,0.693878,1.5,1.306122,1.895833,1.653061,1.479167,1.122449,1.125,0.77551,1.166667,1.55102,1.604167,1.877551,1.208333,1.285714,0.833333,0.857143,0.791667,1.77551,1.3125,2.306122,1.645833,2.632653,1.979167,2.959184,0,0.0,0.0,0.0,0.0,0.0,0.0,0.0,0.0,0.0,0.0,0.0,0.0,0.0,0.0,0.0,0.0,0.0,0.0,0.0,0.0,0.0,0.0,0.0,0.0,0.0,0.0,0.0,0.0,0.0,0.0,0.0,0.0,0.0,0.0,0.0,0.0,0.0,0.0,0.0,0.0,0.0,0.0,0.0,J,17.0
0.0,0.0,0.847826,-0.166667,1.847826,0.166667,2.304348,0.875,2.065217,1.479167,1.869565,1.0,2.304348,1.3125,1.934783,0.979167,1.586957,0.6875,1.565217,1.3125,2.021739,1.6875,1.586957,1.1875,1.217391,0.8125,1.26087,1.5625,1.695652,1.916667,1.304348,1.3125,0.913043,0.875,0.869565,1.8125,1.413043,2.354167,1.782609,2.708333,2.108696,3.041667,0,0.0,0.0,0.0,0.0,0.0,0.0,0.0,0.0,0.0,0.0,0.0,0.0,0.0,0.0,0.0,0.0,0.0,0.0,0.0,0.0,0.0,0.0,0.0,0.0,0.0,0.0,0.0,0.0,0.0,0.0,0.0,0.0,0.0,0.0,0.0,0.0,0.0,0.0,0.0,0.0,0.0,0.0,0.0,J,17.0
0.0,0.0,0.804348,-0.222222,1.869565,0.155556,2.369565,0.933333,2.152174,1.6,1.956522,1.0,2.456522,1.355556,2.043478,1.0,1.630435,0.733333,1.673913,1.377778,2.108696,1.777778,1.630435,1.222222,1.217391,0.822222,1.347826,1.666667,1.76087,2.044444,1.369565,1.4,0.956522,0.955556,0.956522,1.955556,1.5,2.511111,1.869565,2.866667,2.195652,3.244444,0,0.0,0.0,0.0,0.0,0.0,0.0,0.0,0.0,0.0,0.0,0.0,0.0,0.0,0.0,0.0,0.0,0.0,0.0,0.0,0.0,0.0,0.0,0.0,0.0,0.0,0.0,0.0,0.0,0.0,0.0,0.0,0.0,0.0,0.0,0.0,0.0,0.0,0.0,0.0,0.0,0.0,0.0,0.0,J,17.0
0.0,0.0,0.791667,-0.133333,1.8125,0.2,2.3125,0.75,2.083333,1.25,1.8125,1.0,2.291667,1.283333,1.895833,0.9,1.520833,0.616667,1.5,1.216667,2.0,1.5,1.541667,0.983333,1.145833,0.666667,1.166667,1.383333,1.645833,1.616667,1.270833,1.066667,0.875,0.7,0.8125,1.533333,1.375,2.033333,1.770833,2.333333,2.104167,2.616667,0,0.0,0.0,0.0,0.0,0.0,0.0,0.0,0.0,0.0,0.0,0.0,0.0,0.0,0.0,0.0,0.0,0.0,0.0,0.0,0.0,0.0,0.0,0.0,0.0,0.0,0.0,0.0,0.0,0.0,0.0,0.0,0.0,0.0,0.0,0.0,0.0,0.0,0.0,0.0,0.0,0.0,0.0,0.0,J,17.0
0.0,0.0,0.977273,-0.051282,2.045455,0.282051,2.613636,0.679487,2.272727,1.012821,1.795455,1.0,2.431818,1.179487,2.090909,0.820513,1.772727,0.602564,1.454545,1.115385,2.136364,1.269231,1.727273,0.794872,1.386364,0.551282,1.136364,1.192308,1.840909,1.307692,1.477273,0.833333,1.068182,0.551282,0.795455,1.25641,1.454545,1.653846,1.863636,1.897436,2.227273,2.141026,0,0.0,0.0,0.0,0.0,0.0,0.0,0.0,0.0,0.0,0.0,0.0,0.0,0.0,0.0,0.0,0.0,0.0,0.0,0.0,0.0,0.0,0.0,0.0,0.0,0.0,0.0,0.0,0.0,0.0,0.0,0.0,0.0,0.0,0.0,0.0,0.0,0.0,0.0,0.0,0.0,0.0,0.0,0.0,J,17.0
0.0,0.0,1.766667,0.055046,3.133333,0.311927,4.0,0.577982,3.4,0.724771,2.033333,1.0,3.466667,1.0,3.066667,0.697248,2.533333,0.577982,1.5,1.036697,3.133333,0.981651,2.666667,0.605505,2.166667,0.477064,1.166667,0.990826,2.833333,0.944954,2.433333,0.587156,1.866667,0.431193,1.033333,0.899083,2.133333,1.165138,2.766667,1.357798,3.266667,1.53211,0,0.0,0.0,0.0,0.0,0.0,0.0,0.0,0.0,0.0,0.0,0.0,0.0,0.0,0.0,0.0,0.0,0.0,0.0,0.0,0.0,0.0,0.0,0.0,0.0,0.0,0.0,0.0,0.0,0.0,0.0,0.0,0.0,0.0,0.0,0.0,0.0,0.0,0.0,0.0,0.0,0.0,0.0,0.0,J,17.0
0.0,0.0,2.076923,0.094017,3.461538,0.333333,4.423077,0.555556,3.961538,0.675214,1.807692,1.0,3.653846,0.982906,3.423077,0.683761,2.807692,0.564103,1.192308,0.991453,3.423077,0.940171,3.153846,0.598291,2.615385,0.487179,0.884615,0.897436,3.076923,0.846154,2.807692,0.529915,2.153846,0.401709,0.807692,0.74359,2.230769,0.991453,3.038462,1.179487,3.692308,1.358974,0,0.0,0.0,0.0,0.0,0.0,0.0,0.0,0.0,0.0,0.0,0.0,0.0,0.0,0.0,0.0,0.0,0.0,0.0,0.0,0.0,0.0,0.0,0.0,0.0,0.0,0.0,0.0,0.0,0.0,0.0,0.0,0.0,0.0,0.0,0.0,0.0,0.0,0.0,0.0,0.0,0.0,0.0,0.0,J,17.0
0.0,0.0,2.35,0.12,3.75,0.352,4.9,0.552,4.85,0.696,1.1,1.0,4.1,0.952,4.05,0.688,3.35,0.56,0.25,0.96,3.95,0.84,3.6,0.584,2.95,0.456,0.0,0.8,3.55,0.696,3.0,0.456,2.1,0.344,0.1,0.568,2.1,0.784,3.25,0.968,4.4,1.144,0,0.0,0.0,0.0,0.0,0.0,0.0,0.0,0.0,0.0,0.0,0.0,0.0,0.0,0.0,0.0,0.0,0.0,0.0,0.0,0.0,0.0,0.0,0.0,0.0,0.0,0.0,0.0,0.0,0.0,0.0,0.0,0.0,0.0,0.0,0.0,0.0,0.0,0.0,0.0,0.0,0.0,0.0,0.0,J,17.0
0.0,0.0,0.823529,0.10084,1.676471,0.310924,2.264706,0.529412,2.5,0.722689,0.264706,1.0,1.941176,0.915966,1.882353,0.697479,1.5,0.596639,-0.470588,0.92437,1.911765,0.764706,1.647059,0.504202,1.323529,0.386555,-0.735294,0.773109,1.617647,0.621849,1.176471,0.327731,0.676471,0.184874,-0.735294,0.521008,0.558824,0.655462,1.294118,0.806723,2.088235,0.991597,0,0.0,0.0,0.0,0.0,0.0,0.0,0.0,0.0,0.0,0.0,0.0,0.0,0.0,0.0,0.0,0.0,0.0,0.0,0.0,0.0,0.0,0.0,0.0,0.0,0.0,0.0,0.0,0.0,0.0,0.0,0.0,0.0,0.0,0.0,0.0,0.0,0.0,0.0,0.0,0.0,0.0,0.0,0.0,J,17.0
0.0,0.0,0.9375,0.140496,1.8125,0.347107,2.40625,0.553719,2.46875,0.694215,0.03125,1.0,2.09375,0.900826,2.09375,0.661157,1.65625,0.570248,-0.71875,0.892562,2.0625,0.727273,1.78125,0.471074,1.34375,0.347107,-1.0,0.719008,1.71875,0.561983,1.15625,0.297521,0.59375,0.165289,-0.96875,0.454545,0.59375,0.553719,1.46875,0.677686,2.375,0.826446,0,0.0,0.0,0.0,0.0,0.0,0.0,0.0,0.0,0.0,0.0,0.0,0.0,0.0,0.0,0.0,0.0,0.0,0.0,0.0,0.0,0.0,0.0,0.0,0.0,0.0,0.0,0.0,0.0,0.0,0.0,0.0,0.0,0.0,0.0,0.0,0.0,0.0,0.0,0.0,0.0,0.0,0.0,0.0,J,17.0
0.0,0.0,13.333333,0.278261,25.333333,0.521739,38.333333,0.608696,42.666667,0.608696,10.333333,1.0,34.0,1.026087,35.333333,0.756522,30.333333,0.652174,7.333333,0.765217,34.0,0.765217,33.666667,0.521739,29.0,0.452174,8.0,0.486957,33.666667,0.530435,31.333333,0.365217,25.0,0.321739,11.333333,0.208696,29.0,0.365217,37.0,0.486957,43.0,0.634783,0,0.0,0.0,0.0,0.0,0.0,0.0,0.0,0.0,0.0,0.0,0.0,0.0,0.0,0.0,0.0,0.0,0.0,0.0,0.0,0.0,0.0,0.0,0.0,0.0,0.0,0.0,0.0,0.0,0.0,0.0,0.0,0.0,0.0,0.0,0.0,0.0,0.0,0.0,0.0,0.0,0.0,0.0,0.0,J,17.0
0.0,0.0,1.421053,0.423423,3.684211,0.720721,6.157895,0.792793,6.894737,0.612613,1.473684,1.0,5.315789,1.027027,5.578947,0.792793,4.842105,0.702703,1.421053,0.747748,5.578947,0.747748,5.473684,0.522523,4.578947,0.468468,1.789474,0.45045,5.736842,0.495495,5.473684,0.351351,4.526316,0.306306,2.473684,0.162162,5.157895,0.261261,6.684211,0.315315,7.894737,0.369369,0,0.0,0.0,0.0,0.0,0.0,0.0,0.0,0.0,0.0,0.0,0.0,0.0,0.0,0.0,0.0,0.0,0.0,0.0,0.0,0.0,0.0,0.0,0.0,0.0,0.0,0.0,0.0,0.0,0.0,0.0,0.0,0.0,0.0,0.0,0.0,0.0,0.0,0.0,0.0,0.0,0.0,0.0,0.0,J,17.0
0.0,0.0,1.5,0.425926,3.944444,0.740741,6.722222,0.851852,7.277778,0.666667,1.722222,1.0,5.666667,1.027778,5.722222,0.805556,4.722222,0.731481,1.722222,0.75,5.944444,0.731481,5.611111,0.527778,4.555556,0.5,2.166667,0.453704,6.222222,0.481481,5.666667,0.351852,4.555556,0.324074,2.722222,0.166667,5.833333,0.203704,7.555556,0.203704,8.944444,0.212963,0,0.0,0.0,0.0,0.0,0.0,0.0,0.0,0.0,0.0,0.0,0.0,0.0,0.0,0.0,0.0,0.0,0.0,0.0,0.0,0.0,0.0,0.0,0.0,0.0,0.0,0.0,0.0,0.0,0.0,0.0,0.0,0.0,0.0,0.0,0.0,0.0,0.0,0.0,0.0,0.0,0.0,0.0,0.0,J,17.0
0.0,0.0,1.0,0.445545,3.043478,0.792079,5.26087,0.930693,5.652174,0.742574,1.304348,1.0,4.434783,1.089109,4.347826,0.841584,3.565217,0.752475,1.434783,0.732673,4.782609,0.782178,4.434783,0.564356,3.565217,0.514851,1.826087,0.425743,5.043478,0.50495,4.565217,0.386139,3.608696,0.356436,2.304348,0.138614,4.782609,0.158416,6.173913,0.148515,7.26087,0.158416,0,0.0,0.0,0.0,0.0,0.0,0.0,0.0,0.0,0.0,0.0,0.0,0.0,0.0,0.0,0.0,0.0,0.0,0.0,0.0,0.0,0.0,0.0,0.0,0.0,0.0,0.0,0.0,0.0,0.0,0.0,0.0,0.0,0.0,0.0,0.0,0.0,0.0,0.0,0.0,0.0,0.0,0.0,0.0,J,17.0
0.0,0.0,0.703704,0.462366,2.407407,0.83871,4.37037,0.946237,4.925926,0.709677,1.296296,1.0,3.925926,1.11828,3.740741,0.88172,3.0,0.784946,1.518519,0.677419,4.296296,0.784946,3.925926,0.569892,3.148148,0.505376,1.888889,0.354839,4.555556,0.473118,4.074074,0.365591,3.222222,0.333333,2.296296,0.064516,4.444444,0.096774,5.703704,0.064516,6.666667,0.043011,0,0.0,0.0,0.0,0.0,0.0,0.0,0.0,0.0,0.0,0.0,0.0,0.0,0.0,0.0,0.0,0.0,0.0,0.0,0.0,0.0,0.0,0.0,0.0,0.0,0.0,0.0,0.0,0.0,0.0,0.0,0.0,0.0,0.0,0.0,0.0,0.0,0.0,0.0,0.0,0.0,0.0,0.0,0.0,J,17.0
0.0,0.0,0.428571,0.506024,1.685714,0.903614,3.171429,1.0,3.8,0.819277,1.028571,1.0,3.142857,1.156627,2.914286,0.927711,2.285714,0.831325,1.314286,0.638554,3.371429,0.831325,3.085714,0.638554,2.514286,0.542169,1.657143,0.289157,3.628571,0.506024,3.285714,0.39759,2.628571,0.337349,2.028571,-0.012048,3.685714,0.036145,4.628571,-0.012048,5.371429,-0.048193,0,0.0,0.0,0.0,0.0,0.0,0.0,0.0,0.0,0.0,0.0,0.0,0.0,0.0,0.0,0.0,0.0,0.0,0.0,0.0,0.0,0.0,0.0,0.0,0.0,0.0,0.0,0.0,0.0,0.0,0.0,0.0,0.0,0.0,0.0,0.0,0.0,0.0,0.0,0.0,0.0,0.0,0.0,0.0,J,17.0
0.0,0.0,0.424242,0.506173,1.666667,0.91358,3.090909,1.074074,3.909091,1.024691,1.181818,1.0,3.393939,1.160494,3.121212,0.962963,2.515152,0.851852,1.484848,0.62963,3.666667,0.851852,3.363636,0.691358,2.787879,0.604938,1.848485,0.271605,3.878788,0.530864,3.515152,0.45679,2.848485,0.407407,2.181818,-0.024691,3.909091,0.049383,4.969697,0.037037,5.818182,0.037037,0,0.0,0.0,0.0,0.0,0.0,0.0,0.0,0.0,0.0,0.0,0.0,0.0,0.0,0.0,0.0,0.0,0.0,0.0,0.0,0.0,0.0,0.0,0.0,0.0,0.0,0.0,0.0,0.0,0.0,0.0,0.0,0.0,0.0,0.0,0.0,0.0,0.0,0.0,0.0,0.0,0.0,0.0,0.0,J,17.0
0.0,0.0,0.351351,0.558442,1.459459,0.974026,2.756757,1.116883,3.567568,1.025974,1.081081,1.0,3.108108,1.194805,2.783784,1.025974,2.243243,0.909091,1.432432,0.584416,3.378378,0.896104,3.027027,0.779221,2.486486,0.662338,1.783784,0.233766,3.567568,0.584416,3.216216,0.532468,2.648649,0.454545,2.081081,-0.038961,3.540541,0.064935,4.459459,0.051948,5.216216,0.051948,0,0.0,0.0,0.0,0.0,0.0,0.0,0.0,0.0,0.0,0.0,0.0,0.0,0.0,0.0,0.0,0.0,0.0,0.0,0.0,0.0,0.0,0.0,0.0,0.0,0.0,0.0,0.0,0.0,0.0,0.0,0.0,0.0,0.0,0.0,0.0,0.0,0.0,0.0,0.0,0.0,0.0,0.0,0.0,J,17.0
0.0,0.0,0.277778,0.586667,1.333333,1.04,2.527778,1.133333,3.388889,0.96,1.166667,1.0,3.277778,1.213333,2.972222,1.106667,2.416667,0.986667,1.5,0.573333,3.527778,0.906667,3.194444,0.866667,2.638889,0.746667,1.833333,0.213333,3.694444,0.6,3.333333,0.626667,2.75,0.573333,2.166667,-0.04,3.666667,0.093333,4.638889,0.106667,5.444444,0.106667,0,0.0,0.0,0.0,0.0,0.0,0.0,0.0,0.0,0.0,0.0,0.0,0.0,0.0,0.0,0.0,0.0,0.0,0.0,0.0,0.0,0.0,0.0,0.0,0.0,0.0,0.0,0.0,0.0,0.0,0.0,0.0,0.0,0.0,0.0,0.0,0.0,0.0,0.0,0.0,0.0,0.0,0.0,0.0,J,17.0
0.0,0.0,0.25,0.565789,1.361111,1.026316,2.638889,1.144737,3.527778,1.013158,1.138889,1.0,3.222222,1.210526,2.888889,1.065789,2.333333,0.947368,1.5,0.578947,3.5,0.894737,3.083333,0.815789,2.555556,0.697368,1.833333,0.210526,3.638889,0.592105,3.25,0.565789,2.638889,0.473684,2.138889,-0.026316,3.666667,0.092105,4.638889,0.118421,5.444444,0.118421,0,0.0,0.0,0.0,0.0,0.0,0.0,0.0,0.0,0.0,0.0,0.0,0.0,0.0,0.0,0.0,0.0,0.0,0.0,0.0,0.0,0.0,0.0,0.0,0.0,0.0,0.0,0.0,0.0,0.0,0.0,0.0,0.0,0.0,0.0,0.0,0.0,0.0,0.0,0.0,0.0,0.0,0.0,0.0,J,17.0
0.0,0.0,0.25,0.558442,1.333333,1.012987,2.611111,1.155844,3.5,1.038961,1.194444,1.0,3.25,1.220779,2.916667,1.064935,2.361111,0.935065,1.555556,0.584416,3.527778,0.909091,3.111111,0.805195,2.555556,0.675325,1.888889,0.220779,3.666667,0.584416,3.25,0.532468,2.666667,0.441558,2.194444,-0.038961,3.722222,0.090909,4.666667,0.116883,5.5,0.12987,0,0.0,0.0,0.0,0.0,0.0,0.0,0.0,0.0,0.0,0.0,0.0,0.0,0.0,0.0,0.0,0.0,0.0,0.0,0.0,0.0,0.0,0.0,0.0,0.0,0.0,0.0,0.0,0.0,0.0,0.0,0.0,0.0,0.0,0.0,0.0,0.0,0.0,0.0,0.0,0.0,0.0,0.0,0.0,J,17.0
0.0,0.0,0.054054,0.555556,1.0,1.111111,2.135135,1.333333,2.621622,1.174603,0.486486,1.0,2.216216,1.31746,2.0,1.126984,1.486486,0.984127,0.756757,0.539683,2.567568,0.952381,2.27027,0.793651,1.72973,0.634921,1.135135,0.142857,2.837838,0.587302,2.567568,0.492063,2.027027,0.333333,1.486486,-0.174603,2.810811,0.142857,2.972973,0.15873,2.918919,0.095238,-0.8378378378378378,0.1746031746031746,0.0,0.0,0.333333,0.5375,1.583333,1.0,3.0,1.1625,3.833333,1.05,1.305556,1.0,3.361111,1.2,3.0,1.05,2.444444,0.925,1.638889,0.5875,3.611111,0.9,3.194444,0.775,2.666667,0.6625,1.972222,0.225,3.777778,0.575,3.361111,0.5,2.777778,0.4,2.305556,-0.0375,3.833333,0.1375,4.777778,0.175,5.583333,0.2,J,17.0
0.0,0.0,0.484848,0.456522,1.878788,0.836957,3.454545,0.967391,4.060606,0.858696,1.30303,1.0,3.454545,1.130435,3.151515,0.913043,2.575758,0.815217,1.575758,0.663043,3.727273,0.826087,3.424242,0.630435,2.787879,0.554348,1.909091,0.326087,3.878788,0.543478,3.606061,0.391304,2.969697,0.315217,2.30303,0.032609,3.939394,0.206522,4.969697,0.26087,5.757576,0.336957,0,0.0,0.0,0.0,0.0,0.0,0.0,0.0,0.0,0.0,0.0,0.0,0.0,0.0,0.0,0.0,0.0,0.0,0.0,0.0,0.0,0.0,0.0,0.0,0.0,0.0,0.0,0.0,0.0,0.0,0.0,0.0,0.0,0.0,0.0,0.0,0.0,0.0,0.0,0.0,0.0,0.0,0.0,0.0,J,17.0
0.0,0.0,0.64,-0.074627,1.44,0.313433,1.68,0.850746,1.42,1.223881,1.36,1.0,1.74,1.358209,1.54,0.970149,1.36,0.716418,1.04,1.119403,1.36,1.402985,1.16,0.910448,0.98,0.656716,0.72,1.19403,1.04,1.343284,0.84,0.835821,0.58,0.552239,0.36,1.253731,0.7,1.731343,0.96,2.014925,1.16,2.298507,0,0.0,0.0,0.0,0.0,0.0,0.0,0.0,0.0,0.0,0.0,0.0,0.0,0.0,0.0,0.0,0.0,0.0,0.0,0.0,0.0,0.0,0.0,0.0,0.0,0.0,0.0,0.0,0.0,0.0,0.0,0.0,0.0,0.0,0.0,0.0,0.0,0.0,0.0,0.0,0.0,0.0,0.0,0.0,J,18.0
0.0,0.0,0.869565,0.016129,1.717391,0.435484,2.065217,0.983871,1.847826,1.435484,1.673913,1.0,2.173913,1.354839,1.891304,1.016129,1.630435,0.790323,1.369565,1.16129,1.804348,1.483871,1.478261,1.048387,1.195652,0.806452,1.043478,1.306452,1.456522,1.548387,1.152174,1.096774,0.826087,0.806452,0.673913,1.435484,1.130435,1.935484,1.391304,2.241935,1.630435,2.532258,0,0.0,0.0,0.0,0.0,0.0,0.0,0.0,0.0,0.0,0.0,0.0,0.0,0.0,0.0,0.0,0.0,0.0,0.0,0.0,0.0,0.0,0.0,0.0,0.0,0.0,0.0,0.0,0.0,0.0,0.0,0.0,0.0,0.0,0.0,0.0,0.0,0.0,0.0,0.0,0.0,0.0,0.0,0.0,J,18.0
0.0,0.0,0.840909,-0.081633,1.75,0.387755,2.181818,1.081633,1.909091,1.591837,1.840909,1.0,2.318182,1.326531,1.977273,0.959184,1.659091,0.714286,1.545455,1.265306,1.931818,1.571429,1.522727,1.081633,1.181818,0.795918,1.204545,1.489796,1.568182,1.77551,1.227273,1.22449,0.863636,0.877551,0.840909,1.714286,1.295455,2.244898,1.590909,2.571429,1.818182,2.897959,0,0.0,0.0,0.0,0.0,0.0,0.0,0.0,0.0,0.0,0.0,0.0,0.0,0.0,0.0,0.0,0.0,0.0,0.0,0.0,0.0,0.0,0.0,0.0,0.0,0.0,0.0,0.0,0.0,0.0,0.0,0.0,0.0,0.0,0.0,0.0,0.0,0.0,0.0,0.0,0.0,0.0,0.0,0.0,J,18.0
0.0,0.0,0.837209,-0.083333,1.767442,0.375,2.255814,1.020833,2.046512,1.541667,1.860465,1.0,2.372093,1.3125,2.0,0.958333,1.651163,0.729167,1.55814,1.270833,1.976744,1.5625,1.534884,1.104167,1.162791,0.8125,1.232558,1.5,1.604651,1.770833,1.209302,1.229167,0.837209,0.854167,0.860465,1.729167,1.372093,2.270833,1.674419,2.604167,1.976744,2.958333,0,0.0,0.0,0.0,0.0,0.0,0.0,0.0,0.0,0.0,0.0,0.0,0.0,0.0,0.0,0.0,0.0,0.0,0.0,0.0,0.0,0.0,0.0,0.0,0.0,0.0,0.0,0.0,0.0,0.0,0.0,0.0,0.0,0.0,0.0,0.0,0.0,0.0,0.0,0.0,0.0,0.0,0.0,0.0,J,18.0
0.0,0.0,0.790698,-0.159091,1.767442,0.386364,2.27907,1.113636,2.0,1.681818,1.883721,1.0,2.395349,1.363636,2.0,1.022727,1.651163,0.772727,1.581395,1.318182,1.953488,1.704545,1.534884,1.204545,1.186047,0.886364,1.232558,1.590909,1.581395,1.931818,1.186047,1.318182,0.837209,0.909091,0.883721,1.863636,1.395349,2.409091,1.72093,2.795455,2.0,3.159091,0,0.0,0.0,0.0,0.0,0.0,0.0,0.0,0.0,0.0,0.0,0.0,0.0,0.0,0.0,0.0,0.0,0.0,0.0,0.0,0.0,0.0,0.0,0.0,0.0,0.0,0.0,0.0,0.0,0.0,0.0,0.0,0.0,0.0,0.0,0.0,0.0,0.0,0.0,0.0,0.0,0.0,0.0,0.0,J,18.0
0.0,0.0,0.833333,-0.181818,1.857143,0.386364,2.404762,1.136364,2.142857,1.704545,1.97619,1.0,2.5,1.363636,2.071429,1.022727,1.714286,0.818182,1.666667,1.340909,2.071429,1.727273,1.595238,1.204545,1.238095,0.909091,1.333333,1.613636,1.690476,1.977273,1.285714,1.363636,0.928571,0.954545,0.97619,1.909091,1.5,2.454545,1.833333,2.818182,2.119048,3.204545,0,0.0,0.0,0.0,0.0,0.0,0.0,0.0,0.0,0.0,0.0,0.0,0.0,0.0,0.0,0.0,0.0,0.0,0.0,0.0,0.0,0.0,0.0,0.0,0.0,0.0,0.0,0.0,0.0,0.0,0.0,0.0,0.0,0.0,0.0,0.0,0.0,0.0,0.0,0.0,0.0,0.0,0.0,0.0,J,18.0
0.0,0.0,0.777778,-0.122449,1.755556,0.387755,2.244444,1.040816,2.0,1.591837,1.866667,1.0,2.355556,1.326531,1.955556,0.979592,1.644444,0.77551,1.555556,1.285714,1.955556,1.612245,1.511111,1.122449,1.222222,0.877551,1.222222,1.530612,1.577778,1.816327,1.155556,1.204082,0.822222,0.836735,0.866667,1.77551,1.377778,2.306122,1.688889,2.653061,1.977778,3.0,0,0.0,0.0,0.0,0.0,0.0,0.0,0.0,0.0,0.0,0.0,0.0,0.0,0.0,0.0,0.0,0.0,0.0,0.0,0.0,0.0,0.0,0.0,0.0,0.0,0.0,0.0,0.0,0.0,0.0,0.0,0.0,0.0,0.0,0.0,0.0,0.0,0.0,0.0,0.0,0.0,0.0,0.0,0.0,J,18.0
0.0,0.0,0.926829,-0.086207,1.95122,0.37931,2.512195,0.948276,2.195122,1.362069,1.95122,1.0,2.560976,1.310345,2.170732,0.948276,1.853659,0.741379,1.634146,1.206897,2.097561,1.465517,1.682927,1.0,1.414634,0.775862,1.292683,1.362069,1.707317,1.551724,1.317073,1.017241,0.95122,0.706897,0.95122,1.534483,1.487805,2.017241,1.829268,2.327586,2.121951,2.637931,0,0.0,0.0,0.0,0.0,0.0,0.0,0.0,0.0,0.0,0.0,0.0,0.0,0.0,0.0,0.0,0.0,0.0,0.0,0.0,0.0,0.0,0.0,0.0,0.0,0.0,0.0,0.0,0.0,0.0,0.0,0.0,0.0,0.0,0.0,0.0,0.0,0.0,0.0,0.0,0.0,0.0,0.0,0.0,J,18.0
0.0,0.0,1.363636,0.060976,2.545455,0.402439,3.212121,0.768293,2.818182,1.02439,2.030303,1.0,3.060606,1.121951,2.666667,0.804878,2.212121,0.682927,1.636364,1.097561,2.666667,1.158537,2.242424,0.780488,1.757576,0.658537,1.30303,1.146341,2.272727,1.146341,1.878788,0.743902,1.333333,0.573171,1.030303,1.170732,1.878788,1.54878,2.30303,1.780488,2.575758,2.02439,0,0.0,0.0,0.0,0.0,0.0,0.0,0.0,0.0,0.0,0.0,0.0,0.0,0.0,0.0,0.0,0.0,0.0,0.0,0.0,0.0,0.0,0.0,0.0,0.0,0.0,0.0,0.0,0.0,0.0,0.0,0.0,0.0,0.0,0.0,0.0,0.0,0.0,0.0,0.0,0.0,0.0,0.0,0.0,J,18.0
0.0,0.0,2.173913,0.12381,3.826087,0.380952,4.73913,0.628571,4.173913,0.780952,2.217391,1.0,4.26087,0.990476,3.826087,0.695238,3.130435,0.6,1.608696,1.038095,3.869565,0.952381,3.304348,0.628571,2.652174,0.533333,1.304348,0.980952,3.391304,0.885714,2.956522,0.580952,2.26087,0.466667,1.217391,0.885714,2.652174,1.161905,3.26087,1.371429,3.652174,1.542857,0,0.0,0.0,0.0,0.0,0.0,0.0,0.0,0.0,0.0,0.0,0.0,0.0,0.0,0.0,0.0,0.0,0.0,0.0,0.0,0.0,0.0,0.0,0.0,0.0,0.0,0.0,0.0,0.0,0.0,0.0,0.0,0.0,0.0,0.0,0.0,0.0,0.0,0.0,0.0,0.0,0.0,0.0,0.0,J,18.0
0.0,0.0,2.736842,0.113208,4.421053,0.367925,5.578947,0.556604,5.736842,0.707547,2.473684,1.0,4.947368,0.981132,4.684211,0.698113,4.0,0.59434,1.789474,0.990566,4.684211,0.896226,4.315789,0.575472,3.578947,0.509434,1.473684,0.877358,4.263158,0.801887,3.947368,0.518868,3.157895,0.433962,1.473684,0.707547,3.052632,0.990566,3.947368,1.188679,4.578947,1.40566,0,0.0,0.0,0.0,0.0,0.0,0.0,0.0,0.0,0.0,0.0,0.0,0.0,0.0,0.0,0.0,0.0,0.0,0.0,0.0,0.0,0.0,0.0,0.0,0.0,0.0,0.0,0.0,0.0,0.0,0.0,0.0,0.0,0.0,0.0,0.0,0.0,0.0,0.0,0.0,0.0,0.0,0.0,0.0,J,18.0
0.0,0.0,2.789474,0.119266,4.578947,0.376147,5.842105,0.568807,5.631579,0.66055,2.421053,1.0,5.0,0.954128,4.789474,0.669725,4.105263,0.568807,1.736842,0.972477,4.736842,0.853211,4.473684,0.559633,3.842105,0.495413,1.368421,0.816514,4.315789,0.733945,4.052632,0.46789,3.315789,0.394495,1.421053,0.614679,3.157895,0.834862,4.052632,1.027523,4.736842,1.229358,0,0.0,0.0,0.0,0.0,0.0,0.0,0.0,0.0,0.0,0.0,0.0,0.0,0.0,0.0,0.0,0.0,0.0,0.0,0.0,0.0,0.0,0.0,0.0,0.0,0.0,0.0,0.0,0.0,0.0,0.0,0.0,0.0,0.0,0.0,0.0,0.0,0.0,0.0,0.0,0.0,0.0,0.0,0.0,J,18.0
0.0,0.0,2.190476,0.147826,3.571429,0.373913,4.619048,0.53913,5.238095,0.626087,1.619048,1.0,4.238095,0.921739,4.238095,0.669565,3.666667,0.565217,0.857143,0.947826,4.047619,0.756522,3.761905,0.521739,3.095238,0.426087,0.571429,0.765217,3.619048,0.617391,3.047619,0.391304,2.190476,0.313043,0.619048,0.504348,2.428571,0.704348,3.52381,0.852174,4.47619,1.008696,0,0.0,0.0,0.0,0.0,0.0,0.0,0.0,0.0,0.0,0.0,0.0,0.0,0.0,0.0,0.0,0.0,0.0,0.0,0.0,0.0,0.0,0.0,0.0,0.0,0.0,0.0,0.0,0.0,0.0,0.0,0.0,0.0,0.0,0.0,0.0,0.0,0.0,0.0,0.0,0.0,0.0,0.0,0.0,J,18.0
0.0,0.0,0.769231,0.116071,1.538462,0.321429,2.128205,0.517857,2.435897,0.696429,0.717949,1.0,1.974359,0.883929,1.871795,0.651786,1.512821,0.5625,0.076923,0.964286,1.897436,0.705357,1.615385,0.464286,1.25641,0.375,-0.179487,0.8125,1.641026,0.5625,1.153846,0.303571,0.666667,0.205357,-0.282051,0.553571,0.846154,0.651786,1.435897,0.767857,2.076923,0.919643,0,0.0,0.0,0.0,0.0,0.0,0.0,0.0,0.0,0.0,0.0,0.0,0.0,0.0,0.0,0.0,0.0,0.0,0.0,0.0,0.0,0.0,0.0,0.0,0.0,0.0,0.0,0.0,0.0,0.0,0.0,0.0,0.0,0.0,0.0,0.0,0.0,0.0,0.0,0.0,0.0,0.0,0.0,0.0,J,18.0
0.0,0.0,3.2,0.174312,5.866667,0.40367,8.066667,0.504587,8.4,0.486239,3.266667,1.0,7.4,0.862385,6.866667,0.614679,5.6,0.577982,2.333333,0.816514,7.133333,0.633028,6.333333,0.431193,5.333333,0.412844,2.066667,0.559633,6.8,0.440367,6.0,0.284404,4.8,0.275229,2.266667,0.275229,5.8,0.321101,6.866667,0.412844,7.733333,0.550459,0,0.0,0.0,0.0,0.0,0.0,0.0,0.0,0.0,0.0,0.0,0.0,0.0,0.0,0.0,0.0,0.0,0.0,0.0,0.0,0.0,0.0,0.0,0.0,0.0,0.0,0.0,0.0,0.0,0.0,0.0,0.0,0.0,0.0,0.0,0.0,0.0,0.0,0.0,0.0,0.0,0.0,0.0,0.0,J,18.0
0.0,0.0,3.857143,0.404255,10.142857,0.680851,16.571429,0.712766,19.0,0.56383,6.714286,1.0,16.142857,0.968085,16.0,0.723404,14.0,0.648936,6.285714,0.723404,16.285714,0.680851,16.0,0.478723,13.857143,0.414894,6.714286,0.404255,16.0,0.43617,16.571429,0.329787,15.285714,0.297872,7.714286,0.095745,14.285714,0.223404,17.714286,0.297872,20.285714,0.393617,0,0.0,0.0,0.0,0.0,0.0,0.0,0.0,0.0,0.0,0.0,0.0,0.0,0.0,0.0,0.0,0.0,0.0,0.0,0.0,0.0,0.0,0.0,0.0,0.0,0.0,0.0,0.0,0.0,0.0,0.0,0.0,0.0,0.0,0.0,0.0,0.0,0.0,0.0,0.0,0.0,0.0,0.0,0.0,J,18.0
0.0,0.0,3.222222,0.4,8.333333,0.666667,13.444444,0.733333,14.111111,0.555556,5.333333,1.0,12.777778,0.933333,12.222222,0.677778,10.333333,0.644444,5.111111,0.722222,12.777778,0.633333,11.888889,0.411111,9.888889,0.388889,5.555556,0.4,12.666667,0.377778,11.888889,0.2,10.111111,0.177778,6.333333,0.077778,11.333333,0.111111,14.222222,0.111111,16.444444,0.133333,0,0.0,0.0,0.0,0.0,0.0,0.0,0.0,0.0,0.0,0.0,0.0,0.0,0.0,0.0,0.0,0.0,0.0,0.0,0.0,0.0,0.0,0.0,0.0,0.0,0.0,0.0,0.0,0.0,0.0,0.0,0.0,0.0,0.0,0.0,0.0,0.0,0.0,0.0,0.0,0.0,0.0,0.0,0.0,J,18.0
0.0,0.0,1.333333,0.430233,3.777778,0.72093,6.5,0.744186,7.444444,0.55814,2.611111,1.0,6.333333,1.0,6.055556,0.767442,5.055556,0.697674,2.833333,0.686047,6.5,0.662791,6.055556,0.465116,5.111111,0.418605,3.166667,0.348837,6.666667,0.348837,6.111111,0.232558,5.111111,0.22093,3.611111,0.023256,6.222222,-0.011628,7.611111,-0.104651,8.722222,-0.174419,0,0.0,0.0,0.0,0.0,0.0,0.0,0.0,0.0,0.0,0.0,0.0,0.0,0.0,0.0,0.0,0.0,0.0,0.0,0.0,0.0,0.0,0.0,0.0,0.0,0.0,0.0,0.0,0.0,0.0,0.0,0.0,0.0,0.0,0.0,0.0,0.0,0.0,0.0,0.0,0.0,0.0,0.0,0.0,J,18.0
0.0,0.0,1.857143,0.435294,5.214286,0.694118,8.642857,0.705882,9.714286,0.529412,3.928571,1.0,8.857143,0.976471,8.071429,0.752941,6.571429,0.705882,4.071429,0.682353,8.857143,0.647059,8.071429,0.458824,6.785714,0.411765,4.5,0.329412,9.0,0.317647,8.071429,0.211765,6.642857,0.211765,4.928571,0.0,8.642857,-0.058824,10.642857,-0.188235,12.142857,-0.270588,0,0.0,0.0,0.0,0.0,0.0,0.0,0.0,0.0,0.0,0.0,0.0,0.0,0.0,0.0,0.0,0.0,0.0,0.0,0.0,0.0,0.0,0.0,0.0,0.0,0.0,0.0,0.0,0.0,0.0,0.0,0.0,0.0,0.0,0.0,0.0,0.0,0.0,0.0,0.0,0.0,0.0,0.0,0.0,J,18.0
0.0,0.0,1.5625,0.457831,4.4375,0.73494,7.375,0.759036,8.75,0.590361,3.4375,1.0,7.6875,1.024096,7.0625,0.795181,5.8125,0.73494,3.6875,0.686747,7.9375,0.686747,7.25,0.481928,6.0625,0.445783,4.0625,0.325301,8.125,0.337349,7.3125,0.228916,6.0,0.240964,4.4375,-0.012048,7.6875,-0.060241,9.5,-0.192771,10.9375,-0.26506,0,0.0,0.0,0.0,0.0,0.0,0.0,0.0,0.0,0.0,0.0,0.0,0.0,0.0,0.0,0.0,0.0,0.0,0.0,0.0,0.0,0.0,0.0,0.0,0.0,0.0,0.0,0.0,0.0,0.0,0.0,0.0,0.0,0.0,0.0,0.0,0.0,0.0,0.0,0.0,0.0,0.0,0.0,0.0,J,18.0
0.0,0.0,1.235294,0.5,3.764706,0.820513,6.411765,0.858974,8.0,0.717949,3.588235,1.0,7.411765,1.051282,6.764706,0.871795,5.705882,0.794872,3.882353,0.653846,7.647059,0.75641,7.0,0.615385,5.941176,0.551282,4.235294,0.294872,7.764706,0.435897,7.117647,0.371795,6.0,0.371795,4.588235,-0.012821,7.588235,-0.064103,9.352941,-0.179487,10.764706,-0.25641,0,0.0,0.0,0.0,0.0,0.0,0.0,0.0,0.0,0.0,0.0,0.0,0.0,0.0,0.0,0.0,0.0,0.0,0.0,0.0,0.0,0.0,0.0,0.0,0.0,0.0,0.0,0.0,0.0,0.0,0.0,0.0,0.0,0.0,0.0,0.0,0.0,0.0,0.0,0.0,0.0,0.0,0.0,0.0,J,18.0
0.0,0.0,0.388889,0.55,2.055556,0.933333,4.055556,1.0,5.055556,0.816667,1.277778,1.0,4.444444,1.116667,4.111111,0.933333,3.166667,0.85,1.555556,0.55,4.833333,0.7,4.277778,0.566667,3.222222,0.483333,1.944444,0.133333,4.944444,0.3,4.388889,0.283333,3.388889,0.266667,2.277778,-0.216667,4.444444,-0.233333,5.611111,-0.283333,6.444444,-0.3,-2.611111111111111,0.2333333333333333,0.0,0.0,1.222222,0.525641,3.611111,0.846154,6.055556,0.871795,7.611111,0.717949,3.722222,1.0,7.277778,1.051282,6.722222,0.858974,5.833333,0.794872,4.055556,0.628205,7.5,0.717949,6.888889,0.564103,5.944444,0.5,4.444444,0.269231,7.5,0.384615,6.944444,0.294872,5.944444,0.25641,4.722222,-0.025641,7.555556,-0.038462,9.222222,-0.128205,10.611111,-0.179487,J,18.0
0.0,0.0,0.9,0.565789,2.9,0.855263,4.85,0.828947,6.05,0.605263,3.4,1.0,6.65,1.065789,6.0,0.894737,5.15,0.815789,3.85,0.618421,6.8,0.723684,6.1,0.605263,5.25,0.539474,4.15,0.25,6.85,0.394737,6.15,0.342105,5.25,0.315789,4.4,-0.039474,6.85,-0.065789,8.3,-0.131579,9.55,-0.171053,0,0.0,0.0,0.0,0.0,0.0,0.0,0.0,0.0,0.0,0.0,0.0,0.0,0.0,0.0,0.0,0.0,0.0,0.0,0.0,0.0,0.0,0.0,0.0,0.0,0.0,0.0,0.0,0.0,0.0,0.0,0.0,0.0,0.0,0.0,0.0,0.0,0.0,0.0,0.0,0.0,0.0,0.0,0.0,J,18.0
0.0,0.0,0.857143,0.611111,2.714286,0.916667,4.571429,0.875,5.761905,0.638889,3.190476,1.0,6.095238,1.097222,5.47619,0.958333,4.714286,0.888889,3.666667,0.597222,6.333333,0.75,5.571429,0.666667,4.857143,0.583333,3.952381,0.222222,6.428571,0.402778,5.761905,0.388889,4.904762,0.361111,4.190476,-0.055556,6.47619,-0.097222,7.809524,-0.166667,9.0,-0.222222,0,0.0,0.0,0.0,0.0,0.0,0.0,0.0,0.0,0.0,0.0,0.0,0.0,0.0,0.0,0.0,0.0,0.0,0.0,0.0,0.0,0.0,0.0,0.0,0.0,0.0,0.0,0.0,0.0,0.0,0.0,0.0,0.0,0.0,0.0,0.0,0.0,0.0,0.0,0.0,0.0,0.0,0.0,0.0,J,18.0
0.0,0.0,0.85,0.611111,2.8,0.902778,4.6,0.847222,5.75,0.597222,3.4,1.0,6.4,1.083333,5.7,0.972222,4.85,0.902778,3.9,0.583333,6.55,0.75,5.7,0.680556,4.95,0.611111,4.2,0.208333,6.7,0.388889,6.0,0.416667,5.1,0.388889,4.4,-0.055556,6.75,-0.097222,8.15,-0.166667,9.35,-0.208333,0,0.0,0.0,0.0,0.0,0.0,0.0,0.0,0.0,0.0,0.0,0.0,0.0,0.0,0.0,0.0,0.0,0.0,0.0,0.0,0.0,0.0,0.0,0.0,0.0,0.0,0.0,0.0,0.0,0.0,0.0,0.0,0.0,0.0,0.0,0.0,0.0,0.0,0.0,0.0,0.0,0.0,0.0,0.0,J,18.0
0.0,0.0,0.473684,0.641509,2.157895,1.09434,4.052632,1.09434,5.157895,0.773585,1.842105,1.0,4.736842,1.188679,4.315789,1.018868,3.421053,0.943396,2.210526,0.509434,5.052632,0.716981,4.421053,0.603774,3.526316,0.528302,2.578947,0.037736,5.157895,0.283019,4.526316,0.283019,3.526316,0.245283,2.842105,-0.339623,5.052632,-0.320755,6.157895,-0.396226,6.842105,-0.45283,-1.8421052631578947,0.2830188679245283,0.0,0.0,0.85,0.619718,2.8,0.915493,4.65,0.84507,5.75,0.591549,3.4,1.0,6.3,1.098592,5.65,0.985915,4.85,0.915493,3.85,0.577465,6.45,0.746479,5.65,0.690141,4.9,0.619718,4.2,0.211268,6.65,0.408451,5.95,0.422535,5.05,0.394366,4.4,-0.056338,6.7,-0.098592,8.1,-0.15493,9.3,-0.211268,J,18.0
0.0,0.0,1.0,0.625,3.166667,0.902778,5.166667,0.847222,6.444444,0.611111,3.833333,1.0,7.055556,1.083333,6.388889,0.972222,5.555556,0.902778,4.277778,0.597222,7.222222,0.75,6.444444,0.680556,5.611111,0.611111,4.611111,0.222222,7.388889,0.402778,6.666667,0.416667,5.722222,0.402778,4.833333,-0.055556,7.444444,-0.097222,9.0,-0.152778,10.333333,-0.194444,0,0.0,0.0,0.0,0.0,0.0,0.0,0.0,0.0,0.0,0.0,0.0,0.0,0.0,0.0,0.0,0.0,0.0,0.0,0.0,0.0,0.0,0.0,0.0,0.0,0.0,0.0,0.0,0.0,0.0,0.0,0.0,0.0,0.0,0.0,0.0,0.0,0.0,0.0,0.0,0.0,0.0,0.0,0.0,J,18.0
0.0,0.0,0.847826,-0.014286,1.673913,0.4,2.021739,0.9,1.717391,1.242857,1.369565,1.0,1.913043,1.3,1.695652,0.942857,1.434783,0.771429,1.043478,1.128571,1.5,1.342857,1.23913,0.9,0.956522,0.742857,0.717391,1.2,1.217391,1.342857,0.978261,0.885714,0.652174,0.685714,0.369565,1.242857,0.934783,1.657143,1.347826,1.9,1.630435,2.128571,0,0.0,0.0,0.0,0.0,0.0,0.0,0.0,0.0,0.0,0.0,0.0,0.0,0.0,0.0,0.0,0.0,0.0,0.0,0.0,0.0,0.0,0.0,0.0,0.0,0.0,0.0,0.0,0.0,0.0,0.0,0.0,0.0,0.0,0.0,0.0,0.0,0.0,0.0,0.0,0.0,0.0,0.0,0.0,J,19.0
0.0,0.0,0.877551,-0.05,1.795918,0.366667,2.22449,0.966667,1.918367,1.45,1.755102,1.0,2.306122,1.266667,1.959184,0.9,1.653061,0.75,1.469388,1.233333,1.918367,1.433333,1.489796,0.966667,1.204082,0.833333,1.122449,1.4,1.530612,1.516667,1.102041,1.033333,0.714286,0.833333,0.755102,1.583333,1.306122,2.033333,1.673469,2.3,1.979592,2.583333,0,0.0,0.0,0.0,0.0,0.0,0.0,0.0,0.0,0.0,0.0,0.0,0.0,0.0,0.0,0.0,0.0,0.0,0.0,0.0,0.0,0.0,0.0,0.0,0.0,0.0,0.0,0.0,0.0,0.0,0.0,0.0,0.0,0.0,0.0,0.0,0.0,0.0,0.0,0.0,0.0,0.0,0.0,0.0,J,19.0
0.0,0.0,0.914894,-0.087719,1.914894,0.350877,2.361702,1.0,2.021277,1.473684,1.87234,1.0,2.446809,1.263158,2.06383,0.894737,1.723404,0.754386,1.574468,1.245614,2.021277,1.438596,1.574468,0.947368,1.276596,0.824561,1.234043,1.438596,1.638298,1.526316,1.191489,1.017544,0.787234,0.824561,0.87234,1.631579,1.446809,2.105263,1.808511,2.368421,2.12766,2.666667,0,0.0,0.0,0.0,0.0,0.0,0.0,0.0,0.0,0.0,0.0,0.0,0.0,0.0,0.0,0.0,0.0,0.0,0.0,0.0,0.0,0.0,0.0,0.0,0.0,0.0,0.0,0.0,0.0,0.0,0.0,0.0,0.0,0.0,0.0,0.0,0.0,0.0,0.0,0.0,0.0,0.0,0.0,0.0,J,19.0
0.0,0.0,0.909091,-0.109091,1.954545,0.327273,2.477273,0.963636,2.159091,1.454545,1.954545,1.0,2.568182,1.254545,2.159091,0.909091,1.795455,0.781818,1.659091,1.254545,2.136364,1.454545,1.659091,1.0,1.386364,0.872727,1.318182,1.454545,1.75,1.581818,1.25,1.036364,0.840909,0.8,0.954545,1.654545,1.545455,2.127273,1.931818,2.4,2.272727,2.709091,0,0.0,0.0,0.0,0.0,0.0,0.0,0.0,0.0,0.0,0.0,0.0,0.0,0.0,0.0,0.0,0.0,0.0,0.0,0.0,0.0,0.0,0.0,0.0,0.0,0.0,0.0,0.0,0.0,0.0,0.0,0.0,0.0,0.0,0.0,0.0,0.0,0.0,0.0,0.0,0.0,0.0,0.0,0.0,J,19.0
0.0,0.0,0.888889,-0.089286,1.933333,0.375,2.444444,0.964286,2.155556,1.464286,1.955556,1.0,2.577778,1.267857,2.155556,0.910714,1.8,0.767857,1.644444,1.25,2.133333,1.482143,1.688889,1.017857,1.444444,0.892857,1.311111,1.446429,1.755556,1.571429,1.266667,1.035714,0.866667,0.803571,0.955556,1.642857,1.555556,2.089286,1.933333,2.357143,2.288889,2.678571,0,0.0,0.0,0.0,0.0,0.0,0.0,0.0,0.0,0.0,0.0,0.0,0.0,0.0,0.0,0.0,0.0,0.0,0.0,0.0,0.0,0.0,0.0,0.0,0.0,0.0,0.0,0.0,0.0,0.0,0.0,0.0,0.0,0.0,0.0,0.0,0.0,0.0,0.0,0.0,0.0,0.0,0.0,0.0,J,19.0
0.0,0.0,0.930233,-0.109091,2.046512,0.327273,2.604651,0.945455,2.325581,1.454545,2.069767,1.0,2.72093,1.236364,2.255814,0.872727,1.930233,0.781818,1.767442,1.254545,2.255814,1.454545,1.744186,0.981818,1.488372,0.909091,1.418605,1.454545,1.883721,1.581818,1.348837,1.018182,0.930233,0.836364,1.069767,1.672727,1.697674,2.090909,2.069767,2.363636,2.418605,2.672727,0,0.0,0.0,0.0,0.0,0.0,0.0,0.0,0.0,0.0,0.0,0.0,0.0,0.0,0.0,0.0,0.0,0.0,0.0,0.0,0.0,0.0,0.0,0.0,0.0,0.0,0.0,0.0,0.0,0.0,0.0,0.0,0.0,0.0,0.0,0.0,0.0,0.0,0.0,0.0,0.0,0.0,0.0,0.0,J,19.0
0.0,0.0,0.954545,-0.068966,1.977273,0.362069,2.522727,0.948276,2.25,1.448276,1.954545,1.0,2.590909,1.275862,2.181818,0.896552,1.840909,0.758621,1.659091,1.224138,2.159091,1.465517,1.704545,0.982759,1.454545,0.87931,1.318182,1.413793,1.795455,1.551724,1.295455,1.0,0.886364,0.793103,0.954545,1.62069,1.568182,2.086207,1.954545,2.362069,2.272727,2.689655,0,0.0,0.0,0.0,0.0,0.0,0.0,0.0,0.0,0.0,0.0,0.0,0.0,0.0,0.0,0.0,0.0,0.0,0.0,0.0,0.0,0.0,0.0,0.0,0.0,0.0,0.0,0.0,0.0,0.0,0.0,0.0,0.0,0.0,0.0,0.0,0.0,0.0,0.0,0.0,0.0,0.0,0.0,0.0,J,19.0
0.0,0.0,1.785714,0.10101,3.285714,0.393939,4.071429,0.707071,3.642857,0.939394,2.285714,1.0,3.857143,1.040404,3.321429,0.727273,2.678571,0.676768,1.785714,1.090909,3.357143,1.0,2.785714,0.646465,2.214286,0.636364,1.428571,1.080808,2.928571,0.959596,2.357143,0.626263,1.678571,0.565657,1.285714,1.060606,2.535714,1.313131,3.0,1.474747,3.25,1.676768,0,0.0,0.0,0.0,0.0,0.0,0.0,0.0,0.0,0.0,0.0,0.0,0.0,0.0,0.0,0.0,0.0,0.0,0.0,0.0,0.0,0.0,0.0,0.0,0.0,0.0,0.0,0.0,0.0,0.0,0.0,0.0,0.0,0.0,0.0,0.0,0.0,0.0,0.0,0.0,0.0,0.0,0.0,0.0,J,19.0
0.0,0.0,2.25,0.122807,3.75,0.377193,4.708333,0.587719,4.458333,0.754386,2.25,1.0,4.291667,0.964912,3.916667,0.666667,3.291667,0.587719,1.666667,1.008772,3.916667,0.894737,3.541667,0.578947,2.958333,0.535088,1.333333,0.921053,3.5,0.824561,3.166667,0.526316,2.458333,0.447368,1.25,0.780702,2.708333,1.04386,3.375,1.245614,3.833333,1.45614,0,0.0,0.0,0.0,0.0,0.0,0.0,0.0,0.0,0.0,0.0,0.0,0.0,0.0,0.0,0.0,0.0,0.0,0.0,0.0,0.0,0.0,0.0,0.0,0.0,0.0,0.0,0.0,0.0,0.0,0.0,0.0,0.0,0.0,0.0,0.0,0.0,0.0,0.0,0.0,0.0,0.0,0.0,0.0,J,19.0
0.0,0.0,3.111111,0.13913,5.0,0.408696,6.333333,0.617391,5.888889,0.765217,2.388889,1.0,5.277778,0.991304,5.166667,0.695652,4.388889,0.591304,1.666667,0.973913,5.0,0.878261,4.722222,0.573913,3.944444,0.504348,1.333333,0.826087,4.555556,0.756522,4.277778,0.495652,3.388889,0.417391,1.388889,0.626087,3.277778,0.86087,4.222222,1.052174,4.944444,1.252174,0,0.0,0.0,0.0,0.0,0.0,0.0,0.0,0.0,0.0,0.0,0.0,0.0,0.0,0.0,0.0,0.0,0.0,0.0,0.0,0.0,0.0,0.0,0.0,0.0,0.0,0.0,0.0,0.0,0.0,0.0,0.0,0.0,0.0,0.0,0.0,0.0,0.0,0.0,0.0,0.0,0.0,0.0,0.0,J,19.0
0.0,0.0,1.133333,0.136752,2.166667,0.401709,2.833333,0.632479,2.6,0.811966,0.566667,1.0,2.3,1.0,2.333333,0.760684,1.966667,0.641026,-0.166667,0.948718,2.2,0.82906,1.966667,0.581197,1.5,0.478632,-0.4,0.794872,1.933333,0.675214,1.5,0.42735,0.866667,0.333333,-0.433333,0.555556,0.966667,0.735043,1.733333,0.880342,2.5,1.051282,0,0.0,0.0,0.0,0.0,0.0,0.0,0.0,0.0,0.0,0.0,0.0,0.0,0.0,0.0,0.0,0.0,0.0,0.0,0.0,0.0,0.0,0.0,0.0,0.0,0.0,0.0,0.0,0.0,0.0,0.0,0.0,0.0,0.0,0.0,0.0,0.0,0.0,0.0,0.0,0.0,0.0,0.0,0.0,J,19.0
0.0,0.0,1.25,0.152542,2.321429,0.372881,2.964286,0.584746,3.0,0.762712,0.392857,1.0,2.642857,0.889831,2.642857,0.644068,2.178571,0.559322,-0.392857,0.898305,2.571429,0.720339,2.25,0.474576,1.821429,0.364407,-0.642857,0.728814,2.214286,0.567797,1.678571,0.322034,1.107143,0.20339,-0.607143,0.483051,1.107143,0.550847,2.035714,0.661017,3.035714,0.788136,0,0.0,0.0,0.0,0.0,0.0,0.0,0.0,0.0,0.0,0.0,0.0,0.0,0.0,0.0,0.0,0.0,0.0,0.0,0.0,0.0,0.0,0.0,0.0,0.0,0.0,0.0,0.0,0.0,0.0,0.0,0.0,0.0,0.0,0.0,0.0,0.0,0.0,0.0,0.0,0.0,0.0,0.0,0.0,J,19.0
0.0,0.0,7.5,0.192982,13.0,0.421053,18.0,0.570175,18.833333,0.631579,4.5,1.0,15.666667,0.938596,15.166667,0.657895,12.5,0.570175,2.666667,0.833333,15.5,0.719298,14.166667,0.473684,11.833333,0.403509,2.333333,0.596491,15.0,0.526316,13.166667,0.324561,10.0,0.27193,3.5,0.333333,11.833333,0.412281,15.666667,0.526316,18.666667,0.675439,0,0.0,0.0,0.0,0.0,0.0,0.0,0.0,0.0,0.0,0.0,0.0,0.0,0.0,0.0,0.0,0.0,0.0,0.0,0.0,0.0,0.0,0.0,0.0,0.0,0.0,0.0,0.0,0.0,0.0,0.0,0.0,0.0,0.0,0.0,0.0,0.0,0.0,0.0,0.0,0.0,0.0,0.0,0.0,J,19.0
0.0,0.0,1.733333,0.390476,4.466667,0.714286,7.466667,0.828571,7.866667,0.685714,1.666667,1.0,6.333333,1.019048,6.333333,0.780952,5.2,0.704762,1.533333,0.742857,6.533333,0.742857,6.266667,0.533333,5.2,0.466667,1.933333,0.457143,6.666667,0.495238,6.333333,0.342857,5.2,0.295238,2.666667,0.161905,5.866667,0.257143,7.533333,0.304762,8.866667,0.361905,0,0.0,0.0,0.0,0.0,0.0,0.0,0.0,0.0,0.0,0.0,0.0,0.0,0.0,0.0,0.0,0.0,0.0,0.0,0.0,0.0,0.0,0.0,0.0,0.0,0.0,0.0,0.0,0.0,0.0,0.0,0.0,0.0,0.0,0.0,0.0,0.0,0.0,0.0,0.0,0.0,0.0,0.0,0.0,J,19.0
0.0,0.0,1.3,0.415842,3.55,0.732673,5.9,0.851485,6.05,0.663366,1.3,1.0,4.75,1.009901,4.75,0.772277,3.85,0.70297,1.3,0.732673,4.95,0.722772,4.75,0.514851,3.85,0.465347,1.7,0.435644,5.2,0.445545,4.9,0.29703,4.05,0.267327,2.3,0.138614,4.75,0.168317,6.1,0.168317,7.15,0.178218,0,0.0,0.0,0.0,0.0,0.0,0.0,0.0,0.0,0.0,0.0,0.0,0.0,0.0,0.0,0.0,0.0,0.0,0.0,0.0,0.0,0.0,0.0,0.0,0.0,0.0,0.0,0.0,0.0,0.0,0.0,0.0,0.0,0.0,0.0,0.0,0.0,0.0,0.0,0.0,0.0,0.0,0.0,0.0,J,19.0
0.0,0.0,0.785714,0.505495,2.5,0.879121,4.285714,0.956044,4.428571,0.659341,0.928571,1.0,3.392857,1.098901,3.25,0.857143,2.535714,0.769231,1.142857,0.692308,3.678571,0.769231,3.357143,0.56044,2.607143,0.494505,1.535714,0.373626,3.857143,0.450549,3.5,0.340659,2.714286,0.318681,1.928571,0.065934,3.785714,0.076923,4.714286,0.021978,5.392857,-0.010989,0,0.0,0.0,0.0,0.0,0.0,0.0,0.0,0.0,0.0,0.0,0.0,0.0,0.0,0.0,0.0,0.0,0.0,0.0,0.0,0.0,0.0,0.0,0.0,0.0,0.0,0.0,0.0,0.0,0.0,0.0,0.0,0.0,0.0,0.0,0.0,0.0,0.0,0.0,0.0,0.0,0.0,0.0,0.0,J,19.0
0.0,0.0,0.846154,0.5,2.730769,0.895349,4.692308,0.953488,5.038462,0.651163,1.192308,1.0,3.923077,1.127907,3.692308,0.872093,2.884615,0.77907,1.384615,0.686047,4.192308,0.767442,3.769231,0.569767,2.961538,0.511628,1.769231,0.348837,4.384615,0.44186,3.923077,0.348837,3.0,0.325581,2.192308,0.034884,4.230769,0.011628,5.307692,-0.069767,6.115385,-0.139535,0,0.0,0.0,0.0,0.0,0.0,0.0,0.0,0.0,0.0,0.0,0.0,0.0,0.0,0.0,0.0,0.0,0.0,0.0,0.0,0.0,0.0,0.0,0.0,0.0,0.0,0.0,0.0,0.0,0.0,0.0,0.0,0.0,0.0,0.0,0.0,0.0,0.0,0.0,0.0,0.0,0.0,0.0,0.0,J,19.0
0.0,0.0,0.59375,0.564103,2.125,1.0,3.71875,1.025641,4.03125,0.666667,0.9375,1.0,3.1875,1.141026,2.9375,0.923077,2.28125,0.807692,1.21875,0.615385,3.5,0.75641,3.125,0.589744,2.4375,0.512821,1.5625,0.25641,3.625,0.397436,3.3125,0.371795,2.625,0.371795,1.9375,-0.051282,3.65625,-0.102564,4.5625,-0.217949,5.21875,-0.294872,0,0.0,0.0,0.0,0.0,0.0,0.0,0.0,0.0,0.0,0.0,0.0,0.0,0.0,0.0,0.0,0.0,0.0,0.0,0.0,0.0,0.0,0.0,0.0,0.0,0.0,0.0,0.0,0.0,0.0,0.0,0.0,0.0,0.0,0.0,0.0,0.0,0.0,0.0,0.0,0.0,0.0,0.0,0.0,J,19.0
0.0,0.0,0.424242,0.640625,1.818182,1.140625,3.272727,1.171875,3.575758,0.703125,0.818182,1.0,2.939394,1.234375,2.545455,1.015625,1.909091,0.890625,1.121212,0.53125,3.181818,0.828125,2.787879,0.6875,2.181818,0.546875,1.484848,0.109375,3.393939,0.421875,3.060606,0.40625,2.393939,0.359375,1.818182,-0.1875,3.424242,-0.28125,4.272727,-0.40625,4.909091,-0.546875,0,0.0,0.0,0.0,0.0,0.0,0.0,0.0,0.0,0.0,0.0,0.0,0.0,0.0,0.0,0.0,0.0,0.0,0.0,0.0,0.0,0.0,0.0,0.0,0.0,0.0,0.0,0.0,0.0,0.0,0.0,0.0,0.0,0.0,0.0,0.0,0.0,0.0,0.0,0.0,0.0,0.0,0.0,0.0,J,19.0
0.0,0.0,0.289474,0.645161,1.5,1.145161,2.815789,1.177419,3.105263,0.758065,0.578947,1.0,2.447368,1.258065,2.131579,1.048387,1.578947,0.903226,0.921053,0.516129,2.710526,0.870968,2.368421,0.709677,1.842105,0.548387,1.263158,0.096774,2.921053,0.467742,2.631579,0.467742,2.052632,0.403226,1.578947,-0.193548,2.921053,-0.306452,3.657895,-0.483871,4.236842,-0.612903,0,0.0,0.0,0.0,0.0,0.0,0.0,0.0,0.0,0.0,0.0,0.0,0.0,0.0,0.0,0.0,0.0,0.0,0.0,0.0,0.0,0.0,0.0,0.0,0.0,0.0,0.0,0.0,0.0,0.0,0.0,0.0,0.0,0.0,0.0,0.0,0.0,0.0,0.0,0.0,0.0,0.0,0.0,0.0,J,19.0
0.0,0.0,0.375,0.661017,1.875,1.152542,3.4375,1.135593,3.84375,0.745763,0.90625,1.0,3.15625,1.254237,2.75,1.050847,2.09375,0.915254,1.25,0.474576,3.40625,0.830508,2.9375,0.694915,2.3125,0.542373,1.59375,0.033898,3.625,0.423729,3.25,0.440678,2.5625,0.40678,1.90625,-0.271186,3.5625,-0.372881,4.53125,-0.559322,5.28125,-0.694915,0,0.0,0.0,0.0,0.0,0.0,0.0,0.0,0.0,0.0,0.0,0.0,0.0,0.0,0.0,0.0,0.0,0.0,0.0,0.0,0.0,0.0,0.0,0.0,0.0,0.0,0.0,0.0,0.0,0.0,0.0,0.0,0.0,0.0,0.0,0.0,0.0,0.0,0.0,0.0,0.0,0.0,0.0,0.0,J,19.0
0.0,0.0,0.352941,0.677966,1.735294,1.186441,3.205882,1.20339,3.617647,0.864407,0.882353,1.0,3.0,1.288136,2.588235,1.118644,1.970588,0.983051,1.205882,0.474576,3.294118,0.881356,2.823529,0.779661,2.264706,0.627119,1.558824,0.033898,3.441176,0.457627,3.088235,0.508475,2.441176,0.440678,1.882353,-0.254237,3.441176,-0.338983,4.352941,-0.474576,5.088235,-0.627119,0,0.0,0.0,0.0,0.0,0.0,0.0,0.0,0.0,0.0,0.0,0.0,0.0,0.0,0.0,0.0,0.0,0.0,0.0,0.0,0.0,0.0,0.0,0.0,0.0,0.0,0.0,0.0,0.0,0.0,0.0,0.0,0.0,0.0,0.0,0.0,0.0,0.0,0.0,0.0,0.0,0.0,0.0,0.0,J,19.0
0.0,0.0,0.342857,0.655738,1.685714,1.131148,3.142857,1.163934,3.542857,0.868852,0.914286,1.0,2.914286,1.278689,2.542857,1.114754,1.971429,0.95082,1.257143,0.491803,3.171429,0.901639,2.742857,0.770492,2.2,0.622951,1.571429,0.065574,3.342857,0.508197,3.028571,0.52459,2.428571,0.47541,1.914286,-0.213115,3.428571,-0.262295,4.285714,-0.393443,4.971429,-0.52459,0,0.0,0.0,0.0,0.0,0.0,0.0,0.0,0.0,0.0,0.0,0.0,0.0,0.0,0.0,0.0,0.0,0.0,0.0,0.0,0.0,0.0,0.0,0.0,0.0,0.0,0.0,0.0,0.0,0.0,0.0,0.0,0.0,0.0,0.0,0.0,0.0,0.0,0.0,0.0,0.0,0.0,0.0,0.0,J,19.0
0.0,0.0,0.314286,0.655738,1.657143,1.131148,3.085714,1.163934,3.542857,0.868852,0.857143,1.0,2.914286,1.278689,2.542857,1.114754,1.942857,0.967213,1.2,0.491803,3.142857,0.901639,2.714286,0.786885,2.228571,0.639344,1.514286,0.065574,3.314286,0.508197,2.971429,0.540984,2.4,0.47541,1.857143,-0.213115,3.4,-0.245902,4.285714,-0.360656,5.0,-0.491803,0,0.0,0.0,0.0,0.0,0.0,0.0,0.0,0.0,0.0,0.0,0.0,0.0,0.0,0.0,0.0,0.0,0.0,0.0,0.0,0.0,0.0,0.0,0.0,0.0,0.0,0.0,0.0,0.0,0.0,0.0,0.0,0.0,0.0,0.0,0.0,0.0,0.0,0.0,0.0,0.0,0.0,0.0,0.0,J,19.0
0.0,0.0,0.382353,0.645161,1.794118,1.112903,3.264706,1.129032,3.705882,0.822581,0.911765,1.0,3.058824,1.274194,2.676471,1.080645,2.088235,0.935484,1.235294,0.5,3.323529,0.870968,2.882353,0.741935,2.323529,0.612903,1.588235,0.080645,3.5,0.483871,3.117647,0.483871,2.5,0.435484,1.911765,-0.209677,3.529412,-0.241935,4.470588,-0.354839,5.205882,-0.451613,0,0.0,0.0,0.0,0.0,0.0,0.0,0.0,0.0,0.0,0.0,0.0,0.0,0.0,0.0,0.0,0.0,0.0,0.0,0.0,0.0,0.0,0.0,0.0,0.0,0.0,0.0,0.0,0.0,0.0,0.0,0.0,0.0,0.0,0.0,0.0,0.0,0.0,0.0,0.0,0.0,0.0,0.0,0.0,J,19.0
0.0,0.0,0.27027,0.655738,1.540541,1.163934,2.891892,1.196721,3.27027,0.852459,0.702703,1.0,2.648649,1.311475,2.324324,1.131148,1.810811,0.983607,1.054054,0.491803,2.918919,0.918033,2.486486,0.786885,2.0,0.639344,1.378378,0.081967,3.108108,0.52459,2.783784,0.540984,2.216216,0.47541,1.702703,-0.196721,3.135135,-0.229508,4.0,-0.344262,4.675676,-0.459016,0,0.0,0.0,0.0,0.0,0.0,0.0,0.0,0.0,0.0,0.0,0.0,0.0,0.0,0.0,0.0,0.0,0.0,0.0,0.0,0.0,0.0,0.0,0.0,0.0,0.0,0.0,0.0,0.0,0.0,0.0,0.0,0.0,0.0,0.0,0.0,0.0,0.0,0.0,0.0,0.0,0.0,0.0,0.0,J,19.0
0.0,0.0,0.108696,0.724138,1.043478,1.293103,2.173913,1.413793,2.586957,1.137931,0.413043,1.0,2.0,1.448276,1.695652,1.293103,1.26087,1.103448,0.804348,0.448276,2.282609,1.068966,1.913043,0.982759,1.456522,0.758621,1.130435,0.034483,2.5,0.672414,2.26087,0.793103,1.826087,0.706897,1.413043,-0.189655,2.5,-0.189655,3.130435,-0.293103,3.652174,-0.413793,0,0.0,0.0,0.0,0.0,0.0,0.0,0.0,0.0,0.0,0.0,0.0,0.0,0.0,0.0,0.0,0.0,0.0,0.0,0.0,0.0,0.0,0.0,0.0,0.0,0.0,0.0,0.0,0.0,0.0,0.0,0.0,0.0,0.0,0.0,0.0,0.0,0.0,0.0,0.0,0.0,0.0,0.0,0.0,J,19.0
0.0,0.0,0.564516,-0.064516,1.16129,0.225806,1.467742,0.564516,1.580645,0.919355,1.16129,1.0,1.387097,1.241935,1.16129,0.854839,0.967742,0.548387,0.854839,1.145161,1.064516,1.322581,0.822581,0.822581,0.66129,0.467742,0.5,1.225806,0.66129,1.33871,0.5,0.822581,0.387097,0.451613,0.16129,1.306452,0.467742,1.806452,0.66129,2.112903,0.870968,2.387097,0,0.0,0.0,0.0,0.0,0.0,0.0,0.0,0.0,0.0,0.0,0.0,0.0,0.0,0.0,0.0,0.0,0.0,0.0,0.0,0.0,0.0,0.0,0.0,0.0,0.0,0.0,0.0,0.0,0.0,0.0,0.0,0.0,0.0,0.0,0.0,0.0,0.0,0.0,0.0,0.0,0.0,0.0,0.0,J,20.0
0.0,0.0,0.616667,0.0,1.233333,0.287879,1.566667,0.606061,1.65,0.984848,1.116667,1.0,1.383333,1.242424,1.216667,0.848485,1.016667,0.530303,0.8,1.106061,1.033333,1.272727,0.85,0.772727,0.683333,0.424242,0.466667,1.181818,0.666667,1.30303,0.55,0.818182,0.433333,0.469697,0.116667,1.272727,0.383333,1.742424,0.583333,2.045455,0.783333,2.318182,0,0.0,0.0,0.0,0.0,0.0,0.0,0.0,0.0,0.0,0.0,0.0,0.0,0.0,0.0,0.0,0.0,0.0,0.0,0.0,0.0,0.0,0.0,0.0,0.0,0.0,0.0,0.0,0.0,0.0,0.0,0.0,0.0,0.0,0.0,0.0,0.0,0.0,0.0,0.0,0.0,0.0,0.0,0.0,J,20.0
0.0,0.0,0.616667,0.041667,1.233333,0.347222,1.533333,0.652778,1.6,0.986111,1.066667,1.0,1.333333,1.222222,1.183333,0.833333,1.033333,0.555556,0.733333,1.083333,0.983333,1.208333,0.85,0.736111,0.716667,0.416667,0.4,1.125,0.616667,1.222222,0.566667,0.736111,0.5,0.402778,0.066667,1.166667,0.283333,1.625,0.466667,1.902778,0.633333,2.180556,0,0.0,0.0,0.0,0.0,0.0,0.0,0.0,0.0,0.0,0.0,0.0,0.0,0.0,0.0,0.0,0.0,0.0,0.0,0.0,0.0,0.0,0.0,0.0,0.0,0.0,0.0,0.0,0.0,0.0,0.0,0.0,0.0,0.0,0.0,0.0,0.0,0.0,0.0,0.0,0.0,0.0,0.0,0.0,J,20.0
0.0,0.0,0.590164,0.063291,1.180328,0.367089,1.459016,0.632911,1.508197,0.936709,0.967213,1.0,1.245902,1.126582,1.114754,0.772152,1.0,0.518987,0.622951,1.050633,0.901639,1.063291,0.770492,0.607595,0.672131,0.329114,0.278689,1.063291,0.540984,1.063291,0.540984,0.620253,0.508197,0.329114,-0.032787,1.037975,0.114754,1.468354,0.229508,1.746835,0.377049,2.0,0,0.0,0.0,0.0,0.0,0.0,0.0,0.0,0.0,0.0,0.0,0.0,0.0,0.0,0.0,0.0,0.0,0.0,0.0,0.0,0.0,0.0,0.0,0.0,0.0,0.0,0.0,0.0,0.0,0.0,0.0,0.0,0.0,0.0,0.0,0.0,0.0,0.0,0.0,0.0,0.0,0.0,0.0,0.0,J,20.0
0.0,0.0,0.644068,0.12766,1.220339,0.393617,1.542373,0.617021,1.542373,0.861702,0.813559,1.0,1.220339,1.010638,1.169492,0.680851,1.067797,0.489362,0.474576,1.021277,0.881356,0.914894,0.830508,0.5,0.745763,0.287234,0.118644,0.957447,0.508475,0.904255,0.610169,0.510638,0.610169,0.265957,-0.186441,0.861702,-0.067797,1.202128,0.050847,1.43617,0.186441,1.638298,0,0.0,0.0,0.0,0.0,0.0,0.0,0.0,0.0,0.0,0.0,0.0,0.0,0.0,0.0,0.0,0.0,0.0,0.0,0.0,0.0,0.0,0.0,0.0,0.0,0.0,0.0,0.0,0.0,0.0,0.0,0.0,0.0,0.0,0.0,0.0,0.0,0.0,0.0,0.0,0.0,0.0,0.0,0.0,J,20.0
0.0,0.0,0.736842,0.118812,1.280702,0.326733,1.666667,0.485149,1.754386,0.673267,0.789474,1.0,1.368421,0.881188,1.315789,0.564356,1.175439,0.405941,0.421053,0.990099,1.017544,0.762376,0.982456,0.386139,0.912281,0.217822,0.070175,0.861386,0.614035,0.673267,0.754386,0.29703,0.807018,0.079208,-0.210526,0.683168,-0.070175,0.930693,-0.035088,1.138614,0.035088,1.326733,0,0.0,0.0,0.0,0.0,0.0,0.0,0.0,0.0,0.0,0.0,0.0,0.0,0.0,0.0,0.0,0.0,0.0,0.0,0.0,0.0,0.0,0.0,0.0,0.0,0.0,0.0,0.0,0.0,0.0,0.0,0.0,0.0,0.0,0.0,0.0,0.0,0.0,0.0,0.0,0.0,0.0,0.0,0.0,J,20.0
0.0,0.0,0.823529,0.173469,1.333333,0.346939,1.803922,0.438776,2.156863,0.540816,0.823529,1.0,1.607843,0.755102,1.588235,0.438776,1.45098,0.285714,0.431373,0.94898,1.27451,0.632653,1.294118,0.27551,1.235294,0.091837,0.078431,0.765306,0.823529,0.510204,1.078431,0.153061,1.196078,-0.040816,-0.176471,0.530612,0.0,0.663265,0.0,0.795918,0.019608,0.928571,0,0.0,0.0,0.0,0.0,0.0,0.0,0.0,0.0,0.0,0.0,0.0,0.0,0.0,0.0,0.0,0.0,0.0,0.0,0.0,0.0,0.0,0.0,0.0,0.0,0.0,0.0,0.0,0.0,0.0,0.0,0.0,0.0,0.0,0.0,0.0,0.0,0.0,0.0,0.0,0.0,0.0,0.0,0.0,J,20.0
0.0,0.0,1.410256,0.243902,2.153846,0.402439,2.717949,0.47561,3.179487,0.487805,1.410256,1.0,2.717949,0.682927,2.564103,0.365854,2.25641,0.219512,1.0,0.841463,2.384615,0.5,2.230769,0.121951,2.025641,0.02439,0.615385,0.597561,1.897436,0.292683,1.948718,-0.012195,1.769231,-0.158537,0.410256,0.317073,1.025641,0.256098,1.358974,0.280488,1.564103,0.329268,0,0.0,0.0,0.0,0.0,0.0,0.0,0.0,0.0,0.0,0.0,0.0,0.0,0.0,0.0,0.0,0.0,0.0,0.0,0.0,0.0,0.0,0.0,0.0,0.0,0.0,0.0,0.0,0.0,0.0,0.0,0.0,0.0,0.0,0.0,0.0,0.0,0.0,0.0,0.0,0.0,0.0,0.0,0.0,J,20.0
0.0,0.0,1.030303,0.333333,2.242424,0.565217,3.30303,0.565217,4.060606,0.507246,1.787879,1.0,3.363636,0.594203,3.181818,0.362319,2.787879,0.376812,1.333333,0.73913,3.151515,0.275362,2.909091,0.057971,2.515152,0.086957,1.0,0.376812,2.727273,0.014493,2.636364,-0.15942,2.363636,-0.188406,0.787879,-0.028986,2.0,-0.217391,2.606061,-0.376812,3.030303,-0.478261,0,0.0,0.0,0.0,0.0,0.0,0.0,0.0,0.0,0.0,0.0,0.0,0.0,0.0,0.0,0.0,0.0,0.0,0.0,0.0,0.0,0.0,0.0,0.0,0.0,0.0,0.0,0.0,0.0,0.0,0.0,0.0,0.0,0.0,0.0,0.0,0.0,0.0,0.0,0.0,0.0,0.0,0.0,0.0,J,20.0
0.0,0.0,1.692308,0.424658,5.0,0.712329,8.230769,0.780822,10.307692,0.767123,4.384615,1.0,9.0,0.808219,8.384615,0.589041,7.307692,0.60274,3.846154,0.684932,8.769231,0.465753,7.769231,0.30137,6.384615,0.30137,3.538462,0.328767,8.307692,0.164384,7.307692,0.054795,5.923077,0.082192,3.384615,-0.041096,6.923077,-0.123288,8.923077,-0.219178,10.615385,-0.273973,0,0.0,0.0,0.0,0.0,0.0,0.0,0.0,0.0,0.0,0.0,0.0,0.0,0.0,0.0,0.0,0.0,0.0,0.0,0.0,0.0,0.0,0.0,0.0,0.0,0.0,0.0,0.0,0.0,0.0,0.0,0.0,0.0,0.0,0.0,0.0,0.0,0.0,0.0,0.0,0.0,0.0,0.0,0.0,J,20.0
0.0,0.0,0.55,0.423913,1.85,0.804348,3.45,0.956522,4.65,0.902174,1.8,1.0,4.85,1.086957,4.7,0.891304,4.0,0.826087,1.9,0.75,5.15,0.815217,4.7,0.630435,3.9,0.586957,2.3,0.467391,5.25,0.576087,4.8,0.434783,4.0,0.380435,2.8,0.195652,5.2,0.380435,6.55,0.456522,7.7,0.532609,0,0.0,0.0,0.0,0.0,0.0,0.0,0.0,0.0,0.0,0.0,0.0,0.0,0.0,0.0,0.0,0.0,0.0,0.0,0.0,0.0,0.0,0.0,0.0,0.0,0.0,0.0,0.0,0.0,0.0,0.0,0.0,0.0,0.0,0.0,0.0,0.0,0.0,0.0,0.0,0.0,0.0,0.0,0.0,J,20.0
0.0,0.0,0.1,0.41,0.5,0.8,1.2,0.97,1.8,0.94,0.45,1.0,1.925,1.21,1.925,1.02,1.625,0.93,0.7,0.78,2.225,0.97,2.125,0.78,1.775,0.7,1.075,0.55,2.425,0.76,2.3,0.62,1.925,0.55,1.45,0.34,2.525,0.62,3.125,0.74,3.6,0.87,0,0.0,0.0,0.0,0.0,0.0,0.0,0.0,0.0,0.0,0.0,0.0,0.0,0.0,0.0,0.0,0.0,0.0,0.0,0.0,0.0,0.0,0.0,0.0,0.0,0.0,0.0,0.0,0.0,0.0,0.0,0.0,0.0,0.0,0.0,0.0,0.0,0.0,0.0,0.0,0.0,0.0,0.0,0.0,J,20.0
0.0,0.0,-0.148148,0.383838,-0.111111,0.828283,0.203704,1.151515,0.574074,1.282828,0.055556,1.0,0.981481,1.272727,0.962963,1.10101,0.703704,0.989899,0.37037,0.818182,1.259259,1.090909,1.203704,0.919192,0.944444,0.818182,0.703704,0.636364,1.444444,0.919192,1.388889,0.777778,1.148148,0.686869,1.055556,0.454545,1.666667,0.808081,2.037037,0.989899,2.333333,1.161616,0,0.0,0.0,0.0,0.0,0.0,0.0,0.0,0.0,0.0,0.0,0.0,0.0,0.0,0.0,0.0,0.0,0.0,0.0,0.0,0.0,0.0,0.0,0.0,0.0,0.0,0.0,0.0,0.0,0.0,0.0,0.0,0.0,0.0,0.0,0.0,0.0,0.0,0.0,0.0,0.0,0.0,0.0,0.0,J,20.0
0.0,0.0,-0.258065,0.381443,-0.370968,0.804124,-0.225806,1.14433,0.096774,1.28866,-0.112903,1.0,0.596774,1.309278,0.564516,1.14433,0.33871,1.020619,0.241935,0.845361,0.887097,1.14433,0.83871,0.979381,0.629032,0.876289,0.580645,0.670103,1.112903,0.989691,1.080645,0.865979,0.870968,0.752577,0.887097,0.515464,1.354839,0.896907,1.645161,1.103093,1.870968,1.28866,0,0.0,0.0,0.0,0.0,0.0,0.0,0.0,0.0,0.0,0.0,0.0,0.0,0.0,0.0,0.0,0.0,0.0,0.0,0.0,0.0,0.0,0.0,0.0,0.0,0.0,0.0,0.0,0.0,0.0,0.0,0.0,0.0,0.0,0.0,0.0,0.0,0.0,0.0,0.0,0.0,0.0,0.0,0.0,J,20.0
0.0,0.0,-0.298507,0.373737,-0.462687,0.777778,-0.328358,1.121212,-0.059701,1.262626,-0.164179,1.0,0.477612,1.292929,0.447761,1.151515,0.238806,1.010101,0.19403,0.868687,0.746269,1.161616,0.701493,1.0,0.537313,0.878788,0.537313,0.717172,0.985075,1.020202,0.925373,0.888889,0.761194,0.767677,0.835821,0.565657,1.223881,0.949495,1.492537,1.161616,1.686567,1.343434,0,0.0,0.0,0.0,0.0,0.0,0.0,0.0,0.0,0.0,0.0,0.0,0.0,0.0,0.0,0.0,0.0,0.0,0.0,0.0,0.0,0.0,0.0,0.0,0.0,0.0,0.0,0.0,0.0,0.0,0.0,0.0,0.0,0.0,0.0,0.0,0.0,0.0,0.0,0.0,0.0,0.0,0.0,0.0,J,20.0
0.0,0.0,-0.410959,0.346939,-0.657534,0.734694,-0.561644,1.112245,-0.30137,1.306122,-0.30137,1.0,0.178082,1.387755,0.150685,1.22449,0.0,1.061224,0.068493,0.918367,0.452055,1.27551,0.424658,1.112245,0.315068,0.969388,0.410959,0.806122,0.684932,1.153061,0.657534,1.030612,0.547945,0.877551,0.69863,0.693878,0.958904,1.112245,1.150685,1.346939,1.287671,1.540816,0,0.0,0.0,0.0,0.0,0.0,0.0,0.0,0.0,0.0,0.0,0.0,0.0,0.0,0.0,0.0,0.0,0.0,0.0,0.0,0.0,0.0,0.0,0.0,0.0,0.0,0.0,0.0,0.0,0.0,0.0,0.0,0.0,0.0,0.0,0.0,0.0,0.0,0.0,0.0,0.0,0.0,0.0,0.0,J,20.0
0.0,0.0,-0.432432,0.326531,-0.702703,0.72449,-0.635135,1.122449,-0.351351,1.306122,-0.337838,1.0,0.054054,1.377551,0.027027,1.234694,-0.108108,1.071429,0.027027,0.928571,0.324324,1.285714,0.297297,1.142857,0.216216,0.989796,0.364865,0.826531,0.567568,1.173469,0.527027,1.061224,0.445946,0.908163,0.662162,0.72449,0.864865,1.142857,1.013514,1.387755,1.121622,1.591837,0,0.0,0.0,0.0,0.0,0.0,0.0,0.0,0.0,0.0,0.0,0.0,0.0,0.0,0.0,0.0,0.0,0.0,0.0,0.0,0.0,0.0,0.0,0.0,0.0,0.0,0.0,0.0,0.0,0.0,0.0,0.0,0.0,0.0,0.0,0.0,0.0,0.0,0.0,0.0,0.0,0.0,0.0,0.0,J,20.0
0.0,0.0,-0.479452,0.315789,-0.808219,0.684211,-0.767123,1.094737,-0.465753,1.284211,-0.369863,1.0,-0.054795,1.410526,-0.123288,1.263158,-0.219178,1.094737,0.013699,0.957895,0.232877,1.336842,0.164384,1.2,0.09589,1.031579,0.342466,0.873684,0.465753,1.242105,0.424658,1.126316,0.369863,0.968421,0.630137,0.778947,0.821918,1.221053,0.931507,1.473684,1.013699,1.673684,0,0.0,0.0,0.0,0.0,0.0,0.0,0.0,0.0,0.0,0.0,0.0,0.0,0.0,0.0,0.0,0.0,0.0,0.0,0.0,0.0,0.0,0.0,0.0,0.0,0.0,0.0,0.0,0.0,0.0,0.0,0.0,0.0,0.0,0.0,0.0,0.0,0.0,0.0,0.0,0.0,0.0,0.0,0.0,J,20.0
0.0,0.0,-0.479452,0.311828,-0.821918,0.688172,-0.808219,1.096774,-0.506849,1.290323,-0.383562,1.0,-0.09589,1.451613,-0.150685,1.290323,-0.232877,1.096774,0.0,0.956989,0.191781,1.365591,0.136986,1.215054,0.082192,1.053763,0.328767,0.870968,0.438356,1.268817,0.39726,1.150538,0.356164,0.978495,0.616438,0.774194,0.767123,1.247312,0.863014,1.516129,0.945205,1.741935,0,0.0,0.0,0.0,0.0,0.0,0.0,0.0,0.0,0.0,0.0,0.0,0.0,0.0,0.0,0.0,0.0,0.0,0.0,0.0,0.0,0.0,0.0,0.0,0.0,0.0,0.0,0.0,0.0,0.0,0.0,0.0,0.0,0.0,0.0,0.0,0.0,0.0,0.0,0.0,0.0,0.0,0.0,0.0,J,20.0
0.0,0.0,-0.493151,0.305263,-0.821918,0.684211,-0.794521,1.094737,-0.520548,1.294737,-0.383562,1.0,-0.09589,1.431579,-0.150685,1.273684,-0.232877,1.105263,0.0,0.947368,0.191781,1.347368,0.123288,1.210526,0.068493,1.042105,0.328767,0.873684,0.424658,1.252632,0.383562,1.136842,0.328767,0.978947,0.616438,0.778947,0.767123,1.231579,0.863014,1.505263,0.945205,1.726316,0,0.0,0.0,0.0,0.0,0.0,0.0,0.0,0.0,0.0,0.0,0.0,0.0,0.0,0.0,0.0,0.0,0.0,0.0,0.0,0.0,0.0,0.0,0.0,0.0,0.0,0.0,0.0,0.0,0.0,0.0,0.0,0.0,0.0,0.0,0.0,0.0,0.0,0.0,0.0,0.0,0.0,0.0,0.0,J,20.0
0.0,0.0,-0.459459,0.315789,-0.810811,0.684211,-0.783784,1.084211,-0.513514,1.294737,-0.391892,1.0,-0.081081,1.421053,-0.108108,1.263158,-0.202703,1.094737,-0.013514,0.957895,0.202703,1.336842,0.175676,1.189474,0.108108,1.021053,0.324324,0.873684,0.445946,1.252632,0.418919,1.126316,0.364865,0.968421,0.608108,0.778947,0.77027,1.231579,0.851351,1.494737,0.932432,1.715789,0,0.0,0.0,0.0,0.0,0.0,0.0,0.0,0.0,0.0,0.0,0.0,0.0,0.0,0.0,0.0,0.0,0.0,0.0,0.0,0.0,0.0,0.0,0.0,0.0,0.0,0.0,0.0,0.0,0.0,0.0,0.0,0.0,0.0,0.0,0.0,0.0,0.0,0.0,0.0,0.0,0.0,0.0,0.0,J,20.0
0.0,0.0,-0.486486,0.308511,-0.810811,0.670213,-0.783784,1.085106,-0.5,1.276596,-0.391892,1.0,-0.081081,1.414894,-0.121622,1.265957,-0.216216,1.095745,-0.013514,0.957447,0.202703,1.340426,0.162162,1.191489,0.108108,1.031915,0.324324,0.87234,0.432432,1.244681,0.405405,1.12766,0.351351,0.968085,0.608108,0.776596,0.756757,1.234043,0.837838,1.5,0.905405,1.712766,0,0.0,0.0,0.0,0.0,0.0,0.0,0.0,0.0,0.0,0.0,0.0,0.0,0.0,0.0,0.0,0.0,0.0,0.0,0.0,0.0,0.0,0.0,0.0,0.0,0.0,0.0,0.0,0.0,0.0,0.0,0.0,0.0,0.0,0.0,0.0,0.0,0.0,0.0,0.0,0.0,0.0,0.0,0.0,J,20.0
0.0,0.0,-0.479452,0.294737,-0.821918,0.673684,-0.780822,1.073684,-0.493151,1.273684,-0.383562,1.0,-0.068493,1.410526,-0.09589,1.263158,-0.191781,1.084211,-0.013699,0.957895,0.219178,1.326316,0.178082,1.178947,0.123288,1.010526,0.328767,0.873684,0.452055,1.231579,0.424658,1.105263,0.369863,0.947368,0.616438,0.789474,0.767123,1.221053,0.863014,1.473684,0.945205,1.684211,0,0.0,0.0,0.0,0.0,0.0,0.0,0.0,0.0,0.0,0.0,0.0,0.0,0.0,0.0,0.0,0.0,0.0,0.0,0.0,0.0,0.0,0.0,0.0,0.0,0.0,0.0,0.0,0.0,0.0,0.0,0.0,0.0,0.0,0.0,0.0,0.0,0.0,0.0,0.0,0.0,0.0,0.0,0.0,J,20.0
0.0,0.0,-0.459459,0.3125,-0.797297,0.677083,-0.77027,1.09375,-0.472973,1.270833,-0.378378,1.0,-0.054054,1.385417,-0.081081,1.239583,-0.175676,1.072917,0.0,0.947917,0.22973,1.302083,0.202703,1.15625,0.135135,0.989583,0.324324,0.864583,0.459459,1.208333,0.432432,1.083333,0.378378,0.927083,0.621622,0.78125,0.783784,1.208333,0.878378,1.458333,0.945946,1.677083,0,0.0,0.0,0.0,0.0,0.0,0.0,0.0,0.0,0.0,0.0,0.0,0.0,0.0,0.0,0.0,0.0,0.0,0.0,0.0,0.0,0.0,0.0,0.0,0.0,0.0,0.0,0.0,0.0,0.0,0.0,0.0,0.0,0.0,0.0,0.0,0.0,0.0,0.0,0.0,0.0,0.0,0.0,0.0,J,20.0
0.0,0.0,-0.479452,0.315789,-0.794521,0.684211,-0.753425,1.084211,-0.465753,1.284211,-0.369863,1.0,-0.041096,1.4,-0.082192,1.252632,-0.178082,1.084211,0.013699,0.947368,0.232877,1.315789,0.191781,1.168421,0.136986,1.010526,0.342466,0.863158,0.465753,1.210526,0.438356,1.094737,0.383562,0.936842,0.630137,0.768421,0.794521,1.210526,0.890411,1.463158,0.958904,1.684211,0,0.0,0.0,0.0,0.0,0.0,0.0,0.0,0.0,0.0,0.0,0.0,0.0,0.0,0.0,0.0,0.0,0.0,0.0,0.0,0.0,0.0,0.0,0.0,0.0,0.0,0.0,0.0,0.0,0.0,0.0,0.0,0.0,0.0,0.0,0.0,0.0,0.0,0.0,0.0,0.0,0.0,0.0,0.0,J,20.0
0.0,0.0,-0.479452,0.3125,-0.808219,0.677083,-0.767123,1.083333,-0.479452,1.28125,-0.39726,1.0,-0.054795,1.385417,-0.082192,1.239583,-0.191781,1.083333,-0.013699,0.947917,0.219178,1.3125,0.191781,1.166667,0.123288,1.010417,0.315068,0.864583,0.452055,1.208333,0.438356,1.09375,0.369863,0.9375,0.60274,0.78125,0.767123,1.208333,0.876712,1.458333,0.945205,1.666667,0,0.0,0.0,0.0,0.0,0.0,0.0,0.0,0.0,0.0,0.0,0.0,0.0,0.0,0.0,0.0,0.0,0.0,0.0,0.0,0.0,0.0,0.0,0.0,0.0,0.0,0.0,0.0,0.0,0.0,0.0,0.0,0.0,0.0,0.0,0.0,0.0,0.0,0.0,0.0,0.0,0.0,0.0,0.0,J,20.0
0.0,0.0,-0.465753,0.309278,-0.780822,0.680412,-0.739726,1.082474,-0.438356,1.268041,-0.356164,1.0,-0.013699,1.371134,-0.054795,1.226804,-0.164384,1.061856,0.027397,0.938144,0.260274,1.298969,0.219178,1.154639,0.150685,1.0,0.356164,0.85567,0.493151,1.195876,0.465753,1.072165,0.39726,0.927835,0.643836,0.762887,0.794521,1.185567,0.890411,1.43299,0.972603,1.639175,0,0.0,0.0,0.0,0.0,0.0,0.0,0.0,0.0,0.0,0.0,0.0,0.0,0.0,0.0,0.0,0.0,0.0,0.0,0.0,0.0,0.0,0.0,0.0,0.0,0.0,0.0,0.0,0.0,0.0,0.0,0.0,0.0,0.0,0.0,0.0,0.0,0.0,0.0,0.0,0.0,0.0,0.0,0.0,J,20.0
0.0,0.0,0.716981,-0.061538,1.471698,0.415385,1.735849,0.984615,1.45283,1.338462,1.471698,1.0,1.830189,1.415385,1.584906,1.030769,1.358491,0.815385,1.150943,1.153846,1.415094,1.446154,1.132075,0.969231,0.943396,0.723077,0.830189,1.246154,1.056604,1.476923,0.886792,0.984615,0.698113,0.676923,0.471698,1.353846,0.867925,1.815385,1.113208,2.123077,1.320755,2.446154,0,0.0,0.0,0.0,0.0,0.0,0.0,0.0,0.0,0.0,0.0,0.0,0.0,0.0,0.0,0.0,0.0,0.0,0.0,0.0,0.0,0.0,0.0,0.0,0.0,0.0,0.0,0.0,0.0,0.0,0.0,0.0,0.0,0.0,0.0,0.0,0.0,0.0,0.0,0.0,0.0,0.0,0.0,0.0,J,21.0
0.0,0.0,0.770833,-0.028986,1.645833,0.405797,2.020833,0.956522,1.6875,1.362319,1.604167,1.0,2.083333,1.391304,1.791667,1.028986,1.541667,0.811594,1.291667,1.144928,1.625,1.449275,1.333333,1.014493,1.125,0.768116,0.9375,1.246377,1.270833,1.478261,1.020833,0.971014,0.75,0.666667,0.604167,1.347826,1.020833,1.797101,1.270833,2.086957,1.5,2.376812,0,0.0,0.0,0.0,0.0,0.0,0.0,0.0,0.0,0.0,0.0,0.0,0.0,0.0,0.0,0.0,0.0,0.0,0.0,0.0,0.0,0.0,0.0,0.0,0.0,0.0,0.0,0.0,0.0,0.0,0.0,0.0,0.0,0.0,0.0,0.0,0.0,0.0,0.0,0.0,0.0,0.0,0.0,0.0,J,21.0
0.0,0.0,0.795918,-0.014286,1.612245,0.428571,1.979592,0.971429,1.653061,1.357143,1.591837,1.0,2.040816,1.385714,1.77551,1.028571,1.530612,0.814286,1.285714,1.142857,1.612245,1.442857,1.326531,1.014286,1.102041,0.757143,0.938776,1.257143,1.265306,1.471429,1.020408,1.0,0.755102,0.7,0.591837,1.357143,0.979592,1.785714,1.22449,2.071429,1.428571,2.371429,0,0.0,0.0,0.0,0.0,0.0,0.0,0.0,0.0,0.0,0.0,0.0,0.0,0.0,0.0,0.0,0.0,0.0,0.0,0.0,0.0,0.0,0.0,0.0,0.0,0.0,0.0,0.0,0.0,0.0,0.0,0.0,0.0,0.0,0.0,0.0,0.0,0.0,0.0,0.0,0.0,0.0,0.0,0.0,J,21.0
0.0,0.0,0.76,-0.028571,1.6,0.457143,1.96,1.014286,1.6,1.385714,1.56,1.0,1.96,1.4,1.68,1.057143,1.46,0.842857,1.22,1.142857,1.52,1.485714,1.26,1.042857,1.06,0.785714,0.88,1.257143,1.18,1.528571,1.0,1.042857,0.78,0.728571,0.56,1.357143,0.92,1.8,1.14,2.1,1.34,2.414286,0,0.0,0.0,0.0,0.0,0.0,0.0,0.0,0.0,0.0,0.0,0.0,0.0,0.0,0.0,0.0,0.0,0.0,0.0,0.0,0.0,0.0,0.0,0.0,0.0,0.0,0.0,0.0,0.0,0.0,0.0,0.0,0.0,0.0,0.0,0.0,0.0,0.0,0.0,0.0,0.0,0.0,0.0,0.0,J,21.0
0.0,0.0,0.78,-0.014493,1.6,0.463768,1.96,1.028986,1.62,1.405797,1.6,1.0,2.04,1.391304,1.74,1.043478,1.5,0.84058,1.28,1.15942,1.6,1.492754,1.32,1.057971,1.12,0.84058,0.94,1.275362,1.24,1.550725,1.0,1.043478,0.78,0.73913,0.6,1.376812,0.98,1.826087,1.2,2.130435,1.38,2.434783,0,0.0,0.0,0.0,0.0,0.0,0.0,0.0,0.0,0.0,0.0,0.0,0.0,0.0,0.0,0.0,0.0,0.0,0.0,0.0,0.0,0.0,0.0,0.0,0.0,0.0,0.0,0.0,0.0,0.0,0.0,0.0,0.0,0.0,0.0,0.0,0.0,0.0,0.0,0.0,0.0,0.0,0.0,0.0,J,21.0
0.0,0.0,0.816327,-0.028571,1.673469,0.457143,2.061224,1.014286,1.693878,1.385714,1.632653,1.0,2.081633,1.385714,1.77551,1.042857,1.55102,0.842857,1.306122,1.142857,1.632653,1.485714,1.346939,1.057143,1.142857,0.814286,0.959184,1.257143,1.285714,1.542857,1.061224,1.042857,0.816327,0.714286,0.632653,1.371429,1.020408,1.814286,1.265306,2.114286,1.44898,2.414286,0,0.0,0.0,0.0,0.0,0.0,0.0,0.0,0.0,0.0,0.0,0.0,0.0,0.0,0.0,0.0,0.0,0.0,0.0,0.0,0.0,0.0,0.0,0.0,0.0,0.0,0.0,0.0,0.0,0.0,0.0,0.0,0.0,0.0,0.0,0.0,0.0,0.0,0.0,0.0,0.0,0.0,0.0,0.0,J,21.0
0.0,0.0,0.869565,0.0,1.782609,0.425,2.26087,0.8875,1.869565,1.1875,1.630435,1.0,2.173913,1.325,1.913043,0.975,1.652174,0.775,1.304348,1.0875,1.76087,1.375,1.478261,0.9625,1.23913,0.7375,0.956522,1.1625,1.413043,1.325,1.152174,0.8625,0.847826,0.5875,0.630435,1.225,1.043478,1.6375,1.282609,1.9125,1.5,2.1875,0,0.0,0.0,0.0,0.0,0.0,0.0,0.0,0.0,0.0,0.0,0.0,0.0,0.0,0.0,0.0,0.0,0.0,0.0,0.0,0.0,0.0,0.0,0.0,0.0,0.0,0.0,0.0,0.0,0.0,0.0,0.0,0.0,0.0,0.0,0.0,0.0,0.0,0.0,0.0,0.0,0.0,0.0,0.0,J,21.0
0.0,0.0,1.814815,0.123894,3.111111,0.415929,3.851852,0.672566,3.333333,0.814159,1.62963,1.0,3.333333,1.079646,3.148148,0.761062,2.62963,0.637168,1.074074,1.0,2.962963,1.026549,2.740741,0.672566,2.259259,0.557522,0.740741,0.920354,2.592593,0.938053,2.444444,0.610619,1.962963,0.469027,0.62963,0.80531,1.740741,1.132743,2.222222,1.371681,2.555556,1.575221,0,0.0,0.0,0.0,0.0,0.0,0.0,0.0,0.0,0.0,0.0,0.0,0.0,0.0,0.0,0.0,0.0,0.0,0.0,0.0,0.0,0.0,0.0,0.0,0.0,0.0,0.0,0.0,0.0,0.0,0.0,0.0,0.0,0.0,0.0,0.0,0.0,0.0,0.0,0.0,0.0,0.0,0.0,0.0,J,21.0
0.0,0.0,2.5,0.13913,4.15,0.408696,5.3,0.634783,4.9,0.756522,1.9,1.0,4.35,1.034783,4.3,0.73913,3.7,0.608696,1.2,0.982609,4.1,0.965217,3.95,0.626087,3.35,0.513043,0.9,0.878261,3.75,0.843478,3.6,0.53913,2.9,0.426087,0.9,0.721739,2.4,1.0,3.15,1.226087,3.65,1.443478,0,0.0,0.0,0.0,0.0,0.0,0.0,0.0,0.0,0.0,0.0,0.0,0.0,0.0,0.0,0.0,0.0,0.0,0.0,0.0,0.0,0.0,0.0,0.0,0.0,0.0,0.0,0.0,0.0,0.0,0.0,0.0,0.0,0.0,0.0,0.0,0.0,0.0,0.0,0.0,0.0,0.0,0.0,0.0,J,21.0
0.0,0.0,4.583333,0.158333,7.333333,0.416667,9.333333,0.608333,8.75,0.7,3.083333,1.0,7.5,1.0,7.666667,0.708333,6.75,0.575,2.083333,0.958333,7.416667,0.908333,7.25,0.591667,6.25,0.475,1.75,0.816667,6.916667,0.783333,6.75,0.508333,5.5,0.408333,2.083333,0.625,4.75,0.858333,5.916667,1.05,6.833333,1.258333,0,0.0,0.0,0.0,0.0,0.0,0.0,0.0,0.0,0.0,0.0,0.0,0.0,0.0,0.0,0.0,0.0,0.0,0.0,0.0,0.0,0.0,0.0,0.0,0.0,0.0,0.0,0.0,0.0,0.0,0.0,0.0,0.0,0.0,0.0,0.0,0.0,0.0,0.0,0.0,0.0,0.0,0.0,0.0,J,21.0
0.0,0.0,2.611111,0.180328,4.166667,0.393443,5.555556,0.57377,6.111111,0.729508,1.388889,1.0,4.888889,0.92623,4.944444,0.680328,4.222222,0.590164,0.444444,0.942623,4.888889,0.762295,4.5,0.516393,3.666667,0.418033,0.222222,0.754098,4.388889,0.614754,3.611111,0.360656,2.444444,0.262295,0.388889,0.5,2.444444,0.713115,3.666667,0.885246,4.833333,1.081967,0,0.0,0.0,0.0,0.0,0.0,0.0,0.0,0.0,0.0,0.0,0.0,0.0,0.0,0.0,0.0,0.0,0.0,0.0,0.0,0.0,0.0,0.0,0.0,0.0,0.0,0.0,0.0,0.0,0.0,0.0,0.0,0.0,0.0,0.0,0.0,0.0,0.0,0.0,0.0,0.0,0.0,0.0,0.0,J,21.0
0.0,0.0,1.206897,0.157025,2.137931,0.330579,2.896552,0.520661,3.068966,0.68595,0.448276,1.0,2.62069,0.909091,2.62069,0.661157,2.206897,0.545455,-0.37931,0.900826,2.655172,0.727273,2.344828,0.46281,1.896552,0.338843,-0.586207,0.719008,2.344828,0.553719,1.689655,0.272727,1.034483,0.140496,-0.551724,0.446281,1.068966,0.561983,1.965517,0.68595,2.896552,0.842975,0,0.0,0.0,0.0,0.0,0.0,0.0,0.0,0.0,0.0,0.0,0.0,0.0,0.0,0.0,0.0,0.0,0.0,0.0,0.0,0.0,0.0,0.0,0.0,0.0,0.0,0.0,0.0,0.0,0.0,0.0,0.0,0.0,0.0,0.0,0.0,0.0,0.0,0.0,0.0,0.0,0.0,0.0,0.0,J,21.0
0.0,0.0,11.75,0.184874,20.75,0.411765,29.0,0.529412,31.75,0.546218,10.25,1.0,27.25,0.915966,26.25,0.655462,22.0,0.588235,7.75,0.840336,27.5,0.731092,25.0,0.487395,20.75,0.428571,7.75,0.621849,26.5,0.546218,23.5,0.336134,18.5,0.285714,9.25,0.369748,22.5,0.436975,27.0,0.504202,30.75,0.630252,0,0.0,0.0,0.0,0.0,0.0,0.0,0.0,0.0,0.0,0.0,0.0,0.0,0.0,0.0,0.0,0.0,0.0,0.0,0.0,0.0,0.0,0.0,0.0,0.0,0.0,0.0,0.0,0.0,0.0,0.0,0.0,0.0,0.0,0.0,0.0,0.0,0.0,0.0,0.0,0.0,0.0,0.0,0.0,J,21.0
0.0,0.0,3.625,0.351852,8.875,0.601852,14.875,0.62963,17.875,0.518519,5.75,1.0,14.75,0.981481,14.25,0.722222,12.0,0.675926,5.375,0.75,14.75,0.703704,13.875,0.5,11.625,0.472222,5.75,0.462963,14.625,0.472222,13.75,0.342593,11.25,0.324074,6.75,0.166667,13.125,0.296296,16.25,0.398148,18.5,0.518519,0,0.0,0.0,0.0,0.0,0.0,0.0,0.0,0.0,0.0,0.0,0.0,0.0,0.0,0.0,0.0,0.0,0.0,0.0,0.0,0.0,0.0,0.0,0.0,0.0,0.0,0.0,0.0,0.0,0.0,0.0,0.0,0.0,0.0,0.0,0.0,0.0,0.0,0.0,0.0,0.0,0.0,0.0,0.0,J,21.0
0.0,0.0,1.6875,0.413462,4.75,0.701923,8.0625,0.759615,8.9375,0.615385,3.1875,1.0,7.75,0.980769,7.4375,0.75,6.375,0.692308,3.25,0.721154,8.0,0.682692,7.4375,0.480769,6.1875,0.442308,3.6875,0.423077,8.0625,0.451923,7.5625,0.298077,6.3125,0.25,4.1875,0.125,7.4375,0.173077,9.25,0.173077,10.6875,0.192308,0,0.0,0.0,0.0,0.0,0.0,0.0,0.0,0.0,0.0,0.0,0.0,0.0,0.0,0.0,0.0,0.0,0.0,0.0,0.0,0.0,0.0,0.0,0.0,0.0,0.0,0.0,0.0,0.0,0.0,0.0,0.0,0.0,0.0,0.0,0.0,0.0,0.0,0.0,0.0,0.0,0.0,0.0,0.0,J,21.0
0.0,0.0,1.1,0.44,3.25,0.76,5.65,0.81,6.9,0.65,2.7,1.0,6.3,1.03,5.95,0.8,5.0,0.74,2.95,0.72,6.65,0.74,6.1,0.53,5.1,0.49,3.3,0.41,6.85,0.47,6.3,0.33,5.25,0.29,3.7,0.11,6.35,0.13,7.85,0.07,9.05,0.05,0,0.0,0.0,0.0,0.0,0.0,0.0,0.0,0.0,0.0,0.0,0.0,0.0,0.0,0.0,0.0,0.0,0.0,0.0,0.0,0.0,0.0,0.0,0.0,0.0,0.0,0.0,0.0,0.0,0.0,0.0,0.0,0.0,0.0,0.0,0.0,0.0,0.0,0.0,0.0,0.0,0.0,0.0,0.0,J,21.0
0.0,0.0,1.05,0.44,2.95,0.77,4.95,0.82,6.35,0.66,2.95,1.0,6.7,1.03,6.2,0.82,5.25,0.75,3.2,0.72,7.0,0.74,6.4,0.55,5.45,0.49,3.6,0.41,7.1,0.45,6.45,0.34,5.35,0.31,3.95,0.1,6.75,0.11,8.35,0.04,9.65,0.01,0,0.0,0.0,0.0,0.0,0.0,0.0,0.0,0.0,0.0,0.0,0.0,0.0,0.0,0.0,0.0,0.0,0.0,0.0,0.0,0.0,0.0,0.0,0.0,0.0,0.0,0.0,0.0,0.0,0.0,0.0,0.0,0.0,0.0,0.0,0.0,0.0,0.0,0.0,0.0,0.0,0.0,0.0,0.0,J,21.0
0.0,0.0,0.76,0.463918,2.4,0.783505,4.04,0.804124,5.16,0.597938,2.64,1.0,5.48,1.051546,5.04,0.865979,4.24,0.814433,3.0,0.690722,5.72,0.773196,5.2,0.608247,4.48,0.536082,3.36,0.371134,5.88,0.515464,5.44,0.402062,4.68,0.350515,3.64,0.092784,5.84,0.123711,7.12,0.061856,8.16,0.041237,0,0.0,0.0,0.0,0.0,0.0,0.0,0.0,0.0,0.0,0.0,0.0,0.0,0.0,0.0,0.0,0.0,0.0,0.0,0.0,0.0,0.0,0.0,0.0,0.0,0.0,0.0,0.0,0.0,0.0,0.0,0.0,0.0,0.0,0.0,0.0,0.0,0.0,0.0,0.0,0.0,0.0,0.0,0.0,J,21.0
0.0,0.0,0.5,0.48,1.95,0.88,3.6,0.986667,4.75,0.866667,1.95,1.0,5.1,1.066667,4.65,0.866667,3.6,0.813333,2.25,0.626667,5.35,0.733333,4.8,0.56,3.9,0.493333,2.6,0.253333,5.5,0.373333,4.9,0.28,3.9,0.24,2.95,-0.093333,5.2,-0.053333,6.35,-0.08,7.15,-0.066667,-1.8,0.2,0.0,0.0,0.952381,0.478723,2.857143,0.808511,4.714286,0.840426,5.952381,0.62766,3.380952,1.0,6.52381,1.021277,6.047619,0.861702,5.142857,0.808511,3.714286,0.691489,6.714286,0.734043,6.190476,0.585106,5.380952,0.521277,4.047619,0.361702,6.857143,0.446809,6.428571,0.340426,5.619048,0.297872,4.380952,0.074468,7.047619,0.106383,8.52381,0.053191,9.761905,0.031915,J,21.0
0.0,0.0,1.0,0.5,2.9,0.804348,4.75,0.826087,6.05,0.630435,3.7,1.0,6.8,1.032609,6.25,0.880435,5.4,0.836957,4.1,0.684783,7.05,0.73913,6.35,0.608696,5.5,0.554348,4.45,0.358696,7.1,0.456522,6.55,0.380435,5.65,0.358696,4.7,0.076087,7.35,0.097826,8.85,0.054348,10.1,0.032609,0,0.0,0.0,0.0,0.0,0.0,0.0,0.0,0.0,0.0,0.0,0.0,0.0,0.0,0.0,0.0,0.0,0.0,0.0,0.0,0.0,0.0,0.0,0.0,0.0,0.0,0.0,0.0,0.0,0.0,0.0,0.0,0.0,0.0,0.0,0.0,0.0,0.0,0.0,0.0,0.0,0.0,0.0,0.0,J,21.0
0.0,0.0,0.826087,0.522222,2.478261,0.822222,4.086957,0.833333,5.130435,0.644444,3.173913,1.0,5.826087,1.044444,5.391304,0.911111,4.652174,0.855556,3.608696,0.666667,6.043478,0.766667,5.478261,0.644444,4.73913,0.588889,3.956522,0.344444,6.130435,0.477778,5.608696,0.422222,4.869565,0.388889,4.173913,0.077778,6.391304,0.111111,7.695652,0.077778,8.73913,0.066667,0,0.0,0.0,0.0,0.0,0.0,0.0,0.0,0.0,0.0,0.0,0.0,0.0,0.0,0.0,0.0,0.0,0.0,0.0,0.0,0.0,0.0,0.0,0.0,0.0,0.0,0.0,0.0,0.0,0.0,0.0,0.0,0.0,0.0,0.0,0.0,0.0,0.0,0.0,0.0,0.0,0.0,0.0,0.0,J,21.0
0.0,0.0,0.35,0.573529,1.9,0.985294,3.6,1.044118,4.65,0.882353,2.25,1.0,5.05,1.117647,4.5,0.955882,3.55,0.897059,2.7,0.588235,5.35,0.75,4.65,0.617647,3.85,0.544118,3.05,0.191176,5.5,0.367647,4.9,0.308824,3.95,0.25,3.25,-0.161765,5.5,-0.088235,6.45,-0.132353,7.0,-0.161765,-1.7,0.2794117647058823,0.0,0.0,0.909091,0.516854,2.590909,0.820225,4.272727,0.831461,5.409091,0.640449,3.409091,1.0,6.181818,1.044944,5.727273,0.898876,4.954545,0.831461,3.863636,0.674157,6.409091,0.752809,5.818182,0.629213,5.045455,0.573034,4.181818,0.348315,6.454545,0.460674,5.954545,0.393258,5.181818,0.370787,4.409091,0.067416,6.727273,0.11236,8.090909,0.078652,9.181818,0.078652,J,21.0
0.0,0.0,0.666667,0.522222,2.25,0.833333,3.75,0.877778,4.791667,0.722222,3.083333,1.0,5.583333,1.088889,5.125,0.955556,4.416667,0.9,3.541667,0.677778,5.833333,0.811111,5.25,0.7,4.583333,0.644444,3.875,0.366667,5.958333,0.522222,5.5,0.477778,4.75,0.444444,4.083333,0.088889,6.208333,0.155556,7.458333,0.133333,8.5,0.133333,0,0.0,0.0,0.0,0.0,0.0,0.0,0.0,0.0,0.0,0.0,0.0,0.0,0.0,0.0,0.0,0.0,0.0,0.0,0.0,0.0,0.0,0.0,0.0,0.0,0.0,0.0,0.0,0.0,0.0,0.0,0.0,0.0,0.0,0.0,0.0,0.0,0.0,0.0,0.0,0.0,0.0,0.0,0.0,J,21.0
0.0,0.0,0.615385,0.48913,2.115385,0.826087,3.730769,0.891304,4.807692,0.73913,2.5,1.0,5.076923,1.119565,4.653846,0.978261,3.961538,0.902174,2.846154,0.673913,5.307692,0.836957,4.846154,0.717391,4.153846,0.641304,3.192308,0.358696,5.423077,0.543478,5.0,0.478261,4.307692,0.445652,3.5,0.086957,5.576923,0.184783,6.769231,0.195652,7.769231,0.228261,0,0.0,0.0,0.0,0.0,0.0,0.0,0.0,0.0,0.0,0.0,0.0,0.0,0.0,0.0,0.0,0.0,0.0,0.0,0.0,0.0,0.0,0.0,0.0,0.0,0.0,0.0,0.0,0.0,0.0,0.0,0.0,0.0,0.0,0.0,0.0,0.0,0.0,0.0,0.0,0.0,0.0,0.0,0.0,J,21.0
0.0,0.0,0.84,0.444444,2.72,0.777778,4.72,0.848485,5.52,0.707071,2.24,1.0,5.08,1.080808,4.68,0.838384,3.88,0.767677,2.52,0.686869,5.36,0.757576,4.92,0.545455,4.08,0.494949,2.84,0.363636,5.48,0.474747,5.04,0.313131,4.24,0.252525,3.24,0.070707,5.44,0.191919,6.76,0.222222,7.76,0.282828,0,0.0,0.0,0.0,0.0,0.0,0.0,0.0,0.0,0.0,0.0,0.0,0.0,0.0,0.0,0.0,0.0,0.0,0.0,0.0,0.0,0.0,0.0,0.0,0.0,0.0,0.0,0.0,0.0,0.0,0.0,0.0,0.0,0.0,0.0,0.0,0.0,0.0,0.0,0.0,0.0,0.0,0.0,0.0,J,21.0
0.0,0.0,10.333333,0.327103,24.333333,0.616822,39.0,0.691589,46.333333,0.635514,17.666667,1.0,40.333333,0.971963,38.0,0.766355,32.333333,0.71028,15.0,0.766355,38.666667,0.64486,36.333333,0.46729,31.666667,0.411215,15.0,0.476636,38.0,0.392523,36.333333,0.252336,32.0,0.196262,16.666667,0.186916,36.333333,0.224299,46.666667,0.224299,54.666667,0.233645,0,0.0,0.0,0.0,0.0,0.0,0.0,0.0,0.0,0.0,0.0,0.0,0.0,0.0,0.0,0.0,0.0,0.0,0.0,0.0,0.0,0.0,0.0,0.0,0.0,0.0,0.0,0.0,0.0,0.0,0.0,0.0,0.0,0.0,0.0,0.0,0.0,0.0,0.0,0.0,0.0,0.0,0.0,0.0,J,21.0
0.0,0.0,0.840909,0.203883,1.659091,0.504854,2.318182,0.699029,2.840909,0.805825,1.159091,1.0,2.386364,0.805825,2.477273,0.553398,2.227273,0.456311,0.727273,0.864078,2.090909,0.582524,2.090909,0.359223,1.795455,0.300971,0.409091,0.669903,1.704545,0.378641,1.681818,0.194175,1.431818,0.15534,0.159091,0.456311,1.227273,0.23301,1.25,0.087379,1.045455,0.058252,0,0.0,0.0,0.0,0.0,0.0,0.0,0.0,0.0,0.0,0.0,0.0,0.0,0.0,0.0,0.0,0.0,0.0,0.0,0.0,0.0,0.0,0.0,0.0,0.0,0.0,0.0,0.0,0.0,0.0,0.0,0.0,0.0,0.0,0.0,0.0,0.0,0.0,0.0,0.0,0.0,0.0,0.0,0.0,J,21.0
