h0x0,h0y0,h0x1,h0y1,h0x2,h0y2,h0x3,h0y3,h0x4,h0y4,h0x5,h0y5,h0x6,h0y6,h0x7,h0y7,h0x8,h0y8,h0x9,h0y9,h0x10,h0y10,h0x11,h0y11,h0x12,h0y12,h0x13,h0y13,h0x14,h0y14,h0x15,h0y15,h0x16,h0y16,h0x17,h0y17,h0x18,h0y18,h0x19,h0y19,h0x20,h0y20,h1x0,h1y0,h1x1,h1y1,h1x2,h1y2,h1x3,h1y3,h1x4,h1y4,h1x5,h1y5,h1x6,h1y6,h1x7,h1y7,h1x8,h1y8,h1x9,h1y9,h1x10,h1y10,h1x11,h1y11,h1x12,h1y12,h1x13,h1y13,h1x14,h1y14,h1x15,h1y15,h1x16,h1y16,h1x17,h1y17,h1x18,h1y18,h1x19,h1y19,h1x20,h1y20,dist_x,dist_y,label,clip_id
0.0,0.0,0.542553,0.024,1.148936,0.448,1.414894,0.832,1.414894,1.184,0.893617,1.0,1.148936,1.232,1.06383,0.872,0.957447,0.592,0.574468,1.032,0.893617,1.2,0.712766,0.712,0.531915,0.384,0.234043,1.032,0.531915,1.104,0.393617,0.632,0.234043,0.32,-0.106383,1.032,0.138298,1.472,0.308511,1.744,0.478723,1.984,0,0,0.0,0.0,0.0,0.0,0.0,0.0,0.0,0.0,0.0,0.0,0.0,0.0,0.0,0.0,0.0,0.0,0.0,0.0,0.0,0.0,0.0,0.0,0.0,0.0,0.0,0.0,0.0,0.0,0.0,0.0,0.0,0.0,0.0,0.0,0.0,0.0,0.0,0.0,0.0,0.0,0.0,0.0,J,0
0.0,0.0,0.591398,0.088889,1.193548,0.503704,1.462366,0.859259,1.462366,1.192593,0.924731,1.0,1.204301,1.237037,1.107527,0.881481,0.989247,0.607407,0.602151,1.02963,0.935484,1.192593,0.752688,0.725926,0.591398,0.422222,0.268817,1.022222,0.55914,1.118519,0.419355,0.666667,0.268817,0.377778,-0.075269,1.022222,0.16129,1.42963,0.344086,1.681481,0.526882,1.911111,0,0,0.0,0.0,0.0,0.0,0.0,0.0,0.0,0.0,0.0,0.0,0.0,0.0,0.0,0.0,0.0,0.0,0.0,0.0,0.0,0.0,0.0,0.0,0.0,0.0,0.0,0.0,0.0,0.0,0.0,0.0,0.0,0.0,0.0,0.0,0.0,0.0,0.0,0.0,0.0,0.0,0.0,0.0,J,0
0.0,0.0,0.630435,0.146853,1.23913,0.524476,1.48913,0.867133,1.445652,1.174825,0.934783,1.0,1.228261,1.230769,1.108696,0.867133,0.967391,0.601399,0.619565,1.013986,0.945652,1.202797,0.782609,0.762238,0.630435,0.468531,0.271739,1.013986,0.576087,1.097902,0.423913,0.671329,0.25,0.391608,-0.065217,1.006993,0.152174,1.398601,0.336957,1.622378,0.51087,1.832168,0,0,0.0,0.0,0.0,0.0,0.0,0.0,0.0,0.0,0.0,0.0,0.0,0.0,0.0,0.0,0.0,0.0,0.0,0.0,0.0,0.0,0.0,0.0,0.0,0.0,0.0,0.0,0.0,0.0,0.0,0.0,0.0,0.0,0.0,0.0,0.0,0.0,0.0,0.0,0.0,0.0,0.0,0.0,J,0
0.0,0.0,0.639175,0.163265,1.185567,0.537415,1.412371,0.863946,1.350515,1.156463,0.948454,1.0,1.206186,1.197279,1.092784,0.85034,0.958763,0.605442,0.618557,1.013605,0.896907,1.163265,0.742268,0.741497,0.587629,0.469388,0.28866,1.006803,0.56701,1.07483,0.42268,0.659864,0.278351,0.387755,-0.051546,0.986395,0.154639,1.360544,0.309278,1.585034,0.484536,1.77551,0,0,0.0,0.0,0.0,0.0,0.0,0.0,0.0,0.0,0.0,0.0,0.0,0.0,0.0,0.0,0.0,0.0,0.0,0.0,0.0,0.0,0.0,0.0,0.0,0.0,0.0,0.0,0.0,0.0,0.0,0.0,0.0,0.0,0.0,0.0,0.0,0.0,0.0,0.0,0.0,0.0,0.0,0.0,J,0
0.0,0.0,0.648936,0.141844,1.212766,0.510638,1.468085,0.843972,1.43617,1.156028,0.978723,1.0,1.255319,1.198582,1.138298,0.843972,0.989362,0.595745,0.659574,1.014184,0.93617,1.156028,0.765957,0.730496,0.595745,0.453901,0.319149,1.007092,0.617021,1.092199,0.457447,0.680851,0.287234,0.411348,-0.021277,1.0,0.191489,1.397163,0.37234,1.631206,0.553191,1.829787,0,0,0.0,0.0,0.0,0.0,0.0,0.0,0.0,0.0,0.0,0.0,0.0,0.0,0.0,0.0,0.0,0.0,0.0,0.0,0.0,0.0,0.0,0.0,0.0,0.0,0.0,0.0,0.0,0.0,0.0,0.0,0.0,0.0,0.0,0.0,0.0,0.0,0.0,0.0,0.0,0.0,0.0,0.0,J,0
0.0,0.0,0.670455,0.141844,1.284091,0.531915,1.568182,0.87234,1.590909,1.198582,1.0,1.0,1.318182,1.22695,1.181818,0.87234,1.022727,0.609929,0.670455,1.021277,1.045455,1.205674,0.829545,0.758865,0.647727,0.460993,0.340909,1.028369,0.681818,1.120567,0.5,0.695035,0.306818,0.41844,0.0,1.035461,0.25,1.41844,0.454545,1.64539,0.670455,1.843972,0,0,0.0,0.0,0.0,0.0,0.0,0.0,0.0,0.0,0.0,0.0,0.0,0.0,0.0,0.0,0.0,0.0,0.0,0.0,0.0,0.0,0.0,0.0,0.0,0.0,0.0,0.0,0.0,0.0,0.0,0.0,0.0,0.0,0.0,0.0,0.0,0.0,0.0,0.0,0.0,0.0,0.0,0.0,J,0
0.0,0.0,0.655556,0.135714,1.255556,0.521429,1.555556,0.857143,1.588889,1.178571,1.0,1.0,1.322222,1.25,1.188889,0.885714,1.033333,0.621429,0.677778,1.021429,1.033333,1.192857,0.844444,0.742857,0.655556,0.442857,0.344444,1.021429,0.655556,1.121429,0.5,0.685714,0.333333,0.392857,0.0,1.021429,0.233333,1.414286,0.422222,1.642857,0.6,1.85,0,0,0.0,0.0,0.0,0.0,0.0,0.0,0.0,0.0,0.0,0.0,0.0,0.0,0.0,0.0,0.0,0.0,0.0,0.0,0.0,0.0,0.0,0.0,0.0,0.0,0.0,0.0,0.0,0.0,0.0,0.0,0.0,0.0,0.0,0.0,0.0,0.0,0.0,0.0,0.0,0.0,0.0,0.0,J,0
0.0,0.0,0.638298,0.152174,1.191489,0.543478,1.457447,0.884058,1.446809,1.202899,0.978723,1.0,1.297872,1.282609,1.159574,0.92029,1.0,0.652174,0.659574,1.014493,0.946809,1.210145,0.787234,0.746377,0.638298,0.463768,0.319149,1.007246,0.595745,1.123188,0.468085,0.666667,0.319149,0.376812,-0.021277,1.007246,0.202128,1.427536,0.37234,1.65942,0.542553,1.891304,0,0,0.0,0.0,0.0,0.0,0.0,0.0,0.0,0.0,0.0,0.0,0.0,0.0,0.0,0.0,0.0,0.0,0.0,0.0,0.0,0.0,0.0,0.0,0.0,0.0,0.0,0.0,0.0,0.0,0.0,0.0,0.0,0.0,0.0,0.0,0.0,0.0,0.0,0.0,0.0,0.0,0.0,0.0,J,0
0.0,0.0,0.644444,0.165517,1.222222,0.551724,1.488889,0.889655,1.455556,1.193103,0.944444,1.0,1.266667,1.255172,1.122222,0.910345,0.977778,0.662069,0.622222,1.013793,0.933333,1.2,0.755556,0.758621,0.611111,0.482759,0.288889,1.006897,0.577778,1.124138,0.433333,0.689655,0.288889,0.406897,-0.055556,1.006897,0.155556,1.393103,0.311111,1.613793,0.477778,1.827586,0,0,0.0,0.0,0.0,0.0,0.0,0.0,0.0,0.0,0.0,0.0,0.0,0.0,0.0,0.0,0.0,0.0,0.0,0.0,0.0,0.0,0.0,0.0,0.0,0.0,0.0,0.0,0.0,0.0,0.0,0.0,0.0,0.0,0.0,0.0,0.0,0.0,0.0,0.0,0.0,0.0,0.0,0.0,J,0
0.0,0.0,0.662921,0.185897,1.213483,0.544872,1.426966,0.865385,1.359551,1.141026,0.853933,1.0,1.168539,1.198718,1.05618,0.858974,0.910112,0.628205,0.516854,0.987179,0.831461,1.096154,0.685393,0.673077,0.539326,0.423077,0.191011,0.955128,0.449438,1.025641,0.348315,0.628205,0.224719,0.378205,-0.146067,0.910256,0.022472,1.282051,0.191011,1.49359,0.359551,1.685897,0,0,0.0,0.0,0.0,0.0,0.0,0.0,0.0,0.0,0.0,0.0,0.0,0.0,0.0,0.0,0.0,0.0,0.0,0.0,0.0,0.0,0.0,0.0,0.0,0.0,0.0,0.0,0.0,0.0,0.0,0.0,0.0,0.0,0.0,0.0,0.0,0.0,0.0,0.0,0.0,0.0,0.0,0.0,J,0
0.0,0.0,0.55102,0.233333,0.979592,0.546667,1.102041,0.846667,0.989796,1.113333,0.632653,1.0,0.816327,1.226667,0.785714,0.926667,0.704082,0.673333,0.285714,0.98,0.5,1.026667,0.418367,0.64,0.326531,0.386667,-0.040816,0.92,0.153061,0.946667,0.112245,0.593333,0.061224,0.353333,-0.367347,0.833333,-0.295918,1.166667,-0.214286,1.353333,-0.122449,1.506667,0,0,0.0,0.0,0.0,0.0,0.0,0.0,0.0,0.0,0.0,0.0,0.0,0.0,0.0,0.0,0.0,0.0,0.0,0.0,0.0,0.0,0.0,0.0,0.0,0.0,0.0,0.0,0.0,0.0,0.0,0.0,0.0,0.0,0.0,0.0,0.0,0.0,0.0,0.0,0.0,0.0,0.0,0.0,J,0
0.0,0.0,0.463158,0.042553,0.905263,0.265957,1.010526,0.531915,0.821053,0.691489,0.747368,1.0,0.957895,1.021277,1.073684,0.702128,1.063158,0.37234,0.410526,1.106383,0.621053,0.808511,0.631579,0.255319,0.536842,-0.159574,0.063158,1.031915,0.305263,0.5,0.336842,-0.010638,0.284211,-0.351064,-0.252632,0.851064,0.052632,0.43617,0.105263,0.042553,0.073684,-0.212766,-0.06315789473684211,0.6808510638297872,0.0,0.0,0.568421,0.205128,1.010526,0.49359,1.157895,0.75641,1.010526,0.948718,0.642105,1.0,0.894737,1.044872,0.936842,0.801282,0.894737,0.615385,0.284211,1.00641,0.547368,0.916667,0.568421,0.647436,0.526316,0.448718,-0.052632,0.935897,0.242105,0.769231,0.252632,0.49359,0.221053,0.294872,-0.357895,0.807692,-0.115789,0.730769,-0.021053,0.538462,0.010526,0.378205,J,0
0.0,0.0,0.40625,0.122222,0.84375,0.255556,1.177083,0.277778,1.395833,0.2,0.770833,1.0,1.0625,0.7,1.177083,0.411111,1.208333,0.222222,0.40625,0.966667,0.875,0.366667,0.916667,0.0,0.864583,-0.155556,0.072917,0.744444,0.5625,0.011111,0.59375,-0.288889,0.541667,-0.377778,-0.229167,0.422222,0.208333,-0.144444,0.395833,-0.455556,0.479167,-0.622222,0.16666666666666666,0.7777777777777778,0.0,0.0,0.576923,0.127389,1.0,0.324841,1.182692,0.509554,1.096154,0.649682,0.701923,1.0,0.980769,0.757962,0.942308,0.55414,0.865385,0.515924,0.336538,0.987261,0.692308,0.605096,0.663462,0.394904,0.576923,0.363057,0.0,0.866242,0.375,0.471338,0.384615,0.292994,0.317308,0.273885,-0.298077,0.694268,0.038462,0.401274,0.192308,0.210191,0.288462,0.133758,J,0
0.0,0.0,0.656566,0.15,1.212121,0.307143,1.555556,0.385714,1.707071,0.378571,1.10101,1.0,1.494949,0.564286,1.393939,0.421429,1.292929,0.478571,0.747475,0.942857,1.20202,0.357143,1.050505,0.235714,0.909091,0.328571,0.414141,0.778571,0.858586,0.228571,0.757576,0.135714,0.646465,0.207143,0.10101,0.564286,0.484848,0.171429,0.626263,0.014286,0.727273,-0.035714,0,0,0.0,0.0,0.0,0.0,0.0,0.0,0.0,0.0,0.0,0.0,0.0,0.0,0.0,0.0,0.0,0.0,0.0,0.0,0.0,0.0,0.0,0.0,0.0,0.0,0.0,0.0,0.0,0.0,0.0,0.0,0.0,0.0,0.0,0.0,0.0,0.0,0.0,0.0,0.0,0.0,0.0,0.0,J,0
0.0,0.0,0.77551,0.086957,1.428571,0.278261,1.908163,0.365217,2.27551,0.356522,1.44898,1.0,1.877551,0.4,1.673469,0.208696,1.479592,0.269565,1.091837,0.904348,1.612245,0.252174,1.387755,0.121739,1.173469,0.217391,0.765306,0.730435,1.244898,0.13913,1.061224,0.034783,0.867347,0.121739,0.44898,0.513043,0.938776,0.095652,0.846939,0.0,0.693878,0.06087,0,0,0.0,0.0,0.0,0.0,0.0,0.0,0.0,0.0,0.0,0.0,0.0,0.0,0.0,0.0,0.0,0.0,0.0,0.0,0.0,0.0,0.0,0.0,0.0,0.0,0.0,0.0,0.0,0.0,0.0,0.0,0.0,0.0,0.0,0.0,0.0,0.0,0.0,0.0,0.0,0.0,0.0,0.0,J,0
0.0,0.0,1.031746,0.02,2.174603,0.19,3.015873,0.27,3.666667,0.34,2.380952,1.0,3.238095,0.47,2.904762,0.25,2.52381,0.3,2.047619,0.93,2.984127,0.29,2.603175,0.14,2.238095,0.24,1.698413,0.74,2.619048,0.15,2.285714,0.02,1.968254,0.11,1.380952,0.48,2.222222,0.0,1.984127,-0.11,1.698413,-0.04,0,0,0.0,0.0,0.0,0.0,0.0,0.0,0.0,0.0,0.0,0.0,0.0,0.0,0.0,0.0,0.0,0.0,0.0,0.0,0.0,0.0,0.0,0.0,0.0,0.0,0.0,0.0,0.0,0.0,0.0,0.0,0.0,0.0,0.0,0.0,0.0,0.0,0.0,0.0,0.0,0.0,0.0,0.0,J,0
0.0,0.0,2.363636,0.150442,5.090909,0.336283,7.136364,0.39823,8.409091,0.415929,5.727273,1.0,9.090909,0.575221,8.227273,0.362832,7.045455,0.362832,5.318182,0.893805,8.727273,0.380531,7.727273,0.19469,6.5,0.212389,5.0,0.690265,8.227273,0.185841,7.227273,0.035398,6.136364,0.070796,4.727273,0.424779,7.409091,0.026549,6.636364,-0.106195,5.727273,-0.079646,0,0,0.0,0.0,0.0,0.0,0.0,0.0,0.0,0.0,0.0,0.0,0.0,0.0,0.0,0.0,0.0,0.0,0.0,0.0,0.0,0.0,0.0,0.0,0.0,0.0,0.0,0.0,0.0,0.0,0.0,0.0,0.0,0.0,0.0,0.0,0.0,0.0,0.0,0.0,0.0,0.0,0.0,0.0,J,0
0.0,0.0,0.842105,0.410526,2.631579,0.726316,4.578947,0.821053,6.263158,0.768421,2.684211,1.0,5.263158,1.094737,7.157895,1.031579,8.421053,0.884211,2.842105,0.831579,5.421053,0.905263,7.421053,0.8,8.736842,0.631579,3.210526,0.557895,5.789474,0.589474,7.578947,0.463158,8.842105,0.294737,3.684211,0.2,6.0,0.2,7.473684,0.136842,8.684211,0.042105,0,0,0.0,0.0,0.0,0.0,0.0,0.0,0.0,0.0,0.0,0.0,0.0,0.0,0.0,0.0,0.0,0.0,0.0,0.0,0.0,0.0,0.0,0.0,0.0,0.0,0.0,0.0,0.0,0.0,0.0,0.0,0.0,0.0,0.0,0.0,0.0,0.0,0.0,0.0,0.0,0.0,0.0,0.0,J,0
0.0,0.0,-0.105263,0.417323,0.276316,0.889764,0.842105,1.204724,1.315789,1.330709,0.302632,1.0,1.263158,1.251969,1.197368,1.070866,0.947368,0.952756,0.644737,0.76378,1.486842,0.984252,1.381579,0.826772,1.131579,0.716535,1.0,0.503937,1.697368,0.708661,1.565789,0.598425,1.289474,0.503937,1.302632,0.283465,1.973684,0.559055,2.394737,0.700787,2.723684,0.818898,0,0,0.0,0.0,0.0,0.0,0.0,0.0,0.0,0.0,0.0,0.0,0.0,0.0,0.0,0.0,0.0,0.0,0.0,0.0,0.0,0.0,0.0,0.0,0.0,0.0,0.0,0.0,0.0,0.0,0.0,0.0,0.0,0.0,0.0,0.0,0.0,0.0,0.0,0.0,0.0,0.0,0.0,0.0,J,0
0.0,0.0,-0.153846,0.394558,0.131868,0.863946,0.626374,1.210884,1.021978,1.367347,0.098901,1.0,0.945055,1.285714,0.912088,1.068027,0.703297,0.945578,0.43956,0.802721,1.197802,1.068027,1.131868,0.877551,0.923077,0.768707,0.78022,0.591837,1.395604,0.843537,1.318681,0.70068,1.120879,0.598639,1.098901,0.421769,1.659341,0.707483,2.0,0.863946,2.263736,1.013605,0,0,0.0,0.0,0.0,0.0,0.0,0.0,0.0,0.0,0.0,0.0,0.0,0.0,0.0,0.0,0.0,0.0,0.0,0.0,0.0,0.0,0.0,0.0,0.0,0.0,0.0,0.0,0.0,0.0,0.0,0.0,0.0,0.0,0.0,0.0,0.0,0.0,0.0,0.0,0.0,0.0,0.0,0.0,J,0
0.0,0.0,-0.11828,0.410256,0.150538,0.839744,0.634409,1.147436,1.0,1.275641,0.107527,1.0,0.924731,1.275641,0.946237,1.089744,0.731183,0.967949,0.44086,0.814103,1.182796,1.051282,1.139785,0.878205,0.935484,0.775641,0.795699,0.602564,1.387097,0.826923,1.322581,0.692308,1.107527,0.602564,1.107527,0.423077,1.645161,0.730769,1.967742,0.878205,2.204301,1.00641,0,0,0.0,0.0,0.0,0.0,0.0,0.0,0.0,0.0,0.0,0.0,0.0,0.0,0.0,0.0,0.0,0.0,0.0,0.0,0.0,0.0,0.0,0.0,0.0,0.0,0.0,0.0,0.0,0.0,0.0,0.0,0.0,0.0,0.0,0.0,0.0,0.0,0.0,0.0,0.0,0.0,0.0,0.0,J,0
0.0,0.0,-0.106383,0.409938,0.159574,0.832298,0.62766,1.15528,0.957447,1.291925,0.106383,1.0,0.914894,1.254658,0.925532,1.068323,0.712766,0.950311,0.446809,0.819876,1.170213,1.037267,1.12766,0.869565,0.914894,0.776398,0.797872,0.621118,1.361702,0.826087,1.308511,0.695652,1.095745,0.608696,1.106383,0.440994,1.659574,0.732919,1.978723,0.863354,2.202128,0.987578,0,0,0.0,0.0,0.0,0.0,0.0,0.0,0.0,0.0,0.0,0.0,0.0,0.0,0.0,0.0,0.0,0.0,0.0,0.0,0.0,0.0,0.0,0.0,0.0,0.0,0.0,0.0,0.0,0.0,0.0,0.0,0.0,0.0,0.0,0.0,0.0,0.0,0.0,0.0,0.0,0.0,0.0,0.0,J,0
0.0,0.0,-0.094737,0.403727,0.168421,0.826087,0.631579,1.142857,0.968421,1.291925,0.105263,1.0,0.926316,1.26087,0.936842,1.068323,0.736842,0.956522,0.442105,0.819876,1.189474,1.049689,1.147368,0.875776,0.936842,0.776398,0.789474,0.621118,1.378947,0.838509,1.315789,0.701863,1.105263,0.608696,1.105263,0.447205,1.642105,0.745342,1.968421,0.881988,2.2,1.006211,0,0,0.0,0.0,0.0,0.0,0.0,0.0,0.0,0.0,0.0,0.0,0.0,0.0,0.0,0.0,0.0,0.0,0.0,0.0,0.0,0.0,0.0,0.0,0.0,0.0,0.0,0.0,0.0,0.0,0.0,0.0,0.0,0.0,0.0,0.0,0.0,0.0,0.0,0.0,0.0,0.0,0.0,0.0,J,0
0.0,0.0,-0.185185,0.460177,0.123457,0.973451,0.62963,1.336283,1.012346,1.513274,0.098765,1.0,0.962963,1.345133,0.901235,1.141593,0.679012,1.017699,0.419753,0.743363,1.246914,1.088496,1.148148,0.902655,0.938272,0.778761,0.765432,0.477876,1.469136,0.778761,1.345679,0.654867,1.098765,0.530973,1.098765,0.274336,1.765432,0.60177,2.148148,0.814159,2.432099,0.99115,-0.16049382716049382,0.415929203539823,0.0,0.0,-0.094737,0.417178,0.178947,0.828221,0.652632,1.128834,1.021053,1.269939,0.126316,1.0,0.947368,1.251534,0.957895,1.07362,0.757895,0.957055,0.473684,0.828221,1.210526,1.04908,1.157895,0.871166,0.947368,0.773006,0.821053,0.631902,1.4,0.834356,1.326316,0.699387,1.115789,0.607362,1.126316,0.460123,1.663158,0.742331,1.989474,0.871166,2.221053,0.98773,J,0
0.0,0.0,-0.085106,0.411043,0.202128,0.822086,0.680851,1.147239,0.989362,1.306748,0.106383,1.0,0.946809,1.251534,0.957447,1.067485,0.755319,0.95092,0.43617,0.815951,1.202128,1.04908,1.148936,0.883436,0.93617,0.773006,0.787234,0.625767,1.393617,0.840491,1.319149,0.705521,1.106383,0.613497,1.106383,0.447853,1.659574,0.742331,1.989362,0.871166,2.223404,0.98773,0,0,0.0,0.0,0.0,0.0,0.0,0.0,0.0,0.0,0.0,0.0,0.0,0.0,0.0,0.0,0.0,0.0,0.0,0.0,0.0,0.0,0.0,0.0,0.0,0.0,0.0,0.0,0.0,0.0,0.0,0.0,0.0,0.0,0.0,0.0,0.0,0.0,0.0,0.0,0.0,0.0,0.0,0.0,J,0
0.0,0.0,-0.086957,0.415094,0.195652,0.842767,0.695652,1.138365,1.086957,1.257862,0.108696,1.0,0.967391,1.295597,1.01087,1.100629,0.815217,0.981132,0.434783,0.81761,1.217391,1.069182,1.184783,0.886792,0.967391,0.779874,0.782609,0.622642,1.423913,0.842767,1.358696,0.704403,1.130435,0.610063,1.108696,0.446541,1.673913,0.742138,2.021739,0.880503,2.271739,1.006289,0,0,0.0,0.0,0.0,0.0,0.0,0.0,0.0,0.0,0.0,0.0,0.0,0.0,0.0,0.0,0.0,0.0,0.0,0.0,0.0,0.0,0.0,0.0,0.0,0.0,0.0,0.0,0.0,0.0,0.0,0.0,0.0,0.0,0.0,0.0,0.0,0.0,0.0,0.0,0.0,0.0,0.0,0.0,J,0
0.0,0.0,-0.094737,0.394904,0.168421,0.828025,0.610526,1.159236,0.957895,1.312102,0.042105,1.0,0.884211,1.280255,0.905263,1.082803,0.726316,0.968153,0.357895,0.815287,1.126316,1.076433,1.094737,0.898089,0.905263,0.789809,0.705263,0.624204,1.347368,0.878981,1.294737,0.738854,1.084211,0.649682,1.042105,0.452229,1.568421,0.745223,1.905263,0.89172,2.157895,1.025478,0,0,0.0,0.0,0.0,0.0,0.0,0.0,0.0,0.0,0.0,0.0,0.0,0.0,0.0,0.0,0.0,0.0,0.0,0.0,0.0,0.0,0.0,0.0,0.0,0.0,0.0,0.0,0.0,0.0,0.0,0.0,0.0,0.0,0.0,0.0,0.0,0.0,0.0,0.0,0.0,0.0,0.0,0.0,J,0
0.0,0.0,-0.105263,0.39375,0.157895,0.81875,0.6,1.1375,0.905263,1.3,0.042105,1.0,0.852632,1.25625,0.884211,1.05625,0.684211,0.94375,0.378947,0.83125,1.115789,1.075,1.094737,0.8875,0.884211,0.76875,0.726316,0.64375,1.315789,0.8625,1.263158,0.70625,1.042105,0.60625,1.042105,0.46875,1.568421,0.75,1.894737,0.8875,2.126316,1.01875,0,0,0.0,0.0,0.0,0.0,0.0,0.0,0.0,0.0,0.0,0.0,0.0,0.0,0.0,0.0,0.0,0.0,0.0,0.0,0.0,0.0,0.0,0.0,0.0,0.0,0.0,0.0,0.0,0.0,0.0,0.0,0.0,0.0,0.0,0.0,0.0,0.0,0.0,0.0,0.0,0.0,0.0,0.0,J,0
0.0,0.0,-0.125,0.396226,0.104167,0.81761,0.541667,1.125786,0.885417,1.264151,0.03125,1.0,0.833333,1.257862,0.833333,1.069182,0.625,0.949686,0.375,0.823899,1.09375,1.069182,1.041667,0.886792,0.84375,0.773585,0.71875,0.63522,1.291667,0.855346,1.21875,0.710692,1.0,0.610063,1.03125,0.465409,1.552083,0.761006,1.864583,0.899371,2.09375,1.025157,0,0,0.0,0.0,0.0,0.0,0.0,0.0,0.0,0.0,0.0,0.0,0.0,0.0,0.0,0.0,0.0,0.0,0.0,0.0,0.0,0.0,0.0,0.0,0.0,0.0,0.0,0.0,0.0,0.0,0.0,0.0,0.0,0.0,0.0,0.0,0.0,0.0,0.0,0.0,0.0,0.0,0.0,0.0,J,0
0.0,0.0,-0.114583,0.395062,0.125,0.808642,0.572917,1.117284,0.864583,1.271605,0.03125,1.0,0.8125,1.246914,0.833333,1.061728,0.625,0.944444,0.364583,0.82716,1.072917,1.049383,1.041667,0.876543,0.84375,0.771605,0.708333,0.635802,1.28125,0.851852,1.229167,0.716049,1.03125,0.617284,1.03125,0.462963,1.552083,0.759259,1.864583,0.895062,2.083333,1.012346,0,0,0.0,0.0,0.0,0.0,0.0,0.0,0.0,0.0,0.0,0.0,0.0,0.0,0.0,0.0,0.0,0.0,0.0,0.0,0.0,0.0,0.0,0.0,0.0,0.0,0.0,0.0,0.0,0.0,0.0,0.0,0.0,0.0,0.0,0.0,0.0,0.0,0.0,0.0,0.0,0.0,0.0,0.0,J,0
0.0,0.0,-0.115789,0.395062,0.115789,0.808642,0.568421,1.123457,0.905263,1.271605,0.031579,1.0,0.842105,1.240741,0.863158,1.04321,0.652632,0.932099,0.368421,0.82716,1.094737,1.049383,1.063158,0.858025,0.852632,0.753086,0.715789,0.641975,1.305263,0.845679,1.242105,0.691358,1.031579,0.58642,1.031579,0.469136,1.557895,0.759259,1.884211,0.888889,2.126316,1.006173,0,0,0.0,0.0,0.0,0.0,0.0,0.0,0.0,0.0,0.0,0.0,0.0,0.0,0.0,0.0,0.0,0.0,0.0,0.0,0.0,0.0,0.0,0.0,0.0,0.0,0.0,0.0,0.0,0.0,0.0,0.0,0.0,0.0,0.0,0.0,0.0,0.0,0.0,0.0,0.0,0.0,0.0,0.0,J,0
0.0,0.0,0.55,0.04,1.116667,0.386667,1.416667,0.733333,1.366667,1.053333,0.933333,1.0,1.15,1.266667,1.033333,0.906667,0.916667,0.653333,0.616667,1.053333,0.833333,1.2,0.683333,0.733333,0.533333,0.44,0.266667,1.08,0.483333,1.2,0.433333,0.733333,0.35,0.413333,-0.066667,1.106667,0.066667,1.586667,0.183333,1.893333,0.316667,2.16,0,0,0.0,0.0,0.0,0.0,0.0,0.0,0.0,0.0,0.0,0.0,0.0,0.0,0.0,0.0,0.0,0.0,0.0,0.0,0.0,0.0,0.0,0.0,0.0,0.0,0.0,0.0,0.0,0.0,0.0,0.0,0.0,0.0,0.0,0.0,0.0,0.0,0.0,0.0,0.0,0.0,0.0,0.0,J,1
0.0,0.0,0.610169,0.065789,1.169492,0.434211,1.457627,0.776316,1.389831,1.078947,0.932203,1.0,1.186441,1.276316,1.084746,0.907895,0.966102,0.618421,0.627119,1.039474,0.847458,1.210526,0.728814,0.75,0.610169,0.447368,0.288136,1.065789,0.491525,1.197368,0.440678,0.736842,0.355932,0.421053,-0.067797,1.105263,0.084746,1.565789,0.220339,1.868421,0.355932,2.118421,0,0,0.0,0.0,0.0,0.0,0.0,0.0,0.0,0.0,0.0,0.0,0.0,0.0,0.0,0.0,0.0,0.0,0.0,0.0,0.0,0.0,0.0,0.0,0.0,0.0,0.0,0.0,0.0,0.0,0.0,0.0,0.0,0.0,0.0,0.0,0.0,0.0,0.0,0.0,0.0,0.0,0.0,0.0,J,1
0.0,0.0,0.62069,0.090909,1.172414,0.454545,1.465517,0.792208,1.37931,1.090909,0.913793,1.0,1.172414,1.285714,1.086207,0.922078,0.965517,0.636364,0.603448,1.038961,0.844828,1.207792,0.706897,0.753247,0.586207,0.441558,0.258621,1.064935,0.482759,1.194805,0.413793,0.74026,0.310345,0.428571,-0.086207,1.103896,0.068966,1.571429,0.189655,1.857143,0.327586,2.116883,0,0,0.0,0.0,0.0,0.0,0.0,0.0,0.0,0.0,0.0,0.0,0.0,0.0,0.0,0.0,0.0,0.0,0.0,0.0,0.0,0.0,0.0,0.0,0.0,0.0,0.0,0.0,0.0,0.0,0.0,0.0,0.0,0.0,0.0,0.0,0.0,0.0,0.0,0.0,0.0,0.0,0.0,0.0,J,1
0.0,0.0,0.637931,0.102564,1.189655,0.474359,1.465517,0.807692,1.37931,1.102564,0.913793,1.0,1.172414,1.282051,1.086207,0.923077,0.948276,0.628205,0.603448,1.038462,0.844828,1.217949,0.706897,0.75641,0.586207,0.448718,0.258621,1.064103,0.482759,1.205128,0.413793,0.75641,0.327586,0.435897,-0.086207,1.102564,0.068966,1.551282,0.189655,1.846154,0.327586,2.102564,0,0,0.0,0.0,0.0,0.0,0.0,0.0,0.0,0.0,0.0,0.0,0.0,0.0,0.0,0.0,0.0,0.0,0.0,0.0,0.0,0.0,0.0,0.0,0.0,0.0,0.0,0.0,0.0,0.0,0.0,0.0,0.0,0.0,0.0,0.0,0.0,0.0,0.0,0.0,0.0,0.0,0.0,0.0,J,1
0.0,0.0,0.627119,0.076923,1.169492,0.435897,1.440678,0.782051,1.355932,1.076923,0.915254,1.0,1.169492,1.25641,1.067797,0.884615,0.932203,0.602564,0.610169,1.038462,0.847458,1.192308,0.711864,0.730769,0.576271,0.423077,0.254237,1.064103,0.474576,1.192308,0.423729,0.730769,0.338983,0.423077,-0.084746,1.089744,0.067797,1.551282,0.186441,1.833333,0.322034,2.089744,0,0,0.0,0.0,0.0,0.0,0.0,0.0,0.0,0.0,0.0,0.0,0.0,0.0,0.0,0.0,0.0,0.0,0.0,0.0,0.0,0.0,0.0,0.0,0.0,0.0,0.0,0.0,0.0,0.0,0.0,0.0,0.0,0.0,0.0,0.0,0.0,0.0,0.0,0.0,0.0,0.0,0.0,0.0,J,1
0.0,0.0,0.627119,0.076923,1.169492,0.448718,1.440678,0.794872,1.338983,1.089744,0.915254,1.0,1.169492,1.269231,1.067797,0.897436,0.932203,0.589744,0.59322,1.038462,0.830508,1.205128,0.711864,0.74359,0.59322,0.435897,0.254237,1.064103,0.474576,1.179487,0.423729,0.730769,0.338983,0.423077,-0.084746,1.089744,0.067797,1.551282,0.186441,1.833333,0.322034,2.089744,0,0,0.0,0.0,0.0,0.0,0.0,0.0,0.0,0.0,0.0,0.0,0.0,0.0,0.0,0.0,0.0,0.0,0.0,0.0,0.0,0.0,0.0,0.0,0.0,0.0,0.0,0.0,0.0,0.0,0.0,0.0,0.0,0.0,0.0,0.0,0.0,0.0,0.0,0.0,0.0,0.0,0.0,0.0,J,1
0.0,0.0,0.610169,0.089744,1.152542,0.448718,1.423729,0.782051,1.355932,1.076923,0.898305,1.0,1.152542,1.282051,1.050847,0.910256,0.932203,0.615385,0.59322,1.038462,0.830508,1.205128,0.694915,0.74359,0.576271,0.448718,0.254237,1.064103,0.474576,1.205128,0.40678,0.74359,0.322034,0.435897,-0.101695,1.089744,0.050847,1.551282,0.169492,1.846154,0.305085,2.102564,0,0,0.0,0.0,0.0,0.0,0.0,0.0,0.0,0.0,0.0,0.0,0.0,0.0,0.0,0.0,0.0,0.0,0.0,0.0,0.0,0.0,0.0,0.0,0.0,0.0,0.0,0.0,0.0,0.0,0.0,0.0,0.0,0.0,0.0,0.0,0.0,0.0,0.0,0.0,0.0,0.0,0.0,0.0,J,1
0.0,0.0,0.6,0.088608,1.15,0.455696,1.4,0.797468,1.333333,1.088608,0.916667,1.0,1.15,1.278481,1.033333,0.911392,0.916667,0.632911,0.6,1.037975,0.816667,1.202532,0.7,0.746835,0.583333,0.443038,0.266667,1.063291,0.466667,1.189873,0.416667,0.734177,0.333333,0.43038,-0.083333,1.088608,0.066667,1.531646,0.183333,1.822785,0.3,2.075949,0,0,0.0,0.0,0.0,0.0,0.0,0.0,0.0,0.0,0.0,0.0,0.0,0.0,0.0,0.0,0.0,0.0,0.0,0.0,0.0,0.0,0.0,0.0,0.0,0.0,0.0,0.0,0.0,0.0,0.0,0.0,0.0,0.0,0.0,0.0,0.0,0.0,0.0,0.0,0.0,0.0,0.0,0.0,J,1
0.0,0.0,0.637931,0.089744,1.206897,0.461538,1.465517,0.794872,1.37931,1.089744,0.931034,1.0,1.206897,1.282051,1.086207,0.910256,0.948276,0.615385,0.62069,1.038462,0.862069,1.217949,0.724138,0.75641,0.586207,0.448718,0.275862,1.064103,0.5,1.205128,0.431034,0.75641,0.344828,0.435897,-0.068966,1.102564,0.086207,1.551282,0.189655,1.833333,0.310345,2.089744,0,0,0.0,0.0,0.0,0.0,0.0,0.0,0.0,0.0,0.0,0.0,0.0,0.0,0.0,0.0,0.0,0.0,0.0,0.0,0.0,0.0,0.0,0.0,0.0,0.0,0.0,0.0,0.0,0.0,0.0,0.0,0.0,0.0,0.0,0.0,0.0,0.0,0.0,0.0,0.0,0.0,0.0,0.0,J,1
0.0,0.0,0.633333,0.089744,1.183333,0.461538,1.433333,0.807692,1.35,1.102564,0.933333,1.0,1.166667,1.294872,1.066667,0.923077,0.95,0.628205,0.616667,1.038462,0.833333,1.217949,0.716667,0.74359,0.583333,0.448718,0.283333,1.064103,0.483333,1.205128,0.416667,0.74359,0.333333,0.435897,-0.066667,1.102564,0.083333,1.551282,0.2,1.833333,0.316667,2.102564,0,0,0.0,0.0,0.0,0.0,0.0,0.0,0.0,0.0,0.0,0.0,0.0,0.0,0.0,0.0,0.0,0.0,0.0,0.0,0.0,0.0,0.0,0.0,0.0,0.0,0.0,0.0,0.0,0.0,0.0,0.0,0.0,0.0,0.0,0.0,0.0,0.0,0.0,0.0,0.0,0.0,0.0,0.0,J,1
0.0,0.0,0.616667,0.088608,1.166667,0.443038,1.433333,0.797468,1.35,1.088608,0.933333,1.0,1.166667,1.278481,1.066667,0.898734,0.95,0.620253,0.616667,1.037975,0.85,1.202532,0.716667,0.746835,0.583333,0.443038,0.283333,1.063291,0.5,1.202532,0.433333,0.746835,0.333333,0.443038,-0.066667,1.101266,0.1,1.544304,0.2,1.822785,0.316667,2.075949,0,0,0.0,0.0,0.0,0.0,0.0,0.0,0.0,0.0,0.0,0.0,0.0,0.0,0.0,0.0,0.0,0.0,0.0,0.0,0.0,0.0,0.0,0.0,0.0,0.0,0.0,0.0,0.0,0.0,0.0,0.0,0.0,0.0,0.0,0.0,0.0,0.0,0.0,0.0,0.0,0.0,0.0,0.0,J,1
0.0,0.0,0.644068,0.076923,1.20339,0.448718,1.474576,0.782051,1.372881,1.076923,0.932203,1.0,1.186441,1.282051,1.084746,0.910256,0.949153,0.615385,0.627119,1.038462,0.864407,1.205128,0.728814,0.74359,0.576271,0.435897,0.271186,1.064103,0.491525,1.205128,0.440678,0.75641,0.338983,0.448718,-0.067797,1.102564,0.084746,1.551282,0.20339,1.833333,0.322034,2.102564,0,0,0.0,0.0,0.0,0.0,0.0,0.0,0.0,0.0,0.0,0.0,0.0,0.0,0.0,0.0,0.0,0.0,0.0,0.0,0.0,0.0,0.0,0.0,0.0,0.0,0.0,0.0,0.0,0.0,0.0,0.0,0.0,0.0,0.0,0.0,0.0,0.0,0.0,0.0,0.0,0.0,0.0,0.0,J,1
0.0,0.0,0.633333,0.076923,1.166667,0.448718,1.433333,0.794872,1.333333,1.089744,0.916667,1.0,1.15,1.294872,1.05,0.910256,0.916667,0.615385,0.6,1.038462,0.833333,1.217949,0.7,0.74359,0.566667,0.448718,0.266667,1.064103,0.466667,1.205128,0.4,0.74359,0.316667,0.435897,-0.083333,1.102564,0.066667,1.551282,0.183333,1.833333,0.3,2.102564,0,0,0.0,0.0,0.0,0.0,0.0,0.0,0.0,0.0,0.0,0.0,0.0,0.0,0.0,0.0,0.0,0.0,0.0,0.0,0.0,0.0,0.0,0.0,0.0,0.0,0.0,0.0,0.0,0.0,0.0,0.0,0.0,0.0,0.0,0.0,0.0,0.0,0.0,0.0,0.0,0.0,0.0,0.0,J,1
0.0,0.0,0.542553,0.024,1.148936,0.448,1.414894,0.832,1.414894,1.184,0.893617,1.0,1.148936,1.232,1.06383,0.872,0.957447,0.592,0.574468,1.032,0.893617,1.2,0.712766,0.712,0.531915,0.384,0.234043,1.032,0.531915,1.104,0.393617,0.632,0.234043,0.32,-0.106383,1.032,0.138298,1.472,0.308511,1.744,0.478723,1.984,0,0,0.0,0.0,0.0,0.0,0.0,0.0,0.0,0.0,0.0,0.0,0.0,0.0,0.0,0.0,0.0,0.0,0.0,0.0,0.0,0.0,0.0,0.0,0.0,0.0,0.0,0.0,0.0,0.0,0.0,0.0,0.0,0.0,0.0,0.0,0.0,0.0,0.0,0.0,0.0,0.0,0.0,0.0,J,0
0.0,0.0,0.591398,0.088889,1.193548,0.503704,1.462366,0.859259,1.462366,1.192593,0.924731,1.0,1.204301,1.237037,1.107527,0.881481,0.989247,0.607407,0.602151,1.02963,0.935484,1.192593,0.752688,0.725926,0.591398,0.422222,0.268817,1.022222,0.55914,1.118519,0.419355,0.666667,0.268817,0.377778,-0.075269,1.022222,0.16129,1.42963,0.344086,1.681481,0.526882,1.911111,0,0,0.0,0.0,0.0,0.0,0.0,0.0,0.0,0.0,0.0,0.0,0.0,0.0,0.0,0.0,0.0,0.0,0.0,0.0,0.0,0.0,0.0,0.0,0.0,0.0,0.0,0.0,0.0,0.0,0.0,0.0,0.0,0.0,0.0,0.0,0.0,0.0,0.0,0.0,0.0,0.0,0.0,0.0,J,0
0.0,0.0,0.630435,0.146853,1.23913,0.524476,1.48913,0.867133,1.445652,1.174825,0.934783,1.0,1.228261,1.230769,1.108696,0.867133,0.967391,0.601399,0.619565,1.013986,0.945652,1.202797,0.782609,0.762238,0.630435,0.468531,0.271739,1.013986,0.576087,1.097902,0.423913,0.671329,0.25,0.391608,-0.065217,1.006993,0.152174,1.398601,0.336957,1.622378,0.51087,1.832168,0,0,0.0,0.0,0.0,0.0,0.0,0.0,0.0,0.0,0.0,0.0,0.0,0.0,0.0,0.0,0.0,0.0,0.0,0.0,0.0,0.0,0.0,0.0,0.0,0.0,0.0,0.0,0.0,0.0,0.0,0.0,0.0,0.0,0.0,0.0,0.0,0.0,0.0,0.0,0.0,0.0,0.0,0.0,J,0
0.0,0.0,0.639175,0.163265,1.185567,0.537415,1.412371,0.863946,1.350515,1.156463,0.948454,1.0,1.206186,1.197279,1.092784,0.85034,0.958763,0.605442,0.618557,1.013605,0.896907,1.163265,0.742268,0.741497,0.587629,0.469388,0.28866,1.006803,0.56701,1.07483,0.42268,0.659864,0.278351,0.387755,-0.051546,0.986395,0.154639,1.360544,0.309278,1.585034,0.484536,1.77551,0,0,0.0,0.0,0.0,0.0,0.0,0.0,0.0,0.0,0.0,0.0,0.0,0.0,0.0,0.0,0.0,0.0,0.0,0.0,0.0,0.0,0.0,0.0,0.0,0.0,0.0,0.0,0.0,0.0,0.0,0.0,0.0,0.0,0.0,0.0,0.0,0.0,0.0,0.0,0.0,0.0,0.0,0.0,J,0
0.0,0.0,0.648936,0.141844,1.212766,0.510638,1.468085,0.843972,1.43617,1.156028,0.978723,1.0,1.255319,1.198582,1.138298,0.843972,0.989362,0.595745,0.659574,1.014184,0.93617,1.156028,0.765957,0.730496,0.595745,0.453901,0.319149,1.007092,0.617021,1.092199,0.457447,0.680851,0.287234,0.411348,-0.021277,1.0,0.191489,1.397163,0.37234,1.631206,0.553191,1.829787,0,0,0.0,0.0,0.0,0.0,0.0,0.0,0.0,0.0,0.0,0.0,0.0,0.0,0.0,0.0,0.0,0.0,0.0,0.0,0.0,0.0,0.0,0.0,0.0,0.0,0.0,0.0,0.0,0.0,0.0,0.0,0.0,0.0,0.0,0.0,0.0,0.0,0.0,0.0,0.0,0.0,0.0,0.0,J,0
0.0,0.0,0.670455,0.141844,1.284091,0.531915,1.568182,0.87234,1.590909,1.198582,1.0,1.0,1.318182,1.22695,1.181818,0.87234,1.022727,0.609929,0.670455,1.021277,1.045455,1.205674,0.829545,0.758865,0.647727,0.460993,0.340909,1.028369,0.681818,1.120567,0.5,0.695035,0.306818,0.41844,0.0,1.035461,0.25,1.41844,0.454545,1.64539,0.670455,1.843972,0,0,0.0,0.0,0.0,0.0,0.0,0.0,0.0,0.0,0.0,0.0,0.0,0.0,0.0,0.0,0.0,0.0,0.0,0.0,0.0,0.0,0.0,0.0,0.0,0.0,0.0,0.0,0.0,0.0,0.0,0.0,0.0,0.0,0.0,0.0,0.0,0.0,0.0,0.0,0.0,0.0,0.0,0.0,J,0
0.0,0.0,0.655556,0.135714,1.255556,0.521429,1.555556,0.857143,1.588889,1.178571,1.0,1.0,1.322222,1.25,1.188889,0.885714,1.033333,0.621429,0.677778,1.021429,1.033333,1.192857,0.844444,0.742857,0.655556,0.442857,0.344444,1.021429,0.655556,1.121429,0.5,0.685714,0.333333,0.392857,0.0,1.021429,0.233333,1.414286,0.422222,1.642857,0.6,1.85,0,0,0.0,0.0,0.0,0.0,0.0,0.0,0.0,0.0,0.0,0.0,0.0,0.0,0.0,0.0,0.0,0.0,0.0,0.0,0.0,0.0,0.0,0.0,0.0,0.0,0.0,0.0,0.0,0.0,0.0,0.0,0.0,0.0,0.0,0.0,0.0,0.0,0.0,0.0,0.0,0.0,0.0,0.0,J,0
0.0,0.0,0.638298,0.152174,1.191489,0.543478,1.457447,0.884058,1.446809,1.202899,0.978723,1.0,1.297872,1.282609,1.159574,0.92029,1.0,0.652174,0.659574,1.014493,0.946809,1.210145,0.787234,0.746377,0.638298,0.463768,0.319149,1.007246,0.595745,1.123188,0.468085,0.666667,0.319149,0.376812,-0.021277,1.007246,0.202128,1.427536,0.37234,1.65942,0.542553,1.891304,0,0,0.0,0.0,0.0,0.0,0.0,0.0,0.0,0.0,0.0,0.0,0.0,0.0,0.0,0.0,0.0,0.0,0.0,0.0,0.0,0.0,0.0,0.0,0.0,0.0,0.0,0.0,0.0,0.0,0.0,0.0,0.0,0.0,0.0,0.0,0.0,0.0,0.0,0.0,0.0,0.0,0.0,0.0,J,0
0.0,0.0,0.644444,0.165517,1.222222,0.551724,1.488889,0.889655,1.455556,1.193103,0.944444,1.0,1.266667,1.255172,1.122222,0.910345,0.977778,0.662069,0.622222,1.013793,0.933333,1.2,0.755556,0.758621,0.611111,0.482759,0.288889,1.006897,0.577778,1.124138,0.433333,0.689655,0.288889,0.406897,-0.055556,1.006897,0.155556,1.393103,0.311111,1.613793,0.477778,1.827586,0,0,0.0,0.0,0.0,0.0,0.0,0.0,0.0,0.0,0.0,0.0,0.0,0.0,0.0,0.0,0.0,0.0,0.0,0.0,0.0,0.0,0.0,0.0,0.0,0.0,0.0,0.0,0.0,0.0,0.0,0.0,0.0,0.0,0.0,0.0,0.0,0.0,0.0,0.0,0.0,0.0,0.0,0.0,J,0
0.0,0.0,0.662921,0.185897,1.213483,0.544872,1.426966,0.865385,1.359551,1.141026,0.853933,1.0,1.168539,1.198718,1.05618,0.858974,0.910112,0.628205,0.516854,0.987179,0.831461,1.096154,0.685393,0.673077,0.539326,0.423077,0.191011,0.955128,0.449438,1.025641,0.348315,0.628205,0.224719,0.378205,-0.146067,0.910256,0.022472,1.282051,0.191011,1.49359,0.359551,1.685897,0,0,0.0,0.0,0.0,0.0,0.0,0.0,0.0,0.0,0.0,0.0,0.0,0.0,0.0,0.0,0.0,0.0,0.0,0.0,0.0,0.0,0.0,0.0,0.0,0.0,0.0,0.0,0.0,0.0,0.0,0.0,0.0,0.0,0.0,0.0,0.0,0.0,0.0,0.0,0.0,0.0,0.0,0.0,J,0
0.0,0.0,0.55102,0.233333,0.979592,0.546667,1.102041,0.846667,0.989796,1.113333,0.632653,1.0,0.816327,1.226667,0.785714,0.926667,0.704082,0.673333,0.285714,0.98,0.5,1.026667,0.418367,0.64,0.326531,0.386667,-0.040816,0.92,0.153061,0.946667,0.112245,0.593333,0.061224,0.353333,-0.367347,0.833333,-0.295918,1.166667,-0.214286,1.353333,-0.122449,1.506667,0,0,0.0,0.0,0.0,0.0,0.0,0.0,0.0,0.0,0.0,0.0,0.0,0.0,0.0,0.0,0.0,0.0,0.0,0.0,0.0,0.0,0.0,0.0,0.0,0.0,0.0,0.0,0.0,0.0,0.0,0.0,0.0,0.0,0.0,0.0,0.0,0.0,0.0,0.0,0.0,0.0,0.0,0.0,J,0
0.0,0.0,0.463158,0.042553,0.905263,0.265957,1.010526,0.531915,0.821053,0.691489,0.747368,1.0,0.957895,1.021277,1.073684,0.702128,1.063158,0.37234,0.410526,1.106383,0.621053,0.808511,0.631579,0.255319,0.536842,-0.159574,0.063158,1.031915,0.305263,0.5,0.336842,-0.010638,0.284211,-0.351064,-0.252632,0.851064,0.052632,0.43617,0.105263,0.042553,0.073684,-0.212766,-0.06315789473684211,0.6808510638297872,0.0,0.0,0.568421,0.205128,1.010526,0.49359,1.157895,0.75641,1.010526,0.948718,0.642105,1.0,0.894737,1.044872,0.936842,0.801282,0.894737,0.615385,0.284211,1.00641,0.547368,0.916667,0.568421,0.647436,0.526316,0.448718,-0.052632,0.935897,0.242105,0.769231,0.252632,0.49359,0.221053,0.294872,-0.357895,0.807692,-0.115789,0.730769,-0.021053,0.538462,0.010526,0.378205,J,0
0.0,0.0,0.40625,0.122222,0.84375,0.255556,1.177083,0.277778,1.395833,0.2,0.770833,1.0,1.0625,0.7,1.177083,0.411111,1.208333,0.222222,0.40625,0.966667,0.875,0.366667,0.916667,0.0,0.864583,-0.155556,0.072917,0.744444,0.5625,0.011111,0.59375,-0.288889,0.541667,-0.377778,-0.229167,0.422222,0.208333,-0.144444,0.395833,-0.455556,0.479167,-0.622222,0.16666666666666666,0.7777777777777778,0.0,0.0,0.576923,0.127389,1.0,0.324841,1.182692,0.509554,1.096154,0.649682,0.701923,1.0,0.980769,0.757962,0.942308,0.55414,0.865385,0.515924,0.336538,0.987261,0.692308,0.605096,0.663462,0.394904,0.576923,0.363057,0.0,0.866242,0.375,0.471338,0.384615,0.292994,0.317308,0.273885,-0.298077,0.694268,0.038462,0.401274,0.192308,0.210191,0.288462,0.133758,J,0
0.0,0.0,0.656566,0.15,1.212121,0.307143,1.555556,0.385714,1.707071,0.378571,1.10101,1.0,1.494949,0.564286,1.393939,0.421429,1.292929,0.478571,0.747475,0.942857,1.20202,0.357143,1.050505,0.235714,0.909091,0.328571,0.414141,0.778571,0.858586,0.228571,0.757576,0.135714,0.646465,0.207143,0.10101,0.564286,0.484848,0.171429,0.626263,0.014286,0.727273,-0.035714,0,0,0.0,0.0,0.0,0.0,0.0,0.0,0.0,0.0,0.0,0.0,0.0,0.0,0.0,0.0,0.0,0.0,0.0,0.0,0.0,0.0,0.0,0.0,0.0,0.0,0.0,0.0,0.0,0.0,0.0,0.0,0.0,0.0,0.0,0.0,0.0,0.0,0.0,0.0,0.0,0.0,0.0,0.0,J,0
0.0,0.0,0.77551,0.086957,1.428571,0.278261,1.908163,0.365217,2.27551,0.356522,1.44898,1.0,1.877551,0.4,1.673469,0.208696,1.479592,0.269565,1.091837,0.904348,1.612245,0.252174,1.387755,0.121739,1.173469,0.217391,0.765306,0.730435,1.244898,0.13913,1.061224,0.034783,0.867347,0.121739,0.44898,0.513043,0.938776,0.095652,0.846939,0.0,0.693878,0.06087,0,0,0.0,0.0,0.0,0.0,0.0,0.0,0.0,0.0,0.0,0.0,0.0,0.0,0.0,0.0,0.0,0.0,0.0,0.0,0.0,0.0,0.0,0.0,0.0,0.0,0.0,0.0,0.0,0.0,0.0,0.0,0.0,0.0,0.0,0.0,0.0,0.0,0.0,0.0,0.0,0.0,0.0,0.0,J,0
0.0,0.0,1.031746,0.02,2.174603,0.19,3.015873,0.27,3.666667,0.34,2.380952,1.0,3.238095,0.47,2.904762,0.25,2.52381,0.3,2.047619,0.93,2.984127,0.29,2.603175,0.14,2.238095,0.24,1.698413,0.74,2.619048,0.15,2.285714,0.02,1.968254,0.11,1.380952,0.48,2.222222,0.0,1.984127,-0.11,1.698413,-0.04,0,0,0.0,0.0,0.0,0.0,0.0,0.0,0.0,0.0,0.0,0.0,0.0,0.0,0.0,0.0,0.0,0.0,0.0,0.0,0.0,0.0,0.0,0.0,0.0,0.0,0.0,0.0,0.0,0.0,0.0,0.0,0.0,0.0,0.0,0.0,0.0,0.0,0.0,0.0,0.0,0.0,0.0,0.0,J,0
0.0,0.0,2.363636,0.150442,5.090909,0.336283,7.136364,0.39823,8.409091,0.415929,5.727273,1.0,9.090909,0.575221,8.227273,0.362832,7.045455,0.362832,5.318182,0.893805,8.727273,0.380531,7.727273,0.19469,6.5,0.212389,5.0,0.690265,8.227273,0.185841,7.227273,0.035398,6.136364,0.070796,4.727273,0.424779,7.409091,0.026549,6.636364,-0.106195,5.727273,-0.079646,0,0,0.0,0.0,0.0,0.0,0.0,0.0,0.0,0.0,0.0,0.0,0.0,0.0,0.0,0.0,0.0,0.0,0.0,0.0,0.0,0.0,0.0,0.0,0.0,0.0,0.0,0.0,0.0,0.0,0.0,0.0,0.0,0.0,0.0,0.0,0.0,0.0,0.0,0.0,0.0,0.0,0.0,0.0,J,0
0.0,0.0,0.842105,0.410526,2.631579,0.726316,4.578947,0.821053,6.263158,0.768421,2.684211,1.0,5.263158,1.094737,7.157895,1.031579,8.421053,0.884211,2.842105,0.831579,5.421053,0.905263,7.421053,0.8,8.736842,0.631579,3.210526,0.557895,5.789474,0.589474,7.578947,0.463158,8.842105,0.294737,3.684211,0.2,6.0,0.2,7.473684,0.136842,8.684211,0.042105,0,0,0.0,0.0,0.0,0.0,0.0,0.0,0.0,0.0,0.0,0.0,0.0,0.0,0.0,0.0,0.0,0.0,0.0,0.0,0.0,0.0,0.0,0.0,0.0,0.0,0.0,0.0,0.0,0.0,0.0,0.0,0.0,0.0,0.0,0.0,0.0,0.0,0.0,0.0,0.0,0.0,0.0,0.0,J,0
0.0,0.0,-0.105263,0.417323,0.276316,0.889764,0.842105,1.204724,1.315789,1.330709,0.302632,1.0,1.263158,1.251969,1.197368,1.070866,0.947368,0.952756,0.644737,0.76378,1.486842,0.984252,1.381579,0.826772,1.131579,0.716535,1.0,0.503937,1.697368,0.708661,1.565789,0.598425,1.289474,0.503937,1.302632,0.283465,1.973684,0.559055,2.394737,0.700787,2.723684,0.818898,0,0,0.0,0.0,0.0,0.0,0.0,0.0,0.0,0.0,0.0,0.0,0.0,0.0,0.0,0.0,0.0,0.0,0.0,0.0,0.0,0.0,0.0,0.0,0.0,0.0,0.0,0.0,0.0,0.0,0.0,0.0,0.0,0.0,0.0,0.0,0.0,0.0,0.0,0.0,0.0,0.0,0.0,0.0,J,0
0.0,0.0,-0.153846,0.394558,0.131868,0.863946,0.626374,1.210884,1.021978,1.367347,0.098901,1.0,0.945055,1.285714,0.912088,1.068027,0.703297,0.945578,0.43956,0.802721,1.197802,1.068027,1.131868,0.877551,0.923077,0.768707,0.78022,0.591837,1.395604,0.843537,1.318681,0.70068,1.120879,0.598639,1.098901,0.421769,1.659341,0.707483,2.0,0.863946,2.263736,1.013605,0,0,0.0,0.0,0.0,0.0,0.0,0.0,0.0,0.0,0.0,0.0,0.0,0.0,0.0,0.0,0.0,0.0,0.0,0.0,0.0,0.0,0.0,0.0,0.0,0.0,0.0,0.0,0.0,0.0,0.0,0.0,0.0,0.0,0.0,0.0,0.0,0.0,0.0,0.0,0.0,0.0,0.0,0.0,J,0
0.0,0.0,-0.11828,0.410256,0.150538,0.839744,0.634409,1.147436,1.0,1.275641,0.107527,1.0,0.924731,1.275641,0.946237,1.089744,0.731183,0.967949,0.44086,0.814103,1.182796,1.051282,1.139785,0.878205,0.935484,0.775641,0.795699,0.602564,1.387097,0.826923,1.322581,0.692308,1.107527,0.602564,1.107527,0.423077,1.645161,0.730769,1.967742,0.878205,2.204301,1.00641,0,0,0.0,0.0,0.0,0.0,0.0,0.0,0.0,0.0,0.0,0.0,0.0,0.0,0.0,0.0,0.0,0.0,0.0,0.0,0.0,0.0,0.0,0.0,0.0,0.0,0.0,0.0,0.0,0.0,0.0,0.0,0.0,0.0,0.0,0.0,0.0,0.0,0.0,0.0,0.0,0.0,0.0,0.0,J,0
0.0,0.0,-0.106383,0.409938,0.159574,0.832298,0.62766,1.15528,0.957447,1.291925,0.106383,1.0,0.914894,1.254658,0.925532,1.068323,0.712766,0.950311,0.446809,0.819876,1.170213,1.037267,1.12766,0.869565,0.914894,0.776398,0.797872,0.621118,1.361702,0.826087,1.308511,0.695652,1.095745,0.608696,1.106383,0.440994,1.659574,0.732919,1.978723,0.863354,2.202128,0.987578,0,0,0.0,0.0,0.0,0.0,0.0,0.0,0.0,0.0,0.0,0.0,0.0,0.0,0.0,0.0,0.0,0.0,0.0,0.0,0.0,0.0,0.0,0.0,0.0,0.0,0.0,0.0,0.0,0.0,0.0,0.0,0.0,0.0,0.0,0.0,0.0,0.0,0.0,0.0,0.0,0.0,0.0,0.0,J,0
0.0,0.0,-0.094737,0.403727,0.168421,0.826087,0.631579,1.142857,0.968421,1.291925,0.105263,1.0,0.926316,1.26087,0.936842,1.068323,0.736842,0.956522,0.442105,0.819876,1.189474,1.049689,1.147368,0.875776,0.936842,0.776398,0.789474,0.621118,1.378947,0.838509,1.315789,0.701863,1.105263,0.608696,1.105263,0.447205,1.642105,0.745342,1.968421,0.881988,2.2,1.006211,0,0,0.0,0.0,0.0,0.0,0.0,0.0,0.0,0.0,0.0,0.0,0.0,0.0,0.0,0.0,0.0,0.0,0.0,0.0,0.0,0.0,0.0,0.0,0.0,0.0,0.0,0.0,0.0,0.0,0.0,0.0,0.0,0.0,0.0,0.0,0.0,0.0,0.0,0.0,0.0,0.0,0.0,0.0,J,0
0.0,0.0,-0.185185,0.460177,0.123457,0.973451,0.62963,1.336283,1.012346,1.513274,0.098765,1.0,0.962963,1.345133,0.901235,1.141593,0.679012,1.017699,0.419753,0.743363,1.246914,1.088496,1.148148,0.902655,0.938272,0.778761,0.765432,0.477876,1.469136,0.778761,1.345679,0.654867,1.098765,0.530973,1.098765,0.274336,1.765432,0.60177,2.148148,0.814159,2.432099,0.99115,-0.16049382716049382,0.415929203539823,0.0,0.0,-0.094737,0.417178,0.178947,0.828221,0.652632,1.128834,1.021053,1.269939,0.126316,1.0,0.947368,1.251534,0.957895,1.07362,0.757895,0.957055,0.473684,0.828221,1.210526,1.04908,1.157895,0.871166,0.947368,0.773006,0.821053,0.631902,1.4,0.834356,1.326316,0.699387,1.115789,0.607362,1.126316,0.460123,1.663158,0.742331,1.989474,0.871166,2.221053,0.98773,J,0
0.0,0.0,-0.085106,0.411043,0.202128,0.822086,0.680851,1.147239,0.989362,1.306748,0.106383,1.0,0.946809,1.251534,0.957447,1.067485,0.755319,0.95092,0.43617,0.815951,1.202128,1.04908,1.148936,0.883436,0.93617,0.773006,0.787234,0.625767,1.393617,0.840491,1.319149,0.705521,1.106383,0.613497,1.106383,0.447853,1.659574,0.742331,1.989362,0.871166,2.223404,0.98773,0,0,0.0,0.0,0.0,0.0,0.0,0.0,0.0,0.0,0.0,0.0,0.0,0.0,0.0,0.0,0.0,0.0,0.0,0.0,0.0,0.0,0.0,0.0,0.0,0.0,0.0,0.0,0.0,0.0,0.0,0.0,0.0,0.0,0.0,0.0,0.0,0.0,0.0,0.0,0.0,0.0,0.0,0.0,J,0
0.0,0.0,-0.086957,0.415094,0.195652,0.842767,0.695652,1.138365,1.086957,1.257862,0.108696,1.0,0.967391,1.295597,1.01087,1.100629,0.815217,0.981132,0.434783,0.81761,1.217391,1.069182,1.184783,0.886792,0.967391,0.779874,0.782609,0.622642,1.423913,0.842767,1.358696,0.704403,1.130435,0.610063,1.108696,0.446541,1.673913,0.742138,2.021739,0.880503,2.271739,1.006289,0,0,0.0,0.0,0.0,0.0,0.0,0.0,0.0,0.0,0.0,0.0,0.0,0.0,0.0,0.0,0.0,0.0,0.0,0.0,0.0,0.0,0.0,0.0,0.0,0.0,0.0,0.0,0.0,0.0,0.0,0.0,0.0,0.0,0.0,0.0,0.0,0.0,0.0,0.0,0.0,0.0,0.0,0.0,J,0
0.0,0.0,-0.094737,0.394904,0.168421,0.828025,0.610526,1.159236,0.957895,1.312102,0.042105,1.0,0.884211,1.280255,0.905263,1.082803,0.726316,0.968153,0.357895,0.815287,1.126316,1.076433,1.094737,0.898089,0.905263,0.789809,0.705263,0.624204,1.347368,0.878981,1.294737,0.738854,1.084211,0.649682,1.042105,0.452229,1.568421,0.745223,1.905263,0.89172,2.157895,1.025478,0,0,0.0,0.0,0.0,0.0,0.0,0.0,0.0,0.0,0.0,0.0,0.0,0.0,0.0,0.0,0.0,0.0,0.0,0.0,0.0,0.0,0.0,0.0,0.0,0.0,0.0,0.0,0.0,0.0,0.0,0.0,0.0,0.0,0.0,0.0,0.0,0.0,0.0,0.0,0.0,0.0,0.0,0.0,J,0
0.0,0.0,-0.105263,0.39375,0.157895,0.81875,0.6,1.1375,0.905263,1.3,0.042105,1.0,0.852632,1.25625,0.884211,1.05625,0.684211,0.94375,0.378947,0.83125,1.115789,1.075,1.094737,0.8875,0.884211,0.76875,0.726316,0.64375,1.315789,0.8625,1.263158,0.70625,1.042105,0.60625,1.042105,0.46875,1.568421,0.75,1.894737,0.8875,2.126316,1.01875,0,0,0.0,0.0,0.0,0.0,0.0,0.0,0.0,0.0,0.0,0.0,0.0,0.0,0.0,0.0,0.0,0.0,0.0,0.0,0.0,0.0,0.0,0.0,0.0,0.0,0.0,0.0,0.0,0.0,0.0,0.0,0.0,0.0,0.0,0.0,0.0,0.0,0.0,0.0,0.0,0.0,0.0,0.0,J,0
0.0,0.0,-0.125,0.396226,0.104167,0.81761,0.541667,1.125786,0.885417,1.264151,0.03125,1.0,0.833333,1.257862,0.833333,1.069182,0.625,0.949686,0.375,0.823899,1.09375,1.069182,1.041667,0.886792,0.84375,0.773585,0.71875,0.63522,1.291667,0.855346,1.21875,0.710692,1.0,0.610063,1.03125,0.465409,1.552083,0.761006,1.864583,0.899371,2.09375,1.025157,0,0,0.0,0.0,0.0,0.0,0.0,0.0,0.0,0.0,0.0,0.0,0.0,0.0,0.0,0.0,0.0,0.0,0.0,0.0,0.0,0.0,0.0,0.0,0.0,0.0,0.0,0.0,0.0,0.0,0.0,0.0,0.0,0.0,0.0,0.0,0.0,0.0,0.0,0.0,0.0,0.0,0.0,0.0,J,0
0.0,0.0,-0.114583,0.395062,0.125,0.808642,0.572917,1.117284,0.864583,1.271605,0.03125,1.0,0.8125,1.246914,0.833333,1.061728,0.625,0.944444,0.364583,0.82716,1.072917,1.049383,1.041667,0.876543,0.84375,0.771605,0.708333,0.635802,1.28125,0.851852,1.229167,0.716049,1.03125,0.617284,1.03125,0.462963,1.552083,0.759259,1.864583,0.895062,2.083333,1.012346,0,0,0.0,0.0,0.0,0.0,0.0,0.0,0.0,0.0,0.0,0.0,0.0,0.0,0.0,0.0,0.0,0.0,0.0,0.0,0.0,0.0,0.0,0.0,0.0,0.0,0.0,0.0,0.0,0.0,0.0,0.0,0.0,0.0,0.0,0.0,0.0,0.0,0.0,0.0,0.0,0.0,0.0,0.0,J,0
0.0,0.0,-0.115789,0.395062,0.115789,0.808642,0.568421,1.123457,0.905263,1.271605,0.031579,1.0,0.842105,1.240741,0.863158,1.04321,0.652632,0.932099,0.368421,0.82716,1.094737,1.049383,1.063158,0.858025,0.852632,0.753086,0.715789,0.641975,1.305263,0.845679,1.242105,0.691358,1.031579,0.58642,1.031579,0.469136,1.557895,0.759259,1.884211,0.888889,2.126316,1.006173,0,0,0.0,0.0,0.0,0.0,0.0,0.0,0.0,0.0,0.0,0.0,0.0,0.0,0.0,0.0,0.0,0.0,0.0,0.0,0.0,0.0,0.0,0.0,0.0,0.0,0.0,0.0,0.0,0.0,0.0,0.0,0.0,0.0,0.0,0.0,0.0,0.0,0.0,0.0,0.0,0.0,0.0,0.0,J,0
0.0,0.0,0.55,0.04,1.116667,0.386667,1.416667,0.733333,1.366667,1.053333,0.933333,1.0,1.15,1.266667,1.033333,0.906667,0.916667,0.653333,0.616667,1.053333,0.833333,1.2,0.683333,0.733333,0.533333,0.44,0.266667,1.08,0.483333,1.2,0.433333,0.733333,0.35,0.413333,-0.066667,1.106667,0.066667,1.586667,0.183333,1.893333,0.316667,2.16,0,0,0.0,0.0,0.0,0.0,0.0,0.0,0.0,0.0,0.0,0.0,0.0,0.0,0.0,0.0,0.0,0.0,0.0,0.0,0.0,0.0,0.0,0.0,0.0,0.0,0.0,0.0,0.0,0.0,0.0,0.0,0.0,0.0,0.0,0.0,0.0,0.0,0.0,0.0,0.0,0.0,0.0,0.0,J,1
0.0,0.0,0.610169,0.065789,1.169492,0.434211,1.457627,0.776316,1.389831,1.078947,0.932203,1.0,1.186441,1.276316,1.084746,0.907895,0.966102,0.618421,0.627119,1.039474,0.847458,1.210526,0.728814,0.75,0.610169,0.447368,0.288136,1.065789,0.491525,1.197368,0.440678,0.736842,0.355932,0.421053,-0.067797,1.105263,0.084746,1.565789,0.220339,1.868421,0.355932,2.118421,0,0,0.0,0.0,0.0,0.0,0.0,0.0,0.0,0.0,0.0,0.0,0.0,0.0,0.0,0.0,0.0,0.0,0.0,0.0,0.0,0.0,0.0,0.0,0.0,0.0,0.0,0.0,0.0,0.0,0.0,0.0,0.0,0.0,0.0,0.0,0.0,0.0,0.0,0.0,0.0,0.0,0.0,0.0,J,1
0.0,0.0,0.62069,0.090909,1.172414,0.454545,1.465517,0.792208,1.37931,1.090909,0.913793,1.0,1.172414,1.285714,1.086207,0.922078,0.965517,0.636364,0.603448,1.038961,0.844828,1.207792,0.706897,0.753247,0.586207,0.441558,0.258621,1.064935,0.482759,1.194805,0.413793,0.74026,0.310345,0.428571,-0.086207,1.103896,0.068966,1.571429,0.189655,1.857143,0.327586,2.116883,0,0,0.0,0.0,0.0,0.0,0.0,0.0,0.0,0.0,0.0,0.0,0.0,0.0,0.0,0.0,0.0,0.0,0.0,0.0,0.0,0.0,0.0,0.0,0.0,0.0,0.0,0.0,0.0,0.0,0.0,0.0,0.0,0.0,0.0,0.0,0.0,0.0,0.0,0.0,0.0,0.0,0.0,0.0,J,1
0.0,0.0,0.637931,0.102564,1.189655,0.474359,1.465517,0.807692,1.37931,1.102564,0.913793,1.0,1.172414,1.282051,1.086207,0.923077,0.948276,0.628205,0.603448,1.038462,0.844828,1.217949,0.706897,0.75641,0.586207,0.448718,0.258621,1.064103,0.482759,1.205128,0.413793,0.75641,0.327586,0.435897,-0.086207,1.102564,0.068966,1.551282,0.189655,1.846154,0.327586,2.102564,0,0,0.0,0.0,0.0,0.0,0.0,0.0,0.0,0.0,0.0,0.0,0.0,0.0,0.0,0.0,0.0,0.0,0.0,0.0,0.0,0.0,0.0,0.0,0.0,0.0,0.0,0.0,0.0,0.0,0.0,0.0,0.0,0.0,0.0,0.0,0.0,0.0,0.0,0.0,0.0,0.0,0.0,0.0,J,1
0.0,0.0,0.627119,0.076923,1.169492,0.435897,1.440678,0.782051,1.355932,1.076923,0.915254,1.0,1.169492,1.25641,1.067797,0.884615,0.932203,0.602564,0.610169,1.038462,0.847458,1.192308,0.711864,0.730769,0.576271,0.423077,0.254237,1.064103,0.474576,1.192308,0.423729,0.730769,0.338983,0.423077,-0.084746,1.089744,0.067797,1.551282,0.186441,1.833333,0.322034,2.089744,0,0,0.0,0.0,0.0,0.0,0.0,0.0,0.0,0.0,0.0,0.0,0.0,0.0,0.0,0.0,0.0,0.0,0.0,0.0,0.0,0.0,0.0,0.0,0.0,0.0,0.0,0.0,0.0,0.0,0.0,0.0,0.0,0.0,0.0,0.0,0.0,0.0,0.0,0.0,0.0,0.0,0.0,0.0,J,1
0.0,0.0,0.627119,0.076923,1.169492,0.448718,1.440678,0.794872,1.338983,1.089744,0.915254,1.0,1.169492,1.269231,1.067797,0.897436,0.932203,0.589744,0.59322,1.038462,0.830508,1.205128,0.711864,0.74359,0.59322,0.435897,0.254237,1.064103,0.474576,1.179487,0.423729,0.730769,0.338983,0.423077,-0.084746,1.089744,0.067797,1.551282,0.186441,1.833333,0.322034,2.089744,0,0,0.0,0.0,0.0,0.0,0.0,0.0,0.0,0.0,0.0,0.0,0.0,0.0,0.0,0.0,0.0,0.0,0.0,0.0,0.0,0.0,0.0,0.0,0.0,0.0,0.0,0.0,0.0,0.0,0.0,0.0,0.0,0.0,0.0,0.0,0.0,0.0,0.0,0.0,0.0,0.0,0.0,0.0,J,1
0.0,0.0,0.610169,0.089744,1.152542,0.448718,1.423729,0.782051,1.355932,1.076923,0.898305,1.0,1.152542,1.282051,1.050847,0.910256,0.932203,0.615385,0.59322,1.038462,0.830508,1.205128,0.694915,0.74359,0.576271,0.448718,0.254237,1.064103,0.474576,1.205128,0.40678,0.74359,0.322034,0.435897,-0.101695,1.089744,0.050847,1.551282,0.169492,1.846154,0.305085,2.102564,0,0,0.0,0.0,0.0,0.0,0.0,0.0,0.0,0.0,0.0,0.0,0.0,0.0,0.0,0.0,0.0,0.0,0.0,0.0,0.0,0.0,0.0,0.0,0.0,0.0,0.0,0.0,0.0,0.0,0.0,0.0,0.0,0.0,0.0,0.0,0.0,0.0,0.0,0.0,0.0,0.0,0.0,0.0,J,1
0.0,0.0,0.6,0.088608,1.15,0.455696,1.4,0.797468,1.333333,1.088608,0.916667,1.0,1.15,1.278481,1.033333,0.911392,0.916667,0.632911,0.6,1.037975,0.816667,1.202532,0.7,0.746835,0.583333,0.443038,0.266667,1.063291,0.466667,1.189873,0.416667,0.734177,0.333333,0.43038,-0.083333,1.088608,0.066667,1.531646,0.183333,1.822785,0.3,2.075949,0,0,0.0,0.0,0.0,0.0,0.0,0.0,0.0,0.0,0.0,0.0,0.0,0.0,0.0,0.0,0.0,0.0,0.0,0.0,0.0,0.0,0.0,0.0,0.0,0.0,0.0,0.0,0.0,0.0,0.0,0.0,0.0,0.0,0.0,0.0,0.0,0.0,0.0,0.0,0.0,0.0,0.0,0.0,J,1
0.0,0.0,0.637931,0.089744,1.206897,0.461538,1.465517,0.794872,1.37931,1.089744,0.931034,1.0,1.206897,1.282051,1.086207,0.910256,0.948276,0.615385,0.62069,1.038462,0.862069,1.217949,0.724138,0.75641,0.586207,0.448718,0.275862,1.064103,0.5,1.205128,0.431034,0.75641,0.344828,0.435897,-0.068966,1.102564,0.086207,1.551282,0.189655,1.833333,0.310345,2.089744,0,0,0.0,0.0,0.0,0.0,0.0,0.0,0.0,0.0,0.0,0.0,0.0,0.0,0.0,0.0,0.0,0.0,0.0,0.0,0.0,0.0,0.0,0.0,0.0,0.0,0.0,0.0,0.0,0.0,0.0,0.0,0.0,0.0,0.0,0.0,0.0,0.0,0.0,0.0,0.0,0.0,0.0,0.0,J,1
0.0,0.0,0.633333,0.089744,1.183333,0.461538,1.433333,0.807692,1.35,1.102564,0.933333,1.0,1.166667,1.294872,1.066667,0.923077,0.95,0.628205,0.616667,1.038462,0.833333,1.217949,0.716667,0.74359,0.583333,0.448718,0.283333,1.064103,0.483333,1.205128,0.416667,0.74359,0.333333,0.435897,-0.066667,1.102564,0.083333,1.551282,0.2,1.833333,0.316667,2.102564,0,0,0.0,0.0,0.0,0.0,0.0,0.0,0.0,0.0,0.0,0.0,0.0,0.0,0.0,0.0,0.0,0.0,0.0,0.0,0.0,0.0,0.0,0.0,0.0,0.0,0.0,0.0,0.0,0.0,0.0,0.0,0.0,0.0,0.0,0.0,0.0,0.0,0.0,0.0,0.0,0.0,0.0,0.0,J,1
0.0,0.0,0.616667,0.088608,1.166667,0.443038,1.433333,0.797468,1.35,1.088608,0.933333,1.0,1.166667,1.278481,1.066667,0.898734,0.95,0.620253,0.616667,1.037975,0.85,1.202532,0.716667,0.746835,0.583333,0.443038,0.283333,1.063291,0.5,1.202532,0.433333,0.746835,0.333333,0.443038,-0.066667,1.101266,0.1,1.544304,0.2,1.822785,0.316667,2.075949,0,0,0.0,0.0,0.0,0.0,0.0,0.0,0.0,0.0,0.0,0.0,0.0,0.0,0.0,0.0,0.0,0.0,0.0,0.0,0.0,0.0,0.0,0.0,0.0,0.0,0.0,0.0,0.0,0.0,0.0,0.0,0.0,0.0,0.0,0.0,0.0,0.0,0.0,0.0,0.0,0.0,0.0,0.0,J,1
0.0,0.0,0.644068,0.076923,1.20339,0.448718,1.474576,0.782051,1.372881,1.076923,0.932203,1.0,1.186441,1.282051,1.084746,0.910256,0.949153,0.615385,0.627119,1.038462,0.864407,1.205128,0.728814,0.74359,0.576271,0.435897,0.271186,1.064103,0.491525,1.205128,0.440678,0.75641,0.338983,0.448718,-0.067797,1.102564,0.084746,1.551282,0.20339,1.833333,0.322034,2.102564,0,0,0.0,0.0,0.0,0.0,0.0,0.0,0.0,0.0,0.0,0.0,0.0,0.0,0.0,0.0,0.0,0.0,0.0,0.0,0.0,0.0,0.0,0.0,0.0,0.0,0.0,0.0,0.0,0.0,0.0,0.0,0.0,0.0,0.0,0.0,0.0,0.0,0.0,0.0,0.0,0.0,0.0,0.0,J,1
0.0,0.0,0.633333,0.076923,1.166667,0.448718,1.433333,0.794872,1.333333,1.089744,0.916667,1.0,1.15,1.294872,1.05,0.910256,0.916667,0.615385,0.6,1.038462,0.833333,1.217949,0.7,0.74359,0.566667,0.448718,0.266667,1.064103,0.466667,1.205128,0.4,0.74359,0.316667,0.435897,-0.083333,1.102564,0.066667,1.551282,0.183333,1.833333,0.3,2.102564,0,0,0.0,0.0,0.0,0.0,0.0,0.0,0.0,0.0,0.0,0.0,0.0,0.0,0.0,0.0,0.0,0.0,0.0,0.0,0.0,0.0,0.0,0.0,0.0,0.0,0.0,0.0,0.0,0.0,0.0,0.0,0.0,0.0,0.0,0.0,0.0,0.0,0.0,0.0,0.0,0.0,0.0,0.0,J,1
0.0,0.0,0.633333,0.088608,1.183333,0.443038,1.45,0.78481,1.35,1.075949,0.933333,1.0,1.183333,1.265823,1.083333,0.886076,0.95,0.594937,0.616667,1.037975,0.85,1.189873,0.716667,0.721519,0.6,0.417722,0.283333,1.063291,0.5,1.189873,0.433333,0.734177,0.333333,0.417722,-0.066667,1.088608,0.1,1.544304,0.2,1.822785,0.316667,2.075949,0,0,0.0,0.0,0.0,0.0,0.0,0.0,0.0,0.0,0.0,0.0,0.0,0.0,0.0,0.0,0.0,0.0,0.0,0.0,0.0,0.0,0.0,0.0,0.0,0.0,0.0,0.0,0.0,0.0,0.0,0.0,0.0,0.0,0.0,0.0,0.0,0.0,0.0,0.0,0.0,0.0,0.0,0.0,J,1
0.0,0.0,0.610169,0.111111,1.169492,0.444444,1.457627,0.765432,1.372881,1.049383,0.898305,1.0,1.169492,1.222222,1.067797,0.851852,0.949153,0.592593,0.576271,1.037037,0.830508,1.160494,0.711864,0.703704,0.59322,0.419753,0.237288,1.049383,0.474576,1.135802,0.423729,0.691358,0.355932,0.395062,-0.101695,1.049383,0.033898,1.493827,0.152542,1.777778,0.288136,2.024691,0,0,0.0,0.0,0.0,0.0,0.0,0.0,0.0,0.0,0.0,0.0,0.0,0.0,0.0,0.0,0.0,0.0,0.0,0.0,0.0,0.0,0.0,0.0,0.0,0.0,0.0,0.0,0.0,0.0,0.0,0.0,0.0,0.0,0.0,0.0,0.0,0.0,0.0,0.0,0.0,0.0,0.0,0.0,J,1
0.0,0.0,0.627119,0.098765,1.186441,0.444444,1.457627,0.753086,1.423729,1.049383,0.915254,1.0,1.20339,1.222222,1.084746,0.851852,0.966102,0.580247,0.59322,1.037037,0.864407,1.135802,0.728814,0.679012,0.610169,0.395062,0.254237,1.049383,0.508475,1.123457,0.474576,0.666667,0.389831,0.37037,-0.084746,1.037037,0.050847,1.481481,0.169492,1.753086,0.288136,2.012346,0,0,0.0,0.0,0.0,0.0,0.0,0.0,0.0,0.0,0.0,0.0,0.0,0.0,0.0,0.0,0.0,0.0,0.0,0.0,0.0,0.0,0.0,0.0,0.0,0.0,0.0,0.0,0.0,0.0,0.0,0.0,0.0,0.0,0.0,0.0,0.0,0.0,0.0,0.0,0.0,0.0,0.0,0.0,J,1
0.0,0.0,0.627119,0.098765,1.152542,0.45679,1.440678,0.753086,1.389831,1.037037,0.881356,1.0,1.186441,1.209877,1.067797,0.839506,0.949153,0.567901,0.559322,1.037037,0.847458,1.123457,0.694915,0.666667,0.576271,0.37037,0.220339,1.049383,0.491525,1.123457,0.440678,0.679012,0.338983,0.382716,-0.118644,1.049383,0.016949,1.493827,0.135593,1.765432,0.254237,2.0,0,0,0.0,0.0,0.0,0.0,0.0,0.0,0.0,0.0,0.0,0.0,0.0,0.0,0.0,0.0,0.0,0.0,0.0,0.0,0.0,0.0,0.0,0.0,0.0,0.0,0.0,0.0,0.0,0.0,0.0,0.0,0.0,0.0,0.0,0.0,0.0,0.0,0.0,0.0,0.0,0.0,0.0,0.0,J,1
0.0,0.0,0.6,0.075949,1.166667,0.443038,1.45,0.746835,1.4,1.037975,0.916667,1.0,1.2,1.227848,1.083333,0.835443,0.95,0.56962,0.6,1.050633,0.866667,1.151899,0.716667,0.670886,0.583333,0.379747,0.25,1.050633,0.516667,1.126582,0.45,0.670886,0.366667,0.367089,-0.083333,1.063291,0.066667,1.518987,0.183333,1.797468,0.3,2.037975,0,0,0.0,0.0,0.0,0.0,0.0,0.0,0.0,0.0,0.0,0.0,0.0,0.0,0.0,0.0,0.0,0.0,0.0,0.0,0.0,0.0,0.0,0.0,0.0,0.0,0.0,0.0,0.0,0.0,0.0,0.0,0.0,0.0,0.0,0.0,0.0,0.0,0.0,0.0,0.0,0.0,0.0,0.0,J,1
0.0,0.0,0.606557,0.075949,1.163934,0.417722,1.459016,0.721519,1.409836,1.012658,0.918033,1.0,1.213115,1.21519,1.098361,0.835443,0.967213,0.556962,0.590164,1.037975,0.868852,1.126582,0.721311,0.64557,0.57377,0.35443,0.262295,1.050633,0.508197,1.126582,0.459016,0.658228,0.377049,0.35443,-0.081967,1.063291,0.065574,1.518987,0.180328,1.797468,0.327869,2.063291,0,0,0.0,0.0,0.0,0.0,0.0,0.0,0.0,0.0,0.0,0.0,0.0,0.0,0.0,0.0,0.0,0.0,0.0,0.0,0.0,0.0,0.0,0.0,0.0,0.0,0.0,0.0,0.0,0.0,0.0,0.0,0.0,0.0,0.0,0.0,0.0,0.0,0.0,0.0,0.0,0.0,0.0,0.0,J,1
0.0,0.0,0.622951,0.075949,1.180328,0.417722,1.47541,0.721519,1.442623,1.012658,0.934426,1.0,1.229508,1.21519,1.114754,0.835443,0.967213,0.556962,0.606557,1.050633,0.885246,1.126582,0.737705,0.64557,0.590164,0.35443,0.262295,1.063291,0.508197,1.113924,0.459016,0.64557,0.377049,0.341772,-0.065574,1.075949,0.065574,1.518987,0.180328,1.810127,0.327869,2.075949,0,0,0.0,0.0,0.0,0.0,0.0,0.0,0.0,0.0,0.0,0.0,0.0,0.0,0.0,0.0,0.0,0.0,0.0,0.0,0.0,0.0,0.0,0.0,0.0,0.0,0.0,0.0,0.0,0.0,0.0,0.0,0.0,0.0,0.0,0.0,0.0,0.0,0.0,0.0,0.0,0.0,0.0,0.0,J,1
0.0,0.0,0.587302,0.075,1.126984,0.4125,1.428571,0.7125,1.412698,1.0,0.920635,1.0,1.190476,1.2,1.063492,0.8375,0.936508,0.5625,0.587302,1.0375,0.84127,1.125,0.698413,0.65,0.571429,0.35,0.253968,1.0625,0.47619,1.1125,0.428571,0.65,0.365079,0.3375,-0.079365,1.0625,0.031746,1.5125,0.142857,1.8125,0.269841,2.075,0,0,0.0,0.0,0.0,0.0,0.0,0.0,0.0,0.0,0.0,0.0,0.0,0.0,0.0,0.0,0.0,0.0,0.0,0.0,0.0,0.0,0.0,0.0,0.0,0.0,0.0,0.0,0.0,0.0,0.0,0.0,0.0,0.0,0.0,0.0,0.0,0.0,0.0,0.0,0.0,0.0,0.0,0.0,J,1
0.0,0.0,0.59375,0.082353,1.140625,0.4,1.4375,0.670588,1.421875,0.952941,0.90625,1.0,1.203125,1.141176,1.078125,0.776471,0.953125,0.529412,0.578125,1.047059,0.84375,1.047059,0.703125,0.588235,0.59375,0.329412,0.234375,1.035294,0.484375,1.023529,0.4375,0.576471,0.359375,0.294118,-0.09375,1.011765,0.015625,1.435294,0.109375,1.717647,0.21875,1.988235,0,0,0.0,0.0,0.0,0.0,0.0,0.0,0.0,0.0,0.0,0.0,0.0,0.0,0.0,0.0,0.0,0.0,0.0,0.0,0.0,0.0,0.0,0.0,0.0,0.0,0.0,0.0,0.0,0.0,0.0,0.0,0.0,0.0,0.0,0.0,0.0,0.0,0.0,0.0,0.0,0.0,0.0,0.0,J,1
0.0,0.0,0.619048,0.091954,1.174603,0.390805,1.444444,0.666667,1.428571,0.91954,0.904762,1.0,1.222222,1.114943,1.095238,0.758621,0.968254,0.505747,0.571429,1.045977,0.857143,1.011494,0.698413,0.551724,0.587302,0.287356,0.222222,1.034483,0.47619,0.977011,0.444444,0.54023,0.365079,0.264368,-0.095238,1.0,0.0,1.413793,0.079365,1.689655,0.174603,1.942529,0,0,0.0,0.0,0.0,0.0,0.0,0.0,0.0,0.0,0.0,0.0,0.0,0.0,0.0,0.0,0.0,0.0,0.0,0.0,0.0,0.0,0.0,0.0,0.0,0.0,0.0,0.0,0.0,0.0,0.0,0.0,0.0,0.0,0.0,0.0,0.0,0.0,0.0,0.0,0.0,0.0,0.0,0.0,J,1
0.0,0.0,0.625,0.088889,1.15625,0.377778,1.4375,0.622222,1.46875,0.866667,0.890625,1.0,1.234375,1.055556,1.125,0.722222,0.984375,0.477778,0.546875,1.044444,0.875,0.955556,0.734375,0.511111,0.609375,0.255556,0.203125,1.011111,0.515625,0.922222,0.484375,0.5,0.40625,0.222222,-0.109375,0.944444,-0.015625,1.344444,0.0625,1.611111,0.15625,1.855556,0,0,0.0,0.0,0.0,0.0,0.0,0.0,0.0,0.0,0.0,0.0,0.0,0.0,0.0,0.0,0.0,0.0,0.0,0.0,0.0,0.0,0.0,0.0,0.0,0.0,0.0,0.0,0.0,0.0,0.0,0.0,0.0,0.0,0.0,0.0,0.0,0.0,0.0,0.0,0.0,0.0,0.0,0.0,J,1
0.0,0.0,0.693548,0.095745,1.274194,0.340426,1.612903,0.542553,1.693548,0.765957,0.967742,1.0,1.451613,0.957447,1.306452,0.617021,1.129032,0.425532,0.629032,1.031915,1.096774,0.851064,0.935484,0.425532,0.774194,0.212766,0.274194,0.978723,0.709677,0.829787,0.677419,0.414894,0.580645,0.170213,-0.032258,0.882979,0.096774,1.234043,0.177419,1.489362,0.274194,1.723404,0,0,0.0,0.0,0.0,0.0,0.0,0.0,0.0,0.0,0.0,0.0,0.0,0.0,0.0,0.0,0.0,0.0,0.0,0.0,0.0,0.0,0.0,0.0,0.0,0.0,0.0,0.0,0.0,0.0,0.0,0.0,0.0,0.0,0.0,0.0,0.0,0.0,0.0,0.0,0.0,0.0,0.0,0.0,J,1
0.0,0.0,0.75,0.103093,1.316667,0.329897,1.7,0.505155,1.833333,0.721649,0.983333,1.0,1.55,0.907216,1.433333,0.57732,1.25,0.402062,0.633333,1.010309,1.2,0.793814,1.066667,0.391753,0.9,0.185567,0.283333,0.927835,0.783333,0.731959,0.783333,0.329897,0.7,0.103093,-0.016667,0.814433,0.116667,1.134021,0.183333,1.381443,0.266667,1.597938,0,0,0.0,0.0,0.0,0.0,0.0,0.0,0.0,0.0,0.0,0.0,0.0,0.0,0.0,0.0,0.0,0.0,0.0,0.0,0.0,0.0,0.0,0.0,0.0,0.0,0.0,0.0,0.0,0.0,0.0,0.0,0.0,0.0,0.0,0.0,0.0,0.0,0.0,0.0,0.0,0.0,0.0,0.0,J,1
0.0,0.0,0.813559,0.090909,1.355932,0.282828,1.762712,0.434343,1.966102,0.626263,1.033898,1.0,1.644068,0.818182,1.525424,0.484848,1.305085,0.313131,0.677966,0.989899,1.305085,0.69697,1.152542,0.313131,0.983051,0.151515,0.322034,0.868687,0.881356,0.616162,0.881356,0.212121,0.830508,0.0,0.033898,0.707071,0.20339,0.979798,0.237288,1.222222,0.271186,1.454545,0,0,0.0,0.0,0.0,0.0,0.0,0.0,0.0,0.0,0.0,0.0,0.0,0.0,0.0,0.0,0.0,0.0,0.0,0.0,0.0,0.0,0.0,0.0,0.0,0.0,0.0,0.0,0.0,0.0,0.0,0.0,0.0,0.0,0.0,0.0,0.0,0.0,0.0,0.0,0.0,0.0,0.0,0.0,J,1
0.0,0.0,0.912281,0.094737,1.438596,0.252632,1.859649,0.347368,2.210526,0.463158,1.175439,1.0,1.894737,0.694737,1.701754,0.357895,1.473684,0.231579,0.824561,0.968421,1.54386,0.578947,1.350877,0.231579,1.157895,0.084211,0.45614,0.8,1.087719,0.463158,1.105263,0.084211,1.070175,-0.105263,0.175439,0.589474,0.315789,0.778947,0.298246,0.968421,0.263158,1.168421,0,0,0.0,0.0,0.0,0.0,0.0,0.0,0.0,0.0,0.0,0.0,0.0,0.0,0.0,0.0,0.0,0.0,0.0,0.0,0.0,0.0,0.0,0.0,0.0,0.0,0.0,0.0,0.0,0.0,0.0,0.0,0.0,0.0,0.0,0.0,0.0,0.0,0.0,0.0,0.0,0.0,0.0,0.0,J,1
0.0,0.0,0.913793,0.10989,1.448276,0.263736,1.87931,0.351648,2.241379,0.406593,1.155172,1.0,1.913793,0.648352,1.724138,0.318681,1.5,0.186813,0.810345,0.945055,1.586207,0.505495,1.396552,0.131868,1.224138,-0.010989,0.431034,0.758242,1.155172,0.384615,1.137931,0.0,1.068966,-0.175824,0.155172,0.505495,0.362069,0.604396,0.396552,0.747253,0.431034,0.901099,0,0,0.0,0.0,0.0,0.0,0.0,0.0,0.0,0.0,0.0,0.0,0.0,0.0,0.0,0.0,0.0,0.0,0.0,0.0,0.0,0.0,0.0,0.0,0.0,0.0,0.0,0.0,0.0,0.0,0.0,0.0,0.0,0.0,0.0,0.0,0.0,0.0,0.0,0.0,0.0,0.0,0.0,0.0,J,1
0.0,0.0,1.4,0.113636,2.225,0.261364,2.875,0.363636,3.45,0.386364,1.875,1.0,3.025,0.590909,2.625,0.284091,2.275,0.227273,1.525,1.0,2.725,0.443182,2.25,0.125,1.95,0.056818,1.15,0.863636,2.35,0.295455,1.975,-0.034091,1.65,-0.125,0.875,0.613636,1.725,0.352273,1.75,0.147727,1.75,0.045455,0,0,0.0,0.0,0.0,0.0,0.0,0.0,0.0,0.0,0.0,0.0,0.0,0.0,0.0,0.0,0.0,0.0,0.0,0.0,0.0,0.0,0.0,0.0,0.0,0.0,0.0,0.0,0.0,0.0,0.0,0.0,0.0,0.0,0.0,0.0,0.0,0.0,0.0,0.0,0.0,0.0,0.0,0.0,J,1
0.0,0.0,1.428571,0.162162,2.095238,0.27027,2.666667,0.310811,3.238095,0.337838,1.738095,1.0,2.857143,0.567568,2.52381,0.243243,2.095238,0.148649,1.380952,0.878378,2.571429,0.432432,2.119048,0.040541,1.785714,0.0,0.97619,0.662162,2.119048,0.22973,1.809524,-0.121622,1.380952,-0.189189,0.738095,0.405405,1.404762,0.27027,1.619048,0.094595,1.690476,-0.013514,0,0,0.0,0.0,0.0,0.0,0.0,0.0,0.0,0.0,0.0,0.0,0.0,0.0,0.0,0.0,0.0,0.0,0.0,0.0,0.0,0.0,0.0,0.0,0.0,0.0,0.0,0.0,0.0,0.0,0.0,0.0,0.0,0.0,0.0,0.0,0.0,0.0,0.0,0.0,0.0,0.0,0.0,0.0,J,1
0.0,0.0,0.933333,0.1625,1.755556,0.35,2.422222,0.3875,2.911111,0.35,1.466667,1.0,2.577778,0.5875,2.377778,0.3125,2.044444,0.325,1.044444,0.8125,2.333333,0.3,2.044444,0.025,1.733333,0.0375,0.711111,0.55,1.977778,0.1125,1.777778,-0.125,1.466667,-0.1375,0.466667,0.2375,1.488889,0.05,1.6,-0.0875,1.577778,-0.1375,0,0,0.0,0.0,0.0,0.0,0.0,0.0,0.0,0.0,0.0,0.0,0.0,0.0,0.0,0.0,0.0,0.0,0.0,0.0,0.0,0.0,0.0,0.0,0.0,0.0,0.0,0.0,0.0,0.0,0.0,0.0,0.0,0.0,0.0,0.0,0.0,0.0,0.0,0.0,0.0,0.0,0.0,0.0,J,1
0.0,0.0,0.837209,0.2125,1.767442,0.4125,2.581395,0.4,3.116279,0.35,1.488372,1.0,2.697674,0.625,2.511628,0.375,2.162791,0.4125,1.069767,0.8125,2.465116,0.35,2.162791,0.1625,1.860465,0.225,0.744186,0.5375,2.116279,0.1375,1.883721,0.0,1.604651,0.025,0.488372,0.2125,1.55814,0.0,1.767442,-0.125,1.883721,-0.175,0,0,0.0,0.0,0.0,0.0,0.0,0.0,0.0,0.0,0.0,0.0,0.0,0.0,0.0,0.0,0.0,0.0,0.0,0.0,0.0,0.0,0.0,0.0,0.0,0.0,0.0,0.0,0.0,0.0,0.0,0.0,0.0,0.0,0.0,0.0,0.0,0.0,0.0,0.0,0.0,0.0,0.0,0.0,J,1
0.0,0.0,0.947368,0.256098,2.026316,0.45122,2.973684,0.45122,3.552632,0.390244,1.631579,1.0,3.078947,0.646341,2.868421,0.402439,2.473684,0.414634,1.157895,0.792683,2.789474,0.353659,2.526316,0.158537,2.184211,0.182927,0.842105,0.5,2.473684,0.134146,2.315789,-0.02439,2.026316,-0.012195,0.631579,0.158537,1.815789,-0.02439,2.315789,-0.146341,2.736842,-0.219512,0,0,0.0,0.0,0.0,0.0,0.0,0.0,0.0,0.0,0.0,0.0,0.0,0.0,0.0,0.0,0.0,0.0,0.0,0.0,0.0,0.0,0.0,0.0,0.0,0.0,0.0,0.0,0.0,0.0,0.0,0.0,0.0,0.0,0.0,0.0,0.0,0.0,0.0,0.0,0.0,0.0,0.0,0.0,J,1
0.0,0.0,1.107143,0.309524,2.642857,0.511905,4.071429,0.535714,4.892857,0.511905,2.107143,1.0,4.214286,0.702381,3.892857,0.464286,3.321429,0.47619,1.642857,0.77381,3.928571,0.392857,3.5,0.202381,3.0,0.202381,1.321429,0.440476,3.607143,0.154762,3.25,0.02381,2.714286,0.02381,1.107143,0.095238,2.714286,-0.047619,3.535714,-0.142857,4.178571,-0.202381,0,0,0.0,0.0,0.0,0.0,0.0,0.0,0.0,0.0,0.0,0.0,0.0,0.0,0.0,0.0,0.0,0.0,0.0,0.0,0.0,0.0,0.0,0.0,0.0,0.0,0.0,0.0,0.0,0.0,0.0,0.0,0.0,0.0,0.0,0.0,0.0,0.0,0.0,0.0,0.0,0.0,0.0,0.0,J,1
0.0,0.0,1.304348,0.318182,3.130435,0.545455,4.913043,0.613636,5.956522,0.579545,2.521739,1.0,5.130435,0.75,4.826087,0.511364,4.130435,0.5,2.043478,0.784091,4.826087,0.443182,4.347826,0.25,3.695652,0.227273,1.73913,0.477273,4.434783,0.193182,3.956522,0.068182,3.304348,0.068182,1.521739,0.147727,3.565217,0.0,4.608696,-0.102273,5.478261,-0.159091,0,0,0.0,0.0,0.0,0.0,0.0,0.0,0.0,0.0,0.0,0.0,0.0,0.0,0.0,0.0,0.0,0.0,0.0,0.0,0.0,0.0,0.0,0.0,0.0,0.0,0.0,0.0,0.0,0.0,0.0,0.0,0.0,0.0,0.0,0.0,0.0,0.0,0.0,0.0,0.0,0.0,0.0,0.0,J,1
0.0,0.0,1.588235,0.344444,4.176471,0.588889,6.705882,0.655556,8.117647,0.588889,3.352941,1.0,7.0,0.777778,6.529412,0.555556,5.588235,0.533333,2.823529,0.755556,6.647059,0.455556,6.0,0.277778,5.058824,0.255556,2.529412,0.444444,6.294118,0.211111,5.588235,0.1,4.588235,0.1,2.352941,0.122222,5.176471,0.011111,6.647059,-0.077778,7.941176,-0.122222,0,0,0.0,0.0,0.0,0.0,0.0,0.0,0.0,0.0,0.0,0.0,0.0,0.0,0.0,0.0,0.0,0.0,0.0,0.0,0.0,0.0,0.0,0.0,0.0,0.0,0.0,0.0,0.0,0.0,0.0,0.0,0.0,0.0,0.0,0.0,0.0,0.0,0.0,0.0,0.0,0.0,0.0,0.0,J,1
0.0,0.0,2.5,0.369565,6.9,0.641304,11.3,0.717391,13.8,0.641304,5.5,1.0,12.0,0.826087,11.3,0.597826,9.8,0.576087,4.8,0.75,11.6,0.51087,10.5,0.315217,9.0,0.293478,4.5,0.434783,11.1,0.26087,10.1,0.119565,8.5,0.097826,4.5,0.119565,9.5,0.043478,12.2,-0.032609,14.4,-0.076087,0,0,0.0,0.0,0.0,0.0,0.0,0.0,0.0,0.0,0.0,0.0,0.0,0.0,0.0,0.0,0.0,0.0,0.0,0.0,0.0,0.0,0.0,0.0,0.0,0.0,0.0,0.0,0.0,0.0,0.0,0.0,0.0,0.0,0.0,0.0,0.0,0.0,0.0,0.0,0.0,0.0,0.0,0.0,J,1
0.0,0.0,3.833333,0.380435,11.333333,0.663043,18.833333,0.771739,23.333333,0.728261,9.166667,1.0,20.166667,0.869565,19.0,0.641304,16.5,0.619565,8.333333,0.728261,19.833333,0.543478,18.0,0.358696,15.166667,0.336957,8.0,0.402174,19.166667,0.293478,17.333333,0.152174,14.5,0.141304,8.166667,0.086957,16.833333,0.065217,21.5,0.01087,25.333333,-0.021739,0,0,0.0,0.0,0.0,0.0,0.0,0.0,0.0,0.0,0.0,0.0,0.0,0.0,0.0,0.0,0.0,0.0,0.0,0.0,0.0,0.0,0.0,0.0,0.0,0.0,0.0,0.0,0.0,0.0,0.0,0.0,0.0,0.0,0.0,0.0,0.0,0.0,0.0,0.0,0.0,0.0,0.0,0.0,J,1
0.0,0.0,2.571429,0.434783,8.571429,0.76087,15.142857,0.858696,19.285714,0.836957,6.714286,1.0,16.571429,0.978261,16.428571,0.782609,14.714286,0.728261,6.571429,0.706522,16.857143,0.652174,15.428571,0.478261,12.714286,0.434783,7.0,0.380435,16.857143,0.391304,15.142857,0.26087,12.428571,0.217391,7.714286,0.065217,15.0,0.097826,19.285714,0.065217,23.0,0.054348,0,0,0.0,0.0,0.0,0.0,0.0,0.0,0.0,0.0,0.0,0.0,0.0,0.0,0.0,0.0,0.0,0.0,0.0,0.0,0.0,0.0,0.0,0.0,0.0,0.0,0.0,0.0,0.0,0.0,0.0,0.0,0.0,0.0,0.0,0.0,0.0,0.0,0.0,0.0,0.0,0.0,0.0,0.0,J,1
0.0,0.0,1.7,0.423913,5.6,0.793478,10.0,0.923913,12.9,0.913043,4.7,1.0,11.7,1.01087,11.3,0.804348,9.9,0.75,4.7,0.706522,11.8,0.695652,10.9,0.51087,9.1,0.456522,5.1,0.391304,11.9,0.434783,10.8,0.282609,8.9,0.217391,5.7,0.076087,10.9,0.152174,13.9,0.141304,16.4,0.152174,0,0,0.0,0.0,0.0,0.0,0.0,0.0,0.0,0.0,0.0,0.0,0.0,0.0,0.0,0.0,0.0,0.0,0.0,0.0,0.0,0.0,0.0,0.0,0.0,0.0,0.0,0.0,0.0,0.0,0.0,0.0,0.0,0.0,0.0,0.0,0.0,0.0,0.0,0.0,0.0,0.0,0.0,0.0,J,1
0.0,0.0,1.142857,0.44086,3.928571,0.806452,7.0,0.956989,9.142857,0.946237,3.071429,1.0,8.071429,1.043011,7.857143,0.83871,6.857143,0.784946,3.142857,0.698925,8.285714,0.731183,7.714286,0.548387,6.428571,0.483871,3.5,0.387097,8.428571,0.473118,7.785714,0.311828,6.571429,0.236559,4.071429,0.075269,7.857143,0.193548,10.0,0.204301,11.714286,0.225806,0,0,0.0,0.0,0.0,0.0,0.0,0.0,0.0,0.0,0.0,0.0,0.0,0.0,0.0,0.0,0.0,0.0,0.0,0.0,0.0,0.0,0.0,0.0,0.0,0.0,0.0,0.0,0.0,0.0,0.0,0.0,0.0,0.0,0.0,0.0,0.0,0.0,0.0,0.0,0.0,0.0,0.0,0.0,J,1
0.0,0.0,0.565217,0.4375,2.130435,0.822917,4.0,1.0,5.130435,1.010417,1.521739,1.0,4.521739,1.104167,4.478261,0.90625,3.913043,0.822917,1.695652,0.708333,4.826087,0.8125,4.521739,0.625,3.73913,0.552083,2.043478,0.40625,4.956522,0.552083,4.608696,0.395833,3.869565,0.302083,2.521739,0.114583,4.73913,0.291667,6.043478,0.333333,7.086957,0.364583,0,0,0.0,0.0,0.0,0.0,0.0,0.0,0.0,0.0,0.0,0.0,0.0,0.0,0.0,0.0,0.0,0.0,0.0,0.0,0.0,0.0,0.0,0.0,0.0,0.0,0.0,0.0,0.0,0.0,0.0,0.0,0.0,0.0,0.0,0.0,0.0,0.0,0.0,0.0,0.0,0.0,0.0,0.0,J,1
0.0,0.0,0.5,0.42268,1.807692,0.814433,3.423077,1.020619,4.5,1.072165,1.307692,1.0,3.884615,1.123711,3.769231,0.927835,3.153846,0.835052,1.461538,0.71134,4.192308,0.845361,3.884615,0.649485,3.230769,0.57732,1.846154,0.412371,4.346154,0.587629,4.076923,0.42268,3.461538,0.329897,2.307692,0.134021,4.269231,0.329897,5.423077,0.371134,6.346154,0.42268,0,0,0.0,0.0,0.0,0.0,0.0,0.0,0.0,0.0,0.0,0.0,0.0,0.0,0.0,0.0,0.0,0.0,0.0,0.0,0.0,0.0,0.0,0.0,0.0,0.0,0.0,0.0,0.0,0.0,0.0,0.0,0.0,0.0,0.0,0.0,0.0,0.0,0.0,0.0,0.0,0.0,0.0,0.0,J,1
0.0,0.0,0.28125,0.42268,1.28125,0.835052,2.5625,1.061856,3.40625,1.103093,0.875,1.0,2.9375,1.164948,2.84375,0.969072,2.375,0.876289,1.09375,0.721649,3.21875,0.886598,3.0,0.701031,2.4375,0.618557,1.4375,0.42268,3.40625,0.628866,3.1875,0.474227,2.625,0.381443,1.875,0.154639,3.40625,0.371134,4.34375,0.43299,5.09375,0.494845,0,0,0.0,0.0,0.0,0.0,0.0,0.0,0.0,0.0,0.0,0.0,0.0,0.0,0.0,0.0,0.0,0.0,0.0,0.0,0.0,0.0,0.0,0.0,0.0,0.0,0.0,0.0,0.0,0.0,0.0,0.0,0.0,0.0,0.0,0.0,0.0,0.0,0.0,0.0,0.0,0.0,0.0,0.0,J,1
0.0,0.0,0.2,0.43299,1.057143,0.85567,2.2,1.103093,2.942857,1.154639,0.685714,1.0,2.542857,1.195876,2.514286,1.010309,2.114286,0.907216,0.914286,0.721649,2.857143,0.927835,2.657143,0.742268,2.171429,0.649485,1.257143,0.43299,3.057143,0.680412,2.828571,0.525773,2.342857,0.43299,1.685714,0.164948,3.057143,0.412371,3.914286,0.494845,4.571429,0.56701,0,0,0.0,0.0,0.0,0.0,0.0,0.0,0.0,0.0,0.0,0.0,0.0,0.0,0.0,0.0,0.0,0.0,0.0,0.0,0.0,0.0,0.0,0.0,0.0,0.0,0.0,0.0,0.0,0.0,0.0,0.0,0.0,0.0,0.0,0.0,0.0,0.0,0.0,0.0,0.0,0.0,0.0,0.0,J,1
0.0,0.0,0.066667,0.424242,0.6,0.868687,1.422222,1.131313,2.044444,1.212121,0.333333,1.0,1.755556,1.272727,1.733333,1.080808,1.444444,0.949495,0.577778,0.747475,2.088889,1.020202,1.933333,0.828283,1.511111,0.717172,0.955556,0.474747,2.288889,0.777778,2.133333,0.626263,1.733333,0.515152,1.333333,0.242424,2.377778,0.525253,3.022222,0.626263,3.511111,0.727273,0,0,0.0,0.0,0.0,0.0,0.0,0.0,0.0,0.0,0.0,0.0,0.0,0.0,0.0,0.0,0.0,0.0,0.0,0.0,0.0,0.0,0.0,0.0,0.0,0.0,0.0,0.0,0.0,0.0,0.0,0.0,0.0,0.0,0.0,0.0,0.0,0.0,0.0,0.0,0.0,0.0,0.0,0.0,J,1
0.0,0.0,0.0625,0.43,0.583333,0.88,1.354167,1.16,1.895833,1.23,0.25,1.0,1.5625,1.27,1.583333,1.09,1.333333,0.98,0.520833,0.74,1.875,1.03,1.770833,0.85,1.4375,0.74,0.875,0.48,2.083333,0.8,1.979167,0.65,1.645833,0.53,1.25,0.25,2.1875,0.55,2.75,0.67,3.208333,0.77,0,0,0.0,0.0,0.0,0.0,0.0,0.0,0.0,0.0,0.0,0.0,0.0,0.0,0.0,0.0,0.0,0.0,0.0,0.0,0.0,0.0,0.0,0.0,0.0,0.0,0.0,0.0,0.0,0.0,0.0,0.0,0.0,0.0,0.0,0.0,0.0,0.0,0.0,0.0,0.0,0.0,0.0,0.0,J,1
0.0,0.0,-0.018868,0.4375,0.396226,0.895833,1.056604,1.197917,1.509434,1.291667,0.113208,1.0,1.283019,1.3125,1.283019,1.114583,1.0,1.0,0.377358,0.729167,1.566038,1.072917,1.471698,0.885417,1.169811,0.770833,0.735849,0.46875,1.773585,0.84375,1.698113,0.6875,1.396226,0.572917,1.113208,0.25,1.90566,0.583333,2.433962,0.71875,2.849057,0.833333,0,0,0.0,0.0,0.0,0.0,0.0,0.0,0.0,0.0,0.0,0.0,0.0,0.0,0.0,0.0,0.0,0.0,0.0,0.0,0.0,0.0,0.0,0.0,0.0,0.0,0.0,0.0,0.0,0.0,0.0,0.0,0.0,0.0,0.0,0.0,0.0,0.0,0.0,0.0,0.0,0.0,0.0,0.0,J,1
0.0,0.0,-0.068966,0.43299,0.258621,0.907216,0.810345,1.237113,1.224138,1.350515,0.034483,1.0,1.051724,1.350515,1.051724,1.154639,0.827586,1.010309,0.327586,0.752577,1.344828,1.123711,1.258621,0.927835,1.0,0.804124,0.689655,0.505155,1.586207,0.896907,1.482759,0.752577,1.189655,0.618557,1.034483,0.298969,1.758621,0.659794,2.224138,0.824742,2.603448,0.979381,0,0,0.0,0.0,0.0,0.0,0.0,0.0,0.0,0.0,0.0,0.0,0.0,0.0,0.0,0.0,0.0,0.0,0.0,0.0,0.0,0.0,0.0,0.0,0.0,0.0,0.0,0.0,0.0,0.0,0.0,0.0,0.0,0.0,0.0,0.0,0.0,0.0,0.0,0.0,0.0,0.0,0.0,0.0,J,1
0.0,0.0,-0.114754,0.428571,0.163934,0.908163,0.688525,1.244898,1.114754,1.367347,-0.032787,1.0,0.885246,1.357143,0.885246,1.183673,0.672131,1.030612,0.262295,0.765306,1.196721,1.142857,1.114754,0.969388,0.868852,0.836735,0.639344,0.540816,1.442623,0.928571,1.327869,0.785714,1.065574,0.663265,0.967213,0.346939,1.655738,0.693878,2.081967,0.867347,2.409836,1.030612,0,0,0.0,0.0,0.0,0.0,0.0,0.0,0.0,0.0,0.0,0.0,0.0,0.0,0.0,0.0,0.0,0.0,0.0,0.0,0.0,0.0,0.0,0.0,0.0,0.0,0.0,0.0,0.0,0.0,0.0,0.0,0.0,0.0,0.0,0.0,0.0,0.0,0.0,0.0,0.0,0.0,0.0,0.0,J,1
0.0,0.0,-0.107692,0.428571,0.138462,0.897959,0.6,1.234694,0.984615,1.346939,-0.076923,1.0,0.784615,1.377551,0.8,1.204082,0.615385,1.040816,0.215385,0.77551,1.076923,1.163265,1.015385,0.979592,0.8,0.846939,0.569231,0.55102,1.307692,0.94898,1.230769,0.806122,1.015385,0.673469,0.923077,0.367347,1.553846,0.755102,1.953846,0.94898,2.261538,1.122449,0,0,0.0,0.0,0.0,0.0,0.0,0.0,0.0,0.0,0.0,0.0,0.0,0.0,0.0,0.0,0.0,0.0,0.0,0.0,0.0,0.0,0.0,0.0,0.0,0.0,0.0,0.0,0.0,0.0,0.0,0.0,0.0,0.0,0.0,0.0,0.0,0.0,0.0,0.0,0.0,0.0,0.0,0.0,J,1
0.0,0.0,-0.157143,0.438776,0.014286,0.928571,0.428571,1.295918,0.8,1.428571,-0.171429,1.0,0.557143,1.428571,0.6,1.265306,0.471429,1.112245,0.157143,0.795918,0.871429,1.244898,0.828571,1.081633,0.642857,0.928571,0.514286,0.602041,1.114286,1.05102,1.042857,0.918367,0.842857,0.765306,0.828571,0.438776,1.357143,0.846939,1.685714,1.061224,1.928571,1.234694,0,0,0.0,0.0,0.0,0.0,0.0,0.0,0.0,0.0,0.0,0.0,0.0,0.0,0.0,0.0,0.0,0.0,0.0,0.0,0.0,0.0,0.0,0.0,0.0,0.0,0.0,0.0,0.0,0.0,0.0,0.0,0.0,0.0,0.0,0.0,0.0,0.0,0.0,0.0,0.0,0.0,0.0,0.0,J,1
0.0,0.0,-0.169014,0.44,-0.042254,0.93,0.323944,1.3,0.690141,1.43,-0.183099,1.0,0.507042,1.41,0.549296,1.25,0.394366,1.09,0.140845,0.81,0.802817,1.24,0.774648,1.07,0.605634,0.92,0.492958,0.62,1.056338,1.05,1.0,0.92,0.816901,0.77,0.816901,0.47,1.309859,0.87,1.605634,1.09,1.830986,1.27,0,0,0.0,0.0,0.0,0.0,0.0,0.0,0.0,0.0,0.0,0.0,0.0,0.0,0.0,0.0,0.0,0.0,0.0,0.0,0.0,0.0,0.0,0.0,0.0,0.0,0.0,0.0,0.0,0.0,0.0,0.0,0.0,0.0,0.0,0.0,0.0,0.0,0.0,0.0,0.0,0.0,0.0,0.0,J,1
0.0,0.0,-0.194444,0.434343,-0.083333,0.919192,0.263889,1.292929,0.597222,1.444444,-0.208333,1.0,0.444444,1.434343,0.472222,1.262626,0.347222,1.10101,0.125,0.818182,0.736111,1.262626,0.708333,1.10101,0.555556,0.939394,0.472222,0.636364,0.986111,1.080808,0.930556,0.949495,0.763889,0.787879,0.791667,0.484848,1.236111,0.89899,1.513889,1.121212,1.708333,1.30303,0,0,0.0,0.0,0.0,0.0,0.0,0.0,0.0,0.0,0.0,0.0,0.0,0.0,0.0,0.0,0.0,0.0,0.0,0.0,0.0,0.0,0.0,0.0,0.0,0.0,0.0,0.0,0.0,0.0,0.0,0.0,0.0,0.0,0.0,0.0,0.0,0.0,0.0,0.0,0.0,0.0,0.0,0.0,J,1
0.0,0.0,-0.213333,0.43,-0.133333,0.91,0.173333,1.3,0.506667,1.45,-0.253333,1.0,0.346667,1.44,0.4,1.29,0.293333,1.14,0.08,0.84,0.653333,1.28,0.64,1.11,0.48,0.96,0.44,0.67,0.906667,1.11,0.853333,0.97,0.693333,0.82,0.746667,0.53,1.146667,0.95,1.4,1.18,1.586667,1.37,0,0,0.0,0.0,0.0,0.0,0.0,0.0,0.0,0.0,0.0,0.0,0.0,0.0,0.0,0.0,0.0,0.0,0.0,0.0,0.0,0.0,0.0,0.0,0.0,0.0,0.0,0.0,0.0,0.0,0.0,0.0,0.0,0.0,0.0,0.0,0.0,0.0,0.0,0.0,0.0,0.0,0.0,0.0,J,1
0.0,0.0,-0.236842,0.438776,-0.184211,0.938776,0.105263,1.316327,0.421053,1.469388,-0.263158,1.0,0.315789,1.479592,0.355263,1.316327,0.223684,1.142857,0.078947,0.836735,0.618421,1.306122,0.592105,1.132653,0.447368,0.969388,0.421053,0.673469,0.855263,1.132653,0.828947,0.979592,0.671053,0.816327,0.736842,0.530612,1.092105,0.979592,1.328947,1.22449,1.5,1.428571,0,0,0.0,0.0,0.0,0.0,0.0,0.0,0.0,0.0,0.0,0.0,0.0,0.0,0.0,0.0,0.0,0.0,0.0,0.0,0.0,0.0,0.0,0.0,0.0,0.0,0.0,0.0,0.0,0.0,0.0,0.0,0.0,0.0,0.0,0.0,0.0,0.0,0.0,0.0,0.0,0.0,0.0,0.0,J,1
0.0,0.0,-0.269231,0.42268,-0.294872,0.907216,-0.102564,1.298969,0.179487,1.494845,-0.282051,1.0,0.205128,1.505155,0.24359,1.329897,0.115385,1.164948,0.076923,0.865979,0.512821,1.340206,0.512821,1.164948,0.384615,1.020619,0.423077,0.71134,0.75641,1.175258,0.74359,1.041237,0.615385,0.886598,0.717949,0.597938,1.025641,1.041237,1.24359,1.298969,1.397436,1.515464,0,0,0.0,0.0,0.0,0.0,0.0,0.0,0.0,0.0,0.0,0.0,0.0,0.0,0.0,0.0,0.0,0.0,0.0,0.0,0.0,0.0,0.0,0.0,0.0,0.0,0.0,0.0,0.0,0.0,0.0,0.0,0.0,0.0,0.0,0.0,0.0,0.0,0.0,0.0,0.0,0.0,0.0,0.0,J,1
0.0,0.0,-0.282051,0.414141,-0.371795,0.89899,-0.25641,1.30303,0.025641,1.484848,-0.269231,1.0,0.230769,1.454545,0.205128,1.292929,0.051282,1.121212,0.102564,0.858586,0.525641,1.30303,0.487179,1.141414,0.358974,0.989899,0.435897,0.717172,0.769231,1.151515,0.730769,1.030303,0.602564,0.868687,0.730769,0.59596,1.051282,1.040404,1.24359,1.30303,1.384615,1.525253,0,0,0.0,0.0,0.0,0.0,0.0,0.0,0.0,0.0,0.0,0.0,0.0,0.0,0.0,0.0,0.0,0.0,0.0,0.0,0.0,0.0,0.0,0.0,0.0,0.0,0.0,0.0,0.0,0.0,0.0,0.0,0.0,0.0,0.0,0.0,0.0,0.0,0.0,0.0,0.0,0.0,0.0,0.0,J,1
0.0,0.0,-0.346154,0.402062,-0.551282,0.876289,-0.461538,1.309278,-0.128205,1.484536,-0.282051,1.0,0.192308,1.463918,0.128205,1.309278,-0.012821,1.123711,0.089744,0.876289,0.474359,1.319588,0.423077,1.175258,0.307692,1.010309,0.423077,0.752577,0.717949,1.185567,0.679487,1.061856,0.551282,0.896907,0.717949,0.639175,1.0,1.092784,1.205128,1.350515,1.346154,1.56701,0,0,0.0,0.0,0.0,0.0,0.0,0.0,0.0,0.0,0.0,0.0,0.0,0.0,0.0,0.0,0.0,0.0,0.0,0.0,0.0,0.0,0.0,0.0,0.0,0.0,0.0,0.0,0.0,0.0,0.0,0.0,0.0,0.0,0.0,0.0,0.0,0.0,0.0,0.0,0.0,0.0,0.0,0.0,J,1
0.0,0.0,-0.379747,0.402062,-0.64557,0.824742,-0.670886,1.247423,-0.367089,1.443299,-0.316456,1.0,0.101266,1.474227,0.050633,1.329897,-0.063291,1.14433,0.050633,0.896907,0.379747,1.350515,0.316456,1.206186,0.202532,1.041237,0.392405,0.783505,0.620253,1.206186,0.56962,1.103093,0.481013,0.938144,0.683544,0.670103,0.936709,1.123711,1.113924,1.391753,1.240506,1.597938,0,0,0.0,0.0,0.0,0.0,0.0,0.0,0.0,0.0,0.0,0.0,0.0,0.0,0.0,0.0,0.0,0.0,0.0,0.0,0.0,0.0,0.0,0.0,0.0,0.0,0.0,0.0,0.0,0.0,0.0,0.0,0.0,0.0,0.0,0.0,0.0,0.0,0.0,0.0,0.0,0.0,0.0,0.0,J,1
0.0,0.0,-0.379747,0.381443,-0.670886,0.814433,-0.721519,1.247423,-0.405063,1.453608,-0.316456,1.0,0.075949,1.494845,0.037975,1.340206,-0.075949,1.154639,0.050633,0.907216,0.367089,1.371134,0.316456,1.216495,0.21519,1.051546,0.392405,0.804124,0.607595,1.247423,0.56962,1.123711,0.481013,0.948454,0.683544,0.701031,0.924051,1.154639,1.088608,1.42268,1.202532,1.639175,0,0,0.0,0.0,0.0,0.0,0.0,0.0,0.0,0.0,0.0,0.0,0.0,0.0,0.0,0.0,0.0,0.0,0.0,0.0,0.0,0.0,0.0,0.0,0.0,0.0,0.0,0.0,0.0,0.0,0.0,0.0,0.0,0.0,0.0,0.0,0.0,0.0,0.0,0.0,0.0,0.0,0.0,0.0,J,1
0.0,0.0,-0.379747,0.397849,-0.683544,0.83871,-0.759494,1.27957,-0.43038,1.494624,-0.316456,1.0,0.063291,1.548387,0.012658,1.397849,-0.088608,1.193548,0.050633,0.913978,0.35443,1.44086,0.291139,1.27957,0.189873,1.086022,0.392405,0.806452,0.594937,1.301075,0.544304,1.172043,0.468354,0.989247,0.683544,0.709677,0.924051,1.204301,1.088608,1.473118,1.21519,1.698925,0,0,0.0,0.0,0.0,0.0,0.0,0.0,0.0,0.0,0.0,0.0,0.0,0.0,0.0,0.0,0.0,0.0,0.0,0.0,0.0,0.0,0.0,0.0,0.0,0.0,0.0,0.0,0.0,0.0,0.0,0.0,0.0,0.0,0.0,0.0,0.0,0.0,0.0,0.0,0.0,0.0,0.0,0.0,J,1
0.0,0.0,-0.38961,0.391753,-0.688312,0.804124,-0.792208,1.216495,-0.467532,1.43299,-0.272727,1.0,0.077922,1.474227,0.025974,1.329897,-0.077922,1.154639,0.103896,0.907216,0.376623,1.371134,0.298701,1.226804,0.194805,1.051546,0.441558,0.804124,0.61039,1.237113,0.558442,1.113402,0.480519,0.948454,0.727273,0.71134,0.974026,1.154639,1.12987,1.412371,1.272727,1.618557,0,0,0.0,0.0,0.0,0.0,0.0,0.0,0.0,0.0,0.0,0.0,0.0,0.0,0.0,0.0,0.0,0.0,0.0,0.0,0.0,0.0,0.0,0.0,0.0,0.0,0.0,0.0,0.0,0.0,0.0,0.0,0.0,0.0,0.0,0.0,0.0,0.0,0.0,0.0,0.0,0.0,0.0,0.0,J,1
0.0,0.0,-0.392405,0.387097,-0.708861,0.817204,-0.810127,1.236559,-0.531646,1.473118,-0.303797,1.0,0.063291,1.516129,0.012658,1.376344,-0.088608,1.182796,0.075949,0.903226,0.35443,1.408602,0.278481,1.258065,0.177215,1.075269,0.405063,0.795699,0.582278,1.268817,0.531646,1.139785,0.443038,0.956989,0.696203,0.688172,0.911392,1.172043,1.063291,1.451613,1.202532,1.677419,0,0,0.0,0.0,0.0,0.0,0.0,0.0,0.0,0.0,0.0,0.0,0.0,0.0,0.0,0.0,0.0,0.0,0.0,0.0,0.0,0.0,0.0,0.0,0.0,0.0,0.0,0.0,0.0,0.0,0.0,0.0,0.0,0.0,0.0,0.0,0.0,0.0,0.0,0.0,0.0,0.0,0.0,0.0,J,1
0.0,0.0,-0.410256,0.380435,-0.717949,0.804348,-0.820513,1.228261,-0.551282,1.478261,-0.307692,1.0,0.064103,1.521739,0.025641,1.380435,-0.076923,1.195652,0.064103,0.902174,0.358974,1.402174,0.294872,1.25,0.192308,1.065217,0.397436,0.793478,0.589744,1.26087,0.538462,1.130435,0.448718,0.956522,0.692308,0.684783,0.923077,1.163043,1.089744,1.445652,1.230769,1.673913,0,0,0.0,0.0,0.0,0.0,0.0,0.0,0.0,0.0,0.0,0.0,0.0,0.0,0.0,0.0,0.0,0.0,0.0,0.0,0.0,0.0,0.0,0.0,0.0,0.0,0.0,0.0,0.0,0.0,0.0,0.0,0.0,0.0,0.0,0.0,0.0,0.0,0.0,0.0,0.0,0.0,0.0,0.0,J,1
0.0,0.0,-0.397436,0.382979,-0.705128,0.797872,-0.794872,1.212766,-0.538462,1.457447,-0.307692,1.0,0.076923,1.5,0.025641,1.340426,-0.089744,1.148936,0.064103,0.904255,0.358974,1.382979,0.294872,1.223404,0.179487,1.042553,0.410256,0.787234,0.602564,1.244681,0.551282,1.106383,0.461538,0.93617,0.692308,0.680851,0.923077,1.148936,1.089744,1.425532,1.230769,1.648936,0,0,0.0,0.0,0.0,0.0,0.0,0.0,0.0,0.0,0.0,0.0,0.0,0.0,0.0,0.0,0.0,0.0,0.0,0.0,0.0,0.0,0.0,0.0,0.0,0.0,0.0,0.0,0.0,0.0,0.0,0.0,0.0,0.0,0.0,0.0,0.0,0.0,0.0,0.0,0.0,0.0,0.0,0.0,J,1
0.0,0.0,-0.402597,0.387097,-0.714286,0.795699,-0.805195,1.215054,-0.545455,1.462366,-0.298701,1.0,0.090909,1.516129,0.038961,1.354839,-0.077922,1.16129,0.077922,0.903226,0.376623,1.397849,0.298701,1.225806,0.194805,1.043011,0.415584,0.795699,0.61039,1.258065,0.558442,1.11828,0.467532,0.935484,0.701299,0.688172,0.935065,1.16129,1.103896,1.430108,1.246753,1.655914,0,0,0.0,0.0,0.0,0.0,0.0,0.0,0.0,0.0,0.0,0.0,0.0,0.0,0.0,0.0,0.0,0.0,0.0,0.0,0.0,0.0,0.0,0.0,0.0,0.0,0.0,0.0,0.0,0.0,0.0,0.0,0.0,0.0,0.0,0.0,0.0,0.0,0.0,0.0,0.0,0.0,0.0,0.0,J,1
0.0,0.0,-0.397436,0.382979,-0.717949,0.787234,-0.807692,1.202128,-0.538462,1.446809,-0.320513,1.0,0.064103,1.489362,0.025641,1.340426,-0.089744,1.148936,0.051282,0.904255,0.346154,1.37234,0.294872,1.212766,0.192308,1.042553,0.384615,0.797872,0.576923,1.234043,0.538462,1.095745,0.448718,0.925532,0.679487,0.691489,0.910256,1.148936,1.076923,1.425532,1.217949,1.648936,0,0,0.0,0.0,0.0,0.0,0.0,0.0,0.0,0.0,0.0,0.0,0.0,0.0,0.0,0.0,0.0,0.0,0.0,0.0,0.0,0.0,0.0,0.0,0.0,0.0,0.0,0.0,0.0,0.0,0.0,0.0,0.0,0.0,0.0,0.0,0.0,0.0,0.0,0.0,0.0,0.0,0.0,0.0,J,1
0.0,0.0,-0.421053,0.373626,-0.723684,0.791209,-0.802632,1.21978,-0.552632,1.461538,-0.302632,1.0,0.078947,1.527473,0.039474,1.373626,-0.065789,1.175824,0.065789,0.901099,0.368421,1.406593,0.302632,1.241758,0.210526,1.065934,0.407895,0.791209,0.605263,1.263736,0.552632,1.131868,0.473684,0.956044,0.697368,0.692308,0.934211,1.175824,1.105263,1.43956,1.25,1.67033,0,0,0.0,0.0,0.0,0.0,0.0,0.0,0.0,0.0,0.0,0.0,0.0,0.0,0.0,0.0,0.0,0.0,0.0,0.0,0.0,0.0,0.0,0.0,0.0,0.0,0.0,0.0,0.0,0.0,0.0,0.0,0.0,0.0,0.0,0.0,0.0,0.0,0.0,0.0,0.0,0.0,0.0,0.0,J,1
0.0,0.0,-0.394737,0.380435,-0.710526,0.793478,-0.802632,1.217391,-0.539474,1.467391,-0.302632,1.0,0.078947,1.521739,0.039474,1.358696,-0.078947,1.152174,0.065789,0.913043,0.368421,1.391304,0.315789,1.228261,0.210526,1.043478,0.407895,0.804348,0.605263,1.26087,0.552632,1.108696,0.473684,0.934783,0.697368,0.695652,0.934211,1.163043,1.105263,1.434783,1.263158,1.663043,0,0,0.0,0.0,0.0,0.0,0.0,0.0,0.0,0.0,0.0,0.0,0.0,0.0,0.0,0.0,0.0,0.0,0.0,0.0,0.0,0.0,0.0,0.0,0.0,0.0,0.0,0.0,0.0,0.0,0.0,0.0,0.0,0.0,0.0,0.0,0.0,0.0,0.0,0.0,0.0,0.0,0.0,0.0,J,1
0.0,0.0,-0.38961,0.361702,-0.701299,0.765957,-0.792208,1.180851,-0.545455,1.43617,-0.311688,1.0,0.090909,1.489362,0.051948,1.329787,-0.064935,1.138298,0.064935,0.914894,0.376623,1.37234,0.324675,1.202128,0.220779,1.021277,0.402597,0.797872,0.61039,1.234043,0.558442,1.085106,0.480519,0.914894,0.688312,0.691489,0.922078,1.138298,1.090909,1.393617,1.233766,1.617021,0,0,0.0,0.0,0.0,0.0,0.0,0.0,0.0,0.0,0.0,0.0,0.0,0.0,0.0,0.0,0.0,0.0,0.0,0.0,0.0,0.0,0.0,0.0,0.0,0.0,0.0,0.0,0.0,0.0,0.0,0.0,0.0,0.0,0.0,0.0,0.0,0.0,0.0,0.0,0.0,0.0,0.0,0.0,J,1
0.0,0.0,-0.394737,0.357895,-0.697368,0.757895,-0.789474,1.168421,-0.526316,1.410526,-0.289474,1.0,0.118421,1.473684,0.078947,1.305263,-0.039474,1.126316,0.078947,0.905263,0.394737,1.347368,0.355263,1.168421,0.25,1.0,0.421053,0.789474,0.631579,1.2,0.578947,1.052632,0.486842,0.894737,0.710526,0.673684,0.960526,1.115789,1.131579,1.368421,1.263158,1.589474,0,0,0.0,0.0,0.0,0.0,0.0,0.0,0.0,0.0,0.0,0.0,0.0,0.0,0.0,0.0,0.0,0.0,0.0,0.0,0.0,0.0,0.0,0.0,0.0,0.0,0.0,0.0,0.0,0.0,0.0,0.0,0.0,0.0,0.0,0.0,0.0,0.0,0.0,0.0,0.0,0.0,0.0,0.0,J,1
0.0,0.0,-0.402597,0.375,-0.701299,0.78125,-0.792208,1.177083,-0.519481,1.416667,-0.298701,1.0,0.077922,1.46875,0.025974,1.3125,-0.077922,1.125,0.077922,0.90625,0.363636,1.354167,0.298701,1.1875,0.194805,1.010417,0.415584,0.791667,0.597403,1.208333,0.545455,1.083333,0.467532,0.916667,0.701299,0.6875,0.935065,1.135417,1.103896,1.395833,1.233766,1.604167,0,0,0.0,0.0,0.0,0.0,0.0,0.0,0.0,0.0,0.0,0.0,0.0,0.0,0.0,0.0,0.0,0.0,0.0,0.0,0.0,0.0,0.0,0.0,0.0,0.0,0.0,0.0,0.0,0.0,0.0,0.0,0.0,0.0,0.0,0.0,0.0,0.0,0.0,0.0,0.0,0.0,0.0,0.0,J,1
0.0,0.0,-0.413333,0.371134,-0.72,0.762887,-0.8,1.175258,-0.52,1.391753,-0.293333,1.0,0.093333,1.443299,0.066667,1.28866,-0.053333,1.113402,0.08,0.907216,0.386667,1.340206,0.333333,1.175258,0.213333,1.010309,0.426667,0.793814,0.626667,1.195876,0.586667,1.072165,0.493333,0.917526,0.706667,0.680412,0.96,1.113402,1.133333,1.371134,1.28,1.587629,0,0,0.0,0.0,0.0,0.0,0.0,0.0,0.0,0.0,0.0,0.0,0.0,0.0,0.0,0.0,0.0,0.0,0.0,0.0,0.0,0.0,0.0,0.0,0.0,0.0,0.0,0.0,0.0,0.0,0.0,0.0,0.0,0.0,0.0,0.0,0.0,0.0,0.0,0.0,0.0,0.0,0.0,0.0,J,1
0.0,0.0,-0.4,0.368421,-0.706667,0.768421,-0.786667,1.178947,-0.506667,1.410526,-0.28,1.0,0.12,1.463158,0.066667,1.305263,-0.053333,1.115789,0.093333,0.905263,0.4,1.347368,0.346667,1.178947,0.24,1.010526,0.426667,0.789474,0.64,1.210526,0.586667,1.073684,0.506667,0.905263,0.72,0.684211,0.973333,1.115789,1.146667,1.357895,1.293333,1.578947,0,0,0.0,0.0,0.0,0.0,0.0,0.0,0.0,0.0,0.0,0.0,0.0,0.0,0.0,0.0,0.0,0.0,0.0,0.0,0.0,0.0,0.0,0.0,0.0,0.0,0.0,0.0,0.0,0.0,0.0,0.0,0.0,0.0,0.0,0.0,0.0,0.0,0.0,0.0,0.0,0.0,0.0,0.0,J,1
0.0,0.0,-0.394737,0.360825,-0.697368,0.752577,-0.776316,1.154639,-0.513158,1.402062,-0.289474,1.0,0.118421,1.443299,0.092105,1.298969,-0.026316,1.123711,0.078947,0.907216,0.394737,1.329897,0.355263,1.164948,0.25,0.989691,0.421053,0.793814,0.631579,1.185567,0.592105,1.051546,0.5,0.886598,0.710526,0.690722,0.947368,1.103093,1.131579,1.350515,1.263158,1.556701,0,0,0.0,0.0,0.0,0.0,0.0,0.0,0.0,0.0,0.0,0.0,0.0,0.0,0.0,0.0,0.0,0.0,0.0,0.0,0.0,0.0,0.0,0.0,0.0,0.0,0.0,0.0,0.0,0.0,0.0,0.0,0.0,0.0,0.0,0.0,0.0,0.0,0.0,0.0,0.0,0.0,0.0,0.0,J,1
0.0,0.0,-0.413333,0.375,-0.706667,0.770833,-0.773333,1.166667,-0.506667,1.395833,-0.28,1.0,0.12,1.458333,0.08,1.302083,-0.04,1.125,0.093333,0.90625,0.413333,1.34375,0.346667,1.177083,0.24,1.010417,0.426667,0.791667,0.64,1.197917,0.6,1.072917,0.506667,0.90625,0.72,0.666667,0.96,1.104167,1.146667,1.354167,1.293333,1.5625,0,0,0.0,0.0,0.0,0.0,0.0,0.0,0.0,0.0,0.0,0.0,0.0,0.0,0.0,0.0,0.0,0.0,0.0,0.0,0.0,0.0,0.0,0.0,0.0,0.0,0.0,0.0,0.0,0.0,0.0,0.0,0.0,0.0,0.0,0.0,0.0,0.0,0.0,0.0,0.0,0.0,0.0,0.0,J,1
0.0,0.0,-0.424658,0.375,-0.712329,0.78125,-0.780822,1.177083,-0.506849,1.40625,-0.287671,1.0,0.123288,1.458333,0.082192,1.322917,-0.027397,1.145833,0.082192,0.90625,0.424658,1.34375,0.356164,1.197917,0.232877,1.03125,0.424658,0.791667,0.657534,1.197917,0.60274,1.09375,0.506849,0.927083,0.712329,0.677083,0.986301,1.104167,1.164384,1.354167,1.30137,1.5625,0,0,0.0,0.0,0.0,0.0,0.0,0.0,0.0,0.0,0.0,0.0,0.0,0.0,0.0,0.0,0.0,0.0,0.0,0.0,0.0,0.0,0.0,0.0,0.0,0.0,0.0,0.0,0.0,0.0,0.0,0.0,0.0,0.0,0.0,0.0,0.0,0.0,0.0,0.0,0.0,0.0,0.0,0.0,J,1
0.0,0.0,-0.4,0.375,-0.693333,0.770833,-0.76,1.166667,-0.493333,1.385417,-0.293333,1.0,0.12,1.447917,0.08,1.302083,-0.026667,1.114583,0.066667,0.90625,0.4,1.333333,0.36,1.177083,0.24,1.010417,0.413333,0.802083,0.64,1.208333,0.6,1.072917,0.506667,0.916667,0.706667,0.697917,0.96,1.125,1.133333,1.375,1.28,1.583333,0,0,0.0,0.0,0.0,0.0,0.0,0.0,0.0,0.0,0.0,0.0,0.0,0.0,0.0,0.0,0.0,0.0,0.0,0.0,0.0,0.0,0.0,0.0,0.0,0.0,0.0,0.0,0.0,0.0,0.0,0.0,0.0,0.0,0.0,0.0,0.0,0.0,0.0,0.0,0.0,0.0,0.0,0.0,J,1
0.0,0.0,-0.391892,0.357895,-0.689189,0.757895,-0.756757,1.168421,-0.486486,1.4,-0.297297,1.0,0.121622,1.452632,0.067568,1.284211,-0.054054,1.115789,0.067568,0.905263,0.405405,1.326316,0.364865,1.168421,0.256757,1.010526,0.405405,0.789474,0.648649,1.2,0.621622,1.063158,0.527027,0.905263,0.702703,0.684211,0.959459,1.115789,1.148649,1.357895,1.310811,1.568421,0,0,0.0,0.0,0.0,0.0,0.0,0.0,0.0,0.0,0.0,0.0,0.0,0.0,0.0,0.0,0.0,0.0,0.0,0.0,0.0,0.0,0.0,0.0,0.0,0.0,0.0,0.0,0.0,0.0,0.0,0.0,0.0,0.0,0.0,0.0,0.0,0.0,0.0,0.0,0.0,0.0,0.0,0.0,J,1
0.0,0.0,-0.394737,0.364583,-0.684211,0.739583,-0.75,1.145833,-0.5,1.385417,-0.328947,1.0,0.078947,1.4375,0.052632,1.270833,-0.065789,1.09375,0.039474,0.916667,0.355263,1.3125,0.328947,1.15625,0.236842,1.0,0.368421,0.802083,0.605263,1.177083,0.565789,1.052083,0.473684,0.895833,0.671053,0.697917,0.921053,1.104167,1.105263,1.354167,1.236842,1.5625,0,0,0.0,0.0,0.0,0.0,0.0,0.0,0.0,0.0,0.0,0.0,0.0,0.0,0.0,0.0,0.0,0.0,0.0,0.0,0.0,0.0,0.0,0.0,0.0,0.0,0.0,0.0,0.0,0.0,0.0,0.0,0.0,0.0,0.0,0.0,0.0,0.0,0.0,0.0,0.0,0.0,0.0,0.0,J,1
0.0,0.0,-0.4,0.364583,-0.68,0.760417,-0.76,1.15625,-0.506667,1.395833,-0.333333,1.0,0.08,1.4375,0.04,1.291667,-0.08,1.114583,0.026667,0.90625,0.36,1.322917,0.32,1.177083,0.213333,1.020833,0.373333,0.802083,0.613333,1.1875,0.573333,1.083333,0.48,0.927083,0.666667,0.6875,0.933333,1.125,1.106667,1.375,1.226667,1.583333,0,0,0.0,0.0,0.0,0.0,0.0,0.0,0.0,0.0,0.0,0.0,0.0,0.0,0.0,0.0,0.0,0.0,0.0,0.0,0.0,0.0,0.0,0.0,0.0,0.0,0.0,0.0,0.0,0.0,0.0,0.0,0.0,0.0,0.0,0.0,0.0,0.0,0.0,0.0,0.0,0.0,0.0,0.0,J,1
0.0,0.0,-0.391892,0.368421,-0.689189,0.768421,-0.77027,1.157895,-0.5,1.378947,-0.324324,1.0,0.094595,1.431579,0.067568,1.284211,-0.054054,1.115789,0.040541,0.905263,0.378378,1.315789,0.337838,1.168421,0.22973,1.021053,0.378378,0.8,0.635135,1.189474,0.594595,1.073684,0.486486,0.926316,0.675676,0.694737,0.945946,1.126316,1.121622,1.368421,1.243243,1.578947,0,0,0.0,0.0,0.0,0.0,0.0,0.0,0.0,0.0,0.0,0.0,0.0,0.0,0.0,0.0,0.0,0.0,0.0,0.0,0.0,0.0,0.0,0.0,0.0,0.0,0.0,0.0,0.0,0.0,0.0,0.0,0.0,0.0,0.0,0.0,0.0,0.0,0.0,0.0,0.0,0.0,0.0,0.0,J,1
0.0,0.0,-0.391892,0.344086,-0.702703,0.741935,-0.756757,1.150538,-0.5,1.387097,-0.337838,1.0,0.067568,1.451613,0.040541,1.290323,-0.081081,1.107527,0.027027,0.903226,0.351351,1.333333,0.324324,1.172043,0.22973,1.010753,0.364865,0.795699,0.608108,1.204301,0.567568,1.064516,0.472973,0.903226,0.662162,0.688172,0.918919,1.11828,1.094595,1.365591,1.216216,1.591398,0,0,0.0,0.0,0.0,0.0,0.0,0.0,0.0,0.0,0.0,0.0,0.0,0.0,0.0,0.0,0.0,0.0,0.0,0.0,0.0,0.0,0.0,0.0,0.0,0.0,0.0,0.0,0.0,0.0,0.0,0.0,0.0,0.0,0.0,0.0,0.0,0.0,0.0,0.0,0.0,0.0,0.0,0.0,J,1
0.0,0.0,-0.386667,0.358696,-0.68,0.75,-0.746667,1.163043,-0.493333,1.413043,-0.333333,1.0,0.08,1.467391,0.053333,1.315217,-0.066667,1.130435,0.026667,0.913043,0.36,1.347826,0.333333,1.195652,0.24,1.032609,0.373333,0.804348,0.6,1.217391,0.573333,1.086957,0.48,0.934783,0.666667,0.695652,0.906667,1.130435,1.08,1.391304,1.2,1.619565,0,0,0.0,0.0,0.0,0.0,0.0,0.0,0.0,0.0,0.0,0.0,0.0,0.0,0.0,0.0,0.0,0.0,0.0,0.0,0.0,0.0,0.0,0.0,0.0,0.0,0.0,0.0,0.0,0.0,0.0,0.0,0.0,0.0,0.0,0.0,0.0,0.0,0.0,0.0,0.0,0.0,0.0,0.0,J,1
0.0,0.0,-0.391892,0.368421,-0.689189,0.757895,-0.743243,1.168421,-0.472973,1.378947,-0.324324,1.0,0.094595,1.442105,0.054054,1.294737,-0.081081,1.115789,0.054054,0.915789,0.378378,1.326316,0.324324,1.178947,0.22973,1.021053,0.391892,0.8,0.635135,1.2,0.581081,1.073684,0.486486,0.926316,0.675676,0.694737,0.932432,1.126316,1.108108,1.368421,1.243243,1.578947,0,0,0.0,0.0,0.0,0.0,0.0,0.0,0.0,0.0,0.0,0.0,0.0,0.0,0.0,0.0,0.0,0.0,0.0,0.0,0.0,0.0,0.0,0.0,0.0,0.0,0.0,0.0,0.0,0.0,0.0,0.0,0.0,0.0,0.0,0.0,0.0,0.0,0.0,0.0,0.0,0.0,0.0,0.0,J,1
0.0,0.0,-0.364865,0.371134,-0.635135,0.762887,-0.716216,1.14433,-0.459459,1.371134,-0.324324,1.0,0.135135,1.42268,0.121622,1.278351,-0.013514,1.103093,0.027027,0.907216,0.418919,1.298969,0.391892,1.154639,0.27027,1.0,0.378378,0.793814,0.662162,1.175258,0.648649,1.061856,0.540541,0.907216,0.675676,0.670103,0.945946,1.103093,1.121622,1.350515,1.243243,1.546392,0,0,0.0,0.0,0.0,0.0,0.0,0.0,0.0,0.0,0.0,0.0,0.0,0.0,0.0,0.0,0.0,0.0,0.0,0.0,0.0,0.0,0.0,0.0,0.0,0.0,0.0,0.0,0.0,0.0,0.0,0.0,0.0,0.0,0.0,0.0,0.0,0.0,0.0,0.0,0.0,0.0,0.0,0.0,J,1
0.0,0.0,-0.369863,0.347368,-0.671233,0.747368,-0.739726,1.147368,-0.452055,1.357895,-0.342466,1.0,0.109589,1.421053,0.109589,1.252632,-0.027397,1.094737,0.0,0.905263,0.39726,1.294737,0.383562,1.126316,0.260274,0.989474,0.342466,0.789474,0.630137,1.168421,0.630137,1.042105,0.506849,0.905263,0.657534,0.663158,0.90411,1.094737,1.09589,1.347368,1.219178,1.568421,0,0,0.0,0.0,0.0,0.0,0.0,0.0,0.0,0.0,0.0,0.0,0.0,0.0,0.0,0.0,0.0,0.0,0.0,0.0,0.0,0.0,0.0,0.0,0.0,0.0,0.0,0.0,0.0,0.0,0.0,0.0,0.0,0.0,0.0,0.0,0.0,0.0,0.0,0.0,0.0,0.0,0.0,0.0,J,1
0.0,0.0,0.431034,0.104895,0.810345,0.48951,1.0,0.811189,1.112069,1.104895,0.663793,1.0,0.810345,1.286713,0.75,0.993007,0.672414,0.727273,0.353448,1.020979,0.508621,1.216783,0.448276,0.776224,0.387931,0.461538,0.017241,1.013986,0.198276,1.202797,0.206897,0.797203,0.181034,0.482517,-0.336207,0.993007,-0.275862,1.447552,-0.206897,1.734266,-0.12069,1.986014,0,0,0.0,0.0,0.0,0.0,0.0,0.0,0.0,0.0,0.0,0.0,0.0,0.0,0.0,0.0,0.0,0.0,0.0,0.0,0.0,0.0,0.0,0.0,0.0,0.0,0.0,0.0,0.0,0.0,0.0,0.0,0.0,0.0,0.0,0.0,0.0,0.0,0.0,0.0,0.0,0.0,0.0,0.0,J,2
0.0,0.0,0.508929,0.124138,0.892857,0.510345,1.098214,0.855172,1.232143,1.158621,0.714286,1.0,0.892857,1.310345,0.857143,1.027586,0.785714,0.758621,0.401786,1.034483,0.571429,1.206897,0.535714,0.765517,0.473214,0.462069,0.053571,1.027586,0.258929,1.213793,0.285714,0.8,0.267857,0.489655,-0.285714,1.013793,-0.196429,1.455172,-0.133929,1.737931,-0.044643,2.0,0,0,0.0,0.0,0.0,0.0,0.0,0.0,0.0,0.0,0.0,0.0,0.0,0.0,0.0,0.0,0.0,0.0,0.0,0.0,0.0,0.0,0.0,0.0,0.0,0.0,0.0,0.0,0.0,0.0,0.0,0.0,0.0,0.0,0.0,0.0,0.0,0.0,0.0,0.0,0.0,0.0,0.0,0.0,J,2
0.0,0.0,0.508772,0.142857,0.885965,0.52381,1.078947,0.843537,1.219298,1.122449,0.72807,1.0,0.894737,1.312925,0.842105,1.047619,0.763158,0.789116,0.403509,1.027211,0.561404,1.204082,0.508772,0.77551,0.45614,0.47619,0.061404,1.020408,0.236842,1.204082,0.27193,0.809524,0.254386,0.503401,-0.27193,1.006803,-0.192982,1.442177,-0.122807,1.721088,-0.04386,1.979592,0,0,0.0,0.0,0.0,0.0,0.0,0.0,0.0,0.0,0.0,0.0,0.0,0.0,0.0,0.0,0.0,0.0,0.0,0.0,0.0,0.0,0.0,0.0,0.0,0.0,0.0,0.0,0.0,0.0,0.0,0.0,0.0,0.0,0.0,0.0,0.0,0.0,0.0,0.0,0.0,0.0,0.0,0.0,J,2
0.0,0.0,0.513043,0.135135,0.904348,0.527027,1.078261,0.851351,1.156522,1.141892,0.721739,1.0,0.895652,1.304054,0.834783,1.013514,0.73913,0.75,0.4,1.013514,0.556522,1.216216,0.521739,0.797297,0.469565,0.5,0.06087,1.006757,0.243478,1.189189,0.269565,0.783784,0.252174,0.47973,-0.278261,1.0,-0.182609,1.432432,-0.095652,1.709459,-0.008696,1.959459,0,0,0.0,0.0,0.0,0.0,0.0,0.0,0.0,0.0,0.0,0.0,0.0,0.0,0.0,0.0,0.0,0.0,0.0,0.0,0.0,0.0,0.0,0.0,0.0,0.0,0.0,0.0,0.0,0.0,0.0,0.0,0.0,0.0,0.0,0.0,0.0,0.0,0.0,0.0,0.0,0.0,0.0,0.0,J,2
0.0,0.0,0.495726,0.131579,0.888889,0.519737,1.059829,0.842105,1.136752,1.125,0.709402,1.0,0.880342,1.302632,0.811966,1.026316,0.717949,0.769737,0.384615,1.013158,0.538462,1.203947,0.495726,0.776316,0.444444,0.467105,0.051282,1.0,0.222222,1.184211,0.25641,0.776316,0.247863,0.473684,-0.290598,0.986842,-0.196581,1.421053,-0.102564,1.684211,0.008547,1.927632,0,0,0.0,0.0,0.0,0.0,0.0,0.0,0.0,0.0,0.0,0.0,0.0,0.0,0.0,0.0,0.0,0.0,0.0,0.0,0.0,0.0,0.0,0.0,0.0,0.0,0.0,0.0,0.0,0.0,0.0,0.0,0.0,0.0,0.0,0.0,0.0,0.0,0.0,0.0,0.0,0.0,0.0,0.0,J,2
0.0,0.0,0.495652,0.15625,0.852174,0.55,1.0,0.85,1.095652,1.11875,0.617391,1.0,0.756522,1.28125,0.747826,1.01875,0.704348,0.76875,0.295652,1.0,0.452174,1.19375,0.46087,0.7875,0.434783,0.49375,-0.043478,0.96875,0.147826,1.11875,0.191304,0.7125,0.182609,0.4125,-0.382609,0.93125,-0.321739,1.35,-0.243478,1.6125,-0.121739,1.8625,0,0,0.0,0.0,0.0,0.0,0.0,0.0,0.0,0.0,0.0,0.0,0.0,0.0,0.0,0.0,0.0,0.0,0.0,0.0,0.0,0.0,0.0,0.0,0.0,0.0,0.0,0.0,0.0,0.0,0.0,0.0,0.0,0.0,0.0,0.0,0.0,0.0,0.0,0.0,0.0,0.0,0.0,0.0,J,2
0.0,0.0,0.462185,0.146341,0.781513,0.536585,0.890756,0.829268,0.941176,1.085366,0.554622,1.0,0.647059,1.262195,0.621849,0.987805,0.579832,0.737805,0.218487,0.993902,0.327731,1.176829,0.344538,0.817073,0.344538,0.560976,-0.117647,0.945122,0.02521,1.085366,0.067227,0.689024,0.084034,0.384146,-0.445378,0.878049,-0.403361,1.29878,-0.344538,1.560976,-0.252101,1.79878,0,0,0.0,0.0,0.0,0.0,0.0,0.0,0.0,0.0,0.0,0.0,0.0,0.0,0.0,0.0,0.0,0.0,0.0,0.0,0.0,0.0,0.0,0.0,0.0,0.0,0.0,0.0,0.0,0.0,0.0,0.0,0.0,0.0,0.0,0.0,0.0,0.0,0.0,0.0,0.0,0.0,0.0,0.0,J,2
0.0,0.0,0.46087,0.150602,0.826087,0.439759,0.826087,0.674699,0.765217,0.873494,0.521739,1.0,0.556522,1.138554,0.530435,0.849398,0.530435,0.656627,0.156522,0.993976,0.278261,1.156627,0.278261,0.795181,0.26087,0.548193,-0.173913,0.921687,-0.113043,1.054217,-0.034783,0.704819,0.008696,0.475904,-0.478261,0.789157,-0.469565,0.843373,-0.356522,0.614458,-0.278261,0.475904,0,0,0.0,0.0,0.0,0.0,0.0,0.0,0.0,0.0,0.0,0.0,0.0,0.0,0.0,0.0,0.0,0.0,0.0,0.0,0.0,0.0,0.0,0.0,0.0,0.0,0.0,0.0,0.0,0.0,0.0,0.0,0.0,0.0,0.0,0.0,0.0,0.0,0.0,0.0,0.0,0.0,0.0,0.0,J,2
0.0,0.0,0.385714,0.0875,0.75,0.25625,0.864286,0.35,0.85,0.31875,0.492857,1.0,0.557143,0.775,0.514286,0.4875,0.485714,0.31875,0.135714,1.1,0.178571,0.7375,0.185714,0.3375,0.2,0.0875,-0.214286,1.03125,-0.185714,0.725,-0.121429,0.36875,-0.071429,0.15,-0.507143,0.8875,-0.664286,0.83125,-0.785714,0.78125,-0.914286,0.8,0,0,0.0,0.0,0.0,0.0,0.0,0.0,0.0,0.0,0.0,0.0,0.0,0.0,0.0,0.0,0.0,0.0,0.0,0.0,0.0,0.0,0.0,0.0,0.0,0.0,0.0,0.0,0.0,0.0,0.0,0.0,0.0,0.0,0.0,0.0,0.0,0.0,0.0,0.0,0.0,0.0,0.0,0.0,J,2
0.0,0.0,-0.256098,0.027397,-0.560976,0.184932,-0.719512,0.315068,-0.841463,0.424658,-0.573171,1.0,-0.658537,0.479452,-0.597561,0.143836,-0.5,0.0,-0.268293,1.109589,-0.390244,0.527397,-0.329268,0.136986,-0.256098,0.0,0.073171,1.061644,-0.121951,0.534247,-0.04878,0.205479,0.02439,0.061644,0.426829,0.917808,0.097561,0.664384,-0.231707,0.534247,-0.47561,0.534247,0,0,0.0,0.0,0.0,0.0,0.0,0.0,0.0,0.0,0.0,0.0,0.0,0.0,0.0,0.0,0.0,0.0,0.0,0.0,0.0,0.0,0.0,0.0,0.0,0.0,0.0,0.0,0.0,0.0,0.0,0.0,0.0,0.0,0.0,0.0,0.0,0.0,0.0,0.0,0.0,0.0,0.0,0.0,J,2
0.0,0.0,0.304054,0.027586,0.635135,0.103448,0.621622,0.110345,0.445946,0.062069,0.560811,1.0,0.675676,0.841379,0.682432,0.558621,0.689189,0.42069,0.168919,1.075862,0.189189,0.634483,0.22973,0.2,0.256757,0.124138,-0.168919,0.931034,-0.182432,0.544828,-0.081081,0.172414,0.0,0.075862,-0.439189,0.696552,-0.682432,0.648276,-0.885135,0.627586,-1.047297,0.696552,0,0,0.0,0.0,0.0,0.0,0.0,0.0,0.0,0.0,0.0,0.0,0.0,0.0,0.0,0.0,0.0,0.0,0.0,0.0,0.0,0.0,0.0,0.0,0.0,0.0,0.0,0.0,0.0,0.0,0.0,0.0,0.0,0.0,0.0,0.0,0.0,0.0,0.0,0.0,0.0,0.0,0.0,0.0,J,2
0.0,0.0,0.309677,-0.006993,0.580645,0.027972,0.632258,0.06993,0.477419,0.125874,0.535484,1.0,0.6,0.65035,0.567742,0.335664,0.548387,0.202797,0.187097,1.083916,0.167742,0.545455,0.174194,0.167832,0.187097,0.076923,-0.16129,0.958042,-0.206452,0.482517,-0.141935,0.188811,-0.103226,0.13986,-0.464516,0.748252,-0.645161,0.587413,-0.683871,0.524476,-0.722581,0.594406,0,0,0.0,0.0,0.0,0.0,0.0,0.0,0.0,0.0,0.0,0.0,0.0,0.0,0.0,0.0,0.0,0.0,0.0,0.0,0.0,0.0,0.0,0.0,0.0,0.0,0.0,0.0,0.0,0.0,0.0,0.0,0.0,0.0,0.0,0.0,0.0,0.0,0.0,0.0,0.0,0.0,0.0,0.0,J,2
0.0,0.0,-0.78125,0.9,-1.578125,0.5,-2.21875,-0.4,-2.71875,-1.8,-1.703125,1.0,-2.625,-0.6,-3.203125,-2.0,-3.625,-3.0,-1.46875,-0.4,-2.46875,-2.8,-3.0625,-4.6,-3.515625,-5.9,-1.125,-2.2,-1.953125,-5.4,-2.4375,-7.8,-2.828125,-9.4,-0.703125,-4.1,-1.171875,-7.0,-1.484375,-8.7,-1.765625,-10.2,0,0,0.0,0.0,0.0,0.0,0.0,0.0,0.0,0.0,0.0,0.0,0.0,0.0,0.0,0.0,0.0,0.0,0.0,0.0,0.0,0.0,0.0,0.0,0.0,0.0,0.0,0.0,0.0,0.0,0.0,0.0,0.0,0.0,0.0,0.0,0.0,0.0,0.0,0.0,0.0,0.0,0.0,0.0,J,2
0.0,0.0,0.293103,0.225806,0.258621,0.096774,0.051724,0.354839,-0.293103,0.387097,-0.724138,-1.0,-1.293103,-1.967742,-1.724138,-2.903226,-2.137931,-3.806452,-1.206897,-0.967742,-2.137931,-1.935484,-2.724138,-2.677419,-3.275862,-3.387097,-1.534483,-0.870968,-2.293103,-1.83871,-2.810345,-2.709677,-3.224138,-3.548387,-1.724138,-0.806452,-2.12069,-1.677419,-2.396552,-2.419355,-2.603448,-3.193548,0,0,0.0,0.0,0.0,0.0,0.0,0.0,0.0,0.0,0.0,0.0,0.0,0.0,0.0,0.0,0.0,0.0,0.0,0.0,0.0,0.0,0.0,0.0,0.0,0.0,0.0,0.0,0.0,0.0,0.0,0.0,0.0,0.0,0.0,0.0,0.0,0.0,0.0,0.0,0.0,0.0,0.0,0.0,J,2
0.0,0.0,-0.316239,0.278261,-0.581197,0.669565,-0.769231,0.973913,-0.905983,1.165217,-0.452991,1.0,-0.307692,1.365217,-0.282051,1.173913,-0.34188,1.008696,-0.145299,0.86087,0.025641,1.147826,0.051282,0.973913,0.0,0.852174,0.196581,0.704348,0.358974,1.0,0.333333,0.895652,0.264957,0.765217,0.547009,0.6,0.863248,1.086957,1.094017,1.417391,1.273504,1.678261,0,0,0.0,0.0,0.0,0.0,0.0,0.0,0.0,0.0,0.0,0.0,0.0,0.0,0.0,0.0,0.0,0.0,0.0,0.0,0.0,0.0,0.0,0.0,0.0,0.0,0.0,0.0,0.0,0.0,0.0,0.0,0.0,0.0,0.0,0.0,0.0,0.0,0.0,0.0,0.0,0.0,0.0,0.0,J,2
0.0,0.0,-0.340426,0.299213,-0.546099,0.850394,-0.51773,1.377953,-0.41844,1.708661,-0.64539,1.0,-0.163121,1.685039,-0.028369,1.496063,-0.099291,1.299213,-0.340426,0.850394,0.141844,1.598425,0.241135,1.377953,0.148936,1.181102,0.014184,0.724409,0.404255,1.480315,0.468085,1.299213,0.375887,1.055118,0.35461,0.653543,0.617021,1.346457,0.815603,1.771654,0.943262,2.110236,0,0,0.0,0.0,0.0,0.0,0.0,0.0,0.0,0.0,0.0,0.0,0.0,0.0,0.0,0.0,0.0,0.0,0.0,0.0,0.0,0.0,0.0,0.0,0.0,0.0,0.0,0.0,0.0,0.0,0.0,0.0,0.0,0.0,0.0,0.0,0.0,0.0,0.0,0.0,0.0,0.0,0.0,0.0,J,2
0.0,0.0,-0.337748,0.270677,-0.609272,0.827068,-0.695364,1.398496,-0.721854,1.729323,-0.662252,1.0,-0.337748,1.729323,-0.211921,1.518797,-0.264901,1.263158,-0.350993,0.93985,-0.019868,1.676692,0.07947,1.428571,0.006623,1.225564,0.006623,0.894737,0.278146,1.616541,0.317881,1.390977,0.238411,1.12782,0.337748,0.864662,0.509934,1.533835,0.635762,1.93985,0.715232,2.300752,0,0,0.0,0.0,0.0,0.0,0.0,0.0,0.0,0.0,0.0,0.0,0.0,0.0,0.0,0.0,0.0,0.0,0.0,0.0,0.0,0.0,0.0,0.0,0.0,0.0,0.0,0.0,0.0,0.0,0.0,0.0,0.0,0.0,0.0,0.0,0.0,0.0,0.0,0.0,0.0,0.0,0.0,0.0,J,2
0.0,0.0,-0.298137,0.310811,-0.596273,0.871622,-0.757764,1.418919,-0.913043,1.722973,-0.695652,1.0,-0.360248,1.695946,-0.217391,1.5,-0.26087,1.25,-0.378882,0.925676,-0.068323,1.621622,0.055901,1.398649,-0.006211,1.216216,-0.024845,0.878378,0.229814,1.567568,0.298137,1.371622,0.223602,1.135135,0.304348,0.851351,0.440994,1.472973,0.565217,1.844595,0.645963,2.162162,0,0,0.0,0.0,0.0,0.0,0.0,0.0,0.0,0.0,0.0,0.0,0.0,0.0,0.0,0.0,0.0,0.0,0.0,0.0,0.0,0.0,0.0,0.0,0.0,0.0,0.0,0.0,0.0,0.0,0.0,0.0,0.0,0.0,0.0,0.0,0.0,0.0,0.0,0.0,0.0,0.0,0.0,0.0,J,2
0.0,0.0,-0.198675,0.632911,-0.192053,1.481013,0.013245,2.050633,0.15894,2.265823,-0.549669,1.0,-0.205298,2.151899,-0.15894,1.911392,-0.198675,1.64557,-0.245033,0.696203,0.13245,2.075949,0.165563,1.658228,0.099338,1.227848,0.086093,0.56962,0.403974,1.987342,0.410596,1.696203,0.331126,1.278481,0.450331,0.658228,0.701987,1.898734,0.801325,2.531646,0.821192,2.936709,0.152317880794702,1.0632911392405062,0.0,0.0,-0.3,0.360248,-0.54375,0.89441,-0.625,1.42236,-0.70625,1.708075,-0.7,1.0,-0.325,1.627329,-0.175,1.453416,-0.20625,1.223602,-0.3875,0.944099,-0.03125,1.583851,0.10625,1.378882,0.05625,1.204969,-0.03125,0.89441,0.24375,1.52795,0.34375,1.360248,0.2875,1.15528,0.3,0.850932,0.44375,1.459627,0.58125,1.782609,0.6625,2.049689,J,2
0.0,0.0,-0.335404,0.346154,-0.571429,0.884615,-0.645963,1.416667,-0.701863,1.737179,-0.689441,1.0,-0.31677,1.660256,-0.180124,1.455128,-0.223602,1.230769,-0.36646,0.923077,-0.012422,1.589744,0.093168,1.378205,0.031056,1.192308,-0.012422,0.871795,0.254658,1.532051,0.322981,1.358974,0.26087,1.160256,0.310559,0.833333,0.459627,1.442308,0.590062,1.775641,0.677019,2.057692,0,0,0.0,0.0,0.0,0.0,0.0,0.0,0.0,0.0,0.0,0.0,0.0,0.0,0.0,0.0,0.0,0.0,0.0,0.0,0.0,0.0,0.0,0.0,0.0,0.0,0.0,0.0,0.0,0.0,0.0,0.0,0.0,0.0,0.0,0.0,0.0,0.0,0.0,0.0,0.0,0.0,0.0,0.0,J,2
0.0,0.0,-0.165605,2.5,-0.248408,5.666667,-0.133758,7.833333,-0.089172,7.916667,-0.573248,1.0,-0.33121,7.666667,-0.261146,6.25,-0.305732,4.416667,-0.267516,-0.916667,-0.012739,7.166667,0.050955,5.166667,-0.006369,3.166667,0.070064,-1.416667,0.299363,6.083333,0.318471,4.416667,0.242038,2.0,0.426752,-0.333333,0.605096,6.5,0.726115,10.75,0.789809,13.833333,0.06369426751592357,13.333333333333334,0.0,0.0,-0.304348,0.352201,-0.546584,0.893082,-0.627329,1.421384,-0.695652,1.704403,-0.720497,1.0,-0.341615,1.647799,-0.186335,1.45283,-0.223602,1.226415,-0.409938,0.930818,-0.043478,1.584906,0.093168,1.377358,0.043478,1.194969,-0.055901,0.874214,0.223602,1.534591,0.329193,1.358491,0.279503,1.150943,0.279503,0.842767,0.428571,1.45283,0.559006,1.779874,0.652174,2.056604,J,2
0.0,0.0,-0.341615,0.344156,-0.57764,0.902597,-0.652174,1.448052,-0.627329,1.772727,-0.68323,1.0,-0.310559,1.655844,-0.204969,1.480519,-0.242236,1.266234,-0.354037,0.928571,-0.012422,1.603896,0.086957,1.409091,0.037267,1.214286,-0.006211,0.883117,0.254658,1.545455,0.322981,1.383117,0.273292,1.175325,0.31677,0.87013,0.447205,1.487013,0.571429,1.811688,0.658385,2.084416,0,0,0.0,0.0,0.0,0.0,0.0,0.0,0.0,0.0,0.0,0.0,0.0,0.0,0.0,0.0,0.0,0.0,0.0,0.0,0.0,0.0,0.0,0.0,0.0,0.0,0.0,0.0,0.0,0.0,0.0,0.0,0.0,0.0,0.0,0.0,0.0,0.0,0.0,0.0,0.0,0.0,0.0,0.0,J,2
0.0,0.0,-0.363057,0.338028,-0.636943,0.880282,-0.732484,1.422535,-0.815287,1.774648,-0.687898,1.0,-0.420382,1.71831,-0.235669,1.711268,-0.178344,1.56338,-0.369427,0.957746,-0.070064,1.676056,0.057325,1.549296,0.038217,1.359155,-0.019108,0.93662,0.216561,1.647887,0.312102,1.5,0.292994,1.288732,0.312102,0.929577,0.458599,1.570423,0.573248,1.922535,0.656051,2.197183,0,0,0.0,0.0,0.0,0.0,0.0,0.0,0.0,0.0,0.0,0.0,0.0,0.0,0.0,0.0,0.0,0.0,0.0,0.0,0.0,0.0,0.0,0.0,0.0,0.0,0.0,0.0,0.0,0.0,0.0,0.0,0.0,0.0,0.0,0.0,0.0,0.0,0.0,0.0,0.0,0.0,0.0,0.0,J,2
0.0,0.0,-0.319728,0.363636,-0.489796,0.939394,-0.44898,1.505051,-0.340136,1.909091,-0.666667,1.0,-0.544218,1.888889,-0.353741,2.212121,-0.238095,2.30303,-0.360544,0.89899,-0.163265,1.848485,-0.027211,2.030303,0.034014,2.010101,-0.013605,0.848485,0.183673,1.757576,0.217687,1.919192,0.217687,1.888889,0.333333,0.828283,0.482993,1.636364,0.489796,1.858586,0.469388,1.939394,-0.027210884353741496,0.35353535353535354,0.0,0.0,-0.285714,0.348993,-0.465839,0.932886,-0.496894,1.489933,-0.496894,1.765101,-0.627329,1.0,-0.279503,1.691275,-0.180124,1.510067,-0.223602,1.288591,-0.291925,0.939597,0.006211,1.61745,0.080745,1.42953,0.043478,1.234899,0.055901,0.90604,0.285714,1.577181,0.335404,1.402685,0.279503,1.181208,0.372671,0.90604,0.534161,1.503356,0.652174,1.832215,0.73913,2.107383,J,2
0.0,0.0,-0.259259,0.345679,-0.388889,0.888889,-0.339506,1.425926,-0.259259,1.654321,-0.580247,1.0,-0.185185,1.623457,-0.092593,1.432099,-0.148148,1.216049,-0.240741,0.925926,0.092593,1.555556,0.160494,1.358025,0.104938,1.17284,0.111111,0.87037,0.358025,1.493827,0.395062,1.314815,0.320988,1.111111,0.419753,0.839506,0.592593,1.395062,0.722222,1.703704,0.82716,1.969136,0,0,0.0,0.0,0.0,0.0,0.0,0.0,0.0,0.0,0.0,0.0,0.0,0.0,0.0,0.0,0.0,0.0,0.0,0.0,0.0,0.0,0.0,0.0,0.0,0.0,0.0,0.0,0.0,0.0,0.0,0.0,0.0,0.0,0.0,0.0,0.0,0.0,0.0,0.0,0.0,0.0,0.0,0.0,J,2
0.0,0.0,-0.298137,0.371795,-0.509317,0.942308,-0.583851,1.487179,-0.652174,1.775641,-0.596273,1.0,-0.204969,1.666667,-0.099379,1.461538,-0.149068,1.237179,-0.26087,0.929487,0.093168,1.596154,0.173913,1.384615,0.111801,1.185897,0.093168,0.871795,0.354037,1.532051,0.403727,1.352564,0.335404,1.147436,0.403727,0.839744,0.57764,1.429487,0.714286,1.75641,0.819876,2.032051,0,0,0.0,0.0,0.0,0.0,0.0,0.0,0.0,0.0,0.0,0.0,0.0,0.0,0.0,0.0,0.0,0.0,0.0,0.0,0.0,0.0,0.0,0.0,0.0,0.0,0.0,0.0,0.0,0.0,0.0,0.0,0.0,0.0,0.0,0.0,0.0,0.0,0.0,0.0,0.0,0.0,0.0,0.0,J,2
0.0,0.0,-0.30625,0.367089,-0.525,0.93038,-0.59375,1.474684,-0.625,1.778481,-0.6,1.0,-0.2125,1.664557,-0.10625,1.462025,-0.16875,1.234177,-0.2625,0.936709,0.0875,1.607595,0.16875,1.392405,0.10625,1.202532,0.09375,0.879747,0.35,1.544304,0.40625,1.367089,0.34375,1.164557,0.4,0.848101,0.575,1.43038,0.71875,1.746835,0.83125,2.012658,0,0,0.0,0.0,0.0,0.0,0.0,0.0,0.0,0.0,0.0,0.0,0.0,0.0,0.0,0.0,0.0,0.0,0.0,0.0,0.0,0.0,0.0,0.0,0.0,0.0,0.0,0.0,0.0,0.0,0.0,0.0,0.0,0.0,0.0,0.0,0.0,0.0,0.0,0.0,0.0,0.0,0.0,0.0,J,2
0.0,0.0,0.456522,0.292308,0.673913,0.784615,0.673913,1.169231,0.369565,1.369231,0.26087,1.0,0.130435,1.261538,0.130435,1.0,0.152174,0.769231,-0.108696,0.938462,-0.217391,1.184615,-0.108696,0.846154,-0.021739,0.569231,-0.456522,0.846154,-0.608696,1.169231,-0.478261,1.030769,-0.326087,0.892308,-0.73913,0.753846,-0.956522,1.046154,-1.130435,1.246154,-1.26087,1.430769,0,0,0.0,0.0,0.0,0.0,0.0,0.0,0.0,0.0,0.0,0.0,0.0,0.0,0.0,0.0,0.0,0.0,0.0,0.0,0.0,0.0,0.0,0.0,0.0,0.0,0.0,0.0,0.0,0.0,0.0,0.0,0.0,0.0,0.0,0.0,0.0,0.0,0.0,0.0,0.0,0.0,0.0,0.0,J,3
0.0,0.0,0.478261,0.34375,0.652174,0.78125,0.608696,1.125,0.304348,1.3125,0.195652,1.0,0.086957,1.234375,0.108696,0.96875,0.130435,0.71875,-0.152174,0.921875,-0.23913,1.140625,-0.130435,0.828125,-0.043478,0.546875,-0.5,0.84375,-0.652174,1.125,-0.521739,0.984375,-0.391304,0.84375,-0.804348,0.734375,-1.021739,1.046875,-1.173913,1.25,-1.304348,1.421875,0,0,0.0,0.0,0.0,0.0,0.0,0.0,0.0,0.0,0.0,0.0,0.0,0.0,0.0,0.0,0.0,0.0,0.0,0.0,0.0,0.0,0.0,0.0,0.0,0.0,0.0,0.0,0.0,0.0,0.0,0.0,0.0,0.0,0.0,0.0,0.0,0.0,0.0,0.0,0.0,0.0,0.0,0.0,J,3
0.0,0.0,0.456522,0.3125,0.673913,0.75,0.630435,1.109375,0.369565,1.3125,0.217391,1.0,0.108696,1.234375,0.108696,0.96875,0.130435,0.703125,-0.130435,0.921875,-0.217391,1.125,-0.130435,0.796875,-0.043478,0.515625,-0.478261,0.84375,-0.630435,1.09375,-0.5,0.96875,-0.369565,0.828125,-0.782609,0.734375,-1.0,1.03125,-1.152174,1.21875,-1.282609,1.40625,0,0,0.0,0.0,0.0,0.0,0.0,0.0,0.0,0.0,0.0,0.0,0.0,0.0,0.0,0.0,0.0,0.0,0.0,0.0,0.0,0.0,0.0,0.0,0.0,0.0,0.0,0.0,0.0,0.0,0.0,0.0,0.0,0.0,0.0,0.0,0.0,0.0,0.0,0.0,0.0,0.0,0.0,0.0,J,3
0.0,0.0,0.425532,0.31746,0.617021,0.777778,0.574468,1.174603,0.276596,1.396825,0.234043,1.0,0.106383,1.238095,0.085106,0.968254,0.106383,0.714286,-0.12766,0.936508,-0.212766,1.142857,-0.148936,0.84127,-0.06383,0.571429,-0.446809,0.857143,-0.617021,1.126984,-0.531915,1.031746,-0.425532,0.904762,-0.765957,0.746032,-0.957447,1.063492,-1.12766,1.269841,-1.255319,1.460317,0,0,0.0,0.0,0.0,0.0,0.0,0.0,0.0,0.0,0.0,0.0,0.0,0.0,0.0,0.0,0.0,0.0,0.0,0.0,0.0,0.0,0.0,0.0,0.0,0.0,0.0,0.0,0.0,0.0,0.0,0.0,0.0,0.0,0.0,0.0,0.0,0.0,0.0,0.0,0.0,0.0,0.0,0.0,J,3
0.0,0.0,0.367347,0.3125,0.55102,0.75,0.510204,1.140625,0.265306,1.375,0.265306,1.0,0.142857,1.234375,0.122449,0.953125,0.122449,0.6875,-0.102041,0.9375,-0.183673,1.171875,-0.102041,0.84375,-0.040816,0.5625,-0.428571,0.84375,-0.571429,1.109375,-0.489796,0.984375,-0.387755,0.828125,-0.734694,0.734375,-0.918367,1.015625,-1.061224,1.21875,-1.204082,1.40625,0,0,0.0,0.0,0.0,0.0,0.0,0.0,0.0,0.0,0.0,0.0,0.0,0.0,0.0,0.0,0.0,0.0,0.0,0.0,0.0,0.0,0.0,0.0,0.0,0.0,0.0,0.0,0.0,0.0,0.0,0.0,0.0,0.0,0.0,0.0,0.0,0.0,0.0,0.0,0.0,0.0,0.0,0.0,J,3
0.0,0.0,0.413043,0.307692,0.586957,0.784615,0.521739,1.153846,0.282609,1.384615,0.195652,1.0,0.065217,1.215385,0.086957,0.953846,0.108696,0.707692,-0.152174,0.938462,-0.23913,1.138462,-0.130435,0.8,-0.065217,0.553846,-0.5,0.846154,-0.652174,1.107692,-0.543478,0.907692,-0.456522,0.738462,-0.804348,0.723077,-1.021739,1.015385,-1.217391,1.2,-1.391304,1.369231,0,0,0.0,0.0,0.0,0.0,0.0,0.0,0.0,0.0,0.0,0.0,0.0,0.0,0.0,0.0,0.0,0.0,0.0,0.0,0.0,0.0,0.0,0.0,0.0,0.0,0.0,0.0,0.0,0.0,0.0,0.0,0.0,0.0,0.0,0.0,0.0,0.0,0.0,0.0,0.0,0.0,0.0,0.0,J,3
0.0,0.0,0.367347,0.298507,0.510204,0.731343,0.44898,1.104478,0.22449,1.343284,0.204082,1.0,0.081633,1.208955,0.081633,0.955224,0.081633,0.701493,-0.163265,0.940299,-0.204082,1.149254,-0.142857,0.820896,-0.102041,0.537313,-0.489796,0.835821,-0.632653,1.089552,-0.530612,0.865672,-0.428571,0.671642,-0.795918,0.716418,-1.020408,0.985075,-1.163265,1.164179,-1.326531,1.343284,0,0,0.0,0.0,0.0,0.0,0.0,0.0,0.0,0.0,0.0,0.0,0.0,0.0,0.0,0.0,0.0,0.0,0.0,0.0,0.0,0.0,0.0,0.0,0.0,0.0,0.0,0.0,0.0,0.0,0.0,0.0,0.0,0.0,0.0,0.0,0.0,0.0,0.0,0.0,0.0,0.0,0.0,0.0,J,3
0.0,0.0,0.354167,0.298507,0.520833,0.731343,0.479167,1.089552,0.25,1.328358,0.1875,1.0,0.083333,1.223881,0.083333,0.955224,0.083333,0.686567,-0.166667,0.940299,-0.229167,1.164179,-0.145833,0.820896,-0.104167,0.552239,-0.5,0.835821,-0.645833,1.089552,-0.520833,0.880597,-0.4375,0.686567,-0.8125,0.716418,-1.041667,0.985075,-1.1875,1.164179,-1.354167,1.328358,0,0,0.0,0.0,0.0,0.0,0.0,0.0,0.0,0.0,0.0,0.0,0.0,0.0,0.0,0.0,0.0,0.0,0.0,0.0,0.0,0.0,0.0,0.0,0.0,0.0,0.0,0.0,0.0,0.0,0.0,0.0,0.0,0.0,0.0,0.0,0.0,0.0,0.0,0.0,0.0,0.0,0.0,0.0,J,3
0.0,0.0,0.391304,0.285714,0.586957,0.742857,0.521739,1.114286,0.23913,1.328571,0.173913,1.0,0.043478,1.157143,0.043478,0.871429,0.086957,0.657143,-0.195652,0.928571,-0.282609,1.085714,-0.173913,0.757143,-0.086957,0.542857,-0.521739,0.828571,-0.717391,1.028571,-0.586957,0.785714,-0.456522,0.6,-0.826087,0.7,-1.065217,0.942857,-1.23913,1.085714,-1.413043,1.242857,0,0,0.0,0.0,0.0,0.0,0.0,0.0,0.0,0.0,0.0,0.0,0.0,0.0,0.0,0.0,0.0,0.0,0.0,0.0,0.0,0.0,0.0,0.0,0.0,0.0,0.0,0.0,0.0,0.0,0.0,0.0,0.0,0.0,0.0,0.0,0.0,0.0,0.0,0.0,0.0,0.0,0.0,0.0,J,3
0.0,0.0,0.375,0.285714,0.520833,0.728571,0.479167,1.1,0.229167,1.328571,0.1875,1.0,0.0625,1.171429,0.041667,0.885714,0.0625,0.642857,-0.1875,0.942857,-0.270833,1.114286,-0.208333,0.785714,-0.145833,0.557143,-0.520833,0.842857,-0.6875,1.057143,-0.583333,0.828571,-0.479167,0.628571,-0.8125,0.714286,-1.041667,0.957143,-1.208333,1.114286,-1.375,1.271429,0,0,0.0,0.0,0.0,0.0,0.0,0.0,0.0,0.0,0.0,0.0,0.0,0.0,0.0,0.0,0.0,0.0,0.0,0.0,0.0,0.0,0.0,0.0,0.0,0.0,0.0,0.0,0.0,0.0,0.0,0.0,0.0,0.0,0.0,0.0,0.0,0.0,0.0,0.0,0.0,0.0,0.0,0.0,J,3
0.0,0.0,0.375,0.285714,0.520833,0.728571,0.479167,1.1,0.229167,1.328571,0.1875,1.0,0.0625,1.171429,0.041667,0.885714,0.0625,0.642857,-0.1875,0.942857,-0.270833,1.114286,-0.208333,0.785714,-0.145833,0.557143,-0.520833,0.842857,-0.6875,1.057143,-0.583333,0.828571,-0.479167,0.642857,-0.8125,0.714286,-1.041667,0.957143,-1.208333,1.114286,-1.375,1.257143,0,0,0.0,0.0,0.0,0.0,0.0,0.0,0.0,0.0,0.0,0.0,0.0,0.0,0.0,0.0,0.0,0.0,0.0,0.0,0.0,0.0,0.0,0.0,0.0,0.0,0.0,0.0,0.0,0.0,0.0,0.0,0.0,0.0,0.0,0.0,0.0,0.0,0.0,0.0,0.0,0.0,0.0,0.0,J,3
0.0,0.0,0.382979,0.285714,0.531915,0.728571,0.489362,1.1,0.234043,1.328571,0.170213,1.0,0.06383,1.171429,0.042553,0.885714,0.06383,0.642857,-0.191489,0.942857,-0.276596,1.114286,-0.212766,0.785714,-0.148936,0.557143,-0.531915,0.842857,-0.702128,1.057143,-0.595745,0.828571,-0.489362,0.642857,-0.829787,0.714286,-1.06383,0.957143,-1.234043,1.1,-1.404255,1.257143,0,0,0.0,0.0,0.0,0.0,0.0,0.0,0.0,0.0,0.0,0.0,0.0,0.0,0.0,0.0,0.0,0.0,0.0,0.0,0.0,0.0,0.0,0.0,0.0,0.0,0.0,0.0,0.0,0.0,0.0,0.0,0.0,0.0,0.0,0.0,0.0,0.0,0.0,0.0,0.0,0.0,0.0,0.0,J,3
0.0,0.0,0.382979,0.285714,0.531915,0.728571,0.489362,1.1,0.234043,1.328571,0.170213,1.0,0.06383,1.171429,0.042553,0.885714,0.06383,0.642857,-0.191489,0.942857,-0.276596,1.114286,-0.212766,0.785714,-0.12766,0.557143,-0.531915,0.842857,-0.702128,1.057143,-0.595745,0.828571,-0.489362,0.628571,-0.829787,0.714286,-1.06383,0.957143,-1.234043,1.1,-1.404255,1.257143,0,0,0.0,0.0,0.0,0.0,0.0,0.0,0.0,0.0,0.0,0.0,0.0,0.0,0.0,0.0,0.0,0.0,0.0,0.0,0.0,0.0,0.0,0.0,0.0,0.0,0.0,0.0,0.0,0.0,0.0,0.0,0.0,0.0,0.0,0.0,0.0,0.0,0.0,0.0,0.0,0.0,0.0,0.0,J,3
0.0,0.0,0.369565,0.233766,0.543478,0.636364,0.434783,0.961039,0.108696,1.155844,0.065217,1.0,-0.130435,1.0,-0.065217,0.688312,0.021739,0.480519,-0.347826,0.935065,-0.478261,0.896104,-0.326087,0.584416,-0.195652,0.402597,-0.673913,0.805195,-0.869565,0.831169,-0.673913,0.571429,-0.478261,0.402597,-0.934783,0.636364,-1.195652,0.792208,-1.391304,0.87013,-1.543478,0.974026,0,0,0.0,0.0,0.0,0.0,0.0,0.0,0.0,0.0,0.0,0.0,0.0,0.0,0.0,0.0,0.0,0.0,0.0,0.0,0.0,0.0,0.0,0.0,0.0,0.0,0.0,0.0,0.0,0.0,0.0,0.0,0.0,0.0,0.0,0.0,0.0,0.0,0.0,0.0,0.0,0.0,0.0,0.0,J,3
0.0,0.0,0.422222,0.24,0.577778,0.653333,0.488889,1.0,0.177778,1.173333,0.088889,1.0,-0.111111,1.013333,-0.044444,0.706667,0.044444,0.493333,-0.311111,0.946667,-0.422222,0.906667,-0.288889,0.586667,-0.155556,0.4,-0.644444,0.813333,-0.8,0.84,-0.622222,0.573333,-0.422222,0.386667,-0.911111,0.64,-1.155556,0.813333,-1.422222,0.92,-1.622222,1.026667,0,0,0.0,0.0,0.0,0.0,0.0,0.0,0.0,0.0,0.0,0.0,0.0,0.0,0.0,0.0,0.0,0.0,0.0,0.0,0.0,0.0,0.0,0.0,0.0,0.0,0.0,0.0,0.0,0.0,0.0,0.0,0.0,0.0,0.0,0.0,0.0,0.0,0.0,0.0,0.0,0.0,0.0,0.0,J,3
0.0,0.0,0.361702,0.194805,0.468085,0.571429,0.319149,0.896104,0.042553,1.064935,0.042553,1.0,-0.234043,0.896104,-0.191489,0.571429,-0.06383,0.350649,-0.361702,0.961039,-0.553191,0.74026,-0.382979,0.402597,-0.212766,0.207792,-0.702128,0.818182,-0.914894,0.662338,-0.744681,0.350649,-0.553191,0.168831,-0.957447,0.623377,-1.276596,0.688312,-1.574468,0.701299,-1.829787,0.74026,0,0,0.0,0.0,0.0,0.0,0.0,0.0,0.0,0.0,0.0,0.0,0.0,0.0,0.0,0.0,0.0,0.0,0.0,0.0,0.0,0.0,0.0,0.0,0.0,0.0,0.0,0.0,0.0,0.0,0.0,0.0,0.0,0.0,0.0,0.0,0.0,0.0,0.0,0.0,0.0,0.0,0.0,0.0,J,3
0.0,0.0,0.340426,0.2125,0.468085,0.5875,0.297872,0.9125,-0.06383,1.0875,0.085106,1.0,-0.234043,0.875,-0.170213,0.5625,-0.042553,0.3625,-0.319149,0.975,-0.574468,0.75,-0.404255,0.45,-0.255319,0.2875,-0.659574,0.8375,-0.914894,0.6875,-0.723404,0.4125,-0.531915,0.2375,-0.914894,0.65,-1.234043,0.7125,-1.489362,0.725,-1.723404,0.7625,0,0,0.0,0.0,0.0,0.0,0.0,0.0,0.0,0.0,0.0,0.0,0.0,0.0,0.0,0.0,0.0,0.0,0.0,0.0,0.0,0.0,0.0,0.0,0.0,0.0,0.0,0.0,0.0,0.0,0.0,0.0,0.0,0.0,0.0,0.0,0.0,0.0,0.0,0.0,0.0,0.0,0.0,0.0,J,3
0.0,0.0,0.333333,0.21519,0.458333,0.582278,0.270833,0.911392,-0.0625,1.075949,0.083333,1.0,-0.208333,0.886076,-0.166667,0.56962,-0.041667,0.35443,-0.333333,0.962025,-0.5625,0.746835,-0.416667,0.443038,-0.25,0.278481,-0.666667,0.822785,-0.895833,0.670886,-0.708333,0.392405,-0.520833,0.227848,-0.916667,0.64557,-1.208333,0.708861,-1.479167,0.721519,-1.6875,0.759494,0,0,0.0,0.0,0.0,0.0,0.0,0.0,0.0,0.0,0.0,0.0,0.0,0.0,0.0,0.0,0.0,0.0,0.0,0.0,0.0,0.0,0.0,0.0,0.0,0.0,0.0,0.0,0.0,0.0,0.0,0.0,0.0,0.0,0.0,0.0,0.0,0.0,0.0,0.0,0.0,0.0,0.0,0.0,J,3
0.0,0.0,0.365854,0.21519,0.512195,0.544304,0.341463,0.822785,-0.097561,0.962025,-0.195122,1.0,-0.268293,0.810127,-0.146341,0.506329,-0.02439,0.316456,-0.658537,0.936709,-0.658537,0.64557,-0.390244,0.35443,-0.170732,0.189873,-1.0,0.772152,-1.02439,0.518987,-0.731707,0.240506,-0.536585,0.075949,-1.195122,0.556962,-1.512195,0.556962,-1.731707,0.556962,-1.97561,0.56962,0,0,0.0,0.0,0.0,0.0,0.0,0.0,0.0,0.0,0.0,0.0,0.0,0.0,0.0,0.0,0.0,0.0,0.0,0.0,0.0,0.0,0.0,0.0,0.0,0.0,0.0,0.0,0.0,0.0,0.0,0.0,0.0,0.0,0.0,0.0,0.0,0.0,0.0,0.0,0.0,0.0,0.0,0.0,J,3
0.0,0.0,0.341463,0.227848,0.487805,0.544304,0.317073,0.822785,-0.073171,0.936709,-0.219512,1.0,-0.219512,0.835443,-0.097561,0.56962,0.02439,0.405063,-0.682927,0.936709,-0.585366,0.696203,-0.341463,0.43038,-0.195122,0.291139,-1.0,0.772152,-1.0,0.582278,-0.731707,0.316456,-0.536585,0.151899,-1.219512,0.56962,-1.512195,0.582278,-1.731707,0.582278,-2.0,0.594937,0,0,0.0,0.0,0.0,0.0,0.0,0.0,0.0,0.0,0.0,0.0,0.0,0.0,0.0,0.0,0.0,0.0,0.0,0.0,0.0,0.0,0.0,0.0,0.0,0.0,0.0,0.0,0.0,0.0,0.0,0.0,0.0,0.0,0.0,0.0,0.0,0.0,0.0,0.0,0.0,0.0,0.0,0.0,J,3
0.0,0.0,0.341463,0.225,0.512195,0.55,0.341463,0.825,-0.073171,0.9375,-0.219512,1.0,-0.292683,0.825,-0.146341,0.5625,-0.02439,0.4,-0.658537,0.9375,-0.634146,0.6875,-0.390244,0.4375,-0.243902,0.2875,-1.0,0.7875,-1.04878,0.575,-0.780488,0.325,-0.560976,0.1625,-1.219512,0.5875,-1.512195,0.5875,-1.731707,0.575,-1.97561,0.5875,0,0,0.0,0.0,0.0,0.0,0.0,0.0,0.0,0.0,0.0,0.0,0.0,0.0,0.0,0.0,0.0,0.0,0.0,0.0,0.0,0.0,0.0,0.0,0.0,0.0,0.0,0.0,0.0,0.0,0.0,0.0,0.0,0.0,0.0,0.0,0.0,0.0,0.0,0.0,0.0,0.0,0.0,0.0,J,3
0.0,0.0,0.318182,0.166667,0.477273,0.435897,0.340909,0.641026,0.113636,0.730769,-0.25,1.0,-0.204545,0.705128,-0.068182,0.448718,0.045455,0.294872,-0.727273,0.923077,-0.613636,0.538462,-0.363636,0.269231,-0.204545,0.141026,-1.045455,0.717949,-0.931818,0.384615,-0.613636,0.115385,-0.386364,-0.025641,-1.25,0.461538,-1.454545,0.410256,-1.568182,0.371795,-1.704545,0.371795,0,0,0.0,0.0,0.0,0.0,0.0,0.0,0.0,0.0,0.0,0.0,0.0,0.0,0.0,0.0,0.0,0.0,0.0,0.0,0.0,0.0,0.0,0.0,0.0,0.0,0.0,0.0,0.0,0.0,0.0,0.0,0.0,0.0,0.0,0.0,0.0,0.0,0.0,0.0,0.0,0.0,0.0,0.0,J,3
0.0,0.0,0.365854,0.209877,0.512195,0.530864,0.365854,0.765432,0.121951,0.876543,-0.292683,1.0,-0.268293,0.777778,-0.097561,0.555556,0.04878,0.432099,-0.756098,0.91358,-0.658537,0.641975,-0.390244,0.395062,-0.243902,0.283951,-1.097561,0.716049,-0.97561,0.481481,-0.658537,0.234568,-0.414634,0.08642,-1.292683,0.493827,-1.463415,0.481481,-1.634146,0.45679,-1.804878,0.45679,0,0,0.0,0.0,0.0,0.0,0.0,0.0,0.0,0.0,0.0,0.0,0.0,0.0,0.0,0.0,0.0,0.0,0.0,0.0,0.0,0.0,0.0,0.0,0.0,0.0,0.0,0.0,0.0,0.0,0.0,0.0,0.0,0.0,0.0,0.0,0.0,0.0,0.0,0.0,0.0,0.0,0.0,0.0,J,3
0.0,0.0,0.28,0.179487,0.48,0.410256,0.4,0.525641,0.26,0.564103,-0.14,1.0,0.14,0.782051,0.3,0.551282,0.4,0.461538,-0.6,0.897436,-0.24,0.615385,-0.02,0.371795,0.08,0.294872,-0.92,0.679487,-0.56,0.371795,-0.26,0.115385,-0.1,0.0,-1.14,0.435897,-1.0,0.282051,-0.82,0.128205,-0.7,0.051282,0,0,0.0,0.0,0.0,0.0,0.0,0.0,0.0,0.0,0.0,0.0,0.0,0.0,0.0,0.0,0.0,0.0,0.0,0.0,0.0,0.0,0.0,0.0,0.0,0.0,0.0,0.0,0.0,0.0,0.0,0.0,0.0,0.0,0.0,0.0,0.0,0.0,0.0,0.0,0.0,0.0,0.0,0.0,J,3
0.0,0.0,0.369565,0.1875,0.565217,0.4125,0.434783,0.5375,0.130435,0.55,-0.195652,1.0,0.065217,0.6875,0.173913,0.45,0.195652,0.4,-0.630435,0.9,-0.304348,0.575,-0.108696,0.375,-0.021739,0.325,-0.978261,0.7125,-0.608696,0.3875,-0.282609,0.1625,-0.130435,0.075,-1.195652,0.4875,-0.956522,0.2875,-0.695652,0.125,-0.543478,0.05,0,0,0.0,0.0,0.0,0.0,0.0,0.0,0.0,0.0,0.0,0.0,0.0,0.0,0.0,0.0,0.0,0.0,0.0,0.0,0.0,0.0,0.0,0.0,0.0,0.0,0.0,0.0,0.0,0.0,0.0,0.0,0.0,0.0,0.0,0.0,0.0,0.0,0.0,0.0,0.0,0.0,0.0,0.0,J,3
0.0,0.0,0.361111,0.189189,0.555556,0.364865,0.638889,0.445946,0.805556,0.540541,-0.027778,1.0,0.444444,0.905405,0.694444,0.77027,0.861111,0.756757,-0.388889,0.945946,0.25,0.810811,0.555556,0.756757,0.805556,0.797297,-0.722222,0.783784,0.0,0.527027,0.388889,0.297297,0.638889,0.189189,-1.027778,0.581081,-0.388889,0.391892,0.0,0.22973,0.25,0.135135,0,0,0.0,0.0,0.0,0.0,0.0,0.0,0.0,0.0,0.0,0.0,0.0,0.0,0.0,0.0,0.0,0.0,0.0,0.0,0.0,0.0,0.0,0.0,0.0,0.0,0.0,0.0,0.0,0.0,0.0,0.0,0.0,0.0,0.0,0.0,0.0,0.0,0.0,0.0,0.0,0.0,0.0,0.0,J,3
0.0,0.0,0.392157,0.155844,0.666667,0.363636,0.764706,0.532468,0.862745,0.688312,0.176471,1.0,0.470588,0.779221,0.54902,0.545455,0.588235,0.454545,-0.215686,0.948052,0.156863,0.701299,0.333333,0.493506,0.431373,0.441558,-0.568627,0.805195,-0.137255,0.480519,0.078431,0.246753,0.196078,0.12987,-0.823529,0.597403,-0.509804,0.376623,-0.294118,0.194805,-0.156863,0.090909,0,0,0.0,0.0,0.0,0.0,0.0,0.0,0.0,0.0,0.0,0.0,0.0,0.0,0.0,0.0,0.0,0.0,0.0,0.0,0.0,0.0,0.0,0.0,0.0,0.0,0.0,0.0,0.0,0.0,0.0,0.0,0.0,0.0,0.0,0.0,0.0,0.0,0.0,0.0,0.0,0.0,0.0,0.0,J,3
0.0,0.0,0.387755,0.179487,0.653061,0.435897,0.795918,0.602564,0.877551,0.75641,0.081633,1.0,0.408163,0.820513,0.510204,0.589744,0.55102,0.512821,-0.326531,0.948718,0.163265,0.730769,0.326531,0.551282,0.408163,0.5,-0.673469,0.807692,-0.163265,0.525641,0.081633,0.282051,0.204082,0.166667,-0.918367,0.615385,-0.55102,0.423077,-0.306122,0.24359,-0.163265,0.128205,0,0,0.0,0.0,0.0,0.0,0.0,0.0,0.0,0.0,0.0,0.0,0.0,0.0,0.0,0.0,0.0,0.0,0.0,0.0,0.0,0.0,0.0,0.0,0.0,0.0,0.0,0.0,0.0,0.0,0.0,0.0,0.0,0.0,0.0,0.0,0.0,0.0,0.0,0.0,0.0,0.0,0.0,0.0,J,3
0.0,0.0,0.589744,0.202247,0.923077,0.494382,1.051282,0.707865,1.205128,0.876404,0.25641,1.0,0.897436,0.921348,1.051282,0.685393,1.0,0.573034,-0.153846,0.955056,0.666667,0.831461,0.871795,0.606742,0.846154,0.516854,-0.461538,0.842697,0.410256,0.662921,0.615385,0.426966,0.641026,0.303371,-0.74359,0.674157,-0.025641,0.595506,0.307692,0.449438,0.487179,0.359551,0,0,0.0,0.0,0.0,0.0,0.0,0.0,0.0,0.0,0.0,0.0,0.0,0.0,0.0,0.0,0.0,0.0,0.0,0.0,0.0,0.0,0.0,0.0,0.0,0.0,0.0,0.0,0.0,0.0,0.0,0.0,0.0,0.0,0.0,0.0,0.0,0.0,0.0,0.0,0.0,0.0,0.0,0.0,J,3
0.0,0.0,0.6,0.22093,1.0,0.511628,1.15,0.72093,1.175,0.883721,0.325,1.0,0.925,0.953488,1.025,0.709302,0.95,0.581395,-0.075,0.976744,0.7,0.848837,0.825,0.604651,0.775,0.488372,-0.425,0.872093,0.425,0.72093,0.6,0.5,0.575,0.372093,-0.675,0.709302,0.025,0.627907,0.325,0.465116,0.475,0.348837,0,0,0.0,0.0,0.0,0.0,0.0,0.0,0.0,0.0,0.0,0.0,0.0,0.0,0.0,0.0,0.0,0.0,0.0,0.0,0.0,0.0,0.0,0.0,0.0,0.0,0.0,0.0,0.0,0.0,0.0,0.0,0.0,0.0,0.0,0.0,0.0,0.0,0.0,0.0,0.0,0.0,0.0,0.0,J,3
0.0,0.0,0.511628,0.176471,0.883721,0.482353,0.976744,0.717647,0.953488,0.894118,0.302326,1.0,0.790698,0.952941,0.883721,0.705882,0.790698,0.588235,-0.093023,0.964706,0.55814,0.858824,0.697674,0.623529,0.651163,0.505882,-0.418605,0.858824,0.302326,0.729412,0.465116,0.505882,0.44186,0.388235,-0.697674,0.694118,-0.023256,0.611765,0.232558,0.447059,0.348837,0.341176,0,0,0.0,0.0,0.0,0.0,0.0,0.0,0.0,0.0,0.0,0.0,0.0,0.0,0.0,0.0,0.0,0.0,0.0,0.0,0.0,0.0,0.0,0.0,0.0,0.0,0.0,0.0,0.0,0.0,0.0,0.0,0.0,0.0,0.0,0.0,0.0,0.0,0.0,0.0,0.0,0.0,0.0,0.0,J,3
0.0,0.0,0.761905,0.163043,1.214286,0.467391,1.452381,0.717391,1.642857,0.913043,0.666667,1.0,1.285714,0.934783,1.285714,0.684783,1.119048,0.565217,0.309524,1.01087,1.047619,0.880435,1.071429,0.630435,0.952381,0.543478,-0.02381,0.945652,0.785714,0.782609,0.833333,0.521739,0.714286,0.402174,-0.333333,0.815217,0.261905,0.75,0.452381,0.608696,0.571429,0.532609,0,0,0.0,0.0,0.0,0.0,0.0,0.0,0.0,0.0,0.0,0.0,0.0,0.0,0.0,0.0,0.0,0.0,0.0,0.0,0.0,0.0,0.0,0.0,0.0,0.0,0.0,0.0,0.0,0.0,0.0,0.0,0.0,0.0,0.0,0.0,0.0,0.0,0.0,0.0,0.0,0.0,0.0,0.0,J,3
0.0,0.0,0.738095,0.123596,1.309524,0.404494,1.571429,0.685393,1.52381,0.898876,0.761905,1.0,1.238095,0.94382,1.285714,0.685393,1.166667,0.561798,0.380952,1.011236,0.904762,0.898876,1.02381,0.640449,0.952381,0.516854,0.047619,0.932584,0.571429,0.808989,0.761905,0.573034,0.714286,0.449438,-0.238095,0.786517,0.166667,0.752809,0.309524,0.651685,0.357143,0.617978,0,0,0.0,0.0,0.0,0.0,0.0,0.0,0.0,0.0,0.0,0.0,0.0,0.0,0.0,0.0,0.0,0.0,0.0,0.0,0.0,0.0,0.0,0.0,0.0,0.0,0.0,0.0,0.0,0.0,0.0,0.0,0.0,0.0,0.0,0.0,0.0,0.0,0.0,0.0,0.0,0.0,0.0,0.0,J,3
0.0,0.0,0.72093,0.2125,1.209302,0.5375,1.465116,0.8125,1.465116,1.075,0.674419,1.0,1.255814,1.05,1.348837,0.8,1.302326,0.625,0.302326,1.0,0.976744,0.9875,1.046512,0.6875,1.0,0.475,-0.046512,0.9,0.627907,0.9,0.744186,0.5875,0.767442,0.3875,-0.325581,0.75,0.0,0.8875,0.255814,0.975,0.534884,1.075,0,0,0.0,0.0,0.0,0.0,0.0,0.0,0.0,0.0,0.0,0.0,0.0,0.0,0.0,0.0,0.0,0.0,0.0,0.0,0.0,0.0,0.0,0.0,0.0,0.0,0.0,0.0,0.0,0.0,0.0,0.0,0.0,0.0,0.0,0.0,0.0,0.0,0.0,0.0,0.0,0.0,0.0,0.0,J,3
0.0,0.0,0.630435,0.197368,1.086957,0.526316,1.326087,0.802632,1.326087,1.065789,0.673913,1.0,1.152174,1.052632,1.195652,0.776316,1.130435,0.605263,0.304348,1.0,0.847826,0.986842,0.913043,0.671053,0.891304,0.460526,-0.021739,0.907895,0.565217,0.894737,0.673913,0.578947,0.695652,0.381579,-0.326087,0.736842,-0.043478,0.868421,0.195652,0.960526,0.434783,1.052632,0,0,0.0,0.0,0.0,0.0,0.0,0.0,0.0,0.0,0.0,0.0,0.0,0.0,0.0,0.0,0.0,0.0,0.0,0.0,0.0,0.0,0.0,0.0,0.0,0.0,0.0,0.0,0.0,0.0,0.0,0.0,0.0,0.0,0.0,0.0,0.0,0.0,0.0,0.0,0.0,0.0,0.0,0.0,J,3
0.0,0.0,0.636364,0.184211,1.113636,0.5,1.386364,0.776316,1.386364,1.039474,0.636364,1.0,1.159091,1.052632,1.204545,0.776316,1.136364,0.618421,0.25,1.0,0.863636,0.973684,0.909091,0.657895,0.886364,0.473684,-0.090909,0.907895,0.568182,0.868421,0.704545,0.565789,0.727273,0.368421,-0.363636,0.736842,-0.045455,0.868421,0.204545,0.960526,0.454545,1.052632,0,0,0.0,0.0,0.0,0.0,0.0,0.0,0.0,0.0,0.0,0.0,0.0,0.0,0.0,0.0,0.0,0.0,0.0,0.0,0.0,0.0,0.0,0.0,0.0,0.0,0.0,0.0,0.0,0.0,0.0,0.0,0.0,0.0,0.0,0.0,0.0,0.0,0.0,0.0,0.0,0.0,0.0,0.0,J,3
0.0,0.0,0.613636,0.175,1.045455,0.5625,1.25,0.8875,1.204545,1.1375,0.568182,1.0,1.136364,1.0375,1.159091,0.75,1.045455,0.5625,0.181818,0.9875,0.840909,0.9625,0.863636,0.6375,0.772727,0.4375,-0.159091,0.8875,0.5,0.85,0.568182,0.5375,0.545455,0.325,-0.431818,0.725,-0.068182,0.8875,0.227273,1.0,0.522727,1.1,0,0,0.0,0.0,0.0,0.0,0.0,0.0,0.0,0.0,0.0,0.0,0.0,0.0,0.0,0.0,0.0,0.0,0.0,0.0,0.0,0.0,0.0,0.0,0.0,0.0,0.0,0.0,0.0,0.0,0.0,0.0,0.0,0.0,0.0,0.0,0.0,0.0,0.0,0.0,0.0,0.0,0.0,0.0,J,3
0.0,0.0,0.577778,0.175,1.0,0.5625,1.177778,0.875,1.155556,1.1375,0.555556,1.0,1.088889,1.0375,1.066667,0.75,0.977778,0.55,0.155556,0.9875,0.777778,0.9625,0.8,0.6375,0.733333,0.4375,-0.2,0.8875,0.444444,0.8625,0.511111,0.525,0.511111,0.3125,-0.444444,0.725,-0.088889,0.8875,0.177778,0.9875,0.466667,1.1,0,0,0.0,0.0,0.0,0.0,0.0,0.0,0.0,0.0,0.0,0.0,0.0,0.0,0.0,0.0,0.0,0.0,0.0,0.0,0.0,0.0,0.0,0.0,0.0,0.0,0.0,0.0,0.0,0.0,0.0,0.0,0.0,0.0,0.0,0.0,0.0,0.0,0.0,0.0,0.0,0.0,0.0,0.0,J,3
0.0,0.0,0.553191,0.177215,0.93617,0.594937,1.106383,0.898734,1.085106,1.164557,0.617021,1.0,1.021277,1.075949,1.042553,0.797468,0.957447,0.56962,0.234043,0.974684,0.765957,0.987342,0.744681,0.64557,0.638298,0.405063,-0.106383,0.886076,0.404255,0.898734,0.446809,0.556962,0.425532,0.329114,-0.382979,0.746835,-0.06383,0.936709,0.191489,1.050633,0.468085,1.164557,0,0,0.0,0.0,0.0,0.0,0.0,0.0,0.0,0.0,0.0,0.0,0.0,0.0,0.0,0.0,0.0,0.0,0.0,0.0,0.0,0.0,0.0,0.0,0.0,0.0,0.0,0.0,0.0,0.0,0.0,0.0,0.0,0.0,0.0,0.0,0.0,0.0,0.0,0.0,0.0,0.0,0.0,0.0,J,3
0.0,0.0,0.565217,0.189873,0.978261,0.594937,1.130435,0.911392,1.130435,1.189873,0.652174,1.0,1.130435,1.101266,1.130435,0.810127,1.043478,0.594937,0.26087,1.0,0.826087,1.037975,0.826087,0.696203,0.76087,0.468354,-0.065217,0.911392,0.478261,0.924051,0.543478,0.56962,0.521739,0.341772,-0.347826,0.759494,-0.043478,0.949367,0.217391,1.063291,0.5,1.189873,0,0,0.0,0.0,0.0,0.0,0.0,0.0,0.0,0.0,0.0,0.0,0.0,0.0,0.0,0.0,0.0,0.0,0.0,0.0,0.0,0.0,0.0,0.0,0.0,0.0,0.0,0.0,0.0,0.0,0.0,0.0,0.0,0.0,0.0,0.0,0.0,0.0,0.0,0.0,0.0,0.0,0.0,0.0,J,3
0.0,0.0,0.6,0.192308,0.977778,0.602564,1.177778,0.910256,1.133333,1.179487,0.622222,1.0,1.111111,1.115385,1.111111,0.820513,1.044444,0.589744,0.244444,0.987179,0.822222,1.038462,0.822222,0.692308,0.733333,0.461538,-0.088889,0.897436,0.466667,0.923077,0.533333,0.576923,0.488889,0.358974,-0.377778,0.74359,-0.066667,0.948718,0.2,1.064103,0.466667,1.192308,0,0,0.0,0.0,0.0,0.0,0.0,0.0,0.0,0.0,0.0,0.0,0.0,0.0,0.0,0.0,0.0,0.0,0.0,0.0,0.0,0.0,0.0,0.0,0.0,0.0,0.0,0.0,0.0,0.0,0.0,0.0,0.0,0.0,0.0,0.0,0.0,0.0,0.0,0.0,0.0,0.0,0.0,0.0,J,3
0.0,0.0,0.574468,0.189873,0.957447,0.594937,1.106383,0.898734,1.148936,1.164557,0.659574,1.0,1.106383,1.101266,1.12766,0.810127,1.042553,0.594937,0.276596,0.987342,0.851064,1.025316,0.851064,0.683544,0.765957,0.468354,-0.06383,0.898734,0.489362,0.924051,0.531915,0.56962,0.489362,0.341772,-0.340426,0.746835,-0.042553,0.949367,0.234043,1.063291,0.510638,1.189873,0,0,0.0,0.0,0.0,0.0,0.0,0.0,0.0,0.0,0.0,0.0,0.0,0.0,0.0,0.0,0.0,0.0,0.0,0.0,0.0,0.0,0.0,0.0,0.0,0.0,0.0,0.0,0.0,0.0,0.0,0.0,0.0,0.0,0.0,0.0,0.0,0.0,0.0,0.0,0.0,0.0,0.0,0.0,J,3
0.0,0.0,0.613636,0.202532,1.022727,0.594937,1.204545,0.898734,1.181818,1.177215,0.659091,1.0,1.181818,1.113924,1.204545,0.822785,1.136364,0.607595,0.272727,0.987342,0.909091,1.037975,0.886364,0.683544,0.795455,0.468354,-0.068182,0.898734,0.545455,0.924051,0.568182,0.56962,0.522727,0.35443,-0.340909,0.759494,0.0,0.962025,0.272727,1.075949,0.545455,1.202532,0,0,0.0,0.0,0.0,0.0,0.0,0.0,0.0,0.0,0.0,0.0,0.0,0.0,0.0,0.0,0.0,0.0,0.0,0.0,0.0,0.0,0.0,0.0,0.0,0.0,0.0,0.0,0.0,0.0,0.0,0.0,0.0,0.0,0.0,0.0,0.0,0.0,0.0,0.0,0.0,0.0,0.0,0.0,J,3
0.0,0.0,0.574468,0.184211,0.957447,0.605263,1.106383,0.934211,1.06383,1.223684,0.702128,1.0,1.106383,1.144737,1.106383,0.855263,1.042553,0.631579,0.340426,0.986842,0.808511,1.092105,0.808511,0.75,0.744681,0.526316,0.0,0.907895,0.468085,0.960526,0.510638,0.605263,0.510638,0.381579,-0.297872,0.776316,-0.042553,0.986842,0.191489,1.105263,0.446809,1.223684,0,0,0.0,0.0,0.0,0.0,0.0,0.0,0.0,0.0,0.0,0.0,0.0,0.0,0.0,0.0,0.0,0.0,0.0,0.0,0.0,0.0,0.0,0.0,0.0,0.0,0.0,0.0,0.0,0.0,0.0,0.0,0.0,0.0,0.0,0.0,0.0,0.0,0.0,0.0,0.0,0.0,0.0,0.0,J,3
0.0,0.0,0.586957,0.194805,0.978261,0.597403,1.152174,0.922078,1.108696,1.181818,0.673913,1.0,1.108696,1.12987,1.108696,0.844156,1.043478,0.636364,0.304348,0.987013,0.847826,1.064935,0.826087,0.74026,0.73913,0.519481,-0.021739,0.909091,0.5,0.935065,0.521739,0.597403,0.5,0.376623,-0.326087,0.766234,-0.021739,0.974026,0.217391,1.090909,0.478261,1.207792,0,0,0.0,0.0,0.0,0.0,0.0,0.0,0.0,0.0,0.0,0.0,0.0,0.0,0.0,0.0,0.0,0.0,0.0,0.0,0.0,0.0,0.0,0.0,0.0,0.0,0.0,0.0,0.0,0.0,0.0,0.0,0.0,0.0,0.0,0.0,0.0,0.0,0.0,0.0,0.0,0.0,0.0,0.0,J,3
0.0,0.0,0.565217,0.21519,0.978261,0.607595,1.152174,0.911392,1.152174,1.177215,0.695652,1.0,1.086957,1.088608,1.065217,0.810127,0.978261,0.594937,0.326087,0.974684,0.804348,1.050633,0.782609,0.721519,0.695652,0.481013,0.0,0.898734,0.456522,0.936709,0.5,0.594937,0.478261,0.379747,-0.304348,0.772152,-0.043478,0.974684,0.195652,1.101266,0.434783,1.21519,0,0,0.0,0.0,0.0,0.0,0.0,0.0,0.0,0.0,0.0,0.0,0.0,0.0,0.0,0.0,0.0,0.0,0.0,0.0,0.0,0.0,0.0,0.0,0.0,0.0,0.0,0.0,0.0,0.0,0.0,0.0,0.0,0.0,0.0,0.0,0.0,0.0,0.0,0.0,0.0,0.0,0.0,0.0,J,3
0.0,0.0,0.565217,0.179487,0.978261,0.589744,1.152174,0.910256,1.086957,1.179487,0.695652,1.0,1.108696,1.102564,1.086957,0.807692,1.0,0.589744,0.326087,0.987179,0.804348,1.038462,0.782609,0.717949,0.717391,0.5,-0.021739,0.910256,0.456522,0.923077,0.5,0.576923,0.5,0.371795,-0.304348,0.769231,-0.021739,0.961538,0.217391,1.076923,0.456522,1.192308,0,0,0.0,0.0,0.0,0.0,0.0,0.0,0.0,0.0,0.0,0.0,0.0,0.0,0.0,0.0,0.0,0.0,0.0,0.0,0.0,0.0,0.0,0.0,0.0,0.0,0.0,0.0,0.0,0.0,0.0,0.0,0.0,0.0,0.0,0.0,0.0,0.0,0.0,0.0,0.0,0.0,0.0,0.0,J,3
0.0,0.0,0.565217,0.194805,0.978261,0.61039,1.130435,0.922078,1.086957,1.194805,0.695652,1.0,1.108696,1.116883,1.086957,0.831169,0.978261,0.61039,0.326087,0.987013,0.804348,1.064935,0.782609,0.74026,0.695652,0.506494,0.0,0.909091,0.456522,0.948052,0.5,0.61039,0.478261,0.376623,-0.304348,0.779221,-0.043478,0.987013,0.195652,1.103896,0.456522,1.233766,0,0,0.0,0.0,0.0,0.0,0.0,0.0,0.0,0.0,0.0,0.0,0.0,0.0,0.0,0.0,0.0,0.0,0.0,0.0,0.0,0.0,0.0,0.0,0.0,0.0,0.0,0.0,0.0,0.0,0.0,0.0,0.0,0.0,0.0,0.0,0.0,0.0,0.0,0.0,0.0,0.0,0.0,0.0,J,3
0.0,0.0,0.627907,0.2,1.023256,0.5875,1.209302,0.8875,1.162791,1.15,0.651163,1.0,1.162791,1.0625,1.139535,0.7875,1.046512,0.5875,0.27907,0.9875,0.860465,1.0125,0.837209,0.7,0.767442,0.5,-0.069767,0.9,0.511628,0.8875,0.55814,0.575,0.534884,0.3625,-0.348837,0.75,-0.023256,0.9375,0.232558,1.05,0.488372,1.1625,0,0,0.0,0.0,0.0,0.0,0.0,0.0,0.0,0.0,0.0,0.0,0.0,0.0,0.0,0.0,0.0,0.0,0.0,0.0,0.0,0.0,0.0,0.0,0.0,0.0,0.0,0.0,0.0,0.0,0.0,0.0,0.0,0.0,0.0,0.0,0.0,0.0,0.0,0.0,0.0,0.0,0.0,0.0,J,3
0.0,0.0,0.565217,0.1875,0.934783,0.5875,1.086957,0.9,1.043478,1.175,0.652174,1.0,1.086957,1.0625,1.065217,0.775,1.0,0.5625,0.282609,0.975,0.782609,1.0,0.782609,0.675,0.695652,0.475,-0.065217,0.8875,0.434783,0.9,0.478261,0.5625,0.478261,0.35,-0.347826,0.7375,-0.065217,0.925,0.173913,1.0375,0.434783,1.15,0,0,0.0,0.0,0.0,0.0,0.0,0.0,0.0,0.0,0.0,0.0,0.0,0.0,0.0,0.0,0.0,0.0,0.0,0.0,0.0,0.0,0.0,0.0,0.0,0.0,0.0,0.0,0.0,0.0,0.0,0.0,0.0,0.0,0.0,0.0,0.0,0.0,0.0,0.0,0.0,0.0,0.0,0.0,J,3
0.0,0.0,0.627907,0.197531,1.0,0.592593,1.162791,0.901235,1.139535,1.160494,0.604651,1.0,1.116279,1.049383,1.116279,0.777778,1.046512,0.580247,0.209302,0.975309,0.813953,0.987654,0.790698,0.654321,0.72093,0.45679,-0.116279,0.888889,0.488372,0.888889,0.534884,0.555556,0.511628,0.345679,-0.395349,0.740741,-0.046512,0.925926,0.209302,1.024691,0.465116,1.148148,0,0,0.0,0.0,0.0,0.0,0.0,0.0,0.0,0.0,0.0,0.0,0.0,0.0,0.0,0.0,0.0,0.0,0.0,0.0,0.0,0.0,0.0,0.0,0.0,0.0,0.0,0.0,0.0,0.0,0.0,0.0,0.0,0.0,0.0,0.0,0.0,0.0,0.0,0.0,0.0,0.0,0.0,0.0,J,3
0.0,0.0,0.613636,0.195122,0.977273,0.609756,1.136364,0.914634,1.181818,1.170732,0.636364,1.0,1.113636,1.060976,1.113636,0.780488,1.022727,0.585366,0.25,0.97561,0.818182,0.987805,0.818182,0.670732,0.727273,0.47561,-0.090909,0.878049,0.454545,0.890244,0.522727,0.560976,0.5,0.353659,-0.363636,0.731707,-0.068182,0.914634,0.181818,1.012195,0.477273,1.121951,0,0,0.0,0.0,0.0,0.0,0.0,0.0,0.0,0.0,0.0,0.0,0.0,0.0,0.0,0.0,0.0,0.0,0.0,0.0,0.0,0.0,0.0,0.0,0.0,0.0,0.0,0.0,0.0,0.0,0.0,0.0,0.0,0.0,0.0,0.0,0.0,0.0,0.0,0.0,0.0,0.0,0.0,0.0,J,3
0.0,0.0,0.613636,0.202532,0.977273,0.607595,1.113636,0.924051,1.136364,1.189873,0.636364,1.0,1.113636,1.088608,1.113636,0.797468,1.022727,0.594937,0.25,0.974684,0.795455,1.012658,0.795455,0.683544,0.727273,0.481013,-0.090909,0.886076,0.454545,0.898734,0.522727,0.556962,0.5,0.35443,-0.363636,0.746835,-0.090909,0.936709,0.181818,1.037975,0.454545,1.151899,0,0,0.0,0.0,0.0,0.0,0.0,0.0,0.0,0.0,0.0,0.0,0.0,0.0,0.0,0.0,0.0,0.0,0.0,0.0,0.0,0.0,0.0,0.0,0.0,0.0,0.0,0.0,0.0,0.0,0.0,0.0,0.0,0.0,0.0,0.0,0.0,0.0,0.0,0.0,0.0,0.0,0.0,0.0,J,3
0.0,0.0,0.627907,0.1875,1.023256,0.6,1.186047,0.9125,1.209302,1.1875,0.651163,1.0,1.139535,1.05,1.139535,0.7625,1.069767,0.575,0.255814,0.975,0.860465,0.975,0.837209,0.6625,0.767442,0.475,-0.093023,0.875,0.511628,0.875,0.55814,0.55,0.534884,0.35,-0.348837,0.725,-0.023256,0.9125,0.232558,1.0125,0.511628,1.125,0,0,0.0,0.0,0.0,0.0,0.0,0.0,0.0,0.0,0.0,0.0,0.0,0.0,0.0,0.0,0.0,0.0,0.0,0.0,0.0,0.0,0.0,0.0,0.0,0.0,0.0,0.0,0.0,0.0,0.0,0.0,0.0,0.0,0.0,0.0,0.0,0.0,0.0,0.0,0.0,0.0,0.0,0.0,J,3
0.0,0.0,0.627907,0.189873,1.023256,0.607595,1.162791,0.924051,1.209302,1.189873,0.651163,1.0,1.139535,1.075949,1.139535,0.797468,1.046512,0.594937,0.27907,0.987342,0.837209,1.0,0.837209,0.683544,0.767442,0.481013,-0.069767,0.886076,0.488372,0.898734,0.55814,0.556962,0.534884,0.35443,-0.348837,0.746835,-0.046512,0.936709,0.232558,1.037975,0.488372,1.151899,0,0,0.0,0.0,0.0,0.0,0.0,0.0,0.0,0.0,0.0,0.0,0.0,0.0,0.0,0.0,0.0,0.0,0.0,0.0,0.0,0.0,0.0,0.0,0.0,0.0,0.0,0.0,0.0,0.0,0.0,0.0,0.0,0.0,0.0,0.0,0.0,0.0,0.0,0.0,0.0,0.0,0.0,0.0,J,3
0.0,0.0,0.619048,0.189873,1.02381,0.607595,1.190476,0.911392,1.214286,1.189873,0.690476,1.0,1.166667,1.063291,1.166667,0.78481,1.071429,0.594937,0.309524,1.0,0.880952,0.987342,0.857143,0.670886,0.761905,0.481013,-0.047619,0.911392,0.52381,0.886076,0.547619,0.56962,0.52381,0.367089,-0.309524,0.772152,0.02381,0.936709,0.285714,1.025316,0.547619,1.126582,0,0,0.0,0.0,0.0,0.0,0.0,0.0,0.0,0.0,0.0,0.0,0.0,0.0,0.0,0.0,0.0,0.0,0.0,0.0,0.0,0.0,0.0,0.0,0.0,0.0,0.0,0.0,0.0,0.0,0.0,0.0,0.0,0.0,0.0,0.0,0.0,0.0,0.0,0.0,0.0,0.0,0.0,0.0,J,3
0.0,0.0,0.627907,0.189873,1.023256,0.594937,1.186047,0.911392,1.162791,1.177215,0.674419,1.0,1.139535,1.063291,1.116279,0.78481,1.046512,0.594937,0.302326,0.987342,0.837209,0.987342,0.790698,0.670886,0.72093,0.468354,-0.046512,0.898734,0.488372,0.886076,0.534884,0.556962,0.534884,0.367089,-0.325581,0.759494,-0.023256,0.924051,0.232558,1.025316,0.511628,1.139241,0,0,0.0,0.0,0.0,0.0,0.0,0.0,0.0,0.0,0.0,0.0,0.0,0.0,0.0,0.0,0.0,0.0,0.0,0.0,0.0,0.0,0.0,0.0,0.0,0.0,0.0,0.0,0.0,0.0,0.0,0.0,0.0,0.0,0.0,0.0,0.0,0.0,0.0,0.0,0.0,0.0,0.0,0.0,J,3
0.0,0.0,0.604651,0.1875,1.0,0.6,1.162791,0.9,1.139535,1.175,0.651163,1.0,1.116279,1.0625,1.116279,0.7875,1.023256,0.6,0.27907,0.9875,0.813953,0.975,0.790698,0.6625,0.697674,0.475,-0.069767,0.9,0.465116,0.875,0.511628,0.55,0.511628,0.3625,-0.348837,0.7625,-0.023256,0.9125,0.209302,1.0125,0.488372,1.1125,0,0,0.0,0.0,0.0,0.0,0.0,0.0,0.0,0.0,0.0,0.0,0.0,0.0,0.0,0.0,0.0,0.0,0.0,0.0,0.0,0.0,0.0,0.0,0.0,0.0,0.0,0.0,0.0,0.0,0.0,0.0,0.0,0.0,0.0,0.0,0.0,0.0,0.0,0.0,0.0,0.0,0.0,0.0,J,3
0.0,0.0,0.619048,0.205479,1.02381,0.630137,1.190476,0.972603,1.166667,1.260274,0.761905,1.0,1.166667,1.150685,1.166667,0.849315,1.071429,0.643836,0.404762,1.0,0.857143,1.054795,0.833333,0.712329,0.738095,0.520548,0.047619,0.945205,0.52381,0.958904,0.547619,0.60274,0.5,0.383562,-0.238095,0.821918,0.047619,1.0,0.309524,1.09589,0.595238,1.191781,0,0,0.0,0.0,0.0,0.0,0.0,0.0,0.0,0.0,0.0,0.0,0.0,0.0,0.0,0.0,0.0,0.0,0.0,0.0,0.0,0.0,0.0,0.0,0.0,0.0,0.0,0.0,0.0,0.0,0.0,0.0,0.0,0.0,0.0,0.0,0.0,0.0,0.0,0.0,0.0,0.0,0.0,0.0,J,3
0.0,0.0,0.604651,0.2,0.976744,0.6,1.139535,0.92,1.139535,1.2,0.72093,1.0,1.139535,1.12,1.139535,0.84,1.046512,0.64,0.348837,1.0,0.837209,1.026667,0.813953,0.706667,0.744186,0.493333,0.0,0.933333,0.534884,0.906667,0.55814,0.573333,0.534884,0.373333,-0.27907,0.8,0.046512,0.973333,0.27907,1.066667,0.534884,1.173333,0,0,0.0,0.0,0.0,0.0,0.0,0.0,0.0,0.0,0.0,0.0,0.0,0.0,0.0,0.0,0.0,0.0,0.0,0.0,0.0,0.0,0.0,0.0,0.0,0.0,0.0,0.0,0.0,0.0,0.0,0.0,0.0,0.0,0.0,0.0,0.0,0.0,0.0,0.0,0.0,0.0,0.0,0.0,J,3
0.0,0.0,0.595238,0.191781,0.97619,0.616438,1.142857,0.958904,1.142857,1.246575,0.714286,1.0,1.119048,1.178082,1.119048,0.876712,1.02381,0.657534,0.357143,0.986301,0.833333,1.068493,0.833333,0.726027,0.738095,0.534247,0.02381,0.90411,0.5,0.945205,0.52381,0.589041,0.5,0.383562,-0.285714,0.780822,-0.02381,1.013699,0.261905,1.123288,0.52381,1.246575,0,0,0.0,0.0,0.0,0.0,0.0,0.0,0.0,0.0,0.0,0.0,0.0,0.0,0.0,0.0,0.0,0.0,0.0,0.0,0.0,0.0,0.0,0.0,0.0,0.0,0.0,0.0,0.0,0.0,0.0,0.0,0.0,0.0,0.0,0.0,0.0,0.0,0.0,0.0,0.0,0.0,0.0,0.0,J,3
0.0,0.0,0.595238,0.191781,1.0,0.616438,1.166667,0.958904,1.166667,1.246575,0.738095,1.0,1.142857,1.178082,1.142857,0.876712,1.071429,0.643836,0.357143,0.986301,0.857143,1.068493,0.833333,0.726027,0.738095,0.506849,0.02381,0.917808,0.52381,0.958904,0.547619,0.60274,0.52381,0.383562,-0.261905,0.794521,0.0,1.027397,0.261905,1.136986,0.52381,1.246575,0,0,0.0,0.0,0.0,0.0,0.0,0.0,0.0,0.0,0.0,0.0,0.0,0.0,0.0,0.0,0.0,0.0,0.0,0.0,0.0,0.0,0.0,0.0,0.0,0.0,0.0,0.0,0.0,0.0,0.0,0.0,0.0,0.0,0.0,0.0,0.0,0.0,0.0,0.0,0.0,0.0,0.0,0.0,J,3
0.0,0.0,0.604651,0.205479,0.976744,0.630137,1.162791,0.958904,1.139535,1.246575,0.744186,1.0,1.116279,1.191781,1.139535,0.890411,1.046512,0.671233,0.372093,0.986301,0.860465,1.082192,0.837209,0.739726,0.767442,0.520548,0.046512,0.917808,0.511628,0.945205,0.534884,0.60274,0.511628,0.383562,-0.255814,0.794521,0.0,1.027397,0.255814,1.136986,0.511628,1.246575,0,0,0.0,0.0,0.0,0.0,0.0,0.0,0.0,0.0,0.0,0.0,0.0,0.0,0.0,0.0,0.0,0.0,0.0,0.0,0.0,0.0,0.0,0.0,0.0,0.0,0.0,0.0,0.0,0.0,0.0,0.0,0.0,0.0,0.0,0.0,0.0,0.0,0.0,0.0,0.0,0.0,0.0,0.0,J,3
0.0,0.0,0.651163,0.2,1.023256,0.626667,1.162791,0.96,1.186047,1.226667,0.744186,1.0,1.162791,1.12,1.162791,0.853333,1.069767,0.653333,0.372093,0.986667,0.860465,1.026667,0.860465,0.706667,0.790698,0.506667,0.046512,0.906667,0.534884,0.92,0.627907,0.586667,0.651163,0.386667,-0.255814,0.773333,0.023256,0.986667,0.255814,1.106667,0.511628,1.24,0,0,0.0,0.0,0.0,0.0,0.0,0.0,0.0,0.0,0.0,0.0,0.0,0.0,0.0,0.0,0.0,0.0,0.0,0.0,0.0,0.0,0.0,0.0,0.0,0.0,0.0,0.0,0.0,0.0,0.0,0.0,0.0,0.0,0.0,0.0,0.0,0.0,0.0,0.0,0.0,0.0,0.0,0.0,J,3
0.0,0.0,0.590909,0.189189,0.977273,0.594595,1.113636,0.918919,1.136364,1.202703,0.75,1.0,1.090909,1.162162,1.113636,0.878378,1.022727,0.662162,0.409091,0.972973,0.818182,1.054054,0.840909,0.72973,0.772727,0.540541,0.068182,0.891892,0.5,0.918919,0.568182,0.581081,0.568182,0.378378,-0.25,0.77027,0.0,1.0,0.227273,1.121622,0.477273,1.243243,0,0,0.0,0.0,0.0,0.0,0.0,0.0,0.0,0.0,0.0,0.0,0.0,0.0,0.0,0.0,0.0,0.0,0.0,0.0,0.0,0.0,0.0,0.0,0.0,0.0,0.0,0.0,0.0,0.0,0.0,0.0,0.0,0.0,0.0,0.0,0.0,0.0,0.0,0.0,0.0,0.0,0.0,0.0,J,3
0.0,0.0,0.627907,0.202703,1.0,0.621622,1.162791,0.945946,1.186047,1.22973,0.744186,1.0,1.116279,1.148649,1.139535,0.878378,1.069767,0.662162,0.395349,0.986486,0.837209,1.054054,0.837209,0.72973,0.767442,0.527027,0.046512,0.905405,0.511628,0.932432,0.581395,0.594595,0.581395,0.391892,-0.255814,0.783784,0.0,1.013514,0.232558,1.135135,0.488372,1.256757,0,0,0.0,0.0,0.0,0.0,0.0,0.0,0.0,0.0,0.0,0.0,0.0,0.0,0.0,0.0,0.0,0.0,0.0,0.0,0.0,0.0,0.0,0.0,0.0,0.0,0.0,0.0,0.0,0.0,0.0,0.0,0.0,0.0,0.0,0.0,0.0,0.0,0.0,0.0,0.0,0.0,0.0,0.0,J,3
0.0,0.0,0.613636,0.191781,0.977273,0.616438,1.136364,0.945205,1.136364,1.232877,0.75,1.0,1.090909,1.150685,1.113636,0.863014,1.045455,0.643836,0.409091,0.986301,0.818182,1.054795,0.840909,0.726027,0.772727,0.534247,0.068182,0.90411,0.5,0.931507,0.568182,0.589041,0.590909,0.383562,-0.25,0.780822,0.0,1.013699,0.227273,1.136986,0.477273,1.260274,0,0,0.0,0.0,0.0,0.0,0.0,0.0,0.0,0.0,0.0,0.0,0.0,0.0,0.0,0.0,0.0,0.0,0.0,0.0,0.0,0.0,0.0,0.0,0.0,0.0,0.0,0.0,0.0,0.0,0.0,0.0,0.0,0.0,0.0,0.0,0.0,0.0,0.0,0.0,0.0,0.0,0.0,0.0,J,3
0.0,0.0,0.613636,0.191781,0.977273,0.616438,1.136364,0.945205,1.136364,1.232877,0.75,1.0,1.090909,1.150685,1.113636,0.863014,1.045455,0.643836,0.386364,0.986301,0.818182,1.054795,0.840909,0.726027,0.772727,0.520548,0.068182,0.90411,0.5,0.931507,0.568182,0.589041,0.590909,0.383562,-0.25,0.767123,0.0,1.013699,0.227273,1.136986,0.454545,1.260274,0,0,0.0,0.0,0.0,0.0,0.0,0.0,0.0,0.0,0.0,0.0,0.0,0.0,0.0,0.0,0.0,0.0,0.0,0.0,0.0,0.0,0.0,0.0,0.0,0.0,0.0,0.0,0.0,0.0,0.0,0.0,0.0,0.0,0.0,0.0,0.0,0.0,0.0,0.0,0.0,0.0,0.0,0.0,J,3
0.0,0.0,0.675,0.226667,1.075,0.64,1.225,0.96,1.2,1.24,0.7,1.0,1.15,1.093333,1.15,0.813333,1.1,0.64,0.35,0.973333,0.825,1.0,0.875,0.706667,0.825,0.52,0.0,0.88,0.475,0.92,0.65,0.626667,0.725,0.44,-0.3,0.76,-0.05,1.0,0.175,1.133333,0.4,1.253333,0,0,0.0,0.0,0.0,0.0,0.0,0.0,0.0,0.0,0.0,0.0,0.0,0.0,0.0,0.0,0.0,0.0,0.0,0.0,0.0,0.0,0.0,0.0,0.0,0.0,0.0,0.0,0.0,0.0,0.0,0.0,0.0,0.0,0.0,0.0,0.0,0.0,0.0,0.0,0.0,0.0,0.0,0.0,J,3
0.0,0.0,0.609756,0.219178,0.97561,0.630137,1.146341,0.945205,1.121951,1.232877,0.658537,1.0,1.04878,1.109589,1.04878,0.821918,1.0,0.643836,0.317073,0.958904,0.756098,1.027397,0.780488,0.726027,0.756098,0.534247,-0.02439,0.876712,0.414634,0.90411,0.560976,0.60274,0.634146,0.39726,-0.341463,0.753425,-0.121951,1.0,0.097561,1.136986,0.317073,1.273973,0,0,0.0,0.0,0.0,0.0,0.0,0.0,0.0,0.0,0.0,0.0,0.0,0.0,0.0,0.0,0.0,0.0,0.0,0.0,0.0,0.0,0.0,0.0,0.0,0.0,0.0,0.0,0.0,0.0,0.0,0.0,0.0,0.0,0.0,0.0,0.0,0.0,0.0,0.0,0.0,0.0,0.0,0.0,J,3
0.0,0.0,0.609756,0.222222,1.0,0.625,1.146341,0.958333,1.146341,1.236111,0.682927,1.0,1.073171,1.111111,1.073171,0.833333,1.02439,0.652778,0.341463,0.972222,0.756098,1.027778,0.804878,0.736111,0.804878,0.541667,0.0,0.888889,0.414634,0.916667,0.585366,0.611111,0.658537,0.416667,-0.317073,0.763889,-0.097561,1.013889,0.097561,1.152778,0.317073,1.291667,0,0,0.0,0.0,0.0,0.0,0.0,0.0,0.0,0.0,0.0,0.0,0.0,0.0,0.0,0.0,0.0,0.0,0.0,0.0,0.0,0.0,0.0,0.0,0.0,0.0,0.0,0.0,0.0,0.0,0.0,0.0,0.0,0.0,0.0,0.0,0.0,0.0,0.0,0.0,0.0,0.0,0.0,0.0,J,3
0.0,0.0,0.692308,0.220779,1.102564,0.636364,1.205128,0.948052,1.205128,1.207792,0.615385,1.0,1.128205,1.038961,1.153846,0.766234,1.076923,0.623377,0.230769,0.948052,0.846154,0.935065,0.897436,0.649351,0.846154,0.480519,-0.102564,0.844156,0.461538,0.844156,0.74359,0.584416,0.871795,0.415584,-0.384615,0.688312,-0.102564,0.922078,0.102564,1.077922,0.307692,1.220779,0,0,0.0,0.0,0.0,0.0,0.0,0.0,0.0,0.0,0.0,0.0,0.0,0.0,0.0,0.0,0.0,0.0,0.0,0.0,0.0,0.0,0.0,0.0,0.0,0.0,0.0,0.0,0.0,0.0,0.0,0.0,0.0,0.0,0.0,0.0,0.0,0.0,0.0,0.0,0.0,0.0,0.0,0.0,J,3
0.0,0.0,0.692308,0.197368,1.128205,0.631579,1.25641,0.947368,1.179487,1.210526,0.641026,1.0,1.179487,1.052632,1.153846,0.763158,1.051282,0.605263,0.25641,0.947368,0.846154,0.960526,0.871795,0.644737,0.846154,0.486842,-0.076923,0.842105,0.487179,0.842105,0.74359,0.565789,0.871795,0.407895,-0.358974,0.684211,-0.102564,0.934211,0.102564,1.078947,0.282051,1.223684,0,0,0.0,0.0,0.0,0.0,0.0,0.0,0.0,0.0,0.0,0.0,0.0,0.0,0.0,0.0,0.0,0.0,0.0,0.0,0.0,0.0,0.0,0.0,0.0,0.0,0.0,0.0,0.0,0.0,0.0,0.0,0.0,0.0,0.0,0.0,0.0,0.0,0.0,0.0,0.0,0.0,0.0,0.0,J,3
0.0,0.0,0.710526,0.2,1.131579,0.626667,1.263158,0.946667,1.184211,1.213333,0.657895,1.0,1.210526,1.08,1.210526,0.773333,1.105263,0.626667,0.263158,0.96,0.894737,0.973333,0.921053,0.653333,0.868421,0.506667,-0.078947,0.853333,0.526316,0.866667,0.789474,0.573333,0.894737,0.413333,-0.342105,0.706667,-0.078947,0.933333,0.105263,1.08,0.315789,1.226667,0,0,0.0,0.0,0.0,0.0,0.0,0.0,0.0,0.0,0.0,0.0,0.0,0.0,0.0,0.0,0.0,0.0,0.0,0.0,0.0,0.0,0.0,0.0,0.0,0.0,0.0,0.0,0.0,0.0,0.0,0.0,0.0,0.0,0.0,0.0,0.0,0.0,0.0,0.0,0.0,0.0,0.0,0.0,J,3
0.0,0.0,0.717949,0.216216,1.128205,0.621622,1.25641,0.945946,1.179487,1.216216,0.666667,1.0,1.179487,1.081081,1.179487,0.783784,1.076923,0.635135,0.25641,0.959459,0.871795,0.972973,0.897436,0.662162,0.846154,0.5,-0.076923,0.851351,0.538462,0.864865,0.794872,0.594595,0.923077,0.432432,-0.333333,0.702703,-0.076923,0.932432,0.128205,1.081081,0.333333,1.216216,0,0,0.0,0.0,0.0,0.0,0.0,0.0,0.0,0.0,0.0,0.0,0.0,0.0,0.0,0.0,0.0,0.0,0.0,0.0,0.0,0.0,0.0,0.0,0.0,0.0,0.0,0.0,0.0,0.0,0.0,0.0,0.0,0.0,0.0,0.0,0.0,0.0,0.0,0.0,0.0,0.0,0.0,0.0,J,3
0.0,0.0,0.710526,0.205479,1.131579,0.630137,1.263158,0.945205,1.210526,1.219178,0.657895,1.0,1.210526,1.082192,1.184211,0.780822,1.078947,0.630137,0.263158,0.972603,0.894737,0.986301,0.921053,0.671233,0.868421,0.520548,-0.078947,0.863014,0.526316,0.876712,0.789474,0.575342,0.894737,0.424658,-0.342105,0.712329,-0.078947,0.945205,0.131579,1.082192,0.315789,1.232877,0,0,0.0,0.0,0.0,0.0,0.0,0.0,0.0,0.0,0.0,0.0,0.0,0.0,0.0,0.0,0.0,0.0,0.0,0.0,0.0,0.0,0.0,0.0,0.0,0.0,0.0,0.0,0.0,0.0,0.0,0.0,0.0,0.0,0.0,0.0,0.0,0.0,0.0,0.0,0.0,0.0,0.0,0.0,J,3
0.0,0.0,0.774194,0.25974,1.225806,0.636364,1.419355,0.922078,1.451613,1.155844,0.580645,1.0,1.322581,1.0,1.387097,0.74026,1.387097,0.597403,0.16129,0.948052,1.032258,0.909091,1.225806,0.623377,1.290323,0.441558,-0.16129,0.818182,0.709677,0.779221,1.096774,0.532468,1.322581,0.376623,-0.419355,0.649351,-0.032258,0.857143,0.225806,1.012987,0.516129,1.142857,0,0,0.0,0.0,0.0,0.0,0.0,0.0,0.0,0.0,0.0,0.0,0.0,0.0,0.0,0.0,0.0,0.0,0.0,0.0,0.0,0.0,0.0,0.0,0.0,0.0,0.0,0.0,0.0,0.0,0.0,0.0,0.0,0.0,0.0,0.0,0.0,0.0,0.0,0.0,0.0,0.0,0.0,0.0,J,3
0.0,0.0,0.71875,0.253333,1.15625,0.64,1.34375,0.933333,1.375,1.173333,0.5625,1.0,1.25,1.026667,1.34375,0.773333,1.28125,0.64,0.15625,0.946667,0.9375,0.906667,1.125,0.626667,1.1875,0.453333,-0.1875,0.826667,0.59375,0.8,0.96875,0.56,1.21875,0.4,-0.4375,0.666667,-0.09375,0.88,0.1875,1.026667,0.5,1.16,0,0,0.0,0.0,0.0,0.0,0.0,0.0,0.0,0.0,0.0,0.0,0.0,0.0,0.0,0.0,0.0,0.0,0.0,0.0,0.0,0.0,0.0,0.0,0.0,0.0,0.0,0.0,0.0,0.0,0.0,0.0,0.0,0.0,0.0,0.0,0.0,0.0,0.0,0.0,0.0,0.0,0.0,0.0,J,3
0.0,0.0,0.92,0.268293,1.32,0.621951,1.48,0.890244,1.52,1.134146,0.16,1.0,1.52,0.939024,1.56,0.695122,1.36,0.573171,-0.4,0.926829,1.24,0.792683,1.4,0.536585,1.36,0.402439,-0.72,0.780488,0.88,0.658537,1.2,0.426829,1.2,0.304878,-0.84,0.560976,0.08,0.646341,0.6,0.719512,1.08,0.817073,0,0,0.0,0.0,0.0,0.0,0.0,0.0,0.0,0.0,0.0,0.0,0.0,0.0,0.0,0.0,0.0,0.0,0.0,0.0,0.0,0.0,0.0,0.0,0.0,0.0,0.0,0.0,0.0,0.0,0.0,0.0,0.0,0.0,0.0,0.0,0.0,0.0,0.0,0.0,0.0,0.0,0.0,0.0,J,3
0.0,0.0,0.688889,0.0,1.4,0.348485,1.644444,0.757576,1.466667,1.075758,0.977778,1.0,1.444444,1.212121,1.355556,0.893939,1.2,0.69697,0.644444,1.075758,1.2,1.318182,1.088889,0.893939,0.888889,0.651515,0.311111,1.090909,0.888889,1.227273,0.844444,0.787879,0.666667,0.530303,-0.022222,1.060606,0.555556,1.393939,0.933333,1.575758,1.222222,1.727273,0,0,0.0,0.0,0.0,0.0,0.0,0.0,0.0,0.0,0.0,0.0,0.0,0.0,0.0,0.0,0.0,0.0,0.0,0.0,0.0,0.0,0.0,0.0,0.0,0.0,0.0,0.0,0.0,0.0,0.0,0.0,0.0,0.0,0.0,0.0,0.0,0.0,0.0,0.0,0.0,0.0,0.0,0.0,J,4
0.0,0.0,1.266667,0.070588,2.233333,0.376471,2.666667,0.682353,2.266667,0.905882,1.1,1.0,2.133333,1.117647,2.066667,0.811765,1.733333,0.647059,0.6,1.011765,1.733333,1.082353,1.666667,0.729412,1.4,0.564706,0.3,0.941176,1.5,0.988235,1.366667,0.670588,1.033333,0.494118,0.1,0.835294,1.033333,1.117647,1.666667,1.341176,2.166667,1.529412,0,0,0.0,0.0,0.0,0.0,0.0,0.0,0.0,0.0,0.0,0.0,0.0,0.0,0.0,0.0,0.0,0.0,0.0,0.0,0.0,0.0,0.0,0.0,0.0,0.0,0.0,0.0,0.0,0.0,0.0,0.0,0.0,0.0,0.0,0.0,0.0,0.0,0.0,0.0,0.0,0.0,0.0,0.0,J,4
0.0,0.0,1.310345,0.081395,2.413793,0.383721,2.965517,0.697674,2.62069,0.953488,1.482759,1.0,2.517241,1.139535,2.37931,0.813953,2.0,0.639535,1.034483,1.046512,2.172414,1.116279,2.034483,0.767442,1.689655,0.616279,0.724138,1.023256,1.931034,1.069767,1.724138,0.732558,1.275862,0.55814,0.482759,0.965116,1.586207,1.267442,2.172414,1.465116,2.551724,1.627907,0,0,0.0,0.0,0.0,0.0,0.0,0.0,0.0,0.0,0.0,0.0,0.0,0.0,0.0,0.0,0.0,0.0,0.0,0.0,0.0,0.0,0.0,0.0,0.0,0.0,0.0,0.0,0.0,0.0,0.0,0.0,0.0,0.0,0.0,0.0,0.0,0.0,0.0,0.0,0.0,0.0,0.0,0.0,J,4
0.0,0.0,2.0,0.081395,3.714286,0.395349,4.571429,0.732558,4.0,0.965116,2.142857,1.0,3.857143,1.116279,3.571429,0.802326,2.952381,0.662791,1.52381,1.05814,3.428571,1.116279,3.047619,0.767442,2.47619,0.639535,1.238095,1.046512,3.190476,1.069767,2.714286,0.744186,1.952381,0.593023,1.142857,1.0,2.714286,1.290698,3.52381,1.488372,4.095238,1.674419,0,0,0.0,0.0,0.0,0.0,0.0,0.0,0.0,0.0,0.0,0.0,0.0,0.0,0.0,0.0,0.0,0.0,0.0,0.0,0.0,0.0,0.0,0.0,0.0,0.0,0.0,0.0,0.0,0.0,0.0,0.0,0.0,0.0,0.0,0.0,0.0,0.0,0.0,0.0,0.0,0.0,0.0,0.0,J,4
0.0,0.0,2.263158,0.13253,4.052632,0.433735,5.0,0.783133,4.473684,1.048193,2.368421,1.0,4.210526,1.120482,3.947368,0.819277,3.315789,0.686747,1.789474,1.072289,3.842105,1.13253,3.421053,0.783133,2.789474,0.662651,1.526316,1.096386,3.578947,1.108434,3.052632,0.783133,2.263158,0.638554,1.368421,1.072289,3.157895,1.349398,4.052632,1.53012,4.736842,1.710843,0,0,0.0,0.0,0.0,0.0,0.0,0.0,0.0,0.0,0.0,0.0,0.0,0.0,0.0,0.0,0.0,0.0,0.0,0.0,0.0,0.0,0.0,0.0,0.0,0.0,0.0,0.0,0.0,0.0,0.0,0.0,0.0,0.0,0.0,0.0,0.0,0.0,0.0,0.0,0.0,0.0,0.0,0.0,J,4
0.0,0.0,1.517241,0.12987,2.758621,0.428571,3.344828,0.818182,3.172414,1.142857,2.0,1.0,3.103448,1.168831,2.862069,0.857143,2.413793,0.727273,1.586207,1.090909,2.724138,1.155844,2.275862,0.805195,1.793103,0.714286,1.275862,1.12987,2.413793,1.168831,1.965517,0.844156,1.37931,0.714286,1.0,1.155844,2.172414,1.454545,2.793103,1.636364,3.241379,1.844156,0,0,0.0,0.0,0.0,0.0,0.0,0.0,0.0,0.0,0.0,0.0,0.0,0.0,0.0,0.0,0.0,0.0,0.0,0.0,0.0,0.0,0.0,0.0,0.0,0.0,0.0,0.0,0.0,0.0,0.0,0.0,0.0,0.0,0.0,0.0,0.0,0.0,0.0,0.0,0.0,0.0,0.0,0.0,J,4
0.0,0.0,1.791667,0.111111,3.25,0.416667,3.958333,0.805556,3.75,1.125,2.333333,1.0,3.583333,1.152778,3.291667,0.861111,2.708333,0.736111,1.916667,1.125,3.25,1.194444,2.708333,0.833333,2.166667,0.736111,1.583333,1.194444,3.0,1.236111,2.458333,0.861111,1.708333,0.722222,1.333333,1.222222,2.666667,1.527778,3.375,1.694444,3.833333,1.875,0,0,0.0,0.0,0.0,0.0,0.0,0.0,0.0,0.0,0.0,0.0,0.0,0.0,0.0,0.0,0.0,0.0,0.0,0.0,0.0,0.0,0.0,0.0,0.0,0.0,0.0,0.0,0.0,0.0,0.0,0.0,0.0,0.0,0.0,0.0,0.0,0.0,0.0,0.0,0.0,0.0,0.0,0.0,J,4
0.0,0.0,1.354839,0.061538,2.516129,0.384615,3.064516,0.830769,2.83871,1.184615,2.064516,1.0,2.903226,1.184615,2.548387,0.861538,2.096774,0.738462,1.741935,1.123077,2.548387,1.246154,2.032258,0.861538,1.580645,0.738462,1.419355,1.215385,2.322581,1.323077,1.83871,0.938462,1.290323,0.769231,1.064516,1.292308,2.0,1.630769,2.548387,1.830769,2.967742,2.046154,0,0,0.0,0.0,0.0,0.0,0.0,0.0,0.0,0.0,0.0,0.0,0.0,0.0,0.0,0.0,0.0,0.0,0.0,0.0,0.0,0.0,0.0,0.0,0.0,0.0,0.0,0.0,0.0,0.0,0.0,0.0,0.0,0.0,0.0,0.0,0.0,0.0,0.0,0.0,0.0,0.0,0.0,0.0,J,4
0.0,0.0,1.176471,0.038462,2.205882,0.403846,2.705882,0.961538,2.5,1.442308,2.058824,1.0,2.735294,1.25,2.411765,0.942308,2.0,0.788462,1.764706,1.211538,2.352941,1.384615,1.852941,1.0,1.441176,0.846154,1.441176,1.403846,2.088235,1.538462,1.588235,1.115385,1.088235,0.903846,1.058824,1.576923,1.823529,2.0,2.294118,2.230769,2.735294,2.461538,0,0,0.0,0.0,0.0,0.0,0.0,0.0,0.0,0.0,0.0,0.0,0.0,0.0,0.0,0.0,0.0,0.0,0.0,0.0,0.0,0.0,0.0,0.0,0.0,0.0,0.0,0.0,0.0,0.0,0.0,0.0,0.0,0.0,0.0,0.0,0.0,0.0,0.0,0.0,0.0,0.0,0.0,0.0,J,4
0.0,0.0,1.176471,-0.021277,2.235294,0.382979,2.705882,1.0,2.470588,1.510638,2.088235,1.0,2.735294,1.276596,2.382353,0.93617,2.0,0.787234,1.794118,1.255319,2.352941,1.446809,1.852941,1.0,1.411765,0.829787,1.470588,1.489362,2.088235,1.638298,1.558824,1.191489,1.029412,0.957447,1.088235,1.723404,1.882353,2.12766,2.352941,2.382979,2.735294,2.659574,0,0,0.0,0.0,0.0,0.0,0.0,0.0,0.0,0.0,0.0,0.0,0.0,0.0,0.0,0.0,0.0,0.0,0.0,0.0,0.0,0.0,0.0,0.0,0.0,0.0,0.0,0.0,0.0,0.0,0.0,0.0,0.0,0.0,0.0,0.0,0.0,0.0,0.0,0.0,0.0,0.0,0.0,0.0,J,4
0.0,0.0,1.147059,-0.022222,2.176471,0.377778,2.647059,1.0,2.441176,1.555556,2.088235,1.0,2.705882,1.244444,2.352941,0.911111,2.0,0.755556,1.794118,1.266667,2.323529,1.466667,1.823529,1.022222,1.411765,0.844444,1.470588,1.511111,2.029412,1.666667,1.5,1.2,1.0,0.977778,1.088235,1.777778,1.823529,2.2,2.294118,2.444444,2.676471,2.711111,0,0,0.0,0.0,0.0,0.0,0.0,0.0,0.0,0.0,0.0,0.0,0.0,0.0,0.0,0.0,0.0,0.0,0.0,0.0,0.0,0.0,0.0,0.0,0.0,0.0,0.0,0.0,0.0,0.0,0.0,0.0,0.0,0.0,0.0,0.0,0.0,0.0,0.0,0.0,0.0,0.0,0.0,0.0,J,4
0.0,0.0,1.117647,-0.046512,2.176471,0.348837,2.617647,1.0,2.411765,1.581395,2.029412,1.0,2.647059,1.255814,2.323529,0.906977,1.941176,0.744186,1.735294,1.27907,2.323529,1.511628,1.823529,1.046512,1.411765,0.837209,1.441176,1.534884,2.029412,1.744186,1.5,1.232558,0.970588,1.0,1.029412,1.813953,1.794118,2.27907,2.264706,2.511628,2.647059,2.790698,0,0,0.0,0.0,0.0,0.0,0.0,0.0,0.0,0.0,0.0,0.0,0.0,0.0,0.0,0.0,0.0,0.0,0.0,0.0,0.0,0.0,0.0,0.0,0.0,0.0,0.0,0.0,0.0,0.0,0.0,0.0,0.0,0.0,0.0,0.0,0.0,0.0,0.0,0.0,0.0,0.0,0.0,0.0,J,4
0.0,0.0,1.151515,-0.073171,2.242424,0.317073,2.727273,1.02439,2.454545,1.609756,2.090909,1.0,2.727273,1.268293,2.363636,0.926829,1.969697,0.756098,1.818182,1.292683,2.393939,1.560976,1.878788,1.073171,1.424242,0.829268,1.515152,1.585366,2.090909,1.780488,1.545455,1.268293,1.0,0.97561,1.090909,1.878049,1.848485,2.365854,2.333333,2.634146,2.727273,2.902439,0,0,0.0,0.0,0.0,0.0,0.0,0.0,0.0,0.0,0.0,0.0,0.0,0.0,0.0,0.0,0.0,0.0,0.0,0.0,0.0,0.0,0.0,0.0,0.0,0.0,0.0,0.0,0.0,0.0,0.0,0.0,0.0,0.0,0.0,0.0,0.0,0.0,0.0,0.0,0.0,0.0,0.0,0.0,J,4
0.0,0.0,1.117647,-0.1,2.176471,0.3,2.647059,1.0,2.411765,1.6,2.088235,1.0,2.705882,1.25,2.323529,0.9,1.941176,0.75,1.794118,1.325,2.352941,1.575,1.823529,1.075,1.411765,0.85,1.470588,1.6,2.029412,1.8,1.470588,1.275,0.970588,1.0,1.088235,1.925,1.794118,2.4,2.264706,2.65,2.647059,2.95,0,0,0.0,0.0,0.0,0.0,0.0,0.0,0.0,0.0,0.0,0.0,0.0,0.0,0.0,0.0,0.0,0.0,0.0,0.0,0.0,0.0,0.0,0.0,0.0,0.0,0.0,0.0,0.0,0.0,0.0,0.0,0.0,0.0,0.0,0.0,0.0,0.0,0.0,0.0,0.0,0.0,0.0,0.0,J,4
0.0,0.0,1.15625,-0.125,2.3125,0.275,2.84375,0.975,2.5625,1.625,2.15625,1.0,2.8125,1.225,2.40625,0.85,2.0,0.7,1.875,1.3,2.46875,1.55,1.9375,1.05,1.5,0.825,1.53125,1.6,2.15625,1.775,1.59375,1.225,1.03125,0.95,1.15625,1.925,1.9375,2.4,2.4375,2.675,2.875,2.95,0,0,0.0,0.0,0.0,0.0,0.0,0.0,0.0,0.0,0.0,0.0,0.0,0.0,0.0,0.0,0.0,0.0,0.0,0.0,0.0,0.0,0.0,0.0,0.0,0.0,0.0,0.0,0.0,0.0,0.0,0.0,0.0,0.0,0.0,0.0,0.0,0.0,0.0,0.0,0.0,0.0,0.0,0.0,J,4
0.0,0.0,1.1875,-0.116279,2.3125,0.255814,2.875,0.906977,2.625,1.511628,2.1875,1.0,2.875,1.186047,2.46875,0.813953,2.0625,0.651163,1.90625,1.255814,2.53125,1.465116,2.0,1.0,1.53125,0.767442,1.59375,1.511628,2.1875,1.651163,1.625,1.139535,1.03125,0.860465,1.1875,1.790698,2.03125,2.255814,2.5625,2.511628,3.0,2.767442,0,0,0.0,0.0,0.0,0.0,0.0,0.0,0.0,0.0,0.0,0.0,0.0,0.0,0.0,0.0,0.0,0.0,0.0,0.0,0.0,0.0,0.0,0.0,0.0,0.0,0.0,0.0,0.0,0.0,0.0,0.0,0.0,0.0,0.0,0.0,0.0,0.0,0.0,0.0,0.0,0.0,0.0,0.0,J,4
0.0,0.0,1.461538,-0.037037,2.884615,0.314815,3.615385,0.851852,3.269231,1.296296,2.5,1.0,3.461538,1.148148,3.0,0.814815,2.5,0.666667,2.153846,1.185185,3.076923,1.296296,2.461538,0.888889,1.884615,0.722222,1.846154,1.351852,2.769231,1.388889,2.153846,0.944444,1.423077,0.722222,1.5,1.481481,2.576923,1.87037,3.269231,2.074074,3.769231,2.277778,0,0,0.0,0.0,0.0,0.0,0.0,0.0,0.0,0.0,0.0,0.0,0.0,0.0,0.0,0.0,0.0,0.0,0.0,0.0,0.0,0.0,0.0,0.0,0.0,0.0,0.0,0.0,0.0,0.0,0.0,0.0,0.0,0.0,0.0,0.0,0.0,0.0,0.0,0.0,0.0,0.0,0.0,0.0,J,4
0.0,0.0,2.047619,0.014286,3.714286,0.328571,4.571429,0.728571,4.285714,1.071429,2.761905,1.0,4.142857,1.071429,3.714286,0.785714,3.095238,0.671429,2.285714,1.114286,3.809524,1.085714,3.142857,0.757143,2.47619,0.642857,2.0,1.171429,3.571429,1.128571,2.857143,0.785714,2.047619,0.657143,1.761905,1.2,3.52381,1.428571,4.380952,1.585714,4.857143,1.742857,0,0,0.0,0.0,0.0,0.0,0.0,0.0,0.0,0.0,0.0,0.0,0.0,0.0,0.0,0.0,0.0,0.0,0.0,0.0,0.0,0.0,0.0,0.0,0.0,0.0,0.0,0.0,0.0,0.0,0.0,0.0,0.0,0.0,0.0,0.0,0.0,0.0,0.0,0.0,0.0,0.0,0.0,0.0,J,4
0.0,0.0,2.529412,0.085366,4.470588,0.353659,5.647059,0.646341,5.470588,0.939024,3.058824,1.0,4.941176,1.02439,4.529412,0.756098,3.705882,0.658537,2.529412,1.097561,4.705882,1.036585,4.058824,0.707317,3.294118,0.609756,2.235294,1.109756,4.470588,1.04878,3.823529,0.731707,2.823529,0.621951,2.058824,1.085366,4.294118,1.280488,5.352941,1.402439,6.0,1.54878,0,0,0.0,0.0,0.0,0.0,0.0,0.0,0.0,0.0,0.0,0.0,0.0,0.0,0.0,0.0,0.0,0.0,0.0,0.0,0.0,0.0,0.0,0.0,0.0,0.0,0.0,0.0,0.0,0.0,0.0,0.0,0.0,0.0,0.0,0.0,0.0,0.0,0.0,0.0,0.0,0.0,0.0,0.0,J,4
0.0,0.0,1.727273,0.068182,3.318182,0.340909,4.181818,0.602273,4.227273,0.829545,2.227273,1.0,3.454545,1.159091,4.227273,1.318182,4.727273,1.465909,1.681818,1.102273,3.681818,1.045455,3.5,0.704545,2.863636,0.613636,1.409091,1.090909,3.454545,1.0,3.090909,0.681818,2.409091,0.613636,1.227273,1.011364,3.136364,0.909091,2.954545,0.681818,2.363636,0.613636,0,0,0.0,0.0,0.0,0.0,0.0,0.0,0.0,0.0,0.0,0.0,0.0,0.0,0.0,0.0,0.0,0.0,0.0,0.0,0.0,0.0,0.0,0.0,0.0,0.0,0.0,0.0,0.0,0.0,0.0,0.0,0.0,0.0,0.0,0.0,0.0,0.0,0.0,0.0,0.0,0.0,0.0,0.0,J,4
0.0,0.0,3.75,0.096774,6.5,0.344086,8.0,0.569892,8.083333,0.774194,3.583333,1.0,6.583333,1.096774,8.166667,1.225806,9.166667,1.365591,2.75,1.064516,6.916667,0.989247,6.583333,0.655914,5.416667,0.548387,2.5,1.032258,6.75,0.924731,6.0,0.612903,4.75,0.537634,2.583333,0.913978,6.166667,0.83871,5.666667,0.623656,4.583333,0.537634,0,0,0.0,0.0,0.0,0.0,0.0,0.0,0.0,0.0,0.0,0.0,0.0,0.0,0.0,0.0,0.0,0.0,0.0,0.0,0.0,0.0,0.0,0.0,0.0,0.0,0.0,0.0,0.0,0.0,0.0,0.0,0.0,0.0,0.0,0.0,0.0,0.0,0.0,0.0,0.0,0.0,0.0,0.0,J,4
0.0,0.0,3.142857,0.086957,5.571429,0.336957,6.785714,0.554348,6.928571,0.771739,3.142857,1.0,5.714286,1.108696,7.0,1.228261,7.857143,1.369565,2.357143,1.076087,5.857143,0.98913,5.428571,0.663043,4.5,0.554348,2.142857,1.032609,5.714286,0.923913,5.0,0.619565,4.0,0.543478,2.142857,0.913043,5.285714,0.858696,4.857143,0.641304,3.928571,0.565217,0,0,0.0,0.0,0.0,0.0,0.0,0.0,0.0,0.0,0.0,0.0,0.0,0.0,0.0,0.0,0.0,0.0,0.0,0.0,0.0,0.0,0.0,0.0,0.0,0.0,0.0,0.0,0.0,0.0,0.0,0.0,0.0,0.0,0.0,0.0,0.0,0.0,0.0,0.0,0.0,0.0,0.0,0.0,J,4
0.0,0.0,3.75,0.085106,6.5,0.351064,8.083333,0.56383,8.166667,0.734043,3.583333,1.0,6.916667,1.06383,8.5,1.170213,9.5,1.308511,2.75,1.06383,7.083333,0.957447,6.583333,0.638298,5.5,0.542553,2.583333,1.010638,6.833333,0.904255,6.166667,0.606383,5.0,0.542553,2.583333,0.882979,6.333333,0.829787,6.0,0.617021,5.083333,0.531915,0,0,0.0,0.0,0.0,0.0,0.0,0.0,0.0,0.0,0.0,0.0,0.0,0.0,0.0,0.0,0.0,0.0,0.0,0.0,0.0,0.0,0.0,0.0,0.0,0.0,0.0,0.0,0.0,0.0,0.0,0.0,0.0,0.0,0.0,0.0,0.0,0.0,0.0,0.0,0.0,0.0,0.0,0.0,J,4
0.0,0.0,17.0,0.103093,27.333333,0.350515,34.333333,0.525773,35.0,0.659794,14.0,1.0,30.0,0.989691,36.666667,1.010309,41.333333,1.082474,11.666667,1.010309,30.666667,0.876289,28.666667,0.57732,24.333333,0.494845,11.666667,0.917526,30.0,0.793814,26.666667,0.515464,21.333333,0.463918,13.0,0.762887,27.333333,0.731959,26.333333,0.57732,24.0,0.525773,0,0,0.0,0.0,0.0,0.0,0.0,0.0,0.0,0.0,0.0,0.0,0.0,0.0,0.0,0.0,0.0,0.0,0.0,0.0,0.0,0.0,0.0,0.0,0.0,0.0,0.0,0.0,0.0,0.0,0.0,0.0,0.0,0.0,0.0,0.0,0.0,0.0,0.0,0.0,0.0,0.0,0.0,0.0,J,4
0.0,0.0,55.0,0.13,85.0,0.35,108.0,0.51,115.0,0.65,41.0,1.0,97.0,0.96,103.0,0.76,96.0,0.71,36.0,1.0,101.0,0.85,93.0,0.55,75.0,0.46,37.0,0.92,97.0,0.76,85.0,0.48,67.0,0.4,42.0,0.77,88.0,0.67,81.0,0.48,69.0,0.43,0,0,0.0,0.0,0.0,0.0,0.0,0.0,0.0,0.0,0.0,0.0,0.0,0.0,0.0,0.0,0.0,0.0,0.0,0.0,0.0,0.0,0.0,0.0,0.0,0.0,0.0,0.0,0.0,0.0,0.0,0.0,0.0,0.0,0.0,0.0,0.0,0.0,0.0,0.0,0.0,0.0,0.0,0.0,J,4
0.0,0.0,16.666667,0.108911,26.333333,0.326733,34.333333,0.485149,38.333333,0.633663,14.0,1.0,33.666667,0.910891,32.0,0.633663,27.333333,0.544554,11.0,0.990099,33.666667,0.792079,30.0,0.524752,24.0,0.445545,11.333333,0.881188,32.666667,0.683168,27.666667,0.445545,21.0,0.376238,13.0,0.70297,28.666667,0.752475,35.333333,0.782178,40.666667,0.841584,0,0,0.0,0.0,0.0,0.0,0.0,0.0,0.0,0.0,0.0,0.0,0.0,0.0,0.0,0.0,0.0,0.0,0.0,0.0,0.0,0.0,0.0,0.0,0.0,0.0,0.0,0.0,0.0,0.0,0.0,0.0,0.0,0.0,0.0,0.0,0.0,0.0,0.0,0.0,0.0,0.0,0.0,0.0,J,4
0.0,0.0,0.0,0.0,0.0,0.0,0.0,0.0,0.0,0.0,0.0,0.0,0.0,0.0,0.0,0.0,0.0,0.0,0.0,0.0,0.0,0.0,0.0,0.0,0.0,0.0,0.0,0.0,0.0,0.0,0.0,0.0,0.0,0.0,0.0,0.0,0.0,0.0,0.0,0.0,0.0,0.0,J,4
0.0,0.0,0.0,0.0,0.0,0.0,0.0,0.0,0.0,0.0,0.0,0.0,0.0,0.0,0.0,0.0,0.0,0.0,0.0,0.0,0.0,0.0,0.0,0.0,0.0,0.0,0.0,0.0,0.0,0.0,0.0,0.0,0.0,0.0,0.0,0.0,0.0,0.0,0.0,0.0,0.0,0.0,J,4
0.0,0.0,15.666667,0.153061,26.666667,0.387755,36.333333,0.530612,41.666667,0.663265,13.333333,1.0,32.0,0.908163,30.666667,0.642857,26.0,0.571429,11.666667,0.897959,32.333333,0.744898,29.0,0.5,23.333333,0.438776,12.333333,0.72449,31.666667,0.591837,27.333333,0.397959,21.0,0.346939,14.333333,0.5,29.333333,0.55102,38.0,0.612245,45.0,0.693878,0,0,0.0,0.0,0.0,0.0,0.0,0.0,0.0,0.0,0.0,0.0,0.0,0.0,0.0,0.0,0.0,0.0,0.0,0.0,0.0,0.0,0.0,0.0,0.0,0.0,0.0,0.0,0.0,0.0,0.0,0.0,0.0,0.0,0.0,0.0,0.0,0.0,0.0,0.0,0.0,0.0,0.0,0.0,J,4
0.0,0.0,0.0,0.0,0.0,0.0,0.0,0.0,0.0,0.0,0.0,0.0,0.0,0.0,0.0,0.0,0.0,0.0,0.0,0.0,0.0,0.0,0.0,0.0,0.0,0.0,0.0,0.0,0.0,0.0,0.0,0.0,0.0,0.0,0.0,0.0,0.0,0.0,0.0,0.0,0.0,0.0,J,4
0.0,0.0,6.5,0.189474,12.5,0.410526,18.333333,0.494737,21.333333,0.484211,7.0,1.0,16.333333,0.873684,15.5,0.621053,13.333333,0.547368,6.5,0.852632,16.5,0.663158,14.833333,0.442105,12.333333,0.389474,6.833333,0.621053,16.333333,0.505263,14.833333,0.336842,12.0,0.294737,8.0,0.357895,15.5,0.389474,19.666667,0.452632,23.0,0.547368,0,0,0.0,0.0,0.0,0.0,0.0,0.0,0.0,0.0,0.0,0.0,0.0,0.0,0.0,0.0,0.0,0.0,0.0,0.0,0.0,0.0,0.0,0.0,0.0,0.0,0.0,0.0,0.0,0.0,0.0,0.0,0.0,0.0,0.0,0.0,0.0,0.0,0.0,0.0,0.0,0.0,0.0,0.0,J,4
0.0,0.0,2.6,0.319149,6.2,0.574468,9.8,0.670213,11.4,0.62766,4.4,1.0,10.0,0.851064,9.2,0.617021,7.7,0.585106,4.3,0.819149,10.1,0.62766,9.2,0.425532,7.7,0.414894,4.7,0.56383,10.2,0.457447,9.4,0.297872,7.9,0.265957,5.4,0.287234,9.9,0.319149,12.4,0.351064,14.5,0.414894,0,0,0.0,0.0,0.0,0.0,0.0,0.0,0.0,0.0,0.0,0.0,0.0,0.0,0.0,0.0,0.0,0.0,0.0,0.0,0.0,0.0,0.0,0.0,0.0,0.0,0.0,0.0,0.0,0.0,0.0,0.0,0.0,0.0,0.0,0.0,0.0,0.0,0.0,0.0,0.0,0.0,0.0,0.0,J,4
0.0,0.0,1.846154,0.354839,4.769231,0.623656,8.0,0.709677,9.0,0.612903,3.230769,1.0,7.692308,0.870968,7.307692,0.655914,6.307692,0.612903,3.230769,0.795699,7.769231,0.634409,7.307692,0.44086,6.384615,0.419355,3.615385,0.537634,7.923077,0.451613,7.769231,0.301075,7.076923,0.258065,4.230769,0.258065,7.769231,0.27957,9.769231,0.290323,11.461538,0.322581,0,0,0.0,0.0,0.0,0.0,0.0,0.0,0.0,0.0,0.0,0.0,0.0,0.0,0.0,0.0,0.0,0.0,0.0,0.0,0.0,0.0,0.0,0.0,0.0,0.0,0.0,0.0,0.0,0.0,0.0,0.0,0.0,0.0,0.0,0.0,0.0,0.0,0.0,0.0,0.0,0.0,0.0,0.0,J,4
0.0,0.0,1.3125,0.380435,3.625,0.673913,6.25,0.717391,7.5,0.554348,2.75,1.0,6.375,0.880435,6.0,0.663043,5.1875,0.630435,2.875,0.793478,6.5,0.641304,6.125,0.445652,5.3125,0.413043,3.1875,0.521739,6.75,0.456522,6.5,0.293478,5.9375,0.25,3.75,0.23913,6.625,0.25,8.3125,0.23913,9.6875,0.25,0,0,0.0,0.0,0.0,0.0,0.0,0.0,0.0,0.0,0.0,0.0,0.0,0.0,0.0,0.0,0.0,0.0,0.0,0.0,0.0,0.0,0.0,0.0,0.0,0.0,0.0,0.0,0.0,0.0,0.0,0.0,0.0,0.0,0.0,0.0,0.0,0.0,0.0,0.0,0.0,0.0,0.0,0.0,J,4
0.0,0.0,1.571429,0.404494,4.285714,0.696629,7.285714,0.752809,8.642857,0.595506,3.357143,1.0,7.5,0.910112,7.214286,0.674157,6.214286,0.629213,3.428571,0.775281,7.714286,0.640449,7.214286,0.426966,6.142857,0.404494,3.857143,0.483146,7.785714,0.404494,7.214286,0.258427,6.071429,0.235955,4.357143,0.179775,7.714286,0.168539,9.714286,0.134831,11.285714,0.134831,0,0,0.0,0.0,0.0,0.0,0.0,0.0,0.0,0.0,0.0,0.0,0.0,0.0,0.0,0.0,0.0,0.0,0.0,0.0,0.0,0.0,0.0,0.0,0.0,0.0,0.0,0.0,0.0,0.0,0.0,0.0,0.0,0.0,0.0,0.0,0.0,0.0,0.0,0.0,0.0,0.0,0.0,0.0,J,4
0.0,0.0,1.769231,0.411111,4.769231,0.688889,8.0,0.766667,9.615385,0.688889,4.0,1.0,8.538462,0.888889,8.384615,0.666667,7.384615,0.611111,4.153846,0.766667,8.769231,0.622222,8.307692,0.411111,7.307692,0.388889,4.538462,0.466667,9.0,0.377778,8.384615,0.233333,7.230769,0.211111,5.0,0.166667,8.692308,0.133333,10.846154,0.077778,12.615385,0.066667,0,0,0.0,0.0,0.0,0.0,0.0,0.0,0.0,0.0,0.0,0.0,0.0,0.0,0.0,0.0,0.0,0.0,0.0,0.0,0.0,0.0,0.0,0.0,0.0,0.0,0.0,0.0,0.0,0.0,0.0,0.0,0.0,0.0,0.0,0.0,0.0,0.0,0.0,0.0,0.0,0.0,0.0,0.0,J,4
0.0,0.0,2.0,0.420455,5.454545,0.704545,9.090909,0.772727,11.272727,0.681818,4.818182,1.0,10.181818,0.909091,9.818182,0.681818,8.545455,0.625,4.909091,0.761364,10.454545,0.613636,9.818182,0.409091,8.545455,0.397727,5.363636,0.454545,10.636364,0.363636,9.818182,0.215909,8.363636,0.204545,5.818182,0.147727,10.363636,0.102273,12.818182,0.045455,14.909091,0.034091,0,0,0.0,0.0,0.0,0.0,0.0,0.0,0.0,0.0,0.0,0.0,0.0,0.0,0.0,0.0,0.0,0.0,0.0,0.0,0.0,0.0,0.0,0.0,0.0,0.0,0.0,0.0,0.0,0.0,0.0,0.0,0.0,0.0,0.0,0.0,0.0,0.0,0.0,0.0,0.0,0.0,0.0,0.0,J,4
0.0,0.0,2.090909,0.418605,5.545455,0.72093,9.272727,0.825581,11.454545,0.790698,4.909091,1.0,10.272727,0.906977,9.909091,0.674419,8.636364,0.604651,5.0,0.755814,10.545455,0.616279,9.909091,0.418605,8.636364,0.383721,5.454545,0.44186,10.818182,0.348837,10.0,0.209302,8.545455,0.197674,5.909091,0.127907,10.454545,0.081395,13.0,0.0,15.0,-0.034884,0,0,0.0,0.0,0.0,0.0,0.0,0.0,0.0,0.0,0.0,0.0,0.0,0.0,0.0,0.0,0.0,0.0,0.0,0.0,0.0,0.0,0.0,0.0,0.0,0.0,0.0,0.0,0.0,0.0,0.0,0.0,0.0,0.0,0.0,0.0,0.0,0.0,0.0,0.0,0.0,0.0,0.0,0.0,J,4
0.0,0.0,1.833333,0.428571,5.0,0.738095,8.333333,0.845238,10.166667,0.833333,4.666667,1.0,9.416667,0.916667,9.0,0.690476,7.833333,0.619048,4.833333,0.738095,9.666667,0.607143,9.083333,0.416667,8.0,0.380952,5.25,0.416667,10.0,0.321429,9.25,0.202381,8.0,0.190476,5.666667,0.083333,9.75,0.035714,12.0,-0.047619,13.833333,-0.095238,0,0,0.0,0.0,0.0,0.0,0.0,0.0,0.0,0.0,0.0,0.0,0.0,0.0,0.0,0.0,0.0,0.0,0.0,0.0,0.0,0.0,0.0,0.0,0.0,0.0,0.0,0.0,0.0,0.0,0.0,0.0,0.0,0.0,0.0,0.0,0.0,0.0,0.0,0.0,0.0,0.0,0.0,0.0,J,4
0.0,0.0,2.0,0.45122,5.363636,0.731707,8.909091,0.768293,10.909091,0.646341,4.909091,1.0,10.090909,0.926829,9.545455,0.707317,8.181818,0.658537,5.0,0.719512,10.363636,0.609756,9.727273,0.414634,8.545455,0.378049,5.454545,0.390244,10.727273,0.304878,10.0,0.182927,8.545455,0.170732,5.909091,0.060976,10.454545,-0.02439,13.0,-0.109756,15.0,-0.146341,0,0,0.0,0.0,0.0,0.0,0.0,0.0,0.0,0.0,0.0,0.0,0.0,0.0,0.0,0.0,0.0,0.0,0.0,0.0,0.0,0.0,0.0,0.0,0.0,0.0,0.0,0.0,0.0,0.0,0.0,0.0,0.0,0.0,0.0,0.0,0.0,0.0,0.0,0.0,0.0,0.0,0.0,0.0,J,4
0.0,0.0,1.75,0.460526,4.833333,0.776316,7.916667,0.842105,9.833333,0.75,4.833333,1.0,9.583333,0.947368,9.0,0.710526,7.75,0.671053,5.0,0.697368,9.833333,0.605263,9.166667,0.394737,8.083333,0.368421,5.416667,0.342105,10.0,0.276316,9.25,0.144737,7.916667,0.131579,5.833333,0.0,9.833333,-0.078947,12.083333,-0.184211,14.0,-0.223684,0,0,0.0,0.0,0.0,0.0,0.0,0.0,0.0,0.0,0.0,0.0,0.0,0.0,0.0,0.0,0.0,0.0,0.0,0.0,0.0,0.0,0.0,0.0,0.0,0.0,0.0,0.0,0.0,0.0,0.0,0.0,0.0,0.0,0.0,0.0,0.0,0.0,0.0,0.0,0.0,0.0,0.0,0.0,J,4
0.0,0.0,2.0,0.466667,5.545455,0.773333,9.090909,0.866667,10.818182,0.8,5.272727,1.0,10.454545,0.92,9.636364,0.72,8.090909,0.68,5.363636,0.666667,10.545455,0.56,9.727273,0.386667,8.454545,0.36,5.727273,0.293333,10.727273,0.213333,9.818182,0.12,8.272727,0.12,6.272727,-0.04,10.636364,-0.12,13.090909,-0.213333,15.090909,-0.266667,0,0,0.0,0.0,0.0,0.0,0.0,0.0,0.0,0.0,0.0,0.0,0.0,0.0,0.0,0.0,0.0,0.0,0.0,0.0,0.0,0.0,0.0,0.0,0.0,0.0,0.0,0.0,0.0,0.0,0.0,0.0,0.0,0.0,0.0,0.0,0.0,0.0,0.0,0.0,0.0,0.0,0.0,0.0,J,4
0.0,0.0,2.2,0.469697,6.0,0.848485,9.8,0.984848,11.8,1.0,6.1,1.0,11.7,0.893939,10.8,0.69697,9.2,0.69697,6.3,0.621212,11.7,0.545455,10.7,0.363636,9.5,0.363636,6.6,0.212121,11.9,0.181818,11.0,0.060606,9.5,0.060606,7.1,-0.166667,11.8,-0.242424,14.5,-0.363636,16.7,-0.424242,0,0,0.0,0.0,0.0,0.0,0.0,0.0,0.0,0.0,0.0,0.0,0.0,0.0,0.0,0.0,0.0,0.0,0.0,0.0,0.0,0.0,0.0,0.0,0.0,0.0,0.0,0.0,0.0,0.0,0.0,0.0,0.0,0.0,0.0,0.0,0.0,0.0,0.0,0.0,0.0,0.0,0.0,0.0,J,4
0.0,0.0,2.1,0.507463,5.8,0.80597,9.6,0.820896,11.9,0.671642,6.1,1.0,11.7,0.925373,10.6,0.731343,9.0,0.701493,6.3,0.626866,11.7,0.567164,10.7,0.402985,9.2,0.38806,6.7,0.223881,11.8,0.208955,10.8,0.104478,9.1,0.104478,7.1,-0.134328,11.8,-0.208955,14.5,-0.313433,16.7,-0.358209,0,0,0.0,0.0,0.0,0.0,0.0,0.0,0.0,0.0,0.0,0.0,0.0,0.0,0.0,0.0,0.0,0.0,0.0,0.0,0.0,0.0,0.0,0.0,0.0,0.0,0.0,0.0,0.0,0.0,0.0,0.0,0.0,0.0,0.0,0.0,0.0,0.0,0.0,0.0,0.0,0.0,0.0,0.0,J,4
0.0,0.0,1.538462,0.522388,4.307692,0.835821,7.153846,0.835821,8.769231,0.626866,4.769231,1.0,9.076923,0.955224,8.384615,0.761194,7.153846,0.731343,5.076923,0.61194,9.153846,0.597015,8.384615,0.432836,7.230769,0.41791,5.384615,0.223881,9.230769,0.253731,8.538462,0.164179,7.307692,0.149254,5.769231,-0.104478,9.307692,-0.164179,11.384615,-0.253731,13.076923,-0.283582,0,0,0.0,0.0,0.0,0.0,0.0,0.0,0.0,0.0,0.0,0.0,0.0,0.0,0.0,0.0,0.0,0.0,0.0,0.0,0.0,0.0,0.0,0.0,0.0,0.0,0.0,0.0,0.0,0.0,0.0,0.0,0.0,0.0,0.0,0.0,0.0,0.0,0.0,0.0,0.0,0.0,0.0,0.0,J,4
0.0,0.0,1.538462,0.545455,4.307692,0.878788,7.153846,0.833333,8.692308,0.575758,4.846154,1.0,9.076923,0.969697,8.307692,0.787879,7.076923,0.757576,5.230769,0.590909,9.153846,0.590909,8.307692,0.454545,7.153846,0.424242,5.538462,0.19697,9.153846,0.257576,8.384615,0.166667,7.153846,0.181818,5.846154,-0.136364,9.384615,-0.136364,11.307692,-0.212121,12.923077,-0.242424,0,0,0.0,0.0,0.0,0.0,0.0,0.0,0.0,0.0,0.0,0.0,0.0,0.0,0.0,0.0,0.0,0.0,0.0,0.0,0.0,0.0,0.0,0.0,0.0,0.0,0.0,0.0,0.0,0.0,0.0,0.0,0.0,0.0,0.0,0.0,0.0,0.0,0.0,0.0,0.0,0.0,0.0,0.0,J,4
0.0,0.0,1.214286,0.603175,3.714286,0.952381,6.357143,0.936508,7.857143,0.714286,4.357143,1.0,8.285714,1.031746,7.571429,0.888889,6.428571,0.825397,4.714286,0.571429,8.5,0.650794,7.714286,0.539683,6.642857,0.507937,5.071429,0.174603,8.5,0.285714,7.857143,0.269841,6.714286,0.253968,5.357143,-0.142857,8.642857,-0.126984,10.5,-0.174603,12.071429,-0.206349,0,0,0.0,0.0,0.0,0.0,0.0,0.0,0.0,0.0,0.0,0.0,0.0,0.0,0.0,0.0,0.0,0.0,0.0,0.0,0.0,0.0,0.0,0.0,0.0,0.0,0.0,0.0,0.0,0.0,0.0,0.0,0.0,0.0,0.0,0.0,0.0,0.0,0.0,0.0,0.0,0.0,0.0,0.0,J,4
0.0,0.0,0.882353,0.645161,2.882353,1.0,4.882353,0.967742,6.058824,0.741935,3.529412,1.0,6.647059,1.048387,6.058824,0.935484,5.235294,0.870968,3.941176,0.548387,6.882353,0.66129,6.235294,0.596774,5.411765,0.548387,4.235294,0.16129,6.882353,0.306452,6.352941,0.306452,5.470588,0.290323,4.529412,-0.145161,7.117647,-0.112903,8.647059,-0.129032,9.882353,-0.16129,0,0,0.0,0.0,0.0,0.0,0.0,0.0,0.0,0.0,0.0,0.0,0.0,0.0,0.0,0.0,0.0,0.0,0.0,0.0,0.0,0.0,0.0,0.0,0.0,0.0,0.0,0.0,0.0,0.0,0.0,0.0,0.0,0.0,0.0,0.0,0.0,0.0,0.0,0.0,0.0,0.0,0.0,0.0,J,4
0.0,0.0,0.882353,0.65,2.882353,1.016667,4.823529,0.983333,6.0,0.733333,3.529412,1.0,6.647059,1.066667,5.941176,0.933333,5.117647,0.866667,3.941176,0.55,6.764706,0.65,6.117647,0.583333,5.294118,0.533333,4.235294,0.15,6.823529,0.283333,6.235294,0.283333,5.411765,0.266667,4.529412,-0.183333,7.117647,-0.1,8.588235,-0.116667,9.764706,-0.15,0,0,0.0,0.0,0.0,0.0,0.0,0.0,0.0,0.0,0.0,0.0,0.0,0.0,0.0,0.0,0.0,0.0,0.0,0.0,0.0,0.0,0.0,0.0,0.0,0.0,0.0,0.0,0.0,0.0,0.0,0.0,0.0,0.0,0.0,0.0,0.0,0.0,0.0,0.0,0.0,0.0,0.0,0.0,J,4
0.0,0.0,0.823529,0.666667,2.764706,1.033333,4.705882,1.033333,5.882353,0.833333,3.411765,1.0,6.470588,1.083333,5.823529,0.966667,4.941176,0.9,3.764706,0.55,6.647059,0.683333,5.941176,0.616667,5.176471,0.55,4.117647,0.15,6.705882,0.316667,6.117647,0.316667,5.294118,0.3,4.411765,-0.15,7.0,-0.05,8.470588,-0.05,9.588235,-0.066667,0,0,0.0,0.0,0.0,0.0,0.0,0.0,0.0,0.0,0.0,0.0,0.0,0.0,0.0,0.0,0.0,0.0,0.0,0.0,0.0,0.0,0.0,0.0,0.0,0.0,0.0,0.0,0.0,0.0,0.0,0.0,0.0,0.0,0.0,0.0,0.0,0.0,0.0,0.0,0.0,0.0,0.0,0.0,J,4
0.0,0.0,0.8125,0.706897,2.75,1.086207,4.625,1.103448,5.75,0.931034,3.625,1.0,6.875,1.103448,6.0,1.0,5.0,0.931034,4.0,0.534483,7.0,0.689655,6.1875,0.637931,5.375,0.568966,4.375,0.12069,7.125,0.327586,6.4375,0.344828,5.5625,0.310345,4.625,-0.172414,7.375,-0.086207,8.875,-0.068966,10.1875,-0.086207,0,0,0.0,0.0,0.0,0.0,0.0,0.0,0.0,0.0,0.0,0.0,0.0,0.0,0.0,0.0,0.0,0.0,0.0,0.0,0.0,0.0,0.0,0.0,0.0,0.0,0.0,0.0,0.0,0.0,0.0,0.0,0.0,0.0,0.0,0.0,0.0,0.0,0.0,0.0,0.0,0.0,0.0,0.0,J,4
0.0,0.0,1.0,0.736842,3.428571,1.087719,5.785714,1.017544,7.071429,0.736842,4.214286,1.0,7.714286,1.122807,6.714286,1.035088,5.642857,0.947368,4.642857,0.526316,7.928571,0.684211,7.0,0.666667,6.071429,0.596491,4.928571,0.105263,7.928571,0.315789,7.285714,0.368421,6.285714,0.350877,5.214286,-0.192982,8.285714,-0.070175,10.0,-0.035088,11.357143,-0.035088,0,0,0.0,0.0,0.0,0.0,0.0,0.0,0.0,0.0,0.0,0.0,0.0,0.0,0.0,0.0,0.0,0.0,0.0,0.0,0.0,0.0,0.0,0.0,0.0,0.0,0.0,0.0,0.0,0.0,0.0,0.0,0.0,0.0,0.0,0.0,0.0,0.0,0.0,0.0,0.0,0.0,0.0,0.0,J,4
0.0,0.0,0.9375,0.719298,3.0625,1.052632,5.1875,0.964912,6.3125,0.684211,3.625,1.0,6.75,1.105263,5.9375,0.982456,5.0,0.912281,4.0,0.526316,6.875,0.666667,6.125,0.614035,5.25,0.561404,4.3125,0.122807,6.9375,0.315789,6.3125,0.315789,5.4375,0.315789,4.625,-0.175439,7.25,-0.070175,8.75,-0.052632,9.9375,-0.052632,0,0,0.0,0.0,0.0,0.0,0.0,0.0,0.0,0.0,0.0,0.0,0.0,0.0,0.0,0.0,0.0,0.0,0.0,0.0,0.0,0.0,0.0,0.0,0.0,0.0,0.0,0.0,0.0,0.0,0.0,0.0,0.0,0.0,0.0,0.0,0.0,0.0,0.0,0.0,0.0,0.0,0.0,0.0,J,4
0.0,0.0,0.666667,0.745455,2.5,1.145455,4.333333,1.163636,5.333333,0.909091,3.166667,1.0,5.944444,1.218182,5.222222,1.127273,4.388889,1.018182,3.555556,0.527273,6.222222,0.781818,5.5,0.763636,4.722222,0.672727,3.888889,0.127273,6.277778,0.418182,5.722222,0.454545,4.944444,0.436364,4.166667,-0.145455,6.5,0.0,7.833333,0.054545,8.944444,0.036364,0,0,0.0,0.0,0.0,0.0,0.0,0.0,0.0,0.0,0.0,0.0,0.0,0.0,0.0,0.0,0.0,0.0,0.0,0.0,0.0,0.0,0.0,0.0,0.0,0.0,0.0,0.0,0.0,0.0,0.0,0.0,0.0,0.0,0.0,0.0,0.0,0.0,0.0,0.0,0.0,0.0,0.0,0.0,J,4
0.0,0.0,0.764706,0.767857,2.823529,1.142857,4.882353,1.142857,6.058824,0.910714,3.411765,1.0,6.352941,1.196429,5.588235,1.107143,4.705882,1.0,3.823529,0.517857,6.647059,0.75,5.823529,0.732143,4.941176,0.660714,4.176471,0.107143,6.705882,0.392857,6.058824,0.428571,5.235294,0.410714,4.411765,-0.160714,6.941176,-0.017857,8.411765,0.035714,9.588235,0.035714,0,0,0.0,0.0,0.0,0.0,0.0,0.0,0.0,0.0,0.0,0.0,0.0,0.0,0.0,0.0,0.0,0.0,0.0,0.0,0.0,0.0,0.0,0.0,0.0,0.0,0.0,0.0,0.0,0.0,0.0,0.0,0.0,0.0,0.0,0.0,0.0,0.0,0.0,0.0,0.0,0.0,0.0,0.0,J,4
0.0,0.0,0.722222,0.763636,2.722222,1.163636,4.777778,1.163636,5.944444,0.909091,3.166667,1.0,6.0,1.218182,5.166667,1.127273,4.388889,1.018182,3.611111,0.509091,6.277778,0.763636,5.444444,0.745455,4.666667,0.672727,3.888889,0.109091,6.333333,0.4,5.722222,0.454545,4.888889,0.418182,4.166667,-0.163636,6.555556,-0.018182,7.944444,0.036364,9.111111,0.054545,0,0,0.0,0.0,0.0,0.0,0.0,0.0,0.0,0.0,0.0,0.0,0.0,0.0,0.0,0.0,0.0,0.0,0.0,0.0,0.0,0.0,0.0,0.0,0.0,0.0,0.0,0.0,0.0,0.0,0.0,0.0,0.0,0.0,0.0,0.0,0.0,0.0,0.0,0.0,0.0,0.0,0.0,0.0,J,4
0.0,0.0,0.684211,0.759259,2.526316,1.166667,4.473684,1.185185,5.631579,0.944444,2.947368,1.0,5.684211,1.222222,4.894737,1.12963,4.105263,1.037037,3.368421,0.481481,5.947368,0.759259,5.157895,0.740741,4.368421,0.666667,3.684211,0.074074,6.052632,0.407407,5.473684,0.444444,4.684211,0.407407,3.947368,-0.185185,6.210526,-0.037037,7.526316,0.018519,8.578947,0.037037,0,0,0.0,0.0,0.0,0.0,0.0,0.0,0.0,0.0,0.0,0.0,0.0,0.0,0.0,0.0,0.0,0.0,0.0,0.0,0.0,0.0,0.0,0.0,0.0,0.0,0.0,0.0,0.0,0.0,0.0,0.0,0.0,0.0,0.0,0.0,0.0,0.0,0.0,0.0,0.0,0.0,0.0,0.0,J,4
0.0,0.0,0.684211,0.796296,2.631579,1.185185,4.631579,1.166667,5.736842,0.888889,2.947368,1.0,5.684211,1.240741,4.894737,1.148148,4.157895,1.055556,3.368421,0.518519,5.947368,0.777778,5.157895,0.759259,4.368421,0.685185,3.684211,0.092593,6.052632,0.425926,5.473684,0.462963,4.684211,0.425926,3.947368,-0.185185,6.210526,-0.018519,7.578947,0.018519,8.631579,0.037037,0,0,0.0,0.0,0.0,0.0,0.0,0.0,0.0,0.0,0.0,0.0,0.0,0.0,0.0,0.0,0.0,0.0,0.0,0.0,0.0,0.0,0.0,0.0,0.0,0.0,0.0,0.0,0.0,0.0,0.0,0.0,0.0,0.0,0.0,0.0,0.0,0.0,0.0,0.0,0.0,0.0,0.0,0.0,J,4
0.0,0.0,0.777778,0.777778,2.833333,1.166667,4.888889,1.111111,6.055556,0.814815,3.222222,1.0,6.055556,1.222222,5.166667,1.148148,4.333333,1.055556,3.611111,0.481481,6.333333,0.759259,5.444444,0.740741,4.611111,0.666667,3.944444,0.074074,6.5,0.407407,5.833333,0.444444,5.0,0.407407,4.222222,-0.203704,6.611111,-0.037037,8.0,0.018519,9.166667,0.018519,0,0,0.0,0.0,0.0,0.0,0.0,0.0,0.0,0.0,0.0,0.0,0.0,0.0,0.0,0.0,0.0,0.0,0.0,0.0,0.0,0.0,0.0,0.0,0.0,0.0,0.0,0.0,0.0,0.0,0.0,0.0,0.0,0.0,0.0,0.0,0.0,0.0,0.0,0.0,0.0,0.0,0.0,0.0,J,4
0.0,0.0,0.722222,0.781818,2.833333,1.145455,4.888889,1.072727,6.055556,0.8,3.222222,1.0,6.055556,1.218182,5.222222,1.127273,4.388889,1.036364,3.611111,0.509091,6.333333,0.763636,5.5,0.727273,4.666667,0.654545,3.944444,0.090909,6.444444,0.4,5.777778,0.418182,4.944444,0.381818,4.222222,-0.2,6.666667,-0.036364,8.055556,0.018182,9.222222,0.018182,0,0,0.0,0.0,0.0,0.0,0.0,0.0,0.0,0.0,0.0,0.0,0.0,0.0,0.0,0.0,0.0,0.0,0.0,0.0,0.0,0.0,0.0,0.0,0.0,0.0,0.0,0.0,0.0,0.0,0.0,0.0,0.0,0.0,0.0,0.0,0.0,0.0,0.0,0.0,0.0,0.0,0.0,0.0,J,4
0.0,0.0,0.631579,0.781818,2.473684,1.2,4.315789,1.236364,5.368421,0.981818,2.947368,1.0,5.736842,1.254545,4.947368,1.163636,4.157895,1.072727,3.368421,0.509091,5.947368,0.818182,5.157895,0.763636,4.421053,0.690909,3.684211,0.109091,6.052632,0.436364,5.421053,0.454545,4.631579,0.4,3.947368,-0.163636,6.315789,-0.018182,7.684211,0.036364,8.842105,0.036364,0,0,0.0,0.0,0.0,0.0,0.0,0.0,0.0,0.0,0.0,0.0,0.0,0.0,0.0,0.0,0.0,0.0,0.0,0.0,0.0,0.0,0.0,0.0,0.0,0.0,0.0,0.0,0.0,0.0,0.0,0.0,0.0,0.0,0.0,0.0,0.0,0.0,0.0,0.0,0.0,0.0,0.0,0.0,J,4
0.0,0.0,0.47619,0.807692,2.095238,1.288462,3.714286,1.365385,4.761905,1.153846,2.619048,1.0,5.190476,1.365385,4.47619,1.288462,3.761905,1.153846,3.0,0.5,5.47619,0.884615,4.761905,0.865385,4.047619,0.75,3.333333,0.096154,5.571429,0.5,5.0,0.538462,4.238095,0.461538,3.619048,-0.173077,5.761905,0.019231,7.047619,0.096154,8.095238,0.096154,0,0,0.0,0.0,0.0,0.0,0.0,0.0,0.0,0.0,0.0,0.0,0.0,0.0,0.0,0.0,0.0,0.0,0.0,0.0,0.0,0.0,0.0,0.0,0.0,0.0,0.0,0.0,0.0,0.0,0.0,0.0,0.0,0.0,0.0,0.0,0.0,0.0,0.0,0.0,0.0,0.0,0.0,0.0,J,4
0.0,0.0,0.375,0.811321,1.75,1.320755,3.208333,1.396226,4.166667,1.207547,2.166667,1.0,4.5,1.377358,3.791667,1.320755,3.166667,1.207547,2.583333,0.490566,4.75,0.90566,4.083333,0.90566,3.5,0.811321,2.875,0.09434,4.791667,0.528302,4.291667,0.584906,3.625,0.528302,3.166667,-0.132075,5.041667,0.056604,6.125,0.132075,7.0,0.132075,0,0,0.0,0.0,0.0,0.0,0.0,0.0,0.0,0.0,0.0,0.0,0.0,0.0,0.0,0.0,0.0,0.0,0.0,0.0,0.0,0.0,0.0,0.0,0.0,0.0,0.0,0.0,0.0,0.0,0.0,0.0,0.0,0.0,0.0,0.0,0.0,0.0,0.0,0.0,0.0,0.0,0.0,0.0,J,4
0.0,0.0,0.416667,0.843137,1.875,1.313725,3.458333,1.372549,4.458333,1.137255,2.125,1.0,4.416667,1.392157,3.75,1.352941,3.125,1.215686,2.5,0.490196,4.708333,0.941176,4.083333,0.941176,3.458333,0.823529,2.833333,0.078431,4.875,0.54902,4.333333,0.607843,3.666667,0.529412,3.125,-0.176471,5.0,0.039216,6.125,0.137255,7.041667,0.137255,0,0,0.0,0.0,0.0,0.0,0.0,0.0,0.0,0.0,0.0,0.0,0.0,0.0,0.0,0.0,0.0,0.0,0.0,0.0,0.0,0.0,0.0,0.0,0.0,0.0,0.0,0.0,0.0,0.0,0.0,0.0,0.0,0.0,0.0,0.0,0.0,0.0,0.0,0.0,0.0,0.0,0.0,0.0,J,4
0.0,0.0,0.434783,0.84,1.869565,1.34,3.434783,1.46,4.391304,1.24,2.217391,1.0,4.608696,1.42,3.826087,1.38,3.173913,1.24,2.608696,0.48,4.956522,0.94,4.217391,0.96,3.565217,0.84,2.913043,0.08,5.043478,0.56,4.478261,0.64,3.782609,0.58,3.217391,-0.18,5.173913,0.02,6.347826,0.12,7.347826,0.14,0,0,0.0,0.0,0.0,0.0,0.0,0.0,0.0,0.0,0.0,0.0,0.0,0.0,0.0,0.0,0.0,0.0,0.0,0.0,0.0,0.0,0.0,0.0,0.0,0.0,0.0,0.0,0.0,0.0,0.0,0.0,0.0,0.0,0.0,0.0,0.0,0.0,0.0,0.0,0.0,0.0,0.0,0.0,J,4
0.0,0.0,0.416667,0.836735,1.916667,1.367347,3.541667,1.428571,4.5,1.183673,2.083333,1.0,4.416667,1.428571,3.708333,1.346939,3.083333,1.183673,2.5,0.469388,4.75,0.938776,4.041667,0.897959,3.375,0.77551,2.791667,0.040816,4.875,0.530612,4.333333,0.571429,3.666667,0.510204,3.083333,-0.204082,5.0,0.0,6.125,0.102041,7.125,0.122449,0,0,0.0,0.0,0.0,0.0,0.0,0.0,0.0,0.0,0.0,0.0,0.0,0.0,0.0,0.0,0.0,0.0,0.0,0.0,0.0,0.0,0.0,0.0,0.0,0.0,0.0,0.0,0.0,0.0,0.0,0.0,0.0,0.0,0.0,0.0,0.0,0.0,0.0,0.0,0.0,0.0,0.0,0.0,J,4
0.0,0.0,0.458333,0.877551,2.125,1.346939,3.916667,1.367347,4.958333,1.081633,2.166667,1.0,4.375,1.408163,3.666667,1.387755,3.041667,1.22449,2.541667,0.44898,4.75,0.918367,4.0,0.918367,3.333333,0.816327,2.833333,0.020408,4.875,0.510204,4.291667,0.591837,3.625,0.55102,3.166667,-0.22449,4.958333,0.0,6.083333,0.122449,7.041667,0.163265,0,0,0.0,0.0,0.0,0.0,0.0,0.0,0.0,0.0,0.0,0.0,0.0,0.0,0.0,0.0,0.0,0.0,0.0,0.0,0.0,0.0,0.0,0.0,0.0,0.0,0.0,0.0,0.0,0.0,0.0,0.0,0.0,0.0,0.0,0.0,0.0,0.0,0.0,0.0,0.0,0.0,0.0,0.0,J,4
0.0,0.0,0.459016,-0.04,1.065574,0.2,1.344262,0.493333,1.278689,0.8,1.032787,1.0,1.327869,1.346667,1.229508,0.92,1.081967,0.653333,0.721311,1.04,1.016393,1.253333,0.901639,0.706667,0.770492,0.426667,0.377049,1.053333,0.672131,1.093333,0.540984,0.546667,0.377049,0.253333,0.032787,1.053333,0.278689,1.533333,0.491803,1.826667,0.672131,2.093333,0,0,0.0,0.0,0.0,0.0,0.0,0.0,0.0,0.0,0.0,0.0,0.0,0.0,0.0,0.0,0.0,0.0,0.0,0.0,0.0,0.0,0.0,0.0,0.0,0.0,0.0,0.0,0.0,0.0,0.0,0.0,0.0,0.0,0.0,0.0,0.0,0.0,0.0,0.0,0.0,0.0,0.0,0.0,J,5
0.0,0.0,0.540984,-0.051282,1.311475,0.205128,1.639344,0.538462,1.491803,0.846154,1.295082,1.0,1.639344,1.358974,1.491803,0.923077,1.344262,0.653846,1.0,1.089744,1.295082,1.358974,1.147541,0.820513,0.983607,0.512821,0.655738,1.141026,0.95082,1.230769,0.803279,0.692308,0.639344,0.371795,0.295082,1.179487,0.639344,1.641026,0.885246,1.910256,1.065574,2.153846,0,0,0.0,0.0,0.0,0.0,0.0,0.0,0.0,0.0,0.0,0.0,0.0,0.0,0.0,0.0,0.0,0.0,0.0,0.0,0.0,0.0,0.0,0.0,0.0,0.0,0.0,0.0,0.0,0.0,0.0,0.0,0.0,0.0,0.0,0.0,0.0,0.0,0.0,0.0,0.0,0.0,0.0,0.0,J,5
0.0,0.0,0.65,0.0,1.45,0.268293,1.816667,0.658537,1.616667,1.0,1.45,1.0,1.866667,1.329268,1.65,0.914634,1.45,0.682927,1.15,1.097561,1.516667,1.353659,1.266667,0.853659,1.066667,0.573171,0.816667,1.158537,1.183333,1.256098,0.933333,0.756098,0.7,0.463415,0.45,1.207317,0.85,1.634146,1.1,1.890244,1.3,2.134146,0,0,0.0,0.0,0.0,0.0,0.0,0.0,0.0,0.0,0.0,0.0,0.0,0.0,0.0,0.0,0.0,0.0,0.0,0.0,0.0,0.0,0.0,0.0,0.0,0.0,0.0,0.0,0.0,0.0,0.0,0.0,0.0,0.0,0.0,0.0,0.0,0.0,0.0,0.0,0.0,0.0,0.0,0.0,J,5
0.0,0.0,0.807018,0.013333,1.684211,0.293333,2.105263,0.733333,1.894737,1.12,1.701754,1.0,2.122807,1.36,1.877193,0.986667,1.684211,0.733333,1.385965,1.12,1.77193,1.44,1.526316,0.96,1.333333,0.64,1.070175,1.213333,1.45614,1.386667,1.22807,0.893333,1.017544,0.56,0.701754,1.293333,1.140351,1.746667,1.438596,2.013333,1.719298,2.266667,0,0,0.0,0.0,0.0,0.0,0.0,0.0,0.0,0.0,0.0,0.0,0.0,0.0,0.0,0.0,0.0,0.0,0.0,0.0,0.0,0.0,0.0,0.0,0.0,0.0,0.0,0.0,0.0,0.0,0.0,0.0,0.0,0.0,0.0,0.0,0.0,0.0,0.0,0.0,0.0,0.0,0.0,0.0,J,5
0.0,0.0,0.811321,-0.028986,1.773585,0.304348,2.301887,0.797101,2.018868,1.202899,1.830189,1.0,2.358491,1.347826,2.037736,0.956522,1.792453,0.724638,1.528302,1.173913,2.018868,1.507246,1.698113,1.028986,1.471698,0.73913,1.169811,1.304348,1.641509,1.507246,1.377358,0.971014,1.113208,0.637681,0.830189,1.42029,1.301887,1.869565,1.603774,2.15942,1.867925,2.434783,0,0,0.0,0.0,0.0,0.0,0.0,0.0,0.0,0.0,0.0,0.0,0.0,0.0,0.0,0.0,0.0,0.0,0.0,0.0,0.0,0.0,0.0,0.0,0.0,0.0,0.0,0.0,0.0,0.0,0.0,0.0,0.0,0.0,0.0,0.0,0.0,0.0,0.0,0.0,0.0,0.0,0.0,0.0,J,5
0.0,0.0,0.796296,-0.030303,1.722222,0.287879,2.222222,0.80303,2.0,1.257576,1.814815,1.0,2.296296,1.348485,1.981481,0.969697,1.740741,0.712121,1.518519,1.181818,1.944444,1.5,1.62963,1.015152,1.388889,0.712121,1.185185,1.333333,1.611111,1.530303,1.333333,1.0,1.092593,0.651515,0.814815,1.454545,1.296296,1.924242,1.574074,2.227273,1.851852,2.5,0,0,0.0,0.0,0.0,0.0,0.0,0.0,0.0,0.0,0.0,0.0,0.0,0.0,0.0,0.0,0.0,0.0,0.0,0.0,0.0,0.0,0.0,0.0,0.0,0.0,0.0,0.0,0.0,0.0,0.0,0.0,0.0,0.0,0.0,0.0,0.0,0.0,0.0,0.0,0.0,0.0,0.0,0.0,J,5
0.0,0.0,0.792453,-0.080645,1.735849,0.258065,2.226415,0.806452,2.018868,1.306452,1.849057,1.0,2.320755,1.33871,1.981132,0.967742,1.716981,0.709677,1.54717,1.209677,1.962264,1.532258,1.641509,1.048387,1.396226,0.725806,1.207547,1.370968,1.622642,1.596774,1.358491,1.032258,1.09434,0.66129,0.849057,1.516129,1.339623,1.983871,1.603774,2.290323,1.886792,2.596774,0,0,0.0,0.0,0.0,0.0,0.0,0.0,0.0,0.0,0.0,0.0,0.0,0.0,0.0,0.0,0.0,0.0,0.0,0.0,0.0,0.0,0.0,0.0,0.0,0.0,0.0,0.0,0.0,0.0,0.0,0.0,0.0,0.0,0.0,0.0,0.0,0.0,0.0,0.0,0.0,0.0,0.0,0.0,J,5
0.0,0.0,0.784314,-0.118644,1.823529,0.237288,2.352941,0.813559,2.098039,1.322034,1.941176,1.0,2.470588,1.305085,2.078431,0.915254,1.784314,0.677966,1.647059,1.237288,2.117647,1.576271,1.764706,1.067797,1.470588,0.745763,1.313725,1.423729,1.745098,1.644068,1.431373,1.067797,1.156863,0.677966,0.941176,1.59322,1.45098,2.067797,1.745098,2.372881,2.019608,2.677966,0,0,0.0,0.0,0.0,0.0,0.0,0.0,0.0,0.0,0.0,0.0,0.0,0.0,0.0,0.0,0.0,0.0,0.0,0.0,0.0,0.0,0.0,0.0,0.0,0.0,0.0,0.0,0.0,0.0,0.0,0.0,0.0,0.0,0.0,0.0,0.0,0.0,0.0,0.0,0.0,0.0,0.0,0.0,J,5
0.0,0.0,0.816327,-0.127273,1.857143,0.2,2.408163,0.836364,2.163265,1.4,1.979592,1.0,2.489796,1.290909,2.102041,0.909091,1.77551,0.654545,1.673469,1.272727,2.142857,1.6,1.755102,1.090909,1.469388,0.745455,1.346939,1.490909,1.77551,1.745455,1.469388,1.127273,1.163265,0.709091,0.979592,1.690909,1.489796,2.181818,1.795918,2.509091,2.081633,2.836364,0,0,0.0,0.0,0.0,0.0,0.0,0.0,0.0,0.0,0.0,0.0,0.0,0.0,0.0,0.0,0.0,0.0,0.0,0.0,0.0,0.0,0.0,0.0,0.0,0.0,0.0,0.0,0.0,0.0,0.0,0.0,0.0,0.0,0.0,0.0,0.0,0.0,0.0,0.0,0.0,0.0,0.0,0.0,J,5
0.0,0.0,0.826087,-0.176471,1.934783,0.176471,2.521739,0.843137,2.26087,1.431373,2.043478,1.0,2.608696,1.294118,2.173913,0.901961,1.847826,0.647059,1.76087,1.294118,2.26087,1.627451,1.804348,1.078431,1.434783,0.705882,1.413043,1.54902,1.913043,1.803922,1.543478,1.176471,1.195652,0.745098,1.043478,1.764706,1.586957,2.294118,1.913043,2.627451,2.217391,2.980392,0,0,0.0,0.0,0.0,0.0,0.0,0.0,0.0,0.0,0.0,0.0,0.0,0.0,0.0,0.0,0.0,0.0,0.0,0.0,0.0,0.0,0.0,0.0,0.0,0.0,0.0,0.0,0.0,0.0,0.0,0.0,0.0,0.0,0.0,0.0,0.0,0.0,0.0,0.0,0.0,0.0,0.0,0.0,J,5
0.0,0.0,0.822222,-0.18,1.977778,0.16,2.555556,0.84,2.311111,1.46,2.066667,1.0,2.622222,1.32,2.222222,0.92,1.866667,0.64,1.777778,1.3,2.288889,1.66,1.822222,1.1,1.444444,0.72,1.444444,1.56,1.955556,1.84,1.577778,1.2,1.2,0.78,1.066667,1.8,1.644444,2.3,1.977778,2.64,2.311111,3.0,0,0,0.0,0.0,0.0,0.0,0.0,0.0,0.0,0.0,0.0,0.0,0.0,0.0,0.0,0.0,0.0,0.0,0.0,0.0,0.0,0.0,0.0,0.0,0.0,0.0,0.0,0.0,0.0,0.0,0.0,0.0,0.0,0.0,0.0,0.0,0.0,0.0,0.0,0.0,0.0,0.0,0.0,0.0,J,5
0.0,0.0,0.818182,-0.183673,2.022727,0.204082,2.636364,0.877551,2.363636,1.489796,2.136364,1.0,2.681818,1.285714,2.25,0.897959,1.931818,0.673469,1.840909,1.326531,2.363636,1.673469,1.863636,1.122449,1.477273,0.755102,1.5,1.591837,2.022727,1.877551,1.636364,1.22449,1.272727,0.795918,1.136364,1.836735,1.704545,2.346939,2.045455,2.693878,2.386364,3.061224,0,0,0.0,0.0,0.0,0.0,0.0,0.0,0.0,0.0,0.0,0.0,0.0,0.0,0.0,0.0,0.0,0.0,0.0,0.0,0.0,0.0,0.0,0.0,0.0,0.0,0.0,0.0,0.0,0.0,0.0,0.0,0.0,0.0,0.0,0.0,0.0,0.0,0.0,0.0,0.0,0.0,0.0,0.0,J,5
0.0,0.0,0.818182,-0.244444,1.977273,0.133333,2.568182,0.911111,2.318182,1.6,2.113636,1.0,2.636364,1.355556,2.204545,0.955556,1.840909,0.666667,1.818182,1.377778,2.295455,1.755556,1.818182,1.177778,1.431818,0.755556,1.477273,1.666667,1.954545,2.0,1.590909,1.311111,1.227273,0.822222,1.113636,1.933333,1.659091,2.488889,2.0,2.844444,2.340909,3.222222,0,0,0.0,0.0,0.0,0.0,0.0,0.0,0.0,0.0,0.0,0.0,0.0,0.0,0.0,0.0,0.0,0.0,0.0,0.0,0.0,0.0,0.0,0.0,0.0,0.0,0.0,0.0,0.0,0.0,0.0,0.0,0.0,0.0,0.0,0.0,0.0,0.0,0.0,0.0,0.0,0.0,0.0,0.0,J,5
0.0,0.0,0.777778,-0.23913,1.933333,0.173913,2.511111,0.913043,2.266667,1.565217,2.088889,1.0,2.6,1.347826,2.222222,1.0,1.888889,0.695652,1.777778,1.347826,2.244444,1.76087,1.8,1.195652,1.422222,0.76087,1.444444,1.630435,1.888889,1.956522,1.511111,1.282609,1.155556,0.804348,1.088889,1.913043,1.622222,2.434783,1.933333,2.804348,2.266667,3.173913,0,0,0.0,0.0,0.0,0.0,0.0,0.0,0.0,0.0,0.0,0.0,0.0,0.0,0.0,0.0,0.0,0.0,0.0,0.0,0.0,0.0,0.0,0.0,0.0,0.0,0.0,0.0,0.0,0.0,0.0,0.0,0.0,0.0,0.0,0.0,0.0,0.0,0.0,0.0,0.0,0.0,0.0,0.0,J,5
0.0,0.0,0.772727,-0.234043,1.954545,0.148936,2.568182,0.893617,2.295455,1.489362,2.113636,1.0,2.659091,1.340426,2.204545,0.957447,1.818182,0.659574,1.818182,1.340426,2.318182,1.744681,1.863636,1.191489,1.5,0.765957,1.477273,1.617021,1.909091,1.893617,1.568182,1.234043,1.204545,0.765957,1.113636,1.87234,1.659091,2.404255,2.0,2.744681,2.318182,3.12766,0,0,0.0,0.0,0.0,0.0,0.0,0.0,0.0,0.0,0.0,0.0,0.0,0.0,0.0,0.0,0.0,0.0,0.0,0.0,0.0,0.0,0.0,0.0,0.0,0.0,0.0,0.0,0.0,0.0,0.0,0.0,0.0,0.0,0.0,0.0,0.0,0.0,0.0,0.0,0.0,0.0,0.0,0.0,J,5
0.0,0.0,0.782609,-0.204082,1.869565,0.183673,2.434783,0.877551,2.217391,1.469388,2.021739,1.0,2.5,1.326531,2.108696,0.979592,1.73913,0.693878,1.717391,1.326531,2.152174,1.673469,1.717391,1.122449,1.347826,0.714286,1.369565,1.571429,1.782609,1.836735,1.456522,1.204082,1.108696,0.734694,1.021739,1.816327,1.565217,2.346939,1.891304,2.693878,2.173913,3.061224,0,0,0.0,0.0,0.0,0.0,0.0,0.0,0.0,0.0,0.0,0.0,0.0,0.0,0.0,0.0,0.0,0.0,0.0,0.0,0.0,0.0,0.0,0.0,0.0,0.0,0.0,0.0,0.0,0.0,0.0,0.0,0.0,0.0,0.0,0.0,0.0,0.0,0.0,0.0,0.0,0.0,0.0,0.0,J,5
0.0,0.0,0.782609,-0.145455,1.869565,0.181818,2.434783,0.781818,2.195652,1.309091,1.978261,1.0,2.434783,1.309091,2.086957,0.981818,1.782609,0.727273,1.652174,1.254545,2.108696,1.545455,1.652174,0.981818,1.26087,0.581818,1.326087,1.454545,1.76087,1.654545,1.434783,1.072727,1.108696,0.654545,0.978261,1.636364,1.521739,2.127273,1.847826,2.472727,2.152174,2.8,0,0,0.0,0.0,0.0,0.0,0.0,0.0,0.0,0.0,0.0,0.0,0.0,0.0,0.0,0.0,0.0,0.0,0.0,0.0,0.0,0.0,0.0,0.0,0.0,0.0,0.0,0.0,0.0,0.0,0.0,0.0,0.0,0.0,0.0,0.0,0.0,0.0,0.0,0.0,0.0,0.0,0.0,0.0,J,5
0.0,0.0,0.808511,-0.142857,1.851064,0.190476,2.404255,0.68254,2.12766,1.111111,1.914894,1.0,2.404255,1.269841,2.021277,0.873016,1.723404,0.619048,1.574468,1.174603,2.085106,1.412698,1.659574,0.873016,1.319149,0.555556,1.255319,1.31746,1.744681,1.460317,1.446809,0.888889,1.12766,0.539683,0.914894,1.428571,1.446809,1.920635,1.744681,2.253968,2.021277,2.571429,0,0,0.0,0.0,0.0,0.0,0.0,0.0,0.0,0.0,0.0,0.0,0.0,0.0,0.0,0.0,0.0,0.0,0.0,0.0,0.0,0.0,0.0,0.0,0.0,0.0,0.0,0.0,0.0,0.0,0.0,0.0,0.0,0.0,0.0,0.0,0.0,0.0,0.0,0.0,0.0,0.0,0.0,0.0,J,5
0.0,0.0,0.869565,-0.119403,1.913043,0.208955,2.5,0.671642,2.108696,1.029851,1.934783,1.0,2.456522,1.238806,2.065217,0.820896,1.73913,0.567164,1.608696,1.149254,2.130435,1.373134,1.73913,0.865672,1.413043,0.552239,1.26087,1.268657,1.76087,1.373134,1.478261,0.820896,1.152174,0.477612,0.934783,1.358209,1.456522,1.820896,1.73913,2.149254,2.0,2.447761,0,0,0.0,0.0,0.0,0.0,0.0,0.0,0.0,0.0,0.0,0.0,0.0,0.0,0.0,0.0,0.0,0.0,0.0,0.0,0.0,0.0,0.0,0.0,0.0,0.0,0.0,0.0,0.0,0.0,0.0,0.0,0.0,0.0,0.0,0.0,0.0,0.0,0.0,0.0,0.0,0.0,0.0,0.0,J,5
0.0,0.0,0.954545,-0.059524,2.022727,0.202381,2.659091,0.535714,2.272727,0.761905,1.886364,1.0,2.522727,1.095238,2.181818,0.72619,1.886364,0.535714,1.5,1.083333,2.181818,1.130952,1.818182,0.666667,1.5,0.428571,1.159091,1.119048,1.840909,1.083333,1.613636,0.630952,1.340909,0.380952,0.886364,1.107143,1.477273,1.452381,1.818182,1.702381,2.068182,1.952381,0,0,0.0,0.0,0.0,0.0,0.0,0.0,0.0,0.0,0.0,0.0,0.0,0.0,0.0,0.0,0.0,0.0,0.0,0.0,0.0,0.0,0.0,0.0,0.0,0.0,0.0,0.0,0.0,0.0,0.0,0.0,0.0,0.0,0.0,0.0,0.0,0.0,0.0,0.0,0.0,0.0,0.0,0.0,J,5
0.0,0.0,1.125,-0.021739,2.275,0.217391,2.975,0.51087,2.5,0.684783,1.975,1.0,2.775,1.0,2.425,0.630435,2.075,0.467391,1.55,1.065217,2.4,0.98913,2.05,0.543478,1.7,0.358696,1.225,1.076087,2.1,0.967391,1.875,0.554348,1.55,0.336957,0.975,1.032609,1.65,1.326087,2.0,1.554348,2.225,1.76087,0,0,0.0,0.0,0.0,0.0,0.0,0.0,0.0,0.0,0.0,0.0,0.0,0.0,0.0,0.0,0.0,0.0,0.0,0.0,0.0,0.0,0.0,0.0,0.0,0.0,0.0,0.0,0.0,0.0,0.0,0.0,0.0,0.0,0.0,0.0,0.0,0.0,0.0,0.0,0.0,0.0,0.0,0.0,J,5
0.0,0.0,1.125,0.039216,2.2,0.235294,2.875,0.45098,2.55,0.607843,1.675,1.0,2.6,0.95098,2.325,0.607843,2.025,0.460784,1.25,1.029412,2.275,0.911765,2.0,0.5,1.7,0.333333,0.9,0.970588,1.975,0.852941,1.825,0.480392,1.55,0.294118,0.675,0.852941,1.425,1.107843,1.825,1.323529,2.15,1.529412,0,0,0.0,0.0,0.0,0.0,0.0,0.0,0.0,0.0,0.0,0.0,0.0,0.0,0.0,0.0,0.0,0.0,0.0,0.0,0.0,0.0,0.0,0.0,0.0,0.0,0.0,0.0,0.0,0.0,0.0,0.0,0.0,0.0,0.0,0.0,0.0,0.0,0.0,0.0,0.0,0.0,0.0,0.0,J,5
0.0,0.0,1.068182,0.063063,1.954545,0.252252,2.522727,0.423423,2.340909,0.567568,1.431818,1.0,2.295455,0.90991,2.068182,0.603604,1.795455,0.468468,1.0,1.0,2.022727,0.828829,1.795455,0.468468,1.590909,0.333333,0.659091,0.90991,1.727273,0.720721,1.590909,0.387387,1.340909,0.225225,0.431818,0.738739,1.204545,0.936937,1.613636,1.126126,1.954545,1.306306,0,0,0.0,0.0,0.0,0.0,0.0,0.0,0.0,0.0,0.0,0.0,0.0,0.0,0.0,0.0,0.0,0.0,0.0,0.0,0.0,0.0,0.0,0.0,0.0,0.0,0.0,0.0,0.0,0.0,0.0,0.0,0.0,0.0,0.0,0.0,0.0,0.0,0.0,0.0,0.0,0.0,0.0,0.0,J,5
0.0,0.0,1.116279,0.072072,1.953488,0.261261,2.511628,0.405405,2.44186,0.54955,1.372093,1.0,2.325581,0.882883,2.139535,0.603604,1.837209,0.477477,0.930233,0.972973,2.069767,0.765766,1.860465,0.441441,1.581395,0.297297,0.581395,0.846847,1.744186,0.63964,1.581395,0.315315,1.325581,0.162162,0.372093,0.63964,1.116279,0.792793,1.534884,0.954955,1.930233,1.126126,0,0,0.0,0.0,0.0,0.0,0.0,0.0,0.0,0.0,0.0,0.0,0.0,0.0,0.0,0.0,0.0,0.0,0.0,0.0,0.0,0.0,0.0,0.0,0.0,0.0,0.0,0.0,0.0,0.0,0.0,0.0,0.0,0.0,0.0,0.0,0.0,0.0,0.0,0.0,0.0,0.0,0.0,0.0,J,5
0.0,0.0,1.5625,0.06422,2.625,0.247706,3.375,0.376147,3.5625,0.513761,1.59375,1.0,3.125,0.899083,2.96875,0.587156,2.59375,0.422018,1.0625,0.963303,2.9375,0.761468,2.65625,0.422018,2.25,0.275229,0.75,0.807339,2.53125,0.59633,2.3125,0.284404,1.90625,0.137615,0.59375,0.587156,1.71875,0.706422,2.34375,0.87156,2.90625,1.036697,0,0,0.0,0.0,0.0,0.0,0.0,0.0,0.0,0.0,0.0,0.0,0.0,0.0,0.0,0.0,0.0,0.0,0.0,0.0,0.0,0.0,0.0,0.0,0.0,0.0,0.0,0.0,0.0,0.0,0.0,0.0,0.0,0.0,0.0,0.0,0.0,0.0,0.0,0.0,0.0,0.0,0.0,0.0,J,5
0.0,0.0,2.076923,0.079646,3.423077,0.256637,4.423077,0.353982,4.769231,0.424779,1.961538,1.0,4.192308,0.911504,4.192308,0.575221,3.730769,0.415929,1.423077,0.929204,3.923077,0.778761,3.730769,0.433628,3.230769,0.283186,1.076923,0.761062,3.5,0.60177,3.230769,0.336283,2.653846,0.212389,0.961538,0.504425,2.923077,0.513274,3.576923,0.486726,3.884615,0.495575,0,0,0.0,0.0,0.0,0.0,0.0,0.0,0.0,0.0,0.0,0.0,0.0,0.0,0.0,0.0,0.0,0.0,0.0,0.0,0.0,0.0,0.0,0.0,0.0,0.0,0.0,0.0,0.0,0.0,0.0,0.0,0.0,0.0,0.0,0.0,0.0,0.0,0.0,0.0,0.0,0.0,0.0,0.0,J,5
0.0,0.0,3.470588,0.107143,5.588235,0.294643,7.235294,0.401786,7.705882,0.455357,3.117647,1.0,6.705882,0.901786,6.823529,0.589286,6.235294,0.428571,2.411765,0.928571,6.411765,0.767857,6.235294,0.428571,5.352941,0.285714,2.058824,0.776786,5.823529,0.607143,5.470588,0.339286,4.647059,0.223214,2.117647,0.553571,5.352941,0.455357,5.117647,0.285714,4.352941,0.196429,0,0,0.0,0.0,0.0,0.0,0.0,0.0,0.0,0.0,0.0,0.0,0.0,0.0,0.0,0.0,0.0,0.0,0.0,0.0,0.0,0.0,0.0,0.0,0.0,0.0,0.0,0.0,0.0,0.0,0.0,0.0,0.0,0.0,0.0,0.0,0.0,0.0,0.0,0.0,0.0,0.0,0.0,0.0,J,5
0.0,0.0,5.363636,0.105263,8.454545,0.298246,11.090909,0.412281,12.454545,0.45614,4.818182,1.0,10.909091,0.894737,10.636364,0.631579,9.272727,0.535088,3.909091,0.894737,10.636364,0.72807,9.909091,0.464912,8.272727,0.421053,3.636364,0.701754,10.090909,0.552632,9.181818,0.333333,7.454545,0.298246,3.818182,0.447368,9.181818,0.403509,8.818182,0.263158,7.636364,0.219298,0,0,0.0,0.0,0.0,0.0,0.0,0.0,0.0,0.0,0.0,0.0,0.0,0.0,0.0,0.0,0.0,0.0,0.0,0.0,0.0,0.0,0.0,0.0,0.0,0.0,0.0,0.0,0.0,0.0,0.0,0.0,0.0,0.0,0.0,0.0,0.0,0.0,0.0,0.0,0.0,0.0,0.0,0.0,J,5
0.0,0.0,12.0,0.140351,19.4,0.333333,25.4,0.438596,27.8,0.473684,10.0,1.0,23.2,0.947368,23.2,0.684211,20.4,0.596491,8.0,0.877193,22.8,0.780702,22.2,0.535088,18.8,0.482456,7.8,0.675439,22.0,0.596491,21.6,0.403509,18.6,0.359649,9.0,0.429825,20.2,0.403509,22.8,0.324561,23.4,0.307018,0,0,0.0,0.0,0.0,0.0,0.0,0.0,0.0,0.0,0.0,0.0,0.0,0.0,0.0,0.0,0.0,0.0,0.0,0.0,0.0,0.0,0.0,0.0,0.0,0.0,0.0,0.0,0.0,0.0,0.0,0.0,0.0,0.0,0.0,0.0,0.0,0.0,0.0,0.0,0.0,0.0,0.0,0.0,J,5
0.0,0.0,37.0,0.345455,80.0,0.536364,125.0,0.518182,145.0,0.390909,50.0,1.0,119.0,0.954545,126.0,0.681818,117.0,0.590909,45.0,0.8,121.0,0.681818,122.0,0.445455,110.0,0.363636,45.0,0.536364,117.0,0.436364,117.0,0.272727,107.0,0.218182,51.0,0.254545,104.0,0.218182,131.0,0.172727,151.0,0.163636,0,0,0.0,0.0,0.0,0.0,0.0,0.0,0.0,0.0,0.0,0.0,0.0,0.0,0.0,0.0,0.0,0.0,0.0,0.0,0.0,0.0,0.0,0.0,0.0,0.0,0.0,0.0,0.0,0.0,0.0,0.0,0.0,0.0,0.0,0.0,0.0,0.0,0.0,0.0,0.0,0.0,0.0,0.0,J,5
0.0,0.0,3.222222,0.394495,8.111111,0.623853,13.444444,0.623853,16.222222,0.504587,5.111111,1.0,13.111111,0.963303,13.666667,0.706422,12.222222,0.614679,5.0,0.779817,13.333333,0.669725,13.0,0.440367,11.222222,0.376147,5.333333,0.504587,13.0,0.422018,12.666667,0.256881,11.111111,0.201835,6.111111,0.211009,11.777778,0.192661,14.666667,0.137615,16.777778,0.100917,0,0,0.0,0.0,0.0,0.0,0.0,0.0,0.0,0.0,0.0,0.0,0.0,0.0,0.0,0.0,0.0,0.0,0.0,0.0,0.0,0.0,0.0,0.0,0.0,0.0,0.0,0.0,0.0,0.0,0.0,0.0,0.0,0.0,0.0,0.0,0.0,0.0,0.0,0.0,0.0,0.0,0.0,0.0,J,5
0.0,0.0,2.5,0.415094,6.166667,0.622642,10.166667,0.622642,12.25,0.5,3.833333,1.0,9.916667,0.962264,10.25,0.716981,8.916667,0.632075,3.833333,0.764151,10.083333,0.660377,9.666667,0.45283,8.083333,0.415094,4.25,0.471698,10.0,0.415094,9.416667,0.273585,8.0,0.245283,4.833333,0.169811,8.916667,0.103774,11.25,0.04717,13.083333,0.009434,0,0,0.0,0.0,0.0,0.0,0.0,0.0,0.0,0.0,0.0,0.0,0.0,0.0,0.0,0.0,0.0,0.0,0.0,0.0,0.0,0.0,0.0,0.0,0.0,0.0,0.0,0.0,0.0,0.0,0.0,0.0,0.0,0.0,0.0,0.0,0.0,0.0,0.0,0.0,0.0,0.0,0.0,0.0,J,5
0.0,0.0,4.125,0.403846,10.125,0.634615,16.125,0.663462,17.625,0.509615,6.0,1.0,14.875,0.951923,15.0,0.711538,12.875,0.644231,5.75,0.759615,15.125,0.644231,14.25,0.442308,12.0,0.413462,6.25,0.461538,15.0,0.384615,14.125,0.25,11.875,0.230769,7.0,0.153846,13.375,0.076923,17.125,0.009615,20.0,-0.038462,0,0,0.0,0.0,0.0,0.0,0.0,0.0,0.0,0.0,0.0,0.0,0.0,0.0,0.0,0.0,0.0,0.0,0.0,0.0,0.0,0.0,0.0,0.0,0.0,0.0,0.0,0.0,0.0,0.0,0.0,0.0,0.0,0.0,0.0,0.0,0.0,0.0,0.0,0.0,0.0,0.0,0.0,0.0,J,5
0.0,0.0,3.0,0.474227,7.8,0.721649,12.9,0.721649,14.7,0.494845,5.1,1.0,12.1,0.979381,12.2,0.721649,10.4,0.639175,5.2,0.742268,12.8,0.649485,11.9,0.412371,9.8,0.391753,5.6,0.42268,12.7,0.360825,11.6,0.237113,9.5,0.237113,6.1,0.103093,11.4,-0.020619,14.6,-0.092784,17.0,-0.154639,0,0,0.0,0.0,0.0,0.0,0.0,0.0,0.0,0.0,0.0,0.0,0.0,0.0,0.0,0.0,0.0,0.0,0.0,0.0,0.0,0.0,0.0,0.0,0.0,0.0,0.0,0.0,0.0,0.0,0.0,0.0,0.0,0.0,0.0,0.0,0.0,0.0,0.0,0.0,0.0,0.0,0.0,0.0,J,5
0.0,0.0,1.866667,0.478261,5.133333,0.73913,8.533333,0.75,9.733333,0.5,3.2,1.0,7.933333,1.01087,7.866667,0.73913,6.666667,0.641304,3.4,0.706522,8.466667,0.652174,7.933333,0.413043,6.533333,0.358696,3.8,0.369565,8.533333,0.336957,8.066667,0.217391,6.866667,0.206522,4.2,0.032609,7.666667,-0.076087,9.8,-0.173913,11.466667,-0.23913,0,0,0.0,0.0,0.0,0.0,0.0,0.0,0.0,0.0,0.0,0.0,0.0,0.0,0.0,0.0,0.0,0.0,0.0,0.0,0.0,0.0,0.0,0.0,0.0,0.0,0.0,0.0,0.0,0.0,0.0,0.0,0.0,0.0,0.0,0.0,0.0,0.0,0.0,0.0,0.0,0.0,0.0,0.0,J,5
0.0,0.0,1.866667,0.47191,5.133333,0.752809,8.6,0.741573,9.6,0.494382,3.333333,1.0,8.066667,1.0,7.866667,0.730337,6.6,0.640449,3.533333,0.685393,8.533333,0.640449,8.066667,0.404494,6.8,0.348315,3.933333,0.348315,8.533333,0.314607,8.0,0.191011,6.733333,0.191011,4.333333,0.011236,8.0,-0.123596,10.066667,-0.235955,11.733333,-0.314607,0,0,0.0,0.0,0.0,0.0,0.0,0.0,0.0,0.0,0.0,0.0,0.0,0.0,0.0,0.0,0.0,0.0,0.0,0.0,0.0,0.0,0.0,0.0,0.0,0.0,0.0,0.0,0.0,0.0,0.0,0.0,0.0,0.0,0.0,0.0,0.0,0.0,0.0,0.0,0.0,0.0,0.0,0.0,J,5
0.0,0.0,1.8125,0.488372,4.9375,0.77907,8.125,0.767442,8.875,0.488372,3.1875,1.0,7.625,1.0,7.25,0.755814,6.0,0.686047,3.375,0.686047,7.9375,0.639535,7.4375,0.418605,6.25,0.360465,3.75,0.325581,8.0625,0.313953,7.4375,0.186047,6.25,0.162791,4.1875,-0.011628,7.5,-0.151163,9.4375,-0.267442,11.0,-0.360465,0,0,0.0,0.0,0.0,0.0,0.0,0.0,0.0,0.0,0.0,0.0,0.0,0.0,0.0,0.0,0.0,0.0,0.0,0.0,0.0,0.0,0.0,0.0,0.0,0.0,0.0,0.0,0.0,0.0,0.0,0.0,0.0,0.0,0.0,0.0,0.0,0.0,0.0,0.0,0.0,0.0,0.0,0.0,J,5
0.0,0.0,1.444444,0.493827,4.111111,0.790123,6.833333,0.777778,7.777778,0.530864,2.666667,1.0,6.611111,1.012346,6.333333,0.765432,5.222222,0.666667,2.833333,0.654321,6.888889,0.641975,6.444444,0.432099,5.5,0.345679,3.222222,0.283951,7.055556,0.296296,6.5,0.17284,5.444444,0.123457,3.666667,-0.061728,6.611111,-0.197531,8.333333,-0.320988,9.666667,-0.407407,0,0,0.0,0.0,0.0,0.0,0.0,0.0,0.0,0.0,0.0,0.0,0.0,0.0,0.0,0.0,0.0,0.0,0.0,0.0,0.0,0.0,0.0,0.0,0.0,0.0,0.0,0.0,0.0,0.0,0.0,0.0,0.0,0.0,0.0,0.0,0.0,0.0,0.0,0.0,0.0,0.0,0.0,0.0,J,5
0.0,0.0,1.210526,0.506494,3.526316,0.818182,5.947368,0.831169,7.0,0.623377,2.368421,1.0,6.105263,1.025974,5.842105,0.779221,4.736842,0.675325,2.578947,0.649351,6.421053,0.675325,6.0,0.454545,5.0,0.363636,2.947368,0.272727,6.526316,0.311688,5.947368,0.181818,4.842105,0.142857,3.368421,-0.090909,6.157895,-0.220779,7.842105,-0.337662,9.105263,-0.428571,0,0,0.0,0.0,0.0,0.0,0.0,0.0,0.0,0.0,0.0,0.0,0.0,0.0,0.0,0.0,0.0,0.0,0.0,0.0,0.0,0.0,0.0,0.0,0.0,0.0,0.0,0.0,0.0,0.0,0.0,0.0,0.0,0.0,0.0,0.0,0.0,0.0,0.0,0.0,0.0,0.0,0.0,0.0,J,5
0.0,0.0,0.833333,0.533333,2.625,0.88,4.583333,0.92,5.5,0.746667,1.791667,1.0,4.791667,1.08,4.458333,0.826667,3.541667,0.706667,2.083333,0.626667,5.0,0.733333,4.625,0.52,3.791667,0.413333,2.416667,0.24,5.125,0.36,4.625,0.226667,3.708333,0.16,2.791667,-0.106667,5.0,-0.213333,6.25,-0.333333,7.291667,-0.413333,0,0,0.0,0.0,0.0,0.0,0.0,0.0,0.0,0.0,0.0,0.0,0.0,0.0,0.0,0.0,0.0,0.0,0.0,0.0,0.0,0.0,0.0,0.0,0.0,0.0,0.0,0.0,0.0,0.0,0.0,0.0,0.0,0.0,0.0,0.0,0.0,0.0,0.0,0.0,0.0,0.0,0.0,0.0,J,5
0.0,0.0,0.863636,0.541667,2.818182,0.916667,5.045455,0.986111,6.045455,0.791667,2.136364,1.0,5.409091,1.083333,5.0,0.847222,4.045455,0.75,2.409091,0.611111,5.636364,0.722222,5.090909,0.541667,4.227273,0.444444,2.818182,0.208333,5.727273,0.361111,5.136364,0.263889,4.136364,0.208333,3.136364,-0.125,5.636364,-0.222222,7.090909,-0.347222,8.272727,-0.416667,0,0,0.0,0.0,0.0,0.0,0.0,0.0,0.0,0.0,0.0,0.0,0.0,0.0,0.0,0.0,0.0,0.0,0.0,0.0,0.0,0.0,0.0,0.0,0.0,0.0,0.0,0.0,0.0,0.0,0.0,0.0,0.0,0.0,0.0,0.0,0.0,0.0,0.0,0.0,0.0,0.0,0.0,0.0,J,5
0.0,0.0,0.52,0.626866,2.0,1.014925,3.64,1.059701,4.72,0.850746,2.08,1.0,4.96,1.119403,4.52,0.970149,3.64,0.865672,2.48,0.567164,5.08,0.776119,4.52,0.686567,3.88,0.58209,2.8,0.164179,5.24,0.447761,4.64,0.41791,3.8,0.358209,3.08,-0.134328,5.12,-0.179104,6.44,-0.253731,7.6,-0.313433,0,0,0.0,0.0,0.0,0.0,0.0,0.0,0.0,0.0,0.0,0.0,0.0,0.0,0.0,0.0,0.0,0.0,0.0,0.0,0.0,0.0,0.0,0.0,0.0,0.0,0.0,0.0,0.0,0.0,0.0,0.0,0.0,0.0,0.0,0.0,0.0,0.0,0.0,0.0,0.0,0.0,0.0,0.0,J,5
0.0,0.0,0.52,0.626866,2.0,1.0,3.56,1.0,4.56,0.776119,2.16,1.0,4.88,1.119403,4.32,1.0,3.56,0.895522,2.52,0.537313,5.12,0.776119,4.48,0.716418,3.76,0.597015,2.88,0.149254,5.24,0.432836,4.6,0.432836,3.8,0.373134,3.16,-0.134328,5.2,-0.149254,6.44,-0.208955,7.6,-0.268657,0,0,0.0,0.0,0.0,0.0,0.0,0.0,0.0,0.0,0.0,0.0,0.0,0.0,0.0,0.0,0.0,0.0,0.0,0.0,0.0,0.0,0.0,0.0,0.0,0.0,0.0,0.0,0.0,0.0,0.0,0.0,0.0,0.0,0.0,0.0,0.0,0.0,0.0,0.0,0.0,0.0,0.0,0.0,J,5
0.0,0.0,0.565217,0.71875,2.26087,1.09375,3.913043,1.125,5.0,0.953125,2.565217,1.0,5.347826,1.171875,4.652174,1.09375,3.869565,1.0,3.0,0.53125,5.608696,0.8125,4.869565,0.8125,4.086957,0.6875,3.347826,0.15625,5.73913,0.46875,5.043478,0.53125,4.217391,0.46875,3.565217,-0.109375,5.73913,-0.09375,7.086957,-0.125,8.217391,-0.1875,0,0,0.0,0.0,0.0,0.0,0.0,0.0,0.0,0.0,0.0,0.0,0.0,0.0,0.0,0.0,0.0,0.0,0.0,0.0,0.0,0.0,0.0,0.0,0.0,0.0,0.0,0.0,0.0,0.0,0.0,0.0,0.0,0.0,0.0,0.0,0.0,0.0,0.0,0.0,0.0,0.0,0.0,0.0,J,5
0.0,0.0,0.714286,0.789474,2.571429,1.22807,4.428571,1.368421,5.619048,1.280702,3.047619,1.0,5.857143,1.280702,5.095238,1.263158,4.238095,1.140351,3.52381,0.491228,6.238095,0.877193,5.333333,0.912281,4.52381,0.807018,3.809524,0.105263,6.285714,0.491228,5.571429,0.596491,4.666667,0.54386,4.047619,-0.140351,6.380952,-0.105263,7.809524,-0.105263,9.047619,-0.175439,0,0,0.0,0.0,0.0,0.0,0.0,0.0,0.0,0.0,0.0,0.0,0.0,0.0,0.0,0.0,0.0,0.0,0.0,0.0,0.0,0.0,0.0,0.0,0.0,0.0,0.0,0.0,0.0,0.0,0.0,0.0,0.0,0.0,0.0,0.0,0.0,0.0,0.0,0.0,0.0,0.0,0.0,0.0,J,5
0.0,0.0,0.789474,0.8,2.684211,1.254545,4.578947,1.363636,5.842105,1.218182,3.368421,1.0,6.368421,1.272727,5.526316,1.290909,4.631579,1.181818,3.842105,0.490909,6.736842,0.872727,5.842105,0.945455,4.947368,0.854545,4.157895,0.072727,6.842105,0.472727,6.105263,0.618182,5.157895,0.6,4.368421,-0.181818,6.842105,-0.109091,8.315789,-0.090909,9.578947,-0.145455,0,0,0.0,0.0,0.0,0.0,0.0,0.0,0.0,0.0,0.0,0.0,0.0,0.0,0.0,0.0,0.0,0.0,0.0,0.0,0.0,0.0,0.0,0.0,0.0,0.0,0.0,0.0,0.0,0.0,0.0,0.0,0.0,0.0,0.0,0.0,0.0,0.0,0.0,0.0,0.0,0.0,0.0,0.0,J,5
0.0,0.0,0.777778,0.814815,2.777778,1.314815,4.777778,1.462963,6.111111,1.37037,3.555556,1.0,6.666667,1.296296,5.777778,1.314815,4.888889,1.222222,4.055556,0.5,7.0,0.888889,6.111111,0.962963,5.222222,0.87037,4.333333,0.092593,7.111111,0.518519,6.333333,0.62963,5.388889,0.611111,4.555556,-0.185185,7.166667,-0.074074,8.777778,-0.037037,10.111111,-0.074074,0,0,0.0,0.0,0.0,0.0,0.0,0.0,0.0,0.0,0.0,0.0,0.0,0.0,0.0,0.0,0.0,0.0,0.0,0.0,0.0,0.0,0.0,0.0,0.0,0.0,0.0,0.0,0.0,0.0,0.0,0.0,0.0,0.0,0.0,0.0,0.0,0.0,0.0,0.0,0.0,0.0,0.0,0.0,J,5
0.0,0.0,0.684211,0.818182,2.578947,1.327273,4.473684,1.472727,5.736842,1.345455,3.368421,1.0,6.263158,1.290909,5.368421,1.290909,4.473684,1.181818,3.842105,0.490909,6.578947,0.872727,5.631579,0.945455,4.842105,0.854545,4.157895,0.090909,6.631579,0.509091,5.894737,0.636364,5.0,0.6,4.368421,-0.163636,6.789474,-0.036364,8.263158,0.018182,9.473684,-0.018182,0,0,0.0,0.0,0.0,0.0,0.0,0.0,0.0,0.0,0.0,0.0,0.0,0.0,0.0,0.0,0.0,0.0,0.0,0.0,0.0,0.0,0.0,0.0,0.0,0.0,0.0,0.0,0.0,0.0,0.0,0.0,0.0,0.0,0.0,0.0,0.0,0.0,0.0,0.0,0.0,0.0,0.0,0.0,J,5
0.0,0.0,0.722222,0.789474,2.722222,1.280702,4.666667,1.421053,5.944444,1.315789,3.555556,1.0,6.611111,1.280702,5.611111,1.263158,4.666667,1.157895,4.055556,0.508772,6.888889,0.877193,5.888889,0.929825,5.055556,0.824561,4.333333,0.105263,6.944444,0.526316,6.166667,0.596491,5.222222,0.54386,4.555556,-0.157895,7.111111,-0.017544,8.666667,0.035088,9.944444,0.017544,0,0,0.0,0.0,0.0,0.0,0.0,0.0,0.0,0.0,0.0,0.0,0.0,0.0,0.0,0.0,0.0,0.0,0.0,0.0,0.0,0.0,0.0,0.0,0.0,0.0,0.0,0.0,0.0,0.0,0.0,0.0,0.0,0.0,0.0,0.0,0.0,0.0,0.0,0.0,0.0,0.0,0.0,0.0,J,5
0.0,0.0,0.571429,0.793103,2.238095,1.258621,3.904762,1.362069,5.047619,1.224138,2.904762,1.0,5.571429,1.293103,4.761905,1.258621,3.952381,1.155172,3.380952,0.517241,5.857143,0.913793,5.047619,0.913793,4.285714,0.810345,3.666667,0.12069,5.904762,0.568966,5.285714,0.62069,4.47619,0.551724,3.904762,-0.137931,6.095238,0.017241,7.428571,0.068966,8.52381,0.051724,0,0,0.0,0.0,0.0,0.0,0.0,0.0,0.0,0.0,0.0,0.0,0.0,0.0,0.0,0.0,0.0,0.0,0.0,0.0,0.0,0.0,0.0,0.0,0.0,0.0,0.0,0.0,0.0,0.0,0.0,0.0,0.0,0.0,0.0,0.0,0.0,0.0,0.0,0.0,0.0,0.0,0.0,0.0,J,5
0.0,0.0,0.631579,0.789474,2.421053,1.280702,4.210526,1.421053,5.473684,1.315789,3.315789,1.0,6.157895,1.333333,5.263158,1.298246,4.368421,1.175439,3.789474,0.526316,6.526316,0.947368,5.631579,0.964912,4.789474,0.842105,4.105263,0.122807,6.578947,0.596491,5.842105,0.649123,5.0,0.578947,4.315789,-0.140351,6.736842,0.035088,8.210526,0.105263,9.473684,0.087719,0,0,0.0,0.0,0.0,0.0,0.0,0.0,0.0,0.0,0.0,0.0,0.0,0.0,0.0,0.0,0.0,0.0,0.0,0.0,0.0,0.0,0.0,0.0,0.0,0.0,0.0,0.0,0.0,0.0,0.0,0.0,0.0,0.0,0.0,0.0,0.0,0.0,0.0,0.0,0.0,0.0,0.0,0.0,J,5
0.0,0.0,0.684211,0.779661,2.526316,1.254237,4.315789,1.372881,5.526316,1.237288,3.368421,1.0,6.210526,1.271186,5.315789,1.254237,4.421053,1.135593,3.842105,0.525424,6.526316,0.915254,5.631579,0.932203,4.789474,0.813559,4.157895,0.135593,6.578947,0.559322,5.842105,0.627119,5.0,0.542373,4.368421,-0.118644,6.789474,0.033898,8.263158,0.101695,9.526316,0.084746,0,0,0.0,0.0,0.0,0.0,0.0,0.0,0.0,0.0,0.0,0.0,0.0,0.0,0.0,0.0,0.0,0.0,0.0,0.0,0.0,0.0,0.0,0.0,0.0,0.0,0.0,0.0,0.0,0.0,0.0,0.0,0.0,0.0,0.0,0.0,0.0,0.0,0.0,0.0,0.0,0.0,0.0,0.0,J,5
0.0,0.0,0.52381,0.779661,2.142857,1.254237,3.761905,1.389831,4.857143,1.288136,2.904762,1.0,5.571429,1.305085,4.761905,1.271186,3.952381,1.152542,3.333333,0.525424,5.857143,0.949153,5.047619,0.949153,4.285714,0.847458,3.619048,0.135593,5.904762,0.59322,5.285714,0.644068,4.52381,0.576271,3.904762,-0.118644,6.095238,0.050847,7.47619,0.118644,8.619048,0.118644,0,0,0.0,0.0,0.0,0.0,0.0,0.0,0.0,0.0,0.0,0.0,0.0,0.0,0.0,0.0,0.0,0.0,0.0,0.0,0.0,0.0,0.0,0.0,0.0,0.0,0.0,0.0,0.0,0.0,0.0,0.0,0.0,0.0,0.0,0.0,0.0,0.0,0.0,0.0,0.0,0.0,0.0,0.0,J,5
0.0,0.0,0.571429,0.766667,2.190476,1.233333,3.857143,1.366667,5.0,1.283333,2.952381,1.0,5.619048,1.3,4.809524,1.266667,4.0,1.15,3.428571,0.533333,5.952381,0.933333,5.142857,0.95,4.380952,0.833333,3.714286,0.15,6.0,0.6,5.333333,0.65,4.571429,0.583333,3.952381,-0.1,6.190476,0.066667,7.571429,0.133333,8.714286,0.133333,0,0,0.0,0.0,0.0,0.0,0.0,0.0,0.0,0.0,0.0,0.0,0.0,0.0,0.0,0.0,0.0,0.0,0.0,0.0,0.0,0.0,0.0,0.0,0.0,0.0,0.0,0.0,0.0,0.0,0.0,0.0,0.0,0.0,0.0,0.0,0.0,0.0,0.0,0.0,0.0,0.0,0.0,0.0,J,5
0.0,0.0,0.619048,0.779661,2.285714,1.254237,3.952381,1.389831,5.047619,1.271186,2.952381,1.0,5.571429,1.305085,4.761905,1.271186,3.952381,1.152542,3.428571,0.525424,5.904762,0.932203,5.095238,0.949153,4.333333,0.847458,3.714286,0.135593,5.952381,0.59322,5.333333,0.644068,4.52381,0.576271,3.952381,-0.118644,6.190476,0.050847,7.52381,0.135593,8.666667,0.135593,0,0,0.0,0.0,0.0,0.0,0.0,0.0,0.0,0.0,0.0,0.0,0.0,0.0,0.0,0.0,0.0,0.0,0.0,0.0,0.0,0.0,0.0,0.0,0.0,0.0,0.0,0.0,0.0,0.0,0.0,0.0,0.0,0.0,0.0,0.0,0.0,0.0,0.0,0.0,0.0,0.0,0.0,0.0,J,5
0.0,0.0,0.545455,0.779661,2.090909,1.271186,3.681818,1.423729,4.772727,1.355932,2.772727,1.0,5.272727,1.338983,4.454545,1.305085,3.681818,1.169492,3.227273,0.525424,5.636364,0.966102,4.818182,0.983051,4.090909,0.881356,3.545455,0.152542,5.681818,0.610169,5.045455,0.677966,4.272727,0.59322,3.772727,-0.101695,5.863636,0.067797,7.227273,0.152542,8.318182,0.152542,0,0,0.0,0.0,0.0,0.0,0.0,0.0,0.0,0.0,0.0,0.0,0.0,0.0,0.0,0.0,0.0,0.0,0.0,0.0,0.0,0.0,0.0,0.0,0.0,0.0,0.0,0.0,0.0,0.0,0.0,0.0,0.0,0.0,0.0,0.0,0.0,0.0,0.0,0.0,0.0,0.0,0.0,0.0,J,5
0.0,0.0,0.571429,0.766667,2.238095,1.25,3.952381,1.383333,5.095238,1.3,2.952381,1.0,5.619048,1.316667,4.761905,1.266667,3.904762,1.15,3.428571,0.533333,5.952381,0.95,5.095238,0.95,4.333333,0.833333,3.714286,0.15,6.0,0.6,5.333333,0.65,4.52381,0.566667,3.952381,-0.1,6.190476,0.066667,7.619048,0.133333,8.809524,0.133333,0,0,0.0,0.0,0.0,0.0,0.0,0.0,0.0,0.0,0.0,0.0,0.0,0.0,0.0,0.0,0.0,0.0,0.0,0.0,0.0,0.0,0.0,0.0,0.0,0.0,0.0,0.0,0.0,0.0,0.0,0.0,0.0,0.0,0.0,0.0,0.0,0.0,0.0,0.0,0.0,0.0,0.0,0.0,J,5
0.0,0.0,0.5,0.79661,2.045455,1.288136,3.636364,1.457627,4.772727,1.40678,2.727273,1.0,5.272727,1.355932,4.454545,1.338983,3.636364,1.186441,3.181818,0.525424,5.636364,1.0,4.818182,1.016949,4.090909,0.898305,3.5,0.152542,5.681818,0.644068,5.045455,0.711864,4.272727,0.610169,3.727273,-0.084746,5.909091,0.084746,7.227273,0.169492,8.363636,0.186441,0,0,0.0,0.0,0.0,0.0,0.0,0.0,0.0,0.0,0.0,0.0,0.0,0.0,0.0,0.0,0.0,0.0,0.0,0.0,0.0,0.0,0.0,0.0,0.0,0.0,0.0,0.0,0.0,0.0,0.0,0.0,0.0,0.0,0.0,0.0,0.0,0.0,0.0,0.0,0.0,0.0,0.0,0.0,J,5
0.0,0.0,0.454545,0.779661,2.045455,1.271186,3.590909,1.423729,4.681818,1.372881,2.636364,1.0,5.227273,1.355932,4.409091,1.305085,3.636364,1.169492,3.090909,0.525424,5.590909,0.983051,4.772727,0.983051,4.0,0.864407,3.409091,0.135593,5.636364,0.627119,5.0,0.677966,4.227273,0.59322,3.636364,-0.101695,5.818182,0.050847,7.136364,0.135593,8.318182,0.152542,0,0,0.0,0.0,0.0,0.0,0.0,0.0,0.0,0.0,0.0,0.0,0.0,0.0,0.0,0.0,0.0,0.0,0.0,0.0,0.0,0.0,0.0,0.0,0.0,0.0,0.0,0.0,0.0,0.0,0.0,0.0,0.0,0.0,0.0,0.0,0.0,0.0,0.0,0.0,0.0,0.0,0.0,0.0,J,5
0.0,0.0,0.590909,0.666667,2.318182,1.014493,3.954545,0.942029,5.045455,0.681159,2.727273,1.0,5.409091,1.188406,4.681818,1.130435,3.863636,1.014493,3.181818,0.57971,5.772727,0.84058,4.954545,0.826087,4.136364,0.73913,3.5,0.202899,5.909091,0.521739,5.272727,0.57971,4.409091,0.536232,3.727273,-0.043478,5.954545,0.014493,7.409091,0.043478,8.636364,0.043478,0,0,0.0,0.0,0.0,0.0,0.0,0.0,0.0,0.0,0.0,0.0,0.0,0.0,0.0,0.0,0.0,0.0,0.0,0.0,0.0,0.0,0.0,0.0,0.0,0.0,0.0,0.0,0.0,0.0,0.0,0.0,0.0,0.0,0.0,0.0,0.0,0.0,0.0,0.0,0.0,0.0,0.0,0.0,J,5
0.0,0.0,0.555556,0.518987,2.037037,0.873418,3.666667,0.911392,4.666667,0.759494,1.851852,1.0,4.407407,1.101266,4.185185,0.924051,3.592593,0.797468,2.148148,0.632911,4.703704,0.78481,4.296296,0.64557,3.592593,0.56962,2.518519,0.265823,4.851852,0.468354,4.407407,0.405063,3.666667,0.35443,2.851852,-0.012658,4.814815,0.050633,6.074074,0.063291,7.111111,0.075949,0,0,0.0,0.0,0.0,0.0,0.0,0.0,0.0,0.0,0.0,0.0,0.0,0.0,0.0,0.0,0.0,0.0,0.0,0.0,0.0,0.0,0.0,0.0,0.0,0.0,0.0,0.0,0.0,0.0,0.0,0.0,0.0,0.0,0.0,0.0,0.0,0.0,0.0,0.0,0.0,0.0,0.0,0.0,J,5
0.0,0.0,0.909091,0.458824,3.090909,0.776471,5.363636,0.823529,6.0,0.647059,2.136364,1.0,5.272727,1.047059,4.863636,0.811765,4.045455,0.729412,2.363636,0.658824,5.5,0.752941,5.090909,0.552941,4.227273,0.470588,2.681818,0.305882,5.590909,0.447059,5.181818,0.294118,4.318182,0.235294,3.136364,-0.023529,5.5,0.047059,6.954545,0.047059,8.0,0.082353,0,0,0.0,0.0,0.0,0.0,0.0,0.0,0.0,0.0,0.0,0.0,0.0,0.0,0.0,0.0,0.0,0.0,0.0,0.0,0.0,0.0,0.0,0.0,0.0,0.0,0.0,0.0,0.0,0.0,0.0,0.0,0.0,0.0,0.0,0.0,0.0,0.0,0.0,0.0,0.0,0.0,0.0,0.0,J,5
0.0,0.0,1.294118,0.388889,4.176471,0.722222,7.058824,0.777778,7.529412,0.566667,2.823529,1.0,6.705882,1.011111,6.176471,0.766667,5.117647,0.7,2.941176,0.7,6.882353,0.7,6.176471,0.5,5.058824,0.444444,3.352941,0.366667,6.941176,0.433333,6.235294,0.288889,5.0,0.255556,3.823529,0.055556,6.764706,0.1,8.588235,0.122222,10.058824,0.166667,0,0,0.0,0.0,0.0,0.0,0.0,0.0,0.0,0.0,0.0,0.0,0.0,0.0,0.0,0.0,0.0,0.0,0.0,0.0,0.0,0.0,0.0,0.0,0.0,0.0,0.0,0.0,0.0,0.0,0.0,0.0,0.0,0.0,0.0,0.0,0.0,0.0,0.0,0.0,0.0,0.0,0.0,0.0,J,5
0.0,0.0,2.0,0.397849,5.916667,0.709677,9.833333,0.752688,10.416667,0.55914,3.75,1.0,9.25,1.010753,8.666667,0.752688,7.333333,0.688172,3.666667,0.709677,9.333333,0.709677,8.583333,0.483871,7.083333,0.419355,4.166667,0.397849,9.333333,0.419355,8.416667,0.268817,6.75,0.215054,4.75,0.086022,9.083333,0.139785,11.666667,0.172043,13.833333,0.215054,0,0,0.0,0.0,0.0,0.0,0.0,0.0,0.0,0.0,0.0,0.0,0.0,0.0,0.0,0.0,0.0,0.0,0.0,0.0,0.0,0.0,0.0,0.0,0.0,0.0,0.0,0.0,0.0,0.0,0.0,0.0,0.0,0.0,0.0,0.0,0.0,0.0,0.0,0.0,0.0,0.0,0.0,0.0,J,5
0.0,0.0,15.0,0.350515,38.0,0.628866,60.5,0.71134,62.0,0.597938,24.0,1.0,55.5,1.0,53.5,0.742268,46.5,0.649485,21.0,0.752577,55.0,0.649485,51.0,0.443299,44.0,0.402062,21.5,0.443299,55.0,0.381443,52.5,0.237113,47.0,0.206186,25.0,0.14433,53.5,0.154639,69.5,0.175258,82.5,0.216495,0,0,0.0,0.0,0.0,0.0,0.0,0.0,0.0,0.0,0.0,0.0,0.0,0.0,0.0,0.0,0.0,0.0,0.0,0.0,0.0,0.0,0.0,0.0,0.0,0.0,0.0,0.0,0.0,0.0,0.0,0.0,0.0,0.0,0.0,0.0,0.0,0.0,0.0,0.0,0.0,0.0,0.0,0.0,J,5
0.0,0.0,1.565217,0.264706,3.304348,0.490196,4.913043,0.519608,5.347826,0.490196,2.086957,1.0,4.695652,0.921569,4.608696,0.637255,4.0,0.558824,1.521739,0.813725,4.347826,0.617647,4.217391,0.392157,3.565217,0.362745,1.173913,0.54902,3.956522,0.343137,3.782609,0.166667,3.130435,0.166667,1.086957,0.27451,3.434783,0.156863,3.347826,0.029412,2.782609,0.009804,0,0,0.0,0.0,0.0,0.0,0.0,0.0,0.0,0.0,0.0,0.0,0.0,0.0,0.0,0.0,0.0,0.0,0.0,0.0,0.0,0.0,0.0,0.0,0.0,0.0,0.0,0.0,0.0,0.0,0.0,0.0,0.0,0.0,0.0,0.0,0.0,0.0,0.0,0.0,0.0,0.0,0.0,0.0,J,5
0.0,0.0,1.206897,0.257732,2.482759,0.556701,3.482759,0.721649,4.103448,0.85567,1.827586,1.0,3.758621,0.917526,3.758621,0.639175,3.275862,0.546392,1.344828,0.814433,3.517241,0.597938,3.310345,0.381443,2.758621,0.350515,1.0,0.556701,3.137931,0.319588,2.862069,0.175258,2.310345,0.185567,0.827586,0.268041,2.655172,0.103093,2.482759,-0.010309,1.931034,-0.010309,0,0,0.0,0.0,0.0,0.0,0.0,0.0,0.0,0.0,0.0,0.0,0.0,0.0,0.0,0.0,0.0,0.0,0.0,0.0,0.0,0.0,0.0,0.0,0.0,0.0,0.0,0.0,0.0,0.0,0.0,0.0,0.0,0.0,0.0,0.0,0.0,0.0,0.0,0.0,0.0,0.0,0.0,0.0,J,5
0.0,0.0,0.571429,-0.0375,1.285714,0.25,1.589286,0.6125,1.446429,0.9,1.196429,1.0,1.553571,1.35,1.410714,0.975,1.25,0.7375,0.892857,1.0625,1.232143,1.35,1.071429,0.8875,0.928571,0.625,0.553571,1.0875,0.910714,1.2,0.696429,0.725,0.482143,0.45,0.196429,1.1,0.571429,1.525,0.892857,1.775,1.178571,1.9875,0,0,0.0,0.0,0.0,0.0,0.0,0.0,0.0,0.0,0.0,0.0,0.0,0.0,0.0,0.0,0.0,0.0,0.0,0.0,0.0,0.0,0.0,0.0,0.0,0.0,0.0,0.0,0.0,0.0,0.0,0.0,0.0,0.0,0.0,0.0,0.0,0.0,0.0,0.0,0.0,0.0,0.0,0.0,J,6
0.0,0.0,0.660714,0.012048,1.428571,0.325301,1.75,0.710843,1.535714,1.024096,1.339286,1.0,1.714286,1.313253,1.5,0.963855,1.321429,0.722892,1.035714,1.084337,1.357143,1.337349,1.125,0.891566,0.928571,0.638554,0.696429,1.120482,1.089286,1.289157,0.857143,0.831325,0.607143,0.542169,0.339286,1.144578,0.75,1.542169,1.071429,1.783133,1.375,2.0,0,0,0.0,0.0,0.0,0.0,0.0,0.0,0.0,0.0,0.0,0.0,0.0,0.0,0.0,0.0,0.0,0.0,0.0,0.0,0.0,0.0,0.0,0.0,0.0,0.0,0.0,0.0,0.0,0.0,0.0,0.0,0.0,0.0,0.0,0.0,0.0,0.0,0.0,0.0,0.0,0.0,0.0,0.0,J,6
0.0,0.0,0.938776,0.039474,1.795918,0.355263,2.204082,0.776316,2.040816,1.144737,1.714286,1.0,2.183673,1.315789,1.938776,0.960526,1.693878,0.723684,1.408163,1.105263,1.897959,1.381579,1.571429,0.907895,1.265306,0.605263,1.102041,1.184211,1.612245,1.421053,1.346939,0.973684,1.061224,0.657895,0.714286,1.25,1.22449,1.644737,1.55102,1.894737,1.836735,2.131579,0,0,0.0,0.0,0.0,0.0,0.0,0.0,0.0,0.0,0.0,0.0,0.0,0.0,0.0,0.0,0.0,0.0,0.0,0.0,0.0,0.0,0.0,0.0,0.0,0.0,0.0,0.0,0.0,0.0,0.0,0.0,0.0,0.0,0.0,0.0,0.0,0.0,0.0,0.0,0.0,0.0,0.0,0.0,J,6
0.0,0.0,0.895833,0.014286,1.791667,0.357143,2.25,0.828571,2.0,1.2,1.729167,1.0,2.25,1.328571,1.958333,0.971429,1.6875,0.714286,1.4375,1.142857,1.9375,1.471429,1.583333,1.0,1.270833,0.7,1.104167,1.242857,1.625,1.514286,1.291667,1.042857,0.979167,0.714286,0.729167,1.342857,1.229167,1.785714,1.5625,2.042857,1.895833,2.3,0,0,0.0,0.0,0.0,0.0,0.0,0.0,0.0,0.0,0.0,0.0,0.0,0.0,0.0,0.0,0.0,0.0,0.0,0.0,0.0,0.0,0.0,0.0,0.0,0.0,0.0,0.0,0.0,0.0,0.0,0.0,0.0,0.0,0.0,0.0,0.0,0.0,0.0,0.0,0.0,0.0,0.0,0.0,J,6
0.0,0.0,0.87234,-0.030769,1.829787,0.307692,2.319149,0.8,2.06383,1.2,1.787234,1.0,2.319149,1.292308,2.021277,0.923077,1.702128,0.661538,1.510638,1.169231,2.021277,1.476923,1.659574,1.0,1.319149,0.692308,1.170213,1.307692,1.702128,1.553846,1.382979,1.061538,1.042553,0.723077,0.787234,1.430769,1.297872,1.892308,1.638298,2.153846,1.978723,2.415385,0,0,0.0,0.0,0.0,0.0,0.0,0.0,0.0,0.0,0.0,0.0,0.0,0.0,0.0,0.0,0.0,0.0,0.0,0.0,0.0,0.0,0.0,0.0,0.0,0.0,0.0,0.0,0.0,0.0,0.0,0.0,0.0,0.0,0.0,0.0,0.0,0.0,0.0,0.0,0.0,0.0,0.0,0.0,J,6
0.0,0.0,0.8125,-0.066667,1.791667,0.283333,2.291667,0.833333,2.041667,1.3,1.8125,1.0,2.3125,1.3,2.0,0.916667,1.6875,0.666667,1.520833,1.216667,2.0,1.533333,1.645833,1.05,1.333333,0.733333,1.1875,1.383333,1.6875,1.633333,1.354167,1.1,1.020833,0.75,0.8125,1.533333,1.3125,2.016667,1.645833,2.3,1.958333,2.583333,0,0,0.0,0.0,0.0,0.0,0.0,0.0,0.0,0.0,0.0,0.0,0.0,0.0,0.0,0.0,0.0,0.0,0.0,0.0,0.0,0.0,0.0,0.0,0.0,0.0,0.0,0.0,0.0,0.0,0.0,0.0,0.0,0.0,0.0,0.0,0.0,0.0,0.0,0.0,0.0,0.0,0.0,0.0,J,6
0.0,0.0,0.851064,-0.066667,1.829787,0.283333,2.319149,0.833333,2.042553,1.266667,1.829787,1.0,2.319149,1.266667,2.0,0.916667,1.702128,0.666667,1.531915,1.183333,2.021277,1.516667,1.659574,1.033333,1.319149,0.7,1.191489,1.35,1.723404,1.633333,1.404255,1.116667,1.085106,0.75,0.829787,1.516667,1.340426,2.0,1.680851,2.283333,2.0,2.566667,0,0,0.0,0.0,0.0,0.0,0.0,0.0,0.0,0.0,0.0,0.0,0.0,0.0,0.0,0.0,0.0,0.0,0.0,0.0,0.0,0.0,0.0,0.0,0.0,0.0,0.0,0.0,0.0,0.0,0.0,0.0,0.0,0.0,0.0,0.0,0.0,0.0,0.0,0.0,0.0,0.0,0.0,0.0,J,6
0.0,0.0,0.847826,-0.086207,1.869565,0.275862,2.347826,0.844828,2.065217,1.310345,1.826087,1.0,2.326087,1.275862,2.0,0.913793,1.695652,0.672414,1.543478,1.224138,2.021739,1.517241,1.652174,1.034483,1.304348,0.706897,1.195652,1.396552,1.717391,1.655172,1.391304,1.12069,1.043478,0.758621,0.826087,1.551724,1.347826,2.051724,1.695652,2.344828,2.0,2.62069,0,0,0.0,0.0,0.0,0.0,0.0,0.0,0.0,0.0,0.0,0.0,0.0,0.0,0.0,0.0,0.0,0.0,0.0,0.0,0.0,0.0,0.0,0.0,0.0,0.0,0.0,0.0,0.0,0.0,0.0,0.0,0.0,0.0,0.0,0.0,0.0,0.0,0.0,0.0,0.0,0.0,0.0,0.0,J,6
0.0,0.0,0.770833,-0.107143,1.770833,0.232143,2.208333,0.857143,1.958333,1.339286,1.770833,1.0,2.229167,1.303571,1.895833,0.928571,1.5625,0.660714,1.458333,1.232143,1.9375,1.553571,1.541667,1.053571,1.208333,0.732143,1.145833,1.428571,1.625,1.714286,1.291667,1.160714,0.958333,0.785714,0.770833,1.607143,1.291667,2.107143,1.604167,2.410714,1.916667,2.714286,0,0,0.0,0.0,0.0,0.0,0.0,0.0,0.0,0.0,0.0,0.0,0.0,0.0,0.0,0.0,0.0,0.0,0.0,0.0,0.0,0.0,0.0,0.0,0.0,0.0,0.0,0.0,0.0,0.0,0.0,0.0,0.0,0.0,0.0,0.0,0.0,0.0,0.0,0.0,0.0,0.0,0.0,0.0,J,6
0.0,0.0,0.804348,-0.107143,1.847826,0.232143,2.326087,0.821429,2.065217,1.303571,1.826087,1.0,2.304348,1.285714,1.956522,0.928571,1.608696,0.660714,1.521739,1.232143,2.0,1.535714,1.608696,1.035714,1.217391,0.696429,1.217391,1.428571,1.717391,1.714286,1.391304,1.160714,1.043478,0.785714,0.826087,1.607143,1.369565,2.107143,1.717391,2.410714,2.043478,2.714286,0,0,0.0,0.0,0.0,0.0,0.0,0.0,0.0,0.0,0.0,0.0,0.0,0.0,0.0,0.0,0.0,0.0,0.0,0.0,0.0,0.0,0.0,0.0,0.0,0.0,0.0,0.0,0.0,0.0,0.0,0.0,0.0,0.0,0.0,0.0,0.0,0.0,0.0,0.0,0.0,0.0,0.0,0.0,J,6
0.0,0.0,0.804348,-0.150943,1.847826,0.226415,2.326087,0.849057,2.065217,1.358491,1.847826,1.0,2.326087,1.320755,1.978261,0.943396,1.608696,0.679245,1.543478,1.264151,2.021739,1.603774,1.608696,1.075472,1.23913,0.735849,1.217391,1.471698,1.717391,1.792453,1.391304,1.226415,1.043478,0.811321,0.847826,1.679245,1.391304,2.207547,1.73913,2.528302,2.043478,2.849057,0,0,0.0,0.0,0.0,0.0,0.0,0.0,0.0,0.0,0.0,0.0,0.0,0.0,0.0,0.0,0.0,0.0,0.0,0.0,0.0,0.0,0.0,0.0,0.0,0.0,0.0,0.0,0.0,0.0,0.0,0.0,0.0,0.0,0.0,0.0,0.0,0.0,0.0,0.0,0.0,0.0,0.0,0.0,J,6
0.0,0.0,0.804348,-0.113208,1.847826,0.226415,2.326087,0.867925,2.065217,1.377358,1.869565,1.0,2.347826,1.301887,1.978261,0.943396,1.630435,0.660377,1.565217,1.264151,2.021739,1.603774,1.630435,1.09434,1.26087,0.754717,1.23913,1.471698,1.717391,1.792453,1.369565,1.207547,1.021739,0.811321,0.869565,1.679245,1.391304,2.207547,1.717391,2.509434,2.043478,2.830189,0,0,0.0,0.0,0.0,0.0,0.0,0.0,0.0,0.0,0.0,0.0,0.0,0.0,0.0,0.0,0.0,0.0,0.0,0.0,0.0,0.0,0.0,0.0,0.0,0.0,0.0,0.0,0.0,0.0,0.0,0.0,0.0,0.0,0.0,0.0,0.0,0.0,0.0,0.0,0.0,0.0,0.0,0.0,J,6
0.0,0.0,0.804348,-0.134615,1.826087,0.211538,2.304348,0.865385,2.065217,1.403846,1.869565,1.0,2.347826,1.307692,1.978261,0.942308,1.586957,0.653846,1.565217,1.269231,2.021739,1.615385,1.608696,1.096154,1.217391,0.75,1.23913,1.5,1.717391,1.826923,1.369565,1.230769,1.021739,0.826923,0.869565,1.711538,1.391304,2.211538,1.717391,2.538462,2.043478,2.865385,0,0,0.0,0.0,0.0,0.0,0.0,0.0,0.0,0.0,0.0,0.0,0.0,0.0,0.0,0.0,0.0,0.0,0.0,0.0,0.0,0.0,0.0,0.0,0.0,0.0,0.0,0.0,0.0,0.0,0.0,0.0,0.0,0.0,0.0,0.0,0.0,0.0,0.0,0.0,0.0,0.0,0.0,0.0,J,6
0.0,0.0,0.782609,-0.16,1.826087,0.2,2.304348,0.88,2.065217,1.44,1.869565,1.0,2.347826,1.32,2.0,0.96,1.630435,0.66,1.586957,1.28,2.021739,1.66,1.608696,1.14,1.23913,0.76,1.26087,1.54,1.717391,1.86,1.369565,1.26,1.0,0.84,0.869565,1.76,1.413043,2.3,1.73913,2.64,2.065217,2.96,0,0,0.0,0.0,0.0,0.0,0.0,0.0,0.0,0.0,0.0,0.0,0.0,0.0,0.0,0.0,0.0,0.0,0.0,0.0,0.0,0.0,0.0,0.0,0.0,0.0,0.0,0.0,0.0,0.0,0.0,0.0,0.0,0.0,0.0,0.0,0.0,0.0,0.0,0.0,0.0,0.0,0.0,0.0,J,6
0.0,0.0,0.804348,-0.183673,1.847826,0.204082,2.326087,0.897959,2.065217,1.469388,1.869565,1.0,2.347826,1.326531,1.956522,0.938776,1.586957,0.673469,1.586957,1.306122,2.021739,1.653061,1.608696,1.122449,1.23913,0.77551,1.26087,1.55102,1.717391,1.897959,1.369565,1.265306,1.0,0.857143,0.869565,1.77551,1.413043,2.326531,1.76087,2.673469,2.086957,3.020408,0,0,0.0,0.0,0.0,0.0,0.0,0.0,0.0,0.0,0.0,0.0,0.0,0.0,0.0,0.0,0.0,0.0,0.0,0.0,0.0,0.0,0.0,0.0,0.0,0.0,0.0,0.0,0.0,0.0,0.0,0.0,0.0,0.0,0.0,0.0,0.0,0.0,0.0,0.0,0.0,0.0,0.0,0.0,J,6
0.0,0.0,0.822222,-0.18,1.888889,0.2,2.377778,0.88,2.111111,1.42,1.888889,1.0,2.377778,1.3,2.0,0.94,1.622222,0.68,1.577778,1.28,2.066667,1.64,1.644444,1.12,1.266667,0.76,1.266667,1.52,1.755556,1.82,1.377778,1.2,1.0,0.78,0.888889,1.74,1.444444,2.28,1.822222,2.6,2.155556,2.94,0,0,0.0,0.0,0.0,0.0,0.0,0.0,0.0,0.0,0.0,0.0,0.0,0.0,0.0,0.0,0.0,0.0,0.0,0.0,0.0,0.0,0.0,0.0,0.0,0.0,0.0,0.0,0.0,0.0,0.0,0.0,0.0,0.0,0.0,0.0,0.0,0.0,0.0,0.0,0.0,0.0,0.0,0.0,J,6
0.0,0.0,0.8,-0.127273,1.844444,0.236364,2.333333,0.818182,2.066667,1.290909,1.822222,1.0,2.288889,1.272727,1.933333,0.909091,1.6,0.636364,1.511111,1.236364,2.0,1.545455,1.6,1.036364,1.2,0.690909,1.177778,1.436364,1.688889,1.727273,1.377778,1.145455,1.022222,0.745455,0.822222,1.618182,1.377778,2.127273,1.777778,2.436364,2.133333,2.745455,0,0,0.0,0.0,0.0,0.0,0.0,0.0,0.0,0.0,0.0,0.0,0.0,0.0,0.0,0.0,0.0,0.0,0.0,0.0,0.0,0.0,0.0,0.0,0.0,0.0,0.0,0.0,0.0,0.0,0.0,0.0,0.0,0.0,0.0,0.0,0.0,0.0,0.0,0.0,0.0,0.0,0.0,0.0,J,6
0.0,0.0,0.8,-0.083333,1.822222,0.283333,2.333333,0.8,2.088889,1.216667,1.822222,1.0,2.311111,1.233333,1.955556,0.866667,1.577778,0.633333,1.511111,1.2,2.022222,1.483333,1.622222,0.983333,1.222222,0.666667,1.2,1.366667,1.711111,1.6,1.377778,1.066667,1.022222,0.716667,0.822222,1.516667,1.377778,1.983333,1.733333,2.283333,2.066667,2.566667,0,0,0.0,0.0,0.0,0.0,0.0,0.0,0.0,0.0,0.0,0.0,0.0,0.0,0.0,0.0,0.0,0.0,0.0,0.0,0.0,0.0,0.0,0.0,0.0,0.0,0.0,0.0,0.0,0.0,0.0,0.0,0.0,0.0,0.0,0.0,0.0,0.0,0.0,0.0,0.0,0.0,0.0,0.0,J,6
0.0,0.0,0.97561,-0.028169,2.04878,0.309859,2.609756,0.71831,2.317073,1.070423,1.853659,1.0,2.463415,1.197183,2.121951,0.84507,1.731707,0.605634,1.512195,1.126761,2.195122,1.338028,1.804878,0.901408,1.414634,0.647887,1.195122,1.225352,1.878049,1.380282,1.512195,0.915493,1.097561,0.633803,0.853659,1.295775,1.512195,1.71831,1.926829,1.985915,2.268293,2.225352,0,0,0.0,0.0,0.0,0.0,0.0,0.0,0.0,0.0,0.0,0.0,0.0,0.0,0.0,0.0,0.0,0.0,0.0,0.0,0.0,0.0,0.0,0.0,0.0,0.0,0.0,0.0,0.0,0.0,0.0,0.0,0.0,0.0,0.0,0.0,0.0,0.0,0.0,0.0,0.0,0.0,0.0,0.0,J,6
0.0,0.0,1.551724,0.010753,3.0,0.311828,3.862069,0.602151,3.344828,0.806452,2.137931,1.0,3.37931,1.021505,2.931034,0.698925,2.448276,0.55914,1.655172,1.064516,3.103448,1.053763,2.62069,0.666667,2.068966,0.516129,1.344828,1.064516,2.793103,1.053763,2.413793,0.677419,1.862069,0.494624,1.137931,1.021505,2.275862,1.290323,2.896552,1.483871,3.344828,1.666667,0,0,0.0,0.0,0.0,0.0,0.0,0.0,0.0,0.0,0.0,0.0,0.0,0.0,0.0,0.0,0.0,0.0,0.0,0.0,0.0,0.0,0.0,0.0,0.0,0.0,0.0,0.0,0.0,0.0,0.0,0.0,0.0,0.0,0.0,0.0,0.0,0.0,0.0,0.0,0.0,0.0,0.0,0.0,J,6
0.0,0.0,2.125,0.067308,3.708333,0.317308,4.666667,0.548077,4.208333,0.692308,2.375,1.0,4.125,0.980769,3.75,0.682692,3.125,0.557692,1.875,1.038462,3.875,0.980769,3.416667,0.625,2.833333,0.5,1.541667,0.990385,3.541667,0.923077,3.166667,0.596154,2.541667,0.461538,1.375,0.884615,2.833333,1.105769,3.541667,1.269231,4.041667,1.442308,0,0,0.0,0.0,0.0,0.0,0.0,0.0,0.0,0.0,0.0,0.0,0.0,0.0,0.0,0.0,0.0,0.0,0.0,0.0,0.0,0.0,0.0,0.0,0.0,0.0,0.0,0.0,0.0,0.0,0.0,0.0,0.0,0.0,0.0,0.0,0.0,0.0,0.0,0.0,0.0,0.0,0.0,0.0,J,6
0.0,0.0,2.083333,0.067308,3.625,0.317308,4.583333,0.548077,4.125,0.692308,2.291667,1.0,4.041667,1.0,3.708333,0.692308,3.041667,0.567308,1.75,1.028846,3.75,0.980769,3.375,0.615385,2.75,0.5,1.416667,0.971154,3.458333,0.923077,3.083333,0.586538,2.416667,0.442308,1.291667,0.865385,2.708333,1.105769,3.458333,1.278846,4.041667,1.442308,0,0,0.0,0.0,0.0,0.0,0.0,0.0,0.0,0.0,0.0,0.0,0.0,0.0,0.0,0.0,0.0,0.0,0.0,0.0,0.0,0.0,0.0,0.0,0.0,0.0,0.0,0.0,0.0,0.0,0.0,0.0,0.0,0.0,0.0,0.0,0.0,0.0,0.0,0.0,0.0,0.0,0.0,0.0,J,6
0.0,0.0,2.25,0.127273,3.625,0.336364,4.625,0.509091,4.416667,0.645455,1.916667,1.0,3.916667,0.981818,3.958333,0.690909,3.541667,0.554545,1.333333,0.972727,3.708333,0.918182,3.625,0.609091,3.083333,0.472727,1.0,0.863636,3.291667,0.827273,3.25,0.545455,2.708333,0.427273,0.916667,0.663636,2.666667,0.790909,3.083333,0.809091,3.125,0.854545,0,0,0.0,0.0,0.0,0.0,0.0,0.0,0.0,0.0,0.0,0.0,0.0,0.0,0.0,0.0,0.0,0.0,0.0,0.0,0.0,0.0,0.0,0.0,0.0,0.0,0.0,0.0,0.0,0.0,0.0,0.0,0.0,0.0,0.0,0.0,0.0,0.0,0.0,0.0,0.0,0.0,0.0,0.0,J,6
0.0,0.0,3.5,0.141593,5.625,0.345133,7.25,0.495575,6.875,0.60177,2.625,1.0,6.0,0.964602,6.0,0.654867,5.25,0.513274,1.8125,0.946903,5.875,0.884956,5.6875,0.584071,4.875,0.451327,1.5,0.80531,5.375,0.761062,5.25,0.522124,4.3125,0.40708,1.625,0.575221,4.375,0.707965,5.0625,0.725664,5.3125,0.743363,0,0,0.0,0.0,0.0,0.0,0.0,0.0,0.0,0.0,0.0,0.0,0.0,0.0,0.0,0.0,0.0,0.0,0.0,0.0,0.0,0.0,0.0,0.0,0.0,0.0,0.0,0.0,0.0,0.0,0.0,0.0,0.0,0.0,0.0,0.0,0.0,0.0,0.0,0.0,0.0,0.0,0.0,0.0,J,6
0.0,0.0,3.176471,0.130435,5.176471,0.330435,6.764706,0.469565,6.764706,0.565217,2.470588,1.0,5.823529,0.947826,5.647059,0.652174,4.941176,0.547826,1.647059,0.93913,5.647059,0.808696,5.235294,0.530435,4.352941,0.434783,1.352941,0.782609,5.235294,0.66087,4.647059,0.426087,3.588235,0.347826,1.470588,0.556522,4.176471,0.669565,5.176471,0.721739,5.941176,0.773913,0,0,0.0,0.0,0.0,0.0,0.0,0.0,0.0,0.0,0.0,0.0,0.0,0.0,0.0,0.0,0.0,0.0,0.0,0.0,0.0,0.0,0.0,0.0,0.0,0.0,0.0,0.0,0.0,0.0,0.0,0.0,0.0,0.0,0.0,0.0,0.0,0.0,0.0,0.0,0.0,0.0,0.0,0.0,J,6
0.0,0.0,4.0,0.147826,6.357143,0.33913,8.214286,0.486957,8.5,0.617391,3.0,1.0,7.5,0.913043,7.142857,0.626087,6.071429,0.53913,2.142857,0.930435,7.285714,0.782609,6.642857,0.521739,5.5,0.452174,1.857143,0.773913,6.857143,0.643478,5.928571,0.426087,4.571429,0.373913,2.0,0.556522,5.785714,0.530435,5.642857,0.408696,5.142857,0.365217,0,0,0.0,0.0,0.0,0.0,0.0,0.0,0.0,0.0,0.0,0.0,0.0,0.0,0.0,0.0,0.0,0.0,0.0,0.0,0.0,0.0,0.0,0.0,0.0,0.0,0.0,0.0,0.0,0.0,0.0,0.0,0.0,0.0,0.0,0.0,0.0,0.0,0.0,0.0,0.0,0.0,0.0,0.0,J,6
0.0,0.0,5.181818,0.135135,8.181818,0.351351,10.909091,0.495495,11.545455,0.594595,4.272727,1.0,10.0,0.918919,9.818182,0.657658,8.454545,0.567568,3.363636,0.918919,9.818182,0.783784,9.181818,0.531532,7.545455,0.477477,3.090909,0.756757,9.181818,0.63964,8.363636,0.423423,6.818182,0.378378,3.272727,0.540541,8.363636,0.477477,7.909091,0.333333,6.727273,0.288288,0,0,0.0,0.0,0.0,0.0,0.0,0.0,0.0,0.0,0.0,0.0,0.0,0.0,0.0,0.0,0.0,0.0,0.0,0.0,0.0,0.0,0.0,0.0,0.0,0.0,0.0,0.0,0.0,0.0,0.0,0.0,0.0,0.0,0.0,0.0,0.0,0.0,0.0,0.0,0.0,0.0,0.0,0.0,J,6
0.0,0.0,11.4,0.133929,17.6,0.348214,23.2,0.491071,25.6,0.598214,8.8,1.0,21.6,0.9375,21.0,0.6875,17.8,0.598214,7.2,0.901786,21.6,0.776786,20.2,0.535714,16.6,0.491071,6.8,0.714286,21.0,0.607143,18.8,0.401786,15.0,0.375,7.8,0.482143,19.0,0.446429,18.2,0.3125,16.0,0.294643,0,0,0.0,0.0,0.0,0.0,0.0,0.0,0.0,0.0,0.0,0.0,0.0,0.0,0.0,0.0,0.0,0.0,0.0,0.0,0.0,0.0,0.0,0.0,0.0,0.0,0.0,0.0,0.0,0.0,0.0,0.0,0.0,0.0,0.0,0.0,0.0,0.0,0.0,0.0,0.0,0.0,0.0,0.0,J,6
0.0,0.0,6.857143,0.2,12.142857,0.409091,17.0,0.5,18.571429,0.563636,6.571429,1.0,15.714286,0.963636,15.428571,0.7,13.285714,0.636364,5.142857,0.863636,15.285714,0.772727,14.714286,0.545455,12.285714,0.509091,4.857143,0.645455,14.714286,0.572727,13.714286,0.409091,11.142857,0.4,5.571429,0.381818,13.285714,0.427273,15.571429,0.427273,16.857143,0.481818,0,0,0.0,0.0,0.0,0.0,0.0,0.0,0.0,0.0,0.0,0.0,0.0,0.0,0.0,0.0,0.0,0.0,0.0,0.0,0.0,0.0,0.0,0.0,0.0,0.0,0.0,0.0,0.0,0.0,0.0,0.0,0.0,0.0,0.0,0.0,0.0,0.0,0.0,0.0,0.0,0.0,0.0,0.0,J,6
0.0,0.0,17.5,0.301887,37.5,0.509434,59.0,0.528302,66.0,0.462264,21.5,1.0,55.0,0.981132,56.5,0.716981,50.5,0.632075,18.0,0.811321,54.5,0.754717,54.5,0.537736,48.0,0.462264,18.5,0.556604,53.5,0.528302,52.0,0.386792,44.5,0.358491,22.5,0.283019,48.0,0.330189,60.5,0.367925,69.5,0.424528,0,0,0.0,0.0,0.0,0.0,0.0,0.0,0.0,0.0,0.0,0.0,0.0,0.0,0.0,0.0,0.0,0.0,0.0,0.0,0.0,0.0,0.0,0.0,0.0,0.0,0.0,0.0,0.0,0.0,0.0,0.0,0.0,0.0,0.0,0.0,0.0,0.0,0.0,0.0,0.0,0.0,0.0,0.0,J,6
0.0,0.0,5.166667,0.365385,12.333333,0.625,20.0,0.653846,21.833333,0.519231,7.166667,1.0,18.5,0.971154,19.0,0.721154,17.0,0.644231,6.333333,0.769231,18.5,0.692308,18.666667,0.471154,16.666667,0.403846,6.833333,0.480769,18.166667,0.432692,18.166667,0.288462,16.333333,0.240385,8.166667,0.192308,16.833333,0.240385,21.333333,0.269231,24.666667,0.317308,0,0,0.0,0.0,0.0,0.0,0.0,0.0,0.0,0.0,0.0,0.0,0.0,0.0,0.0,0.0,0.0,0.0,0.0,0.0,0.0,0.0,0.0,0.0,0.0,0.0,0.0,0.0,0.0,0.0,0.0,0.0,0.0,0.0,0.0,0.0,0.0,0.0,0.0,0.0,0.0,0.0,0.0,0.0,J,6
0.0,0.0,5.333333,0.378641,12.666667,0.640777,20.0,0.68932,22.333333,0.553398,7.166667,1.0,18.5,0.961165,18.666667,0.718447,16.5,0.631068,6.5,0.757282,18.666667,0.660194,18.333333,0.436893,16.0,0.368932,7.0,0.466019,18.5,0.398058,18.333333,0.23301,16.333333,0.165049,8.166667,0.15534,16.5,0.184466,21.166667,0.174757,24.666667,0.15534,0,0,0.0,0.0,0.0,0.0,0.0,0.0,0.0,0.0,0.0,0.0,0.0,0.0,0.0,0.0,0.0,0.0,0.0,0.0,0.0,0.0,0.0,0.0,0.0,0.0,0.0,0.0,0.0,0.0,0.0,0.0,0.0,0.0,0.0,0.0,0.0,0.0,0.0,0.0,0.0,0.0,0.0,0.0,J,6
0.0,0.0,3.875,0.411765,9.375,0.666667,15.25,0.696078,17.125,0.529412,5.75,1.0,14.0,0.95098,14.0,0.705882,12.25,0.627451,5.5,0.754902,14.375,0.647059,13.75,0.441176,11.625,0.401961,5.875,0.460784,14.375,0.382353,13.5,0.235294,11.375,0.215686,6.75,0.156863,12.875,0.147059,16.375,0.107843,19.125,0.088235,0,0,0.0,0.0,0.0,0.0,0.0,0.0,0.0,0.0,0.0,0.0,0.0,0.0,0.0,0.0,0.0,0.0,0.0,0.0,0.0,0.0,0.0,0.0,0.0,0.0,0.0,0.0,0.0,0.0,0.0,0.0,0.0,0.0,0.0,0.0,0.0,0.0,0.0,0.0,0.0,0.0,0.0,0.0,J,6
0.0,0.0,3.333333,0.479167,8.444444,0.729167,13.777778,0.760417,15.444444,0.53125,5.222222,1.0,12.666667,0.96875,12.333333,0.729167,10.333333,0.645833,5.222222,0.739583,13.333333,0.645833,12.444444,0.427083,10.333333,0.395833,5.666667,0.427083,13.333333,0.354167,12.111111,0.239583,9.888889,0.229167,6.222222,0.104167,11.888889,0.041667,15.333333,-0.010417,18.0,-0.041667,0,0,0.0,0.0,0.0,0.0,0.0,0.0,0.0,0.0,0.0,0.0,0.0,0.0,0.0,0.0,0.0,0.0,0.0,0.0,0.0,0.0,0.0,0.0,0.0,0.0,0.0,0.0,0.0,0.0,0.0,0.0,0.0,0.0,0.0,0.0,0.0,0.0,0.0,0.0,0.0,0.0,0.0,0.0,J,6
0.0,0.0,1.857143,0.483516,5.214286,0.769231,8.857143,0.802198,10.142857,0.56044,3.357143,1.0,8.142857,1.0,7.857143,0.758242,6.571429,0.681319,3.571429,0.714286,8.642857,0.659341,8.0,0.43956,6.642857,0.406593,3.928571,0.384615,8.785714,0.362637,8.0,0.230769,6.5,0.230769,4.357143,0.065934,8.0,-0.010989,10.071429,-0.087912,11.714286,-0.142857,0,0,0.0,0.0,0.0,0.0,0.0,0.0,0.0,0.0,0.0,0.0,0.0,0.0,0.0,0.0,0.0,0.0,0.0,0.0,0.0,0.0,0.0,0.0,0.0,0.0,0.0,0.0,0.0,0.0,0.0,0.0,0.0,0.0,0.0,0.0,0.0,0.0,0.0,0.0,0.0,0.0,0.0,0.0,J,6
0.0,0.0,1.529412,0.465116,4.352941,0.767442,7.294118,0.767442,8.176471,0.511628,2.705882,1.0,6.823529,1.0,6.470588,0.755814,5.411765,0.686047,2.941176,0.686047,7.176471,0.651163,6.705882,0.44186,5.705882,0.383721,3.294118,0.337209,7.294118,0.313953,6.823529,0.209302,5.764706,0.186047,3.705882,0.011628,6.823529,-0.093023,8.588235,-0.197674,9.941176,-0.27907,0,0,0.0,0.0,0.0,0.0,0.0,0.0,0.0,0.0,0.0,0.0,0.0,0.0,0.0,0.0,0.0,0.0,0.0,0.0,0.0,0.0,0.0,0.0,0.0,0.0,0.0,0.0,0.0,0.0,0.0,0.0,0.0,0.0,0.0,0.0,0.0,0.0,0.0,0.0,0.0,0.0,0.0,0.0,J,6
0.0,0.0,1.368421,0.5,3.947368,0.821429,6.578947,0.809524,7.263158,0.511905,2.368421,1.0,6.0,1.0,5.684211,0.761905,4.684211,0.702381,2.578947,0.666667,6.315789,0.654762,5.842105,0.440476,4.894737,0.392857,2.947368,0.321429,6.473684,0.309524,6.0,0.190476,4.947368,0.178571,3.368421,-0.011905,6.157895,-0.107143,7.736842,-0.22619,8.947368,-0.309524,0,0,0.0,0.0,0.0,0.0,0.0,0.0,0.0,0.0,0.0,0.0,0.0,0.0,0.0,0.0,0.0,0.0,0.0,0.0,0.0,0.0,0.0,0.0,0.0,0.0,0.0,0.0,0.0,0.0,0.0,0.0,0.0,0.0,0.0,0.0,0.0,0.0,0.0,0.0,0.0,0.0,0.0,0.0,J,6
0.0,0.0,1.142857,0.4875,3.380952,0.825,5.761905,0.8125,6.428571,0.5375,2.047619,1.0,5.380952,1.0125,5.047619,0.7625,4.142857,0.675,2.285714,0.6625,5.666667,0.6625,5.190476,0.45,4.285714,0.3875,2.619048,0.2875,5.857143,0.3125,5.333333,0.2,4.333333,0.175,3.047619,-0.05,5.571429,-0.15,7.0,-0.275,8.095238,-0.3625,0,0,0.0,0.0,0.0,0.0,0.0,0.0,0.0,0.0,0.0,0.0,0.0,0.0,0.0,0.0,0.0,0.0,0.0,0.0,0.0,0.0,0.0,0.0,0.0,0.0,0.0,0.0,0.0,0.0,0.0,0.0,0.0,0.0,0.0,0.0,0.0,0.0,0.0,0.0,0.0,0.0,0.0,0.0,J,6
0.0,0.0,1.1,0.52,3.2,0.866667,5.6,0.866667,6.6,0.6,2.15,1.0,5.5,1.04,5.4,0.8,4.5,0.68,2.35,0.64,5.9,0.68,5.5,0.466667,4.6,0.4,2.75,0.266667,6.1,0.32,5.6,0.213333,4.6,0.173333,3.15,-0.08,5.8,-0.2,7.3,-0.333333,8.45,-0.44,0,0,0.0,0.0,0.0,0.0,0.0,0.0,0.0,0.0,0.0,0.0,0.0,0.0,0.0,0.0,0.0,0.0,0.0,0.0,0.0,0.0,0.0,0.0,0.0,0.0,0.0,0.0,0.0,0.0,0.0,0.0,0.0,0.0,0.0,0.0,0.0,0.0,0.0,0.0,0.0,0.0,0.0,0.0,J,6
0.0,0.0,0.9,0.557143,3.0,0.942857,5.35,0.957143,6.45,0.657143,2.1,1.0,5.55,1.042857,5.2,0.828571,4.25,0.728571,2.3,0.614286,5.8,0.685714,5.25,0.514286,4.35,0.428571,2.7,0.228571,6.05,0.342857,5.45,0.228571,4.4,0.157143,3.1,-0.128571,5.7,-0.257143,7.2,-0.385714,8.4,-0.485714,0,0,0.0,0.0,0.0,0.0,0.0,0.0,0.0,0.0,0.0,0.0,0.0,0.0,0.0,0.0,0.0,0.0,0.0,0.0,0.0,0.0,0.0,0.0,0.0,0.0,0.0,0.0,0.0,0.0,0.0,0.0,0.0,0.0,0.0,0.0,0.0,0.0,0.0,0.0,0.0,0.0,0.0,0.0,J,6
0.0,0.0,0.73913,0.557143,2.608696,0.928571,4.695652,0.971429,5.652174,0.714286,2.0,1.0,5.086957,1.028571,4.652174,0.828571,3.782609,0.728571,2.304348,0.6,5.347826,0.671429,4.782609,0.514286,3.956522,0.414286,2.652174,0.2,5.478261,0.314286,4.826087,0.228571,3.826087,0.171429,3.0,-0.128571,5.26087,-0.257143,6.608696,-0.385714,7.695652,-0.485714,0,0,0.0,0.0,0.0,0.0,0.0,0.0,0.0,0.0,0.0,0.0,0.0,0.0,0.0,0.0,0.0,0.0,0.0,0.0,0.0,0.0,0.0,0.0,0.0,0.0,0.0,0.0,0.0,0.0,0.0,0.0,0.0,0.0,0.0,0.0,0.0,0.0,0.0,0.0,0.0,0.0,0.0,0.0,J,6
0.0,0.0,0.727273,0.615385,2.5,1.015385,4.454545,1.046154,5.772727,0.815385,2.181818,1.0,5.545455,1.061538,5.090909,0.892308,4.181818,0.8,2.5,0.569231,5.818182,0.692308,5.181818,0.553846,4.363636,0.476923,2.863636,0.153846,5.954545,0.323077,5.318182,0.261538,4.318182,0.215385,3.181818,-0.153846,5.636364,-0.246154,7.090909,-0.369231,8.363636,-0.461538,0,0,0.0,0.0,0.0,0.0,0.0,0.0,0.0,0.0,0.0,0.0,0.0,0.0,0.0,0.0,0.0,0.0,0.0,0.0,0.0,0.0,0.0,0.0,0.0,0.0,0.0,0.0,0.0,0.0,0.0,0.0,0.0,0.0,0.0,0.0,0.0,0.0,0.0,0.0,0.0,0.0,0.0,0.0,J,6
0.0,0.0,0.666667,0.68254,2.571429,1.111111,4.52381,1.142857,5.761905,0.904762,2.571429,1.0,5.857143,1.095238,5.142857,1.0,4.190476,0.904762,2.952381,0.52381,6.190476,0.746032,5.380952,0.698413,4.47619,0.587302,3.333333,0.111111,6.333333,0.380952,5.619048,0.412698,4.571429,0.365079,3.571429,-0.174603,6.095238,-0.238095,7.619048,-0.333333,8.952381,-0.444444,0,0,0.0,0.0,0.0,0.0,0.0,0.0,0.0,0.0,0.0,0.0,0.0,0.0,0.0,0.0,0.0,0.0,0.0,0.0,0.0,0.0,0.0,0.0,0.0,0.0,0.0,0.0,0.0,0.0,0.0,0.0,0.0,0.0,0.0,0.0,0.0,0.0,0.0,0.0,0.0,0.0,0.0,0.0,J,6
0.0,0.0,0.608696,0.671875,2.26087,1.109375,3.869565,1.140625,4.956522,0.921875,2.347826,1.0,5.304348,1.09375,4.695652,1.03125,3.869565,0.9375,2.695652,0.515625,5.608696,0.75,4.869565,0.734375,4.043478,0.609375,3.043478,0.109375,5.782609,0.40625,5.086957,0.4375,4.130435,0.375,3.347826,-0.15625,5.521739,-0.203125,6.913043,-0.296875,8.130435,-0.390625,0,0,0.0,0.0,0.0,0.0,0.0,0.0,0.0,0.0,0.0,0.0,0.0,0.0,0.0,0.0,0.0,0.0,0.0,0.0,0.0,0.0,0.0,0.0,0.0,0.0,0.0,0.0,0.0,0.0,0.0,0.0,0.0,0.0,0.0,0.0,0.0,0.0,0.0,0.0,0.0,0.0,0.0,0.0,J,6
0.0,0.0,0.619048,0.754386,2.238095,1.280702,3.904762,1.473684,5.095238,1.350877,2.666667,1.0,5.571429,1.263158,4.761905,1.263158,3.857143,1.140351,3.095238,0.491228,6.047619,0.877193,5.190476,0.929825,4.333333,0.807018,3.428571,0.087719,6.142857,0.508772,5.428571,0.631579,4.52381,0.578947,3.666667,-0.140351,6.095238,-0.070175,7.52381,-0.070175,8.809524,-0.140351,0,0,0.0,0.0,0.0,0.0,0.0,0.0,0.0,0.0,0.0,0.0,0.0,0.0,0.0,0.0,0.0,0.0,0.0,0.0,0.0,0.0,0.0,0.0,0.0,0.0,0.0,0.0,0.0,0.0,0.0,0.0,0.0,0.0,0.0,0.0,0.0,0.0,0.0,0.0,0.0,0.0,0.0,0.0,J,6
0.0,0.0,0.541667,0.754386,2.041667,1.298246,3.416667,1.438596,4.416667,1.280702,2.25,1.0,4.916667,1.245614,4.166667,1.22807,3.375,1.105263,2.625,0.491228,5.333333,0.842105,4.541667,0.877193,3.75,0.77193,2.958333,0.105263,5.458333,0.473684,4.833333,0.561404,4.0,0.491228,3.25,-0.140351,5.333333,-0.052632,6.583333,-0.052632,7.625,-0.122807,0,0,0.0,0.0,0.0,0.0,0.0,0.0,0.0,0.0,0.0,0.0,0.0,0.0,0.0,0.0,0.0,0.0,0.0,0.0,0.0,0.0,0.0,0.0,0.0,0.0,0.0,0.0,0.0,0.0,0.0,0.0,0.0,0.0,0.0,0.0,0.0,0.0,0.0,0.0,0.0,0.0,0.0,0.0,J,6
0.0,0.0,0.565217,0.814815,2.130435,1.37037,3.652174,1.537037,4.73913,1.37037,2.521739,1.0,5.086957,1.314815,4.304348,1.314815,3.565217,1.166667,2.956522,0.481481,5.521739,0.888889,4.73913,0.925926,3.956522,0.814815,3.26087,0.074074,5.695652,0.518519,5.043478,0.611111,4.217391,0.537037,3.521739,-0.166667,5.608696,-0.037037,6.869565,0.018519,7.913043,-0.037037,0,0,0.0,0.0,0.0,0.0,0.0,0.0,0.0,0.0,0.0,0.0,0.0,0.0,0.0,0.0,0.0,0.0,0.0,0.0,0.0,0.0,0.0,0.0,0.0,0.0,0.0,0.0,0.0,0.0,0.0,0.0,0.0,0.0,0.0,0.0,0.0,0.0,0.0,0.0,0.0,0.0,0.0,0.0,J,6
0.0,0.0,0.583333,0.818182,2.125,1.381818,3.666667,1.545455,4.666667,1.363636,2.416667,1.0,4.958333,1.327273,4.166667,1.309091,3.416667,1.181818,2.833333,0.472727,5.375,0.890909,4.583333,0.927273,3.833333,0.8,3.125,0.072727,5.541667,0.509091,4.875,0.581818,4.083333,0.509091,3.416667,-0.163636,5.458333,0.0,6.625,0.054545,7.625,0.018182,0,0,0.0,0.0,0.0,0.0,0.0,0.0,0.0,0.0,0.0,0.0,0.0,0.0,0.0,0.0,0.0,0.0,0.0,0.0,0.0,0.0,0.0,0.0,0.0,0.0,0.0,0.0,0.0,0.0,0.0,0.0,0.0,0.0,0.0,0.0,0.0,0.0,0.0,0.0,0.0,0.0,0.0,0.0,J,6
0.0,0.0,0.541667,0.803571,2.041667,1.357143,3.541667,1.517857,4.583333,1.357143,2.375,1.0,4.833333,1.303571,4.125,1.303571,3.375,1.178571,2.791667,0.5,5.25,0.892857,4.541667,0.946429,3.791667,0.821429,3.083333,0.107143,5.416667,0.535714,4.791667,0.625,4.0,0.553571,3.375,-0.142857,5.375,0.035714,6.541667,0.089286,7.5,0.071429,0,0,0.0,0.0,0.0,0.0,0.0,0.0,0.0,0.0,0.0,0.0,0.0,0.0,0.0,0.0,0.0,0.0,0.0,0.0,0.0,0.0,0.0,0.0,0.0,0.0,0.0,0.0,0.0,0.0,0.0,0.0,0.0,0.0,0.0,0.0,0.0,0.0,0.0,0.0,0.0,0.0,0.0,0.0,J,6
0.0,0.0,0.541667,0.849057,2.0,1.433962,3.5,1.603774,4.5,1.45283,2.375,1.0,4.791667,1.377358,4.041667,1.396226,3.333333,1.245283,2.791667,0.471698,5.208333,0.943396,4.458333,1.0,3.75,0.867925,3.125,0.075472,5.375,0.566038,4.75,0.660377,4.0,0.584906,3.375,-0.169811,5.375,0.018868,6.541667,0.09434,7.541667,0.09434,0,0,0.0,0.0,0.0,0.0,0.0,0.0,0.0,0.0,0.0,0.0,0.0,0.0,0.0,0.0,0.0,0.0,0.0,0.0,0.0,0.0,0.0,0.0,0.0,0.0,0.0,0.0,0.0,0.0,0.0,0.0,0.0,0.0,0.0,0.0,0.0,0.0,0.0,0.0,0.0,0.0,0.0,0.0,J,6
0.0,0.0,0.5,0.814815,2.041667,1.388889,3.541667,1.537037,4.583333,1.388889,2.375,1.0,4.833333,1.333333,4.083333,1.351852,3.375,1.203704,2.791667,0.481481,5.208333,0.925926,4.541667,0.981481,3.791667,0.87037,3.083333,0.092593,5.375,0.555556,4.791667,0.666667,4.041667,0.611111,3.375,-0.166667,5.333333,0.037037,6.541667,0.111111,7.5,0.074074,0,0,0.0,0.0,0.0,0.0,0.0,0.0,0.0,0.0,0.0,0.0,0.0,0.0,0.0,0.0,0.0,0.0,0.0,0.0,0.0,0.0,0.0,0.0,0.0,0.0,0.0,0.0,0.0,0.0,0.0,0.0,0.0,0.0,0.0,0.0,0.0,0.0,0.0,0.0,0.0,0.0,0.0,0.0,J,6
0.0,0.0,0.423077,0.833333,1.807692,1.407407,3.153846,1.537037,4.115385,1.37037,2.076923,1.0,4.346154,1.351852,3.692308,1.351852,3.0,1.203704,2.5,0.481481,4.769231,0.944444,4.076923,0.981481,3.423077,0.87037,2.807692,0.074074,4.923077,0.555556,4.346154,0.666667,3.615385,0.592593,3.076923,-0.166667,4.884615,0.037037,5.961538,0.111111,6.846154,0.092593,0,0,0.0,0.0,0.0,0.0,0.0,0.0,0.0,0.0,0.0,0.0,0.0,0.0,0.0,0.0,0.0,0.0,0.0,0.0,0.0,0.0,0.0,0.0,0.0,0.0,0.0,0.0,0.0,0.0,0.0,0.0,0.0,0.0,0.0,0.0,0.0,0.0,0.0,0.0,0.0,0.0,0.0,0.0,J,6
0.0,0.0,0.48,0.836364,1.92,1.4,3.4,1.527273,4.36,1.345455,2.24,1.0,4.56,1.363636,3.88,1.363636,3.16,1.218182,2.68,0.490909,5.0,0.945455,4.28,1.0,3.6,0.872727,2.96,0.109091,5.16,0.581818,4.56,0.672727,3.8,0.6,3.24,-0.127273,5.12,0.090909,6.24,0.163636,7.16,0.145455,0,0,0.0,0.0,0.0,0.0,0.0,0.0,0.0,0.0,0.0,0.0,0.0,0.0,0.0,0.0,0.0,0.0,0.0,0.0,0.0,0.0,0.0,0.0,0.0,0.0,0.0,0.0,0.0,0.0,0.0,0.0,0.0,0.0,0.0,0.0,0.0,0.0,0.0,0.0,0.0,0.0,0.0,0.0,J,6
0.0,0.0,0.48,0.818182,1.92,1.381818,3.36,1.527273,4.32,1.363636,2.24,1.0,4.52,1.345455,3.88,1.363636,3.2,1.218182,2.64,0.490909,4.96,0.945455,4.28,1.018182,3.6,0.890909,2.96,0.109091,5.12,0.6,4.56,0.690909,3.8,0.618182,3.24,-0.127273,5.12,0.054545,6.24,0.145455,7.2,0.145455,0,0,0.0,0.0,0.0,0.0,0.0,0.0,0.0,0.0,0.0,0.0,0.0,0.0,0.0,0.0,0.0,0.0,0.0,0.0,0.0,0.0,0.0,0.0,0.0,0.0,0.0,0.0,0.0,0.0,0.0,0.0,0.0,0.0,0.0,0.0,0.0,0.0,0.0,0.0,0.0,0.0,0.0,0.0,J,6
0.0,0.0,0.5,0.836364,1.958333,1.381818,3.458333,1.527273,4.5,1.363636,2.333333,1.0,4.708333,1.363636,4.0,1.381818,3.291667,1.236364,2.75,0.509091,5.125,0.963636,4.416667,1.018182,3.708333,0.890909,3.083333,0.109091,5.333333,0.6,4.708333,0.690909,3.958333,0.618182,3.333333,-0.127273,5.291667,0.072727,6.458333,0.163636,7.458333,0.145455,0,0,0.0,0.0,0.0,0.0,0.0,0.0,0.0,0.0,0.0,0.0,0.0,0.0,0.0,0.0,0.0,0.0,0.0,0.0,0.0,0.0,0.0,0.0,0.0,0.0,0.0,0.0,0.0,0.0,0.0,0.0,0.0,0.0,0.0,0.0,0.0,0.0,0.0,0.0,0.0,0.0,0.0,0.0,J,6
0.0,0.0,0.384615,0.833333,1.769231,1.407407,3.153846,1.555556,4.115385,1.407407,2.115385,1.0,4.346154,1.407407,3.692308,1.407407,3.038462,1.240741,2.538462,0.5,4.769231,0.981481,4.115385,1.037037,3.461538,0.907407,2.846154,0.092593,4.923077,0.611111,4.346154,0.703704,3.653846,0.62963,3.115385,-0.12963,4.923077,0.092593,6.0,0.185185,6.884615,0.166667,0,0,0.0,0.0,0.0,0.0,0.0,0.0,0.0,0.0,0.0,0.0,0.0,0.0,0.0,0.0,0.0,0.0,0.0,0.0,0.0,0.0,0.0,0.0,0.0,0.0,0.0,0.0,0.0,0.0,0.0,0.0,0.0,0.0,0.0,0.0,0.0,0.0,0.0,0.0,0.0,0.0,0.0,0.0,J,6
0.0,0.0,0.461538,0.818182,1.807692,1.381818,3.192308,1.527273,4.153846,1.363636,2.115385,1.0,4.423077,1.345455,3.769231,1.345455,3.115385,1.2,2.538462,0.490909,4.807692,0.945455,4.115385,0.981818,3.461538,0.854545,2.846154,0.090909,4.961538,0.581818,4.423077,0.654545,3.692308,0.581818,3.115385,-0.163636,4.923077,0.054545,6.038462,0.145455,6.961538,0.145455,0,0,0.0,0.0,0.0,0.0,0.0,0.0,0.0,0.0,0.0,0.0,0.0,0.0,0.0,0.0,0.0,0.0,0.0,0.0,0.0,0.0,0.0,0.0,0.0,0.0,0.0,0.0,0.0,0.0,0.0,0.0,0.0,0.0,0.0,0.0,0.0,0.0,0.0,0.0,0.0,0.0,0.0,0.0,J,6
0.0,0.0,0.44,0.836364,1.92,1.381818,3.4,1.527273,4.36,1.363636,2.2,1.0,4.56,1.363636,3.88,1.363636,3.2,1.2,2.64,0.490909,4.96,0.945455,4.28,1.0,3.56,0.872727,2.92,0.090909,5.16,0.581818,4.56,0.672727,3.84,0.6,3.2,-0.145455,5.08,0.054545,6.24,0.163636,7.2,0.163636,0,0,0.0,0.0,0.0,0.0,0.0,0.0,0.0,0.0,0.0,0.0,0.0,0.0,0.0,0.0,0.0,0.0,0.0,0.0,0.0,0.0,0.0,0.0,0.0,0.0,0.0,0.0,0.0,0.0,0.0,0.0,0.0,0.0,0.0,0.0,0.0,0.0,0.0,0.0,0.0,0.0,0.0,0.0,J,6
0.0,0.0,0.521739,0.803571,2.043478,1.357143,3.652174,1.517857,4.73913,1.375,2.478261,1.0,5.0,1.339286,4.26087,1.339286,3.478261,1.196429,2.869565,0.5,5.434783,0.946429,4.652174,0.982143,3.913043,0.857143,3.217391,0.107143,5.608696,0.589286,5.0,0.660714,4.173913,0.589286,3.478261,-0.142857,5.565217,0.071429,6.826087,0.160714,7.869565,0.142857,0,0,0.0,0.0,0.0,0.0,0.0,0.0,0.0,0.0,0.0,0.0,0.0,0.0,0.0,0.0,0.0,0.0,0.0,0.0,0.0,0.0,0.0,0.0,0.0,0.0,0.0,0.0,0.0,0.0,0.0,0.0,0.0,0.0,0.0,0.0,0.0,0.0,0.0,0.0,0.0,0.0,0.0,0.0,J,6
0.0,0.0,0.423077,0.818182,1.769231,1.381818,3.153846,1.563636,4.115385,1.436364,2.115385,1.0,4.384615,1.381818,3.730769,1.363636,3.076923,1.218182,2.538462,0.490909,4.807692,0.963636,4.115385,1.018182,3.461538,0.872727,2.846154,0.109091,5.0,0.6,4.423077,0.690909,3.692308,0.6,3.115385,-0.127273,4.961538,0.072727,6.038462,0.163636,6.961538,0.163636,0,0,0.0,0.0,0.0,0.0,0.0,0.0,0.0,0.0,0.0,0.0,0.0,0.0,0.0,0.0,0.0,0.0,0.0,0.0,0.0,0.0,0.0,0.0,0.0,0.0,0.0,0.0,0.0,0.0,0.0,0.0,0.0,0.0,0.0,0.0,0.0,0.0,0.0,0.0,0.0,0.0,0.0,0.0,J,6
0.0,0.0,0.48,0.785714,1.88,1.357143,3.32,1.553571,4.36,1.410714,2.24,1.0,4.64,1.321429,4.0,1.321429,3.28,1.178571,2.64,0.5,5.08,0.928571,4.4,0.982143,3.68,0.857143,2.96,0.107143,5.24,0.571429,4.64,0.660714,3.92,0.571429,3.24,-0.125,5.2,0.071429,6.36,0.160714,7.36,0.160714,0,0,0.0,0.0,0.0,0.0,0.0,0.0,0.0,0.0,0.0,0.0,0.0,0.0,0.0,0.0,0.0,0.0,0.0,0.0,0.0,0.0,0.0,0.0,0.0,0.0,0.0,0.0,0.0,0.0,0.0,0.0,0.0,0.0,0.0,0.0,0.0,0.0,0.0,0.0,0.0,0.0,0.0,0.0,J,6
0.0,0.0,0.5,0.758621,1.916667,1.327586,3.375,1.551724,4.458333,1.448276,2.375,1.0,4.875,1.327586,4.208333,1.327586,3.458333,1.189655,2.791667,0.517241,5.333333,0.948276,4.583333,1.0,3.833333,0.87931,3.083333,0.137931,5.5,0.603448,4.875,0.672414,4.083333,0.586207,3.375,-0.103448,5.458333,0.103448,6.708333,0.189655,7.75,0.189655,0,0,0.0,0.0,0.0,0.0,0.0,0.0,0.0,0.0,0.0,0.0,0.0,0.0,0.0,0.0,0.0,0.0,0.0,0.0,0.0,0.0,0.0,0.0,0.0,0.0,0.0,0.0,0.0,0.0,0.0,0.0,0.0,0.0,0.0,0.0,0.0,0.0,0.0,0.0,0.0,0.0,0.0,0.0,J,6
0.0,0.0,0.521739,0.758621,1.956522,1.310345,3.434783,1.534483,4.521739,1.448276,2.434783,1.0,5.086957,1.327586,4.347826,1.327586,3.565217,1.189655,2.869565,0.534483,5.521739,0.948276,4.73913,1.0,3.956522,0.862069,3.173913,0.137931,5.695652,0.603448,5.043478,0.689655,4.217391,0.603448,3.434783,-0.103448,5.608696,0.086207,6.956522,0.172414,8.043478,0.172414,0,0,0.0,0.0,0.0,0.0,0.0,0.0,0.0,0.0,0.0,0.0,0.0,0.0,0.0,0.0,0.0,0.0,0.0,0.0,0.0,0.0,0.0,0.0,0.0,0.0,0.0,0.0,0.0,0.0,0.0,0.0,0.0,0.0,0.0,0.0,0.0,0.0,0.0,0.0,0.0,0.0,0.0,0.0,J,6
0.0,0.0,0.590909,0.745763,2.090909,1.271186,3.636364,1.474576,4.681818,1.355932,2.636364,1.0,5.363636,1.288136,4.545455,1.271186,3.727273,1.135593,3.090909,0.525424,5.772727,0.915254,4.954545,0.932203,4.181818,0.79661,3.409091,0.135593,5.954545,0.559322,5.272727,0.627119,4.409091,0.542373,3.636364,-0.118644,5.909091,0.033898,7.272727,0.118644,8.454545,0.118644,0,0,0.0,0.0,0.0,0.0,0.0,0.0,0.0,0.0,0.0,0.0,0.0,0.0,0.0,0.0,0.0,0.0,0.0,0.0,0.0,0.0,0.0,0.0,0.0,0.0,0.0,0.0,0.0,0.0,0.0,0.0,0.0,0.0,0.0,0.0,0.0,0.0,0.0,0.0,0.0,0.0,0.0,0.0,J,6
0.0,0.0,0.636364,0.721311,2.227273,1.229508,3.772727,1.409836,4.909091,1.311475,2.727273,1.0,5.5,1.245902,4.681818,1.213115,3.863636,1.081967,3.136364,0.52459,5.909091,0.885246,5.090909,0.901639,4.272727,0.770492,3.454545,0.131148,6.090909,0.540984,5.409091,0.606557,4.590909,0.52459,3.727273,-0.098361,6.045455,0.032787,7.409091,0.081967,8.590909,0.081967,0,0,0.0,0.0,0.0,0.0,0.0,0.0,0.0,0.0,0.0,0.0,0.0,0.0,0.0,0.0,0.0,0.0,0.0,0.0,0.0,0.0,0.0,0.0,0.0,0.0,0.0,0.0,0.0,0.0,0.0,0.0,0.0,0.0,0.0,0.0,0.0,0.0,0.0,0.0,0.0,0.0,0.0,0.0,J,6
0.0,0.0,0.714286,0.737705,2.428571,1.229508,4.0,1.42623,5.190476,1.327869,2.952381,1.0,5.809524,1.262295,4.952381,1.229508,4.142857,1.081967,3.333333,0.52459,6.285714,0.901639,5.380952,0.901639,4.52381,0.770492,3.666667,0.147541,6.47619,0.540984,5.761905,0.590164,4.857143,0.52459,3.952381,-0.098361,6.380952,0.04918,7.809524,0.114754,9.0,0.098361,0,0,0.0,0.0,0.0,0.0,0.0,0.0,0.0,0.0,0.0,0.0,0.0,0.0,0.0,0.0,0.0,0.0,0.0,0.0,0.0,0.0,0.0,0.0,0.0,0.0,0.0,0.0,0.0,0.0,0.0,0.0,0.0,0.0,0.0,0.0,0.0,0.0,0.0,0.0,0.0,0.0,0.0,0.0,J,6
0.0,0.0,0.714286,0.758065,2.619048,1.193548,4.428571,1.241935,5.666667,1.048387,2.904762,1.0,5.809524,1.225806,4.952381,1.193548,4.095238,1.048387,3.333333,0.516129,6.238095,0.854839,5.333333,0.870968,4.47619,0.741935,3.619048,0.129032,6.428571,0.5,5.714286,0.580645,4.809524,0.532258,3.904762,-0.112903,6.380952,-0.016129,7.809524,0.048387,9.095238,0.032258,0,0,0.0,0.0,0.0,0.0,0.0,0.0,0.0,0.0,0.0,0.0,0.0,0.0,0.0,0.0,0.0,0.0,0.0,0.0,0.0,0.0,0.0,0.0,0.0,0.0,0.0,0.0,0.0,0.0,0.0,0.0,0.0,0.0,0.0,0.0,0.0,0.0,0.0,0.0,0.0,0.0,0.0,0.0,J,6
0.0,0.0,0.652174,0.766667,2.521739,1.216667,4.304348,1.3,5.521739,1.116667,2.782609,1.0,5.391304,1.283333,4.652174,1.25,3.869565,1.1,3.173913,0.5,5.826087,0.883333,5.043478,0.9,4.173913,0.766667,3.521739,0.1,6.0,0.516667,5.347826,0.6,4.521739,0.55,3.782609,-0.133333,5.913043,-0.016667,7.26087,0.016667,8.347826,0.016667,0,0,0.0,0.0,0.0,0.0,0.0,0.0,0.0,0.0,0.0,0.0,0.0,0.0,0.0,0.0,0.0,0.0,0.0,0.0,0.0,0.0,0.0,0.0,0.0,0.0,0.0,0.0,0.0,0.0,0.0,0.0,0.0,0.0,0.0,0.0,0.0,0.0,0.0,0.0,0.0,0.0,0.0,0.0,J,6
0.0,0.0,0.708333,0.766667,2.666667,1.166667,4.583333,1.183333,5.833333,0.933333,2.625,1.0,5.208333,1.266667,4.5,1.216667,3.791667,1.066667,2.958333,0.483333,5.583333,0.833333,4.791667,0.816667,3.958333,0.683333,3.291667,0.066667,5.791667,0.466667,5.125,0.5,4.291667,0.416667,3.625,-0.2,5.708333,-0.05,6.916667,-0.016667,8.0,-0.033333,0,0,0.0,0.0,0.0,0.0,0.0,0.0,0.0,0.0,0.0,0.0,0.0,0.0,0.0,0.0,0.0,0.0,0.0,0.0,0.0,0.0,0.0,0.0,0.0,0.0,0.0,0.0,0.0,0.0,0.0,0.0,0.0,0.0,0.0,0.0,0.0,0.0,0.0,0.0,0.0,0.0,0.0,0.0,J,6
0.0,0.0,0.627451,-0.15,1.431373,0.133333,1.784314,0.6,1.529412,0.933333,1.313725,1.0,1.705882,1.433333,1.588235,0.966667,1.45098,0.683333,1.0,1.133333,1.352941,1.416667,1.176471,0.866667,1.019608,0.6,0.666667,1.2,1.039216,1.316667,0.823529,0.766667,0.568627,0.466667,0.313725,1.283333,0.588235,1.816667,0.843137,2.15,1.058824,2.466667,0,0,0.0,0.0,0.0,0.0,0.0,0.0,0.0,0.0,0.0,0.0,0.0,0.0,0.0,0.0,0.0,0.0,0.0,0.0,0.0,0.0,0.0,0.0,0.0,0.0,0.0,0.0,0.0,0.0,0.0,0.0,0.0,0.0,0.0,0.0,0.0,0.0,0.0,0.0,0.0,0.0,0.0,0.0,J,7
0.0,0.0,0.692308,-0.042254,1.519231,0.267606,1.865385,0.71831,1.538462,1.042254,1.326923,1.0,1.730769,1.366197,1.538462,0.929577,1.326923,0.676056,1.038462,1.098592,1.384615,1.366197,1.096154,0.830986,0.846154,0.577465,0.692308,1.183099,1.096154,1.323944,0.826923,0.816901,0.538462,0.535211,0.326923,1.253521,0.653846,1.746479,0.923077,2.028169,1.173077,2.295775,0,0,0.0,0.0,0.0,0.0,0.0,0.0,0.0,0.0,0.0,0.0,0.0,0.0,0.0,0.0,0.0,0.0,0.0,0.0,0.0,0.0,0.0,0.0,0.0,0.0,0.0,0.0,0.0,0.0,0.0,0.0,0.0,0.0,0.0,0.0,0.0,0.0,0.0,0.0,0.0,0.0,0.0,0.0,J,7
0.0,0.0,0.716981,0.025641,1.528302,0.333333,1.867925,0.75641,1.584906,1.038462,1.377358,1.0,1.792453,1.346154,1.584906,0.961538,1.377358,0.74359,1.075472,1.076923,1.433962,1.358974,1.169811,0.884615,0.943396,0.666667,0.735849,1.128205,1.132075,1.294872,0.886792,0.820513,0.622642,0.576923,0.377358,1.192308,0.698113,1.666667,0.943396,1.910256,1.169811,2.153846,0,0,0.0,0.0,0.0,0.0,0.0,0.0,0.0,0.0,0.0,0.0,0.0,0.0,0.0,0.0,0.0,0.0,0.0,0.0,0.0,0.0,0.0,0.0,0.0,0.0,0.0,0.0,0.0,0.0,0.0,0.0,0.0,0.0,0.0,0.0,0.0,0.0,0.0,0.0,0.0,0.0,0.0,0.0,J,7
0.0,0.0,0.803922,0.027027,1.686275,0.378378,2.078431,0.824324,1.745098,1.121622,1.54902,1.0,2.039216,1.351351,1.764706,0.959459,1.529412,0.756757,1.235294,1.108108,1.686275,1.405405,1.372549,0.945946,1.156863,0.72973,0.901961,1.189189,1.352941,1.351351,1.019608,0.878378,0.705882,0.621622,0.54902,1.27027,0.901961,1.743243,1.137255,2.027027,1.333333,2.297297,0,0,0.0,0.0,0.0,0.0,0.0,0.0,0.0,0.0,0.0,0.0,0.0,0.0,0.0,0.0,0.0,0.0,0.0,0.0,0.0,0.0,0.0,0.0,0.0,0.0,0.0,0.0,0.0,0.0,0.0,0.0,0.0,0.0,0.0,0.0,0.0,0.0,0.0,0.0,0.0,0.0,0.0,0.0,J,7
0.0,0.0,0.803922,0.0,1.686275,0.382353,2.117647,0.882353,1.784314,1.25,1.666667,1.0,2.156863,1.338235,1.843137,0.955882,1.568627,0.735294,1.372549,1.161765,1.823529,1.514706,1.45098,1.014706,1.196078,0.764706,1.019608,1.294118,1.45098,1.514706,1.117647,1.0,0.784314,0.705882,0.666667,1.426471,1.0,1.926471,1.235294,2.220588,1.45098,2.529412,0,0,0.0,0.0,0.0,0.0,0.0,0.0,0.0,0.0,0.0,0.0,0.0,0.0,0.0,0.0,0.0,0.0,0.0,0.0,0.0,0.0,0.0,0.0,0.0,0.0,0.0,0.0,0.0,0.0,0.0,0.0,0.0,0.0,0.0,0.0,0.0,0.0,0.0,0.0,0.0,0.0,0.0,0.0,J,7
0.0,0.0,0.8,-0.059701,1.74,0.343284,2.24,0.850746,1.92,1.208955,1.74,1.0,2.28,1.358209,1.94,0.955224,1.64,0.761194,1.44,1.164179,1.92,1.507463,1.56,1.029851,1.3,0.80597,1.1,1.298507,1.54,1.507463,1.22,0.985075,0.9,0.716418,0.74,1.432836,1.14,1.925373,1.38,2.223881,1.6,2.552239,0,0,0.0,0.0,0.0,0.0,0.0,0.0,0.0,0.0,0.0,0.0,0.0,0.0,0.0,0.0,0.0,0.0,0.0,0.0,0.0,0.0,0.0,0.0,0.0,0.0,0.0,0.0,0.0,0.0,0.0,0.0,0.0,0.0,0.0,0.0,0.0,0.0,0.0,0.0,0.0,0.0,0.0,0.0,J,7
0.0,0.0,0.803922,-0.061538,1.745098,0.338462,2.176471,0.876923,1.803922,1.246154,1.705882,1.0,2.196078,1.323077,1.882353,0.953846,1.607843,0.769231,1.411765,1.184615,1.862745,1.538462,1.54902,1.107692,1.333333,0.876923,1.058824,1.323077,1.490196,1.538462,1.156863,1.015385,0.843137,0.723077,0.705882,1.461538,1.078431,1.969231,1.313725,2.292308,1.54902,2.630769,0,0,0.0,0.0,0.0,0.0,0.0,0.0,0.0,0.0,0.0,0.0,0.0,0.0,0.0,0.0,0.0,0.0,0.0,0.0,0.0,0.0,0.0,0.0,0.0,0.0,0.0,0.0,0.0,0.0,0.0,0.0,0.0,0.0,0.0,0.0,0.0,0.0,0.0,0.0,0.0,0.0,0.0,0.0,J,7
0.0,0.0,0.836735,-0.076923,1.816327,0.307692,2.265306,0.861538,1.897959,1.246154,1.77551,1.0,2.326531,1.323077,1.979592,0.953846,1.673469,0.738462,1.469388,1.169231,1.959184,1.523077,1.591837,1.061538,1.346939,0.830769,1.122449,1.323077,1.571429,1.507692,1.22449,0.984615,0.877551,0.692308,0.77551,1.446154,1.163265,1.953846,1.408163,2.276923,1.632653,2.615385,0,0,0.0,0.0,0.0,0.0,0.0,0.0,0.0,0.0,0.0,0.0,0.0,0.0,0.0,0.0,0.0,0.0,0.0,0.0,0.0,0.0,0.0,0.0,0.0,0.0,0.0,0.0,0.0,0.0,0.0,0.0,0.0,0.0,0.0,0.0,0.0,0.0,0.0,0.0,0.0,0.0,0.0,0.0,J,7
0.0,0.0,0.816327,-0.090909,1.816327,0.287879,2.244898,0.833333,1.877551,1.19697,1.77551,1.0,2.326531,1.348485,1.979592,0.954545,1.673469,0.757576,1.469388,1.166667,1.938776,1.5,1.612245,1.045455,1.346939,0.818182,1.122449,1.30303,1.530612,1.484848,1.204082,0.969697,0.877551,0.666667,0.77551,1.439394,1.163265,1.924242,1.387755,2.242424,1.612245,2.575758,0,0,0.0,0.0,0.0,0.0,0.0,0.0,0.0,0.0,0.0,0.0,0.0,0.0,0.0,0.0,0.0,0.0,0.0,0.0,0.0,0.0,0.0,0.0,0.0,0.0,0.0,0.0,0.0,0.0,0.0,0.0,0.0,0.0,0.0,0.0,0.0,0.0,0.0,0.0,0.0,0.0,0.0,0.0,J,7
0.0,0.0,0.836735,-0.090909,1.795918,0.30303,2.22449,0.848485,1.836735,1.212121,1.77551,1.0,2.306122,1.348485,1.959184,0.969697,1.653061,0.772727,1.469388,1.166667,1.918367,1.515152,1.591837,1.060606,1.367347,0.833333,1.142857,1.30303,1.530612,1.515152,1.204082,0.984848,0.897959,0.681818,0.77551,1.439394,1.163265,1.924242,1.387755,2.242424,1.591837,2.590909,0,0,0.0,0.0,0.0,0.0,0.0,0.0,0.0,0.0,0.0,0.0,0.0,0.0,0.0,0.0,0.0,0.0,0.0,0.0,0.0,0.0,0.0,0.0,0.0,0.0,0.0,0.0,0.0,0.0,0.0,0.0,0.0,0.0,0.0,0.0,0.0,0.0,0.0,0.0,0.0,0.0,0.0,0.0,J,7
0.0,0.0,0.816327,-0.090909,1.795918,0.30303,2.244898,0.848485,1.857143,1.227273,1.795918,1.0,2.326531,1.348485,1.959184,0.969697,1.653061,0.772727,1.489796,1.181818,1.938776,1.515152,1.591837,1.045455,1.367347,0.833333,1.142857,1.30303,1.530612,1.515152,1.204082,0.984848,0.877551,0.681818,0.795918,1.439394,1.183673,1.924242,1.408163,2.242424,1.612245,2.575758,0,0,0.0,0.0,0.0,0.0,0.0,0.0,0.0,0.0,0.0,0.0,0.0,0.0,0.0,0.0,0.0,0.0,0.0,0.0,0.0,0.0,0.0,0.0,0.0,0.0,0.0,0.0,0.0,0.0,0.0,0.0,0.0,0.0,0.0,0.0,0.0,0.0,0.0,0.0,0.0,0.0,0.0,0.0,J,7
0.0,0.0,0.836735,-0.074627,1.795918,0.313433,2.244898,0.850746,1.877551,1.238806,1.816327,1.0,2.346939,1.343284,1.979592,0.985075,1.673469,0.776119,1.510204,1.179104,1.959184,1.507463,1.612245,1.074627,1.367347,0.850746,1.163265,1.313433,1.55102,1.522388,1.204082,1.0,0.857143,0.701493,0.816327,1.447761,1.22449,1.925373,1.44898,2.223881,1.653061,2.552239,0,0,0.0,0.0,0.0,0.0,0.0,0.0,0.0,0.0,0.0,0.0,0.0,0.0,0.0,0.0,0.0,0.0,0.0,0.0,0.0,0.0,0.0,0.0,0.0,0.0,0.0,0.0,0.0,0.0,0.0,0.0,0.0,0.0,0.0,0.0,0.0,0.0,0.0,0.0,0.0,0.0,0.0,0.0,J,7
0.0,0.0,0.836735,-0.090909,1.816327,0.30303,2.244898,0.863636,1.836735,1.242424,1.816327,1.0,2.346939,1.333333,1.979592,0.954545,1.673469,0.772727,1.510204,1.166667,1.959184,1.515152,1.632653,1.060606,1.387755,0.848485,1.183673,1.30303,1.571429,1.530303,1.22449,1.0,0.877551,0.69697,0.816327,1.439394,1.22449,1.924242,1.44898,2.242424,1.632653,2.575758,0,0,0.0,0.0,0.0,0.0,0.0,0.0,0.0,0.0,0.0,0.0,0.0,0.0,0.0,0.0,0.0,0.0,0.0,0.0,0.0,0.0,0.0,0.0,0.0,0.0,0.0,0.0,0.0,0.0,0.0,0.0,0.0,0.0,0.0,0.0,0.0,0.0,0.0,0.0,0.0,0.0,0.0,0.0,J,7
0.0,0.0,0.82,-0.076923,1.74,0.307692,2.16,0.861538,1.84,1.246154,1.8,1.0,2.3,1.353846,1.94,0.984615,1.64,0.784615,1.5,1.184615,1.9,1.538462,1.58,1.076923,1.34,0.861538,1.16,1.323077,1.52,1.538462,1.16,1.015385,0.84,0.707692,0.8,1.461538,1.2,1.953846,1.42,2.276923,1.62,2.615385,0,0,0.0,0.0,0.0,0.0,0.0,0.0,0.0,0.0,0.0,0.0,0.0,0.0,0.0,0.0,0.0,0.0,0.0,0.0,0.0,0.0,0.0,0.0,0.0,0.0,0.0,0.0,0.0,0.0,0.0,0.0,0.0,0.0,0.0,0.0,0.0,0.0,0.0,0.0,0.0,0.0,0.0,0.0,J,7
0.0,0.0,0.8,-0.107692,1.76,0.276923,2.2,0.830769,1.86,1.230769,1.82,1.0,2.34,1.338462,1.96,0.953846,1.64,0.753846,1.52,1.184615,1.94,1.523077,1.6,1.076923,1.36,0.861538,1.18,1.323077,1.54,1.523077,1.18,0.984615,0.84,0.676923,0.82,1.461538,1.22,1.938462,1.48,2.246154,1.68,2.584615,0,0,0.0,0.0,0.0,0.0,0.0,0.0,0.0,0.0,0.0,0.0,0.0,0.0,0.0,0.0,0.0,0.0,0.0,0.0,0.0,0.0,0.0,0.0,0.0,0.0,0.0,0.0,0.0,0.0,0.0,0.0,0.0,0.0,0.0,0.0,0.0,0.0,0.0,0.0,0.0,0.0,0.0,0.0,J,7
0.0,0.0,0.82,-0.111111,1.76,0.269841,2.2,0.825397,1.88,1.253968,1.84,1.0,2.36,1.365079,1.96,0.984127,1.66,0.777778,1.54,1.206349,1.96,1.555556,1.62,1.111111,1.38,0.888889,1.2,1.349206,1.56,1.555556,1.18,1.015873,0.86,0.698413,0.84,1.492063,1.24,2.0,1.48,2.31746,1.7,2.650794,0,0,0.0,0.0,0.0,0.0,0.0,0.0,0.0,0.0,0.0,0.0,0.0,0.0,0.0,0.0,0.0,0.0,0.0,0.0,0.0,0.0,0.0,0.0,0.0,0.0,0.0,0.0,0.0,0.0,0.0,0.0,0.0,0.0,0.0,0.0,0.0,0.0,0.0,0.0,0.0,0.0,0.0,0.0,J,7
0.0,0.0,0.836735,-0.142857,1.836735,0.269841,2.285714,0.84127,1.897959,1.253968,1.877551,1.0,2.408163,1.333333,2.0,0.968254,1.693878,0.761905,1.571429,1.190476,2.0,1.539683,1.653061,1.111111,1.44898,0.904762,1.22449,1.333333,1.591837,1.539683,1.22449,0.984127,0.897959,0.666667,0.877551,1.47619,1.285714,1.968254,1.55102,2.285714,1.77551,2.650794,0,0,0.0,0.0,0.0,0.0,0.0,0.0,0.0,0.0,0.0,0.0,0.0,0.0,0.0,0.0,0.0,0.0,0.0,0.0,0.0,0.0,0.0,0.0,0.0,0.0,0.0,0.0,0.0,0.0,0.0,0.0,0.0,0.0,0.0,0.0,0.0,0.0,0.0,0.0,0.0,0.0,0.0,0.0,J,7
0.0,0.0,0.833333,-0.107692,1.8125,0.276923,2.3125,0.8,1.958333,1.184615,1.875,1.0,2.416667,1.353846,2.020833,0.969231,1.708333,0.753846,1.5625,1.169231,2.041667,1.523077,1.666667,1.061538,1.4375,0.846154,1.208333,1.307692,1.604167,1.507692,1.25,0.953846,0.916667,0.661538,0.875,1.446154,1.291667,1.923077,1.541667,2.230769,1.770833,2.569231,0,0,0.0,0.0,0.0,0.0,0.0,0.0,0.0,0.0,0.0,0.0,0.0,0.0,0.0,0.0,0.0,0.0,0.0,0.0,0.0,0.0,0.0,0.0,0.0,0.0,0.0,0.0,0.0,0.0,0.0,0.0,0.0,0.0,0.0,0.0,0.0,0.0,0.0,0.0,0.0,0.0,0.0,0.0,J,7
0.0,0.0,0.87234,-0.086957,1.87234,0.318841,2.382979,0.797101,2.042553,1.144928,1.87234,1.0,2.404255,1.304348,2.021277,0.927536,1.702128,0.724638,1.553191,1.15942,2.042553,1.478261,1.680851,1.028986,1.446809,0.811594,1.212766,1.26087,1.617021,1.434783,1.276596,0.898551,0.957447,0.608696,0.87234,1.362319,1.297872,1.826087,1.531915,2.115942,1.744681,2.449275,0,0,0.0,0.0,0.0,0.0,0.0,0.0,0.0,0.0,0.0,0.0,0.0,0.0,0.0,0.0,0.0,0.0,0.0,0.0,0.0,0.0,0.0,0.0,0.0,0.0,0.0,0.0,0.0,0.0,0.0,0.0,0.0,0.0,0.0,0.0,0.0,0.0,0.0,0.0,0.0,0.0,0.0,0.0,J,7
0.0,0.0,1.04878,0.011628,2.073171,0.337209,2.634146,0.651163,2.390244,0.906977,1.756098,1.0,2.439024,1.232558,2.146341,0.872093,1.853659,0.709302,1.365854,1.05814,2.121951,1.22093,1.756098,0.802326,1.414634,0.627907,1.04878,1.081395,1.731707,1.174419,1.463415,0.744186,1.121951,0.534884,0.756098,1.081395,1.292683,1.465116,1.609756,1.709302,1.853659,1.965116,0,0,0.0,0.0,0.0,0.0,0.0,0.0,0.0,0.0,0.0,0.0,0.0,0.0,0.0,0.0,0.0,0.0,0.0,0.0,0.0,0.0,0.0,0.0,0.0,0.0,0.0,0.0,0.0,0.0,0.0,0.0,0.0,0.0,0.0,0.0,0.0,0.0,0.0,0.0,0.0,0.0,0.0,0.0,J,7
0.0,0.0,1.121951,0.034091,2.097561,0.352273,2.634146,0.670455,2.365854,0.886364,1.707317,1.0,2.439024,1.227273,2.170732,0.852273,1.902439,0.704545,1.317073,1.045455,2.097561,1.159091,1.756098,0.727273,1.414634,0.590909,0.97561,1.034091,1.780488,1.102273,1.536585,0.693182,1.195122,0.522727,0.707317,1.011364,1.292683,1.363636,1.609756,1.602273,1.804878,1.863636,0,0,0.0,0.0,0.0,0.0,0.0,0.0,0.0,0.0,0.0,0.0,0.0,0.0,0.0,0.0,0.0,0.0,0.0,0.0,0.0,0.0,0.0,0.0,0.0,0.0,0.0,0.0,0.0,0.0,0.0,0.0,0.0,0.0,0.0,0.0,0.0,0.0,0.0,0.0,0.0,0.0,0.0,0.0,J,7
0.0,0.0,1.170732,0.055556,2.097561,0.366667,2.609756,0.666667,2.414634,0.877778,1.585366,1.0,2.365854,1.244444,2.170732,0.888889,1.926829,0.733333,1.170732,0.988889,2.02439,1.122222,1.780488,0.7,1.439024,0.566667,0.829268,0.944444,1.682927,1.044444,1.536585,0.666667,1.219512,0.511111,0.585366,0.877778,1.170732,1.222222,1.536585,1.477778,1.804878,1.744444,0,0,0.0,0.0,0.0,0.0,0.0,0.0,0.0,0.0,0.0,0.0,0.0,0.0,0.0,0.0,0.0,0.0,0.0,0.0,0.0,0.0,0.0,0.0,0.0,0.0,0.0,0.0,0.0,0.0,0.0,0.0,0.0,0.0,0.0,0.0,0.0,0.0,0.0,0.0,0.0,0.0,0.0,0.0,J,7
0.0,0.0,1.7,0.093458,2.933333,0.364486,3.666667,0.598131,3.366667,0.728972,1.766667,1.0,3.233333,1.065421,3.0,0.747664,2.6,0.654206,1.233333,0.971963,2.9,0.943925,2.6,0.588785,2.1,0.514019,0.866667,0.869159,2.5,0.841121,2.3,0.542056,1.833333,0.439252,0.766667,0.738318,1.7,1.018692,2.3,1.233645,2.7,1.457944,0,0,0.0,0.0,0.0,0.0,0.0,0.0,0.0,0.0,0.0,0.0,0.0,0.0,0.0,0.0,0.0,0.0,0.0,0.0,0.0,0.0,0.0,0.0,0.0,0.0,0.0,0.0,0.0,0.0,0.0,0.0,0.0,0.0,0.0,0.0,0.0,0.0,0.0,0.0,0.0,0.0,0.0,0.0,J,7
0.0,0.0,1.59375,0.121495,2.6875,0.364486,3.375,0.570093,3.3125,0.719626,1.71875,1.0,3.0,1.056075,2.8125,0.747664,2.4375,0.64486,1.21875,0.971963,2.6875,0.906542,2.46875,0.579439,2.09375,0.523364,0.875,0.850467,2.375,0.803738,2.21875,0.523364,1.78125,0.439252,0.71875,0.700935,1.625,0.925234,2.15625,1.121495,2.5625,1.336449,0,0,0.0,0.0,0.0,0.0,0.0,0.0,0.0,0.0,0.0,0.0,0.0,0.0,0.0,0.0,0.0,0.0,0.0,0.0,0.0,0.0,0.0,0.0,0.0,0.0,0.0,0.0,0.0,0.0,0.0,0.0,0.0,0.0,0.0,0.0,0.0,0.0,0.0,0.0,0.0,0.0,0.0,0.0,J,7
0.0,0.0,1.7,0.132743,2.866667,0.380531,3.633333,0.584071,3.533333,0.707965,1.633333,1.0,3.2,0.955752,2.966667,0.681416,2.5,0.610619,1.1,0.973451,2.9,0.79646,2.633333,0.522124,2.233333,0.486726,0.766667,0.831858,2.566667,0.707965,2.366667,0.469027,1.866667,0.39823,0.633333,0.654867,1.7,0.849558,2.3,1.026549,2.833333,1.212389,0,0,0.0,0.0,0.0,0.0,0.0,0.0,0.0,0.0,0.0,0.0,0.0,0.0,0.0,0.0,0.0,0.0,0.0,0.0,0.0,0.0,0.0,0.0,0.0,0.0,0.0,0.0,0.0,0.0,0.0,0.0,0.0,0.0,0.0,0.0,0.0,0.0,0.0,0.0,0.0,0.0,0.0,0.0,J,7
0.0,0.0,2.130435,0.147826,3.434783,0.382609,4.391304,0.565217,4.478261,0.686957,1.478261,1.0,3.782609,0.965217,3.73913,0.695652,3.173913,0.6,0.782609,0.947826,3.521739,0.817391,3.391304,0.556522,2.913043,0.469565,0.478261,0.782609,3.173913,0.686957,2.956522,0.46087,2.391304,0.373913,0.478261,0.565217,1.913043,0.756522,2.695652,0.93913,3.434783,1.121739,0,0,0.0,0.0,0.0,0.0,0.0,0.0,0.0,0.0,0.0,0.0,0.0,0.0,0.0,0.0,0.0,0.0,0.0,0.0,0.0,0.0,0.0,0.0,0.0,0.0,0.0,0.0,0.0,0.0,0.0,0.0,0.0,0.0,0.0,0.0,0.0,0.0,0.0,0.0,0.0,0.0,0.0,0.0,J,7
0.0,0.0,2.045455,0.12931,3.409091,0.362069,4.363636,0.543103,4.272727,0.672414,1.0,1.0,3.5,0.965517,3.5,0.698276,3.0,0.594828,0.227273,0.931034,3.363636,0.810345,3.136364,0.560345,2.636364,0.456897,-0.045455,0.75,3.0,0.663793,2.636364,0.439655,1.954545,0.344828,0.0,0.517241,1.727273,0.672414,2.636364,0.836207,3.545455,1.0,0,0,0.0,0.0,0.0,0.0,0.0,0.0,0.0,0.0,0.0,0.0,0.0,0.0,0.0,0.0,0.0,0.0,0.0,0.0,0.0,0.0,0.0,0.0,0.0,0.0,0.0,0.0,0.0,0.0,0.0,0.0,0.0,0.0,0.0,0.0,0.0,0.0,0.0,0.0,0.0,0.0,0.0,0.0,J,7
0.0,0.0,1.423077,0.128205,2.423077,0.34188,3.192308,0.529915,3.269231,0.666667,0.538462,1.0,2.692308,0.931624,2.692308,0.683761,2.192308,0.589744,-0.192308,0.905983,2.615385,0.777778,2.384615,0.529915,1.961538,0.418803,-0.461538,0.717949,2.269231,0.598291,1.769231,0.367521,1.115385,0.247863,-0.461538,0.470085,1.076923,0.598291,1.923077,0.74359,2.807692,0.905983,0,0,0.0,0.0,0.0,0.0,0.0,0.0,0.0,0.0,0.0,0.0,0.0,0.0,0.0,0.0,0.0,0.0,0.0,0.0,0.0,0.0,0.0,0.0,0.0,0.0,0.0,0.0,0.0,0.0,0.0,0.0,0.0,0.0,0.0,0.0,0.0,0.0,0.0,0.0,0.0,0.0,0.0,0.0,J,7
0.0,0.0,2.4,0.152542,3.95,0.372881,5.05,0.559322,4.6,0.618644,1.15,1.0,4.1,0.957627,4.2,0.686441,3.6,0.59322,0.35,0.898305,3.95,0.771186,3.7,0.508475,3.1,0.432203,0.05,0.711864,3.6,0.601695,3.15,0.381356,2.3,0.313559,0.15,0.474576,2.45,0.508475,3.5,0.576271,4.4,0.694915,0,0,0.0,0.0,0.0,0.0,0.0,0.0,0.0,0.0,0.0,0.0,0.0,0.0,0.0,0.0,0.0,0.0,0.0,0.0,0.0,0.0,0.0,0.0,0.0,0.0,0.0,0.0,0.0,0.0,0.0,0.0,0.0,0.0,0.0,0.0,0.0,0.0,0.0,0.0,0.0,0.0,0.0,0.0,J,7
0.0,0.0,2.5,0.13913,4.0,0.356522,5.3,0.530435,5.6,0.643478,1.7,1.0,4.7,0.93913,4.65,0.66087,3.95,0.573913,0.9,0.895652,4.65,0.730435,4.25,0.478261,3.55,0.4,0.6,0.695652,4.25,0.547826,3.65,0.347826,2.65,0.278261,0.7,0.443478,3.1,0.469565,4.25,0.547826,5.25,0.669565,0,0,0.0,0.0,0.0,0.0,0.0,0.0,0.0,0.0,0.0,0.0,0.0,0.0,0.0,0.0,0.0,0.0,0.0,0.0,0.0,0.0,0.0,0.0,0.0,0.0,0.0,0.0,0.0,0.0,0.0,0.0,0.0,0.0,0.0,0.0,0.0,0.0,0.0,0.0,0.0,0.0,0.0,0.0,J,7
0.0,0.0,4.090909,0.198198,7.090909,0.405405,9.818182,0.540541,10.363636,0.612613,3.181818,1.0,8.818182,0.972973,8.727273,0.684685,7.272727,0.603604,2.090909,0.846847,8.818182,0.711712,8.090909,0.459459,6.727273,0.396396,1.909091,0.612613,8.454545,0.495495,7.181818,0.306306,5.363636,0.261261,2.181818,0.342342,6.545455,0.405405,8.727273,0.495495,10.636364,0.603604,0,0,0.0,0.0,0.0,0.0,0.0,0.0,0.0,0.0,0.0,0.0,0.0,0.0,0.0,0.0,0.0,0.0,0.0,0.0,0.0,0.0,0.0,0.0,0.0,0.0,0.0,0.0,0.0,0.0,0.0,0.0,0.0,0.0,0.0,0.0,0.0,0.0,0.0,0.0,0.0,0.0,0.0,0.0,J,7
0.0,0.0,15.0,0.231481,26.333333,0.444444,37.333333,0.527778,40.333333,0.518519,11.666667,1.0,33.333333,1.009259,32.666667,0.75,27.333333,0.675926,8.333333,0.805556,33.0,0.75,31.333333,0.518519,26.0,0.481481,8.333333,0.537037,32.333333,0.518519,29.333333,0.37037,22.666667,0.351852,10.666667,0.259259,27.0,0.333333,35.666667,0.398148,42.666667,0.509259,0,0,0.0,0.0,0.0,0.0,0.0,0.0,0.0,0.0,0.0,0.0,0.0,0.0,0.0,0.0,0.0,0.0,0.0,0.0,0.0,0.0,0.0,0.0,0.0,0.0,0.0,0.0,0.0,0.0,0.0,0.0,0.0,0.0,0.0,0.0,0.0,0.0,0.0,0.0,0.0,0.0,0.0,0.0,J,7
0.0,0.0,6.6,0.358491,14.8,0.622642,23.0,0.679245,24.0,0.537736,6.6,1.0,20.4,1.018868,20.2,0.773585,17.2,0.707547,5.4,0.764151,20.6,0.745283,19.8,0.528302,16.8,0.481132,5.8,0.490566,20.4,0.5,19.6,0.358491,17.0,0.330189,7.6,0.207547,17.8,0.283019,23.0,0.320755,27.0,0.386792,0,0,0.0,0.0,0.0,0.0,0.0,0.0,0.0,0.0,0.0,0.0,0.0,0.0,0.0,0.0,0.0,0.0,0.0,0.0,0.0,0.0,0.0,0.0,0.0,0.0,0.0,0.0,0.0,0.0,0.0,0.0,0.0,0.0,0.0,0.0,0.0,0.0,0.0,0.0,0.0,0.0,0.0,0.0,J,7
0.0,0.0,2.454545,0.367925,5.818182,0.641509,9.727273,0.716981,11.454545,0.650943,2.818182,1.0,9.090909,1.037736,9.0,0.792453,7.545455,0.716981,2.636364,0.792453,9.454545,0.745283,8.909091,0.528302,7.363636,0.471698,3.0,0.528302,9.636364,0.509434,9.0,0.349057,7.545455,0.311321,3.818182,0.245283,8.636364,0.245283,11.181818,0.226415,13.181818,0.235849,0,0,0.0,0.0,0.0,0.0,0.0,0.0,0.0,0.0,0.0,0.0,0.0,0.0,0.0,0.0,0.0,0.0,0.0,0.0,0.0,0.0,0.0,0.0,0.0,0.0,0.0,0.0,0.0,0.0,0.0,0.0,0.0,0.0,0.0,0.0,0.0,0.0,0.0,0.0,0.0,0.0,0.0,0.0,J,7
0.0,0.0,2.076923,0.377358,5.0,0.641509,8.230769,0.726415,9.769231,0.679245,2.461538,1.0,7.692308,1.037736,7.692308,0.792453,6.384615,0.716981,2.384615,0.783019,8.0,0.745283,7.615385,0.537736,6.307692,0.481132,2.769231,0.509434,8.230769,0.518868,7.846154,0.358491,6.615385,0.320755,3.461538,0.226415,7.538462,0.226415,9.692308,0.207547,11.384615,0.207547,0,0,0.0,0.0,0.0,0.0,0.0,0.0,0.0,0.0,0.0,0.0,0.0,0.0,0.0,0.0,0.0,0.0,0.0,0.0,0.0,0.0,0.0,0.0,0.0,0.0,0.0,0.0,0.0,0.0,0.0,0.0,0.0,0.0,0.0,0.0,0.0,0.0,0.0,0.0,0.0,0.0,0.0,0.0,J,7
0.0,0.0,2.25,0.392523,5.666667,0.654206,9.333333,0.757009,10.666667,0.663551,2.75,1.0,8.5,1.018692,8.5,0.775701,7.083333,0.700935,2.666667,0.775701,8.833333,0.738318,8.333333,0.523364,6.833333,0.46729,3.083333,0.504673,9.0,0.504673,8.333333,0.345794,6.833333,0.317757,3.75,0.224299,8.166667,0.224299,10.5,0.196262,12.416667,0.196262,0,0,0.0,0.0,0.0,0.0,0.0,0.0,0.0,0.0,0.0,0.0,0.0,0.0,0.0,0.0,0.0,0.0,0.0,0.0,0.0,0.0,0.0,0.0,0.0,0.0,0.0,0.0,0.0,0.0,0.0,0.0,0.0,0.0,0.0,0.0,0.0,0.0,0.0,0.0,0.0,0.0,0.0,0.0,J,7
0.0,0.0,1.928571,0.375,4.928571,0.653846,8.071429,0.778846,8.928571,0.711538,2.5,1.0,7.357143,1.028846,7.214286,0.788462,6.0,0.711538,2.428571,0.769231,7.642857,0.721154,7.214286,0.519231,5.928571,0.480769,2.857143,0.490385,7.785714,0.471154,7.214286,0.326923,6.0,0.298077,3.5,0.201923,7.142857,0.192308,9.214286,0.182692,10.928571,0.182692,0,0,0.0,0.0,0.0,0.0,0.0,0.0,0.0,0.0,0.0,0.0,0.0,0.0,0.0,0.0,0.0,0.0,0.0,0.0,0.0,0.0,0.0,0.0,0.0,0.0,0.0,0.0,0.0,0.0,0.0,0.0,0.0,0.0,0.0,0.0,0.0,0.0,0.0,0.0,0.0,0.0,0.0,0.0,J,7
0.0,0.0,1.333333,0.382353,3.722222,0.676471,6.333333,0.813725,7.0,0.72549,2.055556,1.0,5.833333,1.039216,5.666667,0.803922,4.611111,0.72549,2.166667,0.745098,6.166667,0.735294,5.666667,0.519608,4.611111,0.470588,2.555556,0.460784,6.388889,0.460784,5.666667,0.333333,4.555556,0.323529,3.055556,0.176471,6.055556,0.137255,7.722222,0.107843,9.055556,0.107843,0,0,0.0,0.0,0.0,0.0,0.0,0.0,0.0,0.0,0.0,0.0,0.0,0.0,0.0,0.0,0.0,0.0,0.0,0.0,0.0,0.0,0.0,0.0,0.0,0.0,0.0,0.0,0.0,0.0,0.0,0.0,0.0,0.0,0.0,0.0,0.0,0.0,0.0,0.0,0.0,0.0,0.0,0.0,J,7
0.0,0.0,1.388889,0.38,3.777778,0.69,6.444444,0.84,7.055556,0.75,2.055556,1.0,5.888889,1.07,5.666667,0.83,4.666667,0.76,2.166667,0.75,6.222222,0.76,5.722222,0.56,4.666667,0.52,2.555556,0.46,6.444444,0.49,5.833333,0.36,4.777778,0.33,3.055556,0.17,6.111111,0.15,7.777778,0.11,9.222222,0.1,0,0,0.0,0.0,0.0,0.0,0.0,0.0,0.0,0.0,0.0,0.0,0.0,0.0,0.0,0.0,0.0,0.0,0.0,0.0,0.0,0.0,0.0,0.0,0.0,0.0,0.0,0.0,0.0,0.0,0.0,0.0,0.0,0.0,0.0,0.0,0.0,0.0,0.0,0.0,0.0,0.0,0.0,0.0,J,7
0.0,0.0,0.913043,0.4,2.782609,0.736842,4.869565,0.894737,5.652174,0.8,1.695652,1.0,4.695652,1.094737,4.478261,0.863158,3.652174,0.789474,1.913043,0.715789,5.0,0.778947,4.652174,0.578947,3.826087,0.515789,2.304348,0.410526,5.26087,0.484211,4.782609,0.368421,3.913043,0.336842,2.695652,0.126316,5.086957,0.115789,6.391304,0.073684,7.478261,0.052632,0,0,0.0,0.0,0.0,0.0,0.0,0.0,0.0,0.0,0.0,0.0,0.0,0.0,0.0,0.0,0.0,0.0,0.0,0.0,0.0,0.0,0.0,0.0,0.0,0.0,0.0,0.0,0.0,0.0,0.0,0.0,0.0,0.0,0.0,0.0,0.0,0.0,0.0,0.0,0.0,0.0,0.0,0.0,J,7
0.0,0.0,0.791667,0.402174,2.5,0.728261,4.416667,0.858696,5.375,0.826087,1.75,1.0,4.625,1.108696,4.333333,0.880435,3.583333,0.793478,1.958333,0.706522,4.875,0.793478,4.5,0.608696,3.75,0.532609,2.333333,0.391304,5.125,0.5,4.666667,0.391304,3.875,0.358696,2.75,0.119565,4.958333,0.119565,6.208333,0.054348,7.25,0.021739,0,0,0.0,0.0,0.0,0.0,0.0,0.0,0.0,0.0,0.0,0.0,0.0,0.0,0.0,0.0,0.0,0.0,0.0,0.0,0.0,0.0,0.0,0.0,0.0,0.0,0.0,0.0,0.0,0.0,0.0,0.0,0.0,0.0,0.0,0.0,0.0,0.0,0.0,0.0,0.0,0.0,0.0,0.0,J,7
0.0,0.0,0.533333,0.452381,1.9,0.821429,3.433333,0.952381,4.1,0.845238,1.2,1.0,3.533333,1.154762,3.2,0.916667,2.6,0.809524,1.466667,0.666667,3.666667,0.833333,3.333333,0.642857,2.766667,0.547619,1.833333,0.333333,3.9,0.511905,3.533333,0.392857,2.9,0.333333,2.2,0.047619,3.966667,0.071429,5.0,0.011905,5.8,-0.02381,0,0,0.0,0.0,0.0,0.0,0.0,0.0,0.0,0.0,0.0,0.0,0.0,0.0,0.0,0.0,0.0,0.0,0.0,0.0,0.0,0.0,0.0,0.0,0.0,0.0,0.0,0.0,0.0,0.0,0.0,0.0,0.0,0.0,0.0,0.0,0.0,0.0,0.0,0.0,0.0,0.0,0.0,0.0,J,7
0.0,0.0,0.40625,0.4875,1.65625,0.8875,3.03125,1.05,3.6875,0.9875,1.03125,1.0,3.25,1.175,2.96875,0.9375,2.34375,0.8375,1.28125,0.65,3.4375,0.8625,3.09375,0.675,2.53125,0.575,1.65625,0.3125,3.65625,0.55,3.3125,0.4375,2.6875,0.3625,2.03125,0.025,3.6875,0.0625,4.65625,0.0125,5.46875,0.0125,0,0,0.0,0.0,0.0,0.0,0.0,0.0,0.0,0.0,0.0,0.0,0.0,0.0,0.0,0.0,0.0,0.0,0.0,0.0,0.0,0.0,0.0,0.0,0.0,0.0,0.0,0.0,0.0,0.0,0.0,0.0,0.0,0.0,0.0,0.0,0.0,0.0,0.0,0.0,0.0,0.0,0.0,0.0,J,7
0.0,0.0,0.322581,0.513158,1.483871,0.934211,2.870968,1.105263,3.612903,1.052632,1.0,1.0,3.225806,1.197368,2.903226,0.986842,2.322581,0.868421,1.290323,0.631579,3.419355,0.881579,3.064516,0.710526,2.516129,0.605263,1.645161,0.289474,3.645161,0.565789,3.258065,0.473684,2.612903,0.381579,2.0,0.013158,3.709677,0.052632,4.741935,0.026316,5.580645,0.026316,0,0,0.0,0.0,0.0,0.0,0.0,0.0,0.0,0.0,0.0,0.0,0.0,0.0,0.0,0.0,0.0,0.0,0.0,0.0,0.0,0.0,0.0,0.0,0.0,0.0,0.0,0.0,0.0,0.0,0.0,0.0,0.0,0.0,0.0,0.0,0.0,0.0,0.0,0.0,0.0,0.0,0.0,0.0,J,7
0.0,0.0,0.060606,0.576271,0.909091,1.135593,1.969697,1.338983,2.454545,1.186441,0.242424,1.0,2.090909,1.322034,2.0,1.152542,1.454545,1.0,0.484848,0.542373,2.454545,0.915254,2.181818,0.762712,1.575758,0.610169,0.848485,0.135593,2.69697,0.525424,2.454545,0.457627,1.848485,0.338983,1.242424,-0.169492,2.575758,0.050847,3.090909,0.067797,3.363636,0.050847,-0.7878787878787878,0.15254237288135594,0.0,0.0,0.354839,0.506849,1.483871,0.958904,2.870968,1.136986,3.645161,1.054795,1.096774,1.0,3.354839,1.219178,3.129032,1.013699,2.548387,0.876712,1.387097,0.616438,3.516129,0.876712,3.193548,0.726027,2.677419,0.616438,1.741935,0.260274,3.741935,0.561644,3.354839,0.493151,2.709677,0.424658,2.096774,-0.013699,3.83871,0.068493,4.903226,0.068493,5.774194,0.068493,J,7
0.0,0.0,0.257143,0.535211,1.228571,1.0,2.428571,1.169014,3.228571,1.098592,0.971429,1.0,3.0,1.253521,2.742857,1.070423,2.2,0.929577,1.285714,0.605634,3.171429,0.943662,2.857143,0.830986,2.428571,0.704225,1.657143,0.253521,3.371429,0.619718,3.028571,0.577465,2.485714,0.492958,1.971429,-0.014085,3.485714,0.126761,4.428571,0.140845,5.2,0.15493,0,0,0.0,0.0,0.0,0.0,0.0,0.0,0.0,0.0,0.0,0.0,0.0,0.0,0.0,0.0,0.0,0.0,0.0,0.0,0.0,0.0,0.0,0.0,0.0,0.0,0.0,0.0,0.0,0.0,0.0,0.0,0.0,0.0,0.0,0.0,0.0,0.0,0.0,0.0,0.0,0.0,0.0,0.0,J,7
0.0,0.0,0.257143,0.541667,1.228571,0.972222,2.371429,1.069444,3.171429,0.958333,1.114286,1.0,3.142857,1.25,2.8,1.097222,2.257143,0.972222,1.457143,0.597222,3.314286,0.944444,2.971429,0.875,2.485714,0.736111,1.8,0.25,3.485714,0.652778,3.142857,0.625,2.6,0.541667,2.114286,0.013889,3.571429,0.152778,4.485714,0.166667,5.314286,0.166667,0,0,0.0,0.0,0.0,0.0,0.0,0.0,0.0,0.0,0.0,0.0,0.0,0.0,0.0,0.0,0.0,0.0,0.0,0.0,0.0,0.0,0.0,0.0,0.0,0.0,0.0,0.0,0.0,0.0,0.0,0.0,0.0,0.0,0.0,0.0,0.0,0.0,0.0,0.0,0.0,0.0,0.0,0.0,J,7
0.0,0.0,-0.027778,0.634615,0.444444,1.230769,1.222222,1.442308,1.805556,1.25,-0.027778,1.0,1.611111,1.423077,1.527778,1.25,1.055556,1.057692,0.25,0.5,1.916667,1.0,1.694444,0.884615,1.222222,0.711538,0.611111,0.076923,2.111111,0.615385,1.888889,0.596154,1.388889,0.480769,0.972222,-0.230769,2.083333,0.038462,2.638889,0.115385,2.944444,0.153846,-1.3611111111111112,0.3076923076923077,0.0,0.0,0.228571,0.583333,1.228571,1.0,2.342857,1.027778,3.085714,0.875,1.228571,1.0,3.2,1.25,2.828571,1.152778,2.314286,1.027778,1.6,0.597222,3.428571,0.972222,3.028571,0.930556,2.6,0.791667,1.942857,0.263889,3.571429,0.666667,3.2,0.708333,2.685714,0.638889,2.228571,0.041667,3.657143,0.194444,4.542857,0.236111,5.314286,0.222222,J,7
0.0,0.0,-0.04878,0.6875,0.268293,1.333333,0.878049,1.541667,1.341463,1.416667,-0.121951,1.0,1.219512,1.5625,1.243902,1.458333,0.926829,1.270833,0.170732,0.458333,1.536585,1.125,1.317073,1.020833,0.95122,0.854167,0.536585,0.041667,1.756098,0.729167,1.487805,0.75,1.073171,0.604167,0.878049,-0.25,1.97561,0.104167,2.439024,0.229167,2.707317,0.25,-1.3170731707317074,0.3541666666666667,0.0,0.0,0.228571,0.589041,1.228571,1.0,2.342857,1.054795,3.114286,0.90411,1.257143,1.0,3.171429,1.260274,2.771429,1.123288,2.257143,1.0,1.628571,0.60274,3.4,0.958904,2.971429,0.876712,2.485714,0.739726,1.971429,0.273973,3.571429,0.657534,3.171429,0.643836,2.628571,0.561644,2.257143,0.054795,3.714286,0.219178,4.571429,0.260274,5.342857,0.273973,J,7
0.0,0.0,0.0,0.717391,0.342105,1.369565,0.973684,1.565217,1.526316,1.413043,0.026316,1.0,1.447368,1.608696,1.394737,1.413043,0.973684,1.195652,0.315789,0.456522,1.736842,1.152174,1.473684,0.934783,1.078947,0.782609,0.684211,0.021739,1.947368,0.73913,1.657895,0.673913,1.184211,0.5,1.026316,-0.282609,2.236842,0.043478,2.868421,0.195652,3.315789,0.304348,-1.3421052631578947,0.41304347826086957,0.0,0.0,0.264706,0.619718,1.264706,1.014085,2.352941,1.056338,3.117647,0.887324,1.382353,1.0,3.235294,1.295775,2.794118,1.15493,2.294118,1.028169,1.764706,0.605634,3.470588,0.985915,3.0,0.901408,2.5,0.760563,2.117647,0.28169,3.647059,0.676056,3.235294,0.661972,2.676471,0.56338,2.382353,0.056338,3.794118,0.239437,4.647059,0.295775,5.411765,0.323944,J,7
0.0,0.0,-0.026316,0.673469,0.421053,1.306122,1.131579,1.44898,1.710526,1.265306,0.157895,1.0,1.631579,1.530612,1.447368,1.306122,1.026316,1.102041,0.473684,0.489796,1.894737,1.102041,1.578947,0.938776,1.236842,0.77551,0.815789,0.081633,2.078947,0.673469,1.763158,0.653061,1.263158,0.510204,1.157895,-0.22449,2.368421,0.061224,3.052632,0.163265,3.552632,0.204082,-1.263157894736842,0.3469387755102041,0.0,0.0,0.3125,0.597222,1.40625,0.986111,2.625,1.041667,3.4375,0.888889,1.5625,1.0,3.53125,1.263889,3.0625,1.138889,2.5625,1.013889,1.9375,0.611111,3.71875,0.972222,3.21875,0.888889,2.75,0.75,2.25,0.291667,3.90625,0.666667,3.46875,0.638889,2.9375,0.555556,2.5625,0.055556,4.0625,0.236111,4.96875,0.291667,5.78125,0.333333,J,7
0.0,0.0,0.0,0.666667,0.512821,1.333333,1.230769,1.520833,1.820513,1.333333,0.25641,1.0,1.717949,1.583333,1.487179,1.333333,1.076923,1.145833,0.589744,0.458333,1.974359,1.125,1.641026,0.958333,1.282051,0.75,0.923077,0.0625,2.179487,0.729167,1.871795,0.666667,1.384615,0.5,1.25641,-0.1875,2.461538,0.104167,3.205128,0.166667,3.769231,0.166667,-1.0769230769230769,0.3541666666666667,0.0,0.0,0.28125,0.611111,1.375,1.0,2.5625,1.055556,3.375,0.888889,1.59375,1.0,3.46875,1.277778,3.0,1.138889,2.5,1.027778,1.96875,0.611111,3.6875,0.972222,3.1875,0.888889,2.71875,0.763889,2.28125,0.291667,3.84375,0.680556,3.4375,0.652778,2.90625,0.569444,2.59375,0.055556,4.0625,0.236111,4.96875,0.305556,5.75,0.347222,J,7
0.0,0.0,-0.027778,0.653846,0.638889,1.307692,1.472222,1.5,2.138889,1.326923,0.5,1.0,2.111111,1.519231,1.805556,1.346154,1.333333,1.173077,0.861111,0.519231,2.361111,1.134615,1.972222,1.0,1.555556,0.826923,1.194444,0.134615,2.583333,0.75,2.194444,0.711538,1.666667,0.576923,1.5,-0.096154,2.833333,0.173077,3.666667,0.25,4.305556,0.25,-0.8611111111111112,0.23076923076923078,0.0,0.0,0.28125,0.628571,1.34375,1.042857,2.53125,1.1,3.375,0.957143,1.5,1.0,3.375,1.3,2.9375,1.185714,2.4375,1.057143,1.875,0.614286,3.625,1.0,3.125,0.914286,2.65625,0.785714,2.21875,0.285714,3.8125,0.685714,3.40625,0.671429,2.90625,0.585714,2.5,0.057143,3.96875,0.242857,4.875,0.314286,5.6875,0.371429,J,7
0.0,0.0,0.272727,0.619718,1.30303,1.014085,2.454545,1.084507,3.272727,0.943662,1.484848,1.0,3.30303,1.295775,2.848485,1.169014,2.393939,1.042254,1.878788,0.619718,3.515152,1.0,3.030303,0.915493,2.575758,0.788732,2.212121,0.295775,3.69697,0.704225,3.30303,0.676056,2.818182,0.591549,2.484848,0.084507,3.939394,0.267606,4.818182,0.338028,5.575758,0.380282,0,0,0.0,0.0,0.0,0.0,0.0,0.0,0.0,0.0,0.0,0.0,0.0,0.0,0.0,0.0,0.0,0.0,0.0,0.0,0.0,0.0,0.0,0.0,0.0,0.0,0.0,0.0,0.0,0.0,0.0,0.0,0.0,0.0,0.0,0.0,0.0,0.0,0.0,0.0,0.0,0.0,0.0,0.0,J,7
0.0,0.0,-0.083333,0.688889,0.333333,1.377778,1.0,1.6,1.611111,1.444444,0.111111,1.0,1.611111,1.577778,1.416667,1.355556,0.944444,1.133333,0.444444,0.444444,1.888889,1.133333,1.583333,0.977778,1.138889,0.755556,0.777778,0.022222,2.083333,0.711111,1.833333,0.688889,1.361111,0.511111,1.111111,-0.288889,2.222222,0.111111,2.722222,0.2,3.0,0.2,-1.3333333333333333,0.4444444444444444,0.0,0.0,0.235294,0.633803,1.235294,1.028169,2.352941,1.084507,3.088235,0.929577,1.382353,1.0,3.176471,1.295775,2.735294,1.169014,2.264706,1.042254,1.764706,0.619718,3.382353,0.985915,2.911765,0.901408,2.470588,0.774648,2.088235,0.295775,3.558824,0.690141,3.176471,0.661972,2.705882,0.577465,2.382353,0.070423,3.764706,0.253521,4.617647,0.338028,5.352941,0.394366,J,7
0.0,0.0,-0.055556,0.617021,0.388889,1.297872,1.083333,1.489362,1.666667,1.340426,0.083333,1.0,1.583333,1.574468,1.388889,1.319149,0.972222,1.12766,0.388889,0.468085,1.888889,1.148936,1.583333,0.93617,1.166667,0.744681,0.722222,0.042553,2.083333,0.680851,1.805556,0.595745,1.305556,0.425532,1.083333,-0.234043,2.388889,0.12766,3.138889,0.212766,3.666667,0.234043,-1.4166666666666667,0.3829787234042553,0.0,0.0,0.257143,0.637681,1.257143,1.057971,2.371429,1.115942,3.114286,0.956522,1.371429,1.0,3.171429,1.333333,2.714286,1.188406,2.257143,1.043478,1.771429,0.594203,3.4,1.0,2.914286,0.913043,2.457143,0.782609,2.085714,0.26087,3.542857,0.695652,3.171429,0.681159,2.685714,0.608696,2.371429,0.043478,3.742857,0.26087,4.571429,0.347826,5.285714,0.405797,J,7
0.0,0.0,-0.026316,0.625,0.447368,1.291667,1.184211,1.458333,1.815789,1.3125,0.210526,1.0,1.631579,1.5625,1.473684,1.333333,1.078947,1.145833,0.526316,0.479167,1.921053,1.125,1.631579,0.9375,1.263158,0.770833,0.868421,0.0625,2.131579,0.6875,1.842105,0.645833,1.342105,0.520833,1.210526,-0.208333,2.447368,0.145833,3.105263,0.270833,3.552632,0.3125,-1.1578947368421053,0.375,0.0,0.0,0.2,0.661765,1.228571,1.088235,2.285714,1.132353,3.057143,0.985294,1.342857,1.0,3.114286,1.352941,2.657143,1.235294,2.2,1.088235,1.742857,0.602941,3.371429,1.029412,2.885714,0.955882,2.4,0.823529,2.057143,0.264706,3.542857,0.720588,3.142857,0.720588,2.685714,0.647059,2.342857,0.058824,3.685714,0.279412,4.514286,0.367647,5.257143,0.426471,J,7
0.0,0.0,0.0,0.647059,0.605263,1.333333,1.394737,1.529412,2.026316,1.352941,0.394737,1.0,1.894737,1.568627,1.631579,1.333333,1.236842,1.156863,0.736842,0.509804,2.157895,1.137255,1.789474,0.960784,1.394737,0.784314,1.078947,0.117647,2.368421,0.745098,2.052632,0.686275,1.552632,0.509804,1.394737,-0.117647,2.657895,0.196078,3.421053,0.294118,4.0,0.313725,-0.9210526315789473,0.2549019607843137,0.0,0.0,0.235294,0.652174,1.264706,1.057971,2.382353,1.115942,3.176471,0.971014,1.411765,1.0,3.235294,1.333333,2.735294,1.202899,2.264706,1.057971,1.794118,0.594203,3.470588,1.014493,2.970588,0.942029,2.5,0.811594,2.117647,0.275362,3.647059,0.710145,3.235294,0.710145,2.764706,0.623188,2.411765,0.057971,3.794118,0.275362,4.647059,0.362319,5.411765,0.42029,J,7
0.0,0.0,0.194444,0.671642,1.166667,1.089552,2.194444,1.134328,2.916667,0.970149,1.305556,1.0,3.027778,1.358209,2.555556,1.238806,2.111111,1.089552,1.694444,0.597015,3.277778,1.029851,2.777778,0.970149,2.333333,0.820896,2.027778,0.253731,3.444444,0.716418,3.055556,0.716418,2.583333,0.641791,2.305556,0.044776,3.583333,0.268657,4.388889,0.373134,5.083333,0.432836,0,0,0.0,0.0,0.0,0.0,0.0,0.0,0.0,0.0,0.0,0.0,0.0,0.0,0.0,0.0,0.0,0.0,0.0,0.0,0.0,0.0,0.0,0.0,0.0,0.0,0.0,0.0,0.0,0.0,0.0,0.0,0.0,0.0,0.0,0.0,0.0,0.0,0.0,0.0,0.0,0.0,0.0,0.0,J,7
0.0,0.0,-0.027778,0.603774,0.555556,1.301887,1.361111,1.54717,2.083333,1.433962,0.555556,1.0,2.138889,1.509434,1.888889,1.339623,1.416667,1.169811,0.944444,0.528302,2.416667,1.150943,2.027778,1.037736,1.611111,0.849057,1.277778,0.169811,2.611111,0.792453,2.25,0.792453,1.722222,0.641509,1.555556,-0.09434,2.777778,0.226415,3.416667,0.320755,3.916667,0.358491,-0.9166666666666666,0.20754716981132076,0.0,0.0,0.2,0.676471,1.2,1.117647,2.314286,1.205882,3.085714,1.073529,1.4,1.0,3.142857,1.352941,2.657143,1.25,2.2,1.102941,1.8,0.588235,3.4,1.029412,2.885714,0.970588,2.428571,0.838235,2.114286,0.264706,3.6,0.720588,3.171429,0.735294,2.685714,0.661765,2.4,0.058824,3.771429,0.294118,4.571429,0.382353,5.314286,0.441176,J,7
0.0,0.0,0.205882,0.666667,1.235294,1.115942,2.323529,1.202899,3.147059,1.072464,1.382353,1.0,3.205882,1.333333,2.705882,1.217391,2.205882,1.086957,1.764706,0.594203,3.441176,1.014493,2.941176,0.956522,2.470588,0.811594,2.088235,0.275362,3.617647,0.710145,3.205882,0.710145,2.705882,0.623188,2.382353,0.072464,3.764706,0.304348,4.617647,0.405797,5.382353,0.463768,0,0,0.0,0.0,0.0,0.0,0.0,0.0,0.0,0.0,0.0,0.0,0.0,0.0,0.0,0.0,0.0,0.0,0.0,0.0,0.0,0.0,0.0,0.0,0.0,0.0,0.0,0.0,0.0,0.0,0.0,0.0,0.0,0.0,0.0,0.0,0.0,0.0,0.0,0.0,0.0,0.0,0.0,0.0,J,7
0.0,0.0,-0.052632,0.717391,0.447368,1.434783,1.157895,1.695652,1.789474,1.565217,0.289474,1.0,1.789474,1.630435,1.578947,1.434783,1.105263,1.195652,0.631579,0.434783,2.052632,1.195652,1.763158,1.086957,1.342105,0.826087,0.973684,0.021739,2.263158,0.782609,2.0,0.76087,1.552632,0.543478,1.289474,-0.282609,2.394737,0.217391,2.789474,0.326087,2.973684,0.304348,-1.0789473684210527,0.3695652173913043,0.0,0.0,0.222222,0.671642,1.166667,1.134328,2.222222,1.253731,3.0,1.149254,1.361111,1.0,3.083333,1.373134,2.611111,1.253731,2.138889,1.104478,1.75,0.597015,3.305556,1.044776,2.833333,0.985075,2.388889,0.835821,2.083333,0.268657,3.5,0.731343,3.083333,0.731343,2.611111,0.626866,2.361111,0.059701,3.666667,0.298507,4.472222,0.402985,5.194444,0.462687,J,7
0.0,0.0,-0.027778,0.68,0.5,1.34,1.194444,1.58,1.833333,1.42,0.388889,1.0,1.944444,1.58,1.638889,1.4,1.194444,1.22,0.75,0.48,2.25,1.2,1.861111,1.08,1.416667,0.9,1.055556,0.12,2.416667,0.8,2.055556,0.8,1.527778,0.66,1.388889,-0.12,2.694444,0.2,3.555556,0.34,4.166667,0.4,-1.0833333333333333,0.28,0.0,0.0,0.205882,0.686567,1.205882,1.164179,2.294118,1.343284,3.117647,1.298507,1.441176,1.0,3.235294,1.402985,2.735294,1.298507,2.235294,1.134328,1.852941,0.597015,3.5,1.089552,2.970588,1.029851,2.5,0.880597,2.176471,0.268657,3.705882,0.776119,3.294118,0.791045,2.794118,0.686567,2.441176,0.074627,3.852941,0.328358,4.705882,0.432836,5.441176,0.477612,J,7
0.0,0.0,0.166667,0.686567,1.111111,1.134328,2.166667,1.253731,2.916667,1.164179,1.333333,1.0,3.083333,1.402985,2.611111,1.283582,2.138889,1.104478,1.75,0.597015,3.361111,1.089552,2.861111,1.0,2.388889,0.835821,2.055556,0.268657,3.555556,0.761194,3.138889,0.746269,2.666667,0.626866,2.333333,0.059701,3.666667,0.313433,4.472222,0.41791,5.194444,0.462687,0,0,0.0,0.0,0.0,0.0,0.0,0.0,0.0,0.0,0.0,0.0,0.0,0.0,0.0,0.0,0.0,0.0,0.0,0.0,0.0,0.0,0.0,0.0,0.0,0.0,0.0,0.0,0.0,0.0,0.0,0.0,0.0,0.0,0.0,0.0,0.0,0.0,0.0,0.0,0.0,0.0,0.0,0.0,J,7
0.0,0.0,-0.153846,0.673913,0.205128,1.369565,0.794872,1.652174,1.410256,1.565217,0.051282,1.0,1.538462,1.630435,1.410256,1.456522,0.948718,1.26087,0.358974,0.434783,1.820513,1.173913,1.564103,1.086957,1.153846,0.891304,0.717949,0.0,2.025641,0.76087,1.794872,0.73913,1.358974,0.586957,1.051282,-0.282609,2.076923,0.195652,2.435897,0.304348,2.589744,0.282609,-1.2564102564102564,0.43478260869565216,0.0,0.0,0.166667,0.676471,1.138889,1.132353,2.222222,1.264706,3.027778,1.191176,1.305556,1.0,3.055556,1.382353,2.583333,1.294118,2.111111,1.132353,1.722222,0.602941,3.333333,1.073529,2.833333,1.014706,2.388889,0.867647,2.027778,0.279412,3.527778,0.764706,3.111111,0.764706,2.638889,0.676471,2.305556,0.088235,3.638889,0.323529,4.444444,0.426471,5.166667,0.485294,J,7
0.0,0.0,-0.075,0.630435,0.4,1.369565,1.15,1.652174,1.8,1.5,0.2,1.0,1.6,1.717391,1.45,1.478261,1.05,1.217391,0.525,0.478261,1.9,1.282609,1.6,1.086957,1.25,0.891304,0.85,0.065217,2.1,0.804348,1.8,0.76087,1.35,0.608696,1.2,-0.173913,2.35,0.195652,3.075,0.304348,3.625,0.347826,-1.125,0.34782608695652173,0.0,0.0,0.216216,0.666667,1.189189,1.086957,2.243243,1.173913,2.972973,1.028986,1.297297,1.0,3.027027,1.362319,2.621622,1.246377,2.189189,1.086957,1.702703,0.608696,3.297297,1.028986,2.837838,0.956522,2.405405,0.826087,2.027027,0.275362,3.486486,0.73913,3.108108,0.724638,2.648649,0.637681,2.297297,0.072464,3.594595,0.289855,4.405405,0.391304,5.108108,0.449275,J,7
0.0,0.0,0.0,0.64,0.55814,1.34,1.325581,1.62,1.883721,1.46,0.186047,1.0,1.55814,1.64,1.348837,1.4,1.0,1.18,0.511628,0.5,1.837209,1.22,1.534884,1.02,1.186047,0.8,0.860465,0.12,2.069767,0.84,1.813953,0.74,1.372093,0.56,1.186047,-0.12,2.302326,0.24,3.023256,0.34,3.581395,0.38,-0.9069767441860465,0.24,0.0,0.0,0.184211,0.652174,1.131579,1.072464,2.131579,1.173913,2.842105,1.043478,1.184211,1.0,2.947368,1.362319,2.552632,1.246377,2.105263,1.086957,1.552632,0.594203,3.184211,1.028986,2.763158,0.971014,2.289474,0.826087,1.868421,0.26087,3.368421,0.724638,3.0,0.724638,2.552632,0.637681,2.184211,0.057971,3.473684,0.289855,4.263158,0.391304,4.973684,0.449275,J,7
0.0,0.0,0.236842,0.614286,1.210526,1.028571,2.263158,1.1,2.973684,0.942857,1.210526,1.0,2.973684,1.342857,2.631579,1.2,2.184211,1.042857,1.578947,0.6,3.236842,1.014286,2.842105,0.928571,2.368421,0.771429,1.894737,0.257143,3.447368,0.714286,3.078947,0.685714,2.605263,0.6,2.210526,0.042857,3.526316,0.271429,4.342105,0.371429,5.052632,0.442857,0,0,0.0,0.0,0.0,0.0,0.0,0.0,0.0,0.0,0.0,0.0,0.0,0.0,0.0,0.0,0.0,0.0,0.0,0.0,0.0,0.0,0.0,0.0,0.0,0.0,0.0,0.0,0.0,0.0,0.0,0.0,0.0,0.0,0.0,0.0,0.0,0.0,0.0,0.0,0.0,0.0,0.0,0.0,J,7
0.0,0.0,-0.068182,0.64,0.409091,1.32,1.136364,1.62,1.659091,1.52,0.045455,1.0,1.363636,1.62,1.25,1.4,0.886364,1.16,0.363636,0.48,1.681818,1.2,1.454545,1.04,1.045455,0.8,0.704545,0.08,1.909091,0.82,1.704545,0.76,1.318182,0.56,1.045455,-0.2,1.954545,0.26,2.295455,0.38,2.454545,0.38,-1.0227272727272727,0.36,0.0,0.0,0.15,0.586667,1.15,1.0,2.25,1.093333,2.925,0.986667,1.1,1.0,2.75,1.333333,2.45,1.213333,2.05,1.066667,1.475,0.626667,3.025,1.04,2.625,0.96,2.175,0.813333,1.8,0.306667,3.225,0.76,2.85,0.746667,2.4,0.653333,2.1,0.12,3.325,0.32,4.1,0.413333,4.8,0.48,J,7
0.0,0.0,0.022727,0.566038,0.659091,1.264151,1.568182,1.54717,2.113636,1.415094,0.272727,1.0,1.590909,1.603774,1.431818,1.358491,1.113636,1.150943,0.613636,0.528302,1.931818,1.188679,1.636364,1.0,1.272727,0.792453,0.954545,0.150943,2.159091,0.792453,1.863636,0.716981,1.454545,0.54717,1.272727,-0.09434,2.386364,0.226415,3.068182,0.358491,3.613636,0.433962,-0.7045454545454546,0.2830188679245283,0.0,0.0,0.179487,0.578947,1.153846,0.986842,2.25641,1.105263,3.0,1.0,1.076923,1.0,2.794872,1.315789,2.487179,1.184211,2.076923,1.039474,1.435897,0.618421,3.051282,1.026316,2.666667,0.947368,2.205128,0.802632,1.769231,0.302632,3.205128,0.763158,2.846154,0.723684,2.384615,0.631579,2.076923,0.105263,3.358974,0.302632,4.153846,0.394737,4.846154,0.460526,J,7
0.0,0.0,0.179487,0.573333,1.179487,1.026667,2.358974,1.16,3.076923,1.08,1.076923,1.0,2.820513,1.306667,2.538462,1.2,2.102564,1.053333,1.435897,0.6,3.076923,1.026667,2.717949,0.946667,2.25641,0.8,1.769231,0.28,3.230769,0.733333,2.871795,0.706667,2.410256,0.6,2.076923,0.066667,3.384615,0.28,4.179487,0.373333,4.871795,0.426667,0,0,0.0,0.0,0.0,0.0,0.0,0.0,0.0,0.0,0.0,0.0,0.0,0.0,0.0,0.0,0.0,0.0,0.0,0.0,0.0,0.0,0.0,0.0,0.0,0.0,0.0,0.0,0.0,0.0,0.0,0.0,0.0,0.0,0.0,0.0,0.0,0.0,0.0,0.0,0.0,0.0,0.0,0.0,J,7
0.0,0.0,0.509091,0.026316,1.145455,0.434211,1.418182,0.868421,1.181818,1.157895,0.836364,1.0,1.090909,1.276316,1.054545,0.907895,0.945455,0.644737,0.509091,1.039474,0.872727,1.315789,0.763636,0.789474,0.6,0.460526,0.181818,1.065789,0.563636,1.236842,0.581818,0.75,0.509091,0.434211,-0.163636,1.065789,0.090909,1.526316,0.381818,1.763158,0.654545,1.973684,0,0,0.0,0.0,0.0,0.0,0.0,0.0,0.0,0.0,0.0,0.0,0.0,0.0,0.0,0.0,0.0,0.0,0.0,0.0,0.0,0.0,0.0,0.0,0.0,0.0,0.0,0.0,0.0,0.0,0.0,0.0,0.0,0.0,0.0,0.0,0.0,0.0,0.0,0.0,0.0,0.0,0.0,0.0,J,8
0.0,0.0,0.54717,0.109756,1.188679,0.5,1.433962,0.890244,1.169811,1.158537,0.792453,1.0,1.037736,1.256098,1.018868,0.914634,0.90566,0.646341,0.471698,1.036585,0.830189,1.304878,0.754717,0.817073,0.584906,0.487805,0.150943,1.060976,0.528302,1.231707,0.54717,0.792683,0.471698,0.487805,-0.207547,1.060976,0.056604,1.487805,0.358491,1.707317,0.641509,1.890244,0,0,0.0,0.0,0.0,0.0,0.0,0.0,0.0,0.0,0.0,0.0,0.0,0.0,0.0,0.0,0.0,0.0,0.0,0.0,0.0,0.0,0.0,0.0,0.0,0.0,0.0,0.0,0.0,0.0,0.0,0.0,0.0,0.0,0.0,0.0,0.0,0.0,0.0,0.0,0.0,0.0,0.0,0.0,J,8
0.0,0.0,0.571429,0.13253,1.160714,0.542169,1.392857,0.915663,1.160714,1.168675,0.839286,1.0,1.125,1.228916,1.071429,0.891566,0.946429,0.638554,0.517857,1.048193,0.875,1.325301,0.785714,0.855422,0.642857,0.53012,0.196429,1.072289,0.571429,1.253012,0.571429,0.807229,0.482143,0.506024,-0.160714,1.072289,0.107143,1.493976,0.392857,1.710843,0.642857,1.891566,0,0,0.0,0.0,0.0,0.0,0.0,0.0,0.0,0.0,0.0,0.0,0.0,0.0,0.0,0.0,0.0,0.0,0.0,0.0,0.0,0.0,0.0,0.0,0.0,0.0,0.0,0.0,0.0,0.0,0.0,0.0,0.0,0.0,0.0,0.0,0.0,0.0,0.0,0.0,0.0,0.0,0.0,0.0,J,8
0.0,0.0,0.592593,0.127907,1.185185,0.523256,1.444444,0.883721,1.222222,1.139535,0.833333,1.0,1.12963,1.232558,1.092593,0.895349,0.962963,0.651163,0.518519,1.034884,0.888889,1.302326,0.814815,0.848837,0.666667,0.534884,0.185185,1.046512,0.592593,1.209302,0.592593,0.77907,0.481481,0.476744,-0.166667,1.034884,0.111111,1.44186,0.407407,1.662791,0.685185,1.848837,0,0,0.0,0.0,0.0,0.0,0.0,0.0,0.0,0.0,0.0,0.0,0.0,0.0,0.0,0.0,0.0,0.0,0.0,0.0,0.0,0.0,0.0,0.0,0.0,0.0,0.0,0.0,0.0,0.0,0.0,0.0,0.0,0.0,0.0,0.0,0.0,0.0,0.0,0.0,0.0,0.0,0.0,0.0,J,8
0.0,0.0,0.581818,0.139535,1.163636,0.534884,1.436364,0.906977,1.2,1.151163,0.836364,1.0,1.127273,1.232558,1.090909,0.906977,0.963636,0.662791,0.527273,1.046512,0.890909,1.313953,0.818182,0.872093,0.690909,0.569767,0.2,1.05814,0.581818,1.232558,0.581818,0.790698,0.472727,0.5,-0.163636,1.046512,0.109091,1.453488,0.4,1.662791,0.672727,1.848837,0,0,0.0,0.0,0.0,0.0,0.0,0.0,0.0,0.0,0.0,0.0,0.0,0.0,0.0,0.0,0.0,0.0,0.0,0.0,0.0,0.0,0.0,0.0,0.0,0.0,0.0,0.0,0.0,0.0,0.0,0.0,0.0,0.0,0.0,0.0,0.0,0.0,0.0,0.0,0.0,0.0,0.0,0.0,J,8
0.0,0.0,0.592593,0.149425,1.185185,0.54023,1.462963,0.908046,1.203704,1.149425,0.833333,1.0,1.12963,1.241379,1.092593,0.908046,0.981481,0.655172,0.518519,1.034483,0.888889,1.298851,0.833333,0.862069,0.685185,0.563218,0.203704,1.045977,0.592593,1.218391,0.592593,0.793103,0.5,0.505747,-0.166667,1.034483,0.111111,1.448276,0.388889,1.655172,0.685185,1.827586,0,0,0.0,0.0,0.0,0.0,0.0,0.0,0.0,0.0,0.0,0.0,0.0,0.0,0.0,0.0,0.0,0.0,0.0,0.0,0.0,0.0,0.0,0.0,0.0,0.0,0.0,0.0,0.0,0.0,0.0,0.0,0.0,0.0,0.0,0.0,0.0,0.0,0.0,0.0,0.0,0.0,0.0,0.0,J,8
0.0,0.0,0.6,0.139535,1.181818,0.534884,1.454545,0.895349,1.218182,1.139535,0.854545,1.0,1.145455,1.232558,1.109091,0.906977,0.981818,0.662791,0.545455,1.046512,0.909091,1.302326,0.818182,0.860465,0.672727,0.546512,0.218182,1.05814,0.6,1.22093,0.6,0.790698,0.509091,0.5,-0.145455,1.046512,0.127273,1.453488,0.418182,1.662791,0.690909,1.837209,0,0,0.0,0.0,0.0,0.0,0.0,0.0,0.0,0.0,0.0,0.0,0.0,0.0,0.0,0.0,0.0,0.0,0.0,0.0,0.0,0.0,0.0,0.0,0.0,0.0,0.0,0.0,0.0,0.0,0.0,0.0,0.0,0.0,0.0,0.0,0.0,0.0,0.0,0.0,0.0,0.0,0.0,0.0,J,8
0.0,0.0,0.592593,0.139535,1.185185,0.534884,1.462963,0.906977,1.222222,1.151163,0.833333,1.0,1.12963,1.244186,1.092593,0.906977,0.981481,0.662791,0.518519,1.046512,0.907407,1.313953,0.833333,0.860465,0.685185,0.55814,0.203704,1.05814,0.592593,1.22093,0.592593,0.77907,0.481481,0.488372,-0.166667,1.034884,0.111111,1.453488,0.407407,1.662791,0.685185,1.848837,0,0,0.0,0.0,0.0,0.0,0.0,0.0,0.0,0.0,0.0,0.0,0.0,0.0,0.0,0.0,0.0,0.0,0.0,0.0,0.0,0.0,0.0,0.0,0.0,0.0,0.0,0.0,0.0,0.0,0.0,0.0,0.0,0.0,0.0,0.0,0.0,0.0,0.0,0.0,0.0,0.0,0.0,0.0,J,8
0.0,0.0,0.611111,0.151163,1.203704,0.546512,1.462963,0.906977,1.222222,1.162791,0.851852,1.0,1.166667,1.232558,1.12963,0.906977,1.0,0.662791,0.555556,1.034884,0.925926,1.302326,0.833333,0.860465,0.685185,0.546512,0.222222,1.05814,0.62963,1.232558,0.592593,0.790698,0.481481,0.5,-0.148148,1.046512,0.12963,1.465116,0.407407,1.674419,0.703704,1.848837,0,0,0.0,0.0,0.0,0.0,0.0,0.0,0.0,0.0,0.0,0.0,0.0,0.0,0.0,0.0,0.0,0.0,0.0,0.0,0.0,0.0,0.0,0.0,0.0,0.0,0.0,0.0,0.0,0.0,0.0,0.0,0.0,0.0,0.0,0.0,0.0,0.0,0.0,0.0,0.0,0.0,0.0,0.0,J,8
0.0,0.0,0.574074,0.149425,1.166667,0.54023,1.425926,0.896552,1.203704,1.137931,0.814815,1.0,1.111111,1.229885,1.074074,0.908046,0.944444,0.655172,0.518519,1.045977,0.87037,1.298851,0.796296,0.850575,0.666667,0.551724,0.185185,1.045977,0.574074,1.218391,0.555556,0.781609,0.462963,0.494253,-0.185185,1.034483,0.111111,1.448276,0.388889,1.655172,0.666667,1.827586,0,0,0.0,0.0,0.0,0.0,0.0,0.0,0.0,0.0,0.0,0.0,0.0,0.0,0.0,0.0,0.0,0.0,0.0,0.0,0.0,0.0,0.0,0.0,0.0,0.0,0.0,0.0,0.0,0.0,0.0,0.0,0.0,0.0,0.0,0.0,0.0,0.0,0.0,0.0,0.0,0.0,0.0,0.0,J,8
0.0,0.0,0.592593,0.141176,1.185185,0.541176,1.444444,0.905882,1.203704,1.152941,0.833333,1.0,1.148148,1.235294,1.111111,0.905882,0.981481,0.658824,0.537037,1.047059,0.907407,1.305882,0.814815,0.858824,0.685185,0.541176,0.203704,1.058824,0.592593,1.223529,0.574074,0.788235,0.462963,0.494118,-0.166667,1.047059,0.12963,1.458824,0.407407,1.670588,0.685185,1.858824,0,0,0.0,0.0,0.0,0.0,0.0,0.0,0.0,0.0,0.0,0.0,0.0,0.0,0.0,0.0,0.0,0.0,0.0,0.0,0.0,0.0,0.0,0.0,0.0,0.0,0.0,0.0,0.0,0.0,0.0,0.0,0.0,0.0,0.0,0.0,0.0,0.0,0.0,0.0,0.0,0.0,0.0,0.0,J,8
0.0,0.0,0.584906,0.137931,1.188679,0.528736,1.45283,0.885057,1.207547,1.126437,0.830189,1.0,1.113208,1.241379,1.075472,0.908046,0.943396,0.666667,0.528302,1.034483,0.867925,1.298851,0.792453,0.850575,0.660377,0.551724,0.188679,1.045977,0.566038,1.195402,0.54717,0.758621,0.45283,0.482759,-0.169811,1.022989,0.113208,1.425287,0.415094,1.643678,0.679245,1.827586,0,0,0.0,0.0,0.0,0.0,0.0,0.0,0.0,0.0,0.0,0.0,0.0,0.0,0.0,0.0,0.0,0.0,0.0,0.0,0.0,0.0,0.0,0.0,0.0,0.0,0.0,0.0,0.0,0.0,0.0,0.0,0.0,0.0,0.0,0.0,0.0,0.0,0.0,0.0,0.0,0.0,0.0,0.0,J,8
0.0,0.0,0.634615,0.117647,1.269231,0.505882,1.538462,0.882353,1.288462,1.117647,0.884615,1.0,1.192308,1.223529,1.153846,0.882353,1.019231,0.635294,0.576923,1.035294,0.942308,1.282353,0.865385,0.835294,0.711538,0.529412,0.25,1.047059,0.634615,1.2,0.615385,0.764706,0.5,0.482353,-0.115385,1.035294,0.173077,1.447059,0.461538,1.670588,0.730769,1.870588,0,0,0.0,0.0,0.0,0.0,0.0,0.0,0.0,0.0,0.0,0.0,0.0,0.0,0.0,0.0,0.0,0.0,0.0,0.0,0.0,0.0,0.0,0.0,0.0,0.0,0.0,0.0,0.0,0.0,0.0,0.0,0.0,0.0,0.0,0.0,0.0,0.0,0.0,0.0,0.0,0.0,0.0,0.0,J,8
0.0,0.0,0.634615,0.117647,1.269231,0.505882,1.557692,0.882353,1.288462,1.117647,0.884615,1.0,1.192308,1.235294,1.153846,0.882353,1.019231,0.623529,0.576923,1.035294,0.942308,1.282353,0.865385,0.811765,0.692308,0.505882,0.25,1.047059,0.653846,1.2,0.634615,0.764706,0.519231,0.482353,-0.115385,1.035294,0.173077,1.458824,0.442308,1.705882,0.711538,1.905882,0,0,0.0,0.0,0.0,0.0,0.0,0.0,0.0,0.0,0.0,0.0,0.0,0.0,0.0,0.0,0.0,0.0,0.0,0.0,0.0,0.0,0.0,0.0,0.0,0.0,0.0,0.0,0.0,0.0,0.0,0.0,0.0,0.0,0.0,0.0,0.0,0.0,0.0,0.0,0.0,0.0,0.0,0.0,J,8
0.0,0.0,0.615385,0.13253,1.269231,0.53012,1.596154,0.891566,1.384615,1.144578,0.961538,1.0,1.307692,1.228916,1.230769,0.879518,1.076923,0.626506,0.653846,1.060241,1.057692,1.313253,0.923077,0.843373,0.769231,0.542169,0.326923,1.084337,0.769231,1.240964,0.673077,0.795181,0.519231,0.506024,-0.038462,1.096386,0.269231,1.53012,0.5,1.795181,0.730769,2.012048,0,0,0.0,0.0,0.0,0.0,0.0,0.0,0.0,0.0,0.0,0.0,0.0,0.0,0.0,0.0,0.0,0.0,0.0,0.0,0.0,0.0,0.0,0.0,0.0,0.0,0.0,0.0,0.0,0.0,0.0,0.0,0.0,0.0,0.0,0.0,0.0,0.0,0.0,0.0,0.0,0.0,0.0,0.0,J,8
0.0,0.0,0.615385,0.119048,1.269231,0.511905,1.596154,0.869048,1.384615,1.119048,0.961538,1.0,1.307692,1.214286,1.230769,0.880952,1.076923,0.630952,0.653846,1.047619,1.076923,1.297619,0.942308,0.845238,0.75,0.535714,0.326923,1.083333,0.75,1.25,0.673077,0.809524,0.519231,0.511905,-0.038462,1.095238,0.269231,1.52381,0.519231,1.77381,0.75,1.988095,0,0,0.0,0.0,0.0,0.0,0.0,0.0,0.0,0.0,0.0,0.0,0.0,0.0,0.0,0.0,0.0,0.0,0.0,0.0,0.0,0.0,0.0,0.0,0.0,0.0,0.0,0.0,0.0,0.0,0.0,0.0,0.0,0.0,0.0,0.0,0.0,0.0,0.0,0.0,0.0,0.0,0.0,0.0,J,8
0.0,0.0,0.686275,0.121951,1.392157,0.5,1.764706,0.853659,1.54902,1.121951,1.058824,1.0,1.392157,1.256098,1.313725,0.890244,1.176471,0.634146,0.764706,1.04878,1.176471,1.304878,1.039216,0.853659,0.843137,0.54878,0.431373,1.085366,0.882353,1.268293,0.803922,0.829268,0.647059,0.536585,0.058824,1.121951,0.392157,1.560976,0.627451,1.804878,0.843137,2.02439,0,0,0.0,0.0,0.0,0.0,0.0,0.0,0.0,0.0,0.0,0.0,0.0,0.0,0.0,0.0,0.0,0.0,0.0,0.0,0.0,0.0,0.0,0.0,0.0,0.0,0.0,0.0,0.0,0.0,0.0,0.0,0.0,0.0,0.0,0.0,0.0,0.0,0.0,0.0,0.0,0.0,0.0,0.0,J,8
0.0,0.0,0.686275,0.123457,1.411765,0.481481,1.764706,0.839506,1.54902,1.123457,1.117647,1.0,1.490196,1.234568,1.372549,0.888889,1.196078,0.641975,0.823529,1.061728,1.215686,1.320988,1.058824,0.876543,0.862745,0.592593,0.490196,1.111111,0.921569,1.283951,0.784314,0.839506,0.588235,0.54321,0.117647,1.148148,0.431373,1.580247,0.647059,1.82716,0.862745,2.049383,0,0,0.0,0.0,0.0,0.0,0.0,0.0,0.0,0.0,0.0,0.0,0.0,0.0,0.0,0.0,0.0,0.0,0.0,0.0,0.0,0.0,0.0,0.0,0.0,0.0,0.0,0.0,0.0,0.0,0.0,0.0,0.0,0.0,0.0,0.0,0.0,0.0,0.0,0.0,0.0,0.0,0.0,0.0,J,8
0.0,0.0,0.679245,0.113924,1.415094,0.468354,1.754717,0.835443,1.54717,1.126582,1.150943,1.0,1.509434,1.240506,1.358491,0.886076,1.169811,0.64557,0.849057,1.075949,1.226415,1.341772,1.056604,0.886076,0.849057,0.594937,0.528302,1.139241,0.943396,1.316456,0.811321,0.873418,0.622642,0.582278,0.150943,1.177215,0.471698,1.607595,0.698113,1.860759,0.886792,2.088608,0,0,0.0,0.0,0.0,0.0,0.0,0.0,0.0,0.0,0.0,0.0,0.0,0.0,0.0,0.0,0.0,0.0,0.0,0.0,0.0,0.0,0.0,0.0,0.0,0.0,0.0,0.0,0.0,0.0,0.0,0.0,0.0,0.0,0.0,0.0,0.0,0.0,0.0,0.0,0.0,0.0,0.0,0.0,J,8
0.0,0.0,0.705882,0.092105,1.490196,0.460526,1.862745,0.855263,1.627451,1.157895,1.235294,1.0,1.627451,1.236842,1.470588,0.894737,1.27451,0.644737,0.960784,1.092105,1.352941,1.368421,1.176471,0.921053,0.960784,0.631579,0.627451,1.171053,1.039216,1.342105,0.901961,0.894737,0.686275,0.592105,0.235294,1.236842,0.568627,1.671053,0.803922,1.921053,1.019608,2.157895,0,0,0.0,0.0,0.0,0.0,0.0,0.0,0.0,0.0,0.0,0.0,0.0,0.0,0.0,0.0,0.0,0.0,0.0,0.0,0.0,0.0,0.0,0.0,0.0,0.0,0.0,0.0,0.0,0.0,0.0,0.0,0.0,0.0,0.0,0.0,0.0,0.0,0.0,0.0,0.0,0.0,0.0,0.0,J,8
0.0,0.0,0.72549,0.090909,1.509804,0.441558,1.882353,0.844156,1.647059,1.155844,1.235294,1.0,1.627451,1.220779,1.470588,0.87013,1.235294,0.623377,0.941176,1.103896,1.352941,1.350649,1.156863,0.909091,0.921569,0.61039,0.607843,1.181818,1.058824,1.350649,0.901961,0.896104,0.686275,0.597403,0.235294,1.233766,0.588235,1.649351,0.823529,1.909091,1.039216,2.142857,0,0,0.0,0.0,0.0,0.0,0.0,0.0,0.0,0.0,0.0,0.0,0.0,0.0,0.0,0.0,0.0,0.0,0.0,0.0,0.0,0.0,0.0,0.0,0.0,0.0,0.0,0.0,0.0,0.0,0.0,0.0,0.0,0.0,0.0,0.0,0.0,0.0,0.0,0.0,0.0,0.0,0.0,0.0,J,8
0.0,0.0,0.76,0.081081,1.6,0.432432,1.96,0.878378,1.66,1.175676,1.3,1.0,1.72,1.202703,1.52,0.851351,1.26,0.594595,1.0,1.121622,1.44,1.364865,1.18,0.918919,0.9,0.608108,0.68,1.202703,1.12,1.378378,0.94,0.932432,0.68,0.621622,0.3,1.27027,0.66,1.716216,0.92,1.972973,1.14,2.202703,0,0,0.0,0.0,0.0,0.0,0.0,0.0,0.0,0.0,0.0,0.0,0.0,0.0,0.0,0.0,0.0,0.0,0.0,0.0,0.0,0.0,0.0,0.0,0.0,0.0,0.0,0.0,0.0,0.0,0.0,0.0,0.0,0.0,0.0,0.0,0.0,0.0,0.0,0.0,0.0,0.0,0.0,0.0,J,8
0.0,0.0,0.745098,0.065789,1.568627,0.407895,1.921569,0.815789,1.647059,1.118421,1.294118,1.0,1.705882,1.210526,1.509804,0.881579,1.294118,0.644737,1.0,1.105263,1.431373,1.342105,1.156863,0.881579,0.882353,0.578947,0.666667,1.184211,1.137255,1.355263,0.921569,0.907895,0.686275,0.592105,0.294118,1.25,0.705882,1.671053,0.980392,1.921053,1.235294,2.144737,0,0,0.0,0.0,0.0,0.0,0.0,0.0,0.0,0.0,0.0,0.0,0.0,0.0,0.0,0.0,0.0,0.0,0.0,0.0,0.0,0.0,0.0,0.0,0.0,0.0,0.0,0.0,0.0,0.0,0.0,0.0,0.0,0.0,0.0,0.0,0.0,0.0,0.0,0.0,0.0,0.0,0.0,0.0,J,8
0.0,0.0,0.78,0.041667,1.62,0.402778,2.0,0.847222,1.66,1.138889,1.36,1.0,1.78,1.236111,1.56,0.875,1.3,0.625,1.06,1.125,1.5,1.361111,1.18,0.888889,0.88,0.583333,0.72,1.222222,1.18,1.416667,0.96,0.944444,0.7,0.625,0.36,1.305556,0.78,1.736111,1.06,2.0,1.32,2.236111,0,0,0.0,0.0,0.0,0.0,0.0,0.0,0.0,0.0,0.0,0.0,0.0,0.0,0.0,0.0,0.0,0.0,0.0,0.0,0.0,0.0,0.0,0.0,0.0,0.0,0.0,0.0,0.0,0.0,0.0,0.0,0.0,0.0,0.0,0.0,0.0,0.0,0.0,0.0,0.0,0.0,0.0,0.0,J,8
0.0,0.0,0.764706,0.029851,1.607843,0.373134,1.960784,0.850746,1.666667,1.164179,1.411765,1.0,1.823529,1.223881,1.568627,0.880597,1.294118,0.626866,1.117647,1.164179,1.54902,1.432836,1.215686,0.955224,0.921569,0.626866,0.784314,1.283582,1.196078,1.477612,0.960784,1.0,0.705882,0.656716,0.411765,1.38806,0.843137,1.835821,1.117647,2.104478,1.372549,2.343284,0,0,0.0,0.0,0.0,0.0,0.0,0.0,0.0,0.0,0.0,0.0,0.0,0.0,0.0,0.0,0.0,0.0,0.0,0.0,0.0,0.0,0.0,0.0,0.0,0.0,0.0,0.0,0.0,0.0,0.0,0.0,0.0,0.0,0.0,0.0,0.0,0.0,0.0,0.0,0.0,0.0,0.0,0.0,J,8
0.0,0.0,0.76,0.028986,1.62,0.362319,1.98,0.811594,1.68,1.130435,1.42,1.0,1.82,1.231884,1.56,0.898551,1.32,0.652174,1.1,1.130435,1.52,1.391304,1.2,0.913043,0.9,0.594203,0.78,1.246377,1.2,1.434783,0.96,0.956522,0.7,0.623188,0.42,1.333333,0.86,1.753623,1.16,2.014493,1.42,2.246377,0,0,0.0,0.0,0.0,0.0,0.0,0.0,0.0,0.0,0.0,0.0,0.0,0.0,0.0,0.0,0.0,0.0,0.0,0.0,0.0,0.0,0.0,0.0,0.0,0.0,0.0,0.0,0.0,0.0,0.0,0.0,0.0,0.0,0.0,0.0,0.0,0.0,0.0,0.0,0.0,0.0,0.0,0.0,J,8
0.0,0.0,0.745098,0.0,1.607843,0.363636,1.980392,0.848485,1.647059,1.181818,1.45098,1.0,1.862745,1.227273,1.568627,0.878788,1.294118,0.636364,1.137255,1.166667,1.54902,1.439394,1.215686,0.954545,0.921569,0.621212,0.823529,1.30303,1.196078,1.5,0.960784,1.0,0.705882,0.651515,0.45098,1.409091,0.901961,1.833333,1.176471,2.106061,1.45098,2.348485,0,0,0.0,0.0,0.0,0.0,0.0,0.0,0.0,0.0,0.0,0.0,0.0,0.0,0.0,0.0,0.0,0.0,0.0,0.0,0.0,0.0,0.0,0.0,0.0,0.0,0.0,0.0,0.0,0.0,0.0,0.0,0.0,0.0,0.0,0.0,0.0,0.0,0.0,0.0,0.0,0.0,0.0,0.0,J,8
0.0,0.0,0.74,0.0,1.6,0.353846,1.98,0.830769,1.68,1.169231,1.46,1.0,1.88,1.230769,1.62,0.907692,1.32,0.661538,1.14,1.169231,1.56,1.430769,1.24,0.953846,0.92,0.615385,0.82,1.307692,1.22,1.507692,0.98,1.0,0.74,0.646154,0.46,1.415385,0.92,1.846154,1.22,2.107692,1.5,2.369231,0,0,0.0,0.0,0.0,0.0,0.0,0.0,0.0,0.0,0.0,0.0,0.0,0.0,0.0,0.0,0.0,0.0,0.0,0.0,0.0,0.0,0.0,0.0,0.0,0.0,0.0,0.0,0.0,0.0,0.0,0.0,0.0,0.0,0.0,0.0,0.0,0.0,0.0,0.0,0.0,0.0,0.0,0.0,J,8
0.0,0.0,0.7,-0.03125,1.6,0.328125,2.0,0.828125,1.68,1.15625,1.5,1.0,1.9,1.25,1.6,0.90625,1.34,0.671875,1.18,1.171875,1.56,1.4375,1.2,0.9375,0.9,0.609375,0.86,1.3125,1.22,1.515625,0.98,1.0,0.74,0.640625,0.5,1.421875,0.96,1.859375,1.26,2.125,1.54,2.375,0,0,0.0,0.0,0.0,0.0,0.0,0.0,0.0,0.0,0.0,0.0,0.0,0.0,0.0,0.0,0.0,0.0,0.0,0.0,0.0,0.0,0.0,0.0,0.0,0.0,0.0,0.0,0.0,0.0,0.0,0.0,0.0,0.0,0.0,0.0,0.0,0.0,0.0,0.0,0.0,0.0,0.0,0.0,J,8
0.0,0.0,0.74,-0.031746,1.6,0.333333,1.98,0.809524,1.7,1.111111,1.46,1.0,1.86,1.269841,1.62,0.936508,1.38,0.666667,1.16,1.174603,1.54,1.460317,1.22,0.952381,0.9,0.587302,0.82,1.31746,1.2,1.52381,1.0,1.0,0.78,0.619048,0.46,1.428571,0.94,1.873016,1.24,2.142857,1.5,2.412698,0,0,0.0,0.0,0.0,0.0,0.0,0.0,0.0,0.0,0.0,0.0,0.0,0.0,0.0,0.0,0.0,0.0,0.0,0.0,0.0,0.0,0.0,0.0,0.0,0.0,0.0,0.0,0.0,0.0,0.0,0.0,0.0,0.0,0.0,0.0,0.0,0.0,0.0,0.0,0.0,0.0,0.0,0.0,J,8
0.0,0.0,0.72,-0.015625,1.6,0.375,1.96,0.84375,1.66,1.109375,1.46,1.0,1.88,1.234375,1.62,0.90625,1.34,0.671875,1.14,1.171875,1.56,1.421875,1.18,0.90625,0.82,0.53125,0.82,1.3125,1.24,1.53125,1.0,1.0,0.76,0.640625,0.46,1.421875,0.94,1.875,1.22,2.140625,1.48,2.421875,0,0,0.0,0.0,0.0,0.0,0.0,0.0,0.0,0.0,0.0,0.0,0.0,0.0,0.0,0.0,0.0,0.0,0.0,0.0,0.0,0.0,0.0,0.0,0.0,0.0,0.0,0.0,0.0,0.0,0.0,0.0,0.0,0.0,0.0,0.0,0.0,0.0,0.0,0.0,0.0,0.0,0.0,0.0,J,8
0.0,0.0,0.8,0.0,1.777778,0.376812,2.222222,0.797101,1.866667,1.057971,1.511111,1.0,2.044444,1.202899,1.755556,0.84058,1.466667,0.608696,1.2,1.144928,1.755556,1.376812,1.377778,0.884058,1.022222,0.550725,0.866667,1.246377,1.4,1.42029,1.133333,0.927536,0.822222,0.594203,0.511111,1.333333,1.022222,1.768116,1.355556,2.043478,1.644444,2.289855,0,0,0.0,0.0,0.0,0.0,0.0,0.0,0.0,0.0,0.0,0.0,0.0,0.0,0.0,0.0,0.0,0.0,0.0,0.0,0.0,0.0,0.0,0.0,0.0,0.0,0.0,0.0,0.0,0.0,0.0,0.0,0.0,0.0,0.0,0.0,0.0,0.0,0.0,0.0,0.0,0.0,0.0,0.0,J,8
0.0,0.0,0.808511,-0.014493,1.723404,0.391304,2.170213,0.826087,1.787234,1.043478,1.489362,1.0,1.978723,1.188406,1.723404,0.84058,1.446809,0.594203,1.170213,1.144928,1.702128,1.391304,1.340426,0.884058,1.021277,0.550725,0.829787,1.26087,1.361702,1.449275,1.106383,0.942029,0.851064,0.608696,0.489362,1.347826,1.042553,1.753623,1.340426,2.028986,1.617021,2.289855,0,0,0.0,0.0,0.0,0.0,0.0,0.0,0.0,0.0,0.0,0.0,0.0,0.0,0.0,0.0,0.0,0.0,0.0,0.0,0.0,0.0,0.0,0.0,0.0,0.0,0.0,0.0,0.0,0.0,0.0,0.0,0.0,0.0,0.0,0.0,0.0,0.0,0.0,0.0,0.0,0.0,0.0,0.0,J,8
0.0,0.0,1.0,0.04878,2.078947,0.390244,2.657895,0.731707,2.210526,0.926829,1.526316,1.0,2.263158,1.134146,2.0,0.780488,1.710526,0.560976,1.157895,1.085366,2.026316,1.231707,1.657895,0.780488,1.289474,0.52439,0.815789,1.134146,1.684211,1.243902,1.394737,0.804878,1.052632,0.52439,0.526316,1.158537,1.236842,1.512195,1.605263,1.756098,1.921053,1.987805,0,0,0.0,0.0,0.0,0.0,0.0,0.0,0.0,0.0,0.0,0.0,0.0,0.0,0.0,0.0,0.0,0.0,0.0,0.0,0.0,0.0,0.0,0.0,0.0,0.0,0.0,0.0,0.0,0.0,0.0,0.0,0.0,0.0,0.0,0.0,0.0,0.0,0.0,0.0,0.0,0.0,0.0,0.0,J,8
0.0,0.0,1.76,0.085106,3.24,0.404255,4.16,0.702128,3.48,0.819149,1.76,1.0,3.24,1.085106,3.0,0.744681,2.56,0.56383,1.24,1.042553,3.04,1.117021,2.6,0.702128,2.08,0.489362,0.92,1.042553,2.64,1.085106,2.32,0.691489,1.76,0.478723,0.76,1.0,1.96,1.308511,2.6,1.531915,3.08,1.734043,0,0,0.0,0.0,0.0,0.0,0.0,0.0,0.0,0.0,0.0,0.0,0.0,0.0,0.0,0.0,0.0,0.0,0.0,0.0,0.0,0.0,0.0,0.0,0.0,0.0,0.0,0.0,0.0,0.0,0.0,0.0,0.0,0.0,0.0,0.0,0.0,0.0,0.0,0.0,0.0,0.0,0.0,0.0,J,8
0.0,0.0,2.043478,0.134615,3.521739,0.403846,4.478261,0.644231,3.869565,0.740385,1.695652,1.0,3.391304,1.048077,3.217391,0.721154,2.73913,0.557692,1.130435,1.009615,3.173913,1.028846,2.869565,0.644231,2.347826,0.461538,0.826087,0.971154,2.782609,0.971154,2.521739,0.605769,2.0,0.423077,0.695652,0.894231,2.0,1.192308,2.652174,1.394231,3.130435,1.567308,0,0,0.0,0.0,0.0,0.0,0.0,0.0,0.0,0.0,0.0,0.0,0.0,0.0,0.0,0.0,0.0,0.0,0.0,0.0,0.0,0.0,0.0,0.0,0.0,0.0,0.0,0.0,0.0,0.0,0.0,0.0,0.0,0.0,0.0,0.0,0.0,0.0,0.0,0.0,0.0,0.0,0.0,0.0,J,8
0.0,0.0,2.8125,0.158879,4.75,0.420561,6.1875,0.626168,5.6875,0.728972,1.875,1.0,4.5625,1.046729,4.5625,0.747664,3.8125,0.607477,1.125,0.981308,4.375,0.990654,4.125,0.64486,3.4375,0.485981,0.8125,0.88785,3.875,0.897196,3.75,0.579439,3.0,0.420561,0.875,0.766355,2.625,1.065421,3.5625,1.280374,4.3125,1.476636,0,0,0.0,0.0,0.0,0.0,0.0,0.0,0.0,0.0,0.0,0.0,0.0,0.0,0.0,0.0,0.0,0.0,0.0,0.0,0.0,0.0,0.0,0.0,0.0,0.0,0.0,0.0,0.0,0.0,0.0,0.0,0.0,0.0,0.0,0.0,0.0,0.0,0.0,0.0,0.0,0.0,0.0,0.0,J,8
0.0,0.0,2.047619,0.14,3.571429,0.41,4.666667,0.65,4.238095,0.77,1.761905,1.0,3.571429,1.07,3.47619,0.73,2.952381,0.57,1.142857,0.99,3.333333,1.01,3.142857,0.62,2.619048,0.47,0.857143,0.92,3.0,0.91,2.761905,0.55,2.142857,0.38,0.761905,0.82,2.047619,1.15,2.761905,1.37,3.285714,1.57,0,0,0.0,0.0,0.0,0.0,0.0,0.0,0.0,0.0,0.0,0.0,0.0,0.0,0.0,0.0,0.0,0.0,0.0,0.0,0.0,0.0,0.0,0.0,0.0,0.0,0.0,0.0,0.0,0.0,0.0,0.0,0.0,0.0,0.0,0.0,0.0,0.0,0.0,0.0,0.0,0.0,0.0,0.0,J,8
0.0,0.0,3.0,0.183486,4.928571,0.440367,6.642857,0.651376,6.142857,0.752294,1.571429,1.0,4.642857,1.018349,4.714286,0.743119,4.0,0.633028,0.714286,0.963303,4.571429,0.926606,4.5,0.614679,3.714286,0.486239,0.428571,0.844037,4.142857,0.816514,4.071429,0.53211,3.285714,0.40367,0.571429,0.688073,2.5,0.972477,3.642857,1.183486,4.714286,1.376147,0,0,0.0,0.0,0.0,0.0,0.0,0.0,0.0,0.0,0.0,0.0,0.0,0.0,0.0,0.0,0.0,0.0,0.0,0.0,0.0,0.0,0.0,0.0,0.0,0.0,0.0,0.0,0.0,0.0,0.0,0.0,0.0,0.0,0.0,0.0,0.0,0.0,0.0,0.0,0.0,0.0,0.0,0.0,J,8
0.0,0.0,3.545455,0.198198,5.727273,0.441441,7.636364,0.648649,7.090909,0.747748,0.545455,1.0,5.090909,1.018018,5.636364,0.756757,4.727273,0.630631,-0.636364,0.945946,5.181818,0.90991,5.272727,0.621622,4.545455,0.486486,-0.909091,0.801802,4.727273,0.756757,4.545455,0.495495,3.454545,0.369369,-0.454545,0.603604,2.272727,0.837838,3.727273,1.045045,5.090909,1.243243,0,0,0.0,0.0,0.0,0.0,0.0,0.0,0.0,0.0,0.0,0.0,0.0,0.0,0.0,0.0,0.0,0.0,0.0,0.0,0.0,0.0,0.0,0.0,0.0,0.0,0.0,0.0,0.0,0.0,0.0,0.0,0.0,0.0,0.0,0.0,0.0,0.0,0.0,0.0,0.0,0.0,0.0,0.0,J,8
0.0,0.0,2.846154,0.162162,4.615385,0.396396,6.076923,0.603604,6.076923,0.756757,0.153846,1.0,4.384615,0.981982,4.615385,0.72973,3.846154,0.603604,-1.0,0.927928,4.461538,0.855856,4.384615,0.585586,3.769231,0.441441,-1.153846,0.765766,4.076923,0.693694,3.538462,0.414414,2.538462,0.261261,-0.846154,0.531532,1.846154,0.765766,3.153846,0.954955,4.461538,1.162162,0,0,0.0,0.0,0.0,0.0,0.0,0.0,0.0,0.0,0.0,0.0,0.0,0.0,0.0,0.0,0.0,0.0,0.0,0.0,0.0,0.0,0.0,0.0,0.0,0.0,0.0,0.0,0.0,0.0,0.0,0.0,0.0,0.0,0.0,0.0,0.0,0.0,0.0,0.0,0.0,0.0,0.0,0.0,J,8
0.0,0.0,1.789474,0.173913,2.947368,0.382609,3.842105,0.573913,4.210526,0.730435,0.105263,1.0,3.263158,0.921739,3.263158,0.686957,2.684211,0.591304,-0.894737,0.913043,3.263158,0.765217,2.947368,0.521739,2.421053,0.4,-1.157895,0.73913,2.842105,0.6,2.157895,0.330435,1.315789,0.191304,-0.894737,0.469565,1.315789,0.617391,2.473684,0.765217,3.684211,0.93913,0,0,0.0,0.0,0.0,0.0,0.0,0.0,0.0,0.0,0.0,0.0,0.0,0.0,0.0,0.0,0.0,0.0,0.0,0.0,0.0,0.0,0.0,0.0,0.0,0.0,0.0,0.0,0.0,0.0,0.0,0.0,0.0,0.0,0.0,0.0,0.0,0.0,0.0,0.0,0.0,0.0,0.0,0.0,J,8
0.0,0.0,1.888889,0.189655,3.222222,0.396552,4.166667,0.577586,4.611111,0.741379,0.277778,1.0,3.611111,0.896552,3.666667,0.672414,3.055556,0.586207,-0.777778,0.905172,3.666667,0.741379,3.333333,0.508621,2.833333,0.387931,-1.0,0.732759,3.222222,0.603448,2.5,0.327586,1.666667,0.189655,-0.722222,0.465517,1.555556,0.62931,2.777778,0.767241,4.055556,0.939655,0,0,0.0,0.0,0.0,0.0,0.0,0.0,0.0,0.0,0.0,0.0,0.0,0.0,0.0,0.0,0.0,0.0,0.0,0.0,0.0,0.0,0.0,0.0,0.0,0.0,0.0,0.0,0.0,0.0,0.0,0.0,0.0,0.0,0.0,0.0,0.0,0.0,0.0,0.0,0.0,0.0,0.0,0.0,J,8
0.0,0.0,2.294118,0.182609,3.823529,0.382609,5.0,0.565217,5.411765,0.721739,0.647059,1.0,4.294118,0.904348,4.352941,0.652174,3.705882,0.556522,-0.352941,0.904348,4.411765,0.73913,4.0,0.486957,3.294118,0.365217,-0.588235,0.730435,4.0,0.591304,3.235294,0.330435,2.294118,0.2,-0.352941,0.469565,2.352941,0.591304,3.705882,0.721739,5.117647,0.878261,0,0,0.0,0.0,0.0,0.0,0.0,0.0,0.0,0.0,0.0,0.0,0.0,0.0,0.0,0.0,0.0,0.0,0.0,0.0,0.0,0.0,0.0,0.0,0.0,0.0,0.0,0.0,0.0,0.0,0.0,0.0,0.0,0.0,0.0,0.0,0.0,0.0,0.0,0.0,0.0,0.0,0.0,0.0,J,8
0.0,0.0,9.4,0.230769,15.2,0.444444,19.8,0.598291,21.2,0.649573,4.8,1.0,17.0,0.940171,16.8,0.675214,14.0,0.589744,2.8,0.880342,17.2,0.769231,16.2,0.529915,13.4,0.452991,2.4,0.692308,16.4,0.598291,15.0,0.384615,11.8,0.290598,3.8,0.461538,13.4,0.521368,17.4,0.581197,20.6,0.683761,0,0,0.0,0.0,0.0,0.0,0.0,0.0,0.0,0.0,0.0,0.0,0.0,0.0,0.0,0.0,0.0,0.0,0.0,0.0,0.0,0.0,0.0,0.0,0.0,0.0,0.0,0.0,0.0,0.0,0.0,0.0,0.0,0.0,0.0,0.0,0.0,0.0,0.0,0.0,0.0,0.0,0.0,0.0,J,8
0.0,0.0,21.0,0.242991,37.0,0.495327,51.5,0.654206,53.0,0.672897,12.0,1.0,43.0,0.990654,42.5,0.728972,35.0,0.663551,7.0,0.813084,42.5,0.775701,41.0,0.551402,33.5,0.504673,7.0,0.579439,42.5,0.579439,40.0,0.420561,31.5,0.392523,11.0,0.336449,36.5,0.420561,44.5,0.439252,49.5,0.504673,0,0,0.0,0.0,0.0,0.0,0.0,0.0,0.0,0.0,0.0,0.0,0.0,0.0,0.0,0.0,0.0,0.0,0.0,0.0,0.0,0.0,0.0,0.0,0.0,0.0,0.0,0.0,0.0,0.0,0.0,0.0,0.0,0.0,0.0,0.0,0.0,0.0,0.0,0.0,0.0,0.0,0.0,0.0,J,8
0.0,0.0,3.0,0.366337,6.7,0.643564,10.6,0.762376,11.5,0.653465,2.1,1.0,8.6,1.039604,9.0,0.792079,8.0,0.70297,1.7,0.782178,8.9,0.772277,9.3,0.564356,8.6,0.485149,2.1,0.514851,9.0,0.514851,9.7,0.39604,9.2,0.346535,3.1,0.247525,7.9,0.306931,10.1,0.356436,11.8,0.415842,0,0,0.0,0.0,0.0,0.0,0.0,0.0,0.0,0.0,0.0,0.0,0.0,0.0,0.0,0.0,0.0,0.0,0.0,0.0,0.0,0.0,0.0,0.0,0.0,0.0,0.0,0.0,0.0,0.0,0.0,0.0,0.0,0.0,0.0,0.0,0.0,0.0,0.0,0.0,0.0,0.0,0.0,0.0,J,8
0.0,0.0,1.928571,0.39,4.5,0.67,7.285714,0.79,8.0,0.69,1.357143,1.0,5.928571,1.04,6.214286,0.79,5.357143,0.69,1.285714,0.77,6.214286,0.75,6.285714,0.53,5.428571,0.47,1.642857,0.51,6.357143,0.5,6.285714,0.36,5.428571,0.32,2.357143,0.24,5.5,0.26,7.0,0.27,8.214286,0.29,0,0,0.0,0.0,0.0,0.0,0.0,0.0,0.0,0.0,0.0,0.0,0.0,0.0,0.0,0.0,0.0,0.0,0.0,0.0,0.0,0.0,0.0,0.0,0.0,0.0,0.0,0.0,0.0,0.0,0.0,0.0,0.0,0.0,0.0,0.0,0.0,0.0,0.0,0.0,0.0,0.0,0.0,0.0,J,8
0.0,0.0,1.6,0.42,4.0,0.72,6.733333,0.81,7.866667,0.66,1.466667,1.0,5.666667,1.03,5.933333,0.79,5.133333,0.7,1.466667,0.77,6.2,0.74,6.066667,0.52,5.2,0.46,1.866667,0.49,6.266667,0.49,6.133333,0.35,5.333333,0.31,2.466667,0.22,5.6,0.21,7.2,0.19,8.466667,0.2,0,0,0.0,0.0,0.0,0.0,0.0,0.0,0.0,0.0,0.0,0.0,0.0,0.0,0.0,0.0,0.0,0.0,0.0,0.0,0.0,0.0,0.0,0.0,0.0,0.0,0.0,0.0,0.0,0.0,0.0,0.0,0.0,0.0,0.0,0.0,0.0,0.0,0.0,0.0,0.0,0.0,0.0,0.0,J,8
0.0,0.0,1.352941,0.43299,3.529412,0.742268,6.0,0.845361,6.941176,0.721649,1.294118,1.0,5.058824,1.051546,5.235294,0.804124,4.411765,0.71134,1.294118,0.762887,5.529412,0.731959,5.352941,0.525773,4.470588,0.463918,1.705882,0.474227,5.705882,0.453608,5.470588,0.329897,4.647059,0.298969,2.294118,0.195876,5.117647,0.185567,6.588235,0.175258,7.764706,0.175258,0,0,0.0,0.0,0.0,0.0,0.0,0.0,0.0,0.0,0.0,0.0,0.0,0.0,0.0,0.0,0.0,0.0,0.0,0.0,0.0,0.0,0.0,0.0,0.0,0.0,0.0,0.0,0.0,0.0,0.0,0.0,0.0,0.0,0.0,0.0,0.0,0.0,0.0,0.0,0.0,0.0,0.0,0.0,J,8
0.0,0.0,1.411765,0.434783,3.823529,0.771739,6.294118,0.902174,7.117647,0.76087,1.588235,1.0,5.294118,1.076087,5.529412,0.815217,4.647059,0.706522,1.647059,0.728261,5.823529,0.73913,5.588235,0.51087,4.529412,0.456522,2.058824,0.423913,6.0,0.445652,5.705882,0.326087,4.705882,0.304348,2.588235,0.130435,5.647059,0.119565,7.294118,0.076087,8.411765,0.043478,0,0,0.0,0.0,0.0,0.0,0.0,0.0,0.0,0.0,0.0,0.0,0.0,0.0,0.0,0.0,0.0,0.0,0.0,0.0,0.0,0.0,0.0,0.0,0.0,0.0,0.0,0.0,0.0,0.0,0.0,0.0,0.0,0.0,0.0,0.0,0.0,0.0,0.0,0.0,0.0,0.0,0.0,0.0,J,8
0.0,0.0,1.277778,0.45977,3.555556,0.816092,6.0,0.965517,6.5,0.793103,1.444444,1.0,5.055556,1.08046,5.0,0.83908,4.055556,0.735632,1.5,0.701149,5.5,0.735632,5.055556,0.528736,4.0,0.471264,1.944444,0.37931,5.666667,0.425287,5.166667,0.310345,4.111111,0.287356,2.444444,0.091954,5.333333,0.068966,6.833333,0.0,7.944444,-0.045977,0,0,0.0,0.0,0.0,0.0,0.0,0.0,0.0,0.0,0.0,0.0,0.0,0.0,0.0,0.0,0.0,0.0,0.0,0.0,0.0,0.0,0.0,0.0,0.0,0.0,0.0,0.0,0.0,0.0,0.0,0.0,0.0,0.0,0.0,0.0,0.0,0.0,0.0,0.0,0.0,0.0,0.0,0.0,J,8
0.0,0.0,1.105263,0.475,3.157895,0.8625,5.578947,1.0125,6.315789,0.825,1.315789,1.0,4.684211,1.1125,4.684211,0.875,3.736842,0.7625,1.473684,0.675,5.210526,0.75,4.842105,0.55,3.789474,0.475,1.894737,0.3375,5.368421,0.425,5.0,0.325,3.947368,0.3125,2.315789,0.0375,5.105263,-0.025,6.526316,-0.1,7.473684,-0.15,0,0,0.0,0.0,0.0,0.0,0.0,0.0,0.0,0.0,0.0,0.0,0.0,0.0,0.0,0.0,0.0,0.0,0.0,0.0,0.0,0.0,0.0,0.0,0.0,0.0,0.0,0.0,0.0,0.0,0.0,0.0,0.0,0.0,0.0,0.0,0.0,0.0,0.0,0.0,0.0,0.0,0.0,0.0,J,8
0.0,0.0,0.8,0.486842,2.75,0.881579,5.0,1.026316,5.8,0.828947,1.25,1.0,4.45,1.118421,4.35,0.907895,3.4,0.802632,1.45,0.631579,4.95,0.75,4.45,0.578947,3.45,0.486842,1.85,0.276316,5.15,0.447368,4.6,0.355263,3.55,0.328947,2.25,-0.039474,4.95,-0.092105,6.3,-0.171053,7.25,-0.223684,0,0,0.0,0.0,0.0,0.0,0.0,0.0,0.0,0.0,0.0,0.0,0.0,0.0,0.0,0.0,0.0,0.0,0.0,0.0,0.0,0.0,0.0,0.0,0.0,0.0,0.0,0.0,0.0,0.0,0.0,0.0,0.0,0.0,0.0,0.0,0.0,0.0,0.0,0.0,0.0,0.0,0.0,0.0,J,8
0.0,0.0,0.636364,0.506849,2.363636,0.931507,4.363636,1.054795,5.0,0.849315,1.045455,1.0,4.0,1.109589,3.727273,0.90411,2.818182,0.808219,1.227273,0.60274,4.363636,0.739726,3.818182,0.589041,2.818182,0.506849,1.636364,0.232877,4.590909,0.424658,4.0,0.356164,2.954545,0.328767,2.045455,-0.082192,4.409091,-0.136986,5.590909,-0.232877,6.454545,-0.315068,0,0,0.0,0.0,0.0,0.0,0.0,0.0,0.0,0.0,0.0,0.0,0.0,0.0,0.0,0.0,0.0,0.0,0.0,0.0,0.0,0.0,0.0,0.0,0.0,0.0,0.0,0.0,0.0,0.0,0.0,0.0,0.0,0.0,0.0,0.0,0.0,0.0,0.0,0.0,0.0,0.0,0.0,0.0,J,8
0.0,0.0,0.5,0.507042,1.923077,0.957746,3.576923,1.084507,4.076923,0.887324,0.884615,1.0,3.346154,1.112676,3.192308,0.929577,2.461538,0.816901,1.115385,0.591549,3.692308,0.732394,3.269231,0.605634,2.461538,0.521127,1.5,0.211268,3.884615,0.408451,3.423077,0.380282,2.615385,0.352113,1.884615,-0.098592,3.846154,-0.15493,4.846154,-0.239437,5.576923,-0.295775,0,0,0.0,0.0,0.0,0.0,0.0,0.0,0.0,0.0,0.0,0.0,0.0,0.0,0.0,0.0,0.0,0.0,0.0,0.0,0.0,0.0,0.0,0.0,0.0,0.0,0.0,0.0,0.0,0.0,0.0,0.0,0.0,0.0,0.0,0.0,0.0,0.0,0.0,0.0,0.0,0.0,0.0,0.0,J,8
0.0,0.0,0.444444,0.514706,1.777778,0.955882,3.333333,1.102941,3.888889,0.941176,0.851852,1.0,3.222222,1.147059,2.962963,0.941176,2.222222,0.823529,1.111111,0.573529,3.555556,0.764706,3.111111,0.632353,2.444444,0.529412,1.481481,0.191176,3.740741,0.411765,3.222222,0.382353,2.407407,0.352941,1.851852,-0.132353,3.740741,-0.176471,4.740741,-0.235294,5.518519,-0.279412,0,0,0.0,0.0,0.0,0.0,0.0,0.0,0.0,0.0,0.0,0.0,0.0,0.0,0.0,0.0,0.0,0.0,0.0,0.0,0.0,0.0,0.0,0.0,0.0,0.0,0.0,0.0,0.0,0.0,0.0,0.0,0.0,0.0,0.0,0.0,0.0,0.0,0.0,0.0,0.0,0.0,0.0,0.0,J,8
0.0,0.0,0.407407,0.576271,1.703704,1.152542,3.185185,1.288136,3.740741,1.033898,0.777778,1.0,3.185185,1.220339,2.814815,1.0,2.074074,0.864407,1.0,0.525424,3.407407,0.79661,2.925926,0.661017,2.296296,0.525424,1.37037,0.101695,3.592593,0.40678,3.148148,0.389831,2.444444,0.322034,1.777778,-0.220339,3.62963,-0.237288,4.592593,-0.322034,5.37037,-0.389831,0,0,0.0,0.0,0.0,0.0,0.0,0.0,0.0,0.0,0.0,0.0,0.0,0.0,0.0,0.0,0.0,0.0,0.0,0.0,0.0,0.0,0.0,0.0,0.0,0.0,0.0,0.0,0.0,0.0,0.0,0.0,0.0,0.0,0.0,0.0,0.0,0.0,0.0,0.0,0.0,0.0,0.0,0.0,J,8
0.0,0.0,0.266667,0.62963,1.4,1.222222,2.7,1.407407,3.366667,1.166667,0.633333,1.0,2.766667,1.314815,2.4,1.111111,1.766667,0.962963,0.933333,0.481481,3.0,0.87037,2.566667,0.759259,2.0,0.611111,1.3,0.037037,3.166667,0.462963,2.766667,0.462963,2.133333,0.388889,1.633333,-0.259259,3.2,-0.296296,4.1,-0.388889,4.833333,-0.462963,0,0,0.0,0.0,0.0,0.0,0.0,0.0,0.0,0.0,0.0,0.0,0.0,0.0,0.0,0.0,0.0,0.0,0.0,0.0,0.0,0.0,0.0,0.0,0.0,0.0,0.0,0.0,0.0,0.0,0.0,0.0,0.0,0.0,0.0,0.0,0.0,0.0,0.0,0.0,0.0,0.0,0.0,0.0,J,8
0.0,0.0,0.172414,0.723404,1.206897,1.425532,2.413793,1.617021,3.275862,1.382979,0.689655,1.0,2.931034,1.361702,2.517241,1.234043,1.896552,1.106383,1.0,0.404255,3.137931,0.93617,2.655172,0.893617,2.172414,0.765957,1.344828,-0.042553,3.310345,0.468085,2.827586,0.553191,2.137931,0.489362,1.689655,-0.340426,3.344828,-0.297872,4.344828,-0.382979,5.172414,-0.489362,0,0,0.0,0.0,0.0,0.0,0.0,0.0,0.0,0.0,0.0,0.0,0.0,0.0,0.0,0.0,0.0,0.0,0.0,0.0,0.0,0.0,0.0,0.0,0.0,0.0,0.0,0.0,0.0,0.0,0.0,0.0,0.0,0.0,0.0,0.0,0.0,0.0,0.0,0.0,0.0,0.0,0.0,0.0,J,8
0.0,0.0,0.25,0.76087,1.25,1.521739,2.392857,1.717391,3.142857,1.391304,0.714286,1.0,2.964286,1.369565,2.535714,1.26087,1.928571,1.152174,1.0,0.413043,3.214286,0.891304,2.714286,0.869565,2.142857,0.73913,1.357143,-0.043478,3.357143,0.456522,2.892857,0.521739,2.178571,0.478261,1.714286,-0.347826,3.428571,-0.23913,4.464286,-0.304348,5.25,-0.413043,0,0,0.0,0.0,0.0,0.0,0.0,0.0,0.0,0.0,0.0,0.0,0.0,0.0,0.0,0.0,0.0,0.0,0.0,0.0,0.0,0.0,0.0,0.0,0.0,0.0,0.0,0.0,0.0,0.0,0.0,0.0,0.0,0.0,0.0,0.0,0.0,0.0,0.0,0.0,0.0,0.0,0.0,0.0,J,8
0.0,0.0,0.133333,0.782609,1.133333,1.543478,2.266667,1.717391,3.033333,1.456522,0.9,1.0,2.866667,1.434783,2.433333,1.369565,1.866667,1.26087,1.233333,0.434783,3.133333,0.978261,2.666667,1.0,2.133333,0.869565,1.566667,0.0,3.266667,0.543478,2.833333,0.673913,2.2,0.630435,1.9,-0.23913,3.433333,-0.152174,4.366667,-0.173913,5.133333,-0.23913,0,0,0.0,0.0,0.0,0.0,0.0,0.0,0.0,0.0,0.0,0.0,0.0,0.0,0.0,0.0,0.0,0.0,0.0,0.0,0.0,0.0,0.0,0.0,0.0,0.0,0.0,0.0,0.0,0.0,0.0,0.0,0.0,0.0,0.0,0.0,0.0,0.0,0.0,0.0,0.0,0.0,0.0,0.0,J,8
0.0,0.0,0.269231,0.804348,1.461538,1.543478,2.769231,1.717391,3.615385,1.434783,1.346154,1.0,3.576923,1.391304,3.0,1.347826,2.346154,1.23913,1.730769,0.434783,3.846154,0.956522,3.230769,0.956522,2.653846,0.826087,2.038462,-0.021739,3.961538,0.521739,3.461538,0.586957,2.730769,0.521739,2.346154,-0.282609,4.115385,-0.152174,5.230769,-0.130435,6.115385,-0.195652,0,0,0.0,0.0,0.0,0.0,0.0,0.0,0.0,0.0,0.0,0.0,0.0,0.0,0.0,0.0,0.0,0.0,0.0,0.0,0.0,0.0,0.0,0.0,0.0,0.0,0.0,0.0,0.0,0.0,0.0,0.0,0.0,0.0,0.0,0.0,0.0,0.0,0.0,0.0,0.0,0.0,0.0,0.0,J,8
0.0,0.0,0.28,0.8125,1.48,1.5625,2.84,1.770833,3.76,1.5625,1.64,1.0,3.8,1.4375,3.2,1.4375,2.56,1.291667,2.0,0.479167,4.08,1.020833,3.44,1.041667,2.8,0.895833,2.32,0.083333,4.24,0.625,3.72,0.6875,3.0,0.583333,2.64,-0.166667,4.4,-0.041667,5.56,0.0,6.44,-0.041667,0,0,0.0,0.0,0.0,0.0,0.0,0.0,0.0,0.0,0.0,0.0,0.0,0.0,0.0,0.0,0.0,0.0,0.0,0.0,0.0,0.0,0.0,0.0,0.0,0.0,0.0,0.0,0.0,0.0,0.0,0.0,0.0,0.0,0.0,0.0,0.0,0.0,0.0,0.0,0.0,0.0,0.0,0.0,J,8
0.0,0.0,0.291667,0.795918,1.5,1.530612,2.875,1.755102,3.875,1.55102,1.791667,1.0,4.041667,1.44898,3.333333,1.428571,2.708333,1.285714,2.166667,0.469388,4.333333,1.040816,3.625,1.040816,3.0,0.897959,2.458333,0.102041,4.458333,0.612245,3.916667,0.693878,3.208333,0.591837,2.791667,-0.142857,4.625,0.020408,5.791667,0.081633,6.75,0.061224,0,0,0.0,0.0,0.0,0.0,0.0,0.0,0.0,0.0,0.0,0.0,0.0,0.0,0.0,0.0,0.0,0.0,0.0,0.0,0.0,0.0,0.0,0.0,0.0,0.0,0.0,0.0,0.0,0.0,0.0,0.0,0.0,0.0,0.0,0.0,0.0,0.0,0.0,0.0,0.0,0.0,0.0,0.0,J,8
0.0,0.0,0.375,0.784314,1.583333,1.490196,2.958333,1.72549,3.958333,1.54902,1.916667,1.0,4.125,1.431373,3.458333,1.45098,2.791667,1.294118,2.291667,0.509804,4.416667,1.039216,3.75,1.058824,3.166667,0.921569,2.625,0.117647,4.541667,0.627451,4.041667,0.72549,3.333333,0.627451,2.916667,-0.117647,4.75,0.039216,5.958333,0.117647,6.875,0.098039,0,0,0.0,0.0,0.0,0.0,0.0,0.0,0.0,0.0,0.0,0.0,0.0,0.0,0.0,0.0,0.0,0.0,0.0,0.0,0.0,0.0,0.0,0.0,0.0,0.0,0.0,0.0,0.0,0.0,0.0,0.0,0.0,0.0,0.0,0.0,0.0,0.0,0.0,0.0,0.0,0.0,0.0,0.0,J,8
0.0,0.0,0.333333,0.857143,1.481481,1.591837,2.851852,1.795918,3.740741,1.591837,1.666667,1.0,3.62963,1.44898,3.037037,1.469388,2.481481,1.346939,2.074074,0.489796,3.851852,1.061224,3.296296,1.081633,2.851852,0.938776,2.37037,0.102041,4.037037,0.653061,3.592593,0.755102,3.0,0.632653,2.666667,-0.142857,4.259259,0.061224,5.259259,0.142857,6.111111,0.122449,0,0,0.0,0.0,0.0,0.0,0.0,0.0,0.0,0.0,0.0,0.0,0.0,0.0,0.0,0.0,0.0,0.0,0.0,0.0,0.0,0.0,0.0,0.0,0.0,0.0,0.0,0.0,0.0,0.0,0.0,0.0,0.0,0.0,0.0,0.0,0.0,0.0,0.0,0.0,0.0,0.0,0.0,0.0,J,8
0.0,0.0,0.269231,0.875,1.5,1.625,2.846154,1.875,3.807692,1.666667,1.807692,1.0,3.807692,1.541667,3.076923,1.520833,2.538462,1.354167,2.230769,0.458333,4.076923,1.104167,3.384615,1.104167,2.884615,0.9375,2.5,0.083333,4.269231,0.666667,3.692308,0.729167,3.076923,0.604167,2.807692,-0.145833,4.461538,0.083333,5.5,0.166667,6.346154,0.145833,0,0,0.0,0.0,0.0,0.0,0.0,0.0,0.0,0.0,0.0,0.0,0.0,0.0,0.0,0.0,0.0,0.0,0.0,0.0,0.0,0.0,0.0,0.0,0.0,0.0,0.0,0.0,0.0,0.0,0.0,0.0,0.0,0.0,0.0,0.0,0.0,0.0,0.0,0.0,0.0,0.0,0.0,0.0,J,8
0.0,0.0,0.346154,0.836735,1.576923,1.571429,2.961538,1.795918,3.884615,1.612245,1.846154,1.0,3.884615,1.489796,3.230769,1.510204,2.653846,1.346939,2.230769,0.469388,4.153846,1.061224,3.538462,1.102041,3.0,0.938776,2.538462,0.081633,4.307692,0.653061,3.807692,0.734694,3.192308,0.612245,2.846154,-0.163265,4.538462,0.040816,5.615385,0.142857,6.461538,0.142857,0,0,0.0,0.0,0.0,0.0,0.0,0.0,0.0,0.0,0.0,0.0,0.0,0.0,0.0,0.0,0.0,0.0,0.0,0.0,0.0,0.0,0.0,0.0,0.0,0.0,0.0,0.0,0.0,0.0,0.0,0.0,0.0,0.0,0.0,0.0,0.0,0.0,0.0,0.0,0.0,0.0,0.0,0.0,J,8
0.0,0.0,0.37037,0.854167,1.518519,1.604167,2.814815,1.875,3.777778,1.708333,1.814815,1.0,3.814815,1.520833,3.222222,1.541667,2.666667,1.375,2.185185,0.479167,4.074074,1.083333,3.481481,1.104167,2.962963,0.958333,2.518519,0.083333,4.222222,0.645833,3.777778,0.75,3.148148,0.645833,2.814815,-0.166667,4.481481,0.041667,5.518519,0.166667,6.333333,0.166667,0,0,0.0,0.0,0.0,0.0,0.0,0.0,0.0,0.0,0.0,0.0,0.0,0.0,0.0,0.0,0.0,0.0,0.0,0.0,0.0,0.0,0.0,0.0,0.0,0.0,0.0,0.0,0.0,0.0,0.0,0.0,0.0,0.0,0.0,0.0,0.0,0.0,0.0,0.0,0.0,0.0,0.0,0.0,J,8
0.0,0.0,0.346154,0.87234,1.615385,1.617021,3.038462,1.893617,4.0,1.723404,1.923077,1.0,4.038462,1.531915,3.346154,1.531915,2.769231,1.361702,2.307692,0.446809,4.307692,1.085106,3.615385,1.106383,3.038462,0.93617,2.615385,0.042553,4.5,0.638298,3.923077,0.723404,3.269231,0.617021,2.923077,-0.212766,4.653846,0.021277,5.769231,0.12766,6.692308,0.12766,0,0,0.0,0.0,0.0,0.0,0.0,0.0,0.0,0.0,0.0,0.0,0.0,0.0,0.0,0.0,0.0,0.0,0.0,0.0,0.0,0.0,0.0,0.0,0.0,0.0,0.0,0.0,0.0,0.0,0.0,0.0,0.0,0.0,0.0,0.0,0.0,0.0,0.0,0.0,0.0,0.0,0.0,0.0,J,8
0.0,0.0,0.346154,0.875,1.653846,1.604167,3.076923,1.875,4.076923,1.6875,1.961538,1.0,4.038462,1.541667,3.346154,1.520833,2.769231,1.354167,2.346154,0.479167,4.307692,1.083333,3.653846,1.104167,3.076923,0.958333,2.653846,0.083333,4.538462,0.666667,3.961538,0.729167,3.307692,0.625,2.961538,-0.1875,4.692308,0.041667,5.769231,0.125,6.730769,0.125,0,0,0.0,0.0,0.0,0.0,0.0,0.0,0.0,0.0,0.0,0.0,0.0,0.0,0.0,0.0,0.0,0.0,0.0,0.0,0.0,0.0,0.0,0.0,0.0,0.0,0.0,0.0,0.0,0.0,0.0,0.0,0.0,0.0,0.0,0.0,0.0,0.0,0.0,0.0,0.0,0.0,0.0,0.0,J,8
0.0,0.0,0.4,0.87234,1.72,1.638298,3.16,1.914894,4.2,1.702128,2.04,1.0,4.24,1.531915,3.56,1.553191,2.96,1.382979,2.44,0.468085,4.52,1.085106,3.84,1.106383,3.24,0.957447,2.72,0.042553,4.76,0.638298,4.2,0.702128,3.48,0.595745,3.04,-0.212766,4.88,0.0,6.04,0.106383,6.96,0.085106,0,0,0.0,0.0,0.0,0.0,0.0,0.0,0.0,0.0,0.0,0.0,0.0,0.0,0.0,0.0,0.0,0.0,0.0,0.0,0.0,0.0,0.0,0.0,0.0,0.0,0.0,0.0,0.0,0.0,0.0,0.0,0.0,0.0,0.0,0.0,0.0,0.0,0.0,0.0,0.0,0.0,0.0,0.0,J,8
0.0,0.0,0.384615,0.893617,1.692308,1.638298,3.076923,1.893617,4.076923,1.680851,1.923077,1.0,4.038462,1.531915,3.384615,1.553191,2.807692,1.404255,2.307692,0.446809,4.307692,1.085106,3.653846,1.12766,3.076923,0.978723,2.615385,0.021277,4.538462,0.638298,3.961538,0.723404,3.307692,0.617021,2.923077,-0.234043,4.692308,0.0,5.769231,0.106383,6.692308,0.085106,0,0,0.0,0.0,0.0,0.0,0.0,0.0,0.0,0.0,0.0,0.0,0.0,0.0,0.0,0.0,0.0,0.0,0.0,0.0,0.0,0.0,0.0,0.0,0.0,0.0,0.0,0.0,0.0,0.0,0.0,0.0,0.0,0.0,0.0,0.0,0.0,0.0,0.0,0.0,0.0,0.0,0.0,0.0,J,8
0.0,0.0,0.384615,0.875,1.692308,1.604167,3.115385,1.833333,4.115385,1.625,1.923077,1.0,4.115385,1.5,3.423077,1.5,2.807692,1.333333,2.307692,0.4375,4.384615,1.041667,3.692308,1.083333,3.115385,0.9375,2.615385,0.020833,4.615385,0.604167,4.038462,0.6875,3.346154,0.583333,2.923077,-0.25,4.730769,-0.020833,5.807692,0.0625,6.730769,0.0625,0,0,0.0,0.0,0.0,0.0,0.0,0.0,0.0,0.0,0.0,0.0,0.0,0.0,0.0,0.0,0.0,0.0,0.0,0.0,0.0,0.0,0.0,0.0,0.0,0.0,0.0,0.0,0.0,0.0,0.0,0.0,0.0,0.0,0.0,0.0,0.0,0.0,0.0,0.0,0.0,0.0,0.0,0.0,J,8
0.0,0.0,0.392857,0.87234,1.607143,1.595745,2.964286,1.829787,3.928571,1.638298,1.75,1.0,3.821429,1.468085,3.285714,1.510638,2.714286,1.361702,2.107143,0.425532,4.035714,1.021277,3.464286,1.06383,2.892857,0.914894,2.428571,0.0,4.25,0.595745,3.75,0.680851,3.107143,0.553191,2.75,-0.276596,4.392857,-0.06383,5.392857,0.021277,6.25,0.0,0,0,0.0,0.0,0.0,0.0,0.0,0.0,0.0,0.0,0.0,0.0,0.0,0.0,0.0,0.0,0.0,0.0,0.0,0.0,0.0,0.0,0.0,0.0,0.0,0.0,0.0,0.0,0.0,0.0,0.0,0.0,0.0,0.0,0.0,0.0,0.0,0.0,0.0,0.0,0.0,0.0,0.0,0.0,J,8
0.0,0.0,0.384615,0.836735,1.769231,1.55102,3.230769,1.755102,4.269231,1.55102,1.923077,1.0,4.192308,1.44898,3.5,1.469388,2.846154,1.326531,2.307692,0.428571,4.423077,1.0,3.730769,1.061224,3.115385,0.918367,2.615385,0.020408,4.653846,0.591837,4.038462,0.673469,3.307692,0.571429,2.923077,-0.244898,4.692308,-0.040816,5.807692,0.040816,6.769231,0.020408,0,0,0.0,0.0,0.0,0.0,0.0,0.0,0.0,0.0,0.0,0.0,0.0,0.0,0.0,0.0,0.0,0.0,0.0,0.0,0.0,0.0,0.0,0.0,0.0,0.0,0.0,0.0,0.0,0.0,0.0,0.0,0.0,0.0,0.0,0.0,0.0,0.0,0.0,0.0,0.0,0.0,0.0,0.0,J,8
0.0,0.0,0.310345,0.784314,1.551724,1.45098,2.931034,1.705882,3.965517,1.588235,1.689655,1.0,3.655172,1.431373,3.206897,1.470588,2.655172,1.333333,2.068966,0.529412,3.896552,1.058824,3.344828,1.098039,2.793103,0.941176,2.37931,0.137255,4.206897,0.666667,3.655172,0.72549,3.034483,0.607843,2.689655,-0.117647,4.275862,0.019608,5.241379,0.078431,6.103448,0.058824,0,0,0.0,0.0,0.0,0.0,0.0,0.0,0.0,0.0,0.0,0.0,0.0,0.0,0.0,0.0,0.0,0.0,0.0,0.0,0.0,0.0,0.0,0.0,0.0,0.0,0.0,0.0,0.0,0.0,0.0,0.0,0.0,0.0,0.0,0.0,0.0,0.0,0.0,0.0,0.0,0.0,0.0,0.0,J,8
0.0,0.0,0.275862,0.759259,1.413793,1.407407,2.724138,1.666667,3.758621,1.518519,1.586207,1.0,3.586207,1.462963,3.068966,1.444444,2.482759,1.277778,1.965517,0.518519,3.862069,1.055556,3.275862,1.074074,2.689655,0.925926,2.275862,0.12963,4.103448,0.666667,3.586207,0.722222,2.931034,0.62963,2.586207,-0.092593,4.137931,0.037037,5.137931,0.092593,5.965517,0.074074,0,0,0.0,0.0,0.0,0.0,0.0,0.0,0.0,0.0,0.0,0.0,0.0,0.0,0.0,0.0,0.0,0.0,0.0,0.0,0.0,0.0,0.0,0.0,0.0,0.0,0.0,0.0,0.0,0.0,0.0,0.0,0.0,0.0,0.0,0.0,0.0,0.0,0.0,0.0,0.0,0.0,0.0,0.0,J,8
0.0,0.0,0.233333,0.714286,1.4,1.357143,2.7,1.589286,3.7,1.464286,1.433333,1.0,3.466667,1.428571,2.966667,1.410714,2.4,1.267857,1.8,0.553571,3.7,1.053571,3.133333,1.071429,2.566667,0.910714,2.133333,0.178571,3.966667,0.714286,3.433333,0.767857,2.766667,0.642857,2.433333,-0.053571,3.966667,0.053571,4.933333,0.089286,5.8,0.053571,0,0,0.0,0.0,0.0,0.0,0.0,0.0,0.0,0.0,0.0,0.0,0.0,0.0,0.0,0.0,0.0,0.0,0.0,0.0,0.0,0.0,0.0,0.0,0.0,0.0,0.0,0.0,0.0,0.0,0.0,0.0,0.0,0.0,0.0,0.0,0.0,0.0,0.0,0.0,0.0,0.0,0.0,0.0,J,8
0.0,0.0,0.285714,0.714286,1.535714,1.357143,3.0,1.660714,4.071429,1.571429,1.5,1.0,3.642857,1.410714,3.142857,1.428571,2.571429,1.285714,1.857143,0.553571,3.857143,1.053571,3.321429,1.089286,2.714286,0.928571,2.178571,0.196429,4.107143,0.714286,3.607143,0.732143,3.0,0.589286,2.5,-0.071429,4.178571,0.107143,5.035714,0.125,5.714286,0.053571,0,0,0.0,0.0,0.0,0.0,0.0,0.0,0.0,0.0,0.0,0.0,0.0,0.0,0.0,0.0,0.0,0.0,0.0,0.0,0.0,0.0,0.0,0.0,0.0,0.0,0.0,0.0,0.0,0.0,0.0,0.0,0.0,0.0,0.0,0.0,0.0,0.0,0.0,0.0,0.0,0.0,0.0,0.0,J,8
0.0,0.0,0.407407,0.578125,1.814815,1.15625,3.37037,1.421875,4.333333,1.328125,1.333333,1.0,3.666667,1.28125,3.37037,1.21875,2.814815,1.078125,1.592593,0.609375,4.0,0.90625,3.518519,0.859375,2.777778,0.734375,1.925926,0.265625,4.222222,0.609375,3.740741,0.546875,3.037037,0.4375,2.333333,0.0,3.925926,0.28125,3.740741,0.25,3.296296,0.15625,0,0,0.0,0.0,0.0,0.0,0.0,0.0,0.0,0.0,0.0,0.0,0.0,0.0,0.0,0.0,0.0,0.0,0.0,0.0,0.0,0.0,0.0,0.0,0.0,0.0,0.0,0.0,0.0,0.0,0.0,0.0,0.0,0.0,0.0,0.0,0.0,0.0,0.0,0.0,0.0,0.0,0.0,0.0,J,8
0.0,0.0,0.882353,0.493151,3.294118,0.931507,5.764706,1.150685,6.941176,1.041096,2.176471,1.0,5.823529,1.178082,5.470588,0.986301,4.470588,0.849315,2.352941,0.630137,6.235294,0.767123,5.529412,0.616438,4.176471,0.547945,2.764706,0.273973,6.352941,0.438356,5.588235,0.328767,4.352941,0.260274,3.176471,-0.027397,5.941176,0.136986,5.411765,0.054795,4.470588,0.0,0,0,0.0,0.0,0.0,0.0,0.0,0.0,0.0,0.0,0.0,0.0,0.0,0.0,0.0,0.0,0.0,0.0,0.0,0.0,0.0,0.0,0.0,0.0,0.0,0.0,0.0,0.0,0.0,0.0,0.0,0.0,0.0,0.0,0.0,0.0,0.0,0.0,0.0,0.0,0.0,0.0,0.0,0.0,J,8
0.0,0.0,0.714286,0.468354,2.571429,0.886076,4.571429,1.063291,5.52381,0.974684,1.428571,1.0,4.571429,1.113924,4.238095,0.898734,3.333333,0.797468,1.619048,0.658228,4.761905,0.746835,4.333333,0.56962,3.238095,0.493671,2.0,0.316456,4.904762,0.455696,4.428571,0.316456,3.428571,0.240506,2.428571,0.012658,4.619048,0.177215,4.285714,0.075949,3.47619,0.0,0,0,0.0,0.0,0.0,0.0,0.0,0.0,0.0,0.0,0.0,0.0,0.0,0.0,0.0,0.0,0.0,0.0,0.0,0.0,0.0,0.0,0.0,0.0,0.0,0.0,0.0,0.0,0.0,0.0,0.0,0.0,0.0,0.0,0.0,0.0,0.0,0.0,0.0,0.0,0.0,0.0,0.0,0.0,J,8
0.0,0.0,3.666667,0.445783,10.333333,0.843373,17.0,0.975904,20.0,0.819277,5.5,1.0,16.0,1.060241,16.0,0.831325,13.0,0.722892,5.166667,0.650602,16.333333,0.686747,15.5,0.506024,11.666667,0.457831,5.666667,0.313253,15.833333,0.409639,15.0,0.26506,11.833333,0.204819,6.5,0.012048,14.666667,0.13253,14.166667,0.036145,11.666667,-0.024096,0,0,0.0,0.0,0.0,0.0,0.0,0.0,0.0,0.0,0.0,0.0,0.0,0.0,0.0,0.0,0.0,0.0,0.0,0.0,0.0,0.0,0.0,0.0,0.0,0.0,0.0,0.0,0.0,0.0,0.0,0.0,0.0,0.0,0.0,0.0,0.0,0.0,0.0,0.0,0.0,0.0,0.0,0.0,J,8
0.0,0.0,2.285714,0.370787,5.071429,0.730337,7.428571,0.853933,8.571429,0.707865,2.571429,1.0,6.5,0.966292,6.857143,0.730337,5.857143,0.629213,1.785714,0.741573,6.285714,0.662921,6.214286,0.47191,5.071429,0.426966,1.5,0.449438,5.714286,0.404494,5.714286,0.235955,4.642857,0.191011,1.571429,0.168539,5.142857,0.179775,5.142857,0.05618,4.285714,0.011236,0,0,0.0,0.0,0.0,0.0,0.0,0.0,0.0,0.0,0.0,0.0,0.0,0.0,0.0,0.0,0.0,0.0,0.0,0.0,0.0,0.0,0.0,0.0,0.0,0.0,0.0,0.0,0.0,0.0,0.0,0.0,0.0,0.0,0.0,0.0,0.0,0.0,0.0,0.0,0.0,0.0,0.0,0.0,J,8
0.0,0.0,1.380952,0.337209,3.047619,0.651163,4.47619,0.732558,5.142857,0.616279,1.571429,1.0,3.904762,0.953488,4.285714,0.686047,3.857143,0.534884,1.0,0.744186,3.809524,0.627907,4.0,0.395349,3.428571,0.302326,0.666667,0.465116,3.380952,0.360465,3.47619,0.174419,2.952381,0.116279,0.571429,0.197674,2.809524,0.139535,2.857143,0.0,2.428571,-0.046512,0,0,0.0,0.0,0.0,0.0,0.0,0.0,0.0,0.0,0.0,0.0,0.0,0.0,0.0,0.0,0.0,0.0,0.0,0.0,0.0,0.0,0.0,0.0,0.0,0.0,0.0,0.0,0.0,0.0,0.0,0.0,0.0,0.0,0.0,0.0,0.0,0.0,0.0,0.0,0.0,0.0,0.0,0.0,J,8
0.0,0.0,0.78125,0.265823,1.65625,0.518987,2.375,0.658228,2.875,0.632911,0.8125,1.0,2.03125,0.898734,2.375,0.632911,2.375,0.468354,0.34375,0.822785,1.75,0.632911,2.0625,0.367089,2.09375,0.21519,0.03125,0.594937,1.3125,0.392405,1.59375,0.177215,1.59375,0.050633,-0.1875,0.379747,0.8125,0.240506,1.09375,0.075949,1.15625,-0.025316,0,0,0.0,0.0,0.0,0.0,0.0,0.0,0.0,0.0,0.0,0.0,0.0,0.0,0.0,0.0,0.0,0.0,0.0,0.0,0.0,0.0,0.0,0.0,0.0,0.0,0.0,0.0,0.0,0.0,0.0,0.0,0.0,0.0,0.0,0.0,0.0,0.0,0.0,0.0,0.0,0.0,0.0,0.0,J,8
0.0,0.0,0.5,-0.083333,1.112903,0.25,1.403226,0.683333,1.403226,1.083333,1.048387,1.0,1.193548,1.283333,1.0,0.883333,0.854839,0.566667,0.741935,1.116667,0.870968,1.383333,0.66129,0.866667,0.532258,0.533333,0.387097,1.2,0.483871,1.333333,0.290323,0.783333,0.16129,0.433333,0.048387,1.266667,0.258065,1.75,0.403226,2.05,0.548387,2.366667,0,0,0.0,0.0,0.0,0.0,0.0,0.0,0.0,0.0,0.0,0.0,0.0,0.0,0.0,0.0,0.0,0.0,0.0,0.0,0.0,0.0,0.0,0.0,0.0,0.0,0.0,0.0,0.0,0.0,0.0,0.0,0.0,0.0,0.0,0.0,0.0,0.0,0.0,0.0,0.0,0.0,0.0,0.0,J,9
0.0,0.0,0.540984,-0.015625,1.147541,0.3125,1.442623,0.703125,1.47541,1.078125,1.081967,1.0,1.262295,1.28125,1.04918,0.890625,0.885246,0.59375,0.770492,1.125,0.918033,1.359375,0.704918,0.875,0.590164,0.578125,0.42623,1.171875,0.52459,1.296875,0.327869,0.796875,0.213115,0.453125,0.081967,1.21875,0.311475,1.671875,0.459016,1.96875,0.606557,2.234375,0,0,0.0,0.0,0.0,0.0,0.0,0.0,0.0,0.0,0.0,0.0,0.0,0.0,0.0,0.0,0.0,0.0,0.0,0.0,0.0,0.0,0.0,0.0,0.0,0.0,0.0,0.0,0.0,0.0,0.0,0.0,0.0,0.0,0.0,0.0,0.0,0.0,0.0,0.0,0.0,0.0,0.0,0.0,J,9
0.0,0.0,0.610169,0.015152,1.220339,0.348485,1.525424,0.727273,1.542373,1.090909,1.118644,1.0,1.322034,1.257576,1.101695,0.878788,0.932203,0.590909,0.813559,1.106061,0.966102,1.333333,0.745763,0.863636,0.610169,0.545455,0.457627,1.151515,0.576271,1.30303,0.389831,0.818182,0.254237,0.484848,0.118644,1.212121,0.355932,1.651515,0.508475,1.939394,0.644068,2.19697,0,0,0.0,0.0,0.0,0.0,0.0,0.0,0.0,0.0,0.0,0.0,0.0,0.0,0.0,0.0,0.0,0.0,0.0,0.0,0.0,0.0,0.0,0.0,0.0,0.0,0.0,0.0,0.0,0.0,0.0,0.0,0.0,0.0,0.0,0.0,0.0,0.0,0.0,0.0,0.0,0.0,0.0,0.0,J,9
0.0,0.0,0.610169,0.029412,1.220339,0.352941,1.525424,0.720588,1.525424,1.073529,1.118644,1.0,1.322034,1.264706,1.101695,0.882353,0.932203,0.602941,0.79661,1.102941,0.983051,1.323529,0.762712,0.867647,0.627119,0.573529,0.457627,1.147059,0.59322,1.294118,0.389831,0.808824,0.254237,0.485294,0.118644,1.205882,0.355932,1.647059,0.508475,1.911765,0.644068,2.176471,0,0,0.0,0.0,0.0,0.0,0.0,0.0,0.0,0.0,0.0,0.0,0.0,0.0,0.0,0.0,0.0,0.0,0.0,0.0,0.0,0.0,0.0,0.0,0.0,0.0,0.0,0.0,0.0,0.0,0.0,0.0,0.0,0.0,0.0,0.0,0.0,0.0,0.0,0.0,0.0,0.0,0.0,0.0,J,9
0.0,0.0,0.6,0.029412,1.216667,0.338235,1.516667,0.705882,1.533333,1.073529,1.133333,1.0,1.333333,1.264706,1.1,0.897059,0.933333,0.617647,0.816667,1.102941,0.983333,1.338235,0.75,0.867647,0.616667,0.573529,0.483333,1.161765,0.6,1.308824,0.4,0.823529,0.25,0.5,0.133333,1.205882,0.366667,1.647059,0.516667,1.911765,0.65,2.176471,0,0,0.0,0.0,0.0,0.0,0.0,0.0,0.0,0.0,0.0,0.0,0.0,0.0,0.0,0.0,0.0,0.0,0.0,0.0,0.0,0.0,0.0,0.0,0.0,0.0,0.0,0.0,0.0,0.0,0.0,0.0,0.0,0.0,0.0,0.0,0.0,0.0,0.0,0.0,0.0,0.0,0.0,0.0,J,9
0.0,0.0,0.596774,0.029851,1.16129,0.343284,1.451613,0.701493,1.483871,1.074627,1.129032,1.0,1.322581,1.268657,1.080645,0.895522,0.903226,0.61194,0.806452,1.119403,0.967742,1.358209,0.725806,0.880597,0.596774,0.567164,0.467742,1.179104,0.564516,1.313433,0.354839,0.820896,0.241935,0.507463,0.129032,1.238806,0.370968,1.671642,0.5,1.955224,0.629032,2.223881,0,0,0.0,0.0,0.0,0.0,0.0,0.0,0.0,0.0,0.0,0.0,0.0,0.0,0.0,0.0,0.0,0.0,0.0,0.0,0.0,0.0,0.0,0.0,0.0,0.0,0.0,0.0,0.0,0.0,0.0,0.0,0.0,0.0,0.0,0.0,0.0,0.0,0.0,0.0,0.0,0.0,0.0,0.0,J,9
0.0,0.0,0.590164,0.029412,1.180328,0.323529,1.47541,0.691176,1.47541,1.044118,1.114754,1.0,1.327869,1.279412,1.081967,0.897059,0.885246,0.617647,0.803279,1.117647,0.967213,1.338235,0.737705,0.867647,0.590164,0.573529,0.47541,1.176471,0.57377,1.308824,0.377049,0.838235,0.245902,0.514706,0.114754,1.235294,0.360656,1.676471,0.491803,1.941176,0.622951,2.205882,0,0,0.0,0.0,0.0,0.0,0.0,0.0,0.0,0.0,0.0,0.0,0.0,0.0,0.0,0.0,0.0,0.0,0.0,0.0,0.0,0.0,0.0,0.0,0.0,0.0,0.0,0.0,0.0,0.0,0.0,0.0,0.0,0.0,0.0,0.0,0.0,0.0,0.0,0.0,0.0,0.0,0.0,0.0,J,9
0.0,0.0,0.596774,0.014706,1.177419,0.323529,1.467742,0.705882,1.467742,1.073529,1.129032,1.0,1.322581,1.264706,1.096774,0.882353,0.919355,0.602941,0.822581,1.117647,0.967742,1.338235,0.741935,0.852941,0.596774,0.558824,0.483871,1.176471,0.564516,1.323529,0.370968,0.823529,0.241935,0.5,0.129032,1.235294,0.370968,1.676471,0.5,1.941176,0.629032,2.205882,0,0,0.0,0.0,0.0,0.0,0.0,0.0,0.0,0.0,0.0,0.0,0.0,0.0,0.0,0.0,0.0,0.0,0.0,0.0,0.0,0.0,0.0,0.0,0.0,0.0,0.0,0.0,0.0,0.0,0.0,0.0,0.0,0.0,0.0,0.0,0.0,0.0,0.0,0.0,0.0,0.0,0.0,0.0,J,9
0.0,0.0,0.606557,0.028571,1.196721,0.342857,1.491803,0.7,1.508197,1.042857,1.131148,1.0,1.327869,1.257143,1.081967,0.871429,0.901639,0.6,0.819672,1.1,0.967213,1.328571,0.737705,0.857143,0.590164,0.557143,0.47541,1.157143,0.57377,1.314286,0.377049,0.828571,0.245902,0.514286,0.131148,1.214286,0.360656,1.642857,0.508197,1.914286,0.622951,2.157143,0,0,0.0,0.0,0.0,0.0,0.0,0.0,0.0,0.0,0.0,0.0,0.0,0.0,0.0,0.0,0.0,0.0,0.0,0.0,0.0,0.0,0.0,0.0,0.0,0.0,0.0,0.0,0.0,0.0,0.0,0.0,0.0,0.0,0.0,0.0,0.0,0.0,0.0,0.0,0.0,0.0,0.0,0.0,J,9
0.0,0.0,0.580645,0.0,1.193548,0.323529,1.483871,0.691176,1.467742,1.058824,1.112903,1.0,1.322581,1.279412,1.080645,0.882353,0.903226,0.602941,0.806452,1.117647,0.967742,1.352941,0.741935,0.882353,0.612903,0.573529,0.467742,1.176471,0.564516,1.308824,0.370968,0.823529,0.225806,0.5,0.112903,1.220588,0.33871,1.676471,0.467742,1.955882,0.596774,2.220588,0,0,0.0,0.0,0.0,0.0,0.0,0.0,0.0,0.0,0.0,0.0,0.0,0.0,0.0,0.0,0.0,0.0,0.0,0.0,0.0,0.0,0.0,0.0,0.0,0.0,0.0,0.0,0.0,0.0,0.0,0.0,0.0,0.0,0.0,0.0,0.0,0.0,0.0,0.0,0.0,0.0,0.0,0.0,J,9
0.0,0.0,0.571429,0.028169,1.15873,0.338028,1.428571,0.690141,1.428571,1.042254,1.047619,1.0,1.238095,1.239437,1.047619,0.873239,0.873016,0.591549,0.730159,1.084507,0.904762,1.295775,0.698413,0.816901,0.555556,0.507042,0.380952,1.126761,0.507937,1.253521,0.349206,0.760563,0.222222,0.450704,0.047619,1.169014,0.222222,1.619718,0.349206,1.887324,0.444444,2.15493,0,0,0.0,0.0,0.0,0.0,0.0,0.0,0.0,0.0,0.0,0.0,0.0,0.0,0.0,0.0,0.0,0.0,0.0,0.0,0.0,0.0,0.0,0.0,0.0,0.0,0.0,0.0,0.0,0.0,0.0,0.0,0.0,0.0,0.0,0.0,0.0,0.0,0.0,0.0,0.0,0.0,0.0,0.0,J,9
0.0,0.0,0.553846,0.040541,1.107692,0.351351,1.384615,0.662162,1.4,0.986486,0.969231,1.0,1.169231,1.216216,0.984615,0.837838,0.830769,0.554054,0.646154,1.081081,0.846154,1.243243,0.661538,0.783784,0.523077,0.486486,0.307692,1.108108,0.461538,1.189189,0.323077,0.716216,0.2,0.405405,-0.030769,1.121622,0.123077,1.554054,0.215385,1.824324,0.323077,2.081081,0,0,0.0,0.0,0.0,0.0,0.0,0.0,0.0,0.0,0.0,0.0,0.0,0.0,0.0,0.0,0.0,0.0,0.0,0.0,0.0,0.0,0.0,0.0,0.0,0.0,0.0,0.0,0.0,0.0,0.0,0.0,0.0,0.0,0.0,0.0,0.0,0.0,0.0,0.0,0.0,0.0,0.0,0.0,J,9
0.0,0.0,0.507463,0.084337,1.074627,0.361446,1.373134,0.60241,1.41791,0.879518,0.820896,1.0,1.074627,1.108434,0.925373,0.746988,0.791045,0.518072,0.492537,1.048193,0.746269,1.084337,0.61194,0.650602,0.492537,0.39759,0.149254,1.048193,0.373134,1.048193,0.283582,0.590361,0.208955,0.301205,-0.179104,1.0,-0.089552,1.349398,-0.014925,1.566265,0.059701,1.783133,0,0,0.0,0.0,0.0,0.0,0.0,0.0,0.0,0.0,0.0,0.0,0.0,0.0,0.0,0.0,0.0,0.0,0.0,0.0,0.0,0.0,0.0,0.0,0.0,0.0,0.0,0.0,0.0,0.0,0.0,0.0,0.0,0.0,0.0,0.0,0.0,0.0,0.0,0.0,0.0,0.0,0.0,0.0,J,9
0.0,0.0,0.560606,0.068182,1.121212,0.340909,1.409091,0.568182,1.469697,0.818182,0.818182,1.0,1.106061,1.034091,0.969697,0.681818,0.833333,0.465909,0.484848,1.056818,0.757576,0.988636,0.636364,0.579545,0.515152,0.352273,0.136364,1.011364,0.378788,0.931818,0.30303,0.511364,0.227273,0.261364,-0.181818,0.943182,-0.090909,1.25,-0.030303,1.443182,0.015152,1.636364,0,0,0.0,0.0,0.0,0.0,0.0,0.0,0.0,0.0,0.0,0.0,0.0,0.0,0.0,0.0,0.0,0.0,0.0,0.0,0.0,0.0,0.0,0.0,0.0,0.0,0.0,0.0,0.0,0.0,0.0,0.0,0.0,0.0,0.0,0.0,0.0,0.0,0.0,0.0,0.0,0.0,0.0,0.0,J,9
0.0,0.0,0.603175,0.095745,1.126984,0.340426,1.460317,0.521277,1.555556,0.723404,0.746032,1.0,1.111111,0.946809,1.047619,0.648936,0.904762,0.489362,0.396825,1.031915,0.777778,0.882979,0.698413,0.510638,0.587302,0.329787,0.063492,0.946809,0.380952,0.808511,0.380952,0.425532,0.333333,0.212766,-0.253968,0.808511,-0.206349,1.053191,-0.15873,1.223404,-0.095238,1.404255,0,0,0.0,0.0,0.0,0.0,0.0,0.0,0.0,0.0,0.0,0.0,0.0,0.0,0.0,0.0,0.0,0.0,0.0,0.0,0.0,0.0,0.0,0.0,0.0,0.0,0.0,0.0,0.0,0.0,0.0,0.0,0.0,0.0,0.0,0.0,0.0,0.0,0.0,0.0,0.0,0.0,0.0,0.0,J,9
0.0,0.0,0.650794,0.115789,1.15873,0.336842,1.47619,0.515789,1.571429,0.694737,0.746032,1.0,1.126984,0.873684,1.047619,0.578947,0.904762,0.452632,0.380952,1.010526,0.777778,0.789474,0.714286,0.442105,0.603175,0.284211,0.047619,0.905263,0.380952,0.715789,0.380952,0.347368,0.349206,0.157895,-0.253968,0.736842,-0.206349,0.947368,-0.206349,1.094737,-0.190476,1.252632,0,0,0.0,0.0,0.0,0.0,0.0,0.0,0.0,0.0,0.0,0.0,0.0,0.0,0.0,0.0,0.0,0.0,0.0,0.0,0.0,0.0,0.0,0.0,0.0,0.0,0.0,0.0,0.0,0.0,0.0,0.0,0.0,0.0,0.0,0.0,0.0,0.0,0.0,0.0,0.0,0.0,0.0,0.0,J,9
0.0,0.0,0.640625,0.135417,1.09375,0.333333,1.40625,0.489583,1.546875,0.666667,0.703125,1.0,1.09375,0.833333,1.015625,0.552083,0.875,0.427083,0.328125,1.0,0.75,0.739583,0.6875,0.395833,0.5625,0.260417,-0.015625,0.875,0.359375,0.666667,0.359375,0.322917,0.328125,0.145833,-0.296875,0.697917,-0.25,0.875,-0.234375,1.0,-0.1875,1.135417,0,0,0.0,0.0,0.0,0.0,0.0,0.0,0.0,0.0,0.0,0.0,0.0,0.0,0.0,0.0,0.0,0.0,0.0,0.0,0.0,0.0,0.0,0.0,0.0,0.0,0.0,0.0,0.0,0.0,0.0,0.0,0.0,0.0,0.0,0.0,0.0,0.0,0.0,0.0,0.0,0.0,0.0,0.0,J,9
0.0,0.0,0.639344,0.12766,1.081967,0.297872,1.442623,0.414894,1.672131,0.574468,0.737705,1.0,1.163934,0.765957,1.114754,0.478723,0.967213,0.361702,0.360656,0.978723,0.803279,0.62766,0.786885,0.319149,0.672131,0.202128,0.016393,0.840426,0.409836,0.56383,0.442623,0.244681,0.42623,0.095745,-0.262295,0.638298,-0.213115,0.734043,-0.213115,0.808511,-0.196721,0.904255,0,0,0.0,0.0,0.0,0.0,0.0,0.0,0.0,0.0,0.0,0.0,0.0,0.0,0.0,0.0,0.0,0.0,0.0,0.0,0.0,0.0,0.0,0.0,0.0,0.0,0.0,0.0,0.0,0.0,0.0,0.0,0.0,0.0,0.0,0.0,0.0,0.0,0.0,0.0,0.0,0.0,0.0,0.0,J,9
0.0,0.0,0.6,0.131868,1.05,0.318681,1.383333,0.428571,1.616667,0.571429,0.666667,1.0,0.966667,0.89011,1.1,0.725275,1.2,0.615385,0.316667,1.0,0.733333,0.67033,0.733333,0.340659,0.666667,0.175824,-0.033333,0.868132,0.333333,0.571429,0.4,0.252747,0.4,0.076923,-0.333333,0.67033,-0.266667,0.769231,-0.266667,0.835165,-0.25,0.912088,0,0,0.0,0.0,0.0,0.0,0.0,0.0,0.0,0.0,0.0,0.0,0.0,0.0,0.0,0.0,0.0,0.0,0.0,0.0,0.0,0.0,0.0,0.0,0.0,0.0,0.0,0.0,0.0,0.0,0.0,0.0,0.0,0.0,0.0,0.0,0.0,0.0,0.0,0.0,0.0,0.0,0.0,0.0,J,9
0.0,0.0,0.644068,0.133333,1.067797,0.3,1.389831,0.411111,1.677966,0.511111,0.644068,1.0,1.186441,0.722222,1.152542,0.4,1.0,0.277778,0.254237,0.955556,0.881356,0.555556,0.864407,0.244444,0.745763,0.155556,-0.084746,0.766667,0.474576,0.444444,0.542373,0.144444,0.508475,0.033333,-0.355932,0.533333,-0.220339,0.544444,-0.186441,0.555556,-0.169492,0.6,0,0,0.0,0.0,0.0,0.0,0.0,0.0,0.0,0.0,0.0,0.0,0.0,0.0,0.0,0.0,0.0,0.0,0.0,0.0,0.0,0.0,0.0,0.0,0.0,0.0,0.0,0.0,0.0,0.0,0.0,0.0,0.0,0.0,0.0,0.0,0.0,0.0,0.0,0.0,0.0,0.0,0.0,0.0,J,9
0.0,0.0,0.684211,0.166667,1.105263,0.322222,1.473684,0.422222,1.77193,0.522222,0.666667,1.0,1.280702,0.677778,1.245614,0.377778,1.070175,0.288889,0.280702,0.922222,0.964912,0.533333,0.964912,0.233333,0.859649,0.155556,-0.070175,0.722222,0.54386,0.411111,0.649123,0.111111,0.596491,0.033333,-0.333333,0.455556,-0.157895,0.433333,-0.140351,0.444444,-0.140351,0.511111,0,0,0.0,0.0,0.0,0.0,0.0,0.0,0.0,0.0,0.0,0.0,0.0,0.0,0.0,0.0,0.0,0.0,0.0,0.0,0.0,0.0,0.0,0.0,0.0,0.0,0.0,0.0,0.0,0.0,0.0,0.0,0.0,0.0,0.0,0.0,0.0,0.0,0.0,0.0,0.0,0.0,0.0,0.0,J,9
0.0,0.0,0.792453,0.188889,1.283019,0.366667,1.716981,0.477778,2.113208,0.522222,0.792453,1.0,1.54717,0.655556,1.490566,0.355556,1.320755,0.288889,0.377358,0.9,1.226415,0.477778,1.207547,0.2,1.037736,0.155556,0.037736,0.7,0.811321,0.311111,0.849057,0.077778,0.716981,0.044444,-0.207547,0.455556,0.245283,0.222222,0.358491,0.111111,0.320755,0.1,0,0,0.0,0.0,0.0,0.0,0.0,0.0,0.0,0.0,0.0,0.0,0.0,0.0,0.0,0.0,0.0,0.0,0.0,0.0,0.0,0.0,0.0,0.0,0.0,0.0,0.0,0.0,0.0,0.0,0.0,0.0,0.0,0.0,0.0,0.0,0.0,0.0,0.0,0.0,0.0,0.0,0.0,0.0,J,9
0.0,0.0,0.82,0.195402,1.4,0.37931,1.88,0.482759,2.36,0.517241,0.84,1.0,1.76,0.655172,1.66,0.37931,1.42,0.344828,0.42,0.873563,1.44,0.436782,1.34,0.183908,1.14,0.183908,0.08,0.643678,1.06,0.229885,1.02,0.034483,0.82,0.034483,-0.16,0.37931,0.56,0.103448,0.6,-0.011494,0.46,0.0,0,0,0.0,0.0,0.0,0.0,0.0,0.0,0.0,0.0,0.0,0.0,0.0,0.0,0.0,0.0,0.0,0.0,0.0,0.0,0.0,0.0,0.0,0.0,0.0,0.0,0.0,0.0,0.0,0.0,0.0,0.0,0.0,0.0,0.0,0.0,0.0,0.0,0.0,0.0,0.0,0.0,0.0,0.0,J,9
0.0,0.0,0.977778,0.214286,1.644444,0.392857,2.2,0.47619,2.711111,0.488095,0.955556,1.0,2.066667,0.630952,1.888889,0.357143,1.555556,0.345238,0.511111,0.845238,1.755556,0.404762,1.511111,0.166667,1.177778,0.22619,0.177778,0.583333,1.333333,0.166667,1.133333,0.0,0.822222,0.059524,-0.044444,0.309524,0.822222,0.0,0.755556,-0.083333,0.533333,-0.02381,0,0,0.0,0.0,0.0,0.0,0.0,0.0,0.0,0.0,0.0,0.0,0.0,0.0,0.0,0.0,0.0,0.0,0.0,0.0,0.0,0.0,0.0,0.0,0.0,0.0,0.0,0.0,0.0,0.0,0.0,0.0,0.0,0.0,0.0,0.0,0.0,0.0,0.0,0.0,0.0,0.0,0.0,0.0,J,9
0.0,0.0,1.069767,0.283951,1.837209,0.469136,2.465116,0.530864,2.976744,0.530864,1.093023,1.0,2.302326,0.62963,2.139535,0.407407,1.790698,0.395062,0.651163,0.802469,2.046512,0.345679,1.744186,0.135802,1.395349,0.209877,0.325581,0.518519,1.651163,0.098765,1.372093,-0.024691,1.0,0.012346,0.093023,0.209877,0.906977,-0.08642,1.116279,-0.185185,1.209302,-0.234568,0,0,0.0,0.0,0.0,0.0,0.0,0.0,0.0,0.0,0.0,0.0,0.0,0.0,0.0,0.0,0.0,0.0,0.0,0.0,0.0,0.0,0.0,0.0,0.0,0.0,0.0,0.0,0.0,0.0,0.0,0.0,0.0,0.0,0.0,0.0,0.0,0.0,0.0,0.0,0.0,0.0,0.0,0.0,J,9
0.0,0.0,1.075,0.363636,1.95,0.558442,2.725,0.545455,3.275,0.532468,1.225,1.0,2.525,0.649351,2.375,0.441558,2.0,0.441558,0.85,0.74026,2.35,0.311688,1.975,0.103896,1.55,0.181818,0.5,0.402597,1.925,0.038961,1.55,-0.051948,1.15,0.025974,0.225,0.051948,1.1,-0.207792,1.525,-0.350649,1.85,-0.467532,0,0,0.0,0.0,0.0,0.0,0.0,0.0,0.0,0.0,0.0,0.0,0.0,0.0,0.0,0.0,0.0,0.0,0.0,0.0,0.0,0.0,0.0,0.0,0.0,0.0,0.0,0.0,0.0,0.0,0.0,0.0,0.0,0.0,0.0,0.0,0.0,0.0,0.0,0.0,0.0,0.0,0.0,0.0,J,9
0.0,0.0,0.837209,0.291139,1.674419,0.493671,2.418605,0.506329,3.0,0.506329,1.116279,1.0,2.302326,0.620253,2.139535,0.392405,1.813953,0.417722,0.674419,0.78481,2.116279,0.316456,1.813953,0.113924,1.465116,0.177215,0.372093,0.481013,1.72093,0.063291,1.465116,-0.088608,1.139535,-0.063291,0.116279,0.126582,1.046512,-0.139241,1.44186,-0.303797,1.72093,-0.417722,0,0,0.0,0.0,0.0,0.0,0.0,0.0,0.0,0.0,0.0,0.0,0.0,0.0,0.0,0.0,0.0,0.0,0.0,0.0,0.0,0.0,0.0,0.0,0.0,0.0,0.0,0.0,0.0,0.0,0.0,0.0,0.0,0.0,0.0,0.0,0.0,0.0,0.0,0.0,0.0,0.0,0.0,0.0,J,9
0.0,0.0,1.419355,0.455882,2.612903,0.705882,3.548387,0.632353,4.483871,0.632353,1.967742,1.0,3.774194,0.705882,3.483871,0.5,2.967742,0.455882,1.645161,0.661765,3.516129,0.367647,3.032258,0.161765,2.548387,0.205882,1.225806,0.279412,2.903226,0.044118,2.419355,-0.029412,1.870968,0.073529,0.967742,-0.102941,2.032258,-0.352941,2.806452,-0.485294,3.387097,-0.588235,0,0,0.0,0.0,0.0,0.0,0.0,0.0,0.0,0.0,0.0,0.0,0.0,0.0,0.0,0.0,0.0,0.0,0.0,0.0,0.0,0.0,0.0,0.0,0.0,0.0,0.0,0.0,0.0,0.0,0.0,0.0,0.0,0.0,0.0,0.0,0.0,0.0,0.0,0.0,0.0,0.0,0.0,0.0,J,9
0.0,0.0,1.190476,0.415584,3.285714,0.688312,5.285714,0.779221,6.761905,0.792208,2.761905,1.0,5.714286,0.727273,5.190476,0.506494,4.428571,0.532468,2.285714,0.701299,5.47619,0.402597,4.857143,0.25974,4.0,0.298701,2.0,0.337662,5.0,0.103896,4.380952,0.025974,3.52381,0.090909,1.761905,-0.025974,3.952381,-0.220779,5.190476,-0.350649,6.238095,-0.428571,0,0,0.0,0.0,0.0,0.0,0.0,0.0,0.0,0.0,0.0,0.0,0.0,0.0,0.0,0.0,0.0,0.0,0.0,0.0,0.0,0.0,0.0,0.0,0.0,0.0,0.0,0.0,0.0,0.0,0.0,0.0,0.0,0.0,0.0,0.0,0.0,0.0,0.0,0.0,0.0,0.0,0.0,0.0,J,9
0.0,0.0,1.642857,0.43038,4.857143,0.721519,8.0,0.835443,10.214286,0.822785,4.071429,1.0,8.642857,0.797468,8.0,0.582278,6.857143,0.582278,3.571429,0.683544,8.428571,0.468354,7.5,0.316456,6.142857,0.329114,3.285714,0.316456,8.0,0.164557,7.071429,0.088608,5.714286,0.126582,3.071429,-0.037975,6.571429,-0.177215,8.5,-0.291139,10.142857,-0.367089,0,0,0.0,0.0,0.0,0.0,0.0,0.0,0.0,0.0,0.0,0.0,0.0,0.0,0.0,0.0,0.0,0.0,0.0,0.0,0.0,0.0,0.0,0.0,0.0,0.0,0.0,0.0,0.0,0.0,0.0,0.0,0.0,0.0,0.0,0.0,0.0,0.0,0.0,0.0,0.0,0.0,0.0,0.0,J,9
0.0,0.0,2.5,0.426829,7.625,0.780488,12.875,0.926829,16.75,0.95122,6.625,1.0,14.625,0.853659,13.25,0.658537,11.375,0.646341,5.875,0.695122,14.625,0.54878,12.875,0.378049,10.625,0.365854,5.75,0.341463,14.125,0.256098,12.25,0.146341,9.75,0.146341,5.625,0.0,11.75,-0.073171,15.375,-0.146341,18.5,-0.182927,0,0,0.0,0.0,0.0,0.0,0.0,0.0,0.0,0.0,0.0,0.0,0.0,0.0,0.0,0.0,0.0,0.0,0.0,0.0,0.0,0.0,0.0,0.0,0.0,0.0,0.0,0.0,0.0,0.0,0.0,0.0,0.0,0.0,0.0,0.0,0.0,0.0,0.0,0.0,0.0,0.0,0.0,0.0,J,9
0.0,0.0,2.5,0.406977,8.5,0.825581,15.166667,1.05814,19.666667,1.081395,7.5,1.0,18.333333,0.965116,17.0,0.755814,14.166667,0.72093,7.333333,0.72093,19.0,0.686047,17.0,0.488372,14.0,0.453488,7.833333,0.395349,18.833333,0.406977,16.833333,0.255814,13.666667,0.232558,8.5,0.069767,16.666667,0.116279,21.666667,0.104651,25.833333,0.116279,0,0,0.0,0.0,0.0,0.0,0.0,0.0,0.0,0.0,0.0,0.0,0.0,0.0,0.0,0.0,0.0,0.0,0.0,0.0,0.0,0.0,0.0,0.0,0.0,0.0,0.0,0.0,0.0,0.0,0.0,0.0,0.0,0.0,0.0,0.0,0.0,0.0,0.0,0.0,0.0,0.0,0.0,0.0,J,9
0.0,0.0,1.0,0.4,3.384615,0.844444,6.307692,1.088889,8.461538,1.122222,3.0,1.0,8.153846,1.066667,7.692308,0.844444,6.384615,0.777778,3.076923,0.744444,8.538462,0.766667,7.692308,0.555556,6.384615,0.522222,3.538462,0.444444,8.615385,0.5,7.692308,0.344444,6.230769,0.3,4.0,0.144444,7.846154,0.244444,10.153846,0.266667,12.153846,0.311111,0,0,0.0,0.0,0.0,0.0,0.0,0.0,0.0,0.0,0.0,0.0,0.0,0.0,0.0,0.0,0.0,0.0,0.0,0.0,0.0,0.0,0.0,0.0,0.0,0.0,0.0,0.0,0.0,0.0,0.0,0.0,0.0,0.0,0.0,0.0,0.0,0.0,0.0,0.0,0.0,0.0,0.0,0.0,J,9
0.0,0.0,0.6,0.385417,1.95,0.78125,3.7,0.958333,5.05,0.958333,1.8,1.0,5.15,1.114583,4.9,0.895833,4.05,0.822917,1.95,0.760417,5.5,0.822917,5.05,0.625,4.15,0.572917,2.3,0.479167,5.6,0.552083,5.05,0.40625,4.1,0.364583,2.8,0.197917,5.25,0.34375,6.75,0.395833,8.0,0.458333,0,0,0.0,0.0,0.0,0.0,0.0,0.0,0.0,0.0,0.0,0.0,0.0,0.0,0.0,0.0,0.0,0.0,0.0,0.0,0.0,0.0,0.0,0.0,0.0,0.0,0.0,0.0,0.0,0.0,0.0,0.0,0.0,0.0,0.0,0.0,0.0,0.0,0.0,0.0,0.0,0.0,0.0,0.0,J,9
0.0,0.0,0.37037,0.39,1.222222,0.78,2.481481,0.97,3.444444,0.94,1.074074,1.0,3.481481,1.16,3.407407,0.94,2.888889,0.85,1.259259,0.76,3.851852,0.88,3.592593,0.67,2.962963,0.61,1.62963,0.5,4.0,0.62,3.666667,0.47,3.0,0.41,2.074074,0.25,3.888889,0.42,4.962963,0.5,5.851852,0.59,0,0,0.0,0.0,0.0,0.0,0.0,0.0,0.0,0.0,0.0,0.0,0.0,0.0,0.0,0.0,0.0,0.0,0.0,0.0,0.0,0.0,0.0,0.0,0.0,0.0,0.0,0.0,0.0,0.0,0.0,0.0,0.0,0.0,0.0,0.0,0.0,0.0,0.0,0.0,0.0,0.0,0.0,0.0,J,9
0.0,0.0,0.2,0.405941,0.8,0.811881,1.742857,1.019802,2.457143,1.009901,0.628571,1.0,2.485714,1.207921,2.485714,0.980198,2.085714,0.891089,0.857143,0.762376,2.857143,0.930693,2.685714,0.722772,2.228571,0.643564,1.228571,0.50495,3.028571,0.683168,2.828571,0.524752,2.342857,0.455446,1.628571,0.267327,2.971429,0.485149,3.771429,0.594059,4.428571,0.70297,0,0,0.0,0.0,0.0,0.0,0.0,0.0,0.0,0.0,0.0,0.0,0.0,0.0,0.0,0.0,0.0,0.0,0.0,0.0,0.0,0.0,0.0,0.0,0.0,0.0,0.0,0.0,0.0,0.0,0.0,0.0,0.0,0.0,0.0,0.0,0.0,0.0,0.0,0.0,0.0,0.0,0.0,0.0,J,9
0.0,0.0,0.0,0.384615,0.311111,0.807692,0.933333,1.057692,1.488889,1.076923,0.155556,1.0,1.555556,1.25,1.6,1.028846,1.311111,0.923077,0.4,0.788462,1.911111,1.009615,1.844444,0.798077,1.466667,0.711538,0.755556,0.548077,2.111111,0.798077,1.977778,0.634615,1.577778,0.557692,1.155556,0.336538,2.133333,0.634615,2.733333,0.788462,3.2,0.932692,0,0,0.0,0.0,0.0,0.0,0.0,0.0,0.0,0.0,0.0,0.0,0.0,0.0,0.0,0.0,0.0,0.0,0.0,0.0,0.0,0.0,0.0,0.0,0.0,0.0,0.0,0.0,0.0,0.0,0.0,0.0,0.0,0.0,0.0,0.0,0.0,0.0,0.0,0.0,0.0,0.0,0.0,0.0,J,9
0.0,0.0,-0.075472,0.358491,0.037736,0.801887,0.396226,1.122642,0.754717,1.254717,-0.037736,1.0,1.056604,1.283019,1.150943,1.09434,0.943396,0.981132,0.226415,0.811321,1.415094,1.075472,1.415094,0.886792,1.169811,0.783019,0.584906,0.603774,1.622642,0.877358,1.584906,0.726415,1.301887,0.622642,0.962264,0.415094,1.754717,0.726415,2.226415,0.896226,2.603774,1.056604,0,0,0.0,0.0,0.0,0.0,0.0,0.0,0.0,0.0,0.0,0.0,0.0,0.0,0.0,0.0,0.0,0.0,0.0,0.0,0.0,0.0,0.0,0.0,0.0,0.0,0.0,0.0,0.0,0.0,0.0,0.0,0.0,0.0,0.0,0.0,0.0,0.0,0.0,0.0,0.0,0.0,0.0,0.0,J,9
0.0,0.0,-0.071429,0.364486,0.0,0.813084,0.285714,1.168224,0.607143,1.317757,-0.089286,1.0,0.946429,1.280374,1.0,1.084112,0.767857,0.981308,0.160714,0.813084,1.25,1.093458,1.25,0.906542,1.017857,0.803738,0.517857,0.616822,1.482143,0.906542,1.446429,0.757009,1.178571,0.654206,0.910714,0.429907,1.589286,0.766355,2.035714,0.953271,2.392857,1.121495,0,0,0.0,0.0,0.0,0.0,0.0,0.0,0.0,0.0,0.0,0.0,0.0,0.0,0.0,0.0,0.0,0.0,0.0,0.0,0.0,0.0,0.0,0.0,0.0,0.0,0.0,0.0,0.0,0.0,0.0,0.0,0.0,0.0,0.0,0.0,0.0,0.0,0.0,0.0,0.0,0.0,0.0,0.0,J,9
0.0,0.0,-0.098361,0.368932,-0.098361,0.834951,0.114754,1.184466,0.409836,1.339806,-0.196721,1.0,0.721311,1.320388,0.786885,1.135922,0.590164,1.019417,0.081967,0.815534,1.04918,1.145631,1.065574,0.951456,0.868852,0.84466,0.42623,0.631068,1.278689,0.951456,1.262295,0.805825,1.032787,0.68932,0.803279,0.456311,1.409836,0.815534,1.803279,1.019417,2.098361,1.194175,0,0,0.0,0.0,0.0,0.0,0.0,0.0,0.0,0.0,0.0,0.0,0.0,0.0,0.0,0.0,0.0,0.0,0.0,0.0,0.0,0.0,0.0,0.0,0.0,0.0,0.0,0.0,0.0,0.0,0.0,0.0,0.0,0.0,0.0,0.0,0.0,0.0,0.0,0.0,0.0,0.0,0.0,0.0,J,9
0.0,0.0,-0.153846,0.363636,-0.246154,0.848485,-0.123077,1.242424,0.153846,1.424242,-0.261538,1.0,0.569231,1.353535,0.6,1.151515,0.4,1.020202,0.030769,0.808081,0.861538,1.181818,0.876923,0.979798,0.707692,0.878788,0.384615,0.626263,1.107692,1.0,1.092308,0.838384,0.892308,0.717172,0.738462,0.464646,1.261538,0.868687,1.584615,1.080808,1.846154,1.282828,0,0,0.0,0.0,0.0,0.0,0.0,0.0,0.0,0.0,0.0,0.0,0.0,0.0,0.0,0.0,0.0,0.0,0.0,0.0,0.0,0.0,0.0,0.0,0.0,0.0,0.0,0.0,0.0,0.0,0.0,0.0,0.0,0.0,0.0,0.0,0.0,0.0,0.0,0.0,0.0,0.0,0.0,0.0,J,9
0.0,0.0,-0.208955,0.353535,-0.343284,0.838384,-0.253731,1.232323,0.014925,1.424242,-0.328358,1.0,0.477612,1.363636,0.492537,1.171717,0.298507,1.040404,-0.014925,0.828283,0.761194,1.212121,0.761194,1.010101,0.597015,0.89899,0.328358,0.656566,1.0,1.040404,0.985075,0.878788,0.791045,0.747475,0.671642,0.515152,1.164179,0.919192,1.477612,1.141414,1.716418,1.353535,0,0,0.0,0.0,0.0,0.0,0.0,0.0,0.0,0.0,0.0,0.0,0.0,0.0,0.0,0.0,0.0,0.0,0.0,0.0,0.0,0.0,0.0,0.0,0.0,0.0,0.0,0.0,0.0,0.0,0.0,0.0,0.0,0.0,0.0,0.0,0.0,0.0,0.0,0.0,0.0,0.0,0.0,0.0,J,9
0.0,0.0,-0.214286,0.343434,-0.371429,0.818182,-0.3,1.20202,-0.028571,1.393939,-0.342857,1.0,0.414286,1.383838,0.442857,1.191919,0.271429,1.050505,-0.042857,0.838384,0.7,1.222222,0.714286,1.030303,0.557143,0.909091,0.3,0.666667,0.928571,1.060606,0.928571,0.888889,0.771429,0.757576,0.657143,0.525253,1.085714,0.949495,1.371429,1.181818,1.6,1.393939,0,0,0.0,0.0,0.0,0.0,0.0,0.0,0.0,0.0,0.0,0.0,0.0,0.0,0.0,0.0,0.0,0.0,0.0,0.0,0.0,0.0,0.0,0.0,0.0,0.0,0.0,0.0,0.0,0.0,0.0,0.0,0.0,0.0,0.0,0.0,0.0,0.0,0.0,0.0,0.0,0.0,0.0,0.0,J,9
0.0,0.0,-0.239437,0.333333,-0.450704,0.79798,-0.422535,1.191919,-0.169014,1.40404,-0.366197,1.0,0.338028,1.393939,0.366197,1.212121,0.211268,1.070707,-0.070423,0.848485,0.633803,1.252525,0.647887,1.060606,0.507042,0.939394,0.28169,0.69697,0.887324,1.090909,0.873239,0.929293,0.704225,0.79798,0.633803,0.565657,1.028169,1.0,1.309859,1.232323,1.507042,1.444444,0,0,0.0,0.0,0.0,0.0,0.0,0.0,0.0,0.0,0.0,0.0,0.0,0.0,0.0,0.0,0.0,0.0,0.0,0.0,0.0,0.0,0.0,0.0,0.0,0.0,0.0,0.0,0.0,0.0,0.0,0.0,0.0,0.0,0.0,0.0,0.0,0.0,0.0,0.0,0.0,0.0,0.0,0.0,J,9
0.0,0.0,-0.253333,0.333333,-0.493333,0.8125,-0.52,1.21875,-0.32,1.416667,-0.52,1.0,0.146667,1.447917,0.2,1.25,0.066667,1.09375,-0.226667,0.854167,0.426667,1.333333,0.48,1.125,0.333333,0.96875,0.12,0.71875,0.666667,1.166667,0.68,1.0,0.533333,0.854167,0.48,0.604167,0.813333,1.083333,1.026667,1.364583,1.186667,1.614583,0,0,0.0,0.0,0.0,0.0,0.0,0.0,0.0,0.0,0.0,0.0,0.0,0.0,0.0,0.0,0.0,0.0,0.0,0.0,0.0,0.0,0.0,0.0,0.0,0.0,0.0,0.0,0.0,0.0,0.0,0.0,0.0,0.0,0.0,0.0,0.0,0.0,0.0,0.0,0.0,0.0,0.0,0.0,J,9
0.0,0.0,-0.232877,0.354839,-0.410959,0.849462,-0.356164,1.268817,-0.150685,1.451613,-0.479452,1.0,0.136986,1.483871,0.219178,1.290323,0.082192,1.139785,-0.178082,0.860215,0.438356,1.354839,0.493151,1.16129,0.356164,1.021505,0.178082,0.731183,0.712329,1.215054,0.726027,1.053763,0.561644,0.892473,0.520548,0.623656,0.849315,1.11828,1.068493,1.397849,1.246575,1.645161,0,0,0.0,0.0,0.0,0.0,0.0,0.0,0.0,0.0,0.0,0.0,0.0,0.0,0.0,0.0,0.0,0.0,0.0,0.0,0.0,0.0,0.0,0.0,0.0,0.0,0.0,0.0,0.0,0.0,0.0,0.0,0.0,0.0,0.0,0.0,0.0,0.0,0.0,0.0,0.0,0.0,0.0,0.0,J,9
0.0,0.0,-0.263158,0.329787,-0.539474,0.819149,-0.539474,1.244681,-0.355263,1.468085,-0.605263,1.0,0.026316,1.489362,0.131579,1.276596,0.0,1.106383,-0.328947,0.861702,0.302632,1.37234,0.381579,1.148936,0.263158,1.0,0.013158,0.723404,0.539474,1.223404,0.592105,1.042553,0.447368,0.882979,0.394737,0.606383,0.671053,1.12766,0.855263,1.457447,0.973684,1.744681,0,0,0.0,0.0,0.0,0.0,0.0,0.0,0.0,0.0,0.0,0.0,0.0,0.0,0.0,0.0,0.0,0.0,0.0,0.0,0.0,0.0,0.0,0.0,0.0,0.0,0.0,0.0,0.0,0.0,0.0,0.0,0.0,0.0,0.0,0.0,0.0,0.0,0.0,0.0,0.0,0.0,0.0,0.0,J,9
0.0,0.0,-0.291139,0.337079,-0.594937,0.842697,-0.658228,1.292135,-0.506329,1.550562,-0.708861,1.0,-0.151899,1.539326,-0.012658,1.314607,-0.126582,1.134831,-0.43038,0.876404,0.113924,1.438202,0.240506,1.202247,0.126582,1.033708,-0.075949,0.752809,0.379747,1.292135,0.443038,1.101124,0.329114,0.910112,0.291139,0.674157,0.518987,1.224719,0.670886,1.573034,0.772152,1.876404,0,0,0.0,0.0,0.0,0.0,0.0,0.0,0.0,0.0,0.0,0.0,0.0,0.0,0.0,0.0,0.0,0.0,0.0,0.0,0.0,0.0,0.0,0.0,0.0,0.0,0.0,0.0,0.0,0.0,0.0,0.0,0.0,0.0,0.0,0.0,0.0,0.0,0.0,0.0,0.0,0.0,0.0,0.0,J,9
0.0,0.0,-0.275,0.329545,-0.5625,0.852273,-0.65,1.318182,-0.6125,1.568182,-0.725,1.0,-0.15,1.534091,-0.025,1.306818,-0.15,1.147727,-0.4375,0.875,0.1,1.431818,0.2125,1.193182,0.1125,1.045455,-0.0875,0.75,0.3625,1.306818,0.425,1.113636,0.3125,0.931818,0.275,0.659091,0.475,1.227273,0.6125,1.568182,0.7,1.886364,0,0,0.0,0.0,0.0,0.0,0.0,0.0,0.0,0.0,0.0,0.0,0.0,0.0,0.0,0.0,0.0,0.0,0.0,0.0,0.0,0.0,0.0,0.0,0.0,0.0,0.0,0.0,0.0,0.0,0.0,0.0,0.0,0.0,0.0,0.0,0.0,0.0,0.0,0.0,0.0,0.0,0.0,0.0,J,9
0.0,0.0,-0.316456,0.292683,-0.632911,0.829268,-0.708861,1.317073,-0.620253,1.585366,-0.759494,1.0,-0.21519,1.597561,-0.101266,1.365854,-0.227848,1.182927,-0.468354,0.878049,0.050633,1.47561,0.139241,1.231707,0.037975,1.073171,-0.113924,0.768293,0.316456,1.365854,0.367089,1.146341,0.240506,0.95122,0.240506,0.719512,0.405063,1.317073,0.518987,1.682927,0.594937,2.02439,0,0,0.0,0.0,0.0,0.0,0.0,0.0,0.0,0.0,0.0,0.0,0.0,0.0,0.0,0.0,0.0,0.0,0.0,0.0,0.0,0.0,0.0,0.0,0.0,0.0,0.0,0.0,0.0,0.0,0.0,0.0,0.0,0.0,0.0,0.0,0.0,0.0,0.0,0.0,0.0,0.0,0.0,0.0,J,9
0.0,0.0,-0.316456,0.285714,-0.632911,0.797619,-0.734177,1.261905,-0.696203,1.52381,-0.78481,1.0,-0.240506,1.571429,-0.113924,1.333333,-0.227848,1.154762,-0.493671,0.880952,0.025316,1.464286,0.126582,1.22619,0.025316,1.071429,-0.139241,0.785714,0.291139,1.369048,0.341772,1.142857,0.227848,0.940476,0.21519,0.714286,0.405063,1.297619,0.518987,1.654762,0.582278,1.988095,0,0,0.0,0.0,0.0,0.0,0.0,0.0,0.0,0.0,0.0,0.0,0.0,0.0,0.0,0.0,0.0,0.0,0.0,0.0,0.0,0.0,0.0,0.0,0.0,0.0,0.0,0.0,0.0,0.0,0.0,0.0,0.0,0.0,0.0,0.0,0.0,0.0,0.0,0.0,0.0,0.0,0.0,0.0,J,9
0.0,0.0,-0.303797,0.285714,-0.670886,0.75,-0.822785,1.178571,-0.772152,1.416667,-0.772152,1.0,-0.265823,1.595238,-0.139241,1.369048,-0.240506,1.190476,-0.481013,0.880952,0.012658,1.488095,0.126582,1.25,0.025316,1.095238,-0.126582,0.785714,0.291139,1.380952,0.35443,1.178571,0.227848,0.988095,0.227848,0.72619,0.392405,1.309524,0.481013,1.666667,0.531646,2.0,0,0,0.0,0.0,0.0,0.0,0.0,0.0,0.0,0.0,0.0,0.0,0.0,0.0,0.0,0.0,0.0,0.0,0.0,0.0,0.0,0.0,0.0,0.0,0.0,0.0,0.0,0.0,0.0,0.0,0.0,0.0,0.0,0.0,0.0,0.0,0.0,0.0,0.0,0.0,0.0,0.0,0.0,0.0,J,9
0.0,0.0,-0.325,0.301205,-0.675,0.783133,-0.8,1.228916,-0.7,1.481928,-0.7375,1.0,-0.25,1.626506,-0.125,1.39759,-0.225,1.204819,-0.4375,0.891566,0.0375,1.518072,0.1375,1.277108,0.0375,1.108434,-0.0875,0.807229,0.2875,1.409639,0.35,1.204819,0.25,1.0,0.2625,0.746988,0.4,1.349398,0.5,1.710843,0.5375,2.036145,0,0,0.0,0.0,0.0,0.0,0.0,0.0,0.0,0.0,0.0,0.0,0.0,0.0,0.0,0.0,0.0,0.0,0.0,0.0,0.0,0.0,0.0,0.0,0.0,0.0,0.0,0.0,0.0,0.0,0.0,0.0,0.0,0.0,0.0,0.0,0.0,0.0,0.0,0.0,0.0,0.0,0.0,0.0,J,9
0.0,0.0,-0.316456,0.290698,-0.683544,0.77907,-0.810127,1.232558,-0.658228,1.465116,-0.746835,1.0,-0.265823,1.604651,-0.139241,1.372093,-0.240506,1.186047,-0.455696,0.895349,0.012658,1.523256,0.126582,1.267442,0.037975,1.093023,-0.101266,0.813953,0.278481,1.406977,0.35443,1.186047,0.253165,0.976744,0.253165,0.744186,0.405063,1.337209,0.493671,1.709302,0.531646,2.046512,0,0,0.0,0.0,0.0,0.0,0.0,0.0,0.0,0.0,0.0,0.0,0.0,0.0,0.0,0.0,0.0,0.0,0.0,0.0,0.0,0.0,0.0,0.0,0.0,0.0,0.0,0.0,0.0,0.0,0.0,0.0,0.0,0.0,0.0,0.0,0.0,0.0,0.0,0.0,0.0,0.0,0.0,0.0,J,9
0.0,0.0,-0.3125,0.305882,-0.6875,0.752941,-0.8625,1.176471,-0.8125,1.435294,-0.725,1.0,-0.3,1.623529,-0.175,1.411765,-0.25,1.211765,-0.425,0.894118,-0.0125,1.529412,0.1125,1.317647,0.0375,1.141176,-0.0875,0.8,0.2625,1.411765,0.325,1.235294,0.225,1.035294,0.275,0.752941,0.3875,1.364706,0.4625,1.741176,0.5,2.058824,0,0,0.0,0.0,0.0,0.0,0.0,0.0,0.0,0.0,0.0,0.0,0.0,0.0,0.0,0.0,0.0,0.0,0.0,0.0,0.0,0.0,0.0,0.0,0.0,0.0,0.0,0.0,0.0,0.0,0.0,0.0,0.0,0.0,0.0,0.0,0.0,0.0,0.0,0.0,0.0,0.0,0.0,0.0,J,9
0.0,0.0,-0.345679,0.321839,-0.679012,0.781609,-0.777778,1.229885,-0.617284,1.482759,-0.691358,1.0,-0.222222,1.597701,-0.111111,1.37931,-0.197531,1.195402,-0.382716,0.908046,0.049383,1.505747,0.148148,1.298851,0.049383,1.126437,-0.037037,0.816092,0.296296,1.390805,0.345679,1.218391,0.246914,1.022989,0.308642,0.758621,0.419753,1.344828,0.506173,1.701149,0.530864,2.011494,0,0,0.0,0.0,0.0,0.0,0.0,0.0,0.0,0.0,0.0,0.0,0.0,0.0,0.0,0.0,0.0,0.0,0.0,0.0,0.0,0.0,0.0,0.0,0.0,0.0,0.0,0.0,0.0,0.0,0.0,0.0,0.0,0.0,0.0,0.0,0.0,0.0,0.0,0.0,0.0,0.0,0.0,0.0,J,9
0.0,0.0,-0.345679,0.266667,-0.728395,0.733333,-0.876543,1.177778,-0.691358,1.4,-0.703704,1.0,-0.234568,1.566667,-0.135802,1.355556,-0.234568,1.177778,-0.395062,0.911111,0.049383,1.488889,0.135802,1.266667,0.037037,1.088889,-0.049383,0.822222,0.308642,1.377778,0.345679,1.177778,0.234568,0.988889,0.296296,0.755556,0.432099,1.333333,0.506173,1.688889,0.54321,1.988889,0,0,0.0,0.0,0.0,0.0,0.0,0.0,0.0,0.0,0.0,0.0,0.0,0.0,0.0,0.0,0.0,0.0,0.0,0.0,0.0,0.0,0.0,0.0,0.0,0.0,0.0,0.0,0.0,0.0,0.0,0.0,0.0,0.0,0.0,0.0,0.0,0.0,0.0,0.0,0.0,0.0,0.0,0.0,J,9
0.0,0.0,-0.341463,0.296703,-0.707317,0.758242,-0.804878,1.186813,-0.573171,1.384615,-0.695122,1.0,-0.231707,1.582418,-0.121951,1.362637,-0.207317,1.175824,-0.390244,0.912088,0.04878,1.494505,0.134146,1.274725,0.04878,1.098901,-0.04878,0.824176,0.292683,1.384615,0.341463,1.197802,0.243902,1.0,0.304878,0.747253,0.426829,1.32967,0.5,1.67033,0.536585,1.978022,0,0,0.0,0.0,0.0,0.0,0.0,0.0,0.0,0.0,0.0,0.0,0.0,0.0,0.0,0.0,0.0,0.0,0.0,0.0,0.0,0.0,0.0,0.0,0.0,0.0,0.0,0.0,0.0,0.0,0.0,0.0,0.0,0.0,0.0,0.0,0.0,0.0,0.0,0.0,0.0,0.0,0.0,0.0,J,9
0.0,0.0,-0.333333,0.274725,-0.703704,0.714286,-0.851852,1.142857,-0.679012,1.384615,-0.679012,1.0,-0.234568,1.582418,-0.111111,1.373626,-0.197531,1.186813,-0.382716,0.912088,0.049383,1.505495,0.148148,1.274725,0.061728,1.098901,-0.037037,0.824176,0.283951,1.417582,0.358025,1.21978,0.271605,1.021978,0.320988,0.747253,0.444444,1.32967,0.518519,1.681319,0.555556,1.989011,0,0,0.0,0.0,0.0,0.0,0.0,0.0,0.0,0.0,0.0,0.0,0.0,0.0,0.0,0.0,0.0,0.0,0.0,0.0,0.0,0.0,0.0,0.0,0.0,0.0,0.0,0.0,0.0,0.0,0.0,0.0,0.0,0.0,0.0,0.0,0.0,0.0,0.0,0.0,0.0,0.0,0.0,0.0,J,9
0.0,0.0,-0.341463,0.285714,-0.707317,0.714286,-0.817073,1.142857,-0.621951,1.373626,-0.658537,1.0,-0.207317,1.582418,-0.097561,1.384615,-0.170732,1.197802,-0.365854,0.923077,0.085366,1.494505,0.182927,1.263736,0.085366,1.087912,-0.012195,0.835165,0.329268,1.373626,0.390244,1.186813,0.280488,1.0,0.341463,0.758242,0.463415,1.340659,0.536585,1.681319,0.560976,1.989011,0,0,0.0,0.0,0.0,0.0,0.0,0.0,0.0,0.0,0.0,0.0,0.0,0.0,0.0,0.0,0.0,0.0,0.0,0.0,0.0,0.0,0.0,0.0,0.0,0.0,0.0,0.0,0.0,0.0,0.0,0.0,0.0,0.0,0.0,0.0,0.0,0.0,0.0,0.0,0.0,0.0,0.0,0.0,J,9
0.0,0.0,-0.353659,0.296703,-0.707317,0.725275,-0.817073,1.142857,-0.621951,1.351648,-0.682927,1.0,-0.207317,1.56044,-0.097561,1.362637,-0.182927,1.175824,-0.378049,0.912088,0.073171,1.472527,0.170732,1.252747,0.060976,1.076923,-0.036585,0.824176,0.304878,1.351648,0.365854,1.175824,0.256098,0.989011,0.317073,0.747253,0.439024,1.318681,0.512195,1.659341,0.54878,1.956044,0,0,0.0,0.0,0.0,0.0,0.0,0.0,0.0,0.0,0.0,0.0,0.0,0.0,0.0,0.0,0.0,0.0,0.0,0.0,0.0,0.0,0.0,0.0,0.0,0.0,0.0,0.0,0.0,0.0,0.0,0.0,0.0,0.0,0.0,0.0,0.0,0.0,0.0,0.0,0.0,0.0,0.0,0.0,J,9
0.0,0.0,-0.329268,0.301075,-0.670732,0.741935,-0.780488,1.16129,-0.609756,1.376344,-0.682927,1.0,-0.195122,1.55914,-0.073171,1.354839,-0.158537,1.172043,-0.390244,0.903226,0.073171,1.473118,0.182927,1.247312,0.085366,1.075269,-0.036585,0.806452,0.304878,1.365591,0.378049,1.172043,0.280488,0.978495,0.317073,0.72043,0.439024,1.301075,0.512195,1.645161,0.54878,1.946237,0,0,0.0,0.0,0.0,0.0,0.0,0.0,0.0,0.0,0.0,0.0,0.0,0.0,0.0,0.0,0.0,0.0,0.0,0.0,0.0,0.0,0.0,0.0,0.0,0.0,0.0,0.0,0.0,0.0,0.0,0.0,0.0,0.0,0.0,0.0,0.0,0.0,0.0,0.0,0.0,0.0,0.0,0.0,J,9
0.0,0.0,-0.341463,0.297872,-0.682927,0.744681,-0.804878,1.148936,-0.621951,1.351064,-0.670732,1.0,-0.195122,1.553191,-0.085366,1.340426,-0.170732,1.159574,-0.378049,0.914894,0.073171,1.468085,0.170732,1.255319,0.085366,1.074468,-0.02439,0.829787,0.304878,1.37234,0.378049,1.180851,0.280488,0.989362,0.329268,0.744681,0.45122,1.308511,0.52439,1.648936,0.54878,1.946809,0,0,0.0,0.0,0.0,0.0,0.0,0.0,0.0,0.0,0.0,0.0,0.0,0.0,0.0,0.0,0.0,0.0,0.0,0.0,0.0,0.0,0.0,0.0,0.0,0.0,0.0,0.0,0.0,0.0,0.0,0.0,0.0,0.0,0.0,0.0,0.0,0.0,0.0,0.0,0.0,0.0,0.0,0.0,J,9
0.0,0.0,-0.345679,0.294737,-0.679012,0.726316,-0.790123,1.126316,-0.617284,1.315789,-0.691358,1.0,-0.197531,1.547368,-0.061728,1.347368,-0.135802,1.157895,-0.395062,0.915789,0.074074,1.463158,0.185185,1.242105,0.098765,1.063158,-0.049383,0.821053,0.308642,1.357895,0.382716,1.168421,0.283951,0.978947,0.308642,0.736842,0.444444,1.294737,0.54321,1.621053,0.580247,1.926316,0,0,0.0,0.0,0.0,0.0,0.0,0.0,0.0,0.0,0.0,0.0,0.0,0.0,0.0,0.0,0.0,0.0,0.0,0.0,0.0,0.0,0.0,0.0,0.0,0.0,0.0,0.0,0.0,0.0,0.0,0.0,0.0,0.0,0.0,0.0,0.0,0.0,0.0,0.0,0.0,0.0,0.0,0.0,J,9
0.0,0.0,-0.372549,0.405405,-0.568627,1.081081,-0.490196,1.648649,-0.254902,2.054054,-0.627451,1.0,-0.392157,1.864865,-0.058824,2.459459,0.235294,2.864865,-0.294118,0.891892,0.117647,1.783784,0.470588,2.378378,0.72549,2.810811,0.058824,0.756757,0.431373,1.594595,0.72549,2.162162,0.921569,2.567568,0.372549,0.621622,0.607843,1.297297,0.764706,1.756757,0.882353,2.081081,0.5294117647058824,1.135135135135135,0.0,0.0,-0.320988,0.304348,-0.679012,0.73913,-0.814815,1.141304,-0.617284,1.358696,-0.654321,1.0,-0.185185,1.576087,-0.074074,1.358696,-0.160494,1.173913,-0.358025,0.902174,0.098765,1.48913,0.197531,1.26087,0.098765,1.086957,-0.012346,0.815217,0.333333,1.380435,0.395062,1.195652,0.296296,1.01087,0.345679,0.728261,0.469136,1.315217,0.54321,1.663043,0.567901,1.967391,J,9
0.0,0.0,-0.37037,0.411765,-0.5,0.941176,-0.314815,1.333333,0.018519,1.568627,-0.462963,1.0,-0.074074,1.509804,0.203704,1.764706,0.407407,1.882353,-0.12963,0.764706,0.388889,1.294118,0.685185,1.607843,0.851852,1.784314,0.203704,0.509804,0.685185,1.019608,0.925926,1.372549,1.074074,1.588235,0.537037,0.313725,0.833333,0.745098,0.962963,1.058824,1.055556,1.294118,0.5370370370370371,0.9411764705882353,0.0,0.0,-0.320988,0.301075,-0.666667,0.752688,-0.790123,1.150538,-0.62963,1.354839,-0.654321,1.0,-0.160494,1.548387,-0.049383,1.333333,-0.135802,1.16129,-0.358025,0.892473,0.111111,1.462366,0.209877,1.236559,0.098765,1.064516,-0.012346,0.795699,0.358025,1.333333,0.407407,1.150538,0.308642,0.967742,0.345679,0.72043,0.481481,1.290323,0.555556,1.623656,0.604938,1.924731,J,9
0.0,0.0,-0.384615,0.285714,-0.615385,0.877551,-0.553846,1.387755,-0.307692,1.734694,-0.461538,1.0,-0.169231,1.77551,-0.076923,1.836735,-0.076923,1.755102,-0.123077,0.816327,0.230769,1.55102,0.338462,1.693878,0.353846,1.673469,0.230769,0.571429,0.569231,1.244898,0.615385,1.346939,0.584615,1.306122,0.538462,0.367347,0.753846,0.959184,0.784615,1.061224,0.784615,1.061224,0.27692307692307694,0.8367346938775511,0.0,0.0,-0.329268,0.305263,-0.670732,0.757895,-0.756098,1.178947,-0.560976,1.326316,-0.670732,1.0,-0.170732,1.526316,-0.04878,1.315789,-0.146341,1.147368,-0.378049,0.894737,0.109756,1.442105,0.207317,1.221053,0.109756,1.052632,-0.02439,0.789474,0.341463,1.326316,0.402439,1.136842,0.304878,0.947368,0.329268,0.694737,0.45122,1.263158,0.536585,1.6,0.573171,1.905263,J,9
0.0,0.0,-0.381579,0.26087,-0.552632,0.782609,-0.342105,1.217391,0.0,1.434783,-0.539474,1.0,-0.092105,1.608696,-0.026316,1.405797,-0.118421,1.202899,-0.223684,0.855072,0.25,1.536232,0.289474,1.275362,0.171053,1.028986,0.118421,0.695652,0.513158,1.347826,0.5,1.217391,0.394737,1.0,0.460526,0.594203,0.631579,1.202899,0.657895,1.594203,0.671053,1.898551,0.14473684210526316,0.4782608695652174,0.0,0.0,-0.333333,0.294737,-0.679012,0.747368,-0.790123,1.157895,-0.604938,1.357895,-0.679012,1.0,-0.17284,1.547368,-0.049383,1.326316,-0.148148,1.147368,-0.382716,0.915789,0.098765,1.452632,0.197531,1.231579,0.098765,1.052632,-0.037037,0.821053,0.333333,1.347368,0.395062,1.157895,0.283951,0.968421,0.320988,0.736842,0.444444,1.294737,0.530864,1.631579,0.567901,1.926316,J,9
0.0,0.0,-0.325,0.315789,-0.675,0.757895,-0.8,1.157895,-0.625,1.347368,-0.675,1.0,-0.1875,1.547368,-0.05,1.336842,-0.125,1.157895,-0.3875,0.894737,0.1,1.452632,0.225,1.231579,0.125,1.063158,-0.0375,0.8,0.35,1.347368,0.425,1.157895,0.3125,0.968421,0.325,0.715789,0.475,1.273684,0.5625,1.621053,0.6,1.915789,0,0,0.0,0.0,0.0,0.0,0.0,0.0,0.0,0.0,0.0,0.0,0.0,0.0,0.0,0.0,0.0,0.0,0.0,0.0,0.0,0.0,0.0,0.0,0.0,0.0,0.0,0.0,0.0,0.0,0.0,0.0,0.0,0.0,0.0,0.0,0.0,0.0,0.0,0.0,0.0,0.0,0.0,0.0,J,9
0.0,0.0,-0.333333,0.301075,-0.666667,0.752688,-0.765432,1.16129,-0.592593,1.354839,-0.679012,1.0,-0.17284,1.55914,-0.049383,1.344086,-0.135802,1.16129,-0.395062,0.892473,0.098765,1.462366,0.209877,1.236559,0.111111,1.064516,-0.037037,0.784946,0.320988,1.354839,0.395062,1.172043,0.296296,0.978495,0.320988,0.698925,0.45679,1.268817,0.530864,1.623656,0.567901,1.924731,0,0,0.0,0.0,0.0,0.0,0.0,0.0,0.0,0.0,0.0,0.0,0.0,0.0,0.0,0.0,0.0,0.0,0.0,0.0,0.0,0.0,0.0,0.0,0.0,0.0,0.0,0.0,0.0,0.0,0.0,0.0,0.0,0.0,0.0,0.0,0.0,0.0,0.0,0.0,0.0,0.0,0.0,0.0,J,9
0.0,0.0,-0.303797,0.302083,-0.670886,0.729167,-0.78481,1.135417,-0.594937,1.354167,-0.658228,1.0,-0.139241,1.520833,-0.012658,1.3125,-0.101266,1.145833,-0.367089,0.90625,0.139241,1.4375,0.240506,1.208333,0.151899,1.052083,-0.025316,0.8125,0.367089,1.333333,0.443038,1.15625,0.35443,0.96875,0.341772,0.71875,0.468354,1.270833,0.556962,1.59375,0.594937,1.885417,0,0,0.0,0.0,0.0,0.0,0.0,0.0,0.0,0.0,0.0,0.0,0.0,0.0,0.0,0.0,0.0,0.0,0.0,0.0,0.0,0.0,0.0,0.0,0.0,0.0,0.0,0.0,0.0,0.0,0.0,0.0,0.0,0.0,0.0,0.0,0.0,0.0,0.0,0.0,0.0,0.0,0.0,0.0,J,9
0.0,0.0,-0.32,0.3125,-0.693333,0.75,-0.84,1.166667,-0.6,1.395833,-0.653333,1.0,-0.16,1.53125,-0.026667,1.333333,-0.106667,1.145833,-0.373333,0.90625,0.133333,1.458333,0.253333,1.239583,0.146667,1.0625,-0.013333,0.802083,0.36,1.354167,0.453333,1.166667,0.36,0.96875,0.346667,0.71875,0.506667,1.270833,0.6,1.604167,0.626667,1.90625,0,0,0.0,0.0,0.0,0.0,0.0,0.0,0.0,0.0,0.0,0.0,0.0,0.0,0.0,0.0,0.0,0.0,0.0,0.0,0.0,0.0,0.0,0.0,0.0,0.0,0.0,0.0,0.0,0.0,0.0,0.0,0.0,0.0,0.0,0.0,0.0,0.0,0.0,0.0,0.0,0.0,0.0,0.0,J,9
0.0,0.0,-0.346154,0.315789,-0.705128,0.757895,-0.846154,1.189474,-0.615385,1.4,-0.679487,1.0,-0.153846,1.526316,-0.038462,1.315789,-0.128205,1.126316,-0.384615,0.905263,0.115385,1.463158,0.217949,1.231579,0.115385,1.052632,-0.038462,0.810526,0.346154,1.357895,0.435897,1.168421,0.333333,0.968421,0.320513,0.726316,0.474359,1.273684,0.564103,1.6,0.602564,1.905263,0,0,0.0,0.0,0.0,0.0,0.0,0.0,0.0,0.0,0.0,0.0,0.0,0.0,0.0,0.0,0.0,0.0,0.0,0.0,0.0,0.0,0.0,0.0,0.0,0.0,0.0,0.0,0.0,0.0,0.0,0.0,0.0,0.0,0.0,0.0,0.0,0.0,0.0,0.0,0.0,0.0,0.0,0.0,J,9
0.0,0.0,-0.342105,0.315789,-0.710526,0.757895,-0.828947,1.2,-0.592105,1.421053,-0.657895,1.0,-0.157895,1.526316,-0.039474,1.326316,-0.105263,1.147368,-0.381579,0.905263,0.118421,1.463158,0.236842,1.242105,0.131579,1.063158,-0.026316,0.8,0.355263,1.357895,0.434211,1.168421,0.342105,0.968421,0.342105,0.705263,0.486842,1.263158,0.592105,1.610526,0.631579,1.915789,0,0,0.0,0.0,0.0,0.0,0.0,0.0,0.0,0.0,0.0,0.0,0.0,0.0,0.0,0.0,0.0,0.0,0.0,0.0,0.0,0.0,0.0,0.0,0.0,0.0,0.0,0.0,0.0,0.0,0.0,0.0,0.0,0.0,0.0,0.0,0.0,0.0,0.0,0.0,0.0,0.0,0.0,0.0,J,9
0.0,0.0,-0.324675,0.308511,-0.675325,0.755319,-0.818182,1.180851,-0.623377,1.43617,-0.662338,1.0,-0.12987,1.542553,-0.012987,1.329787,-0.103896,1.148936,-0.376623,0.904255,0.142857,1.457447,0.246753,1.234043,0.142857,1.06383,-0.025974,0.797872,0.376623,1.340426,0.467532,1.148936,0.363636,0.968085,0.337662,0.702128,0.493506,1.255319,0.571429,1.595745,0.61039,1.914894,0,0,0.0,0.0,0.0,0.0,0.0,0.0,0.0,0.0,0.0,0.0,0.0,0.0,0.0,0.0,0.0,0.0,0.0,0.0,0.0,0.0,0.0,0.0,0.0,0.0,0.0,0.0,0.0,0.0,0.0,0.0,0.0,0.0,0.0,0.0,0.0,0.0,0.0,0.0,0.0,0.0,0.0,0.0,J,9
0.0,0.0,-0.355263,0.319149,-0.723684,0.765957,-0.842105,1.202128,-0.592105,1.393617,-0.671053,1.0,-0.157895,1.531915,-0.039474,1.319149,-0.131579,1.138298,-0.394737,0.893617,0.118421,1.446809,0.223684,1.234043,0.131579,1.053191,-0.039474,0.797872,0.355263,1.340426,0.434211,1.148936,0.342105,0.957447,0.328947,0.712766,0.473684,1.265957,0.565789,1.595745,0.605263,1.904255,0,0,0.0,0.0,0.0,0.0,0.0,0.0,0.0,0.0,0.0,0.0,0.0,0.0,0.0,0.0,0.0,0.0,0.0,0.0,0.0,0.0,0.0,0.0,0.0,0.0,0.0,0.0,0.0,0.0,0.0,0.0,0.0,0.0,0.0,0.0,0.0,0.0,0.0,0.0,0.0,0.0,0.0,0.0,J,9
0.0,0.0,-0.311688,0.305263,-0.675325,0.747368,-0.805195,1.178947,-0.584416,1.421053,-0.623377,1.0,-0.116883,1.526316,-0.012987,1.315789,-0.103896,1.136842,-0.324675,0.894737,0.155844,1.431579,0.25974,1.221053,0.155844,1.052632,0.012987,0.8,0.38961,1.315789,0.467532,1.136842,0.376623,0.957895,0.376623,0.715789,0.480519,1.263158,0.571429,1.6,0.61039,1.894737,0,0,0.0,0.0,0.0,0.0,0.0,0.0,0.0,0.0,0.0,0.0,0.0,0.0,0.0,0.0,0.0,0.0,0.0,0.0,0.0,0.0,0.0,0.0,0.0,0.0,0.0,0.0,0.0,0.0,0.0,0.0,0.0,0.0,0.0,0.0,0.0,0.0,0.0,0.0,0.0,0.0,0.0,0.0,J,9
0.0,0.0,-0.337662,0.311828,-0.688312,0.752688,-0.805195,1.182796,-0.597403,1.408602,-0.701299,1.0,-0.168831,1.537634,-0.038961,1.322581,-0.116883,1.139785,-0.415584,0.903226,0.090909,1.462366,0.220779,1.236559,0.116883,1.053763,-0.077922,0.795699,0.324675,1.354839,0.415584,1.150538,0.324675,0.956989,0.298701,0.709677,0.454545,1.258065,0.558442,1.602151,0.61039,1.903226,0,0,0.0,0.0,0.0,0.0,0.0,0.0,0.0,0.0,0.0,0.0,0.0,0.0,0.0,0.0,0.0,0.0,0.0,0.0,0.0,0.0,0.0,0.0,0.0,0.0,0.0,0.0,0.0,0.0,0.0,0.0,0.0,0.0,0.0,0.0,0.0,0.0,0.0,0.0,0.0,0.0,0.0,0.0,J,9
0.0,0.0,-0.320513,0.309278,-0.653846,0.742268,-0.769231,1.164948,-0.576923,1.381443,-0.653846,1.0,-0.128205,1.494845,0.0,1.298969,-0.076923,1.123711,-0.371795,0.896907,0.153846,1.412371,0.25641,1.195876,0.166667,1.041237,-0.012821,0.793814,0.371795,1.309278,0.448718,1.134021,0.358974,0.948454,0.346154,0.701031,0.474359,1.237113,0.564103,1.556701,0.602564,1.845361,0,0,0.0,0.0,0.0,0.0,0.0,0.0,0.0,0.0,0.0,0.0,0.0,0.0,0.0,0.0,0.0,0.0,0.0,0.0,0.0,0.0,0.0,0.0,0.0,0.0,0.0,0.0,0.0,0.0,0.0,0.0,0.0,0.0,0.0,0.0,0.0,0.0,0.0,0.0,0.0,0.0,0.0,0.0,J,9
0.0,0.0,-0.342105,0.319588,-0.684211,0.742268,-0.802632,1.164948,-0.578947,1.391753,-0.644737,1.0,-0.118421,1.505155,0.0,1.298969,-0.078947,1.134021,-0.355263,0.907216,0.157895,1.42268,0.263158,1.216495,0.171053,1.051546,0.0,0.804124,0.381579,1.319588,0.473684,1.14433,0.381579,0.969072,0.355263,0.701031,0.513158,1.237113,0.605263,1.56701,0.644737,1.85567,0,0,0.0,0.0,0.0,0.0,0.0,0.0,0.0,0.0,0.0,0.0,0.0,0.0,0.0,0.0,0.0,0.0,0.0,0.0,0.0,0.0,0.0,0.0,0.0,0.0,0.0,0.0,0.0,0.0,0.0,0.0,0.0,0.0,0.0,0.0,0.0,0.0,0.0,0.0,0.0,0.0,0.0,0.0,J,9
0.0,0.0,-0.346154,0.3125,-0.666667,0.75,-0.74359,1.177083,-0.538462,1.354167,-0.717949,1.0,-0.153846,1.5,-0.012821,1.291667,-0.115385,1.125,-0.435897,0.895833,0.115385,1.427083,0.24359,1.208333,0.128205,1.03125,-0.089744,0.791667,0.333333,1.322917,0.423077,1.125,0.320513,0.9375,0.282051,0.697917,0.448718,1.239583,0.551282,1.5625,0.602564,1.854167,0,0,0.0,0.0,0.0,0.0,0.0,0.0,0.0,0.0,0.0,0.0,0.0,0.0,0.0,0.0,0.0,0.0,0.0,0.0,0.0,0.0,0.0,0.0,0.0,0.0,0.0,0.0,0.0,0.0,0.0,0.0,0.0,0.0,0.0,0.0,0.0,0.0,0.0,0.0,0.0,0.0,0.0,0.0,J,9
0.0,0.0,-0.3125,0.3125,-0.625,0.760417,-0.75,1.15625,-0.6375,1.333333,-0.7,1.0,-0.125,1.489583,0.0,1.28125,-0.1,1.114583,-0.4125,0.885417,0.1375,1.416667,0.25,1.197917,0.1375,1.03125,-0.0625,0.770833,0.35,1.3125,0.425,1.125,0.325,0.947917,0.3,0.677083,0.45,1.229167,0.5375,1.5625,0.575,1.854167,0,0,0.0,0.0,0.0,0.0,0.0,0.0,0.0,0.0,0.0,0.0,0.0,0.0,0.0,0.0,0.0,0.0,0.0,0.0,0.0,0.0,0.0,0.0,0.0,0.0,0.0,0.0,0.0,0.0,0.0,0.0,0.0,0.0,0.0,0.0,0.0,0.0,0.0,0.0,0.0,0.0,0.0,0.0,J,9
0.0,0.0,-0.315789,0.297872,-0.644737,0.744681,-0.776316,1.138298,-0.75,1.351064,-0.697368,1.0,-0.144737,1.5,0.0,1.287234,-0.092105,1.117021,-0.421053,0.893617,0.131579,1.414894,0.25,1.191489,0.144737,1.031915,-0.078947,0.776596,0.368421,1.319149,0.447368,1.138298,0.328947,0.957447,0.302632,0.680851,0.460526,1.234043,0.552632,1.56383,0.605263,1.861702,0,0,0.0,0.0,0.0,0.0,0.0,0.0,0.0,0.0,0.0,0.0,0.0,0.0,0.0,0.0,0.0,0.0,0.0,0.0,0.0,0.0,0.0,0.0,0.0,0.0,0.0,0.0,0.0,0.0,0.0,0.0,0.0,0.0,0.0,0.0,0.0,0.0,0.0,0.0,0.0,0.0,0.0,0.0,J,9
0.0,0.0,-0.297297,0.301075,-0.635135,0.752688,-0.783784,1.16129,-0.72973,1.397849,-0.702703,1.0,-0.148649,1.516129,0.0,1.290323,-0.108108,1.129032,-0.418919,0.892473,0.121622,1.419355,0.256757,1.193548,0.148649,1.043011,-0.067568,0.784946,0.378378,1.322581,0.459459,1.139785,0.351351,0.956989,0.297297,0.698925,0.472973,1.258065,0.554054,1.602151,0.608108,1.903226,0,0,0.0,0.0,0.0,0.0,0.0,0.0,0.0,0.0,0.0,0.0,0.0,0.0,0.0,0.0,0.0,0.0,0.0,0.0,0.0,0.0,0.0,0.0,0.0,0.0,0.0,0.0,0.0,0.0,0.0,0.0,0.0,0.0,0.0,0.0,0.0,0.0,0.0,0.0,0.0,0.0,0.0,0.0,J,9
0.0,0.0,-0.302632,0.344444,-0.605263,0.822222,-0.618421,1.244444,-0.434211,1.422222,-0.763158,1.0,-0.184211,1.544444,-0.026316,1.311111,-0.131579,1.144444,-0.486842,0.877778,0.078947,1.466667,0.210526,1.233333,0.105263,1.055556,-0.144737,0.777778,0.302632,1.355556,0.394737,1.166667,0.276316,0.966667,0.236842,0.688889,0.394737,1.277778,0.486842,1.633333,0.539474,1.944444,0,0,0.0,0.0,0.0,0.0,0.0,0.0,0.0,0.0,0.0,0.0,0.0,0.0,0.0,0.0,0.0,0.0,0.0,0.0,0.0,0.0,0.0,0.0,0.0,0.0,0.0,0.0,0.0,0.0,0.0,0.0,0.0,0.0,0.0,0.0,0.0,0.0,0.0,0.0,0.0,0.0,0.0,0.0,J,9
0.0,0.0,-0.27027,0.333333,-0.540541,0.822222,-0.540541,1.233333,-0.405405,1.388889,-0.756757,1.0,-0.175676,1.544444,0.0,1.322222,-0.094595,1.155556,-0.486486,0.877778,0.094595,1.455556,0.243243,1.222222,0.135135,1.055556,-0.135135,0.766667,0.337838,1.344444,0.418919,1.155556,0.310811,0.966667,0.243243,0.688889,0.418919,1.277778,0.513514,1.633333,0.567568,1.955556,0,0,0.0,0.0,0.0,0.0,0.0,0.0,0.0,0.0,0.0,0.0,0.0,0.0,0.0,0.0,0.0,0.0,0.0,0.0,0.0,0.0,0.0,0.0,0.0,0.0,0.0,0.0,0.0,0.0,0.0,0.0,0.0,0.0,0.0,0.0,0.0,0.0,0.0,0.0,0.0,0.0,0.0,0.0,J,9
0.0,0.0,-0.283784,0.340659,-0.554054,0.835165,-0.567568,1.263736,-0.445946,1.43956,-0.77027,1.0,-0.189189,1.527473,-0.027027,1.285714,-0.121622,1.120879,-0.513514,0.879121,0.081081,1.43956,0.22973,1.186813,0.135135,1.021978,-0.162162,0.78022,0.337838,1.340659,0.418919,1.120879,0.310811,0.912088,0.22973,0.703297,0.378378,1.285714,0.486486,1.626374,0.554054,1.945055,0,0,0.0,0.0,0.0,0.0,0.0,0.0,0.0,0.0,0.0,0.0,0.0,0.0,0.0,0.0,0.0,0.0,0.0,0.0,0.0,0.0,0.0,0.0,0.0,0.0,0.0,0.0,0.0,0.0,0.0,0.0,0.0,0.0,0.0,0.0,0.0,0.0,0.0,0.0,0.0,0.0,0.0,0.0,J,9
0.0,0.0,-0.27027,0.366667,-0.472973,0.866667,-0.364865,1.3,-0.135135,1.455556,-0.716216,1.0,-0.162162,1.555556,0.027027,1.322222,-0.081081,1.155556,-0.459459,0.877778,0.121622,1.455556,0.27027,1.211111,0.175676,1.044444,-0.094595,0.766667,0.378378,1.344444,0.472973,1.133333,0.364865,0.933333,0.283784,0.688889,0.445946,1.288889,0.540541,1.644444,0.594595,1.966667,0,0,0.0,0.0,0.0,0.0,0.0,0.0,0.0,0.0,0.0,0.0,0.0,0.0,0.0,0.0,0.0,0.0,0.0,0.0,0.0,0.0,0.0,0.0,0.0,0.0,0.0,0.0,0.0,0.0,0.0,0.0,0.0,0.0,0.0,0.0,0.0,0.0,0.0,0.0,0.0,0.0,0.0,0.0,J,9
0.0,0.0,-0.291667,0.375,-0.541667,0.863636,-0.472222,1.272727,-0.236111,1.443182,-0.736111,1.0,-0.194444,1.590909,0.0,1.363636,-0.097222,1.181818,-0.486111,0.886364,0.083333,1.5,0.25,1.261364,0.152778,1.079545,-0.125,0.784091,0.333333,1.397727,0.444444,1.193182,0.347222,0.977273,0.263889,0.715909,0.416667,1.318182,0.513889,1.681818,0.569444,2.0,0,0,0.0,0.0,0.0,0.0,0.0,0.0,0.0,0.0,0.0,0.0,0.0,0.0,0.0,0.0,0.0,0.0,0.0,0.0,0.0,0.0,0.0,0.0,0.0,0.0,0.0,0.0,0.0,0.0,0.0,0.0,0.0,0.0,0.0,0.0,0.0,0.0,0.0,0.0,0.0,0.0,0.0,0.0,J,9
0.0,0.0,0.607143,-0.014085,1.267857,0.323944,1.482143,0.788732,1.214286,1.126761,1.071429,1.0,1.428571,1.323944,1.303571,0.915493,1.142857,0.676056,0.75,1.084507,1.089286,1.295775,0.928571,0.788732,0.767857,0.549296,0.428571,1.098592,0.75,1.211268,0.642857,0.704225,0.482143,0.43662,0.071429,1.112676,0.267857,1.619718,0.464286,1.929577,0.625,2.211268,0,0,0.0,0.0,0.0,0.0,0.0,0.0,0.0,0.0,0.0,0.0,0.0,0.0,0.0,0.0,0.0,0.0,0.0,0.0,0.0,0.0,0.0,0.0,0.0,0.0,0.0,0.0,0.0,0.0,0.0,0.0,0.0,0.0,0.0,0.0,0.0,0.0,0.0,0.0,0.0,0.0,0.0,0.0,J,10
0.0,0.0,0.631579,0.039474,1.350877,0.407895,1.54386,0.894737,1.280702,1.236842,1.175439,1.0,1.526316,1.289474,1.350877,0.921053,1.175439,0.723684,0.859649,1.105263,1.175439,1.355263,0.982456,0.921053,0.824561,0.710526,0.54386,1.171053,0.877193,1.302632,0.701754,0.828947,0.491228,0.552632,0.175439,1.210526,0.438596,1.684211,0.631579,1.960526,0.807018,2.236842,0,0,0.0,0.0,0.0,0.0,0.0,0.0,0.0,0.0,0.0,0.0,0.0,0.0,0.0,0.0,0.0,0.0,0.0,0.0,0.0,0.0,0.0,0.0,0.0,0.0,0.0,0.0,0.0,0.0,0.0,0.0,0.0,0.0,0.0,0.0,0.0,0.0,0.0,0.0,0.0,0.0,0.0,0.0,J,10
0.0,0.0,0.709091,0.055556,1.418182,0.458333,1.690909,0.958333,1.436364,1.361111,1.345455,1.0,1.727273,1.291667,1.509091,0.944444,1.272727,0.708333,1.036364,1.138889,1.363636,1.402778,1.127273,0.972222,0.927273,0.708333,0.709091,1.222222,1.054545,1.402778,0.854545,0.930556,0.618182,0.638889,0.345455,1.305556,0.636364,1.791667,0.818182,2.083333,0.981818,2.375,0,0,0.0,0.0,0.0,0.0,0.0,0.0,0.0,0.0,0.0,0.0,0.0,0.0,0.0,0.0,0.0,0.0,0.0,0.0,0.0,0.0,0.0,0.0,0.0,0.0,0.0,0.0,0.0,0.0,0.0,0.0,0.0,0.0,0.0,0.0,0.0,0.0,0.0,0.0,0.0,0.0,0.0,0.0,J,10
0.0,0.0,0.792453,0.015152,1.566038,0.454545,1.886792,1.030303,1.584906,1.424242,1.54717,1.0,1.962264,1.348485,1.698113,1.015152,1.45283,0.787879,1.245283,1.181818,1.566038,1.484848,1.264151,1.030303,1.018868,0.742424,0.924528,1.30303,1.226415,1.560606,1.0,1.090909,0.754717,0.757576,0.54717,1.424242,0.867925,1.909091,1.075472,2.227273,1.264151,2.515152,0,0,0.0,0.0,0.0,0.0,0.0,0.0,0.0,0.0,0.0,0.0,0.0,0.0,0.0,0.0,0.0,0.0,0.0,0.0,0.0,0.0,0.0,0.0,0.0,0.0,0.0,0.0,0.0,0.0,0.0,0.0,0.0,0.0,0.0,0.0,0.0,0.0,0.0,0.0,0.0,0.0,0.0,0.0,J,10
0.0,0.0,0.807692,-0.051724,1.634615,0.431034,1.980769,1.103448,1.692308,1.551724,1.615385,1.0,2.019231,1.396552,1.75,1.034483,1.5,0.793103,1.307692,1.224138,1.653846,1.586207,1.346154,1.103448,1.076923,0.793103,0.980769,1.413793,1.346154,1.741379,1.096154,1.206897,0.846154,0.844828,0.615385,1.586207,0.961538,2.103448,1.153846,2.448276,1.346154,2.810345,0,0,0.0,0.0,0.0,0.0,0.0,0.0,0.0,0.0,0.0,0.0,0.0,0.0,0.0,0.0,0.0,0.0,0.0,0.0,0.0,0.0,0.0,0.0,0.0,0.0,0.0,0.0,0.0,0.0,0.0,0.0,0.0,0.0,0.0,0.0,0.0,0.0,0.0,0.0,0.0,0.0,0.0,0.0,J,10
0.0,0.0,0.788462,-0.05,1.615385,0.416667,1.961538,1.033333,1.653846,1.466667,1.596154,1.0,2.0,1.333333,1.730769,1.0,1.461538,0.766667,1.288462,1.2,1.634615,1.516667,1.326923,1.066667,1.057692,0.766667,0.961538,1.35,1.326923,1.666667,1.096154,1.166667,0.826923,0.8,0.596154,1.5,0.961538,2.0,1.173077,2.333333,1.365385,2.666667,0,0,0.0,0.0,0.0,0.0,0.0,0.0,0.0,0.0,0.0,0.0,0.0,0.0,0.0,0.0,0.0,0.0,0.0,0.0,0.0,0.0,0.0,0.0,0.0,0.0,0.0,0.0,0.0,0.0,0.0,0.0,0.0,0.0,0.0,0.0,0.0,0.0,0.0,0.0,0.0,0.0,0.0,0.0,J,10
0.0,0.0,0.803922,-0.089286,1.647059,0.375,1.980392,1.053571,1.686275,1.517857,1.627451,1.0,2.039216,1.357143,1.745098,1.035714,1.470588,0.767857,1.313725,1.232143,1.686275,1.589286,1.352941,1.107143,1.058824,0.785714,1.0,1.410714,1.352941,1.75,1.098039,1.214286,0.823529,0.821429,0.627451,1.571429,1.019608,2.089286,1.235294,2.428571,1.431373,2.767857,0,0,0.0,0.0,0.0,0.0,0.0,0.0,0.0,0.0,0.0,0.0,0.0,0.0,0.0,0.0,0.0,0.0,0.0,0.0,0.0,0.0,0.0,0.0,0.0,0.0,0.0,0.0,0.0,0.0,0.0,0.0,0.0,0.0,0.0,0.0,0.0,0.0,0.0,0.0,0.0,0.0,0.0,0.0,J,10
0.0,0.0,0.857143,-0.054545,1.714286,0.418182,2.081633,1.090909,1.795918,1.581818,1.673469,1.0,2.102041,1.345455,1.816327,1.018182,1.530612,0.763636,1.367347,1.236364,1.734694,1.563636,1.408163,1.090909,1.102041,0.8,1.040816,1.418182,1.428571,1.745455,1.163265,1.218182,0.857143,0.854545,0.673469,1.6,1.081633,2.109091,1.306122,2.472727,1.510204,2.818182,0,0,0.0,0.0,0.0,0.0,0.0,0.0,0.0,0.0,0.0,0.0,0.0,0.0,0.0,0.0,0.0,0.0,0.0,0.0,0.0,0.0,0.0,0.0,0.0,0.0,0.0,0.0,0.0,0.0,0.0,0.0,0.0,0.0,0.0,0.0,0.0,0.0,0.0,0.0,0.0,0.0,0.0,0.0,J,10
0.0,0.0,0.833333,-0.09434,1.75,0.415094,2.125,1.113208,1.8125,1.603774,1.708333,1.0,2.145833,1.339623,1.854167,1.037736,1.541667,0.792453,1.416667,1.245283,1.770833,1.584906,1.4375,1.113208,1.104167,0.792453,1.083333,1.45283,1.458333,1.792453,1.1875,1.245283,0.875,0.867925,0.708333,1.660377,1.125,2.188679,1.395833,2.528302,1.604167,2.867925,0,0,0.0,0.0,0.0,0.0,0.0,0.0,0.0,0.0,0.0,0.0,0.0,0.0,0.0,0.0,0.0,0.0,0.0,0.0,0.0,0.0,0.0,0.0,0.0,0.0,0.0,0.0,0.0,0.0,0.0,0.0,0.0,0.0,0.0,0.0,0.0,0.0,0.0,0.0,0.0,0.0,0.0,0.0,J,10
0.0,0.0,0.833333,-0.117647,1.729167,0.372549,2.125,1.078431,1.833333,1.588235,1.729167,1.0,2.166667,1.352941,1.854167,1.019608,1.541667,0.764706,1.4375,1.254902,1.791667,1.607843,1.4375,1.117647,1.125,0.803922,1.104167,1.470588,1.458333,1.823529,1.208333,1.254902,0.895833,0.862745,0.729167,1.686275,1.145833,2.215686,1.416667,2.568627,1.645833,2.921569,0,0,0.0,0.0,0.0,0.0,0.0,0.0,0.0,0.0,0.0,0.0,0.0,0.0,0.0,0.0,0.0,0.0,0.0,0.0,0.0,0.0,0.0,0.0,0.0,0.0,0.0,0.0,0.0,0.0,0.0,0.0,0.0,0.0,0.0,0.0,0.0,0.0,0.0,0.0,0.0,0.0,0.0,0.0,J,10
0.0,0.0,0.851064,-0.142857,1.765957,0.346939,2.170213,1.102041,1.851064,1.612245,1.765957,1.0,2.212766,1.346939,1.893617,1.0,1.595745,0.77551,1.468085,1.265306,1.829787,1.612245,1.468085,1.122449,1.148936,0.816327,1.12766,1.489796,1.531915,1.857143,1.234043,1.265306,0.893617,0.877551,0.765957,1.714286,1.170213,2.265306,1.446809,2.632653,1.680851,3.0,0,0,0.0,0.0,0.0,0.0,0.0,0.0,0.0,0.0,0.0,0.0,0.0,0.0,0.0,0.0,0.0,0.0,0.0,0.0,0.0,0.0,0.0,0.0,0.0,0.0,0.0,0.0,0.0,0.0,0.0,0.0,0.0,0.0,0.0,0.0,0.0,0.0,0.0,0.0,0.0,0.0,0.0,0.0,J,10
0.0,0.0,0.847826,-0.170213,1.804348,0.361702,2.23913,1.148936,1.934783,1.702128,1.804348,1.0,2.26087,1.404255,1.913043,1.085106,1.586957,0.851064,1.5,1.297872,1.869565,1.702128,1.478261,1.191489,1.130435,0.87234,1.173913,1.553191,1.565217,1.978723,1.282609,1.382979,0.956522,0.957447,0.804348,1.808511,1.26087,2.382979,1.543478,2.765957,1.782609,3.170213,0,0,0.0,0.0,0.0,0.0,0.0,0.0,0.0,0.0,0.0,0.0,0.0,0.0,0.0,0.0,0.0,0.0,0.0,0.0,0.0,0.0,0.0,0.0,0.0,0.0,0.0,0.0,0.0,0.0,0.0,0.0,0.0,0.0,0.0,0.0,0.0,0.0,0.0,0.0,0.0,0.0,0.0,0.0,J,10
0.0,0.0,0.826087,-0.163265,1.782609,0.326531,2.23913,1.081633,1.934783,1.612245,1.826087,1.0,2.304348,1.346939,1.934783,1.020408,1.608696,0.795918,1.521739,1.285714,1.913043,1.653061,1.521739,1.142857,1.195652,0.836735,1.195652,1.510204,1.586957,1.897959,1.304348,1.306122,0.978261,0.897959,0.826087,1.755102,1.282609,2.285714,1.565217,2.653061,1.804348,3.061224,0,0,0.0,0.0,0.0,0.0,0.0,0.0,0.0,0.0,0.0,0.0,0.0,0.0,0.0,0.0,0.0,0.0,0.0,0.0,0.0,0.0,0.0,0.0,0.0,0.0,0.0,0.0,0.0,0.0,0.0,0.0,0.0,0.0,0.0,0.0,0.0,0.0,0.0,0.0,0.0,0.0,0.0,0.0,J,10
0.0,0.0,0.844444,-0.191489,1.844444,0.319149,2.288889,1.106383,2.0,1.680851,1.866667,1.0,2.355556,1.382979,1.977778,1.021277,1.644444,0.787234,1.555556,1.319149,1.955556,1.702128,1.533333,1.148936,1.2,0.829787,1.222222,1.553191,1.622222,1.957447,1.311111,1.319149,0.977778,0.893617,0.866667,1.808511,1.333333,2.361702,1.6,2.744681,1.822222,3.148936,0,0,0.0,0.0,0.0,0.0,0.0,0.0,0.0,0.0,0.0,0.0,0.0,0.0,0.0,0.0,0.0,0.0,0.0,0.0,0.0,0.0,0.0,0.0,0.0,0.0,0.0,0.0,0.0,0.0,0.0,0.0,0.0,0.0,0.0,0.0,0.0,0.0,0.0,0.0,0.0,0.0,0.0,0.0,J,10
0.0,0.0,0.787234,-0.163265,1.744681,0.326531,2.212766,1.081633,1.914894,1.632653,1.808511,1.0,2.255319,1.346939,1.87234,1.0,1.574468,0.77551,1.489362,1.285714,1.87234,1.653061,1.468085,1.122449,1.12766,0.816327,1.170213,1.530612,1.553191,1.897959,1.234043,1.285714,0.914894,0.877551,0.808511,1.77551,1.276596,2.306122,1.531915,2.653061,1.765957,3.040816,0,0,0.0,0.0,0.0,0.0,0.0,0.0,0.0,0.0,0.0,0.0,0.0,0.0,0.0,0.0,0.0,0.0,0.0,0.0,0.0,0.0,0.0,0.0,0.0,0.0,0.0,0.0,0.0,0.0,0.0,0.0,0.0,0.0,0.0,0.0,0.0,0.0,0.0,0.0,0.0,0.0,0.0,0.0,J,10
0.0,0.0,0.829787,-0.170213,1.765957,0.297872,2.191489,1.085106,1.914894,1.659574,1.829787,1.0,2.255319,1.382979,1.893617,1.021277,1.595745,0.765957,1.510638,1.319149,1.893617,1.702128,1.489362,1.148936,1.170213,0.829787,1.191489,1.553191,1.553191,1.93617,1.234043,1.319149,0.914894,0.893617,0.829787,1.808511,1.276596,2.382979,1.553191,2.744681,1.787234,3.12766,0,0,0.0,0.0,0.0,0.0,0.0,0.0,0.0,0.0,0.0,0.0,0.0,0.0,0.0,0.0,0.0,0.0,0.0,0.0,0.0,0.0,0.0,0.0,0.0,0.0,0.0,0.0,0.0,0.0,0.0,0.0,0.0,0.0,0.0,0.0,0.0,0.0,0.0,0.0,0.0,0.0,0.0,0.0,J,10
0.0,0.0,0.808511,-0.1875,1.765957,0.291667,2.212766,1.0625,1.93617,1.625,1.829787,1.0,2.276596,1.375,1.893617,1.020833,1.595745,0.791667,1.510638,1.291667,1.87234,1.666667,1.446809,1.125,1.12766,0.833333,1.191489,1.541667,1.531915,1.895833,1.212766,1.291667,0.893617,0.875,0.829787,1.791667,1.297872,2.333333,1.553191,2.6875,1.787234,3.083333,0,0,0.0,0.0,0.0,0.0,0.0,0.0,0.0,0.0,0.0,0.0,0.0,0.0,0.0,0.0,0.0,0.0,0.0,0.0,0.0,0.0,0.0,0.0,0.0,0.0,0.0,0.0,0.0,0.0,0.0,0.0,0.0,0.0,0.0,0.0,0.0,0.0,0.0,0.0,0.0,0.0,0.0,0.0,J,10
0.0,0.0,0.804348,-0.208333,1.804348,0.291667,2.26087,1.0625,1.956522,1.625,1.869565,1.0,2.347826,1.375,1.956522,1.0,1.652174,0.791667,1.565217,1.291667,1.934783,1.666667,1.5,1.125,1.173913,0.8125,1.217391,1.541667,1.565217,1.916667,1.26087,1.291667,0.934783,0.875,0.869565,1.791667,1.347826,2.333333,1.630435,2.6875,1.869565,3.0625,0,0,0.0,0.0,0.0,0.0,0.0,0.0,0.0,0.0,0.0,0.0,0.0,0.0,0.0,0.0,0.0,0.0,0.0,0.0,0.0,0.0,0.0,0.0,0.0,0.0,0.0,0.0,0.0,0.0,0.0,0.0,0.0,0.0,0.0,0.0,0.0,0.0,0.0,0.0,0.0,0.0,0.0,0.0,J,10
0.0,0.0,0.829787,-0.18,1.808511,0.34,2.276596,1.08,1.957447,1.6,1.851064,1.0,2.319149,1.36,1.93617,1.0,1.638298,0.78,1.531915,1.28,1.914894,1.64,1.489362,1.1,1.170213,0.8,1.191489,1.52,1.574468,1.88,1.276596,1.26,0.978723,0.86,0.851064,1.76,1.319149,2.26,1.617021,2.62,1.87234,3.0,0,0,0.0,0.0,0.0,0.0,0.0,0.0,0.0,0.0,0.0,0.0,0.0,0.0,0.0,0.0,0.0,0.0,0.0,0.0,0.0,0.0,0.0,0.0,0.0,0.0,0.0,0.0,0.0,0.0,0.0,0.0,0.0,0.0,0.0,0.0,0.0,0.0,0.0,0.0,0.0,0.0,0.0,0.0,J,10
0.0,0.0,0.829787,-0.204082,1.829787,0.306122,2.276596,1.081633,1.957447,1.612245,1.87234,1.0,2.340426,1.367347,1.957447,0.979592,1.680851,0.77551,1.553191,1.285714,1.93617,1.653061,1.531915,1.102041,1.191489,0.77551,1.234043,1.530612,1.595745,1.897959,1.297872,1.265306,0.978723,0.857143,0.87234,1.77551,1.340426,2.285714,1.638298,2.653061,1.893617,3.040816,0,0,0.0,0.0,0.0,0.0,0.0,0.0,0.0,0.0,0.0,0.0,0.0,0.0,0.0,0.0,0.0,0.0,0.0,0.0,0.0,0.0,0.0,0.0,0.0,0.0,0.0,0.0,0.0,0.0,0.0,0.0,0.0,0.0,0.0,0.0,0.0,0.0,0.0,0.0,0.0,0.0,0.0,0.0,J,10
0.0,0.0,0.829787,-0.109091,1.808511,0.363636,2.276596,1.018182,1.978723,1.490909,1.829787,1.0,2.319149,1.272727,1.957447,0.927273,1.659574,0.727273,1.510638,1.236364,1.957447,1.545455,1.574468,1.054545,1.255319,0.8,1.191489,1.436364,1.595745,1.709091,1.297872,1.145455,0.978723,0.8,0.829787,1.636364,1.297872,2.127273,1.574468,2.472727,1.829787,2.836364,0,0,0.0,0.0,0.0,0.0,0.0,0.0,0.0,0.0,0.0,0.0,0.0,0.0,0.0,0.0,0.0,0.0,0.0,0.0,0.0,0.0,0.0,0.0,0.0,0.0,0.0,0.0,0.0,0.0,0.0,0.0,0.0,0.0,0.0,0.0,0.0,0.0,0.0,0.0,0.0,0.0,0.0,0.0,J,10
0.0,0.0,0.829787,-0.080645,1.787234,0.370968,2.234043,0.935484,1.914894,1.354839,1.744681,1.0,2.276596,1.241935,1.93617,0.903226,1.638298,0.725806,1.425532,1.193548,1.893617,1.467742,1.553191,1.016129,1.276596,0.790323,1.085106,1.33871,1.553191,1.548387,1.255319,1.016129,0.93617,0.709677,0.744681,1.483871,1.212766,1.935484,1.510638,2.241935,1.787234,2.580645,0,0,0.0,0.0,0.0,0.0,0.0,0.0,0.0,0.0,0.0,0.0,0.0,0.0,0.0,0.0,0.0,0.0,0.0,0.0,0.0,0.0,0.0,0.0,0.0,0.0,0.0,0.0,0.0,0.0,0.0,0.0,0.0,0.0,0.0,0.0,0.0,0.0,0.0,0.0,0.0,0.0,0.0,0.0,J,10
0.0,0.0,0.866667,-0.048387,1.822222,0.370968,2.311111,0.919355,2.0,1.354839,1.733333,1.0,2.288889,1.274194,1.955556,0.935484,1.644444,0.725806,1.4,1.193548,1.911111,1.467742,1.577778,1.016129,1.244444,0.774194,1.066667,1.354839,1.577778,1.548387,1.288889,1.016129,0.977778,0.693548,0.733333,1.483871,1.244444,1.967742,1.555556,2.274194,1.844444,2.580645,0,0,0.0,0.0,0.0,0.0,0.0,0.0,0.0,0.0,0.0,0.0,0.0,0.0,0.0,0.0,0.0,0.0,0.0,0.0,0.0,0.0,0.0,0.0,0.0,0.0,0.0,0.0,0.0,0.0,0.0,0.0,0.0,0.0,0.0,0.0,0.0,0.0,0.0,0.0,0.0,0.0,0.0,0.0,J,10
0.0,0.0,0.909091,-0.044776,1.909091,0.38806,2.386364,0.895522,2.045455,1.283582,1.727273,1.0,2.318182,1.253731,2.0,0.895522,1.681818,0.716418,1.409091,1.149254,1.954545,1.38806,1.613636,0.940299,1.318182,0.731343,1.068182,1.268657,1.613636,1.447761,1.340909,0.940299,0.977273,0.656716,0.727273,1.373134,1.25,1.835821,1.590909,2.134328,1.886364,2.432836,0,0,0.0,0.0,0.0,0.0,0.0,0.0,0.0,0.0,0.0,0.0,0.0,0.0,0.0,0.0,0.0,0.0,0.0,0.0,0.0,0.0,0.0,0.0,0.0,0.0,0.0,0.0,0.0,0.0,0.0,0.0,0.0,0.0,0.0,0.0,0.0,0.0,0.0,0.0,0.0,0.0,0.0,0.0,J,10
0.0,0.0,1.105263,-0.012821,2.210526,0.371795,2.815789,0.794872,2.368421,1.076923,1.815789,1.0,2.605263,1.179487,2.236842,0.820513,1.921053,0.666667,1.447368,1.102564,2.210526,1.230769,1.842105,0.807692,1.473684,0.641026,1.105263,1.153846,1.868421,1.230769,1.552632,0.782051,1.157895,0.551282,0.815789,1.179487,1.447368,1.576923,1.842105,1.846154,2.131579,2.102564,0,0,0.0,0.0,0.0,0.0,0.0,0.0,0.0,0.0,0.0,0.0,0.0,0.0,0.0,0.0,0.0,0.0,0.0,0.0,0.0,0.0,0.0,0.0,0.0,0.0,0.0,0.0,0.0,0.0,0.0,0.0,0.0,0.0,0.0,0.0,0.0,0.0,0.0,0.0,0.0,0.0,0.0,0.0,J,10
0.0,0.0,1.363636,0.021505,2.575758,0.365591,3.242424,0.698925,2.757576,0.924731,1.787879,1.0,2.878788,1.107527,2.575758,0.763441,2.212121,0.645161,1.30303,1.053763,2.484848,1.086022,2.121212,0.688172,1.727273,0.569892,0.969697,1.043011,2.151515,1.043011,1.878788,0.645161,1.454545,0.473118,0.787879,0.989247,1.636364,1.333333,2.121212,1.55914,2.454545,1.784946,0,0,0.0,0.0,0.0,0.0,0.0,0.0,0.0,0.0,0.0,0.0,0.0,0.0,0.0,0.0,0.0,0.0,0.0,0.0,0.0,0.0,0.0,0.0,0.0,0.0,0.0,0.0,0.0,0.0,0.0,0.0,0.0,0.0,0.0,0.0,0.0,0.0,0.0,0.0,0.0,0.0,0.0,0.0,J,10
0.0,0.0,1.342857,0.065217,2.457143,0.391304,3.057143,0.728261,2.542857,0.913043,1.742857,1.0,2.742857,1.108696,2.457143,0.771739,2.085714,0.641304,1.314286,1.043478,2.342857,1.086957,2.057143,0.695652,1.657143,0.554348,0.971429,1.021739,2.028571,1.021739,1.8,0.652174,1.371429,0.478261,0.742857,0.967391,1.514286,1.304348,2.0,1.532609,2.314286,1.75,0,0,0.0,0.0,0.0,0.0,0.0,0.0,0.0,0.0,0.0,0.0,0.0,0.0,0.0,0.0,0.0,0.0,0.0,0.0,0.0,0.0,0.0,0.0,0.0,0.0,0.0,0.0,0.0,0.0,0.0,0.0,0.0,0.0,0.0,0.0,0.0,0.0,0.0,0.0,0.0,0.0,0.0,0.0,J,10
0.0,0.0,1.424242,0.074468,2.575758,0.404255,3.212121,0.712766,2.69697,0.882979,1.666667,1.0,2.787879,1.12766,2.575758,0.797872,2.242424,0.670213,1.212121,1.021277,2.424242,1.074468,2.121212,0.680851,1.757576,0.542553,0.878788,0.968085,2.090909,0.989362,1.878788,0.62766,1.515152,0.468085,0.666667,0.893617,1.545455,1.223404,2.030303,1.468085,2.424242,1.680851,0,0,0.0,0.0,0.0,0.0,0.0,0.0,0.0,0.0,0.0,0.0,0.0,0.0,0.0,0.0,0.0,0.0,0.0,0.0,0.0,0.0,0.0,0.0,0.0,0.0,0.0,0.0,0.0,0.0,0.0,0.0,0.0,0.0,0.0,0.0,0.0,0.0,0.0,0.0,0.0,0.0,0.0,0.0,J,10
0.0,0.0,1.454545,0.113402,2.545455,0.42268,3.181818,0.690722,2.787879,0.865979,1.606061,1.0,2.757576,1.103093,2.545455,0.773196,2.181818,0.649485,1.121212,1.0,2.454545,1.041237,2.212121,0.670103,1.818182,0.546392,0.818182,0.917526,2.121212,0.948454,1.969697,0.608247,1.545455,0.463918,0.606061,0.804124,1.484848,1.123711,2.0,1.350515,2.363636,1.56701,0,0,0.0,0.0,0.0,0.0,0.0,0.0,0.0,0.0,0.0,0.0,0.0,0.0,0.0,0.0,0.0,0.0,0.0,0.0,0.0,0.0,0.0,0.0,0.0,0.0,0.0,0.0,0.0,0.0,0.0,0.0,0.0,0.0,0.0,0.0,0.0,0.0,0.0,0.0,0.0,0.0,0.0,0.0,J,10
0.0,0.0,1.361111,0.11,2.361111,0.41,2.972222,0.67,2.583333,0.84,1.555556,1.0,2.583333,1.08,2.388889,0.74,2.027778,0.63,1.083333,0.99,2.277778,1.01,2.083333,0.65,1.75,0.54,0.75,0.9,1.972222,0.89,1.833333,0.57,1.472222,0.44,0.555556,0.76,1.388889,1.03,1.861111,1.25,2.194444,1.47,0,0,0.0,0.0,0.0,0.0,0.0,0.0,0.0,0.0,0.0,0.0,0.0,0.0,0.0,0.0,0.0,0.0,0.0,0.0,0.0,0.0,0.0,0.0,0.0,0.0,0.0,0.0,0.0,0.0,0.0,0.0,0.0,0.0,0.0,0.0,0.0,0.0,0.0,0.0,0.0,0.0,0.0,0.0,J,10
0.0,0.0,1.441176,0.113208,2.470588,0.386792,3.117647,0.622642,2.764706,0.764151,1.441176,1.0,2.705882,1.009434,2.5,0.698113,2.147059,0.613208,0.970588,0.990566,2.411765,0.915094,2.205882,0.59434,1.882353,0.528302,0.617647,0.867925,2.088235,0.801887,1.970588,0.509434,1.588235,0.424528,0.441176,0.688679,1.323529,0.915094,1.882353,1.113208,2.323529,1.320755,0,0,0.0,0.0,0.0,0.0,0.0,0.0,0.0,0.0,0.0,0.0,0.0,0.0,0.0,0.0,0.0,0.0,0.0,0.0,0.0,0.0,0.0,0.0,0.0,0.0,0.0,0.0,0.0,0.0,0.0,0.0,0.0,0.0,0.0,0.0,0.0,0.0,0.0,0.0,0.0,0.0,0.0,0.0,J,10
0.0,0.0,1.424242,0.125,2.454545,0.383929,3.121212,0.616071,2.848485,0.767857,1.333333,1.0,2.69697,0.973214,2.575758,0.696429,2.181818,0.598214,0.787879,0.973214,2.424242,0.839286,2.242424,0.553571,1.909091,0.5,0.484848,0.830357,2.090909,0.705357,1.909091,0.446429,1.484848,0.366071,0.333333,0.633929,1.272727,0.848214,1.878788,1.026786,2.393939,1.214286,0,0,0.0,0.0,0.0,0.0,0.0,0.0,0.0,0.0,0.0,0.0,0.0,0.0,0.0,0.0,0.0,0.0,0.0,0.0,0.0,0.0,0.0,0.0,0.0,0.0,0.0,0.0,0.0,0.0,0.0,0.0,0.0,0.0,0.0,0.0,0.0,0.0,0.0,0.0,0.0,0.0,0.0,0.0,J,10
0.0,0.0,1.678571,0.12844,2.857143,0.394495,3.642857,0.605505,3.357143,0.743119,1.428571,1.0,3.071429,0.990826,3.035714,0.706422,2.678571,0.59633,0.821429,0.954128,2.821429,0.862385,2.714286,0.577982,2.357143,0.477064,0.535714,0.807339,2.5,0.715596,2.321429,0.458716,1.857143,0.366972,0.428571,0.59633,1.535714,0.798165,2.178571,0.981651,2.714286,1.174312,0,0,0.0,0.0,0.0,0.0,0.0,0.0,0.0,0.0,0.0,0.0,0.0,0.0,0.0,0.0,0.0,0.0,0.0,0.0,0.0,0.0,0.0,0.0,0.0,0.0,0.0,0.0,0.0,0.0,0.0,0.0,0.0,0.0,0.0,0.0,0.0,0.0,0.0,0.0,0.0,0.0,0.0,0.0,J,10
0.0,0.0,2.173913,0.144144,3.521739,0.387387,4.478261,0.594595,4.043478,0.711712,1.26087,1.0,3.565217,0.981982,3.565217,0.684685,3.130435,0.558559,0.521739,0.918919,3.347826,0.81982,3.217391,0.540541,2.826087,0.441441,0.217391,0.72973,2.956522,0.630631,2.695652,0.405405,2.086957,0.324324,0.26087,0.495495,1.869565,0.63964,2.73913,0.792793,3.521739,0.954955,0,0,0.0,0.0,0.0,0.0,0.0,0.0,0.0,0.0,0.0,0.0,0.0,0.0,0.0,0.0,0.0,0.0,0.0,0.0,0.0,0.0,0.0,0.0,0.0,0.0,0.0,0.0,0.0,0.0,0.0,0.0,0.0,0.0,0.0,0.0,0.0,0.0,0.0,0.0,0.0,0.0,0.0,0.0,J,10
0.0,0.0,2.136364,0.141593,3.5,0.380531,4.409091,0.566372,4.0,0.690265,1.0,1.0,3.545455,0.929204,3.409091,0.663717,2.863636,0.566372,0.227273,0.911504,3.318182,0.80531,3.090909,0.548673,2.681818,0.442478,-0.045455,0.725664,2.909091,0.628319,2.590909,0.40708,1.954545,0.318584,0.0,0.477876,1.863636,0.575221,2.772727,0.699115,3.545455,0.849558,0,0,0.0,0.0,0.0,0.0,0.0,0.0,0.0,0.0,0.0,0.0,0.0,0.0,0.0,0.0,0.0,0.0,0.0,0.0,0.0,0.0,0.0,0.0,0.0,0.0,0.0,0.0,0.0,0.0,0.0,0.0,0.0,0.0,0.0,0.0,0.0,0.0,0.0,0.0,0.0,0.0,0.0,0.0,J,10
0.0,0.0,1.481481,0.147826,2.444444,0.365217,3.074074,0.565217,2.888889,0.713043,0.518519,1.0,2.666667,0.913043,2.592593,0.652174,2.111111,0.573913,-0.185185,0.913043,2.407407,0.773913,2.222222,0.53913,1.888889,0.434783,-0.481481,0.730435,2.0,0.617391,1.62963,0.408696,1.111111,0.313043,-0.481481,0.478261,1.037037,0.556522,1.888889,0.66087,2.666667,0.791304,0,0,0.0,0.0,0.0,0.0,0.0,0.0,0.0,0.0,0.0,0.0,0.0,0.0,0.0,0.0,0.0,0.0,0.0,0.0,0.0,0.0,0.0,0.0,0.0,0.0,0.0,0.0,0.0,0.0,0.0,0.0,0.0,0.0,0.0,0.0,0.0,0.0,0.0,0.0,0.0,0.0,0.0,0.0,J,10
0.0,0.0,1.266667,0.146552,2.2,0.353448,2.866667,0.543103,2.8,0.672414,0.566667,1.0,2.566667,0.87069,2.533333,0.62069,2.133333,0.543103,-0.133333,0.905172,2.433333,0.715517,2.166667,0.465517,1.8,0.362069,-0.4,0.724138,2.0,0.560345,1.566667,0.327586,1.033333,0.224138,-0.433333,0.465517,1.066667,0.525862,1.9,0.612069,2.766667,0.732759,0,0,0.0,0.0,0.0,0.0,0.0,0.0,0.0,0.0,0.0,0.0,0.0,0.0,0.0,0.0,0.0,0.0,0.0,0.0,0.0,0.0,0.0,0.0,0.0,0.0,0.0,0.0,0.0,0.0,0.0,0.0,0.0,0.0,0.0,0.0,0.0,0.0,0.0,0.0,0.0,0.0,0.0,0.0,J,10
0.0,0.0,1.692308,0.146552,2.846154,0.344828,3.653846,0.543103,3.461538,0.663793,0.846154,1.0,3.192308,0.844828,3.115385,0.603448,2.576923,0.534483,0.153846,0.896552,3.038462,0.689655,2.692308,0.439655,2.230769,0.353448,-0.153846,0.706897,2.615385,0.543103,2.153846,0.327586,1.538462,0.241379,-0.153846,0.439655,1.538462,0.474138,2.5,0.543103,3.5,0.655172,0,0,0.0,0.0,0.0,0.0,0.0,0.0,0.0,0.0,0.0,0.0,0.0,0.0,0.0,0.0,0.0,0.0,0.0,0.0,0.0,0.0,0.0,0.0,0.0,0.0,0.0,0.0,0.0,0.0,0.0,0.0,0.0,0.0,0.0,0.0,0.0,0.0,0.0,0.0,0.0,0.0,0.0,0.0,J,10
0.0,0.0,2.26087,0.168142,3.782609,0.371681,4.782609,0.530973,4.652174,0.59292,1.565217,1.0,4.304348,0.884956,4.043478,0.628319,3.304348,0.575221,0.869565,0.876106,4.0,0.681416,3.608696,0.460177,2.956522,0.424779,0.608696,0.663717,3.565217,0.513274,3.043478,0.353982,2.26087,0.318584,0.565217,0.40708,2.608696,0.39823,3.565217,0.433628,4.391304,0.522124,0,0,0.0,0.0,0.0,0.0,0.0,0.0,0.0,0.0,0.0,0.0,0.0,0.0,0.0,0.0,0.0,0.0,0.0,0.0,0.0,0.0,0.0,0.0,0.0,0.0,0.0,0.0,0.0,0.0,0.0,0.0,0.0,0.0,0.0,0.0,0.0,0.0,0.0,0.0,0.0,0.0,0.0,0.0,J,10
0.0,0.0,2.7,0.185185,4.5,0.398148,5.8,0.564815,5.4,0.583333,1.85,1.0,4.8,0.888889,4.55,0.62963,3.7,0.574074,1.1,0.851852,4.55,0.694444,4.2,0.472222,3.55,0.444444,0.8,0.62037,4.2,0.490741,3.8,0.342593,2.95,0.333333,0.85,0.361111,3.2,0.342593,4.25,0.388889,5.05,0.481481,0,0,0.0,0.0,0.0,0.0,0.0,0.0,0.0,0.0,0.0,0.0,0.0,0.0,0.0,0.0,0.0,0.0,0.0,0.0,0.0,0.0,0.0,0.0,0.0,0.0,0.0,0.0,0.0,0.0,0.0,0.0,0.0,0.0,0.0,0.0,0.0,0.0,0.0,0.0,0.0,0.0,0.0,0.0,J,10
0.0,0.0,2.894737,0.161905,4.736842,0.390476,6.157895,0.542857,5.894737,0.580952,2.210526,1.0,5.157895,0.904762,4.947368,0.657143,4.210526,0.6,1.473684,0.87619,4.947368,0.704762,4.684211,0.485714,4.105263,0.466667,1.157895,0.638095,4.684211,0.495238,4.473684,0.361905,3.736842,0.361905,1.210526,0.361905,3.789474,0.32381,4.947368,0.352381,5.789474,0.438095,0,0,0.0,0.0,0.0,0.0,0.0,0.0,0.0,0.0,0.0,0.0,0.0,0.0,0.0,0.0,0.0,0.0,0.0,0.0,0.0,0.0,0.0,0.0,0.0,0.0,0.0,0.0,0.0,0.0,0.0,0.0,0.0,0.0,0.0,0.0,0.0,0.0,0.0,0.0,0.0,0.0,0.0,0.0,J,10
0.0,0.0,4.545455,0.228571,8.0,0.457143,11.0,0.590476,10.727273,0.533333,3.727273,1.0,9.454545,0.914286,8.909091,0.685714,7.363636,0.628571,2.636364,0.828571,9.090909,0.666667,8.363636,0.466667,7.090909,0.466667,2.363636,0.571429,8.909091,0.438095,8.0,0.32381,6.363636,0.342857,2.727273,0.285714,7.545455,0.247619,9.454545,0.27619,10.909091,0.361905,0,0,0.0,0.0,0.0,0.0,0.0,0.0,0.0,0.0,0.0,0.0,0.0,0.0,0.0,0.0,0.0,0.0,0.0,0.0,0.0,0.0,0.0,0.0,0.0,0.0,0.0,0.0,0.0,0.0,0.0,0.0,0.0,0.0,0.0,0.0,0.0,0.0,0.0,0.0,0.0,0.0,0.0,0.0,J,10
0.0,0.0,4.454545,0.288462,8.090909,0.519231,11.181818,0.615385,10.545455,0.519231,3.545455,1.0,9.363636,0.913462,9.0,0.673077,7.545455,0.615385,2.545455,0.798077,8.818182,0.663462,8.363636,0.451923,7.272727,0.432692,2.272727,0.528846,8.636364,0.423077,8.181818,0.298077,7.090909,0.298077,2.545455,0.221154,7.181818,0.192308,9.454545,0.211538,11.272727,0.259615,0,0,0.0,0.0,0.0,0.0,0.0,0.0,0.0,0.0,0.0,0.0,0.0,0.0,0.0,0.0,0.0,0.0,0.0,0.0,0.0,0.0,0.0,0.0,0.0,0.0,0.0,0.0,0.0,0.0,0.0,0.0,0.0,0.0,0.0,0.0,0.0,0.0,0.0,0.0,0.0,0.0,0.0,0.0,J,10
0.0,0.0,5.5,0.320388,10.75,0.553398,15.375,0.621359,15.125,0.485437,4.875,1.0,13.125,0.92233,12.75,0.669903,10.75,0.61165,3.75,0.796117,12.625,0.650485,12.0,0.436893,10.5,0.407767,3.5,0.524272,12.375,0.398058,11.75,0.281553,10.125,0.271845,3.875,0.213592,10.0,0.174757,13.25,0.165049,15.875,0.194175,0,0,0.0,0.0,0.0,0.0,0.0,0.0,0.0,0.0,0.0,0.0,0.0,0.0,0.0,0.0,0.0,0.0,0.0,0.0,0.0,0.0,0.0,0.0,0.0,0.0,0.0,0.0,0.0,0.0,0.0,0.0,0.0,0.0,0.0,0.0,0.0,0.0,0.0,0.0,0.0,0.0,0.0,0.0,J,10
0.0,0.0,6.0,0.323529,12.142857,0.558824,17.714286,0.617647,17.285714,0.470588,5.714286,1.0,14.857143,0.901961,14.428571,0.666667,12.142857,0.617647,4.571429,0.794118,14.428571,0.627451,13.571429,0.421569,11.571429,0.401961,4.285714,0.509804,14.142857,0.362745,13.0,0.245098,10.857143,0.245098,4.714286,0.205882,11.857143,0.156863,15.285714,0.137255,18.142857,0.147059,0,0,0.0,0.0,0.0,0.0,0.0,0.0,0.0,0.0,0.0,0.0,0.0,0.0,0.0,0.0,0.0,0.0,0.0,0.0,0.0,0.0,0.0,0.0,0.0,0.0,0.0,0.0,0.0,0.0,0.0,0.0,0.0,0.0,0.0,0.0,0.0,0.0,0.0,0.0,0.0,0.0,0.0,0.0,J,10
0.0,0.0,5.714286,0.346535,11.714286,0.584158,17.285714,0.633663,17.142857,0.465347,5.714286,1.0,14.857143,0.910891,14.571429,0.663366,12.285714,0.613861,4.428571,0.792079,14.428571,0.633663,13.714286,0.415842,11.714286,0.39604,4.142857,0.514851,14.0,0.366337,13.142857,0.227723,11.142857,0.217822,4.714286,0.217822,11.857143,0.138614,15.428571,0.09901,18.285714,0.09901,0,0,0.0,0.0,0.0,0.0,0.0,0.0,0.0,0.0,0.0,0.0,0.0,0.0,0.0,0.0,0.0,0.0,0.0,0.0,0.0,0.0,0.0,0.0,0.0,0.0,0.0,0.0,0.0,0.0,0.0,0.0,0.0,0.0,0.0,0.0,0.0,0.0,0.0,0.0,0.0,0.0,0.0,0.0,J,10
0.0,0.0,5.857143,0.34,12.142857,0.57,17.857143,0.62,17.571429,0.46,5.857143,1.0,15.142857,0.91,14.857143,0.67,12.571429,0.62,4.571429,0.78,14.714286,0.61,14.142857,0.41,12.285714,0.38,4.285714,0.5,14.428571,0.34,14.0,0.2,12.428571,0.18,4.857143,0.19,12.285714,0.12,15.857143,0.07,19.0,0.05,0,0,0.0,0.0,0.0,0.0,0.0,0.0,0.0,0.0,0.0,0.0,0.0,0.0,0.0,0.0,0.0,0.0,0.0,0.0,0.0,0.0,0.0,0.0,0.0,0.0,0.0,0.0,0.0,0.0,0.0,0.0,0.0,0.0,0.0,0.0,0.0,0.0,0.0,0.0,0.0,0.0,0.0,0.0,J,10
0.0,0.0,9.25,0.375,20.75,0.625,31.5,0.635417,31.75,0.427083,10.25,1.0,26.5,0.916667,26.0,0.677083,22.0,0.614583,8.25,0.760417,26.25,0.583333,24.75,0.375,21.5,0.364583,8.0,0.458333,26.0,0.302083,24.75,0.166667,21.25,0.15625,9.25,0.145833,22.25,0.041667,28.75,-0.020833,34.0,-0.0625,0,0,0.0,0.0,0.0,0.0,0.0,0.0,0.0,0.0,0.0,0.0,0.0,0.0,0.0,0.0,0.0,0.0,0.0,0.0,0.0,0.0,0.0,0.0,0.0,0.0,0.0,0.0,0.0,0.0,0.0,0.0,0.0,0.0,0.0,0.0,0.0,0.0,0.0,0.0,0.0,0.0,0.0,0.0,J,10
0.0,0.0,7.6,0.364583,16.8,0.604167,25.4,0.614583,25.4,0.40625,8.2,1.0,21.2,0.895833,20.4,0.65625,17.2,0.614583,6.6,0.760417,20.8,0.572917,19.6,0.385417,16.6,0.364583,6.4,0.458333,20.6,0.3125,19.6,0.177083,16.8,0.177083,7.2,0.145833,17.8,0.020833,23.0,-0.052083,27.4,-0.104167,0,0,0.0,0.0,0.0,0.0,0.0,0.0,0.0,0.0,0.0,0.0,0.0,0.0,0.0,0.0,0.0,0.0,0.0,0.0,0.0,0.0,0.0,0.0,0.0,0.0,0.0,0.0,0.0,0.0,0.0,0.0,0.0,0.0,0.0,0.0,0.0,0.0,0.0,0.0,0.0,0.0,0.0,0.0,J,10
0.0,0.0,5.571429,0.364583,11.857143,0.583333,17.857143,0.604167,17.857143,0.395833,6.0,1.0,15.0,0.885417,14.428571,0.666667,12.142857,0.614583,4.857143,0.770833,14.857143,0.5625,13.571429,0.375,11.428571,0.364583,4.714286,0.46875,14.428571,0.302083,13.285714,0.1875,11.142857,0.208333,5.0,0.15625,12.571429,-0.020833,16.428571,-0.104167,19.571429,-0.145833,0,0,0.0,0.0,0.0,0.0,0.0,0.0,0.0,0.0,0.0,0.0,0.0,0.0,0.0,0.0,0.0,0.0,0.0,0.0,0.0,0.0,0.0,0.0,0.0,0.0,0.0,0.0,0.0,0.0,0.0,0.0,0.0,0.0,0.0,0.0,0.0,0.0,0.0,0.0,0.0,0.0,0.0,0.0,J,10
0.0,0.0,12.0,0.408602,27.333333,0.634409,42.333333,0.623656,42.666667,0.387097,14.666667,1.0,35.666667,0.892473,34.0,0.666667,28.333333,0.612903,12.666667,0.752688,35.666667,0.569892,32.333333,0.365591,27.0,0.354839,12.666667,0.430108,35.0,0.27957,31.666667,0.172043,25.666667,0.193548,13.666667,0.096774,31.0,-0.053763,40.0,-0.139785,47.0,-0.204301,0,0,0.0,0.0,0.0,0.0,0.0,0.0,0.0,0.0,0.0,0.0,0.0,0.0,0.0,0.0,0.0,0.0,0.0,0.0,0.0,0.0,0.0,0.0,0.0,0.0,0.0,0.0,0.0,0.0,0.0,0.0,0.0,0.0,0.0,0.0,0.0,0.0,0.0,0.0,0.0,0.0,0.0,0.0,J,10
0.0,0.0,9.0,0.426966,20.75,0.685393,32.25,0.674157,32.5,0.393258,10.75,1.0,26.75,0.898876,25.5,0.662921,20.75,0.617978,9.25,0.730337,26.5,0.561798,24.25,0.359551,19.5,0.348315,9.0,0.382022,26.0,0.269663,23.75,0.168539,19.0,0.202247,9.75,0.044944,23.0,-0.101124,30.0,-0.202247,35.0,-0.258427,0,0,0.0,0.0,0.0,0.0,0.0,0.0,0.0,0.0,0.0,0.0,0.0,0.0,0.0,0.0,0.0,0.0,0.0,0.0,0.0,0.0,0.0,0.0,0.0,0.0,0.0,0.0,0.0,0.0,0.0,0.0,0.0,0.0,0.0,0.0,0.0,0.0,0.0,0.0,0.0,0.0,0.0,0.0,J,10
0.0,0.0,17.5,0.436782,41.5,0.666667,65.0,0.655172,65.0,0.37931,22.5,1.0,54.5,0.896552,52.0,0.655172,42.5,0.597701,20.0,0.712644,55.0,0.551724,50.0,0.344828,40.5,0.333333,20.0,0.37931,53.5,0.241379,49.0,0.149425,40.0,0.183908,21.5,0.022989,48.5,-0.149425,62.5,-0.264368,73.0,-0.333333,0,0,0.0,0.0,0.0,0.0,0.0,0.0,0.0,0.0,0.0,0.0,0.0,0.0,0.0,0.0,0.0,0.0,0.0,0.0,0.0,0.0,0.0,0.0,0.0,0.0,0.0,0.0,0.0,0.0,0.0,0.0,0.0,0.0,0.0,0.0,0.0,0.0,0.0,0.0,0.0,0.0,0.0,0.0,J,10
0.0,0.0,11.0,0.46988,28.0,0.722892,44.0,0.698795,44.0,0.385542,15.666667,1.0,37.333333,0.891566,35.0,0.638554,28.0,0.590361,14.0,0.674699,37.666667,0.518072,33.666667,0.313253,26.333333,0.301205,14.0,0.313253,36.666667,0.204819,32.666667,0.13253,25.666667,0.168675,14.666667,-0.036145,32.666667,-0.204819,42.0,-0.325301,48.666667,-0.409639,0,0,0.0,0.0,0.0,0.0,0.0,0.0,0.0,0.0,0.0,0.0,0.0,0.0,0.0,0.0,0.0,0.0,0.0,0.0,0.0,0.0,0.0,0.0,0.0,0.0,0.0,0.0,0.0,0.0,0.0,0.0,0.0,0.0,0.0,0.0,0.0,0.0,0.0,0.0,0.0,0.0,0.0,0.0,J,10
0.0,0.0,0.0,0.0,0.0,0.0,0.0,0.0,0.0,0.0,0.0,0.0,0.0,0.0,0.0,0.0,0.0,0.0,0.0,0.0,0.0,0.0,0.0,0.0,0.0,0.0,0.0,0.0,0.0,0.0,0.0,0.0,0.0,0.0,0.0,0.0,0.0,0.0,0.0,0.0,0.0,0.0,J,10
0.0,0.0,7.75,0.506329,19.75,0.759494,31.75,0.708861,33.25,0.392405,11.5,1.0,28.0,0.898734,26.0,0.696203,20.5,0.658228,11.25,0.64557,28.5,0.518987,25.5,0.35443,20.25,0.35443,11.75,0.265823,28.5,0.164557,25.25,0.113924,19.5,0.164557,12.5,-0.101266,26.25,-0.240506,33.5,-0.35443,38.75,-0.443038,0,0,0.0,0.0,0.0,0.0,0.0,0.0,0.0,0.0,0.0,0.0,0.0,0.0,0.0,0.0,0.0,0.0,0.0,0.0,0.0,0.0,0.0,0.0,0.0,0.0,0.0,0.0,0.0,0.0,0.0,0.0,0.0,0.0,0.0,0.0,0.0,0.0,0.0,0.0,0.0,0.0,0.0,0.0,J,10
0.0,0.0,3.111111,0.467532,8.666667,0.74026,14.111111,0.714286,14.555556,0.402597,5.222222,1.0,12.666667,0.909091,11.444444,0.688312,9.111111,0.662338,5.222222,0.636364,12.666667,0.519481,11.222222,0.350649,9.111111,0.337662,5.666667,0.25974,12.777778,0.155844,11.555556,0.103896,9.222222,0.155844,6.222222,-0.103896,12.333333,-0.207792,15.444444,-0.350649,17.666667,-0.441558,0,0,0.0,0.0,0.0,0.0,0.0,0.0,0.0,0.0,0.0,0.0,0.0,0.0,0.0,0.0,0.0,0.0,0.0,0.0,0.0,0.0,0.0,0.0,0.0,0.0,0.0,0.0,0.0,0.0,0.0,0.0,0.0,0.0,0.0,0.0,0.0,0.0,0.0,0.0,0.0,0.0,0.0,0.0,J,10
0.0,0.0,2.6,0.506849,7.7,0.794521,12.5,0.739726,13.0,0.410959,4.6,1.0,11.4,0.917808,10.3,0.726027,8.3,0.684932,4.5,0.616438,11.4,0.520548,10.1,0.383562,8.2,0.369863,5.0,0.205479,11.6,0.136986,10.4,0.109589,8.1,0.164384,5.6,-0.150685,11.1,-0.246575,13.9,-0.369863,15.9,-0.465753,0,0,0.0,0.0,0.0,0.0,0.0,0.0,0.0,0.0,0.0,0.0,0.0,0.0,0.0,0.0,0.0,0.0,0.0,0.0,0.0,0.0,0.0,0.0,0.0,0.0,0.0,0.0,0.0,0.0,0.0,0.0,0.0,0.0,0.0,0.0,0.0,0.0,0.0,0.0,0.0,0.0,0.0,0.0,J,10
0.0,0.0,1.8,0.528571,5.133333,0.857143,8.2,0.771429,8.533333,0.4,2.8,1.0,7.333333,0.942857,6.6,0.757143,5.266667,0.714286,2.866667,0.6,7.333333,0.528571,6.6,0.385714,5.266667,0.371429,3.266667,0.185714,7.6,0.128571,6.933333,0.114286,5.466667,0.157143,3.8,-0.171429,7.4,-0.242857,9.266667,-0.371429,10.466667,-0.485714,0,0,0.0,0.0,0.0,0.0,0.0,0.0,0.0,0.0,0.0,0.0,0.0,0.0,0.0,0.0,0.0,0.0,0.0,0.0,0.0,0.0,0.0,0.0,0.0,0.0,0.0,0.0,0.0,0.0,0.0,0.0,0.0,0.0,0.0,0.0,0.0,0.0,0.0,0.0,0.0,0.0,0.0,0.0,J,10
0.0,0.0,1.857143,0.536232,5.5,0.855072,8.785714,0.768116,9.214286,0.391304,3.071429,1.0,7.928571,0.942029,7.142857,0.753623,5.714286,0.724638,3.142857,0.594203,7.928571,0.507246,7.071429,0.391304,5.642857,0.376812,3.571429,0.173913,8.142857,0.115942,7.428571,0.115942,5.928571,0.173913,4.071429,-0.188406,8.0,-0.275362,10.0,-0.405797,11.357143,-0.521739,0,0,0.0,0.0,0.0,0.0,0.0,0.0,0.0,0.0,0.0,0.0,0.0,0.0,0.0,0.0,0.0,0.0,0.0,0.0,0.0,0.0,0.0,0.0,0.0,0.0,0.0,0.0,0.0,0.0,0.0,0.0,0.0,0.0,0.0,0.0,0.0,0.0,0.0,0.0,0.0,0.0,0.0,0.0,J,10
0.0,0.0,1.352941,0.537313,4.0,0.895522,6.647059,0.835821,7.235294,0.432836,1.941176,1.0,5.941176,0.940299,5.470588,0.761194,4.294118,0.716418,2.058824,0.567164,6.176471,0.537313,5.470588,0.402985,4.235294,0.38806,2.411765,0.149254,6.411765,0.164179,5.705882,0.134328,4.411765,0.164179,2.941176,-0.19403,6.117647,-0.283582,7.823529,-0.402985,9.058824,-0.507463,0,0,0.0,0.0,0.0,0.0,0.0,0.0,0.0,0.0,0.0,0.0,0.0,0.0,0.0,0.0,0.0,0.0,0.0,0.0,0.0,0.0,0.0,0.0,0.0,0.0,0.0,0.0,0.0,0.0,0.0,0.0,0.0,0.0,0.0,0.0,0.0,0.0,0.0,0.0,0.0,0.0,0.0,0.0,J,10
0.0,0.0,1.375,0.5625,4.1875,0.9375,7.0,0.875,7.75,0.46875,2.25,1.0,6.4375,0.984375,5.875,0.8125,4.5625,0.765625,2.375,0.546875,6.625,0.5625,5.8125,0.453125,4.5625,0.421875,2.8125,0.125,6.8125,0.15625,5.9375,0.171875,4.5,0.203125,3.25,-0.234375,6.625,-0.265625,8.375,-0.359375,9.625,-0.453125,0,0,0.0,0.0,0.0,0.0,0.0,0.0,0.0,0.0,0.0,0.0,0.0,0.0,0.0,0.0,0.0,0.0,0.0,0.0,0.0,0.0,0.0,0.0,0.0,0.0,0.0,0.0,0.0,0.0,0.0,0.0,0.0,0.0,0.0,0.0,0.0,0.0,0.0,0.0,0.0,0.0,0.0,0.0,J,10
0.0,0.0,1.0,0.539683,3.444444,0.936508,6.0,0.904762,6.777778,0.571429,1.944444,1.0,5.666667,1.015873,5.111111,0.825397,4.0,0.777778,2.055556,0.555556,5.833333,0.587302,5.111111,0.460317,4.0,0.428571,2.444444,0.111111,6.111111,0.190476,5.333333,0.15873,4.111111,0.190476,2.944444,-0.238095,5.944444,-0.269841,7.555556,-0.349206,8.777778,-0.428571,0,0,0.0,0.0,0.0,0.0,0.0,0.0,0.0,0.0,0.0,0.0,0.0,0.0,0.0,0.0,0.0,0.0,0.0,0.0,0.0,0.0,0.0,0.0,0.0,0.0,0.0,0.0,0.0,0.0,0.0,0.0,0.0,0.0,0.0,0.0,0.0,0.0,0.0,0.0,0.0,0.0,0.0,0.0,J,10
0.0,0.0,0.809524,0.53125,2.761905,0.9375,4.809524,0.921875,5.52381,0.625,1.428571,1.0,4.571429,1.03125,4.095238,0.84375,3.190476,0.78125,1.619048,0.546875,4.761905,0.640625,4.238095,0.5,3.333333,0.4375,1.952381,0.140625,4.952381,0.25,4.380952,0.203125,3.333333,0.1875,2.428571,-0.203125,4.904762,-0.1875,6.285714,-0.265625,7.285714,-0.34375,0,0,0.0,0.0,0.0,0.0,0.0,0.0,0.0,0.0,0.0,0.0,0.0,0.0,0.0,0.0,0.0,0.0,0.0,0.0,0.0,0.0,0.0,0.0,0.0,0.0,0.0,0.0,0.0,0.0,0.0,0.0,0.0,0.0,0.0,0.0,0.0,0.0,0.0,0.0,0.0,0.0,0.0,0.0,J,10
0.0,0.0,0.772727,0.548387,2.636364,0.983871,4.590909,0.983871,5.272727,0.645161,1.318182,1.0,4.272727,1.096774,3.909091,0.870968,3.0,0.806452,1.5,0.564516,4.5,0.66129,3.954545,0.5,3.090909,0.451613,1.863636,0.129032,4.772727,0.258065,4.181818,0.209677,3.136364,0.225806,2.318182,-0.209677,4.772727,-0.209677,6.045455,-0.274194,6.954545,-0.33871,0,0,0.0,0.0,0.0,0.0,0.0,0.0,0.0,0.0,0.0,0.0,0.0,0.0,0.0,0.0,0.0,0.0,0.0,0.0,0.0,0.0,0.0,0.0,0.0,0.0,0.0,0.0,0.0,0.0,0.0,0.0,0.0,0.0,0.0,0.0,0.0,0.0,0.0,0.0,0.0,0.0,0.0,0.0,J,10
0.0,0.0,0.75,0.532258,2.8,0.967742,5.0,0.983871,5.75,0.677419,1.55,1.0,4.85,1.080645,4.35,0.887097,3.4,0.822581,1.75,0.532258,5.05,0.677419,4.45,0.532258,3.5,0.467742,2.1,0.112903,5.25,0.274194,4.6,0.258065,3.5,0.258065,2.55,-0.225806,5.2,-0.177419,6.65,-0.209677,7.75,-0.241935,0,0,0.0,0.0,0.0,0.0,0.0,0.0,0.0,0.0,0.0,0.0,0.0,0.0,0.0,0.0,0.0,0.0,0.0,0.0,0.0,0.0,0.0,0.0,0.0,0.0,0.0,0.0,0.0,0.0,0.0,0.0,0.0,0.0,0.0,0.0,0.0,0.0,0.0,0.0,0.0,0.0,0.0,0.0,J,10
0.0,0.0,0.666667,0.52459,2.52381,0.983607,4.52381,1.016393,5.333333,0.754098,1.333333,1.0,4.47619,1.098361,3.952381,0.885246,3.095238,0.803279,1.52381,0.52459,4.666667,0.704918,4.095238,0.557377,3.238095,0.47541,1.857143,0.098361,4.809524,0.311475,4.190476,0.245902,3.190476,0.213115,2.333333,-0.229508,4.857143,-0.114754,6.238095,-0.147541,7.285714,-0.180328,0,0,0.0,0.0,0.0,0.0,0.0,0.0,0.0,0.0,0.0,0.0,0.0,0.0,0.0,0.0,0.0,0.0,0.0,0.0,0.0,0.0,0.0,0.0,0.0,0.0,0.0,0.0,0.0,0.0,0.0,0.0,0.0,0.0,0.0,0.0,0.0,0.0,0.0,0.0,0.0,0.0,0.0,0.0,J,10
0.0,0.0,0.521739,0.551724,2.217391,1.017241,4.043478,1.068966,4.782609,0.810345,1.217391,1.0,4.043478,1.155172,3.652174,0.931034,2.913043,0.844828,1.434783,0.517241,4.26087,0.741379,3.73913,0.586207,3.0,0.5,1.782609,0.086207,4.434783,0.327586,3.913043,0.258621,3.0,0.206897,2.217391,-0.241379,4.478261,-0.103448,5.73913,-0.137931,6.73913,-0.172414,0,0,0.0,0.0,0.0,0.0,0.0,0.0,0.0,0.0,0.0,0.0,0.0,0.0,0.0,0.0,0.0,0.0,0.0,0.0,0.0,0.0,0.0,0.0,0.0,0.0,0.0,0.0,0.0,0.0,0.0,0.0,0.0,0.0,0.0,0.0,0.0,0.0,0.0,0.0,0.0,0.0,0.0,0.0,J,10
0.0,0.0,0.4,0.592593,1.88,1.12963,3.52,1.185185,4.2,0.833333,0.88,1.0,3.44,1.240741,3.04,1.018519,2.4,0.907407,1.08,0.481481,3.72,0.796296,3.24,0.648148,2.56,0.537037,1.44,0.037037,3.88,0.37037,3.4,0.314815,2.6,0.222222,1.88,-0.277778,3.92,-0.074074,5.08,-0.092593,5.96,-0.12963,0,0,0.0,0.0,0.0,0.0,0.0,0.0,0.0,0.0,0.0,0.0,0.0,0.0,0.0,0.0,0.0,0.0,0.0,0.0,0.0,0.0,0.0,0.0,0.0,0.0,0.0,0.0,0.0,0.0,0.0,0.0,0.0,0.0,0.0,0.0,0.0,0.0,0.0,0.0,0.0,0.0,0.0,0.0,J,10
0.0,0.0,0.37037,0.666667,1.62963,1.25,3.074074,1.291667,3.62963,0.854167,0.518519,1.0,2.925926,1.3125,2.592593,1.083333,1.962963,0.958333,0.740741,0.416667,3.185185,0.791667,2.740741,0.666667,2.111111,0.5625,1.111111,-0.0625,3.333333,0.3125,2.888889,0.3125,2.148148,0.25,1.518519,-0.395833,3.444444,-0.1875,4.518519,-0.166667,5.333333,-0.1875,0,0,0.0,0.0,0.0,0.0,0.0,0.0,0.0,0.0,0.0,0.0,0.0,0.0,0.0,0.0,0.0,0.0,0.0,0.0,0.0,0.0,0.0,0.0,0.0,0.0,0.0,0.0,0.0,0.0,0.0,0.0,0.0,0.0,0.0,0.0,0.0,0.0,0.0,0.0,0.0,0.0,0.0,0.0,J,10
0.0,0.0,0.44,0.627451,1.84,1.176471,3.4,1.254902,3.96,0.921569,0.76,1.0,3.32,1.294118,2.88,1.039216,2.24,0.921569,0.96,0.45098,3.6,0.843137,3.12,0.686275,2.44,0.568627,1.32,0.0,3.72,0.372549,3.28,0.352941,2.48,0.294118,1.76,-0.333333,3.84,-0.098039,5.04,-0.098039,5.88,-0.137255,0,0,0.0,0.0,0.0,0.0,0.0,0.0,0.0,0.0,0.0,0.0,0.0,0.0,0.0,0.0,0.0,0.0,0.0,0.0,0.0,0.0,0.0,0.0,0.0,0.0,0.0,0.0,0.0,0.0,0.0,0.0,0.0,0.0,0.0,0.0,0.0,0.0,0.0,0.0,0.0,0.0,0.0,0.0,J,10
0.0,0.0,0.384615,0.66,1.730769,1.22,3.192308,1.3,3.807692,0.9,0.692308,1.0,3.153846,1.32,2.807692,1.1,2.153846,0.98,0.884615,0.44,3.461538,0.86,3.0,0.74,2.346154,0.64,1.230769,-0.02,3.615385,0.4,3.153846,0.44,2.384615,0.42,1.692308,-0.32,3.730769,-0.12,4.846154,-0.08,5.692308,-0.1,0,0,0.0,0.0,0.0,0.0,0.0,0.0,0.0,0.0,0.0,0.0,0.0,0.0,0.0,0.0,0.0,0.0,0.0,0.0,0.0,0.0,0.0,0.0,0.0,0.0,0.0,0.0,0.0,0.0,0.0,0.0,0.0,0.0,0.0,0.0,0.0,0.0,0.0,0.0,0.0,0.0,0.0,0.0,J,10
0.0,0.0,0.44,0.615385,1.88,1.173077,3.48,1.25,4.0,0.903846,0.8,1.0,3.36,1.288462,2.92,1.057692,2.24,0.923077,1.0,0.480769,3.6,0.826923,3.12,0.673077,2.48,0.557692,1.36,0.019231,3.76,0.365385,3.32,0.365385,2.48,0.326923,1.8,-0.307692,3.92,-0.096154,5.08,-0.076923,5.92,-0.096154,0,0,0.0,0.0,0.0,0.0,0.0,0.0,0.0,0.0,0.0,0.0,0.0,0.0,0.0,0.0,0.0,0.0,0.0,0.0,0.0,0.0,0.0,0.0,0.0,0.0,0.0,0.0,0.0,0.0,0.0,0.0,0.0,0.0,0.0,0.0,0.0,0.0,0.0,0.0,0.0,0.0,0.0,0.0,J,10
0.0,0.0,0.333333,0.627451,1.777778,1.196078,3.333333,1.313725,3.888889,0.980392,0.851852,1.0,3.259259,1.333333,2.851852,1.117647,2.259259,0.980392,1.074074,0.45098,3.481481,0.882353,3.037037,0.764706,2.444444,0.647059,1.407407,0.0,3.62963,0.392157,3.185185,0.45098,2.444444,0.411765,1.851852,-0.294118,3.777778,-0.078431,4.851852,-0.039216,5.666667,-0.039216,0,0,0.0,0.0,0.0,0.0,0.0,0.0,0.0,0.0,0.0,0.0,0.0,0.0,0.0,0.0,0.0,0.0,0.0,0.0,0.0,0.0,0.0,0.0,0.0,0.0,0.0,0.0,0.0,0.0,0.0,0.0,0.0,0.0,0.0,0.0,0.0,0.0,0.0,0.0,0.0,0.0,0.0,0.0,J,10
0.0,0.0,0.37037,0.647059,1.851852,1.235294,3.444444,1.313725,4.0,0.901961,0.962963,1.0,3.37037,1.294118,2.925926,1.117647,2.296296,1.0,1.185185,0.431373,3.62963,0.843137,3.111111,0.745098,2.518519,0.607843,1.518519,-0.019608,3.777778,0.392157,3.333333,0.411765,2.592593,0.333333,1.962963,-0.313725,3.888889,-0.078431,4.888889,-0.058824,5.666667,-0.098039,0,0,0.0,0.0,0.0,0.0,0.0,0.0,0.0,0.0,0.0,0.0,0.0,0.0,0.0,0.0,0.0,0.0,0.0,0.0,0.0,0.0,0.0,0.0,0.0,0.0,0.0,0.0,0.0,0.0,0.0,0.0,0.0,0.0,0.0,0.0,0.0,0.0,0.0,0.0,0.0,0.0,0.0,0.0,J,10
0.0,0.0,0.333333,0.660377,1.740741,1.226415,3.333333,1.320755,4.037037,1.0,1.037037,1.0,3.518519,1.283019,3.074074,1.132075,2.407407,1.018868,1.296296,0.45283,3.777778,0.830189,3.296296,0.773585,2.666667,0.660377,1.62963,0.018868,3.925926,0.396226,3.481481,0.45283,2.740741,0.396226,2.037037,-0.264151,4.0,-0.056604,5.037037,-0.018868,5.851852,-0.037736,0,0,0.0,0.0,0.0,0.0,0.0,0.0,0.0,0.0,0.0,0.0,0.0,0.0,0.0,0.0,0.0,0.0,0.0,0.0,0.0,0.0,0.0,0.0,0.0,0.0,0.0,0.0,0.0,0.0,0.0,0.0,0.0,0.0,0.0,0.0,0.0,0.0,0.0,0.0,0.0,0.0,0.0,0.0,J,10
0.0,0.0,0.310345,0.692308,1.586207,1.25,3.068966,1.307692,3.724138,0.961538,0.896552,1.0,3.172414,1.326923,2.758621,1.211538,2.206897,1.076923,1.172414,0.442308,3.448276,0.865385,3.0,0.826923,2.413793,0.730769,1.482759,0.0,3.586207,0.442308,3.172414,0.519231,2.482759,0.5,1.896552,-0.269231,3.655172,-0.057692,4.655172,0.0,5.448276,0.0,0,0,0.0,0.0,0.0,0.0,0.0,0.0,0.0,0.0,0.0,0.0,0.0,0.0,0.0,0.0,0.0,0.0,0.0,0.0,0.0,0.0,0.0,0.0,0.0,0.0,0.0,0.0,0.0,0.0,0.0,0.0,0.0,0.0,0.0,0.0,0.0,0.0,0.0,0.0,0.0,0.0,0.0,0.0,J,10
0.0,0.0,0.333333,0.679245,1.814815,1.226415,3.444444,1.264151,4.111111,0.886792,1.074074,1.0,3.481481,1.264151,2.962963,1.132075,2.333333,1.018868,1.333333,0.433962,3.777778,0.811321,3.222222,0.754717,2.62963,0.660377,1.666667,0.0,3.888889,0.396226,3.407407,0.45283,2.666667,0.415094,2.074074,-0.283019,3.962963,-0.075472,5.037037,-0.018868,5.925926,-0.018868,0,0,0.0,0.0,0.0,0.0,0.0,0.0,0.0,0.0,0.0,0.0,0.0,0.0,0.0,0.0,0.0,0.0,0.0,0.0,0.0,0.0,0.0,0.0,0.0,0.0,0.0,0.0,0.0,0.0,0.0,0.0,0.0,0.0,0.0,0.0,0.0,0.0,0.0,0.0,0.0,0.0,0.0,0.0,J,10
0.0,0.0,0.64,-0.125,1.56,0.125,2.06,0.5,1.94,0.861111,1.5,1.0,1.96,1.263889,1.66,0.805556,1.36,0.513889,1.2,1.111111,1.68,1.277778,1.3,0.722222,0.94,0.458333,0.86,1.194444,1.36,1.291667,1.02,0.75,0.68,0.458333,0.5,1.236111,1.06,1.680556,1.44,1.916667,1.74,2.152778,0,0,0.0,0.0,0.0,0.0,0.0,0.0,0.0,0.0,0.0,0.0,0.0,0.0,0.0,0.0,0.0,0.0,0.0,0.0,0.0,0.0,0.0,0.0,0.0,0.0,0.0,0.0,0.0,0.0,0.0,0.0,0.0,0.0,0.0,0.0,0.0,0.0,0.0,0.0,0.0,0.0,0.0,0.0,J,11
0.0,0.0,0.76,-0.077922,1.74,0.181818,2.26,0.532468,2.0,0.831169,1.62,1.0,2.16,1.246753,1.88,0.831169,1.58,0.597403,1.32,1.103896,1.84,1.233766,1.46,0.701299,1.1,0.467532,1.0,1.155844,1.5,1.246753,1.18,0.74026,0.82,0.480519,0.62,1.207792,1.16,1.636364,1.56,1.883117,1.92,2.103896,0,0,0.0,0.0,0.0,0.0,0.0,0.0,0.0,0.0,0.0,0.0,0.0,0.0,0.0,0.0,0.0,0.0,0.0,0.0,0.0,0.0,0.0,0.0,0.0,0.0,0.0,0.0,0.0,0.0,0.0,0.0,0.0,0.0,0.0,0.0,0.0,0.0,0.0,0.0,0.0,0.0,0.0,0.0,J,11
0.0,0.0,0.877551,-0.054795,1.897959,0.178082,2.44898,0.561644,2.183673,0.90411,1.816327,1.0,2.408163,1.260274,2.081633,0.808219,1.734694,0.589041,1.510204,1.136986,2.081633,1.30137,1.632653,0.767123,1.265306,0.520548,1.183673,1.232877,1.755102,1.369863,1.346939,0.849315,0.959184,0.589041,0.816327,1.315068,1.387755,1.753425,1.795918,2.0,2.142857,2.246575,0,0,0.0,0.0,0.0,0.0,0.0,0.0,0.0,0.0,0.0,0.0,0.0,0.0,0.0,0.0,0.0,0.0,0.0,0.0,0.0,0.0,0.0,0.0,0.0,0.0,0.0,0.0,0.0,0.0,0.0,0.0,0.0,0.0,0.0,0.0,0.0,0.0,0.0,0.0,0.0,0.0,0.0,0.0,J,11
0.0,0.0,0.862745,-0.069444,1.843137,0.166667,2.392157,0.569444,2.176471,0.944444,1.823529,1.0,2.392157,1.263889,2.039216,0.847222,1.705882,0.625,1.509804,1.138889,2.058824,1.319444,1.607843,0.805556,1.215686,0.555556,1.196078,1.25,1.784314,1.416667,1.392157,0.916667,1.0,0.638889,0.823529,1.347222,1.392157,1.777778,1.784314,2.027778,2.137255,2.277778,0,0,0.0,0.0,0.0,0.0,0.0,0.0,0.0,0.0,0.0,0.0,0.0,0.0,0.0,0.0,0.0,0.0,0.0,0.0,0.0,0.0,0.0,0.0,0.0,0.0,0.0,0.0,0.0,0.0,0.0,0.0,0.0,0.0,0.0,0.0,0.0,0.0,0.0,0.0,0.0,0.0,0.0,0.0,J,11
0.0,0.0,0.918367,-0.086957,1.959184,0.188406,2.571429,0.608696,2.326531,1.0,1.938776,1.0,2.55102,1.246377,2.142857,0.826087,1.755102,0.623188,1.632653,1.173913,2.22449,1.362319,1.734694,0.84058,1.326531,0.594203,1.306122,1.304348,1.938776,1.492754,1.530612,0.971014,1.122449,0.681159,0.938776,1.42029,1.55102,1.855072,1.959184,2.115942,2.346939,2.376812,0,0,0.0,0.0,0.0,0.0,0.0,0.0,0.0,0.0,0.0,0.0,0.0,0.0,0.0,0.0,0.0,0.0,0.0,0.0,0.0,0.0,0.0,0.0,0.0,0.0,0.0,0.0,0.0,0.0,0.0,0.0,0.0,0.0,0.0,0.0,0.0,0.0,0.0,0.0,0.0,0.0,0.0,0.0,J,11
0.0,0.0,0.895833,-0.145161,1.979167,0.145161,2.583333,0.645161,2.3125,1.112903,2.0,1.0,2.604167,1.258065,2.145833,0.83871,1.770833,0.612903,1.708333,1.209677,2.270833,1.451613,1.75,0.903226,1.333333,0.612903,1.375,1.387097,2.0,1.629032,1.541667,1.080645,1.125,0.741935,1.0,1.532258,1.604167,2.016129,2.0,2.290323,2.395833,2.580645,0,0,0.0,0.0,0.0,0.0,0.0,0.0,0.0,0.0,0.0,0.0,0.0,0.0,0.0,0.0,0.0,0.0,0.0,0.0,0.0,0.0,0.0,0.0,0.0,0.0,0.0,0.0,0.0,0.0,0.0,0.0,0.0,0.0,0.0,0.0,0.0,0.0,0.0,0.0,0.0,0.0,0.0,0.0,J,11
0.0,0.0,0.857143,-0.175439,1.897959,0.087719,2.469388,0.614035,2.244898,1.122807,1.959184,1.0,2.510204,1.22807,2.061224,0.824561,1.653061,0.578947,1.673469,1.245614,2.244898,1.508772,1.714286,0.947368,1.306122,0.631579,1.346939,1.45614,1.938776,1.701754,1.489796,1.122807,1.061224,0.77193,0.959184,1.649123,1.571429,2.175439,1.959184,2.473684,2.346939,2.754386,0,0,0.0,0.0,0.0,0.0,0.0,0.0,0.0,0.0,0.0,0.0,0.0,0.0,0.0,0.0,0.0,0.0,0.0,0.0,0.0,0.0,0.0,0.0,0.0,0.0,0.0,0.0,0.0,0.0,0.0,0.0,0.0,0.0,0.0,0.0,0.0,0.0,0.0,0.0,0.0,0.0,0.0,0.0,J,11
0.0,0.0,0.87234,-0.175439,1.978723,0.070175,2.553191,0.596491,2.340426,1.105263,2.0,1.0,2.553191,1.210526,2.085106,0.789474,1.680851,0.526316,1.702128,1.245614,2.255319,1.45614,1.723404,0.894737,1.297872,0.578947,1.382979,1.438596,1.978723,1.666667,1.531915,1.105263,1.085106,0.754386,1.0,1.631579,1.617021,2.140351,2.06383,2.438596,2.446809,2.719298,0,0,0.0,0.0,0.0,0.0,0.0,0.0,0.0,0.0,0.0,0.0,0.0,0.0,0.0,0.0,0.0,0.0,0.0,0.0,0.0,0.0,0.0,0.0,0.0,0.0,0.0,0.0,0.0,0.0,0.0,0.0,0.0,0.0,0.0,0.0,0.0,0.0,0.0,0.0,0.0,0.0,0.0,0.0,J,11
0.0,0.0,0.87234,-0.181818,1.957447,0.054545,2.531915,0.6,2.276596,1.127273,2.0,1.0,2.510638,1.2,2.085106,0.8,1.702128,0.545455,1.702128,1.254545,2.212766,1.472727,1.702128,0.927273,1.276596,0.6,1.382979,1.472727,1.957447,1.709091,1.489362,1.145455,1.042553,0.781818,1.0,1.672727,1.638298,2.2,2.06383,2.509091,2.468085,2.781818,0,0,0.0,0.0,0.0,0.0,0.0,0.0,0.0,0.0,0.0,0.0,0.0,0.0,0.0,0.0,0.0,0.0,0.0,0.0,0.0,0.0,0.0,0.0,0.0,0.0,0.0,0.0,0.0,0.0,0.0,0.0,0.0,0.0,0.0,0.0,0.0,0.0,0.0,0.0,0.0,0.0,0.0,0.0,J,11
0.0,0.0,0.87234,-0.215686,1.957447,0.019608,2.553191,0.588235,2.319149,1.176471,2.021277,1.0,2.553191,1.235294,2.106383,0.803922,1.702128,0.529412,1.744681,1.294118,2.255319,1.529412,1.744681,0.960784,1.297872,0.627451,1.404255,1.529412,2.0,1.784314,1.531915,1.196078,1.085106,0.803922,1.021277,1.764706,1.659574,2.333333,2.085106,2.647059,2.510638,2.941176,0,0,0.0,0.0,0.0,0.0,0.0,0.0,0.0,0.0,0.0,0.0,0.0,0.0,0.0,0.0,0.0,0.0,0.0,0.0,0.0,0.0,0.0,0.0,0.0,0.0,0.0,0.0,0.0,0.0,0.0,0.0,0.0,0.0,0.0,0.0,0.0,0.0,0.0,0.0,0.0,0.0,0.0,0.0,J,11
0.0,0.0,0.87234,-0.215686,1.957447,0.019608,2.531915,0.607843,2.340426,1.196078,2.042553,1.0,2.574468,1.235294,2.106383,0.803922,1.702128,0.529412,1.765957,1.294118,2.276596,1.54902,1.744681,1.0,1.319149,0.647059,1.425532,1.54902,1.978723,1.803922,1.531915,1.215686,1.085106,0.823529,1.042553,1.784314,1.659574,2.333333,2.085106,2.647059,2.510638,2.941176,0,0,0.0,0.0,0.0,0.0,0.0,0.0,0.0,0.0,0.0,0.0,0.0,0.0,0.0,0.0,0.0,0.0,0.0,0.0,0.0,0.0,0.0,0.0,0.0,0.0,0.0,0.0,0.0,0.0,0.0,0.0,0.0,0.0,0.0,0.0,0.0,0.0,0.0,0.0,0.0,0.0,0.0,0.0,J,11
0.0,0.0,0.87234,-0.22449,1.93617,0.020408,2.510638,0.612245,2.297872,1.204082,2.0,1.0,2.510638,1.265306,2.085106,0.836735,1.659574,0.530612,1.723404,1.306122,2.234043,1.591837,1.723404,1.020408,1.276596,0.653061,1.404255,1.571429,1.957447,1.877551,1.510638,1.265306,1.06383,0.857143,1.0,1.836735,1.638298,2.408163,2.06383,2.734694,2.489362,3.040816,0,0,0.0,0.0,0.0,0.0,0.0,0.0,0.0,0.0,0.0,0.0,0.0,0.0,0.0,0.0,0.0,0.0,0.0,0.0,0.0,0.0,0.0,0.0,0.0,0.0,0.0,0.0,0.0,0.0,0.0,0.0,0.0,0.0,0.0,0.0,0.0,0.0,0.0,0.0,0.0,0.0,0.0,0.0,J,11
0.0,0.0,0.911111,-0.25,2.022222,0.0,2.622222,0.604167,2.377778,1.229167,2.066667,1.0,2.622222,1.270833,2.177778,0.833333,1.733333,0.5625,1.777778,1.3125,2.311111,1.604167,1.777778,1.041667,1.288889,0.6875,1.466667,1.604167,2.044444,1.916667,1.6,1.3125,1.133333,0.895833,1.066667,1.875,1.711111,2.4375,2.177778,2.770833,2.6,3.083333,0,0,0.0,0.0,0.0,0.0,0.0,0.0,0.0,0.0,0.0,0.0,0.0,0.0,0.0,0.0,0.0,0.0,0.0,0.0,0.0,0.0,0.0,0.0,0.0,0.0,0.0,0.0,0.0,0.0,0.0,0.0,0.0,0.0,0.0,0.0,0.0,0.0,0.0,0.0,0.0,0.0,0.0,0.0,J,11
0.0,0.0,0.909091,-0.22449,2.068182,0.020408,2.659091,0.632653,2.409091,1.244898,2.068182,1.0,2.636364,1.265306,2.181818,0.857143,1.75,0.591837,1.795455,1.326531,2.318182,1.612245,1.772727,1.040816,1.295455,0.673469,1.454545,1.591837,2.068182,1.918367,1.590909,1.306122,1.136364,0.897959,1.068182,1.857143,1.727273,2.428571,2.181818,2.734694,2.613636,3.040816,0,0,0.0,0.0,0.0,0.0,0.0,0.0,0.0,0.0,0.0,0.0,0.0,0.0,0.0,0.0,0.0,0.0,0.0,0.0,0.0,0.0,0.0,0.0,0.0,0.0,0.0,0.0,0.0,0.0,0.0,0.0,0.0,0.0,0.0,0.0,0.0,0.0,0.0,0.0,0.0,0.0,0.0,0.0,J,11
0.0,0.0,0.869565,-0.22449,1.978261,0.040816,2.586957,0.673469,2.326087,1.265306,2.043478,1.0,2.586957,1.265306,2.108696,0.857143,1.695652,0.591837,1.76087,1.326531,2.26087,1.612245,1.73913,1.040816,1.282609,0.673469,1.434783,1.591837,2.0,1.918367,1.565217,1.326531,1.130435,0.897959,1.043478,1.877551,1.673913,2.428571,2.108696,2.755102,2.521739,3.061224,0,0,0.0,0.0,0.0,0.0,0.0,0.0,0.0,0.0,0.0,0.0,0.0,0.0,0.0,0.0,0.0,0.0,0.0,0.0,0.0,0.0,0.0,0.0,0.0,0.0,0.0,0.0,0.0,0.0,0.0,0.0,0.0,0.0,0.0,0.0,0.0,0.0,0.0,0.0,0.0,0.0,0.0,0.0,J,11
0.0,0.0,0.869565,-0.215686,1.978261,0.039216,2.565217,0.627451,2.326087,1.196078,2.021739,1.0,2.586957,1.27451,2.108696,0.862745,1.673913,0.607843,1.73913,1.294118,2.26087,1.568627,1.73913,1.0,1.282609,0.647059,1.413043,1.54902,2.0,1.843137,1.565217,1.254902,1.130435,0.862745,1.021739,1.803922,1.673913,2.333333,2.108696,2.647059,2.521739,2.941176,0,0,0.0,0.0,0.0,0.0,0.0,0.0,0.0,0.0,0.0,0.0,0.0,0.0,0.0,0.0,0.0,0.0,0.0,0.0,0.0,0.0,0.0,0.0,0.0,0.0,0.0,0.0,0.0,0.0,0.0,0.0,0.0,0.0,0.0,0.0,0.0,0.0,0.0,0.0,0.0,0.0,0.0,0.0,J,11
0.0,0.0,0.911111,-0.207547,2.044444,0.056604,2.644444,0.622642,2.377778,1.169811,2.066667,1.0,2.644444,1.245283,2.155556,0.849057,1.711111,0.603774,1.777778,1.264151,2.311111,1.528302,1.755556,0.981132,1.288889,0.641509,1.444444,1.528302,2.044444,1.792453,1.6,1.226415,1.155556,0.849057,1.066667,1.754717,1.711111,2.264151,2.155556,2.566038,2.577778,2.849057,0,0,0.0,0.0,0.0,0.0,0.0,0.0,0.0,0.0,0.0,0.0,0.0,0.0,0.0,0.0,0.0,0.0,0.0,0.0,0.0,0.0,0.0,0.0,0.0,0.0,0.0,0.0,0.0,0.0,0.0,0.0,0.0,0.0,0.0,0.0,0.0,0.0,0.0,0.0,0.0,0.0,0.0,0.0,J,11
0.0,0.0,0.869565,-0.211538,1.978261,0.038462,2.565217,0.615385,2.326087,1.173077,2.043478,1.0,2.586957,1.269231,2.130435,0.846154,1.717391,0.596154,1.76087,1.288462,2.26087,1.538462,1.717391,0.961538,1.23913,0.634615,1.434783,1.538462,2.0,1.826923,1.586957,1.230769,1.152174,0.846154,1.043478,1.769231,1.695652,2.307692,2.130435,2.596154,2.543478,2.884615,0,0,0.0,0.0,0.0,0.0,0.0,0.0,0.0,0.0,0.0,0.0,0.0,0.0,0.0,0.0,0.0,0.0,0.0,0.0,0.0,0.0,0.0,0.0,0.0,0.0,0.0,0.0,0.0,0.0,0.0,0.0,0.0,0.0,0.0,0.0,0.0,0.0,0.0,0.0,0.0,0.0,0.0,0.0,J,11
0.0,0.0,0.869565,-0.22449,1.978261,0.020408,2.586957,0.632653,2.369565,1.22449,2.065217,1.0,2.608696,1.306122,2.152174,0.877551,1.695652,0.612245,1.76087,1.326531,2.304348,1.612245,1.76087,1.040816,1.282609,0.673469,1.456522,1.612245,2.043478,1.918367,1.586957,1.306122,1.152174,0.877551,1.065217,1.877551,1.717391,2.428571,2.152174,2.755102,2.565217,3.040816,0,0,0.0,0.0,0.0,0.0,0.0,0.0,0.0,0.0,0.0,0.0,0.0,0.0,0.0,0.0,0.0,0.0,0.0,0.0,0.0,0.0,0.0,0.0,0.0,0.0,0.0,0.0,0.0,0.0,0.0,0.0,0.0,0.0,0.0,0.0,0.0,0.0,0.0,0.0,0.0,0.0,0.0,0.0,J,11
0.0,0.0,0.891304,-0.235294,1.978261,0.039216,2.586957,0.607843,2.369565,1.156863,2.065217,1.0,2.608696,1.294118,2.130435,0.862745,1.695652,0.588235,1.782609,1.294118,2.304348,1.568627,1.73913,0.980392,1.26087,0.627451,1.456522,1.54902,2.043478,1.843137,1.586957,1.254902,1.152174,0.843137,1.065217,1.803922,1.73913,2.333333,2.173913,2.647059,2.608696,2.941176,0,0,0.0,0.0,0.0,0.0,0.0,0.0,0.0,0.0,0.0,0.0,0.0,0.0,0.0,0.0,0.0,0.0,0.0,0.0,0.0,0.0,0.0,0.0,0.0,0.0,0.0,0.0,0.0,0.0,0.0,0.0,0.0,0.0,0.0,0.0,0.0,0.0,0.0,0.0,0.0,0.0,0.0,0.0,J,11
0.0,0.0,0.911111,-0.215686,2.022222,0.039216,2.644444,0.607843,2.422222,1.156863,2.111111,1.0,2.666667,1.27451,2.2,0.862745,1.733333,0.588235,1.822222,1.294118,2.355556,1.568627,1.777778,1.0,1.288889,0.647059,1.488889,1.568627,2.088889,1.843137,1.622222,1.27451,1.155556,0.862745,1.111111,1.823529,1.777778,2.352941,2.244444,2.666667,2.666667,2.960784,0,0,0.0,0.0,0.0,0.0,0.0,0.0,0.0,0.0,0.0,0.0,0.0,0.0,0.0,0.0,0.0,0.0,0.0,0.0,0.0,0.0,0.0,0.0,0.0,0.0,0.0,0.0,0.0,0.0,0.0,0.0,0.0,0.0,0.0,0.0,0.0,0.0,0.0,0.0,0.0,0.0,0.0,0.0,J,11
0.0,0.0,0.931818,-0.181818,2.090909,0.072727,2.75,0.6,2.477273,1.090909,2.136364,1.0,2.75,1.236364,2.25,0.818182,1.795455,0.563636,1.840909,1.254545,2.454545,1.472727,1.840909,0.927273,1.318182,0.6,1.522727,1.490909,2.181818,1.745455,1.681818,1.181818,1.204545,0.8,1.136364,1.727273,1.863636,2.218182,2.340909,2.509091,2.795455,2.781818,0,0,0.0,0.0,0.0,0.0,0.0,0.0,0.0,0.0,0.0,0.0,0.0,0.0,0.0,0.0,0.0,0.0,0.0,0.0,0.0,0.0,0.0,0.0,0.0,0.0,0.0,0.0,0.0,0.0,0.0,0.0,0.0,0.0,0.0,0.0,0.0,0.0,0.0,0.0,0.0,0.0,0.0,0.0,J,11
0.0,0.0,0.954545,-0.15,2.090909,0.116667,2.75,0.566667,2.477273,1.016667,2.113636,1.0,2.727273,1.2,2.272727,0.783333,1.795455,0.516667,1.818182,1.216667,2.454545,1.383333,1.886364,0.866667,1.363636,0.566667,1.5,1.4,2.181818,1.616667,1.704545,1.066667,1.204545,0.733333,1.113636,1.6,1.840909,2.066667,2.340909,2.316667,2.772727,2.566667,0,0,0.0,0.0,0.0,0.0,0.0,0.0,0.0,0.0,0.0,0.0,0.0,0.0,0.0,0.0,0.0,0.0,0.0,0.0,0.0,0.0,0.0,0.0,0.0,0.0,0.0,0.0,0.0,0.0,0.0,0.0,0.0,0.0,0.0,0.0,0.0,0.0,0.0,0.0,0.0,0.0,0.0,0.0,J,11
0.0,0.0,1.0,-0.112903,2.136364,0.16129,2.795455,0.596774,2.568182,1.032258,2.136364,1.0,2.772727,1.177419,2.318182,0.774194,1.863636,0.532258,1.840909,1.193548,2.5,1.370968,1.931818,0.83871,1.409091,0.564516,1.522727,1.387097,2.227273,1.580645,1.75,1.048387,1.272727,0.725806,1.136364,1.564516,1.886364,2.0,2.386364,2.258065,2.863636,2.483871,0,0,0.0,0.0,0.0,0.0,0.0,0.0,0.0,0.0,0.0,0.0,0.0,0.0,0.0,0.0,0.0,0.0,0.0,0.0,0.0,0.0,0.0,0.0,0.0,0.0,0.0,0.0,0.0,0.0,0.0,0.0,0.0,0.0,0.0,0.0,0.0,0.0,0.0,0.0,0.0,0.0,0.0,0.0,J,11
0.0,0.0,1.073171,-0.107692,2.268293,0.153846,3.0,0.538462,2.756098,0.923077,2.219512,1.0,2.95122,1.184615,2.463415,0.753846,2.0,0.538462,1.902439,1.184615,2.682927,1.292308,2.04878,0.769231,1.487805,0.538462,1.585366,1.338462,2.414634,1.461538,1.902439,0.953846,1.365854,0.676923,1.219512,1.461538,2.04878,1.876923,2.585366,2.123077,3.073171,2.338462,0,0,0.0,0.0,0.0,0.0,0.0,0.0,0.0,0.0,0.0,0.0,0.0,0.0,0.0,0.0,0.0,0.0,0.0,0.0,0.0,0.0,0.0,0.0,0.0,0.0,0.0,0.0,0.0,0.0,0.0,0.0,0.0,0.0,0.0,0.0,0.0,0.0,0.0,0.0,0.0,0.0,0.0,0.0,J,11
0.0,0.0,1.424242,-0.047619,2.878788,0.190476,3.787879,0.47619,3.424242,0.72619,2.424242,1.0,3.484848,1.035714,2.969697,0.666667,2.454545,0.488095,2.030303,1.107143,3.272727,1.071429,2.545455,0.607143,1.848485,0.428571,1.727273,1.154762,3.0,1.154762,2.424242,0.714286,1.818182,0.511905,1.424242,1.154762,2.545455,1.452381,3.242424,1.619048,3.818182,1.797619,0,0,0.0,0.0,0.0,0.0,0.0,0.0,0.0,0.0,0.0,0.0,0.0,0.0,0.0,0.0,0.0,0.0,0.0,0.0,0.0,0.0,0.0,0.0,0.0,0.0,0.0,0.0,0.0,0.0,0.0,0.0,0.0,0.0,0.0,0.0,0.0,0.0,0.0,0.0,0.0,0.0,0.0,0.0,J,11
0.0,0.0,1.7,0.0,3.266667,0.189474,4.233333,0.421053,3.8,0.610526,2.5,1.0,3.9,0.957895,3.333333,0.589474,2.733333,0.442105,2.066667,1.073684,3.666667,0.957895,2.9,0.526316,2.233333,0.368421,1.733333,1.063158,3.3,0.989474,2.733333,0.589474,2.1,0.421053,1.5,1.0,2.8,1.242105,3.533333,1.4,4.133333,1.578947,0,0,0.0,0.0,0.0,0.0,0.0,0.0,0.0,0.0,0.0,0.0,0.0,0.0,0.0,0.0,0.0,0.0,0.0,0.0,0.0,0.0,0.0,0.0,0.0,0.0,0.0,0.0,0.0,0.0,0.0,0.0,0.0,0.0,0.0,0.0,0.0,0.0,0.0,0.0,0.0,0.0,0.0,0.0,J,11
0.0,0.0,2.083333,0.019608,3.916667,0.186275,5.125,0.382353,4.708333,0.54902,2.833333,1.0,4.625,0.911765,4.0,0.568627,3.25,0.431373,2.333333,1.04902,4.416667,0.892157,3.583333,0.490196,2.791667,0.362745,2.0,1.0,4.041667,0.882353,3.333333,0.509804,2.541667,0.362745,1.833333,0.901961,3.416667,1.127451,4.291667,1.294118,4.958333,1.45098,0,0,0.0,0.0,0.0,0.0,0.0,0.0,0.0,0.0,0.0,0.0,0.0,0.0,0.0,0.0,0.0,0.0,0.0,0.0,0.0,0.0,0.0,0.0,0.0,0.0,0.0,0.0,0.0,0.0,0.0,0.0,0.0,0.0,0.0,0.0,0.0,0.0,0.0,0.0,0.0,0.0,0.0,0.0,J,11
0.0,0.0,2.166667,0.027778,3.958333,0.203704,5.208333,0.388889,4.75,0.518519,2.708333,1.0,4.666667,0.898148,4.125,0.564815,3.375,0.453704,2.166667,1.009259,4.5,0.87963,3.833333,0.5,3.083333,0.398148,1.833333,0.935185,4.125,0.824074,3.5,0.472222,2.666667,0.351852,1.708333,0.796296,3.416667,1.037037,4.375,1.194444,5.208333,1.351852,0,0,0.0,0.0,0.0,0.0,0.0,0.0,0.0,0.0,0.0,0.0,0.0,0.0,0.0,0.0,0.0,0.0,0.0,0.0,0.0,0.0,0.0,0.0,0.0,0.0,0.0,0.0,0.0,0.0,0.0,0.0,0.0,0.0,0.0,0.0,0.0,0.0,0.0,0.0,0.0,0.0,0.0,0.0,J,11
0.0,0.0,2.0,0.04386,3.384615,0.219298,4.461538,0.385965,4.269231,0.517544,2.076923,1.0,4.0,0.877193,3.653846,0.561404,3.038462,0.429825,1.538462,1.0,3.961538,0.833333,3.461538,0.5,2.846154,0.377193,1.230769,0.894737,3.576923,0.736842,3.076923,0.429825,2.346154,0.307018,1.076923,0.701754,2.692308,0.868421,3.653846,1.017544,4.461538,1.166667,0,0,0.0,0.0,0.0,0.0,0.0,0.0,0.0,0.0,0.0,0.0,0.0,0.0,0.0,0.0,0.0,0.0,0.0,0.0,0.0,0.0,0.0,0.0,0.0,0.0,0.0,0.0,0.0,0.0,0.0,0.0,0.0,0.0,0.0,0.0,0.0,0.0,0.0,0.0,0.0,0.0,0.0,0.0,J,11
0.0,0.0,1.689655,0.035088,3.0,0.236842,3.965517,0.403509,3.793103,0.526316,1.827586,1.0,3.62069,0.877193,3.37931,0.570175,2.827586,0.438596,1.275862,0.991228,3.551724,0.815789,3.172414,0.491228,2.655172,0.368421,1.0,0.859649,3.206897,0.701754,2.758621,0.403509,2.068966,0.289474,0.827586,0.649123,2.275862,0.824561,3.172414,0.982456,4.0,1.149123,0,0,0.0,0.0,0.0,0.0,0.0,0.0,0.0,0.0,0.0,0.0,0.0,0.0,0.0,0.0,0.0,0.0,0.0,0.0,0.0,0.0,0.0,0.0,0.0,0.0,0.0,0.0,0.0,0.0,0.0,0.0,0.0,0.0,0.0,0.0,0.0,0.0,0.0,0.0,0.0,0.0,0.0,0.0,J,11
0.0,0.0,2.619048,0.035398,4.333333,0.221239,5.619048,0.371681,5.52381,0.469027,2.571429,1.0,5.190476,0.858407,4.904762,0.539823,4.238095,0.415929,1.952381,0.964602,5.095238,0.787611,4.619048,0.469027,3.904762,0.345133,1.666667,0.823009,4.714286,0.672566,4.238095,0.39823,3.380952,0.283186,1.571429,0.59292,3.571429,0.725664,4.47619,0.867257,5.142857,1.026549,0,0,0.0,0.0,0.0,0.0,0.0,0.0,0.0,0.0,0.0,0.0,0.0,0.0,0.0,0.0,0.0,0.0,0.0,0.0,0.0,0.0,0.0,0.0,0.0,0.0,0.0,0.0,0.0,0.0,0.0,0.0,0.0,0.0,0.0,0.0,0.0,0.0,0.0,0.0,0.0,0.0,0.0,0.0,J,11
0.0,0.0,1.884615,0.034483,3.307692,0.215517,4.5,0.37069,4.538462,0.482759,1.923077,1.0,4.115385,0.827586,3.884615,0.525862,3.307692,0.422414,1.346154,0.939655,4.0,0.724138,3.615385,0.439655,3.038462,0.327586,1.038462,0.775862,3.653846,0.586207,3.153846,0.344828,2.461538,0.25,0.923077,0.534483,2.615385,0.655172,3.538462,0.801724,4.423077,0.948276,0,0,0.0,0.0,0.0,0.0,0.0,0.0,0.0,0.0,0.0,0.0,0.0,0.0,0.0,0.0,0.0,0.0,0.0,0.0,0.0,0.0,0.0,0.0,0.0,0.0,0.0,0.0,0.0,0.0,0.0,0.0,0.0,0.0,0.0,0.0,0.0,0.0,0.0,0.0,0.0,0.0,0.0,0.0,J,11
0.0,0.0,1.363636,0.051282,2.484848,0.239316,3.363636,0.401709,3.454545,0.521368,1.484848,1.0,3.212121,0.811966,3.0,0.538462,2.515152,0.461538,0.909091,0.965812,3.060606,0.700855,2.69697,0.435897,2.212121,0.333333,0.636364,0.811966,2.727273,0.57265,2.242424,0.333333,1.666667,0.239316,0.484848,0.564103,1.878788,0.65812,2.666667,0.777778,3.454545,0.905983,0,0,0.0,0.0,0.0,0.0,0.0,0.0,0.0,0.0,0.0,0.0,0.0,0.0,0.0,0.0,0.0,0.0,0.0,0.0,0.0,0.0,0.0,0.0,0.0,0.0,0.0,0.0,0.0,0.0,0.0,0.0,0.0,0.0,0.0,0.0,0.0,0.0,0.0,0.0,0.0,0.0,0.0,0.0,J,11
0.0,0.0,1.411765,0.057377,2.352941,0.229508,3.117647,0.377049,3.5,0.483607,1.441176,1.0,3.235294,0.770492,2.911765,0.532787,2.441176,0.483607,0.823529,0.934426,3.088235,0.647541,2.676471,0.434426,2.235294,0.336066,0.558824,0.745902,2.735294,0.508197,2.176471,0.295082,1.588235,0.196721,0.441176,0.483607,1.911765,0.581967,2.764706,0.704918,3.617647,0.836066,0,0,0.0,0.0,0.0,0.0,0.0,0.0,0.0,0.0,0.0,0.0,0.0,0.0,0.0,0.0,0.0,0.0,0.0,0.0,0.0,0.0,0.0,0.0,0.0,0.0,0.0,0.0,0.0,0.0,0.0,0.0,0.0,0.0,0.0,0.0,0.0,0.0,0.0,0.0,0.0,0.0,0.0,0.0,J,11
0.0,0.0,1.342857,0.081967,2.314286,0.270492,3.057143,0.442623,3.628571,0.622951,1.4,1.0,3.228571,0.754098,2.914286,0.491803,2.428571,0.42623,0.8,0.918033,3.057143,0.606557,2.571429,0.393443,2.114286,0.311475,0.514286,0.729508,2.714286,0.459016,2.085714,0.254098,1.457143,0.180328,0.4,0.459016,1.885714,0.52459,2.714286,0.631148,3.571429,0.745902,0,0,0.0,0.0,0.0,0.0,0.0,0.0,0.0,0.0,0.0,0.0,0.0,0.0,0.0,0.0,0.0,0.0,0.0,0.0,0.0,0.0,0.0,0.0,0.0,0.0,0.0,0.0,0.0,0.0,0.0,0.0,0.0,0.0,0.0,0.0,0.0,0.0,0.0,0.0,0.0,0.0,0.0,0.0,J,11
0.0,0.0,1.441176,0.099174,2.411765,0.280992,3.147059,0.454545,3.588235,0.677686,1.441176,1.0,3.294118,0.768595,3.0,0.512397,2.5,0.446281,0.823529,0.933884,3.176471,0.628099,2.705882,0.404959,2.205882,0.322314,0.558824,0.743802,2.852941,0.479339,2.205882,0.264463,1.529412,0.181818,0.441176,0.471074,2.0,0.553719,2.852941,0.661157,3.735294,0.77686,0,0,0.0,0.0,0.0,0.0,0.0,0.0,0.0,0.0,0.0,0.0,0.0,0.0,0.0,0.0,0.0,0.0,0.0,0.0,0.0,0.0,0.0,0.0,0.0,0.0,0.0,0.0,0.0,0.0,0.0,0.0,0.0,0.0,0.0,0.0,0.0,0.0,0.0,0.0,0.0,0.0,0.0,0.0,J,11
0.0,0.0,1.529412,0.1,2.558824,0.283333,3.323529,0.425,3.852941,0.575,1.588235,1.0,3.441176,0.775,3.176471,0.5,2.705882,0.425,1.0,0.908333,3.294118,0.616667,2.852941,0.383333,2.382353,0.291667,0.705882,0.708333,2.970588,0.458333,2.382353,0.241667,1.764706,0.158333,0.588235,0.441667,2.147059,0.5,3.0,0.6,3.852941,0.708333,0,0,0.0,0.0,0.0,0.0,0.0,0.0,0.0,0.0,0.0,0.0,0.0,0.0,0.0,0.0,0.0,0.0,0.0,0.0,0.0,0.0,0.0,0.0,0.0,0.0,0.0,0.0,0.0,0.0,0.0,0.0,0.0,0.0,0.0,0.0,0.0,0.0,0.0,0.0,0.0,0.0,0.0,0.0,J,11
0.0,0.0,4.1,0.242991,7.8,0.495327,12.1,0.560748,14.8,0.579439,5.7,1.0,12.6,0.859813,11.9,0.588785,10.2,0.53271,4.7,0.803738,12.5,0.626168,11.4,0.392523,9.7,0.345794,4.4,0.53271,12.0,0.429907,10.8,0.261682,8.9,0.214953,4.7,0.233645,10.1,0.35514,12.9,0.46729,15.3,0.616822,0,0,0.0,0.0,0.0,0.0,0.0,0.0,0.0,0.0,0.0,0.0,0.0,0.0,0.0,0.0,0.0,0.0,0.0,0.0,0.0,0.0,0.0,0.0,0.0,0.0,0.0,0.0,0.0,0.0,0.0,0.0,0.0,0.0,0.0,0.0,0.0,0.0,0.0,0.0,0.0,0.0,0.0,0.0,J,11
0.0,0.0,0.0,0.0,0.0,0.0,0.0,0.0,0.0,0.0,0.0,0.0,0.0,0.0,0.0,0.0,0.0,0.0,0.0,0.0,0.0,0.0,0.0,0.0,0.0,0.0,0.0,0.0,0.0,0.0,0.0,0.0,0.0,0.0,0.0,0.0,0.0,0.0,0.0,0.0,0.0,0.0,J,11
0.0,0.0,3.25,0.368932,8.375,0.660194,14.125,0.718447,17.125,0.640777,6.625,1.0,15.5,0.902913,14.875,0.650485,13.0,0.61165,6.25,0.757282,15.625,0.650485,14.875,0.446602,13.0,0.417476,6.625,0.466019,15.625,0.456311,15.375,0.31068,13.875,0.291262,7.625,0.174757,14.125,0.281553,17.75,0.359223,20.75,0.475728,0,0,0.0,0.0,0.0,0.0,0.0,0.0,0.0,0.0,0.0,0.0,0.0,0.0,0.0,0.0,0.0,0.0,0.0,0.0,0.0,0.0,0.0,0.0,0.0,0.0,0.0,0.0,0.0,0.0,0.0,0.0,0.0,0.0,0.0,0.0,0.0,0.0,0.0,0.0,0.0,0.0,0.0,0.0,J,11
0.0,0.0,3.5,0.386139,8.75,0.683168,14.875,0.742574,17.75,0.643564,6.75,1.0,15.75,0.910891,15.25,0.663366,13.125,0.623762,6.375,0.742574,16.0,0.643564,15.125,0.425743,12.75,0.405941,6.875,0.425743,16.0,0.425743,15.0,0.267327,12.625,0.247525,7.75,0.108911,14.5,0.207921,18.375,0.267327,21.5,0.356436,0,0,0.0,0.0,0.0,0.0,0.0,0.0,0.0,0.0,0.0,0.0,0.0,0.0,0.0,0.0,0.0,0.0,0.0,0.0,0.0,0.0,0.0,0.0,0.0,0.0,0.0,0.0,0.0,0.0,0.0,0.0,0.0,0.0,0.0,0.0,0.0,0.0,0.0,0.0,0.0,0.0,0.0,0.0,J,11
0.0,0.0,2.4,0.386139,6.4,0.693069,11.1,0.772277,13.6,0.693069,5.2,1.0,12.4,0.930693,12.0,0.673267,10.4,0.633663,5.0,0.742574,12.6,0.663366,11.9,0.445545,10.1,0.415842,5.5,0.435644,12.7,0.455446,12.0,0.306931,10.2,0.277228,6.2,0.128713,11.5,0.217822,14.6,0.277228,17.1,0.376238,0,0,0.0,0.0,0.0,0.0,0.0,0.0,0.0,0.0,0.0,0.0,0.0,0.0,0.0,0.0,0.0,0.0,0.0,0.0,0.0,0.0,0.0,0.0,0.0,0.0,0.0,0.0,0.0,0.0,0.0,0.0,0.0,0.0,0.0,0.0,0.0,0.0,0.0,0.0,0.0,0.0,0.0,0.0,J,11
0.0,0.0,2.272727,0.393939,6.090909,0.686869,10.545455,0.747475,12.727273,0.636364,4.727273,1.0,11.272727,0.939394,10.909091,0.69697,9.363636,0.646465,4.636364,0.727273,11.636364,0.656566,10.909091,0.424242,9.181818,0.40404,5.090909,0.414141,11.636364,0.424242,10.909091,0.262626,9.181818,0.232323,5.727273,0.090909,10.636364,0.171717,13.454545,0.222222,15.818182,0.30303,0,0,0.0,0.0,0.0,0.0,0.0,0.0,0.0,0.0,0.0,0.0,0.0,0.0,0.0,0.0,0.0,0.0,0.0,0.0,0.0,0.0,0.0,0.0,0.0,0.0,0.0,0.0,0.0,0.0,0.0,0.0,0.0,0.0,0.0,0.0,0.0,0.0,0.0,0.0,0.0,0.0,0.0,0.0,J,11
0.0,0.0,1.923077,0.412371,5.153846,0.701031,8.846154,0.742268,10.769231,0.587629,4.0,1.0,9.461538,0.938144,9.230769,0.701031,7.846154,0.649485,4.076923,0.721649,9.923077,0.649485,9.307692,0.42268,7.769231,0.391753,4.461538,0.391753,9.923077,0.412371,9.153846,0.237113,7.615385,0.216495,5.0,0.082474,9.153846,0.123711,11.538462,0.134021,13.461538,0.206186,0,0,0.0,0.0,0.0,0.0,0.0,0.0,0.0,0.0,0.0,0.0,0.0,0.0,0.0,0.0,0.0,0.0,0.0,0.0,0.0,0.0,0.0,0.0,0.0,0.0,0.0,0.0,0.0,0.0,0.0,0.0,0.0,0.0,0.0,0.0,0.0,0.0,0.0,0.0,0.0,0.0,0.0,0.0,J,11
0.0,0.0,1.6,0.419355,4.466667,0.72043,7.733333,0.774194,9.266667,0.623656,3.333333,1.0,8.066667,0.967742,7.666667,0.741935,6.4,0.698925,3.4,0.709677,8.466667,0.666667,7.8,0.451613,6.4,0.419355,3.8,0.365591,8.6,0.387097,7.8,0.247312,6.4,0.225806,4.333333,0.043011,7.933333,0.043011,10.066667,0.0,11.666667,-0.010753,0,0,0.0,0.0,0.0,0.0,0.0,0.0,0.0,0.0,0.0,0.0,0.0,0.0,0.0,0.0,0.0,0.0,0.0,0.0,0.0,0.0,0.0,0.0,0.0,0.0,0.0,0.0,0.0,0.0,0.0,0.0,0.0,0.0,0.0,0.0,0.0,0.0,0.0,0.0,0.0,0.0,0.0,0.0,J,11
0.0,0.0,1.466667,0.425532,4.266667,0.734043,7.466667,0.755319,9.066667,0.606383,3.4,1.0,8.0,0.946809,7.533333,0.744681,6.2,0.702128,3.533333,0.691489,8.333333,0.659574,7.6,0.468085,6.266667,0.43617,3.933333,0.361702,8.6,0.382979,7.733333,0.255319,6.333333,0.234043,4.4,0.042553,8.066667,0.021277,10.066667,-0.042553,11.733333,-0.06383,0,0,0.0,0.0,0.0,0.0,0.0,0.0,0.0,0.0,0.0,0.0,0.0,0.0,0.0,0.0,0.0,0.0,0.0,0.0,0.0,0.0,0.0,0.0,0.0,0.0,0.0,0.0,0.0,0.0,0.0,0.0,0.0,0.0,0.0,0.0,0.0,0.0,0.0,0.0,0.0,0.0,0.0,0.0,J,11
0.0,0.0,1.571429,0.43956,4.571429,0.758242,7.857143,0.78022,9.785714,0.626374,3.857143,1.0,8.857143,0.978022,8.214286,0.758242,6.785714,0.714286,4.0,0.703297,9.142857,0.67033,8.357143,0.483516,7.0,0.43956,4.428571,0.351648,9.357143,0.373626,8.5,0.252747,7.0,0.230769,4.857143,0.021978,8.857143,-0.010989,11.0,-0.076923,12.785714,-0.10989,0,0,0.0,0.0,0.0,0.0,0.0,0.0,0.0,0.0,0.0,0.0,0.0,0.0,0.0,0.0,0.0,0.0,0.0,0.0,0.0,0.0,0.0,0.0,0.0,0.0,0.0,0.0,0.0,0.0,0.0,0.0,0.0,0.0,0.0,0.0,0.0,0.0,0.0,0.0,0.0,0.0,0.0,0.0,J,11
0.0,0.0,2.0,0.422222,5.818182,0.744444,10.0,0.777778,12.272727,0.633333,5.090909,1.0,11.363636,0.977778,10.454545,0.766667,8.545455,0.722222,5.090909,0.7,11.636364,0.677778,10.545455,0.477778,8.727273,0.433333,5.545455,0.344444,11.909091,0.377778,10.636364,0.233333,8.636364,0.211111,6.090909,0.011111,11.272727,-0.033333,14.090909,-0.111111,16.363636,-0.155556,0,0,0.0,0.0,0.0,0.0,0.0,0.0,0.0,0.0,0.0,0.0,0.0,0.0,0.0,0.0,0.0,0.0,0.0,0.0,0.0,0.0,0.0,0.0,0.0,0.0,0.0,0.0,0.0,0.0,0.0,0.0,0.0,0.0,0.0,0.0,0.0,0.0,0.0,0.0,0.0,0.0,0.0,0.0,J,11
0.0,0.0,1.3125,0.436782,3.625,0.793103,6.125,0.83908,7.75,0.678161,3.375,1.0,7.875,1.0,7.3125,0.781609,6.0625,0.724138,3.5625,0.678161,8.125,0.689655,7.4375,0.494253,6.1875,0.436782,3.9375,0.310345,8.375,0.37931,7.5625,0.241379,6.3125,0.206897,4.375,-0.022989,7.9375,-0.057471,9.875,-0.137931,11.5,-0.183908,0,0,0.0,0.0,0.0,0.0,0.0,0.0,0.0,0.0,0.0,0.0,0.0,0.0,0.0,0.0,0.0,0.0,0.0,0.0,0.0,0.0,0.0,0.0,0.0,0.0,0.0,0.0,0.0,0.0,0.0,0.0,0.0,0.0,0.0,0.0,0.0,0.0,0.0,0.0,0.0,0.0,0.0,0.0,J,11
0.0,0.0,1.357143,0.436782,3.928571,0.804598,6.714286,0.873563,8.5,0.701149,3.928571,1.0,9.071429,1.011494,8.428571,0.793103,7.0,0.712644,4.071429,0.678161,9.357143,0.701149,8.428571,0.505747,7.071429,0.448276,4.5,0.321839,9.642857,0.390805,8.714286,0.275862,7.214286,0.241379,4.928571,-0.011494,9.0,-0.045977,11.214286,-0.137931,13.142857,-0.195402,0,0,0.0,0.0,0.0,0.0,0.0,0.0,0.0,0.0,0.0,0.0,0.0,0.0,0.0,0.0,0.0,0.0,0.0,0.0,0.0,0.0,0.0,0.0,0.0,0.0,0.0,0.0,0.0,0.0,0.0,0.0,0.0,0.0,0.0,0.0,0.0,0.0,0.0,0.0,0.0,0.0,0.0,0.0,J,11
0.0,0.0,0.35,0.493333,1.75,0.893333,3.5,0.96,4.55,0.76,1.5,1.0,4.6,1.026667,4.25,0.84,3.3,0.76,1.75,0.626667,5.0,0.693333,4.4,0.533333,3.4,0.453333,2.15,0.253333,5.25,0.36,4.7,0.266667,3.65,0.213333,2.5,-0.08,4.8,-0.093333,5.75,-0.173333,6.3,-0.226667,-1.35,0.10666666666666667,0.0,0.0,1.111111,0.458824,3.111111,0.823529,5.166667,0.894118,6.611111,0.717647,3.055556,1.0,7.055556,1.035294,6.555556,0.811765,5.444444,0.741176,3.277778,0.658824,7.222222,0.717647,6.555556,0.529412,5.5,0.470588,3.666667,0.294118,7.5,0.4,6.777778,0.294118,5.611111,0.258824,4.055556,-0.035294,7.111111,-0.058824,8.888889,-0.152941,10.388889,-0.2,J,11
0.0,0.0,0.95,0.474359,2.7,0.858974,4.45,0.910256,5.7,0.705128,2.7,1.0,6.25,1.051282,5.7,0.846154,4.65,0.794872,2.95,0.615385,6.35,0.717949,5.7,0.538462,4.85,0.487179,3.3,0.24359,6.65,0.384615,6.0,0.282051,5.0,0.24359,3.7,-0.076923,6.5,-0.089744,8.1,-0.192308,9.4,-0.25641,0,0,0.0,0.0,0.0,0.0,0.0,0.0,0.0,0.0,0.0,0.0,0.0,0.0,0.0,0.0,0.0,0.0,0.0,0.0,0.0,0.0,0.0,0.0,0.0,0.0,0.0,0.0,0.0,0.0,0.0,0.0,0.0,0.0,0.0,0.0,0.0,0.0,0.0,0.0,0.0,0.0,0.0,0.0,J,11
0.0,0.0,0.25,0.560606,1.45,1.0,3.0,1.060606,4.05,0.848485,1.15,1.0,4.15,1.090909,3.85,0.893939,2.95,0.80303,1.4,0.575758,4.6,0.69697,4.0,0.545455,3.05,0.454545,1.75,0.166667,4.8,0.318182,4.3,0.257576,3.3,0.19697,2.15,-0.181818,4.45,-0.151515,5.45,-0.19697,6.1,-0.227273,-1.55,0.13636363636363635,0.0,0.0,0.857143,0.493506,2.619048,0.87013,4.380952,0.909091,5.619048,0.675325,2.47619,1.0,5.761905,1.038961,5.190476,0.857143,4.238095,0.792208,2.761905,0.597403,5.904762,0.714286,5.238095,0.558442,4.380952,0.493506,3.095238,0.220779,6.190476,0.402597,5.52381,0.285714,4.52381,0.233766,3.47619,-0.103896,6.095238,-0.103896,7.619048,-0.194805,8.952381,-0.233766,J,11
0.0,0.0,0.727273,0.486842,2.363636,0.868421,4.090909,0.921053,5.272727,0.736842,2.181818,1.0,5.272727,1.065789,4.772727,0.855263,3.909091,0.802632,2.454545,0.605263,5.454545,0.723684,4.863636,0.552632,4.045455,0.5,2.818182,0.223684,5.681818,0.394737,5.045455,0.276316,4.136364,0.236842,3.181818,-0.092105,5.681818,-0.105263,7.136364,-0.197368,8.363636,-0.25,0,0,0.0,0.0,0.0,0.0,0.0,0.0,0.0,0.0,0.0,0.0,0.0,0.0,0.0,0.0,0.0,0.0,0.0,0.0,0.0,0.0,0.0,0.0,0.0,0.0,0.0,0.0,0.0,0.0,0.0,0.0,0.0,0.0,0.0,0.0,0.0,0.0,0.0,0.0,0.0,0.0,0.0,0.0,J,11
0.0,0.0,0.192308,0.6,1.0,1.1,2.076923,1.183333,2.846154,0.983333,0.653846,1.0,2.961538,1.183333,2.730769,1.0,2.0,0.9,0.884615,0.533333,3.269231,0.766667,2.807692,0.616667,2.115385,0.483333,1.269231,0.1,3.538462,0.366667,3.153846,0.316667,2.346154,0.216667,1.653846,-0.266667,3.423077,-0.15,4.115385,-0.166667,4.423077,-0.216667,-1.4230769230769231,0.15,0.0,0.0,0.625,0.534247,2.166667,0.945205,3.75,0.972603,4.833333,0.753425,2.166667,1.0,5.0,1.109589,4.458333,0.917808,3.666667,0.849315,2.5,0.589041,5.208333,0.767123,4.583333,0.630137,3.875,0.547945,2.875,0.205479,5.5,0.424658,4.916667,0.342466,4.041667,0.287671,3.166667,-0.09589,5.416667,-0.082192,6.75,-0.150685,7.875,-0.191781,J,11
0.0,0.0,0.64,0.577465,2.16,0.985915,3.72,1.0,4.76,0.774648,2.24,1.0,4.92,1.084507,4.44,0.929577,3.72,0.873239,2.6,0.56338,5.16,0.746479,4.56,0.619718,3.88,0.521127,2.92,0.169014,5.36,0.394366,4.84,0.323944,4.08,0.253521,3.24,-0.140845,5.36,-0.098592,6.64,-0.140845,7.72,-0.183099,0,0,0.0,0.0,0.0,0.0,0.0,0.0,0.0,0.0,0.0,0.0,0.0,0.0,0.0,0.0,0.0,0.0,0.0,0.0,0.0,0.0,0.0,0.0,0.0,0.0,0.0,0.0,0.0,0.0,0.0,0.0,0.0,0.0,0.0,0.0,0.0,0.0,0.0,0.0,0.0,0.0,0.0,0.0,J,11
0.0,0.0,0.115385,0.578947,0.884615,1.122807,1.884615,1.22807,2.692308,1.035088,0.692308,1.0,2.923077,1.245614,2.692308,1.052632,2.0,0.947368,0.961538,0.526316,3.230769,0.824561,2.769231,0.684211,2.076923,0.54386,1.346154,0.087719,3.5,0.421053,3.076923,0.385965,2.307692,0.298246,1.692308,-0.263158,3.423077,-0.105263,4.192308,-0.105263,4.692308,-0.122807,-1.6538461538461537,0.15789473684210525,0.0,0.0,0.6,0.589041,2.12,1.0,3.68,1.027397,4.68,0.849315,2.36,1.0,4.88,1.082192,4.36,0.958904,3.64,0.90411,2.72,0.575342,5.08,0.767123,4.48,0.657534,3.88,0.575342,3.04,0.191781,5.32,0.424658,4.8,0.383562,4.08,0.328767,3.36,-0.09589,5.44,-0.027397,6.68,-0.054795,7.72,-0.082192,J,11
0.0,0.0,0.681818,0.581081,2.409091,0.959459,4.090909,0.972973,5.181818,0.783784,2.772727,1.0,5.590909,1.081081,4.954545,0.932432,4.136364,0.878378,3.136364,0.594595,5.772727,0.756757,5.136364,0.635135,4.409091,0.567568,3.454545,0.216216,6.090909,0.445946,5.545455,0.364865,4.727273,0.324324,3.772727,-0.081081,6.181818,0.027027,7.545455,0.027027,8.681818,0.027027,0,0,0.0,0.0,0.0,0.0,0.0,0.0,0.0,0.0,0.0,0.0,0.0,0.0,0.0,0.0,0.0,0.0,0.0,0.0,0.0,0.0,0.0,0.0,0.0,0.0,0.0,0.0,0.0,0.0,0.0,0.0,0.0,0.0,0.0,0.0,0.0,0.0,0.0,0.0,0.0,0.0,0.0,0.0,J,11
0.0,0.0,0.111111,0.6,0.777778,1.2,1.666667,1.327273,2.333333,1.145455,0.444444,1.0,2.481481,1.290909,2.222222,1.109091,1.62963,1.0,0.703704,0.490909,2.740741,0.890909,2.37037,0.763636,1.777778,0.618182,1.074074,0.072727,3.037037,0.509091,2.666667,0.472727,1.962963,0.381818,1.444444,-0.254545,3.074074,-0.036364,3.851852,0.0,4.296296,0.0,-1.9259259259259258,0.21818181818181817,0.0,0.0,0.625,0.586667,2.166667,0.96,3.75,0.973333,4.75,0.773333,2.541667,1.0,5.083333,1.106667,4.5,0.96,3.791667,0.906667,2.875,0.613333,5.291667,0.786667,4.708333,0.68,4.083333,0.6,3.208333,0.24,5.583333,0.48,5.083333,0.413333,4.375,0.36,3.541667,-0.053333,5.666667,0.08,6.958333,0.093333,7.958333,0.106667,J,11
0.0,0.0,0.185185,0.551724,0.888889,1.103448,1.777778,1.224138,2.444444,1.068966,0.481481,1.0,2.518519,1.275862,2.296296,1.086207,1.666667,0.965517,0.740741,0.534483,2.814815,0.87931,2.37037,0.706897,1.814815,0.586207,1.074074,0.103448,3.074074,0.465517,2.666667,0.413793,1.962963,0.327586,1.481481,-0.224138,3.407407,-0.068966,4.37037,-0.051724,5.0,-0.086207,-1.9259259259259258,0.20689655172413793,0.0,0.0,0.625,0.584416,2.125,0.961039,3.708333,0.987013,4.708333,0.792208,2.541667,1.0,5.041667,1.090909,4.5,0.961039,3.75,0.909091,2.916667,0.61039,5.291667,0.779221,4.708333,0.675325,4.083333,0.597403,3.25,0.246753,5.583333,0.480519,5.083333,0.415584,4.333333,0.363636,3.541667,-0.038961,5.708333,0.090909,6.958333,0.103896,8.0,0.116883,J,11
0.0,0.0,0.16129,0.615385,0.741935,1.192308,1.612903,1.307692,2.225806,1.076923,0.322581,1.0,2.032258,1.288462,1.870968,1.096154,1.354839,1.0,0.612903,0.480769,2.322581,0.865385,1.967742,0.692308,1.516129,0.596154,0.967742,0.019231,2.612903,0.461538,2.258065,0.403846,1.645161,0.307692,1.322581,-0.307692,2.903226,-0.153846,3.741935,-0.134615,4.354839,-0.134615,-1.6774193548387097,0.34615384615384615,0.0,0.0,0.555556,0.6,1.888889,0.973333,3.222222,1.0,4.037037,0.786667,2.222222,1.0,4.407407,1.106667,3.925926,0.986667,3.296296,0.933333,2.592593,0.613333,4.62963,0.8,4.111111,0.706667,3.555556,0.613333,2.925926,0.253333,4.925926,0.493333,4.444444,0.44,3.777778,0.386667,3.222222,-0.026667,5.037037,0.106667,6.074074,0.133333,6.962963,0.146667,J,11
0.0,0.0,0.178571,0.596491,0.928571,1.140351,1.892857,1.280702,2.571429,1.105263,0.607143,1.0,2.535714,1.280702,2.285714,1.087719,1.678571,1.0,0.892857,0.54386,2.75,0.877193,2.357143,0.719298,1.857143,0.614035,1.25,0.122807,3.071429,0.508772,2.642857,0.438596,1.964286,0.350877,1.607143,-0.192982,3.392857,-0.035088,4.357143,-0.017544,5.035714,0.0,-1.5357142857142858,0.24561403508771928,0.0,0.0,0.481481,0.6,1.703704,0.986667,3.0,1.04,3.888889,0.88,2.111111,1.0,4.259259,1.12,3.814815,1.013333,3.185185,0.946667,2.481481,0.626667,4.518519,0.826667,4.037037,0.733333,3.481481,0.64,2.814815,0.28,4.814815,0.52,4.37037,0.48,3.740741,0.413333,3.111111,0.0,4.925926,0.146667,5.962963,0.173333,6.814815,0.186667,J,11
0.0,0.0,0.538462,0.613333,1.807692,0.986667,3.153846,1.0,3.961538,0.773333,2.269231,1.0,4.384615,1.12,3.884615,1.0,3.269231,0.946667,2.653846,0.626667,4.615385,0.813333,4.115385,0.72,3.538462,0.64,3.0,0.266667,4.884615,0.52,4.423077,0.466667,3.769231,0.4,3.269231,-0.013333,5.153846,0.146667,6.192308,0.173333,7.076923,0.2,0,0,0.0,0.0,0.0,0.0,0.0,0.0,0.0,0.0,0.0,0.0,0.0,0.0,0.0,0.0,0.0,0.0,0.0,0.0,0.0,0.0,0.0,0.0,0.0,0.0,0.0,0.0,0.0,0.0,0.0,0.0,0.0,0.0,0.0,0.0,0.0,0.0,0.0,0.0,0.0,0.0,0.0,0.0,J,11
0.0,0.0,0.0,0.596491,0.642857,1.175439,1.428571,1.315789,2.035714,1.175439,0.464286,1.0,2.25,1.298246,1.964286,1.140351,1.392857,1.052632,0.75,0.54386,2.535714,0.912281,2.178571,0.807018,1.642857,0.649123,1.107143,0.140351,2.821429,0.561404,2.5,0.508772,1.857143,0.403509,1.464286,-0.175439,3.035714,0.035088,3.75,0.070175,4.142857,0.070175,-1.7142857142857142,0.22807017543859648,0.0,0.0,0.428571,0.592105,1.607143,0.973684,2.857143,1.026316,3.642857,0.855263,2.035714,1.0,4.035714,1.105263,3.607143,1.0,3.0,0.934211,2.428571,0.631579,4.285714,0.815789,3.821429,0.723684,3.285714,0.644737,2.785714,0.289474,4.571429,0.526316,4.142857,0.473684,3.535714,0.421053,3.035714,0.013158,4.75,0.157895,5.714286,0.197368,6.5,0.210526,J,11
0.0,0.0,0.142857,0.586207,0.857143,1.103448,1.857143,1.241379,2.571429,1.068966,0.714286,1.0,2.535714,1.275862,2.285714,1.103448,1.75,1.017241,1.035714,0.568966,2.821429,0.87931,2.428571,0.741379,1.928571,0.655172,1.392857,0.155172,3.107143,0.517241,2.714286,0.465517,2.071429,0.396552,1.714286,-0.155172,3.428571,0.0,4.321429,0.034483,4.964286,0.051724,-1.3928571428571428,0.2413793103448276,0.0,0.0,0.392857,0.605263,1.535714,0.986842,2.714286,1.052632,3.464286,0.894737,2.071429,1.0,4.0,1.118421,3.571429,1.013158,2.964286,0.947368,2.5,0.631579,4.25,0.828947,3.75,0.736842,3.25,0.657895,2.821429,0.289474,4.5,0.539474,4.071429,0.5,3.5,0.434211,3.071429,0.013158,4.75,0.157895,5.714286,0.197368,6.535714,0.223684,J,11
0.0,0.0,0.56701,0.0,1.247423,0.327731,1.56701,0.697479,1.42268,1.0,0.907216,1.0,1.134021,1.411765,1.041237,1.151261,0.917526,0.882353,0.587629,1.058824,0.783505,1.344538,0.659794,0.89916,0.536082,0.579832,0.247423,1.084034,0.443299,1.285714,0.340206,0.823529,0.226804,0.495798,-0.092784,1.10084,0.103093,1.579832,0.278351,1.857143,0.453608,2.109244,0,0,0.0,0.0,0.0,0.0,0.0,0.0,0.0,0.0,0.0,0.0,0.0,0.0,0.0,0.0,0.0,0.0,0.0,0.0,0.0,0.0,0.0,0.0,0.0,0.0,0.0,0.0,0.0,0.0,0.0,0.0,0.0,0.0,0.0,0.0,0.0,0.0,0.0,0.0,0.0,0.0,0.0,0.0,J,12
0.0,0.0,0.649485,0.09375,1.309278,0.367188,1.628866,0.734375,1.42268,1.0,0.958763,1.0,1.216495,1.382812,1.082474,1.046875,0.938144,0.78125,0.628866,1.0625,0.824742,1.328125,0.690722,0.859375,0.597938,0.570312,0.298969,1.085938,0.515464,1.289062,0.402062,0.84375,0.268041,0.53125,-0.041237,1.085938,0.14433,1.554688,0.319588,1.8125,0.494845,2.054688,0,0,0.0,0.0,0.0,0.0,0.0,0.0,0.0,0.0,0.0,0.0,0.0,0.0,0.0,0.0,0.0,0.0,0.0,0.0,0.0,0.0,0.0,0.0,0.0,0.0,0.0,0.0,0.0,0.0,0.0,0.0,0.0,0.0,0.0,0.0,0.0,0.0,0.0,0.0,0.0,0.0,0.0,0.0,J,12
0.0,0.0,0.715789,0.113636,1.357895,0.393939,1.663158,0.75,1.431579,0.984848,0.957895,1.0,1.221053,1.356061,1.094737,1.030303,0.936842,0.757576,0.631579,1.05303,0.842105,1.295455,0.694737,0.840909,0.589474,0.55303,0.305263,1.060606,0.515789,1.265152,0.4,0.833333,0.263158,0.537879,-0.042105,1.060606,0.147368,1.515152,0.305263,1.765152,0.452632,2.0,0,0,0.0,0.0,0.0,0.0,0.0,0.0,0.0,0.0,0.0,0.0,0.0,0.0,0.0,0.0,0.0,0.0,0.0,0.0,0.0,0.0,0.0,0.0,0.0,0.0,0.0,0.0,0.0,0.0,0.0,0.0,0.0,0.0,0.0,0.0,0.0,0.0,0.0,0.0,0.0,0.0,0.0,0.0,J,12
0.0,0.0,0.71875,0.100775,1.34375,0.387597,1.635417,0.744186,1.416667,1.0,0.947917,1.0,1.21875,1.356589,1.083333,1.007752,0.90625,0.728682,0.625,1.054264,0.84375,1.325581,0.708333,0.868217,0.59375,0.55814,0.291667,1.069767,0.520833,1.286822,0.40625,0.852713,0.28125,0.542636,-0.052083,1.077519,0.145833,1.534884,0.3125,1.790698,0.46875,2.031008,0,0,0.0,0.0,0.0,0.0,0.0,0.0,0.0,0.0,0.0,0.0,0.0,0.0,0.0,0.0,0.0,0.0,0.0,0.0,0.0,0.0,0.0,0.0,0.0,0.0,0.0,0.0,0.0,0.0,0.0,0.0,0.0,0.0,0.0,0.0,0.0,0.0,0.0,0.0,0.0,0.0,0.0,0.0,J,12
0.0,0.0,0.705263,0.115385,1.347368,0.4,1.642105,0.753846,1.431579,1.0,0.957895,1.0,1.231579,1.353846,1.094737,1.007692,0.926316,0.730769,0.631579,1.053846,0.852632,1.346154,0.715789,0.884615,0.621053,0.584615,0.305263,1.069231,0.526316,1.284615,0.410526,0.846154,0.284211,0.538462,-0.042105,1.076923,0.157895,1.538462,0.326316,1.792308,0.473684,2.030769,0,0,0.0,0.0,0.0,0.0,0.0,0.0,0.0,0.0,0.0,0.0,0.0,0.0,0.0,0.0,0.0,0.0,0.0,0.0,0.0,0.0,0.0,0.0,0.0,0.0,0.0,0.0,0.0,0.0,0.0,0.0,0.0,0.0,0.0,0.0,0.0,0.0,0.0,0.0,0.0,0.0,0.0,0.0,J,12
0.0,0.0,0.680412,0.093023,1.309278,0.395349,1.546392,0.767442,1.278351,1.0,0.938144,1.0,1.185567,1.387597,1.072165,1.062016,0.917526,0.782946,0.608247,1.054264,0.814433,1.325581,0.680412,0.868217,0.587629,0.565891,0.28866,1.069767,0.484536,1.27907,0.381443,0.844961,0.268041,0.542636,-0.061856,1.069767,0.134021,1.527132,0.298969,1.782946,0.453608,2.023256,0,0,0.0,0.0,0.0,0.0,0.0,0.0,0.0,0.0,0.0,0.0,0.0,0.0,0.0,0.0,0.0,0.0,0.0,0.0,0.0,0.0,0.0,0.0,0.0,0.0,0.0,0.0,0.0,0.0,0.0,0.0,0.0,0.0,0.0,0.0,0.0,0.0,0.0,0.0,0.0,0.0,0.0,0.0,J,12
0.0,0.0,0.659794,0.1,1.309278,0.392308,1.56701,0.761538,1.268041,0.984615,0.938144,1.0,1.195876,1.361538,1.051546,1.023077,0.886598,0.753846,0.608247,1.053846,0.814433,1.330769,0.659794,0.869231,0.56701,0.561538,0.278351,1.069231,0.484536,1.284615,0.360825,0.838462,0.247423,0.530769,-0.061856,1.076923,0.123711,1.530769,0.278351,1.784615,0.443299,2.030769,0,0,0.0,0.0,0.0,0.0,0.0,0.0,0.0,0.0,0.0,0.0,0.0,0.0,0.0,0.0,0.0,0.0,0.0,0.0,0.0,0.0,0.0,0.0,0.0,0.0,0.0,0.0,0.0,0.0,0.0,0.0,0.0,0.0,0.0,0.0,0.0,0.0,0.0,0.0,0.0,0.0,0.0,0.0,J,12
0.0,0.0,0.59,0.085714,1.19,0.385714,1.4,0.721429,1.12,0.942857,0.8,1.0,1.0,1.292857,0.89,0.957143,0.76,0.671429,0.46,1.021429,0.66,1.207143,0.54,0.764286,0.43,0.457143,0.13,1.014286,0.31,1.171429,0.23,0.757143,0.15,0.464286,-0.2,1.0,-0.07,1.414286,0.04,1.664286,0.16,1.9,0,0,0.0,0.0,0.0,0.0,0.0,0.0,0.0,0.0,0.0,0.0,0.0,0.0,0.0,0.0,0.0,0.0,0.0,0.0,0.0,0.0,0.0,0.0,0.0,0.0,0.0,0.0,0.0,0.0,0.0,0.0,0.0,0.0,0.0,0.0,0.0,0.0,0.0,0.0,0.0,0.0,0.0,0.0,J,12
0.0,0.0,0.543689,0.197279,1.058252,0.517007,1.07767,0.829932,0.776699,0.931973,0.650485,1.0,0.796117,1.278912,0.757282,1.006803,0.708738,0.734694,0.291262,0.993197,0.504854,1.22449,0.466019,0.857143,0.398058,0.544218,-0.029126,0.965986,0.203883,1.088435,0.203883,0.721088,0.15534,0.428571,-0.349515,0.884354,-0.087379,1.020408,-0.038835,0.755102,-0.058252,0.530612,0,0,0.0,0.0,0.0,0.0,0.0,0.0,0.0,0.0,0.0,0.0,0.0,0.0,0.0,0.0,0.0,0.0,0.0,0.0,0.0,0.0,0.0,0.0,0.0,0.0,0.0,0.0,0.0,0.0,0.0,0.0,0.0,0.0,0.0,0.0,0.0,0.0,0.0,0.0,0.0,0.0,0.0,0.0,J,12
0.0,0.0,0.673077,0.203593,1.192308,0.532934,1.288462,0.754491,1.192308,0.856287,0.634615,1.0,0.173077,0.952096,0.134615,0.622754,0.269231,0.42515,0.25,0.988024,-0.076923,0.982036,-0.038462,0.658683,0.115385,0.449102,-0.096154,0.904192,-0.480769,0.832335,-0.288462,0.556886,-0.019231,0.407186,-0.365385,0.778443,-0.730769,0.724551,-0.596154,0.526946,-0.346154,0.431138,0,0,0.0,0.0,0.0,0.0,0.0,0.0,0.0,0.0,0.0,0.0,0.0,0.0,0.0,0.0,0.0,0.0,0.0,0.0,0.0,0.0,0.0,0.0,0.0,0.0,0.0,0.0,0.0,0.0,0.0,0.0,0.0,0.0,0.0,0.0,0.0,0.0,0.0,0.0,0.0,0.0,0.0,0.0,J,12
0.0,0.0,0.403509,0.15528,0.763158,0.409938,0.833333,0.608696,0.570175,0.627329,0.201754,1.0,0.350877,0.78882,0.482456,0.546584,0.587719,0.428571,-0.210526,0.931677,0.0,0.590062,0.201754,0.329193,0.324561,0.217391,-0.552632,0.770186,-0.298246,0.409938,-0.061404,0.192547,0.078947,0.093168,-0.798246,0.559006,-0.561404,0.291925,-0.342105,0.111801,-0.201754,0.037267,0,0,0.0,0.0,0.0,0.0,0.0,0.0,0.0,0.0,0.0,0.0,0.0,0.0,0.0,0.0,0.0,0.0,0.0,0.0,0.0,0.0,0.0,0.0,0.0,0.0,0.0,0.0,0.0,0.0,0.0,0.0,0.0,0.0,0.0,0.0,0.0,0.0,0.0,0.0,0.0,0.0,0.0,0.0,J,12
0.0,0.0,0.539216,0.192593,0.960784,0.42963,1.22549,0.585185,1.392157,0.718519,0.558824,1.0,0.980392,0.748148,1.058824,0.548148,1.019608,0.562963,0.166667,0.866667,0.77451,0.466667,0.843137,0.288889,0.735294,0.348148,-0.156863,0.659259,0.431373,0.259259,0.529412,0.103704,0.470588,0.148148,-0.441176,0.407407,0.068627,0.111111,0.284314,-0.014815,0.372549,-0.007407,0,0,0.0,0.0,0.0,0.0,0.0,0.0,0.0,0.0,0.0,0.0,0.0,0.0,0.0,0.0,0.0,0.0,0.0,0.0,0.0,0.0,0.0,0.0,0.0,0.0,0.0,0.0,0.0,0.0,0.0,0.0,0.0,0.0,0.0,0.0,0.0,0.0,0.0,0.0,0.0,0.0,0.0,0.0,J,12
0.0,0.0,0.351351,0.343023,1.648649,0.651163,3.216216,0.72093,4.297297,0.645349,1.702703,1.0,4.243243,1.023256,4.324324,0.825581,4.0,0.726744,1.945946,0.848837,4.567568,0.80814,4.378378,0.616279,3.918919,0.546512,2.324324,0.639535,4.864865,0.656977,5.189189,0.546512,5.135135,0.5,2.702703,0.424419,4.675676,0.581395,5.918919,0.674419,7.0,0.773256,0,0,0.0,0.0,0.0,0.0,0.0,0.0,0.0,0.0,0.0,0.0,0.0,0.0,0.0,0.0,0.0,0.0,0.0,0.0,0.0,0.0,0.0,0.0,0.0,0.0,0.0,0.0,0.0,0.0,0.0,0.0,0.0,0.0,0.0,0.0,0.0,0.0,0.0,0.0,0.0,0.0,0.0,0.0,J,12
0.0,0.0,0.014706,0.368132,0.441176,0.697802,1.191176,0.82967,1.764706,0.813187,0.558824,1.0,1.911765,1.098901,1.926471,0.901099,1.632353,0.802198,0.852941,0.868132,2.132353,0.901099,2.044118,0.703297,1.75,0.642857,1.205882,0.692308,2.367647,0.747253,2.25,0.598901,1.911765,0.543956,1.558824,0.505495,2.573529,0.714286,3.205882,0.824176,3.705882,0.934066,0,0,0.0,0.0,0.0,0.0,0.0,0.0,0.0,0.0,0.0,0.0,0.0,0.0,0.0,0.0,0.0,0.0,0.0,0.0,0.0,0.0,0.0,0.0,0.0,0.0,0.0,0.0,0.0,0.0,0.0,0.0,0.0,0.0,0.0,0.0,0.0,0.0,0.0,0.0,0.0,0.0,0.0,0.0,J,12
0.0,0.0,-0.091954,0.37766,0.16092,0.723404,0.678161,0.904255,1.091954,0.930851,0.229885,1.0,1.241379,1.106383,1.218391,0.920213,0.965517,0.829787,0.551724,0.882979,1.505747,0.909574,1.413793,0.728723,1.172414,0.670213,0.896552,0.728723,1.735632,0.771277,1.597701,0.62766,1.310345,0.569149,1.229885,0.56383,1.954023,0.781915,2.402299,0.882979,2.747126,0.989362,0,0,0.0,0.0,0.0,0.0,0.0,0.0,0.0,0.0,0.0,0.0,0.0,0.0,0.0,0.0,0.0,0.0,0.0,0.0,0.0,0.0,0.0,0.0,0.0,0.0,0.0,0.0,0.0,0.0,0.0,0.0,0.0,0.0,0.0,0.0,0.0,0.0,0.0,0.0,0.0,0.0,0.0,0.0,J,12
0.0,0.0,-0.11236,0.388298,0.078652,0.718085,0.561798,0.87766,0.966292,0.87234,0.179775,1.0,1.146067,1.117021,1.101124,0.925532,0.842697,0.829787,0.505618,0.888298,1.404494,0.914894,1.314607,0.739362,1.067416,0.680851,0.853933,0.734043,1.629213,0.776596,1.483146,0.632979,1.179775,0.574468,1.179775,0.569149,1.865169,0.803191,2.303371,0.914894,2.629213,1.031915,0,0,0.0,0.0,0.0,0.0,0.0,0.0,0.0,0.0,0.0,0.0,0.0,0.0,0.0,0.0,0.0,0.0,0.0,0.0,0.0,0.0,0.0,0.0,0.0,0.0,0.0,0.0,0.0,0.0,0.0,0.0,0.0,0.0,0.0,0.0,0.0,0.0,0.0,0.0,0.0,0.0,0.0,0.0,J,12
0.0,0.0,-0.146067,0.378378,0.05618,0.724324,0.52809,0.908108,0.94382,0.935135,0.146067,1.0,1.089888,1.124324,1.044944,0.940541,0.797753,0.843243,0.460674,0.886486,1.348315,0.92973,1.247191,0.762162,1.033708,0.697297,0.808989,0.735135,1.573034,0.789189,1.426966,0.654054,1.134831,0.589189,1.146067,0.572973,1.820225,0.810811,2.235955,0.918919,2.573034,1.032432,0,0,0.0,0.0,0.0,0.0,0.0,0.0,0.0,0.0,0.0,0.0,0.0,0.0,0.0,0.0,0.0,0.0,0.0,0.0,0.0,0.0,0.0,0.0,0.0,0.0,0.0,0.0,0.0,0.0,0.0,0.0,0.0,0.0,0.0,0.0,0.0,0.0,0.0,0.0,0.0,0.0,0.0,0.0,J,12
0.0,0.0,-0.093023,0.369565,0.104651,0.706522,0.569767,0.869565,0.94186,0.858696,0.197674,1.0,1.162791,1.11413,1.127907,0.934783,0.872093,0.836957,0.523256,0.875,1.430233,0.918478,1.337209,0.744565,1.116279,0.690217,0.860465,0.711957,1.686047,0.771739,1.534884,0.646739,1.232558,0.581522,1.197674,0.548913,1.895349,0.793478,2.337209,0.913043,2.697674,1.032609,0,0,0.0,0.0,0.0,0.0,0.0,0.0,0.0,0.0,0.0,0.0,0.0,0.0,0.0,0.0,0.0,0.0,0.0,0.0,0.0,0.0,0.0,0.0,0.0,0.0,0.0,0.0,0.0,0.0,0.0,0.0,0.0,0.0,0.0,0.0,0.0,0.0,0.0,0.0,0.0,0.0,0.0,0.0,J,12
0.0,0.0,-0.114943,0.383333,0.103448,0.733333,0.597701,0.922222,0.988506,0.961111,0.16092,1.0,1.126437,1.127778,1.091954,0.944444,0.850575,0.844444,0.482759,0.883333,1.390805,0.927778,1.310345,0.75,1.091954,0.688889,0.827586,0.727778,1.632184,0.788889,1.494253,0.65,1.206897,0.588889,1.16092,0.566667,1.862069,0.811111,2.287356,0.927778,2.632184,1.044444,0,0,0.0,0.0,0.0,0.0,0.0,0.0,0.0,0.0,0.0,0.0,0.0,0.0,0.0,0.0,0.0,0.0,0.0,0.0,0.0,0.0,0.0,0.0,0.0,0.0,0.0,0.0,0.0,0.0,0.0,0.0,0.0,0.0,0.0,0.0,0.0,0.0,0.0,0.0,0.0,0.0,0.0,0.0,J,12
0.0,0.0,-0.104651,0.375691,0.104651,0.718232,0.616279,0.900552,1.011628,0.911602,0.151163,1.0,1.127907,1.121547,1.093023,0.933702,0.848837,0.839779,0.465116,0.883978,1.383721,0.922652,1.302326,0.745856,1.081395,0.690608,0.813953,0.729282,1.616279,0.78453,1.476744,0.646409,1.186047,0.585635,1.151163,0.563536,1.860465,0.812155,2.290698,0.928177,2.639535,1.044199,0,0,0.0,0.0,0.0,0.0,0.0,0.0,0.0,0.0,0.0,0.0,0.0,0.0,0.0,0.0,0.0,0.0,0.0,0.0,0.0,0.0,0.0,0.0,0.0,0.0,0.0,0.0,0.0,0.0,0.0,0.0,0.0,0.0,0.0,0.0,0.0,0.0,0.0,0.0,0.0,0.0,0.0,0.0,J,12
0.0,0.0,-0.090909,0.377778,0.136364,0.727778,0.647727,0.905556,1.034091,0.922222,0.159091,1.0,1.102273,1.127778,1.079545,0.944444,0.840909,0.844444,0.488636,0.883333,1.375,0.922222,1.295455,0.744444,1.079545,0.688889,0.829545,0.722222,1.613636,0.783333,1.477273,0.644444,1.193182,0.583333,1.159091,0.555556,1.829545,0.805556,2.25,0.927778,2.590909,1.044444,0,0,0.0,0.0,0.0,0.0,0.0,0.0,0.0,0.0,0.0,0.0,0.0,0.0,0.0,0.0,0.0,0.0,0.0,0.0,0.0,0.0,0.0,0.0,0.0,0.0,0.0,0.0,0.0,0.0,0.0,0.0,0.0,0.0,0.0,0.0,0.0,0.0,0.0,0.0,0.0,0.0,0.0,0.0,J,12
0.0,0.0,-0.113636,0.371585,0.079545,0.710383,0.568182,0.874317,0.954545,0.885246,0.159091,1.0,1.125,1.114754,1.102273,0.928962,0.852273,0.825137,0.488636,0.885246,1.386364,0.918033,1.306818,0.737705,1.090909,0.677596,0.829545,0.73224,1.613636,0.781421,1.488636,0.639344,1.215909,0.568306,1.159091,0.562842,1.852273,0.803279,2.272727,0.918033,2.613636,1.032787,0,0,0.0,0.0,0.0,0.0,0.0,0.0,0.0,0.0,0.0,0.0,0.0,0.0,0.0,0.0,0.0,0.0,0.0,0.0,0.0,0.0,0.0,0.0,0.0,0.0,0.0,0.0,0.0,0.0,0.0,0.0,0.0,0.0,0.0,0.0,0.0,0.0,0.0,0.0,0.0,0.0,0.0,0.0,J,12
0.0,0.0,-0.093023,0.377049,0.151163,0.721311,0.662791,0.907104,1.069767,0.939891,0.197674,1.0,1.174419,1.10929,1.139535,0.934426,0.883721,0.836066,0.523256,0.879781,1.44186,0.912568,1.348837,0.743169,1.127907,0.68306,0.860465,0.726776,1.674419,0.775956,1.534884,0.639344,1.255814,0.579235,1.197674,0.562842,1.906977,0.803279,2.337209,0.918033,2.686047,1.032787,0,0,0.0,0.0,0.0,0.0,0.0,0.0,0.0,0.0,0.0,0.0,0.0,0.0,0.0,0.0,0.0,0.0,0.0,0.0,0.0,0.0,0.0,0.0,0.0,0.0,0.0,0.0,0.0,0.0,0.0,0.0,0.0,0.0,0.0,0.0,0.0,0.0,0.0,0.0,0.0,0.0,0.0,0.0,J,12
0.0,0.0,-0.104651,0.379121,0.151163,0.71978,0.697674,0.89011,1.104651,0.906593,0.174419,1.0,1.151163,1.10989,1.116279,0.923077,0.860465,0.824176,0.488372,0.89011,1.406977,0.912088,1.325581,0.725275,1.104651,0.664835,0.837209,0.736264,1.662791,0.774725,1.523256,0.631868,1.232558,0.565934,1.174419,0.571429,1.883721,0.807692,2.325581,0.923077,2.662791,1.038462,0,0,0.0,0.0,0.0,0.0,0.0,0.0,0.0,0.0,0.0,0.0,0.0,0.0,0.0,0.0,0.0,0.0,0.0,0.0,0.0,0.0,0.0,0.0,0.0,0.0,0.0,0.0,0.0,0.0,0.0,0.0,0.0,0.0,0.0,0.0,0.0,0.0,0.0,0.0,0.0,0.0,0.0,0.0,J,12
0.0,0.0,-0.094118,0.377778,0.152941,0.722222,0.682353,0.894444,1.094118,0.905556,0.188235,1.0,1.176471,1.116667,1.141176,0.933333,0.894118,0.838889,0.505882,0.883333,1.423529,0.916667,1.352941,0.744444,1.141176,0.688889,0.858824,0.722222,1.670588,0.783333,1.529412,0.644444,1.247059,0.583333,1.188235,0.555556,1.905882,0.805556,2.341176,0.916667,2.682353,1.033333,0,0,0.0,0.0,0.0,0.0,0.0,0.0,0.0,0.0,0.0,0.0,0.0,0.0,0.0,0.0,0.0,0.0,0.0,0.0,0.0,0.0,0.0,0.0,0.0,0.0,0.0,0.0,0.0,0.0,0.0,0.0,0.0,0.0,0.0,0.0,0.0,0.0,0.0,0.0,0.0,0.0,0.0,0.0,J,12
0.0,0.0,-0.093023,0.383333,0.197674,0.738889,0.732558,0.938889,1.139535,0.983333,0.186047,1.0,1.151163,1.1,1.116279,0.916667,0.872093,0.822222,0.511628,0.877778,1.406977,0.9,1.313953,0.733333,1.093023,0.672222,0.860465,0.716667,1.639535,0.766667,1.511628,0.633333,1.232558,0.572222,1.186047,0.555556,1.883721,0.8,2.313953,0.916667,2.651163,1.033333,0,0,0.0,0.0,0.0,0.0,0.0,0.0,0.0,0.0,0.0,0.0,0.0,0.0,0.0,0.0,0.0,0.0,0.0,0.0,0.0,0.0,0.0,0.0,0.0,0.0,0.0,0.0,0.0,0.0,0.0,0.0,0.0,0.0,0.0,0.0,0.0,0.0,0.0,0.0,0.0,0.0,0.0,0.0,J,12
0.0,0.0,-0.082353,0.373626,0.176471,0.71978,0.729412,0.912088,1.141176,0.950549,0.235294,1.0,1.235294,1.104396,1.2,0.917582,0.929412,0.818681,0.552941,0.884615,1.482353,0.906593,1.4,0.730769,1.164706,0.67033,0.905882,0.725275,1.729412,0.774725,1.6,0.631868,1.294118,0.571429,1.235294,0.554945,1.952941,0.802198,2.388235,0.917582,2.741176,1.032967,0,0,0.0,0.0,0.0,0.0,0.0,0.0,0.0,0.0,0.0,0.0,0.0,0.0,0.0,0.0,0.0,0.0,0.0,0.0,0.0,0.0,0.0,0.0,0.0,0.0,0.0,0.0,0.0,0.0,0.0,0.0,0.0,0.0,0.0,0.0,0.0,0.0,0.0,0.0,0.0,0.0,0.0,0.0,J,12
0.0,0.0,-0.098765,0.381215,0.17284,0.729282,0.753086,0.911602,1.17284,0.944751,0.222222,1.0,1.259259,1.099448,1.209877,0.917127,0.938272,0.823204,0.530864,0.883978,1.506173,0.906077,1.419753,0.740331,1.185185,0.679558,0.876543,0.723757,1.753086,0.773481,1.604938,0.640884,1.308642,0.58011,1.222222,0.563536,1.987654,0.79558,2.45679,0.911602,2.82716,1.027624,0,0,0.0,0.0,0.0,0.0,0.0,0.0,0.0,0.0,0.0,0.0,0.0,0.0,0.0,0.0,0.0,0.0,0.0,0.0,0.0,0.0,0.0,0.0,0.0,0.0,0.0,0.0,0.0,0.0,0.0,0.0,0.0,0.0,0.0,0.0,0.0,0.0,0.0,0.0,0.0,0.0,0.0,0.0,J,12
0.0,0.0,-0.071429,0.385475,0.214286,0.731844,0.785714,0.921788,1.190476,0.96648,0.214286,1.0,1.214286,1.100559,1.178571,0.916201,0.916667,0.815642,0.52381,0.888268,1.464286,0.905028,1.369048,0.726257,1.142857,0.659218,0.880952,0.731844,1.702381,0.77095,1.559524,0.625698,1.261905,0.564246,1.214286,0.564246,1.940476,0.798883,2.380952,0.910615,2.738095,1.027933,0,0,0.0,0.0,0.0,0.0,0.0,0.0,0.0,0.0,0.0,0.0,0.0,0.0,0.0,0.0,0.0,0.0,0.0,0.0,0.0,0.0,0.0,0.0,0.0,0.0,0.0,0.0,0.0,0.0,0.0,0.0,0.0,0.0,0.0,0.0,0.0,0.0,0.0,0.0,0.0,0.0,0.0,0.0,J,12
0.0,0.0,-0.035714,0.379121,0.22619,0.708791,0.785714,0.873626,1.202381,0.879121,0.297619,1.0,1.309524,1.098901,1.27381,0.906593,1.0,0.802198,0.619048,0.895604,1.559524,0.901099,1.47619,0.714286,1.22619,0.653846,0.964286,0.736264,1.809524,0.769231,1.666667,0.620879,1.357143,0.554945,1.297619,0.571429,2.02381,0.802198,2.47619,0.917582,2.833333,1.027473,0,0,0.0,0.0,0.0,0.0,0.0,0.0,0.0,0.0,0.0,0.0,0.0,0.0,0.0,0.0,0.0,0.0,0.0,0.0,0.0,0.0,0.0,0.0,0.0,0.0,0.0,0.0,0.0,0.0,0.0,0.0,0.0,0.0,0.0,0.0,0.0,0.0,0.0,0.0,0.0,0.0,0.0,0.0,J,12
0.0,0.0,0.518182,0.1,1.027273,0.5,1.236364,0.871429,1.254545,1.228571,0.818182,1.0,0.954545,1.207143,0.845455,0.871429,0.736364,0.607143,0.490909,1.042857,0.663636,1.271429,0.545455,0.8,0.445455,0.485714,0.154545,1.042857,0.327273,1.192857,0.254545,0.742857,0.181818,0.428571,-0.181818,1.021429,-0.109091,1.471429,-0.054545,1.75,0.009091,2.0,0,0,0.0,0.0,0.0,0.0,0.0,0.0,0.0,0.0,0.0,0.0,0.0,0.0,0.0,0.0,0.0,0.0,0.0,0.0,0.0,0.0,0.0,0.0,0.0,0.0,0.0,0.0,0.0,0.0,0.0,0.0,0.0,0.0,0.0,0.0,0.0,0.0,0.0,0.0,0.0,0.0,0.0,0.0,J,13
0.0,0.0,0.533981,0.116438,1.067961,0.541096,1.339806,0.910959,1.359223,1.273973,0.84466,1.0,1.038835,1.226027,0.92233,0.890411,0.805825,0.623288,0.533981,1.041096,0.728155,1.273973,0.601942,0.849315,0.504854,0.534247,0.194175,1.054795,0.378641,1.212329,0.291262,0.794521,0.203883,0.486301,-0.15534,1.047945,-0.048544,1.493151,0.009709,1.787671,0.07767,2.054795,0,0,0.0,0.0,0.0,0.0,0.0,0.0,0.0,0.0,0.0,0.0,0.0,0.0,0.0,0.0,0.0,0.0,0.0,0.0,0.0,0.0,0.0,0.0,0.0,0.0,0.0,0.0,0.0,0.0,0.0,0.0,0.0,0.0,0.0,0.0,0.0,0.0,0.0,0.0,0.0,0.0,0.0,0.0,J,13
0.0,0.0,0.518868,0.128378,1.028302,0.527027,1.301887,0.885135,1.330189,1.22973,0.867925,1.0,1.066038,1.25,0.943396,0.898649,0.820755,0.621622,0.556604,1.047297,0.726415,1.290541,0.613208,0.864865,0.528302,0.560811,0.207547,1.047297,0.367925,1.216216,0.292453,0.790541,0.216981,0.486486,-0.132075,1.040541,-0.04717,1.472973,0.009434,1.763514,0.075472,2.033784,0,0,0.0,0.0,0.0,0.0,0.0,0.0,0.0,0.0,0.0,0.0,0.0,0.0,0.0,0.0,0.0,0.0,0.0,0.0,0.0,0.0,0.0,0.0,0.0,0.0,0.0,0.0,0.0,0.0,0.0,0.0,0.0,0.0,0.0,0.0,0.0,0.0,0.0,0.0,0.0,0.0,0.0,0.0,J,13
0.0,0.0,0.523364,0.146497,1.009346,0.535032,1.252336,0.866242,1.271028,1.178344,0.850467,1.0,1.037383,1.22293,0.906542,0.89172,0.785047,0.630573,0.53271,1.019108,0.719626,1.22293,0.598131,0.808917,0.485981,0.522293,0.196262,1.012739,0.35514,1.165605,0.280374,0.757962,0.196262,0.471338,-0.149533,1.0,-0.093458,1.407643,-0.037383,1.66242,0.028037,1.917197,0,0,0.0,0.0,0.0,0.0,0.0,0.0,0.0,0.0,0.0,0.0,0.0,0.0,0.0,0.0,0.0,0.0,0.0,0.0,0.0,0.0,0.0,0.0,0.0,0.0,0.0,0.0,0.0,0.0,0.0,0.0,0.0,0.0,0.0,0.0,0.0,0.0,0.0,0.0,0.0,0.0,0.0,0.0,J,13
0.0,0.0,0.584158,0.165605,1.108911,0.55414,1.376238,0.904459,1.356436,1.229299,0.861386,1.0,1.049505,1.248408,0.940594,0.910828,0.821782,0.649682,0.544554,1.025478,0.732673,1.248408,0.623762,0.834395,0.514851,0.547771,0.207921,1.019108,0.376238,1.210191,0.306931,0.802548,0.227723,0.509554,-0.138614,1.012739,-0.09901,1.420382,-0.059406,1.681529,-0.019802,1.936306,0,0,0.0,0.0,0.0,0.0,0.0,0.0,0.0,0.0,0.0,0.0,0.0,0.0,0.0,0.0,0.0,0.0,0.0,0.0,0.0,0.0,0.0,0.0,0.0,0.0,0.0,0.0,0.0,0.0,0.0,0.0,0.0,0.0,0.0,0.0,0.0,0.0,0.0,0.0,0.0,0.0,0.0,0.0,J,13
0.0,0.0,0.504587,0.159236,0.990826,0.541401,1.247706,0.878981,1.238532,1.203822,0.844037,1.0,1.027523,1.248408,0.908257,0.929936,0.788991,0.675159,0.53211,1.031847,0.697248,1.261146,0.587156,0.859873,0.495413,0.56051,0.192661,1.025478,0.33945,1.197452,0.275229,0.789809,0.201835,0.496815,-0.155963,1.012739,-0.100917,1.420382,-0.06422,1.681529,-0.027523,1.936306,0,0,0.0,0.0,0.0,0.0,0.0,0.0,0.0,0.0,0.0,0.0,0.0,0.0,0.0,0.0,0.0,0.0,0.0,0.0,0.0,0.0,0.0,0.0,0.0,0.0,0.0,0.0,0.0,0.0,0.0,0.0,0.0,0.0,0.0,0.0,0.0,0.0,0.0,0.0,0.0,0.0,0.0,0.0,J,13
0.0,0.0,0.518182,0.15528,0.990909,0.534161,1.236364,0.875776,1.218182,1.186335,0.845455,1.0,1.009091,1.236025,0.890909,0.913043,0.781818,0.664596,0.527273,1.018634,0.681818,1.254658,0.581818,0.84472,0.490909,0.559006,0.181818,1.006211,0.309091,1.180124,0.263636,0.782609,0.2,0.503106,-0.154545,0.987578,-0.118182,1.385093,-0.090909,1.63354,-0.063636,1.888199,0,0,0.0,0.0,0.0,0.0,0.0,0.0,0.0,0.0,0.0,0.0,0.0,0.0,0.0,0.0,0.0,0.0,0.0,0.0,0.0,0.0,0.0,0.0,0.0,0.0,0.0,0.0,0.0,0.0,0.0,0.0,0.0,0.0,0.0,0.0,0.0,0.0,0.0,0.0,0.0,0.0,0.0,0.0,J,13
0.0,0.0,0.536364,0.169591,0.963636,0.549708,1.163636,0.871345,1.154545,1.163743,0.736364,1.0,0.863636,1.216374,0.790909,0.883041,0.709091,0.631579,0.409091,1.0,0.536364,1.169591,0.490909,0.77193,0.409091,0.508772,0.063636,0.959064,0.172727,1.105263,0.172727,0.725146,0.118182,0.461988,-0.263636,0.900585,-0.3,1.280702,-0.3,1.526316,-0.3,1.766082,0,0,0.0,0.0,0.0,0.0,0.0,0.0,0.0,0.0,0.0,0.0,0.0,0.0,0.0,0.0,0.0,0.0,0.0,0.0,0.0,0.0,0.0,0.0,0.0,0.0,0.0,0.0,0.0,0.0,0.0,0.0,0.0,0.0,0.0,0.0,0.0,0.0,0.0,0.0,0.0,0.0,0.0,0.0,J,13
0.0,0.0,0.509259,0.19883,0.851852,0.614035,0.824074,0.982456,0.722222,1.204678,0.555556,1.0,0.601852,1.233918,0.666667,0.988304,0.675926,0.777778,0.203704,0.994152,0.259259,1.157895,0.296296,0.795322,0.259259,0.567251,-0.12963,0.953216,-0.111111,1.105263,-0.027778,0.77193,-0.037037,0.549708,-0.444444,0.888889,-0.555556,1.269006,-0.601852,1.479532,-0.666667,1.690058,0,0,0.0,0.0,0.0,0.0,0.0,0.0,0.0,0.0,0.0,0.0,0.0,0.0,0.0,0.0,0.0,0.0,0.0,0.0,0.0,0.0,0.0,0.0,0.0,0.0,0.0,0.0,0.0,0.0,0.0,0.0,0.0,0.0,0.0,0.0,0.0,0.0,0.0,0.0,0.0,0.0,0.0,0.0,J,13
0.0,0.0,0.466667,0.208791,0.67619,0.56044,0.638095,0.868132,0.47619,1.087912,0.295238,1.0,0.247619,1.087912,0.314286,0.791209,0.361905,0.56044,-0.066667,0.956044,-0.095238,0.983516,0.019048,0.631868,0.07619,0.406593,-0.409524,0.851648,-0.428571,0.873626,-0.266667,0.565934,-0.161905,0.351648,-0.704762,0.71978,-0.914286,1.021978,-1.066667,1.214286,-1.2,1.384615,0,0,0.0,0.0,0.0,0.0,0.0,0.0,0.0,0.0,0.0,0.0,0.0,0.0,0.0,0.0,0.0,0.0,0.0,0.0,0.0,0.0,0.0,0.0,0.0,0.0,0.0,0.0,0.0,0.0,0.0,0.0,0.0,0.0,0.0,0.0,0.0,0.0,0.0,0.0,0.0,0.0,0.0,0.0,J,13
0.0,0.0,0.490385,0.190476,0.721154,0.571429,0.605769,0.875,0.403846,1.035714,0.211538,1.0,0.125,1.035714,0.288462,0.77381,0.394231,0.613095,-0.173077,0.958333,-0.25,0.916667,-0.028846,0.630952,0.076923,0.47619,-0.5,0.857143,-0.586538,0.839286,-0.346154,0.60119,-0.221154,0.452381,-0.788462,0.72619,-1.144231,0.916667,-1.365385,1.0,-1.567308,1.095238,0,0,0.0,0.0,0.0,0.0,0.0,0.0,0.0,0.0,0.0,0.0,0.0,0.0,0.0,0.0,0.0,0.0,0.0,0.0,0.0,0.0,0.0,0.0,0.0,0.0,0.0,0.0,0.0,0.0,0.0,0.0,0.0,0.0,0.0,0.0,0.0,0.0,0.0,0.0,0.0,0.0,0.0,0.0,J,13
0.0,0.0,0.4,0.092199,0.5,0.368794,0.375,0.602837,0.175,0.780142,-1.2,1.0,-2.275,1.099291,-3.325,1.198582,-4.275,1.304965,-1.075,1.163121,-1.425,0.93617,-0.725,0.58156,-0.175,0.375887,-0.725,1.184397,-0.95,0.950355,-0.4,0.624113,0.075,0.432624,-0.2,1.12766,-0.25,0.985816,0.025,0.680851,0.325,0.496454,0,0,0.0,0.0,0.0,0.0,0.0,0.0,0.0,0.0,0.0,0.0,0.0,0.0,0.0,0.0,0.0,0.0,0.0,0.0,0.0,0.0,0.0,0.0,0.0,0.0,0.0,0.0,0.0,0.0,0.0,0.0,0.0,0.0,0.0,0.0,0.0,0.0,0.0,0.0,0.0,0.0,0.0,0.0,J,13
0.0,0.0,0.428571,0.116438,0.773109,0.349315,0.739496,0.506849,0.655462,0.60274,0.428571,1.0,0.319328,0.883562,0.285714,0.678082,0.268908,0.568493,0.02521,1.054795,-0.10084,0.678082,0.02521,0.390411,0.142857,0.287671,-0.302521,0.958904,-0.403361,0.623288,-0.243697,0.39726,-0.109244,0.308219,-0.571429,0.828767,-0.915966,0.787671,-1.067227,0.808219,-1.176471,0.883562,0,0,0.0,0.0,0.0,0.0,0.0,0.0,0.0,0.0,0.0,0.0,0.0,0.0,0.0,0.0,0.0,0.0,0.0,0.0,0.0,0.0,0.0,0.0,0.0,0.0,0.0,0.0,0.0,0.0,0.0,0.0,0.0,0.0,0.0,0.0,0.0,0.0,0.0,0.0,0.0,0.0,0.0,0.0,J,13
0.0,0.0,0.401274,0.062857,0.643312,0.245714,0.598726,0.462857,0.363057,0.577143,0.44586,1.0,0.343949,0.725714,0.33758,0.445714,0.363057,0.245714,0.070064,1.04,-0.044586,0.617143,0.057325,0.314286,0.152866,0.171429,-0.273885,0.902857,-0.375796,0.554286,-0.248408,0.302857,-0.146497,0.171429,-0.55414,0.685714,-0.847134,0.811429,-1.050955,0.96,-1.229299,1.108571,0,0,0.0,0.0,0.0,0.0,0.0,0.0,0.0,0.0,0.0,0.0,0.0,0.0,0.0,0.0,0.0,0.0,0.0,0.0,0.0,0.0,0.0,0.0,0.0,0.0,0.0,0.0,0.0,0.0,0.0,0.0,0.0,0.0,0.0,0.0,0.0,0.0,0.0,0.0,0.0,0.0,0.0,0.0,J,13
0.0,0.0,0.269504,-0.111111,0.51773,-0.1,0.560284,0.033333,0.510638,0.2,0.51773,1.0,0.425532,0.5,0.425532,0.133333,0.489362,0.111111,0.163121,1.166667,0.028369,0.588889,0.049645,0.088889,0.141844,0.088889,-0.177305,1.066667,-0.340426,0.455556,-0.297872,0.088889,-0.205674,0.166667,-0.48227,0.844444,-0.751773,0.322222,-0.865248,0.011111,-0.907801,0.022222,-0.014184397163120567,0.4666666666666667,0.0,0.0,0.477273,0.089655,0.772727,0.296552,0.765152,0.441379,0.590909,0.482759,0.363636,1.0,0.287879,0.613793,0.348485,0.310345,0.409091,0.172414,-0.015152,1.027586,-0.068182,0.551724,0.068182,0.255172,0.189394,0.137931,-0.363636,0.882759,-0.439394,0.558621,-0.280303,0.289655,-0.166667,0.186207,-0.636364,0.662069,-0.893939,0.531034,-1.007576,0.413793,-1.136364,0.393103,J,13
0.0,0.0,0.470149,0.07483,0.858209,0.238095,1.067164,0.346939,1.11194,0.326531,0.552239,1.0,0.761194,0.585034,0.783582,0.380952,0.761194,0.428571,0.149254,0.952381,0.402985,0.442177,0.447761,0.265306,0.410448,0.346939,-0.186567,0.761905,0.044776,0.292517,0.156716,0.156463,0.149254,0.244898,-0.447761,0.52381,-0.253731,0.190476,-0.141791,0.061224,-0.141791,0.095238,0,0,0.0,0.0,0.0,0.0,0.0,0.0,0.0,0.0,0.0,0.0,0.0,0.0,0.0,0.0,0.0,0.0,0.0,0.0,0.0,0.0,0.0,0.0,0.0,0.0,0.0,0.0,0.0,0.0,0.0,0.0,0.0,0.0,0.0,0.0,0.0,0.0,0.0,0.0,0.0,0.0,0.0,0.0,J,13
0.0,0.0,22.0,0.057971,47.0,0.246377,69.0,0.42029,83.5,0.514493,38.0,1.0,64.0,0.666667,68.5,0.427536,66.0,0.311594,36.5,1.086957,63.0,0.702899,64.0,0.478261,57.5,0.391304,36.5,1.043478,62.5,0.652174,63.0,0.463768,56.5,0.391304,37.0,0.92029,58.5,0.557971,60.5,0.369565,57.0,0.289855,0,0,0.0,0.0,0.0,0.0,0.0,0.0,0.0,0.0,0.0,0.0,0.0,0.0,0.0,0.0,0.0,0.0,0.0,0.0,0.0,0.0,0.0,0.0,0.0,0.0,0.0,0.0,0.0,0.0,0.0,0.0,0.0,0.0,0.0,0.0,0.0,0.0,0.0,0.0,0.0,0.0,0.0,0.0,J,13
0.0,0.0,0.847222,0.127907,1.444444,0.395349,1.861111,0.598837,2.263889,0.738372,0.833333,1.0,1.972222,0.802326,1.833333,0.575581,1.513889,0.534884,0.430556,0.953488,1.694444,0.697674,1.541667,0.476744,1.222222,0.447674,0.097222,0.80814,1.333333,0.569767,1.25,0.366279,0.972222,0.337209,-0.166667,0.616279,0.916667,0.465116,0.930556,0.313953,0.694444,0.267442,0,0,0.0,0.0,0.0,0.0,0.0,0.0,0.0,0.0,0.0,0.0,0.0,0.0,0.0,0.0,0.0,0.0,0.0,0.0,0.0,0.0,0.0,0.0,0.0,0.0,0.0,0.0,0.0,0.0,0.0,0.0,0.0,0.0,0.0,0.0,0.0,0.0,0.0,0.0,0.0,0.0,0.0,0.0,J,13
0.0,0.0,1.47619,0.171271,2.47619,0.447514,3.261905,0.651934,3.952381,0.79558,0.833333,1.0,2.880952,0.972376,3.071429,0.801105,2.880952,0.707182,0.238095,0.944751,2.642857,0.917127,2.785714,0.734807,2.595238,0.651934,-0.047619,0.812155,2.285714,0.790055,2.595238,0.646409,2.547619,0.585635,-0.166667,0.61326,1.690476,0.651934,2.595238,0.629834,3.261905,0.629834,0,0,0.0,0.0,0.0,0.0,0.0,0.0,0.0,0.0,0.0,0.0,0.0,0.0,0.0,0.0,0.0,0.0,0.0,0.0,0.0,0.0,0.0,0.0,0.0,0.0,0.0,0.0,0.0,0.0,0.0,0.0,0.0,0.0,0.0,0.0,0.0,0.0,0.0,0.0,0.0,0.0,0.0,0.0,J,13
0.0,0.0,5.727273,0.213904,9.0,0.518717,12.090909,0.737968,14.545455,0.893048,0.454545,1.0,7.909091,1.053476,11.272727,0.983957,13.909091,0.941176,-1.090909,0.941176,7.545455,0.973262,10.909091,0.919786,14.0,0.909091,-1.363636,0.802139,7.454545,0.839572,11.454545,0.839572,14.727273,0.855615,-0.545455,0.614973,6.272727,0.700535,10.272727,0.748663,13.818182,0.802139,0,0,0.0,0.0,0.0,0.0,0.0,0.0,0.0,0.0,0.0,0.0,0.0,0.0,0.0,0.0,0.0,0.0,0.0,0.0,0.0,0.0,0.0,0.0,0.0,0.0,0.0,0.0,0.0,0.0,0.0,0.0,0.0,0.0,0.0,0.0,0.0,0.0,0.0,0.0,0.0,0.0,0.0,0.0,J,13
0.0,0.0,5.666667,0.292929,7.833333,0.575758,9.583333,0.782828,11.083333,0.919192,-0.416667,1.0,7.583333,1.075758,11.75,1.045455,15.333333,1.015152,-1.333333,0.914141,8.166667,1.020202,12.083333,0.979798,15.416667,0.959596,-0.916667,0.767677,8.083333,0.893939,12.083333,0.893939,15.166667,0.893939,0.583333,0.580808,7.416667,0.722222,11.166667,0.80303,14.166667,0.883838,0,0,0.0,0.0,0.0,0.0,0.0,0.0,0.0,0.0,0.0,0.0,0.0,0.0,0.0,0.0,0.0,0.0,0.0,0.0,0.0,0.0,0.0,0.0,0.0,0.0,0.0,0.0,0.0,0.0,0.0,0.0,0.0,0.0,0.0,0.0,0.0,0.0,0.0,0.0,0.0,0.0,0.0,0.0,J,13
0.0,0.0,0.894737,0.354839,1.578947,0.677419,2.473684,0.897849,3.263158,1.037634,-0.947368,1.0,1.605263,1.193548,3.026316,1.188172,4.105263,1.16129,-1.026316,0.88172,1.894737,1.064516,3.157895,1.048387,4.052632,1.048387,-0.631579,0.725806,2.157895,0.919355,3.289474,0.951613,4.052632,0.989247,0.052632,0.548387,2.157895,0.763441,3.236842,0.876344,4.026316,0.989247,0,0,0.0,0.0,0.0,0.0,0.0,0.0,0.0,0.0,0.0,0.0,0.0,0.0,0.0,0.0,0.0,0.0,0.0,0.0,0.0,0.0,0.0,0.0,0.0,0.0,0.0,0.0,0.0,0.0,0.0,0.0,0.0,0.0,0.0,0.0,0.0,0.0,0.0,0.0,0.0,0.0,0.0,0.0,J,13
0.0,0.0,-0.290323,0.360465,-0.236559,0.75,0.139785,1.05814,0.494624,1.215116,-0.709677,1.0,0.333333,1.343023,0.870968,1.383721,1.225806,1.401163,-0.516129,0.877907,0.666667,1.19186,1.086022,1.162791,1.333333,1.174419,-0.150538,0.72093,0.946237,1.063953,1.333333,1.110465,1.55914,1.162791,0.290323,0.563953,1.053763,0.918605,1.408602,1.075581,1.666667,1.215116,0,0,0.0,0.0,0.0,0.0,0.0,0.0,0.0,0.0,0.0,0.0,0.0,0.0,0.0,0.0,0.0,0.0,0.0,0.0,0.0,0.0,0.0,0.0,0.0,0.0,0.0,0.0,0.0,0.0,0.0,0.0,0.0,0.0,0.0,0.0,0.0,0.0,0.0,0.0,0.0,0.0,0.0,0.0,J,13
0.0,0.0,-0.405405,0.295181,-0.540541,0.710843,-0.342342,1.108434,-0.063063,1.337349,-0.855856,1.0,-0.072072,1.439759,0.297297,1.439759,0.459459,1.427711,-0.630631,0.903614,0.27027,1.325301,0.576577,1.253012,0.684685,1.210843,-0.27027,0.777108,0.540541,1.210843,0.801802,1.174699,0.891892,1.144578,0.144144,0.638554,0.675676,1.066265,0.972973,1.313253,1.198198,1.554217,0,0,0.0,0.0,0.0,0.0,0.0,0.0,0.0,0.0,0.0,0.0,0.0,0.0,0.0,0.0,0.0,0.0,0.0,0.0,0.0,0.0,0.0,0.0,0.0,0.0,0.0,0.0,0.0,0.0,0.0,0.0,0.0,0.0,0.0,0.0,0.0,0.0,0.0,0.0,0.0,0.0,0.0,0.0,J,13
0.0,0.0,-0.391667,0.27381,-0.716667,0.690476,-0.891667,1.071429,-1.066667,1.279762,-0.908333,1.0,-0.258333,1.494048,0.033333,1.440476,0.133333,1.39881,-0.675,0.922619,0.083333,1.386905,0.283333,1.238095,0.291667,1.136905,-0.325,0.827381,0.358333,1.297619,0.516667,1.166667,0.508333,1.065476,0.091667,0.72619,0.483333,1.202381,0.725,1.464286,0.908333,1.720238,0,0,0.0,0.0,0.0,0.0,0.0,0.0,0.0,0.0,0.0,0.0,0.0,0.0,0.0,0.0,0.0,0.0,0.0,0.0,0.0,0.0,0.0,0.0,0.0,0.0,0.0,0.0,0.0,0.0,0.0,0.0,0.0,0.0,0.0,0.0,0.0,0.0,0.0,0.0,0.0,0.0,0.0,0.0,J,13
0.0,0.0,-0.38806,0.319277,-0.58209,0.789157,-0.455224,1.23494,-0.231343,1.46988,-0.932836,1.0,-0.38806,1.566265,-0.141791,1.463855,-0.11194,1.361446,-0.686567,0.915663,-0.074627,1.493976,0.119403,1.331325,0.097015,1.180723,-0.335821,0.831325,0.201493,1.391566,0.335821,1.253012,0.30597,1.114458,0.067164,0.753012,0.343284,1.301205,0.522388,1.60241,0.649254,1.879518,0,0,0.0,0.0,0.0,0.0,0.0,0.0,0.0,0.0,0.0,0.0,0.0,0.0,0.0,0.0,0.0,0.0,0.0,0.0,0.0,0.0,0.0,0.0,0.0,0.0,0.0,0.0,0.0,0.0,0.0,0.0,0.0,0.0,0.0,0.0,0.0,0.0,0.0,0.0,0.0,0.0,0.0,0.0,J,13
0.0,0.0,-0.384058,0.296296,-0.688406,0.802469,-0.826087,1.290123,-0.942029,1.58642,-0.934783,1.0,-0.449275,1.635802,-0.23913,1.481481,-0.23913,1.345679,-0.673913,0.919753,-0.144928,1.561728,0.021739,1.358025,-0.021739,1.197531,-0.326087,0.851852,0.137681,1.475309,0.253623,1.290123,0.202899,1.111111,0.065217,0.790123,0.297101,1.37037,0.456522,1.703704,0.557971,2.012346,0,0,0.0,0.0,0.0,0.0,0.0,0.0,0.0,0.0,0.0,0.0,0.0,0.0,0.0,0.0,0.0,0.0,0.0,0.0,0.0,0.0,0.0,0.0,0.0,0.0,0.0,0.0,0.0,0.0,0.0,0.0,0.0,0.0,0.0,0.0,0.0,0.0,0.0,0.0,0.0,0.0,0.0,0.0,J,13
0.0,0.0,-0.368794,0.340136,-0.595745,0.897959,-0.567376,1.462585,-0.48227,1.816327,-0.950355,1.0,-0.58156,1.727891,-0.361702,1.585034,-0.347518,1.435374,-0.673759,0.918367,-0.241135,1.673469,-0.070922,1.469388,-0.106383,1.272109,-0.312057,0.870748,0.056738,1.591837,0.177305,1.387755,0.120567,1.176871,0.049645,0.857143,0.262411,1.482993,0.411348,1.843537,0.496454,2.163265,0,0,0.0,0.0,0.0,0.0,0.0,0.0,0.0,0.0,0.0,0.0,0.0,0.0,0.0,0.0,0.0,0.0,0.0,0.0,0.0,0.0,0.0,0.0,0.0,0.0,0.0,0.0,0.0,0.0,0.0,0.0,0.0,0.0,0.0,0.0,0.0,0.0,0.0,0.0,0.0,0.0,0.0,0.0,J,13
0.0,0.0,-0.371622,0.333333,-0.655405,0.916667,-0.756757,1.493056,-0.777027,1.847222,-0.885135,1.0,-0.554054,1.784722,-0.358108,1.625,-0.358108,1.444444,-0.587838,0.930556,-0.222973,1.708333,-0.074324,1.5,-0.114865,1.291667,-0.236486,0.888889,0.087838,1.611111,0.175676,1.409722,0.114865,1.1875,0.114865,0.881944,0.283784,1.527778,0.391892,1.888889,0.459459,2.215278,0,0,0.0,0.0,0.0,0.0,0.0,0.0,0.0,0.0,0.0,0.0,0.0,0.0,0.0,0.0,0.0,0.0,0.0,0.0,0.0,0.0,0.0,0.0,0.0,0.0,0.0,0.0,0.0,0.0,0.0,0.0,0.0,0.0,0.0,0.0,0.0,0.0,0.0,0.0,0.0,0.0,0.0,0.0,J,13
0.0,0.0,-0.342105,0.357143,-0.532895,0.992857,-0.5,1.642857,-0.434211,2.0,-0.875,1.0,-0.539474,1.814286,-0.342105,1.635714,-0.342105,1.435714,-0.578947,0.928571,-0.210526,1.735714,-0.059211,1.535714,-0.085526,1.328571,-0.223684,0.892857,0.085526,1.664286,0.197368,1.471429,0.151316,1.257143,0.125,0.892857,0.282895,1.571429,0.401316,1.935714,0.480263,2.264286,0,0,0.0,0.0,0.0,0.0,0.0,0.0,0.0,0.0,0.0,0.0,0.0,0.0,0.0,0.0,0.0,0.0,0.0,0.0,0.0,0.0,0.0,0.0,0.0,0.0,0.0,0.0,0.0,0.0,0.0,0.0,0.0,0.0,0.0,0.0,0.0,0.0,0.0,0.0,0.0,0.0,0.0,0.0,J,13
0.0,0.0,-0.315789,0.359155,-0.5,0.985915,-0.473684,1.619718,-0.427632,1.971831,-0.822368,1.0,-0.480263,1.795775,-0.282895,1.640845,-0.289474,1.464789,-0.526316,0.915493,-0.151316,1.71831,0.0,1.514085,-0.046053,1.309859,-0.171053,0.873239,0.144737,1.640845,0.25,1.450704,0.190789,1.239437,0.177632,0.866197,0.328947,1.535211,0.447368,1.894366,0.519737,2.21831,0,0,0.0,0.0,0.0,0.0,0.0,0.0,0.0,0.0,0.0,0.0,0.0,0.0,0.0,0.0,0.0,0.0,0.0,0.0,0.0,0.0,0.0,0.0,0.0,0.0,0.0,0.0,0.0,0.0,0.0,0.0,0.0,0.0,0.0,0.0,0.0,0.0,0.0,0.0,0.0,0.0,0.0,0.0,J,13
0.0,0.0,-0.342105,0.314286,-0.552632,0.942857,-0.546053,1.592857,-0.539474,1.978571,-0.842105,1.0,-0.467105,1.814286,-0.282895,1.635714,-0.289474,1.464286,-0.546053,0.914286,-0.151316,1.735714,-0.006579,1.521429,-0.032895,1.321429,-0.184211,0.871429,0.131579,1.671429,0.236842,1.478571,0.190789,1.257143,0.157895,0.864286,0.328947,1.55,0.447368,1.928571,0.526316,2.278571,0,0,0.0,0.0,0.0,0.0,0.0,0.0,0.0,0.0,0.0,0.0,0.0,0.0,0.0,0.0,0.0,0.0,0.0,0.0,0.0,0.0,0.0,0.0,0.0,0.0,0.0,0.0,0.0,0.0,0.0,0.0,0.0,0.0,0.0,0.0,0.0,0.0,0.0,0.0,0.0,0.0,0.0,0.0,J,13
0.0,0.0,-0.33557,0.34507,-0.516779,0.971831,-0.47651,1.605634,-0.42953,1.957746,-0.838926,1.0,-0.442953,1.774648,-0.268456,1.591549,-0.295302,1.401408,-0.543624,0.915493,-0.134228,1.704225,0.013423,1.492958,-0.026846,1.302817,-0.187919,0.866197,0.154362,1.633803,0.261745,1.457746,0.214765,1.253521,0.161074,0.852113,0.33557,1.507042,0.463087,1.859155,0.557047,2.183099,0,0,0.0,0.0,0.0,0.0,0.0,0.0,0.0,0.0,0.0,0.0,0.0,0.0,0.0,0.0,0.0,0.0,0.0,0.0,0.0,0.0,0.0,0.0,0.0,0.0,0.0,0.0,0.0,0.0,0.0,0.0,0.0,0.0,0.0,0.0,0.0,0.0,0.0,0.0,0.0,0.0,0.0,0.0,J,13
0.0,0.0,0.795918,0.072464,1.510204,0.550725,1.734694,1.101449,1.510204,1.478261,1.469388,1.0,1.857143,1.333333,1.673469,1.043478,1.44898,0.84058,1.163265,1.15942,1.489796,1.463768,1.285714,1.057971,1.081633,0.782609,0.836735,1.26087,1.163265,1.565217,1.061224,1.115942,0.897959,0.782609,0.469388,1.347826,0.877551,1.768116,1.122449,2.043478,1.326531,2.333333,0,0,0.0,0.0,0.0,0.0,0.0,0.0,0.0,0.0,0.0,0.0,0.0,0.0,0.0,0.0,0.0,0.0,0.0,0.0,0.0,0.0,0.0,0.0,0.0,0.0,0.0,0.0,0.0,0.0,0.0,0.0,0.0,0.0,0.0,0.0,0.0,0.0,0.0,0.0,0.0,0.0,0.0,0.0,J,14
0.0,0.0,0.75,0.015625,1.541667,0.515625,1.833333,1.09375,1.5625,1.515625,1.5,1.0,1.875,1.3125,1.645833,1.0,1.416667,0.78125,1.1875,1.171875,1.520833,1.5,1.291667,1.0625,1.083333,0.765625,0.854167,1.296875,1.208333,1.625,1.083333,1.140625,0.895833,0.78125,0.5,1.421875,0.916667,1.84375,1.145833,2.140625,1.354167,2.4375,0,0,0.0,0.0,0.0,0.0,0.0,0.0,0.0,0.0,0.0,0.0,0.0,0.0,0.0,0.0,0.0,0.0,0.0,0.0,0.0,0.0,0.0,0.0,0.0,0.0,0.0,0.0,0.0,0.0,0.0,0.0,0.0,0.0,0.0,0.0,0.0,0.0,0.0,0.0,0.0,0.0,0.0,0.0,J,14
0.0,0.0,0.76087,0.0,1.543478,0.507937,1.869565,1.079365,1.565217,1.47619,1.5,1.0,1.891304,1.301587,1.673913,1.0,1.456522,0.793651,1.173913,1.174603,1.521739,1.47619,1.282609,1.047619,1.065217,0.746032,0.847826,1.31746,1.217391,1.603175,1.086957,1.126984,0.891304,0.777778,0.5,1.428571,0.934783,1.873016,1.195652,2.142857,1.456522,2.428571,0,0,0.0,0.0,0.0,0.0,0.0,0.0,0.0,0.0,0.0,0.0,0.0,0.0,0.0,0.0,0.0,0.0,0.0,0.0,0.0,0.0,0.0,0.0,0.0,0.0,0.0,0.0,0.0,0.0,0.0,0.0,0.0,0.0,0.0,0.0,0.0,0.0,0.0,0.0,0.0,0.0,0.0,0.0,J,14
0.0,0.0,0.744681,-0.016949,1.531915,0.474576,1.829787,1.084746,1.553191,1.525424,1.468085,1.0,1.851064,1.338983,1.595745,1.033898,1.361702,0.779661,1.148936,1.20339,1.489362,1.525424,1.234043,1.067797,1.0,0.745763,0.829787,1.355932,1.170213,1.677966,1.042553,1.152542,0.851064,0.762712,0.468085,1.491525,0.914894,1.949153,1.170213,2.237288,1.425532,2.525424,0,0,0.0,0.0,0.0,0.0,0.0,0.0,0.0,0.0,0.0,0.0,0.0,0.0,0.0,0.0,0.0,0.0,0.0,0.0,0.0,0.0,0.0,0.0,0.0,0.0,0.0,0.0,0.0,0.0,0.0,0.0,0.0,0.0,0.0,0.0,0.0,0.0,0.0,0.0,0.0,0.0,0.0,0.0,J,14
0.0,0.0,0.777778,-0.034483,1.6,0.482759,1.911111,1.086207,1.622222,1.517241,1.511111,1.0,1.911111,1.327586,1.666667,1.017241,1.422222,0.793103,1.2,1.189655,1.533333,1.534483,1.288889,1.051724,1.022222,0.724138,0.866667,1.362069,1.244444,1.689655,1.111111,1.172414,0.911111,0.775862,0.511111,1.5,0.977778,1.982759,1.266667,2.275862,1.533333,2.568966,0,0,0.0,0.0,0.0,0.0,0.0,0.0,0.0,0.0,0.0,0.0,0.0,0.0,0.0,0.0,0.0,0.0,0.0,0.0,0.0,0.0,0.0,0.0,0.0,0.0,0.0,0.0,0.0,0.0,0.0,0.0,0.0,0.0,0.0,0.0,0.0,0.0,0.0,0.0,0.0,0.0,0.0,0.0,J,14
0.0,0.0,0.733333,-0.051724,1.6,0.482759,1.911111,1.103448,1.622222,1.534483,1.511111,1.0,1.911111,1.344828,1.666667,1.034483,1.422222,0.810345,1.177778,1.206897,1.533333,1.534483,1.266667,1.086207,1.0,0.758621,0.866667,1.362069,1.222222,1.706897,1.088889,1.172414,0.888889,0.775862,0.511111,1.517241,0.977778,1.982759,1.266667,2.275862,1.533333,2.568966,0,0,0.0,0.0,0.0,0.0,0.0,0.0,0.0,0.0,0.0,0.0,0.0,0.0,0.0,0.0,0.0,0.0,0.0,0.0,0.0,0.0,0.0,0.0,0.0,0.0,0.0,0.0,0.0,0.0,0.0,0.0,0.0,0.0,0.0,0.0,0.0,0.0,0.0,0.0,0.0,0.0,0.0,0.0,J,14
0.0,0.0,0.73913,-0.052632,1.586957,0.491228,1.891304,1.122807,1.608696,1.561404,1.521739,1.0,1.913043,1.333333,1.652174,1.035088,1.413043,0.824561,1.195652,1.210526,1.521739,1.54386,1.23913,1.087719,0.978261,0.754386,0.869565,1.385965,1.195652,1.736842,1.086957,1.210526,0.891304,0.807018,0.521739,1.54386,0.978261,2.0,1.26087,2.298246,1.521739,2.614035,0,0,0.0,0.0,0.0,0.0,0.0,0.0,0.0,0.0,0.0,0.0,0.0,0.0,0.0,0.0,0.0,0.0,0.0,0.0,0.0,0.0,0.0,0.0,0.0,0.0,0.0,0.0,0.0,0.0,0.0,0.0,0.0,0.0,0.0,0.0,0.0,0.0,0.0,0.0,0.0,0.0,0.0,0.0,J,14
0.0,0.0,0.73913,-0.034483,1.565217,0.482759,1.891304,1.103448,1.608696,1.534483,1.5,1.0,1.869565,1.327586,1.630435,1.034483,1.369565,0.810345,1.173913,1.206897,1.5,1.534483,1.23913,1.068966,0.956522,0.741379,0.847826,1.37931,1.217391,1.741379,1.086957,1.224138,0.913043,0.810345,0.5,1.534483,0.978261,2.0,1.26087,2.293103,1.521739,2.586207,0,0,0.0,0.0,0.0,0.0,0.0,0.0,0.0,0.0,0.0,0.0,0.0,0.0,0.0,0.0,0.0,0.0,0.0,0.0,0.0,0.0,0.0,0.0,0.0,0.0,0.0,0.0,0.0,0.0,0.0,0.0,0.0,0.0,0.0,0.0,0.0,0.0,0.0,0.0,0.0,0.0,0.0,0.0,J,14
0.0,0.0,0.777778,-0.034483,1.6,0.482759,1.955556,1.103448,1.666667,1.551724,1.533333,1.0,1.911111,1.327586,1.666667,1.034483,1.422222,0.810345,1.2,1.206897,1.533333,1.534483,1.244444,1.086207,0.977778,0.758621,0.888889,1.362069,1.244444,1.724138,1.111111,1.189655,0.911111,0.775862,0.533333,1.534483,1.022222,2.0,1.311111,2.310345,1.6,2.603448,0,0,0.0,0.0,0.0,0.0,0.0,0.0,0.0,0.0,0.0,0.0,0.0,0.0,0.0,0.0,0.0,0.0,0.0,0.0,0.0,0.0,0.0,0.0,0.0,0.0,0.0,0.0,0.0,0.0,0.0,0.0,0.0,0.0,0.0,0.0,0.0,0.0,0.0,0.0,0.0,0.0,0.0,0.0,J,14
0.0,0.0,0.76087,-0.050847,1.586957,0.491525,1.934783,1.084746,1.652174,1.508475,1.521739,1.0,1.913043,1.322034,1.673913,1.016949,1.434783,0.79661,1.195652,1.20339,1.543478,1.525424,1.26087,1.067797,1.0,0.745763,0.869565,1.355932,1.23913,1.694915,1.086957,1.169492,0.891304,0.762712,0.521739,1.525424,1.0,1.983051,1.304348,2.271186,1.586957,2.576271,0,0,0.0,0.0,0.0,0.0,0.0,0.0,0.0,0.0,0.0,0.0,0.0,0.0,0.0,0.0,0.0,0.0,0.0,0.0,0.0,0.0,0.0,0.0,0.0,0.0,0.0,0.0,0.0,0.0,0.0,0.0,0.0,0.0,0.0,0.0,0.0,0.0,0.0,0.0,0.0,0.0,0.0,0.0,J,14
0.0,0.0,0.73913,-0.016949,1.565217,0.508475,1.891304,1.118644,1.630435,1.542373,1.5,1.0,1.891304,1.338983,1.652174,1.050847,1.391304,0.830508,1.173913,1.220339,1.521739,1.542373,1.217391,1.084746,0.934783,0.745763,0.847826,1.389831,1.23913,1.745763,1.086957,1.237288,0.891304,0.830508,0.5,1.542373,0.978261,2.016949,1.26087,2.322034,1.565217,2.610169,0,0,0.0,0.0,0.0,0.0,0.0,0.0,0.0,0.0,0.0,0.0,0.0,0.0,0.0,0.0,0.0,0.0,0.0,0.0,0.0,0.0,0.0,0.0,0.0,0.0,0.0,0.0,0.0,0.0,0.0,0.0,0.0,0.0,0.0,0.0,0.0,0.0,0.0,0.0,0.0,0.0,0.0,0.0,J,14
0.0,0.0,0.76087,-0.050847,1.608696,0.491525,1.956522,1.118644,1.652174,1.542373,1.543478,1.0,1.934783,1.322034,1.695652,1.033898,1.456522,0.813559,1.217391,1.20339,1.543478,1.542373,1.26087,1.067797,0.978261,0.728814,0.891304,1.372881,1.26087,1.728814,1.130435,1.20339,0.934783,0.813559,0.543478,1.542373,1.0,2.016949,1.304348,2.338983,1.586957,2.644068,0,0,0.0,0.0,0.0,0.0,0.0,0.0,0.0,0.0,0.0,0.0,0.0,0.0,0.0,0.0,0.0,0.0,0.0,0.0,0.0,0.0,0.0,0.0,0.0,0.0,0.0,0.0,0.0,0.0,0.0,0.0,0.0,0.0,0.0,0.0,0.0,0.0,0.0,0.0,0.0,0.0,0.0,0.0,J,14
0.0,0.0,0.744681,-0.035088,1.574468,0.491228,1.914894,1.140351,1.638298,1.596491,1.531915,1.0,1.93617,1.315789,1.723404,1.017544,1.510638,0.807018,1.212766,1.245614,1.553191,1.561404,1.255319,1.087719,0.957447,0.719298,0.87234,1.438596,1.276596,1.77193,1.148936,1.245614,0.93617,0.842105,0.531915,1.631579,0.914894,2.157895,1.212766,2.491228,1.510638,2.789474,0,0,0.0,0.0,0.0,0.0,0.0,0.0,0.0,0.0,0.0,0.0,0.0,0.0,0.0,0.0,0.0,0.0,0.0,0.0,0.0,0.0,0.0,0.0,0.0,0.0,0.0,0.0,0.0,0.0,0.0,0.0,0.0,0.0,0.0,0.0,0.0,0.0,0.0,0.0,0.0,0.0,0.0,0.0,J,14
0.0,0.0,0.782609,-0.016949,1.630435,0.491525,2.0,1.101695,1.717391,1.542373,1.565217,1.0,1.956522,1.288136,1.73913,1.016949,1.5,0.79661,1.23913,1.220339,1.608696,1.542373,1.304348,1.067797,1.0,0.728814,0.913043,1.389831,1.326087,1.728814,1.173913,1.20339,0.934783,0.813559,0.565217,1.576271,0.956522,2.101695,1.23913,2.440678,1.521739,2.728814,0,0,0.0,0.0,0.0,0.0,0.0,0.0,0.0,0.0,0.0,0.0,0.0,0.0,0.0,0.0,0.0,0.0,0.0,0.0,0.0,0.0,0.0,0.0,0.0,0.0,0.0,0.0,0.0,0.0,0.0,0.0,0.0,0.0,0.0,0.0,0.0,0.0,0.0,0.0,0.0,0.0,0.0,0.0,J,14
0.0,0.0,0.744681,-0.016129,1.574468,0.483871,1.93617,1.080645,1.659574,1.5,1.510638,1.0,1.914894,1.290323,1.702128,1.0,1.446809,0.774194,1.191489,1.193548,1.553191,1.5,1.297872,1.064516,1.021277,0.741935,0.87234,1.354839,1.276596,1.66129,1.106383,1.145161,0.893617,0.774194,0.510638,1.516129,0.893617,2.032258,1.170213,2.33871,1.446809,2.629032,0,0,0.0,0.0,0.0,0.0,0.0,0.0,0.0,0.0,0.0,0.0,0.0,0.0,0.0,0.0,0.0,0.0,0.0,0.0,0.0,0.0,0.0,0.0,0.0,0.0,0.0,0.0,0.0,0.0,0.0,0.0,0.0,0.0,0.0,0.0,0.0,0.0,0.0,0.0,0.0,0.0,0.0,0.0,J,14
0.0,0.0,0.782609,-0.016129,1.630435,0.5,2.0,1.080645,1.717391,1.5,1.543478,1.0,1.956522,1.306452,1.717391,1.016129,1.478261,0.790323,1.23913,1.193548,1.608696,1.516129,1.326087,1.080645,1.043478,0.741935,0.913043,1.354839,1.326087,1.677419,1.173913,1.177419,0.956522,0.790323,0.543478,1.516129,0.934783,2.032258,1.195652,2.354839,1.478261,2.645161,0,0,0.0,0.0,0.0,0.0,0.0,0.0,0.0,0.0,0.0,0.0,0.0,0.0,0.0,0.0,0.0,0.0,0.0,0.0,0.0,0.0,0.0,0.0,0.0,0.0,0.0,0.0,0.0,0.0,0.0,0.0,0.0,0.0,0.0,0.0,0.0,0.0,0.0,0.0,0.0,0.0,0.0,0.0,J,14
0.0,0.0,0.8,-0.033333,1.688889,0.483333,2.066667,1.1,1.755556,1.533333,1.6,1.0,2.022222,1.316667,1.755556,1.0,1.488889,0.766667,1.288889,1.2,1.666667,1.566667,1.377778,1.1,1.088889,0.766667,0.977778,1.383333,1.355556,1.716667,1.2,1.2,0.955556,0.8,0.6,1.55,1.0,2.066667,1.266667,2.416667,1.533333,2.733333,0,0,0.0,0.0,0.0,0.0,0.0,0.0,0.0,0.0,0.0,0.0,0.0,0.0,0.0,0.0,0.0,0.0,0.0,0.0,0.0,0.0,0.0,0.0,0.0,0.0,0.0,0.0,0.0,0.0,0.0,0.0,0.0,0.0,0.0,0.0,0.0,0.0,0.0,0.0,0.0,0.0,0.0,0.0,J,14
0.0,0.0,0.8,-0.050847,1.688889,0.491525,2.088889,1.118644,1.777778,1.559322,1.644444,1.0,2.066667,1.305085,1.777778,1.016949,1.488889,0.779661,1.311111,1.220339,1.688889,1.576271,1.4,1.118644,1.088889,0.779661,0.977778,1.389831,1.377778,1.745763,1.222222,1.220339,1.0,0.813559,0.644444,1.559322,1.066667,2.084746,1.333333,2.423729,1.577778,2.745763,0,0,0.0,0.0,0.0,0.0,0.0,0.0,0.0,0.0,0.0,0.0,0.0,0.0,0.0,0.0,0.0,0.0,0.0,0.0,0.0,0.0,0.0,0.0,0.0,0.0,0.0,0.0,0.0,0.0,0.0,0.0,0.0,0.0,0.0,0.0,0.0,0.0,0.0,0.0,0.0,0.0,0.0,0.0,J,14
0.0,0.0,0.818182,-0.050847,1.727273,0.491525,2.136364,1.118644,1.818182,1.542373,1.659091,1.0,2.113636,1.305085,1.840909,1.016949,1.568182,0.79661,1.340909,1.220339,1.727273,1.559322,1.431818,1.118644,1.136364,0.79661,1.0,1.40678,1.431818,1.745763,1.25,1.220339,1.0,0.813559,0.659091,1.576271,1.113636,2.084746,1.386364,2.423729,1.636364,2.762712,0,0,0.0,0.0,0.0,0.0,0.0,0.0,0.0,0.0,0.0,0.0,0.0,0.0,0.0,0.0,0.0,0.0,0.0,0.0,0.0,0.0,0.0,0.0,0.0,0.0,0.0,0.0,0.0,0.0,0.0,0.0,0.0,0.0,0.0,0.0,0.0,0.0,0.0,0.0,0.0,0.0,0.0,0.0,J,14
0.0,0.0,0.813953,-0.048387,1.744186,0.483871,2.186047,1.064516,1.860465,1.467742,1.674419,1.0,2.116279,1.274194,1.860465,0.967742,1.581395,0.758065,1.348837,1.193548,1.72093,1.516129,1.44186,1.080645,1.162791,0.774194,1.0,1.354839,1.418605,1.677419,1.255814,1.16129,1.023256,0.774194,0.674419,1.5,1.139535,1.983871,1.418605,2.306452,1.651163,2.629032,0,0,0.0,0.0,0.0,0.0,0.0,0.0,0.0,0.0,0.0,0.0,0.0,0.0,0.0,0.0,0.0,0.0,0.0,0.0,0.0,0.0,0.0,0.0,0.0,0.0,0.0,0.0,0.0,0.0,0.0,0.0,0.0,0.0,0.0,0.0,0.0,0.0,0.0,0.0,0.0,0.0,0.0,0.0,J,14
0.0,0.0,0.818182,-0.029851,1.727273,0.477612,2.159091,1.014925,1.863636,1.38806,1.636364,1.0,2.090909,1.238806,1.840909,0.955224,1.590909,0.746269,1.295455,1.164179,1.704545,1.432836,1.431818,1.0,1.159091,0.731343,0.977273,1.283582,1.431818,1.58209,1.272727,1.089552,1.022727,0.716418,0.636364,1.402985,1.136364,1.865672,1.409091,2.164179,1.659091,2.462687,0,0,0.0,0.0,0.0,0.0,0.0,0.0,0.0,0.0,0.0,0.0,0.0,0.0,0.0,0.0,0.0,0.0,0.0,0.0,0.0,0.0,0.0,0.0,0.0,0.0,0.0,0.0,0.0,0.0,0.0,0.0,0.0,0.0,0.0,0.0,0.0,0.0,0.0,0.0,0.0,0.0,0.0,0.0,J,14
0.0,0.0,0.904762,-0.013889,1.833333,0.472222,2.285714,0.958333,1.97619,1.305556,1.642857,1.0,2.166667,1.208333,1.928571,0.902778,1.666667,0.708333,1.285714,1.138889,1.809524,1.361111,1.5,0.930556,1.214286,0.680556,0.952381,1.236111,1.52381,1.472222,1.333333,1.0,1.071429,0.680556,0.642857,1.319444,1.190476,1.75,1.5,2.041667,1.785714,2.319444,0,0,0.0,0.0,0.0,0.0,0.0,0.0,0.0,0.0,0.0,0.0,0.0,0.0,0.0,0.0,0.0,0.0,0.0,0.0,0.0,0.0,0.0,0.0,0.0,0.0,0.0,0.0,0.0,0.0,0.0,0.0,0.0,0.0,0.0,0.0,0.0,0.0,0.0,0.0,0.0,0.0,0.0,0.0,J,14
0.0,0.0,1.0,0.0,1.974359,0.48,2.435897,0.933333,2.179487,1.266667,1.717949,1.0,2.333333,1.186667,2.076923,0.88,1.769231,0.68,1.358974,1.12,1.974359,1.306667,1.666667,0.893333,1.358974,0.653333,1.0,1.213333,1.717949,1.413333,1.487179,0.96,1.153846,0.653333,0.717949,1.28,1.358974,1.693333,1.717949,1.986667,2.025641,2.253333,0,0,0.0,0.0,0.0,0.0,0.0,0.0,0.0,0.0,0.0,0.0,0.0,0.0,0.0,0.0,0.0,0.0,0.0,0.0,0.0,0.0,0.0,0.0,0.0,0.0,0.0,0.0,0.0,0.0,0.0,0.0,0.0,0.0,0.0,0.0,0.0,0.0,0.0,0.0,0.0,0.0,0.0,0.0,J,14
0.0,0.0,0.975,0.013333,1.95,0.506667,2.425,0.986667,2.05,1.28,1.65,1.0,2.275,1.24,2.025,0.92,1.7,0.72,1.325,1.12,1.95,1.36,1.625,0.946667,1.275,0.64,0.975,1.213333,1.625,1.44,1.425,1.026667,1.1,0.72,0.65,1.32,1.325,1.733333,1.7,2.0,2.0,2.253333,0,0,0.0,0.0,0.0,0.0,0.0,0.0,0.0,0.0,0.0,0.0,0.0,0.0,0.0,0.0,0.0,0.0,0.0,0.0,0.0,0.0,0.0,0.0,0.0,0.0,0.0,0.0,0.0,0.0,0.0,0.0,0.0,0.0,0.0,0.0,0.0,0.0,0.0,0.0,0.0,0.0,0.0,0.0,J,14
0.0,0.0,1.571429,0.053763,2.857143,0.462366,3.5,0.806452,3.107143,1.043011,1.928571,1.0,3.178571,1.064516,2.892857,0.752688,2.464286,0.580645,1.428571,1.064516,2.821429,1.096774,2.428571,0.698925,1.964286,0.473118,1.071429,1.075269,2.535714,1.129032,2.357143,0.752688,1.892857,0.505376,0.928571,1.043011,2.0,1.365591,2.535714,1.612903,2.964286,1.827957,0,0,0.0,0.0,0.0,0.0,0.0,0.0,0.0,0.0,0.0,0.0,0.0,0.0,0.0,0.0,0.0,0.0,0.0,0.0,0.0,0.0,0.0,0.0,0.0,0.0,0.0,0.0,0.0,0.0,0.0,0.0,0.0,0.0,0.0,0.0,0.0,0.0,0.0,0.0,0.0,0.0,0.0,0.0,J,14
0.0,0.0,2.705882,0.122642,4.529412,0.443396,5.647059,0.716981,5.294118,0.924528,2.470588,1.0,4.941176,1.028302,4.705882,0.726415,4.0,0.575472,1.764706,1.037736,4.647059,1.018868,4.176471,0.660377,3.529412,0.481132,1.470588,0.990566,4.294118,0.981132,4.0,0.641509,3.294118,0.462264,1.470588,0.90566,3.294118,1.188679,4.117647,1.386792,4.764706,1.575472,0,0,0.0,0.0,0.0,0.0,0.0,0.0,0.0,0.0,0.0,0.0,0.0,0.0,0.0,0.0,0.0,0.0,0.0,0.0,0.0,0.0,0.0,0.0,0.0,0.0,0.0,0.0,0.0,0.0,0.0,0.0,0.0,0.0,0.0,0.0,0.0,0.0,0.0,0.0,0.0,0.0,0.0,0.0,J,14
0.0,0.0,2.9375,0.121495,4.8125,0.439252,6.0,0.682243,5.8125,0.897196,2.375,1.0,5.125,1.028037,5.0,0.719626,4.25,0.570093,1.6875,1.018692,4.9375,0.981308,4.5625,0.626168,3.75,0.448598,1.375,0.953271,4.5625,0.934579,4.25,0.598131,3.375,0.420561,1.375,0.850467,3.3125,1.130841,4.3125,1.345794,5.125,1.542056,0,0,0.0,0.0,0.0,0.0,0.0,0.0,0.0,0.0,0.0,0.0,0.0,0.0,0.0,0.0,0.0,0.0,0.0,0.0,0.0,0.0,0.0,0.0,0.0,0.0,0.0,0.0,0.0,0.0,0.0,0.0,0.0,0.0,0.0,0.0,0.0,0.0,0.0,0.0,0.0,0.0,0.0,0.0,J,14
0.0,0.0,2.5,0.12037,4.055556,0.435185,5.111111,0.685185,5.0,0.888889,1.944444,1.0,4.388889,1.027778,4.277778,0.740741,3.555556,0.592593,1.222222,1.0,4.111111,0.990741,3.944444,0.648148,3.333333,0.462963,0.944444,0.916667,3.833333,0.907407,3.611111,0.574074,2.888889,0.388889,0.944444,0.787037,2.666667,1.055556,3.611111,1.277778,4.444444,1.472222,0,0,0.0,0.0,0.0,0.0,0.0,0.0,0.0,0.0,0.0,0.0,0.0,0.0,0.0,0.0,0.0,0.0,0.0,0.0,0.0,0.0,0.0,0.0,0.0,0.0,0.0,0.0,0.0,0.0,0.0,0.0,0.0,0.0,0.0,0.0,0.0,0.0,0.0,0.0,0.0,0.0,0.0,0.0,J,14
0.0,0.0,2.2,0.110092,3.6,0.431193,4.55,0.678899,4.4,0.889908,1.6,1.0,3.9,1.027523,3.8,0.752294,3.2,0.614679,0.9,0.990826,3.65,0.990826,3.55,0.66055,3.1,0.477064,0.6,0.880734,3.4,0.87156,3.2,0.550459,2.6,0.376147,0.6,0.724771,2.2,0.972477,3.2,1.174312,4.05,1.376147,0,0,0.0,0.0,0.0,0.0,0.0,0.0,0.0,0.0,0.0,0.0,0.0,0.0,0.0,0.0,0.0,0.0,0.0,0.0,0.0,0.0,0.0,0.0,0.0,0.0,0.0,0.0,0.0,0.0,0.0,0.0,0.0,0.0,0.0,0.0,0.0,0.0,0.0,0.0,0.0,0.0,0.0,0.0,J,14
0.0,0.0,2.8125,0.117117,4.4375,0.414414,5.6875,0.648649,5.5,0.864865,1.6875,1.0,4.875,1.009009,4.875,0.72973,4.1875,0.576577,0.875,0.972973,4.625,0.963964,4.5625,0.648649,4.0,0.468468,0.625,0.855856,4.375,0.828829,4.0625,0.522523,3.25,0.351351,0.6875,0.675676,2.875,0.900901,4.0625,1.09009,5.1875,1.279279,0,0,0.0,0.0,0.0,0.0,0.0,0.0,0.0,0.0,0.0,0.0,0.0,0.0,0.0,0.0,0.0,0.0,0.0,0.0,0.0,0.0,0.0,0.0,0.0,0.0,0.0,0.0,0.0,0.0,0.0,0.0,0.0,0.0,0.0,0.0,0.0,0.0,0.0,0.0,0.0,0.0,0.0,0.0,J,14
0.0,0.0,2.411765,0.104348,3.882353,0.391304,4.941176,0.626087,4.941176,0.834783,1.176471,1.0,4.352941,0.991304,4.470588,0.730435,3.882353,0.565217,0.352941,0.956522,4.176471,0.930435,4.117647,0.643478,3.588235,0.46087,0.117647,0.834783,3.882353,0.782609,3.470588,0.504348,2.647059,0.33913,0.176471,0.634783,2.352941,0.843478,3.529412,1.026087,4.705882,1.2,0,0,0.0,0.0,0.0,0.0,0.0,0.0,0.0,0.0,0.0,0.0,0.0,0.0,0.0,0.0,0.0,0.0,0.0,0.0,0.0,0.0,0.0,0.0,0.0,0.0,0.0,0.0,0.0,0.0,0.0,0.0,0.0,0.0,0.0,0.0,0.0,0.0,0.0,0.0,0.0,0.0,0.0,0.0,J,14
0.0,0.0,2.352941,0.097345,4.0,0.380531,5.117647,0.619469,4.823529,0.814159,1.058824,1.0,4.352941,0.973451,4.411765,0.707965,3.764706,0.548673,0.176471,0.946903,4.235294,0.893805,4.058824,0.59292,3.470588,0.415929,-0.058824,0.814159,3.941176,0.752212,3.411765,0.460177,2.529412,0.292035,0.058824,0.610619,2.470588,0.814159,3.647059,0.982301,4.882353,1.168142,0,0,0.0,0.0,0.0,0.0,0.0,0.0,0.0,0.0,0.0,0.0,0.0,0.0,0.0,0.0,0.0,0.0,0.0,0.0,0.0,0.0,0.0,0.0,0.0,0.0,0.0,0.0,0.0,0.0,0.0,0.0,0.0,0.0,0.0,0.0,0.0,0.0,0.0,0.0,0.0,0.0,0.0,0.0,J,14
0.0,0.0,2.055556,0.090909,3.722222,0.372727,4.722222,0.609091,4.444444,0.818182,1.0,1.0,4.055556,0.981818,4.0,0.727273,3.388889,0.590909,0.111111,0.945455,3.944444,0.872727,3.722222,0.581818,3.166667,0.418182,-0.111111,0.809091,3.722222,0.727273,3.166667,0.436364,2.277778,0.290909,0.0,0.6,2.333333,0.781818,3.5,0.945455,4.666667,1.136364,0,0,0.0,0.0,0.0,0.0,0.0,0.0,0.0,0.0,0.0,0.0,0.0,0.0,0.0,0.0,0.0,0.0,0.0,0.0,0.0,0.0,0.0,0.0,0.0,0.0,0.0,0.0,0.0,0.0,0.0,0.0,0.0,0.0,0.0,0.0,0.0,0.0,0.0,0.0,0.0,0.0,0.0,0.0,J,14
0.0,0.0,2.625,0.090909,4.4375,0.363636,5.6875,0.590909,5.5625,0.790909,1.3125,1.0,4.9375,0.963636,4.8125,0.709091,4.0625,0.581818,0.375,0.936364,4.875,0.854545,4.5,0.572727,3.875,0.418182,0.1875,0.790909,4.5625,0.7,3.9375,0.418182,2.9375,0.272727,0.3125,0.563636,3.0,0.727273,4.4375,0.9,5.8125,1.090909,0,0,0.0,0.0,0.0,0.0,0.0,0.0,0.0,0.0,0.0,0.0,0.0,0.0,0.0,0.0,0.0,0.0,0.0,0.0,0.0,0.0,0.0,0.0,0.0,0.0,0.0,0.0,0.0,0.0,0.0,0.0,0.0,0.0,0.0,0.0,0.0,0.0,0.0,0.0,0.0,0.0,0.0,0.0,J,14
0.0,0.0,4.5,0.1,7.2,0.363636,9.3,0.572727,9.8,0.754545,2.2,1.0,8.0,0.972727,7.9,0.709091,6.6,0.581818,1.0,0.927273,8.0,0.872727,7.5,0.581818,6.5,0.427273,0.8,0.781818,7.7,0.718182,6.8,0.445455,5.3,0.3,1.2,0.563636,5.5,0.745455,7.6,0.918182,9.7,1.109091,0,0,0.0,0.0,0.0,0.0,0.0,0.0,0.0,0.0,0.0,0.0,0.0,0.0,0.0,0.0,0.0,0.0,0.0,0.0,0.0,0.0,0.0,0.0,0.0,0.0,0.0,0.0,0.0,0.0,0.0,0.0,0.0,0.0,0.0,0.0,0.0,0.0,0.0,0.0,0.0,0.0,0.0,0.0,J,14
0.0,0.0,3.0,0.132743,4.733333,0.380531,6.133333,0.575221,6.733333,0.79646,1.6,1.0,5.666667,0.929204,5.666667,0.654867,4.866667,0.530973,0.6,0.920354,5.666667,0.814159,5.2,0.539823,4.333333,0.389381,0.4,0.752212,5.333333,0.654867,4.466667,0.389381,3.266667,0.247788,0.6,0.513274,3.6,0.663717,5.266667,0.823009,6.933333,0.982301,0,0,0.0,0.0,0.0,0.0,0.0,0.0,0.0,0.0,0.0,0.0,0.0,0.0,0.0,0.0,0.0,0.0,0.0,0.0,0.0,0.0,0.0,0.0,0.0,0.0,0.0,0.0,0.0,0.0,0.0,0.0,0.0,0.0,0.0,0.0,0.0,0.0,0.0,0.0,0.0,0.0,0.0,0.0,J,14
0.0,0.0,21.5,0.1875,35.0,0.464286,46.0,0.678571,50.0,0.883929,14.5,1.0,48.0,0.9375,47.0,0.633929,39.5,0.526786,9.5,0.892857,48.5,0.767857,44.0,0.491071,37.0,0.366071,10.0,0.714286,48.0,0.589286,41.0,0.339286,31.5,0.214286,13.5,0.482143,38.0,0.607143,49.5,0.723214,60.0,0.866071,0,0,0.0,0.0,0.0,0.0,0.0,0.0,0.0,0.0,0.0,0.0,0.0,0.0,0.0,0.0,0.0,0.0,0.0,0.0,0.0,0.0,0.0,0.0,0.0,0.0,0.0,0.0,0.0,0.0,0.0,0.0,0.0,0.0,0.0,0.0,0.0,0.0,0.0,0.0,0.0,0.0,0.0,0.0,J,14
0.0,0.0,4.333333,0.218182,7.111111,0.545455,9.888889,0.763636,11.111111,0.9,3.555556,1.0,11.111111,0.954545,10.666667,0.645455,8.777778,0.536364,3.111111,0.863636,11.222222,0.772727,10.333333,0.490909,8.666667,0.381818,3.555556,0.654545,11.444444,0.6,10.222222,0.354545,8.111111,0.245455,4.555556,0.427273,9.888889,0.554545,12.444444,0.672727,14.666667,0.818182,0,0,0.0,0.0,0.0,0.0,0.0,0.0,0.0,0.0,0.0,0.0,0.0,0.0,0.0,0.0,0.0,0.0,0.0,0.0,0.0,0.0,0.0,0.0,0.0,0.0,0.0,0.0,0.0,0.0,0.0,0.0,0.0,0.0,0.0,0.0,0.0,0.0,0.0,0.0,0.0,0.0,0.0,0.0,J,14
0.0,0.0,3.166667,0.238532,5.333333,0.550459,7.5,0.761468,8.5,0.889908,2.25,1.0,7.75,0.972477,7.5,0.688073,6.333333,0.59633,2.0,0.834862,7.916667,0.779817,7.416667,0.504587,6.166667,0.412844,2.416667,0.614679,7.916667,0.59633,7.416667,0.366972,6.083333,0.256881,3.25,0.376147,7.166667,0.522936,9.166667,0.642202,10.833333,0.770642,0,0,0.0,0.0,0.0,0.0,0.0,0.0,0.0,0.0,0.0,0.0,0.0,0.0,0.0,0.0,0.0,0.0,0.0,0.0,0.0,0.0,0.0,0.0,0.0,0.0,0.0,0.0,0.0,0.0,0.0,0.0,0.0,0.0,0.0,0.0,0.0,0.0,0.0,0.0,0.0,0.0,0.0,0.0,J,14
0.0,0.0,0.916667,0.330189,2.041667,0.679245,3.416667,0.858491,4.291667,0.933962,1.083333,1.0,3.875,1.018868,3.833333,0.783019,3.208333,0.716981,1.166667,0.801887,4.125,0.811321,3.916667,0.584906,3.208333,0.528302,1.541667,0.556604,4.208333,0.632075,4.041667,0.443396,3.291667,0.367925,2.083333,0.301887,3.958333,0.490566,5.041667,0.603774,5.916667,0.726415,0,0,0.0,0.0,0.0,0.0,0.0,0.0,0.0,0.0,0.0,0.0,0.0,0.0,0.0,0.0,0.0,0.0,0.0,0.0,0.0,0.0,0.0,0.0,0.0,0.0,0.0,0.0,0.0,0.0,0.0,0.0,0.0,0.0,0.0,0.0,0.0,0.0,0.0,0.0,0.0,0.0,0.0,0.0,J,14
0.0,0.0,0.863636,0.336449,2.318182,0.691589,4.227273,0.859813,5.181818,0.859813,1.318182,1.0,4.363636,1.037383,4.318182,0.794393,3.636364,0.728972,1.363636,0.794393,4.590909,0.813084,4.409091,0.598131,3.636364,0.542056,1.772727,0.542056,4.727273,0.635514,4.545455,0.457944,3.772727,0.401869,2.318182,0.28972,4.545455,0.457944,5.818182,0.542056,6.818182,0.654206,0,0,0.0,0.0,0.0,0.0,0.0,0.0,0.0,0.0,0.0,0.0,0.0,0.0,0.0,0.0,0.0,0.0,0.0,0.0,0.0,0.0,0.0,0.0,0.0,0.0,0.0,0.0,0.0,0.0,0.0,0.0,0.0,0.0,0.0,0.0,0.0,0.0,0.0,0.0,0.0,0.0,0.0,0.0,J,14
0.0,0.0,0.8,0.351852,2.2,0.675926,4.0,0.814815,4.92,0.759259,1.24,1.0,3.96,1.055556,3.92,0.824074,3.28,0.740741,1.36,0.805556,4.16,0.833333,4.04,0.62037,3.4,0.574074,1.72,0.555556,4.32,0.648148,4.16,0.481481,3.48,0.425926,2.24,0.296296,4.28,0.435185,5.36,0.509259,6.16,0.611111,0,0,0.0,0.0,0.0,0.0,0.0,0.0,0.0,0.0,0.0,0.0,0.0,0.0,0.0,0.0,0.0,0.0,0.0,0.0,0.0,0.0,0.0,0.0,0.0,0.0,0.0,0.0,0.0,0.0,0.0,0.0,0.0,0.0,0.0,0.0,0.0,0.0,0.0,0.0,0.0,0.0,0.0,0.0,J,14
0.0,0.0,0.703704,0.40566,1.962963,0.726415,3.62963,0.839623,4.518519,0.745283,1.222222,1.0,3.740741,1.066038,3.703704,0.839623,3.111111,0.764151,1.37037,0.783019,3.962963,0.830189,3.814815,0.613208,3.222222,0.575472,1.740741,0.518868,4.148148,0.641509,3.962963,0.471698,3.296296,0.415094,2.222222,0.254717,4.037037,0.396226,5.111111,0.462264,5.888889,0.54717,0,0,0.0,0.0,0.0,0.0,0.0,0.0,0.0,0.0,0.0,0.0,0.0,0.0,0.0,0.0,0.0,0.0,0.0,0.0,0.0,0.0,0.0,0.0,0.0,0.0,0.0,0.0,0.0,0.0,0.0,0.0,0.0,0.0,0.0,0.0,0.0,0.0,0.0,0.0,0.0,0.0,0.0,0.0,J,14
0.0,0.0,0.875,0.403846,2.458333,0.730769,4.375,0.855769,5.0,0.721154,1.416667,1.0,4.125,1.076923,4.125,0.846154,3.416667,0.778846,1.541667,0.759615,4.375,0.817308,4.208333,0.615385,3.5,0.576923,1.916667,0.490385,4.625,0.615385,4.375,0.451923,3.583333,0.403846,2.416667,0.230769,4.583333,0.326923,5.833333,0.365385,6.75,0.432692,0,0,0.0,0.0,0.0,0.0,0.0,0.0,0.0,0.0,0.0,0.0,0.0,0.0,0.0,0.0,0.0,0.0,0.0,0.0,0.0,0.0,0.0,0.0,0.0,0.0,0.0,0.0,0.0,0.0,0.0,0.0,0.0,0.0,0.0,0.0,0.0,0.0,0.0,0.0,0.0,0.0,0.0,0.0,J,14
0.0,0.0,0.72,0.409524,2.12,0.72381,3.88,0.847619,4.68,0.771429,1.36,1.0,4.04,1.047619,3.92,0.828571,3.24,0.771429,1.52,0.752381,4.28,0.790476,4.04,0.6,3.32,0.571429,1.92,0.485714,4.52,0.580952,4.16,0.438095,3.36,0.4,2.36,0.219048,4.48,0.314286,5.68,0.342857,6.64,0.4,0,0,0.0,0.0,0.0,0.0,0.0,0.0,0.0,0.0,0.0,0.0,0.0,0.0,0.0,0.0,0.0,0.0,0.0,0.0,0.0,0.0,0.0,0.0,0.0,0.0,0.0,0.0,0.0,0.0,0.0,0.0,0.0,0.0,0.0,0.0,0.0,0.0,0.0,0.0,0.0,0.0,0.0,0.0,J,14
0.0,0.0,0.666667,0.401961,2.037037,0.715686,3.703704,0.843137,4.407407,0.754902,1.296296,1.0,3.740741,1.078431,3.62963,0.852941,2.962963,0.784314,1.444444,0.745098,3.962963,0.813725,3.740741,0.607843,3.111111,0.578431,1.851852,0.460784,4.222222,0.578431,3.888889,0.441176,3.185185,0.401961,2.296296,0.186275,4.259259,0.294118,5.37037,0.313725,6.222222,0.372549,0,0,0.0,0.0,0.0,0.0,0.0,0.0,0.0,0.0,0.0,0.0,0.0,0.0,0.0,0.0,0.0,0.0,0.0,0.0,0.0,0.0,0.0,0.0,0.0,0.0,0.0,0.0,0.0,0.0,0.0,0.0,0.0,0.0,0.0,0.0,0.0,0.0,0.0,0.0,0.0,0.0,0.0,0.0,J,14
0.0,0.0,0.642857,0.425743,2.035714,0.742574,3.714286,0.851485,4.357143,0.732673,1.285714,1.0,3.678571,1.089109,3.571429,0.861386,2.928571,0.772277,1.464286,0.732673,3.892857,0.821782,3.678571,0.60396,3.071429,0.564356,1.857143,0.445545,4.142857,0.584158,3.857143,0.425743,3.178571,0.366337,2.285714,0.168317,4.178571,0.277228,5.25,0.287129,6.107143,0.316832,0,0,0.0,0.0,0.0,0.0,0.0,0.0,0.0,0.0,0.0,0.0,0.0,0.0,0.0,0.0,0.0,0.0,0.0,0.0,0.0,0.0,0.0,0.0,0.0,0.0,0.0,0.0,0.0,0.0,0.0,0.0,0.0,0.0,0.0,0.0,0.0,0.0,0.0,0.0,0.0,0.0,0.0,0.0,J,14
0.0,0.0,0.642857,0.41,2.0,0.74,3.678571,0.84,4.357143,0.73,1.321429,1.0,3.714286,1.11,3.571429,0.88,2.928571,0.79,1.535714,0.73,3.928571,0.84,3.714286,0.62,3.107143,0.57,1.892857,0.43,4.214286,0.59,3.928571,0.43,3.25,0.38,2.321429,0.15,4.214286,0.27,5.285714,0.28,6.142857,0.31,0,0,0.0,0.0,0.0,0.0,0.0,0.0,0.0,0.0,0.0,0.0,0.0,0.0,0.0,0.0,0.0,0.0,0.0,0.0,0.0,0.0,0.0,0.0,0.0,0.0,0.0,0.0,0.0,0.0,0.0,0.0,0.0,0.0,0.0,0.0,0.0,0.0,0.0,0.0,0.0,0.0,0.0,0.0,J,14
0.0,0.0,0.607143,0.42268,2.035714,0.762887,3.714286,0.845361,4.5,0.721649,1.357143,1.0,3.785714,1.123711,3.607143,0.886598,2.964286,0.804124,1.571429,0.71134,4.0,0.835052,3.75,0.628866,3.178571,0.56701,1.928571,0.412371,4.285714,0.57732,3.964286,0.42268,3.285714,0.371134,2.357143,0.123711,4.25,0.247423,5.321429,0.247423,6.178571,0.278351,0,0,0.0,0.0,0.0,0.0,0.0,0.0,0.0,0.0,0.0,0.0,0.0,0.0,0.0,0.0,0.0,0.0,0.0,0.0,0.0,0.0,0.0,0.0,0.0,0.0,0.0,0.0,0.0,0.0,0.0,0.0,0.0,0.0,0.0,0.0,0.0,0.0,0.0,0.0,0.0,0.0,0.0,0.0,J,14
0.0,0.0,0.607143,0.427083,2.035714,0.770833,3.714286,0.854167,4.5,0.729167,1.428571,1.0,3.857143,1.135417,3.678571,0.916667,3.0,0.822917,1.642857,0.71875,4.071429,0.84375,3.785714,0.645833,3.178571,0.572917,2.0,0.40625,4.357143,0.572917,4.0,0.427083,3.285714,0.364583,2.428571,0.114583,4.285714,0.239583,5.392857,0.229167,6.25,0.25,0,0,0.0,0.0,0.0,0.0,0.0,0.0,0.0,0.0,0.0,0.0,0.0,0.0,0.0,0.0,0.0,0.0,0.0,0.0,0.0,0.0,0.0,0.0,0.0,0.0,0.0,0.0,0.0,0.0,0.0,0.0,0.0,0.0,0.0,0.0,0.0,0.0,0.0,0.0,0.0,0.0,0.0,0.0,J,14
0.0,0.0,0.62069,0.44086,2.034483,0.774194,3.655172,0.860215,4.413793,0.731183,1.413793,1.0,3.793103,1.139785,3.551724,0.903226,2.862069,0.817204,1.655172,0.709677,3.965517,0.849462,3.689655,0.655914,3.103448,0.569892,2.0,0.387097,4.275862,0.569892,3.931034,0.430108,3.241379,0.365591,2.413793,0.096774,4.241379,0.215054,5.310345,0.204301,6.137931,0.193548,0,0,0.0,0.0,0.0,0.0,0.0,0.0,0.0,0.0,0.0,0.0,0.0,0.0,0.0,0.0,0.0,0.0,0.0,0.0,0.0,0.0,0.0,0.0,0.0,0.0,0.0,0.0,0.0,0.0,0.0,0.0,0.0,0.0,0.0,0.0,0.0,0.0,0.0,0.0,0.0,0.0,0.0,0.0,J,14
0.0,0.0,0.6,0.450549,2.0,0.802198,3.6,0.901099,4.233333,0.747253,1.3,1.0,3.633333,1.153846,3.366667,0.912088,2.7,0.813187,1.566667,0.692308,3.833333,0.857143,3.533333,0.637363,2.966667,0.56044,1.933333,0.362637,4.1,0.549451,3.766667,0.406593,3.1,0.351648,2.3,0.065934,4.066667,0.175824,5.066667,0.153846,5.866667,0.153846,0,0,0.0,0.0,0.0,0.0,0.0,0.0,0.0,0.0,0.0,0.0,0.0,0.0,0.0,0.0,0.0,0.0,0.0,0.0,0.0,0.0,0.0,0.0,0.0,0.0,0.0,0.0,0.0,0.0,0.0,0.0,0.0,0.0,0.0,0.0,0.0,0.0,0.0,0.0,0.0,0.0,0.0,0.0,J,14
0.0,0.0,0.5,0.477273,1.705882,0.840909,3.147059,0.954545,3.823529,0.784091,1.088235,1.0,3.117647,1.170455,2.882353,0.954545,2.294118,0.852273,1.382353,0.693182,3.294118,0.875,3.029412,0.693182,2.558824,0.602273,1.735294,0.363636,3.588235,0.579545,3.294118,0.454545,2.735294,0.386364,2.088235,0.079545,3.617647,0.147727,4.5,0.102273,5.176471,0.079545,0,0,0.0,0.0,0.0,0.0,0.0,0.0,0.0,0.0,0.0,0.0,0.0,0.0,0.0,0.0,0.0,0.0,0.0,0.0,0.0,0.0,0.0,0.0,0.0,0.0,0.0,0.0,0.0,0.0,0.0,0.0,0.0,0.0,0.0,0.0,0.0,0.0,0.0,0.0,0.0,0.0,0.0,0.0,J,14
0.0,0.0,0.193548,0.5,1.16129,0.957143,2.419355,1.042857,3.0,0.8,0.516129,1.0,2.451613,1.242857,2.290323,1.014286,1.677419,0.885714,0.774194,0.6,2.774194,0.857143,2.451613,0.671429,1.806452,0.557143,1.129032,0.228571,3.032258,0.514286,2.806452,0.414286,2.129032,0.328571,1.516129,-0.1,2.935484,0.042857,3.580645,0.028571,3.935484,0.0,-0.7741935483870968,0.15714285714285714,0.0,0.0,0.6,0.47619,1.966667,0.833333,3.533333,0.928571,4.233333,0.785714,1.266667,1.0,3.566667,1.190476,3.266667,0.952381,2.6,0.857143,1.566667,0.666667,3.766667,0.880952,3.466667,0.690476,2.866667,0.595238,1.9,0.321429,4.033333,0.571429,3.7,0.452381,3.033333,0.392857,2.266667,0.02381,4.033333,0.107143,5.066667,0.047619,5.866667,0.02381,J,14
0.0,0.0,0.5,0.493827,1.766667,0.888889,3.233333,0.987654,4.066667,0.839506,1.166667,1.0,3.433333,1.209877,3.266667,0.962963,2.6,0.851852,1.433333,0.654321,3.7,0.901235,3.466667,0.703704,2.9,0.592593,1.8,0.308642,3.933333,0.567901,3.633333,0.45679,3.0,0.382716,2.166667,0.0,3.933333,0.074074,4.966667,0.012346,5.766667,0.0,0,0,0.0,0.0,0.0,0.0,0.0,0.0,0.0,0.0,0.0,0.0,0.0,0.0,0.0,0.0,0.0,0.0,0.0,0.0,0.0,0.0,0.0,0.0,0.0,0.0,0.0,0.0,0.0,0.0,0.0,0.0,0.0,0.0,0.0,0.0,0.0,0.0,0.0,0.0,0.0,0.0,0.0,0.0,J,14
0.0,0.0,0.15625,0.560606,1.03125,1.045455,2.1875,1.151515,2.71875,0.878788,0.3125,1.0,2.21875,1.272727,2.0625,1.060606,1.5,0.909091,0.59375,0.590909,2.59375,0.893939,2.28125,0.712121,1.625,0.560606,0.96875,0.19697,2.84375,0.530303,2.5625,0.424242,1.90625,0.318182,1.3125,-0.121212,2.71875,0.015152,3.3125,-0.015152,3.59375,-0.060606,-0.75,0.15151515151515152,0.0,0.0,0.5,0.506329,1.8,0.911392,3.266667,1.037975,4.066667,0.860759,1.2,1.0,3.4,1.202532,3.2,0.987342,2.6,0.873418,1.5,0.64557,3.666667,0.898734,3.4,0.708861,2.866667,0.607595,1.866667,0.291139,3.9,0.56962,3.6,0.468354,2.933333,0.392405,2.2,0.0,3.966667,0.050633,5.0,-0.012658,5.8,-0.037975,J,14
0.0,0.0,0.451613,0.533333,1.612903,0.986667,3.0,1.146667,3.83871,0.973333,1.193548,1.0,3.258065,1.226667,3.096774,1.013333,2.548387,0.893333,1.516129,0.613333,3.548387,0.906667,3.322581,0.746667,2.83871,0.64,1.870968,0.253333,3.806452,0.573333,3.516129,0.493333,2.903226,0.413333,2.193548,-0.026667,3.903226,0.013333,4.903226,-0.04,5.677419,-0.066667,0,0,0.0,0.0,0.0,0.0,0.0,0.0,0.0,0.0,0.0,0.0,0.0,0.0,0.0,0.0,0.0,0.0,0.0,0.0,0.0,0.0,0.0,0.0,0.0,0.0,0.0,0.0,0.0,0.0,0.0,0.0,0.0,0.0,0.0,0.0,0.0,0.0,0.0,0.0,0.0,0.0,0.0,0.0,J,14
0.0,0.0,0.333333,0.575342,1.416667,1.0,2.75,1.109589,3.444444,0.890411,1.027778,1.0,2.861111,1.246575,2.611111,1.041096,2.138889,0.90411,1.388889,0.60274,3.083333,0.917808,2.805556,0.753425,2.388889,0.616438,1.722222,0.246575,3.333333,0.589041,3.027778,0.506849,2.5,0.39726,2.027778,-0.027397,3.416667,0.013699,4.305556,-0.041096,5.027778,-0.082192,0,0,0.0,0.0,0.0,0.0,0.0,0.0,0.0,0.0,0.0,0.0,0.0,0.0,0.0,0.0,0.0,0.0,0.0,0.0,0.0,0.0,0.0,0.0,0.0,0.0,0.0,0.0,0.0,0.0,0.0,0.0,0.0,0.0,0.0,0.0,0.0,0.0,0.0,0.0,0.0,0.0,0.0,0.0,J,14
0.0,0.0,0.297297,0.585714,1.378378,1.057143,2.621622,1.142857,3.297297,0.942857,0.918919,1.0,2.756757,1.285714,2.486486,1.071429,2.027027,0.914286,1.27027,0.585714,3.0,0.957143,2.648649,0.785714,2.189189,0.642857,1.594595,0.214286,3.216216,0.6,2.945946,0.514286,2.432432,0.4,1.918919,-0.057143,3.297297,0.014286,4.135135,-0.042857,4.837838,-0.085714,0,0,0.0,0.0,0.0,0.0,0.0,0.0,0.0,0.0,0.0,0.0,0.0,0.0,0.0,0.0,0.0,0.0,0.0,0.0,0.0,0.0,0.0,0.0,0.0,0.0,0.0,0.0,0.0,0.0,0.0,0.0,0.0,0.0,0.0,0.0,0.0,0.0,0.0,0.0,0.0,0.0,0.0,0.0,J,14
0.0,0.0,0.366667,0.585714,1.733333,1.028571,3.233333,1.071429,4.1,0.871429,1.533333,1.0,3.733333,1.257143,3.3,1.042857,2.7,0.9,1.933333,0.6,4.0,0.914286,3.533333,0.742857,2.933333,0.6,2.266667,0.214286,4.266667,0.542857,3.833333,0.457143,3.2,0.357143,2.533333,-0.057143,4.266667,-0.014286,5.3,-0.057143,6.2,-0.085714,0,0,0.0,0.0,0.0,0.0,0.0,0.0,0.0,0.0,0.0,0.0,0.0,0.0,0.0,0.0,0.0,0.0,0.0,0.0,0.0,0.0,0.0,0.0,0.0,0.0,0.0,0.0,0.0,0.0,0.0,0.0,0.0,0.0,0.0,0.0,0.0,0.0,0.0,0.0,0.0,0.0,0.0,0.0,J,14
0.0,0.0,0.15625,0.7,1.25,1.24,2.53125,1.24,3.34375,0.88,0.875,1.0,2.65625,1.46,2.375,1.22,1.8125,1.02,1.25,0.46,3.0625,0.98,2.59375,0.8,2.0,0.58,1.59375,0.0,3.28125,0.5,2.90625,0.44,2.3125,0.32,1.875,-0.34,3.28125,-0.18,3.96875,-0.2,4.4375,-0.26,-0.6875,0.28,0.0,0.0,0.322581,0.691176,1.612903,1.102941,2.967742,1.088235,3.806452,0.852941,1.580645,1.0,3.645161,1.308824,3.16129,1.176471,2.580645,1.014706,2.0,0.558824,3.967742,0.955882,3.387097,0.882353,2.83871,0.720588,2.322581,0.205882,4.16129,0.617647,3.709677,0.617647,3.096774,0.514706,2.580645,-0.044118,4.16129,0.058824,5.129032,0.044118,6.0,0.0,J,14
0.0,0.0,0.4,0.691176,1.866667,1.073529,3.466667,1.088235,4.433333,0.882353,1.733333,1.0,3.8,1.308824,3.266667,1.176471,2.7,1.044118,2.133333,0.558824,4.1,0.941176,3.5,0.867647,2.866667,0.720588,2.466667,0.191176,4.333333,0.588235,3.9,0.602941,3.266667,0.529412,2.733333,-0.058824,4.366667,0.014706,5.366667,0.014706,6.233333,-0.014706,0,0,0.0,0.0,0.0,0.0,0.0,0.0,0.0,0.0,0.0,0.0,0.0,0.0,0.0,0.0,0.0,0.0,0.0,0.0,0.0,0.0,0.0,0.0,0.0,0.0,0.0,0.0,0.0,0.0,0.0,0.0,0.0,0.0,0.0,0.0,0.0,0.0,0.0,0.0,0.0,0.0,0.0,0.0,J,14
0.0,0.0,0.344828,0.705882,1.689655,1.073529,3.137931,1.058824,4.034483,0.838235,1.896552,1.0,3.931034,1.308824,3.344828,1.220588,2.827586,1.073529,2.344828,0.558824,4.206897,0.955882,3.551724,0.911765,2.965517,0.764706,2.655172,0.191176,4.482759,0.588235,4.0,0.647059,3.37931,0.588235,2.896552,-0.058824,4.517241,0.014706,5.551724,0.014706,6.448276,0.0,0,0,0.0,0.0,0.0,0.0,0.0,0.0,0.0,0.0,0.0,0.0,0.0,0.0,0.0,0.0,0.0,0.0,0.0,0.0,0.0,0.0,0.0,0.0,0.0,0.0,0.0,0.0,0.0,0.0,0.0,0.0,0.0,0.0,0.0,0.0,0.0,0.0,0.0,0.0,0.0,0.0,0.0,0.0,J,14
0.0,0.0,0.357143,0.707692,1.821429,1.076923,3.321429,1.076923,4.25,0.846154,1.964286,1.0,4.071429,1.338462,3.535714,1.261538,2.964286,1.123077,2.392857,0.553846,4.357143,0.969231,3.714286,0.938462,3.107143,0.784615,2.714286,0.184615,4.678571,0.584615,4.142857,0.646154,3.535714,0.584615,2.964286,-0.061538,4.714286,-0.015385,5.785714,0.0,6.75,-0.030769,0,0,0.0,0.0,0.0,0.0,0.0,0.0,0.0,0.0,0.0,0.0,0.0,0.0,0.0,0.0,0.0,0.0,0.0,0.0,0.0,0.0,0.0,0.0,0.0,0.0,0.0,0.0,0.0,0.0,0.0,0.0,0.0,0.0,0.0,0.0,0.0,0.0,0.0,0.0,0.0,0.0,0.0,0.0,J,14
0.0,0.0,0.392857,0.686567,1.928571,1.029851,3.535714,1.029851,4.5,0.835821,2.0,1.0,4.071429,1.313433,3.464286,1.208955,2.928571,1.074627,2.428571,0.552239,4.321429,0.940299,3.642857,0.895522,3.035714,0.746269,2.75,0.179104,4.607143,0.567164,4.071429,0.61194,3.464286,0.552239,3.0,-0.059701,4.714286,0.0,5.75,0.014925,6.678571,-0.014925,0,0,0.0,0.0,0.0,0.0,0.0,0.0,0.0,0.0,0.0,0.0,0.0,0.0,0.0,0.0,0.0,0.0,0.0,0.0,0.0,0.0,0.0,0.0,0.0,0.0,0.0,0.0,0.0,0.0,0.0,0.0,0.0,0.0,0.0,0.0,0.0,0.0,0.0,0.0,0.0,0.0,0.0,0.0,J,14
0.0,0.0,0.333333,0.666667,1.666667,1.014493,3.066667,1.028986,3.966667,0.826087,1.833333,1.0,3.766667,1.304348,3.233333,1.202899,2.733333,1.072464,2.266667,0.565217,4.033333,0.942029,3.4,0.884058,2.833333,0.73913,2.566667,0.202899,4.333333,0.57971,3.833333,0.623188,3.266667,0.550725,2.833333,-0.043478,4.4,0.028986,5.366667,0.043478,6.233333,0.028986,0,0,0.0,0.0,0.0,0.0,0.0,0.0,0.0,0.0,0.0,0.0,0.0,0.0,0.0,0.0,0.0,0.0,0.0,0.0,0.0,0.0,0.0,0.0,0.0,0.0,0.0,0.0,0.0,0.0,0.0,0.0,0.0,0.0,0.0,0.0,0.0,0.0,0.0,0.0,0.0,0.0,0.0,0.0,J,14
0.0,0.0,0.322581,0.701493,1.709677,1.059701,3.225806,1.059701,4.096774,0.850746,1.741935,1.0,3.548387,1.373134,3.0,1.298507,2.548387,1.134328,2.16129,0.552239,3.870968,1.014925,3.225806,0.985075,2.645161,0.820896,2.483871,0.208955,4.225806,0.656716,3.741935,0.716418,3.193548,0.641791,2.741935,-0.029851,4.258065,0.029851,5.225806,0.059701,6.096774,0.044776,0,0,0.0,0.0,0.0,0.0,0.0,0.0,0.0,0.0,0.0,0.0,0.0,0.0,0.0,0.0,0.0,0.0,0.0,0.0,0.0,0.0,0.0,0.0,0.0,0.0,0.0,0.0,0.0,0.0,0.0,0.0,0.0,0.0,0.0,0.0,0.0,0.0,0.0,0.0,0.0,0.0,0.0,0.0,J,14
0.0,0.0,0.344828,0.707692,1.793103,1.092308,3.344828,1.123077,4.310345,0.923077,1.896552,1.0,3.862069,1.353846,3.275862,1.276923,2.758621,1.123077,2.344828,0.523077,4.172414,0.984615,3.482759,0.953846,2.896552,0.784615,2.655172,0.169231,4.482759,0.630769,3.965517,0.676923,3.37931,0.6,2.896552,-0.061538,4.551724,0.015385,5.551724,0.046154,6.482759,0.046154,0,0,0.0,0.0,0.0,0.0,0.0,0.0,0.0,0.0,0.0,0.0,0.0,0.0,0.0,0.0,0.0,0.0,0.0,0.0,0.0,0.0,0.0,0.0,0.0,0.0,0.0,0.0,0.0,0.0,0.0,0.0,0.0,0.0,0.0,0.0,0.0,0.0,0.0,0.0,0.0,0.0,0.0,0.0,J,14
0.0,0.0,0.322581,0.69697,1.677419,1.075758,3.129032,1.075758,4.064516,0.893939,1.741935,1.0,3.580645,1.363636,3.064516,1.287879,2.612903,1.151515,2.16129,0.545455,3.903226,1.0,3.258065,0.969697,2.709677,0.818182,2.483871,0.181818,4.193548,0.636364,3.741935,0.681818,3.193548,0.606061,2.741935,-0.045455,4.290323,0.030303,5.225806,0.045455,6.096774,0.045455,0,0,0.0,0.0,0.0,0.0,0.0,0.0,0.0,0.0,0.0,0.0,0.0,0.0,0.0,0.0,0.0,0.0,0.0,0.0,0.0,0.0,0.0,0.0,0.0,0.0,0.0,0.0,0.0,0.0,0.0,0.0,0.0,0.0,0.0,0.0,0.0,0.0,0.0,0.0,0.0,0.0,0.0,0.0,J,14
0.0,0.0,0.060606,0.653846,1.030303,1.230769,2.181818,1.403846,2.939394,1.173077,0.878788,1.0,2.636364,1.423077,2.393939,1.230769,1.848485,1.038462,1.272727,0.480769,3.030303,0.980769,2.606061,0.826923,2.060606,0.634615,1.636364,0.038462,3.272727,0.538462,2.969697,0.480769,2.424242,0.346154,1.878788,-0.288462,3.242424,-0.096154,3.818182,-0.115385,4.181818,-0.153846,-0.696969696969697,0.25,0.0,0.0,0.34375,0.666667,1.65625,1.057971,3.03125,1.072464,3.90625,0.869565,1.65625,1.0,3.53125,1.318841,3.09375,1.217391,2.625,1.072464,2.03125,0.565217,3.84375,0.971014,3.28125,0.927536,2.71875,0.782609,2.375,0.202899,4.1875,0.623188,3.78125,0.652174,3.21875,0.594203,2.65625,-0.043478,4.1875,0.014493,5.15625,0.014493,6.03125,0.0,J,14
0.0,0.0,0.363636,0.638889,1.69697,1.041667,3.121212,1.097222,3.969697,0.916667,1.606061,1.0,3.484848,1.277778,3.060606,1.180556,2.575758,1.041667,2.0,0.569444,3.818182,0.944444,3.242424,0.902778,2.69697,0.763889,2.333333,0.208333,4.090909,0.611111,3.666667,0.638889,3.121212,0.555556,2.606061,-0.041667,4.121212,0.027778,5.030303,0.027778,5.878788,0.0,0,0,0.0,0.0,0.0,0.0,0.0,0.0,0.0,0.0,0.0,0.0,0.0,0.0,0.0,0.0,0.0,0.0,0.0,0.0,0.0,0.0,0.0,0.0,0.0,0.0,0.0,0.0,0.0,0.0,0.0,0.0,0.0,0.0,0.0,0.0,0.0,0.0,0.0,0.0,0.0,0.0,0.0,0.0,J,14
0.0,0.0,0.090909,0.580645,1.090909,1.064516,2.363636,1.209677,3.030303,1.016129,0.818182,1.0,2.636364,1.290323,2.454545,1.112903,1.909091,0.967742,1.181818,0.564516,3.090909,0.903226,2.69697,0.758065,2.121212,0.612903,1.545455,0.16129,3.30303,0.5,3.0,0.451613,2.424242,0.370968,1.818182,-0.145161,3.181818,-0.048387,3.787879,-0.080645,4.242424,-0.096774,-0.6363636363636364,0.16129032258064516,0.0,0.0,0.393939,0.571429,1.727273,0.974026,3.181818,1.025974,4.030303,0.857143,1.454545,1.0,3.515152,1.181818,3.121212,1.038961,2.606061,0.935065,1.818182,0.597403,3.818182,0.87013,3.363636,0.779221,2.757576,0.662338,2.151515,0.233766,4.060606,0.545455,3.666667,0.519481,3.060606,0.467532,2.454545,-0.038961,4.0,0.012987,4.969697,-0.025974,5.818182,-0.051948,J,14
0.0,0.0,0.484848,0.525,1.787879,0.9,3.242424,0.9375,4.121212,0.7625,1.242424,1.0,3.363636,1.15,3.060606,0.95,2.484848,0.85,1.545455,0.625,3.636364,0.85,3.30303,0.6875,2.666667,0.5875,1.878788,0.275,3.878788,0.55,3.636364,0.4375,3.060606,0.3625,2.242424,0.0,3.818182,0.025,4.757576,-0.0375,5.515152,-0.075,0,0,0.0,0.0,0.0,0.0,0.0,0.0,0.0,0.0,0.0,0.0,0.0,0.0,0.0,0.0,0.0,0.0,0.0,0.0,0.0,0.0,0.0,0.0,0.0,0.0,0.0,0.0,0.0,0.0,0.0,0.0,0.0,0.0,0.0,0.0,0.0,0.0,0.0,0.0,0.0,0.0,0.0,0.0,J,14
0.0,0.0,0.607143,0.5,2.107143,0.829268,3.821429,0.878049,4.678571,0.682927,1.392857,1.0,3.785714,1.134146,3.5,0.914634,2.821429,0.829268,1.678571,0.682927,4.035714,0.829268,3.714286,0.646341,3.071429,0.573171,2.071429,0.329268,4.25,0.52439,3.892857,0.402439,3.178571,0.353659,2.392857,0.012195,4.142857,0.012195,5.214286,-0.060976,6.071429,-0.085366,0,0,0.0,0.0,0.0,0.0,0.0,0.0,0.0,0.0,0.0,0.0,0.0,0.0,0.0,0.0,0.0,0.0,0.0,0.0,0.0,0.0,0.0,0.0,0.0,0.0,0.0,0.0,0.0,0.0,0.0,0.0,0.0,0.0,0.0,0.0,0.0,0.0,0.0,0.0,0.0,0.0,0.0,0.0,J,14
0.0,0.0,2.166667,0.369565,6.0,0.652174,10.083333,0.706522,10.75,0.554348,3.666667,1.0,9.25,1.01087,8.583333,0.73913,7.083333,0.695652,3.75,0.717391,9.333333,0.684783,8.416667,0.478261,6.833333,0.467391,4.166667,0.391304,9.583333,0.413043,8.583333,0.271739,6.916667,0.26087,4.666667,0.076087,8.833333,0.054348,11.25,-0.01087,13.166667,-0.021739,0,0,0.0,0.0,0.0,0.0,0.0,0.0,0.0,0.0,0.0,0.0,0.0,0.0,0.0,0.0,0.0,0.0,0.0,0.0,0.0,0.0,0.0,0.0,0.0,0.0,0.0,0.0,0.0,0.0,0.0,0.0,0.0,0.0,0.0,0.0,0.0,0.0,0.0,0.0,0.0,0.0,0.0,0.0,J,14
0.0,0.0,4.333333,0.34375,12.166667,0.614583,20.333333,0.677083,20.833333,0.520833,7.333333,1.0,18.333333,1.0,17.333333,0.729167,14.5,0.677083,7.0,0.739583,18.333333,0.697917,16.666667,0.479167,13.666667,0.458333,7.5,0.427083,18.333333,0.427083,16.5,0.291667,13.333333,0.291667,8.333333,0.114583,16.833333,0.09375,21.833333,0.072917,25.666667,0.09375,0,0,0.0,0.0,0.0,0.0,0.0,0.0,0.0,0.0,0.0,0.0,0.0,0.0,0.0,0.0,0.0,0.0,0.0,0.0,0.0,0.0,0.0,0.0,0.0,0.0,0.0,0.0,0.0,0.0,0.0,0.0,0.0,0.0,0.0,0.0,0.0,0.0,0.0,0.0,0.0,0.0,0.0,0.0,J,14
0.0,0.0,14.5,0.350515,37.5,0.618557,61.0,0.670103,63.0,0.505155,23.0,1.0,54.5,1.020619,52.5,0.752577,44.0,0.690722,21.5,0.762887,54.0,0.701031,50.0,0.494845,40.5,0.474227,22.5,0.463918,54.0,0.43299,49.0,0.309278,39.5,0.298969,24.0,0.154639,49.0,0.113402,63.0,0.092784,74.0,0.103093,0,0,0.0,0.0,0.0,0.0,0.0,0.0,0.0,0.0,0.0,0.0,0.0,0.0,0.0,0.0,0.0,0.0,0.0,0.0,0.0,0.0,0.0,0.0,0.0,0.0,0.0,0.0,0.0,0.0,0.0,0.0,0.0,0.0,0.0,0.0,0.0,0.0,0.0,0.0,0.0,0.0,0.0,0.0,J,14
0.0,0.0,31.0,0.357143,76.0,0.612245,122.0,0.683673,127.0,0.571429,50.0,1.0,112.0,1.020408,109.0,0.755102,93.0,0.683673,46.0,0.765306,111.0,0.693878,103.0,0.489796,84.0,0.469388,47.0,0.469388,108.0,0.428571,99.0,0.295918,81.0,0.285714,49.0,0.153061,98.0,0.132653,126.0,0.112245,148.0,0.122449,0,0,0.0,0.0,0.0,0.0,0.0,0.0,0.0,0.0,0.0,0.0,0.0,0.0,0.0,0.0,0.0,0.0,0.0,0.0,0.0,0.0,0.0,0.0,0.0,0.0,0.0,0.0,0.0,0.0,0.0,0.0,0.0,0.0,0.0,0.0,0.0,0.0,0.0,0.0,0.0,0.0,0.0,0.0,J,14
0.0,0.0,6.0,0.353535,15.2,0.616162,24.2,0.666667,26.0,0.505051,10.2,1.0,23.0,1.010101,22.0,0.747475,18.6,0.686869,9.0,0.757576,22.2,0.686869,20.4,0.494949,16.8,0.474747,8.8,0.454545,21.4,0.424242,19.4,0.30303,15.6,0.30303,9.2,0.151515,19.4,0.151515,25.0,0.141414,29.4,0.161616,0,0,0.0,0.0,0.0,0.0,0.0,0.0,0.0,0.0,0.0,0.0,0.0,0.0,0.0,0.0,0.0,0.0,0.0,0.0,0.0,0.0,0.0,0.0,0.0,0.0,0.0,0.0,0.0,0.0,0.0,0.0,0.0,0.0,0.0,0.0,0.0,0.0,0.0,0.0,0.0,0.0,0.0,0.0,J,14
0.0,0.0,2.538462,0.352941,6.076923,0.617647,9.384615,0.666667,9.923077,0.519608,4.230769,1.0,8.923077,0.980392,8.769231,0.735294,7.538462,0.647059,3.461538,0.77451,8.461538,0.656863,7.923077,0.460784,6.615385,0.431373,3.230769,0.480392,8.076923,0.392157,7.615385,0.254902,6.384615,0.245098,3.230769,0.176471,7.230769,0.166667,9.307692,0.147059,10.846154,0.166667,0,0,0.0,0.0,0.0,0.0,0.0,0.0,0.0,0.0,0.0,0.0,0.0,0.0,0.0,0.0,0.0,0.0,0.0,0.0,0.0,0.0,0.0,0.0,0.0,0.0,0.0,0.0,0.0,0.0,0.0,0.0,0.0,0.0,0.0,0.0,0.0,0.0,0.0,0.0,0.0,0.0,0.0,0.0,J,14
0.0,0.0,2.266667,0.28866,5.133333,0.546392,7.6,0.587629,8.533333,0.484536,3.533333,1.0,7.466667,1.030928,7.666667,0.752577,6.666667,0.639175,2.866667,0.804124,7.2,0.721649,7.066667,0.484536,5.8,0.443299,2.533333,0.536082,6.733333,0.42268,6.4,0.257732,5.2,0.257732,2.533333,0.247423,6.2,0.164948,5.8,0.051546,4.533333,0.051546,0,0,0.0,0.0,0.0,0.0,0.0,0.0,0.0,0.0,0.0,0.0,0.0,0.0,0.0,0.0,0.0,0.0,0.0,0.0,0.0,0.0,0.0,0.0,0.0,0.0,0.0,0.0,0.0,0.0,0.0,0.0,0.0,0.0,0.0,0.0,0.0,0.0,0.0,0.0,0.0,0.0,0.0,0.0,J,14
0.0,0.0,2.363636,0.304348,6.0,0.576087,9.636364,0.641304,11.363636,0.630435,4.636364,1.0,10.181818,1.097826,10.454545,0.836957,8.909091,0.706522,3.818182,0.771739,9.909091,0.782609,9.818182,0.565217,8.090909,0.48913,3.545455,0.5,9.272727,0.48913,9.0,0.315217,7.363636,0.271739,3.636364,0.23913,8.636364,0.26087,8.545455,0.108696,7.181818,0.054348,0,0,0.0,0.0,0.0,0.0,0.0,0.0,0.0,0.0,0.0,0.0,0.0,0.0,0.0,0.0,0.0,0.0,0.0,0.0,0.0,0.0,0.0,0.0,0.0,0.0,0.0,0.0,0.0,0.0,0.0,0.0,0.0,0.0,0.0,0.0,0.0,0.0,0.0,0.0,0.0,0.0,0.0,0.0,J,14
0.0,0.0,0.627451,-0.15,1.431373,0.116667,1.666667,0.633333,1.54902,1.066667,1.490196,1.0,1.862745,1.35,1.686275,0.916667,1.509804,0.666667,1.176471,1.133333,1.509804,1.4,1.294118,0.9,1.137255,0.666667,0.862745,1.216667,1.137255,1.333333,0.882353,0.8,0.647059,0.516667,0.490196,1.3,0.921569,1.833333,1.215686,2.166667,1.490196,2.466667,0,0,0.0,0.0,0.0,0.0,0.0,0.0,0.0,0.0,0.0,0.0,0.0,0.0,0.0,0.0,0.0,0.0,0.0,0.0,0.0,0.0,0.0,0.0,0.0,0.0,0.0,0.0,0.0,0.0,0.0,0.0,0.0,0.0,0.0,0.0,0.0,0.0,0.0,0.0,0.0,0.0,0.0,0.0,J,15
0.0,0.0,0.72,-0.014925,1.54,0.343284,1.86,0.850746,1.68,1.298507,1.54,1.0,2.0,1.343284,1.72,0.985075,1.52,0.791045,1.26,1.164179,1.64,1.447761,1.3,0.985075,1.08,0.776119,0.92,1.268657,1.28,1.447761,0.96,0.985075,0.66,0.731343,0.54,1.373134,1.0,1.820896,1.34,2.089552,1.64,2.358209,0,0,0.0,0.0,0.0,0.0,0.0,0.0,0.0,0.0,0.0,0.0,0.0,0.0,0.0,0.0,0.0,0.0,0.0,0.0,0.0,0.0,0.0,0.0,0.0,0.0,0.0,0.0,0.0,0.0,0.0,0.0,0.0,0.0,0.0,0.0,0.0,0.0,0.0,0.0,0.0,0.0,0.0,0.0,J,15
0.0,0.0,0.911111,0.0,1.844444,0.359375,2.177778,0.890625,2.044444,1.34375,1.822222,1.0,2.377778,1.328125,2.066667,0.953125,1.777778,0.765625,1.533333,1.171875,2.044444,1.4375,1.666667,0.984375,1.377778,0.78125,1.2,1.296875,1.666667,1.484375,1.288889,1.015625,0.911111,0.78125,0.822222,1.4375,1.311111,1.921875,1.666667,2.1875,1.977778,2.453125,0,0,0.0,0.0,0.0,0.0,0.0,0.0,0.0,0.0,0.0,0.0,0.0,0.0,0.0,0.0,0.0,0.0,0.0,0.0,0.0,0.0,0.0,0.0,0.0,0.0,0.0,0.0,0.0,0.0,0.0,0.0,0.0,0.0,0.0,0.0,0.0,0.0,0.0,0.0,0.0,0.0,0.0,0.0,J,15
0.0,0.0,0.934783,-0.016667,1.891304,0.366667,2.23913,0.983333,2.043478,1.483333,1.891304,1.0,2.456522,1.316667,2.108696,0.95,1.782609,0.783333,1.586957,1.216667,2.130435,1.516667,1.73913,1.05,1.434783,0.866667,1.26087,1.383333,1.73913,1.583333,1.347826,1.083333,0.956522,0.85,0.891304,1.55,1.413043,2.05,1.73913,2.316667,2.043478,2.6,0,0,0.0,0.0,0.0,0.0,0.0,0.0,0.0,0.0,0.0,0.0,0.0,0.0,0.0,0.0,0.0,0.0,0.0,0.0,0.0,0.0,0.0,0.0,0.0,0.0,0.0,0.0,0.0,0.0,0.0,0.0,0.0,0.0,0.0,0.0,0.0,0.0,0.0,0.0,0.0,0.0,0.0,0.0,J,15
0.0,0.0,1.047619,-0.056604,2.071429,0.377358,2.547619,1.075472,2.285714,1.603774,2.095238,1.0,2.714286,1.283019,2.309524,0.943396,1.952381,0.773585,1.785714,1.264151,2.309524,1.509434,1.785714,1.037736,1.404762,0.830189,1.47619,1.490566,1.928571,1.641509,1.47619,1.169811,1.02381,0.924528,1.095238,1.698113,1.666667,2.226415,2.02381,2.528302,2.333333,2.830189,0,0,0.0,0.0,0.0,0.0,0.0,0.0,0.0,0.0,0.0,0.0,0.0,0.0,0.0,0.0,0.0,0.0,0.0,0.0,0.0,0.0,0.0,0.0,0.0,0.0,0.0,0.0,0.0,0.0,0.0,0.0,0.0,0.0,0.0,0.0,0.0,0.0,0.0,0.0,0.0,0.0,0.0,0.0,J,15
0.0,0.0,0.888889,-0.058824,1.866667,0.392157,2.288889,1.117647,2.066667,1.686275,1.933333,1.0,2.488889,1.294118,2.133333,0.941176,1.822222,0.72549,1.622222,1.294118,2.088889,1.54902,1.688889,1.117647,1.355556,0.882353,1.288889,1.509804,1.733333,1.705882,1.288889,1.196078,0.866667,0.921569,0.933333,1.745098,1.444444,2.27451,1.777778,2.588235,2.044444,2.921569,0,0,0.0,0.0,0.0,0.0,0.0,0.0,0.0,0.0,0.0,0.0,0.0,0.0,0.0,0.0,0.0,0.0,0.0,0.0,0.0,0.0,0.0,0.0,0.0,0.0,0.0,0.0,0.0,0.0,0.0,0.0,0.0,0.0,0.0,0.0,0.0,0.0,0.0,0.0,0.0,0.0,0.0,0.0,J,15
0.0,0.0,0.930233,-0.058824,1.976744,0.411765,2.418605,1.117647,2.186047,1.666667,1.976744,1.0,2.581395,1.313725,2.232558,0.980392,1.906977,0.764706,1.674419,1.294118,2.186047,1.568627,1.767442,1.137255,1.395349,0.921569,1.348837,1.529412,1.837209,1.745098,1.395349,1.235294,0.953488,0.921569,0.976744,1.764706,1.534884,2.27451,1.860465,2.588235,2.186047,2.921569,0,0,0.0,0.0,0.0,0.0,0.0,0.0,0.0,0.0,0.0,0.0,0.0,0.0,0.0,0.0,0.0,0.0,0.0,0.0,0.0,0.0,0.0,0.0,0.0,0.0,0.0,0.0,0.0,0.0,0.0,0.0,0.0,0.0,0.0,0.0,0.0,0.0,0.0,0.0,0.0,0.0,0.0,0.0,J,15
0.0,0.0,0.8125,-0.086957,1.729167,0.456522,2.125,1.217391,1.916667,1.826087,1.8125,1.0,2.375,1.347826,2.291667,1.065217,2.166667,0.826087,1.520833,1.347826,1.9375,1.695652,1.583333,1.23913,1.291667,0.978261,1.1875,1.630435,1.604167,1.913043,1.208333,1.326087,0.833333,0.956522,0.8125,1.891304,1.3125,2.434783,1.645833,2.804348,1.9375,3.195652,0,0,0.0,0.0,0.0,0.0,0.0,0.0,0.0,0.0,0.0,0.0,0.0,0.0,0.0,0.0,0.0,0.0,0.0,0.0,0.0,0.0,0.0,0.0,0.0,0.0,0.0,0.0,0.0,0.0,0.0,0.0,0.0,0.0,0.0,0.0,0.0,0.0,0.0,0.0,0.0,0.0,0.0,0.0,J,15
0.0,0.0,0.930233,-0.106383,1.930233,0.404255,2.395349,1.170213,2.116279,1.765957,1.930233,1.0,2.604651,1.340426,2.372093,1.0,2.139535,0.787234,1.627907,1.319149,2.139535,1.659574,1.72093,1.212766,1.395349,0.93617,1.302326,1.617021,1.744186,1.851064,1.325581,1.297872,0.906977,0.957447,0.930233,1.893617,1.488372,2.425532,1.837209,2.765957,2.116279,3.106383,0,0,0.0,0.0,0.0,0.0,0.0,0.0,0.0,0.0,0.0,0.0,0.0,0.0,0.0,0.0,0.0,0.0,0.0,0.0,0.0,0.0,0.0,0.0,0.0,0.0,0.0,0.0,0.0,0.0,0.0,0.0,0.0,0.0,0.0,0.0,0.0,0.0,0.0,0.0,0.0,0.0,0.0,0.0,J,15
0.0,0.0,0.883721,-0.078431,1.906977,0.45098,2.348837,1.137255,2.069767,1.666667,1.883721,1.0,2.44186,1.333333,2.116279,1.0,1.813953,0.803922,1.581395,1.254902,2.046512,1.568627,1.651163,1.137255,1.302326,0.921569,1.255814,1.490196,1.697674,1.764706,1.302326,1.235294,0.906977,0.921569,0.883721,1.705882,1.44186,2.196078,1.790698,2.509804,2.116279,2.843137,0,0,0.0,0.0,0.0,0.0,0.0,0.0,0.0,0.0,0.0,0.0,0.0,0.0,0.0,0.0,0.0,0.0,0.0,0.0,0.0,0.0,0.0,0.0,0.0,0.0,0.0,0.0,0.0,0.0,0.0,0.0,0.0,0.0,0.0,0.0,0.0,0.0,0.0,0.0,0.0,0.0,0.0,0.0,J,15
0.0,0.0,0.904762,-0.104167,1.904762,0.4375,2.380952,1.166667,2.095238,1.708333,1.928571,1.0,2.47619,1.375,2.119048,1.020833,1.785714,0.8125,1.619048,1.291667,2.095238,1.625,1.642857,1.166667,1.285714,0.916667,1.285714,1.520833,1.714286,1.833333,1.309524,1.291667,0.904762,0.958333,0.928571,1.791667,1.47619,2.291667,1.833333,2.625,2.166667,2.979167,0,0,0.0,0.0,0.0,0.0,0.0,0.0,0.0,0.0,0.0,0.0,0.0,0.0,0.0,0.0,0.0,0.0,0.0,0.0,0.0,0.0,0.0,0.0,0.0,0.0,0.0,0.0,0.0,0.0,0.0,0.0,0.0,0.0,0.0,0.0,0.0,0.0,0.0,0.0,0.0,0.0,0.0,0.0,J,15
0.0,0.0,0.928571,-0.108696,1.904762,0.456522,2.333333,1.195652,2.047619,1.73913,1.880952,1.0,2.452381,1.369565,2.119048,1.021739,1.785714,0.804348,1.595238,1.304348,2.047619,1.673913,1.642857,1.195652,1.309524,0.934783,1.261905,1.543478,1.690476,1.869565,1.285714,1.304348,0.880952,0.934783,0.880952,1.826087,1.428571,2.347826,1.785714,2.673913,2.119048,3.043478,0,0,0.0,0.0,0.0,0.0,0.0,0.0,0.0,0.0,0.0,0.0,0.0,0.0,0.0,0.0,0.0,0.0,0.0,0.0,0.0,0.0,0.0,0.0,0.0,0.0,0.0,0.0,0.0,0.0,0.0,0.0,0.0,0.0,0.0,0.0,0.0,0.0,0.0,0.0,0.0,0.0,0.0,0.0,J,15
0.0,0.0,0.926829,-0.130435,1.926829,0.456522,2.365854,1.217391,2.073171,1.73913,1.902439,1.0,2.487805,1.347826,2.146341,1.021739,1.804878,0.804348,1.609756,1.282609,2.097561,1.652174,1.707317,1.217391,1.341463,0.956522,1.268293,1.543478,1.707317,1.869565,1.292683,1.304348,0.878049,0.934783,0.902439,1.826087,1.463415,2.347826,1.829268,2.673913,2.146341,3.021739,0,0,0.0,0.0,0.0,0.0,0.0,0.0,0.0,0.0,0.0,0.0,0.0,0.0,0.0,0.0,0.0,0.0,0.0,0.0,0.0,0.0,0.0,0.0,0.0,0.0,0.0,0.0,0.0,0.0,0.0,0.0,0.0,0.0,0.0,0.0,0.0,0.0,0.0,0.0,0.0,0.0,0.0,0.0,J,15
0.0,0.0,0.926829,-0.113636,1.902439,0.477273,2.341463,1.25,2.02439,1.795455,1.902439,1.0,2.463415,1.386364,2.121951,1.045455,1.804878,0.818182,1.609756,1.295455,2.073171,1.681818,1.682927,1.25,1.341463,0.977273,1.292683,1.568182,1.707317,1.909091,1.292683,1.340909,0.878049,0.954545,0.902439,1.886364,1.439024,2.409091,1.804878,2.75,2.121951,3.090909,0,0,0.0,0.0,0.0,0.0,0.0,0.0,0.0,0.0,0.0,0.0,0.0,0.0,0.0,0.0,0.0,0.0,0.0,0.0,0.0,0.0,0.0,0.0,0.0,0.0,0.0,0.0,0.0,0.0,0.0,0.0,0.0,0.0,0.0,0.0,0.0,0.0,0.0,0.0,0.0,0.0,0.0,0.0,J,15
0.0,0.0,0.902439,-0.106383,1.902439,0.468085,2.317073,1.191489,2.02439,1.680851,1.902439,1.0,2.463415,1.361702,2.097561,1.021277,1.756098,0.808511,1.609756,1.276596,2.04878,1.659574,1.658537,1.212766,1.317073,0.957447,1.268293,1.510638,1.682927,1.829787,1.268293,1.276596,0.878049,0.93617,0.902439,1.765957,1.439024,2.255319,1.804878,2.574468,2.121951,2.914894,0,0,0.0,0.0,0.0,0.0,0.0,0.0,0.0,0.0,0.0,0.0,0.0,0.0,0.0,0.0,0.0,0.0,0.0,0.0,0.0,0.0,0.0,0.0,0.0,0.0,0.0,0.0,0.0,0.0,0.0,0.0,0.0,0.0,0.0,0.0,0.0,0.0,0.0,0.0,0.0,0.0,0.0,0.0,J,15
0.0,0.0,0.904762,-0.108696,1.857143,0.456522,2.261905,1.195652,2.0,1.717391,1.857143,1.0,2.404762,1.326087,2.071429,1.0,1.761905,0.804348,1.571429,1.282609,2.02381,1.652174,1.642857,1.217391,1.357143,1.0,1.238095,1.521739,1.642857,1.869565,1.238095,1.304348,0.857143,0.956522,0.857143,1.782609,1.404762,2.282609,1.738095,2.586957,2.071429,2.934783,0,0,0.0,0.0,0.0,0.0,0.0,0.0,0.0,0.0,0.0,0.0,0.0,0.0,0.0,0.0,0.0,0.0,0.0,0.0,0.0,0.0,0.0,0.0,0.0,0.0,0.0,0.0,0.0,0.0,0.0,0.0,0.0,0.0,0.0,0.0,0.0,0.0,0.0,0.0,0.0,0.0,0.0,0.0,J,15
0.0,0.0,0.904762,-0.130435,1.857143,0.478261,2.261905,1.195652,1.97619,1.717391,1.880952,1.0,2.404762,1.326087,2.071429,1.0,1.761905,0.804348,1.571429,1.282609,2.02381,1.652174,1.642857,1.217391,1.357143,1.0,1.238095,1.543478,1.642857,1.847826,1.238095,1.282609,0.857143,0.934783,0.880952,1.804348,1.404762,2.304348,1.761905,2.630435,2.095238,2.956522,0,0,0.0,0.0,0.0,0.0,0.0,0.0,0.0,0.0,0.0,0.0,0.0,0.0,0.0,0.0,0.0,0.0,0.0,0.0,0.0,0.0,0.0,0.0,0.0,0.0,0.0,0.0,0.0,0.0,0.0,0.0,0.0,0.0,0.0,0.0,0.0,0.0,0.0,0.0,0.0,0.0,0.0,0.0,J,15
0.0,0.0,0.857143,-0.104167,1.809524,0.479167,2.214286,1.166667,1.97619,1.666667,1.833333,1.0,2.357143,1.333333,2.02381,1.0,1.714286,0.8125,1.52381,1.291667,1.97619,1.645833,1.619048,1.229167,1.333333,1.0,1.190476,1.520833,1.619048,1.8125,1.238095,1.270833,0.857143,0.9375,0.833333,1.770833,1.380952,2.229167,1.738095,2.541667,2.047619,2.875,0,0,0.0,0.0,0.0,0.0,0.0,0.0,0.0,0.0,0.0,0.0,0.0,0.0,0.0,0.0,0.0,0.0,0.0,0.0,0.0,0.0,0.0,0.0,0.0,0.0,0.0,0.0,0.0,0.0,0.0,0.0,0.0,0.0,0.0,0.0,0.0,0.0,0.0,0.0,0.0,0.0,0.0,0.0,J,15
0.0,0.0,0.878049,-0.083333,1.853659,0.479167,2.243902,1.166667,2.02439,1.645833,1.878049,1.0,2.414634,1.375,2.073171,1.020833,1.756098,0.833333,1.585366,1.270833,2.0,1.625,1.634146,1.1875,1.341463,1.0,1.243902,1.5,1.634146,1.8125,1.243902,1.25,0.878049,0.916667,0.878049,1.75,1.414634,2.229167,1.780488,2.541667,2.097561,2.875,0,0,0.0,0.0,0.0,0.0,0.0,0.0,0.0,0.0,0.0,0.0,0.0,0.0,0.0,0.0,0.0,0.0,0.0,0.0,0.0,0.0,0.0,0.0,0.0,0.0,0.0,0.0,0.0,0.0,0.0,0.0,0.0,0.0,0.0,0.0,0.0,0.0,0.0,0.0,0.0,0.0,0.0,0.0,J,15
0.0,0.0,0.902439,-0.104167,1.902439,0.479167,2.317073,1.1875,2.02439,1.666667,1.902439,1.0,2.463415,1.333333,2.097561,1.0,1.780488,0.833333,1.609756,1.291667,2.04878,1.625,1.658537,1.1875,1.365854,1.0,1.268293,1.520833,1.682927,1.8125,1.268293,1.25,0.878049,0.916667,0.902439,1.770833,1.463415,2.229167,1.804878,2.541667,2.121951,2.875,0,0,0.0,0.0,0.0,0.0,0.0,0.0,0.0,0.0,0.0,0.0,0.0,0.0,0.0,0.0,0.0,0.0,0.0,0.0,0.0,0.0,0.0,0.0,0.0,0.0,0.0,0.0,0.0,0.0,0.0,0.0,0.0,0.0,0.0,0.0,0.0,0.0,0.0,0.0,0.0,0.0,0.0,0.0,J,15
0.0,0.0,0.923077,-0.06,1.923077,0.46,2.410256,1.1,2.153846,1.6,1.897436,1.0,2.512821,1.34,2.153846,1.0,1.794872,0.8,1.615385,1.26,2.102564,1.6,1.717949,1.16,1.410256,0.94,1.25641,1.48,1.74359,1.74,1.358974,1.2,0.948718,0.88,0.897436,1.68,1.487179,2.18,1.871795,2.5,2.179487,2.8,0,0,0.0,0.0,0.0,0.0,0.0,0.0,0.0,0.0,0.0,0.0,0.0,0.0,0.0,0.0,0.0,0.0,0.0,0.0,0.0,0.0,0.0,0.0,0.0,0.0,0.0,0.0,0.0,0.0,0.0,0.0,0.0,0.0,0.0,0.0,0.0,0.0,0.0,0.0,0.0,0.0,0.0,0.0,J,15
0.0,0.0,0.947368,-0.056604,1.973684,0.45283,2.5,1.075472,2.210526,1.54717,1.947368,1.0,2.578947,1.301887,2.210526,0.943396,1.842105,0.792453,1.657895,1.245283,2.157895,1.54717,1.736842,1.09434,1.447368,0.924528,1.315789,1.433962,1.789474,1.641509,1.368421,1.113208,0.947368,0.830189,0.947368,1.622642,1.5,2.113208,1.894737,2.433962,2.210526,2.735849,0,0,0.0,0.0,0.0,0.0,0.0,0.0,0.0,0.0,0.0,0.0,0.0,0.0,0.0,0.0,0.0,0.0,0.0,0.0,0.0,0.0,0.0,0.0,0.0,0.0,0.0,0.0,0.0,0.0,0.0,0.0,0.0,0.0,0.0,0.0,0.0,0.0,0.0,0.0,0.0,0.0,0.0,0.0,J,15
0.0,0.0,0.947368,-0.035088,2.0,0.45614,2.526316,1.035088,2.210526,1.491228,1.921053,1.0,2.605263,1.298246,2.210526,0.912281,1.868421,0.77193,1.631579,1.210526,2.157895,1.473684,1.763158,1.017544,1.473684,0.877193,1.289474,1.368421,1.789474,1.54386,1.368421,1.035088,0.947368,0.789474,0.921053,1.54386,1.5,2.0,1.894737,2.280702,2.210526,2.578947,0,0,0.0,0.0,0.0,0.0,0.0,0.0,0.0,0.0,0.0,0.0,0.0,0.0,0.0,0.0,0.0,0.0,0.0,0.0,0.0,0.0,0.0,0.0,0.0,0.0,0.0,0.0,0.0,0.0,0.0,0.0,0.0,0.0,0.0,0.0,0.0,0.0,0.0,0.0,0.0,0.0,0.0,0.0,J,15
0.0,0.0,0.973684,-0.016949,2.026316,0.457627,2.578947,1.016949,2.263158,1.457627,1.973684,1.0,2.631579,1.237288,2.236842,0.881356,1.868421,0.745763,1.657895,1.186441,2.184211,1.40678,1.763158,0.983051,1.473684,0.847458,1.315789,1.338983,1.842105,1.508475,1.394737,1.016949,0.973684,0.779661,0.973684,1.508475,1.552632,1.966102,1.947368,2.237288,2.263158,2.525424,0,0,0.0,0.0,0.0,0.0,0.0,0.0,0.0,0.0,0.0,0.0,0.0,0.0,0.0,0.0,0.0,0.0,0.0,0.0,0.0,0.0,0.0,0.0,0.0,0.0,0.0,0.0,0.0,0.0,0.0,0.0,0.0,0.0,0.0,0.0,0.0,0.0,0.0,0.0,0.0,0.0,0.0,0.0,J,15
0.0,0.0,1.242424,0.028169,2.393939,0.464789,3.030303,0.915493,2.636364,1.239437,2.030303,1.0,2.909091,1.15493,2.515152,0.816901,2.090909,0.71831,1.69697,1.126761,2.484848,1.239437,2.030303,0.84507,1.606061,0.746479,1.333333,1.211268,2.151515,1.295775,1.69697,0.873239,1.151515,0.704225,1.030303,1.28169,1.757576,1.690141,2.181818,1.943662,2.515152,2.211268,0,0,0.0,0.0,0.0,0.0,0.0,0.0,0.0,0.0,0.0,0.0,0.0,0.0,0.0,0.0,0.0,0.0,0.0,0.0,0.0,0.0,0.0,0.0,0.0,0.0,0.0,0.0,0.0,0.0,0.0,0.0,0.0,0.0,0.0,0.0,0.0,0.0,0.0,0.0,0.0,0.0,0.0,0.0,J,15
0.0,0.0,1.571429,0.049383,3.0,0.444444,3.714286,0.864198,3.214286,1.135802,2.25,1.0,3.428571,1.123457,3.0,0.790123,2.5,0.716049,1.821429,1.098765,3.035714,1.17284,2.535714,0.790123,1.964286,0.679012,1.464286,1.148148,2.642857,1.17284,2.25,0.802469,1.642857,0.654321,1.25,1.160494,2.25,1.506173,2.75,1.716049,3.035714,1.938272,0,0,0.0,0.0,0.0,0.0,0.0,0.0,0.0,0.0,0.0,0.0,0.0,0.0,0.0,0.0,0.0,0.0,0.0,0.0,0.0,0.0,0.0,0.0,0.0,0.0,0.0,0.0,0.0,0.0,0.0,0.0,0.0,0.0,0.0,0.0,0.0,0.0,0.0,0.0,0.0,0.0,0.0,0.0,J,15
0.0,0.0,1.703704,0.093023,3.111111,0.453488,3.814815,0.825581,3.444444,1.081395,2.296296,1.0,3.592593,1.116279,3.148148,0.790698,2.62963,0.697674,1.888889,1.081395,3.185185,1.139535,2.703704,0.767442,2.148148,0.674419,1.555556,1.104651,2.814815,1.116279,2.407407,0.767442,1.777778,0.627907,1.296296,1.104651,2.296296,1.44186,2.814815,1.639535,3.074074,1.860465,0,0,0.0,0.0,0.0,0.0,0.0,0.0,0.0,0.0,0.0,0.0,0.0,0.0,0.0,0.0,0.0,0.0,0.0,0.0,0.0,0.0,0.0,0.0,0.0,0.0,0.0,0.0,0.0,0.0,0.0,0.0,0.0,0.0,0.0,0.0,0.0,0.0,0.0,0.0,0.0,0.0,0.0,0.0,J,15
0.0,0.0,2.777778,0.09375,4.777778,0.427083,5.833333,0.729167,5.277778,0.9375,3.0,1.0,5.222222,1.020833,4.666667,0.71875,3.777778,0.625,2.444444,1.0625,4.777778,1.020833,4.166667,0.6875,3.333333,0.604167,2.055556,1.052083,4.333333,0.989583,3.888889,0.666667,3.0,0.5625,2.0,0.989583,3.722222,1.260417,4.388889,1.447917,4.666667,1.635417,0,0,0.0,0.0,0.0,0.0,0.0,0.0,0.0,0.0,0.0,0.0,0.0,0.0,0.0,0.0,0.0,0.0,0.0,0.0,0.0,0.0,0.0,0.0,0.0,0.0,0.0,0.0,0.0,0.0,0.0,0.0,0.0,0.0,0.0,0.0,0.0,0.0,0.0,0.0,0.0,0.0,0.0,0.0,J,15
0.0,0.0,2.45,0.135922,4.2,0.427184,5.25,0.679612,4.95,0.854369,2.6,1.0,4.7,1.009709,4.3,0.708738,3.55,0.61165,2.0,1.038835,4.3,0.970874,3.85,0.660194,3.2,0.563107,1.65,0.980583,3.9,0.902913,3.5,0.61165,2.75,0.514563,1.6,0.873786,3.2,1.126214,3.85,1.31068,4.25,1.495146,0,0,0.0,0.0,0.0,0.0,0.0,0.0,0.0,0.0,0.0,0.0,0.0,0.0,0.0,0.0,0.0,0.0,0.0,0.0,0.0,0.0,0.0,0.0,0.0,0.0,0.0,0.0,0.0,0.0,0.0,0.0,0.0,0.0,0.0,0.0,0.0,0.0,0.0,0.0,0.0,0.0,0.0,0.0,J,15
0.0,0.0,2.45,0.122449,4.1,0.418367,5.1,0.673469,4.75,0.857143,2.55,1.0,4.6,1.020408,4.2,0.704082,3.5,0.612245,1.95,1.030612,4.2,0.959184,3.75,0.622449,3.05,0.55102,1.6,0.959184,3.8,0.877551,3.4,0.561224,2.6,0.469388,1.55,0.836735,3.05,1.091837,3.7,1.285714,4.05,1.489796,0,0,0.0,0.0,0.0,0.0,0.0,0.0,0.0,0.0,0.0,0.0,0.0,0.0,0.0,0.0,0.0,0.0,0.0,0.0,0.0,0.0,0.0,0.0,0.0,0.0,0.0,0.0,0.0,0.0,0.0,0.0,0.0,0.0,0.0,0.0,0.0,0.0,0.0,0.0,0.0,0.0,0.0,0.0,J,15
0.0,0.0,2.944444,0.142857,4.611111,0.419048,5.722222,0.638095,5.555556,0.8,2.5,1.0,5.0,0.971429,4.833333,0.67619,4.222222,0.590476,1.833333,0.990476,4.722222,0.87619,4.444444,0.571429,3.666667,0.514286,1.5,0.866667,4.222222,0.780952,3.944444,0.504762,3.111111,0.438095,1.5,0.685714,3.166667,0.914286,3.833333,1.07619,4.222222,1.247619,0,0,0.0,0.0,0.0,0.0,0.0,0.0,0.0,0.0,0.0,0.0,0.0,0.0,0.0,0.0,0.0,0.0,0.0,0.0,0.0,0.0,0.0,0.0,0.0,0.0,0.0,0.0,0.0,0.0,0.0,0.0,0.0,0.0,0.0,0.0,0.0,0.0,0.0,0.0,0.0,0.0,0.0,0.0,J,15
0.0,0.0,2.578947,0.130841,4.263158,0.401869,5.315789,0.616822,5.210526,0.794393,2.105263,1.0,4.684211,0.981308,4.526316,0.682243,3.894737,0.570093,1.368421,0.971963,4.421053,0.869159,4.105263,0.570093,3.421053,0.485981,1.052632,0.831776,4.052632,0.747664,3.684211,0.485981,2.842105,0.401869,1.105263,0.616822,2.894737,0.841121,3.789474,1.018692,4.526316,1.196262,0,0,0.0,0.0,0.0,0.0,0.0,0.0,0.0,0.0,0.0,0.0,0.0,0.0,0.0,0.0,0.0,0.0,0.0,0.0,0.0,0.0,0.0,0.0,0.0,0.0,0.0,0.0,0.0,0.0,0.0,0.0,0.0,0.0,0.0,0.0,0.0,0.0,0.0,0.0,0.0,0.0,0.0,0.0,J,15
0.0,0.0,2.777778,0.133333,4.666667,0.371429,5.944444,0.580952,5.444444,0.67619,2.166667,1.0,5.055556,0.990476,4.944444,0.685714,4.333333,0.580952,1.388889,0.942857,4.722222,0.838095,4.388889,0.561905,3.611111,0.485714,1.055556,0.780952,4.333333,0.695238,3.888889,0.466667,2.944444,0.409524,1.166667,0.552381,3.444444,0.666667,4.333333,0.67619,4.833333,0.704762,0,0,0.0,0.0,0.0,0.0,0.0,0.0,0.0,0.0,0.0,0.0,0.0,0.0,0.0,0.0,0.0,0.0,0.0,0.0,0.0,0.0,0.0,0.0,0.0,0.0,0.0,0.0,0.0,0.0,0.0,0.0,0.0,0.0,0.0,0.0,0.0,0.0,0.0,0.0,0.0,0.0,0.0,0.0,J,15
0.0,0.0,5.0,0.150943,7.909091,0.377358,10.090909,0.566038,9.818182,0.669811,3.818182,1.0,8.545455,0.971698,8.181818,0.698113,7.0,0.603774,2.818182,0.943396,8.181818,0.849057,7.545455,0.59434,6.363636,0.518868,2.454545,0.792453,7.727273,0.707547,7.181818,0.5,5.727273,0.433962,2.818182,0.566038,6.909091,0.641509,7.636364,0.575472,7.727273,0.518868,0,0,0.0,0.0,0.0,0.0,0.0,0.0,0.0,0.0,0.0,0.0,0.0,0.0,0.0,0.0,0.0,0.0,0.0,0.0,0.0,0.0,0.0,0.0,0.0,0.0,0.0,0.0,0.0,0.0,0.0,0.0,0.0,0.0,0.0,0.0,0.0,0.0,0.0,0.0,0.0,0.0,0.0,0.0,J,15
0.0,0.0,3.176471,0.150943,5.117647,0.377358,6.411765,0.54717,6.117647,0.650943,2.529412,1.0,5.647059,0.971698,5.470588,0.669811,4.705882,0.566038,1.764706,0.915094,5.352941,0.830189,4.941176,0.556604,4.117647,0.481132,1.411765,0.735849,5.0,0.688679,4.588235,0.481132,3.647059,0.424528,1.529412,0.481132,4.235294,0.584906,5.176471,0.584906,5.764706,0.603774,0,0,0.0,0.0,0.0,0.0,0.0,0.0,0.0,0.0,0.0,0.0,0.0,0.0,0.0,0.0,0.0,0.0,0.0,0.0,0.0,0.0,0.0,0.0,0.0,0.0,0.0,0.0,0.0,0.0,0.0,0.0,0.0,0.0,0.0,0.0,0.0,0.0,0.0,0.0,0.0,0.0,0.0,0.0,J,15
0.0,0.0,5.7,0.150943,8.8,0.367925,11.1,0.509434,11.8,0.556604,4.6,1.0,10.5,0.915094,10.1,0.660377,8.6,0.59434,3.6,0.896226,10.0,0.792453,9.3,0.556604,7.7,0.518868,3.3,0.716981,9.3,0.641509,8.6,0.443396,7.0,0.40566,3.6,0.481132,8.6,0.5,8.5,0.386792,7.5,0.349057,0,0,0.0,0.0,0.0,0.0,0.0,0.0,0.0,0.0,0.0,0.0,0.0,0.0,0.0,0.0,0.0,0.0,0.0,0.0,0.0,0.0,0.0,0.0,0.0,0.0,0.0,0.0,0.0,0.0,0.0,0.0,0.0,0.0,0.0,0.0,0.0,0.0,0.0,0.0,0.0,0.0,0.0,0.0,J,15
0.0,0.0,4.333333,0.144231,6.833333,0.346154,8.916667,0.471154,9.583333,0.548077,3.583333,1.0,8.416667,0.913462,7.75,0.644231,6.5,0.596154,2.583333,0.855769,8.25,0.711538,7.333333,0.480769,6.083333,0.432692,2.333333,0.625,7.75,0.5,6.666667,0.326923,5.0,0.307692,2.583333,0.355769,6.416667,0.413462,8.25,0.490385,9.75,0.615385,0,0,0.0,0.0,0.0,0.0,0.0,0.0,0.0,0.0,0.0,0.0,0.0,0.0,0.0,0.0,0.0,0.0,0.0,0.0,0.0,0.0,0.0,0.0,0.0,0.0,0.0,0.0,0.0,0.0,0.0,0.0,0.0,0.0,0.0,0.0,0.0,0.0,0.0,0.0,0.0,0.0,0.0,0.0,J,15
0.0,0.0,11.5,0.215686,20.5,0.421569,28.25,0.509804,29.0,0.460784,10.0,1.0,25.0,0.901961,23.0,0.666667,19.25,0.627451,7.75,0.813725,24.25,0.686275,21.75,0.490196,18.25,0.45098,7.5,0.54902,23.5,0.470588,20.75,0.343137,16.25,0.323529,9.0,0.254902,20.5,0.333333,26.5,0.411765,31.5,0.509804,0,0,0.0,0.0,0.0,0.0,0.0,0.0,0.0,0.0,0.0,0.0,0.0,0.0,0.0,0.0,0.0,0.0,0.0,0.0,0.0,0.0,0.0,0.0,0.0,0.0,0.0,0.0,0.0,0.0,0.0,0.0,0.0,0.0,0.0,0.0,0.0,0.0,0.0,0.0,0.0,0.0,0.0,0.0,J,15
0.0,0.0,14.333333,0.22,25.666667,0.42,37.0,0.48,39.333333,0.43,13.0,1.0,33.0,0.9,30.666667,0.66,25.666667,0.61,10.333333,0.81,32.333333,0.68,29.0,0.47,24.666667,0.43,10.0,0.54,31.333333,0.46,28.0,0.32,22.0,0.3,12.0,0.24,27.333333,0.33,35.333333,0.4,42.0,0.5,0,0,0.0,0.0,0.0,0.0,0.0,0.0,0.0,0.0,0.0,0.0,0.0,0.0,0.0,0.0,0.0,0.0,0.0,0.0,0.0,0.0,0.0,0.0,0.0,0.0,0.0,0.0,0.0,0.0,0.0,0.0,0.0,0.0,0.0,0.0,0.0,0.0,0.0,0.0,0.0,0.0,0.0,0.0,J,15
0.0,0.0,2.6,0.368421,6.5,0.642105,10.8,0.673684,11.8,0.473684,3.8,1.0,10.2,0.915789,9.6,0.694737,8.1,0.652632,3.6,0.778947,10.2,0.663158,9.5,0.463158,8.2,0.421053,4.0,0.494737,10.1,0.431579,9.5,0.284211,8.1,0.252632,4.8,0.189474,9.2,0.221053,11.6,0.221053,13.7,0.242105,0,0,0.0,0.0,0.0,0.0,0.0,0.0,0.0,0.0,0.0,0.0,0.0,0.0,0.0,0.0,0.0,0.0,0.0,0.0,0.0,0.0,0.0,0.0,0.0,0.0,0.0,0.0,0.0,0.0,0.0,0.0,0.0,0.0,0.0,0.0,0.0,0.0,0.0,0.0,0.0,0.0,0.0,0.0,J,15
0.0,0.0,1.533333,0.402174,4.066667,0.673913,6.933333,0.728261,7.866667,0.576087,2.4,1.0,6.666667,0.967391,6.4,0.75,5.4,0.695652,2.466667,0.771739,6.866667,0.695652,6.4,0.5,5.333333,0.467391,2.8,0.48913,6.933333,0.467391,6.466667,0.326087,5.4,0.304348,3.4,0.184783,6.4,0.217391,8.066667,0.206522,9.533333,0.206522,0,0,0.0,0.0,0.0,0.0,0.0,0.0,0.0,0.0,0.0,0.0,0.0,0.0,0.0,0.0,0.0,0.0,0.0,0.0,0.0,0.0,0.0,0.0,0.0,0.0,0.0,0.0,0.0,0.0,0.0,0.0,0.0,0.0,0.0,0.0,0.0,0.0,0.0,0.0,0.0,0.0,0.0,0.0,J,15
0.0,0.0,1.352941,0.423913,3.705882,0.706522,6.235294,0.771739,6.941176,0.597826,2.176471,1.0,5.882353,0.978261,5.705882,0.76087,4.764706,0.706522,2.294118,0.76087,6.058824,0.695652,5.647059,0.5,4.705882,0.467391,2.647059,0.478261,6.176471,0.456522,5.705882,0.315217,4.705882,0.293478,3.176471,0.184783,5.823529,0.184783,7.294118,0.163043,8.529412,0.141304,0,0,0.0,0.0,0.0,0.0,0.0,0.0,0.0,0.0,0.0,0.0,0.0,0.0,0.0,0.0,0.0,0.0,0.0,0.0,0.0,0.0,0.0,0.0,0.0,0.0,0.0,0.0,0.0,0.0,0.0,0.0,0.0,0.0,0.0,0.0,0.0,0.0,0.0,0.0,0.0,0.0,0.0,0.0,J,15
0.0,0.0,1.375,0.43956,3.8125,0.703297,6.625,0.736264,7.5,0.549451,2.375,1.0,6.25,0.978022,6.0,0.747253,5.0,0.703297,2.5,0.758242,6.5,0.67033,5.9375,0.472527,4.9375,0.461538,2.875,0.450549,6.625,0.417582,6.0,0.285714,4.8125,0.274725,3.375,0.142857,6.25,0.131868,7.9375,0.098901,9.25,0.076923,0,0,0.0,0.0,0.0,0.0,0.0,0.0,0.0,0.0,0.0,0.0,0.0,0.0,0.0,0.0,0.0,0.0,0.0,0.0,0.0,0.0,0.0,0.0,0.0,0.0,0.0,0.0,0.0,0.0,0.0,0.0,0.0,0.0,0.0,0.0,0.0,0.0,0.0,0.0,0.0,0.0,0.0,0.0,J,15
0.0,0.0,1.166667,0.449438,3.444444,0.730337,5.944444,0.775281,6.833333,0.595506,2.277778,1.0,5.611111,1.022472,5.333333,0.797753,4.388889,0.741573,2.444444,0.730337,5.944444,0.707865,5.388889,0.505618,4.444444,0.494382,2.833333,0.426966,6.166667,0.426966,5.444444,0.314607,4.277778,0.314607,3.277778,0.11236,5.833333,0.089888,7.333333,0.033708,8.555556,0.0,0,0,0.0,0.0,0.0,0.0,0.0,0.0,0.0,0.0,0.0,0.0,0.0,0.0,0.0,0.0,0.0,0.0,0.0,0.0,0.0,0.0,0.0,0.0,0.0,0.0,0.0,0.0,0.0,0.0,0.0,0.0,0.0,0.0,0.0,0.0,0.0,0.0,0.0,0.0,0.0,0.0,0.0,0.0,J,15
0.0,0.0,1.222222,0.454545,3.388889,0.75,5.888889,0.761364,7.0,0.534091,2.333333,1.0,5.944444,1.011364,5.666667,0.784091,4.722222,0.738636,2.5,0.727273,6.166667,0.704545,5.722222,0.5,4.722222,0.465909,2.888889,0.420455,6.333333,0.420455,5.777778,0.284091,4.666667,0.272727,3.333333,0.102273,6.0,0.079545,7.444444,0.0,8.611111,-0.034091,0,0,0.0,0.0,0.0,0.0,0.0,0.0,0.0,0.0,0.0,0.0,0.0,0.0,0.0,0.0,0.0,0.0,0.0,0.0,0.0,0.0,0.0,0.0,0.0,0.0,0.0,0.0,0.0,0.0,0.0,0.0,0.0,0.0,0.0,0.0,0.0,0.0,0.0,0.0,0.0,0.0,0.0,0.0,J,15
0.0,0.0,1.222222,0.482353,3.5,0.776471,5.944444,0.8,6.888889,0.564706,2.5,1.0,5.944444,1.035294,5.555556,0.823529,4.611111,0.776471,2.722222,0.694118,6.222222,0.705882,5.722222,0.529412,4.833333,0.494118,3.111111,0.364706,6.444444,0.388235,5.722222,0.294118,4.555556,0.294118,3.5,0.047059,6.222222,0.023529,7.777778,-0.047059,9.055556,-0.105882,0,0,0.0,0.0,0.0,0.0,0.0,0.0,0.0,0.0,0.0,0.0,0.0,0.0,0.0,0.0,0.0,0.0,0.0,0.0,0.0,0.0,0.0,0.0,0.0,0.0,0.0,0.0,0.0,0.0,0.0,0.0,0.0,0.0,0.0,0.0,0.0,0.0,0.0,0.0,0.0,0.0,0.0,0.0,J,15
0.0,0.0,1.1,0.493827,3.25,0.802469,5.55,0.802469,6.4,0.555556,2.4,1.0,5.65,1.024691,5.1,0.814815,4.15,0.777778,2.65,0.679012,5.75,0.703704,5.2,0.530864,4.4,0.481481,3.0,0.333333,5.95,0.382716,5.3,0.283951,4.3,0.271605,3.4,0.012346,5.9,-0.024691,7.25,-0.135802,8.35,-0.209877,0,0,0.0,0.0,0.0,0.0,0.0,0.0,0.0,0.0,0.0,0.0,0.0,0.0,0.0,0.0,0.0,0.0,0.0,0.0,0.0,0.0,0.0,0.0,0.0,0.0,0.0,0.0,0.0,0.0,0.0,0.0,0.0,0.0,0.0,0.0,0.0,0.0,0.0,0.0,0.0,0.0,0.0,0.0,J,15
0.0,0.0,1.0,0.475,3.2,0.775,5.45,0.8,6.35,0.55,2.35,1.0,5.55,1.05,4.95,0.825,4.05,0.775,2.6,0.6875,5.7,0.7125,5.1,0.525,4.3,0.4875,2.95,0.3375,5.9,0.375,5.2,0.275,4.2,0.2625,3.35,0.0,5.8,-0.05,7.2,-0.175,8.3,-0.25,0,0,0.0,0.0,0.0,0.0,0.0,0.0,0.0,0.0,0.0,0.0,0.0,0.0,0.0,0.0,0.0,0.0,0.0,0.0,0.0,0.0,0.0,0.0,0.0,0.0,0.0,0.0,0.0,0.0,0.0,0.0,0.0,0.0,0.0,0.0,0.0,0.0,0.0,0.0,0.0,0.0,0.0,0.0,J,15
0.0,0.0,0.826087,0.534247,2.782609,0.863014,4.826087,0.876712,5.521739,0.60274,2.043478,1.0,4.869565,1.068493,4.347826,0.849315,3.565217,0.780822,2.391304,0.616438,5.0,0.712329,4.478261,0.561644,3.782609,0.493151,2.73913,0.232877,5.173913,0.356164,4.652174,0.30137,3.826087,0.287671,3.043478,-0.082192,5.217391,-0.136986,6.434783,-0.246575,7.434783,-0.328767,0,0,0.0,0.0,0.0,0.0,0.0,0.0,0.0,0.0,0.0,0.0,0.0,0.0,0.0,0.0,0.0,0.0,0.0,0.0,0.0,0.0,0.0,0.0,0.0,0.0,0.0,0.0,0.0,0.0,0.0,0.0,0.0,0.0,0.0,0.0,0.0,0.0,0.0,0.0,0.0,0.0,0.0,0.0,J,15
0.0,0.0,0.809524,0.549296,2.857143,0.873239,5.095238,0.887324,6.047619,0.605634,2.380952,1.0,5.333333,1.042254,4.761905,0.859155,3.904762,0.802817,2.714286,0.577465,5.52381,0.704225,4.952381,0.591549,4.190476,0.507042,3.095238,0.183099,5.714286,0.366197,5.142857,0.352113,4.238095,0.352113,3.380952,-0.126761,5.809524,-0.183099,7.190476,-0.295775,8.333333,-0.366197,0,0,0.0,0.0,0.0,0.0,0.0,0.0,0.0,0.0,0.0,0.0,0.0,0.0,0.0,0.0,0.0,0.0,0.0,0.0,0.0,0.0,0.0,0.0,0.0,0.0,0.0,0.0,0.0,0.0,0.0,0.0,0.0,0.0,0.0,0.0,0.0,0.0,0.0,0.0,0.0,0.0,0.0,0.0,J,15
0.0,0.0,0.761905,0.609375,2.809524,0.96875,5.0,0.984375,6.047619,0.75,2.47619,1.0,5.571429,1.109375,5.0,0.921875,4.142857,0.828125,2.857143,0.53125,5.809524,0.6875,5.142857,0.5625,4.285714,0.484375,3.190476,0.125,5.904762,0.28125,5.190476,0.25,4.190476,0.21875,3.47619,-0.1875,5.857143,-0.203125,7.285714,-0.28125,8.47619,-0.34375,0,0,0.0,0.0,0.0,0.0,0.0,0.0,0.0,0.0,0.0,0.0,0.0,0.0,0.0,0.0,0.0,0.0,0.0,0.0,0.0,0.0,0.0,0.0,0.0,0.0,0.0,0.0,0.0,0.0,0.0,0.0,0.0,0.0,0.0,0.0,0.0,0.0,0.0,0.0,0.0,0.0,0.0,0.0,J,15
0.0,0.0,0.894737,0.677966,2.947368,1.050847,5.052632,0.983051,6.263158,0.711864,3.157895,1.0,6.421053,1.169492,5.894737,1.016949,5.0,0.881356,3.526316,0.525424,6.684211,0.728814,5.947368,0.627119,5.0,0.542373,3.894737,0.101695,6.684211,0.322034,5.947368,0.305085,5.0,0.254237,4.157895,-0.220339,6.736842,-0.186441,8.263158,-0.254237,9.526316,-0.322034,0,0,0.0,0.0,0.0,0.0,0.0,0.0,0.0,0.0,0.0,0.0,0.0,0.0,0.0,0.0,0.0,0.0,0.0,0.0,0.0,0.0,0.0,0.0,0.0,0.0,0.0,0.0,0.0,0.0,0.0,0.0,0.0,0.0,0.0,0.0,0.0,0.0,0.0,0.0,0.0,0.0,0.0,0.0,J,15
0.0,0.0,0.894737,0.694915,3.052632,1.050847,5.263158,1.0,6.526316,0.728814,3.473684,1.0,6.526316,1.169492,6.052632,1.033898,5.263158,0.881356,3.894737,0.525424,6.842105,0.711864,6.105263,0.661017,5.210526,0.576271,4.210526,0.101695,6.894737,0.355932,6.210526,0.355932,5.315789,0.338983,4.473684,-0.20339,7.0,-0.152542,8.473684,-0.186441,9.684211,-0.237288,0,0,0.0,0.0,0.0,0.0,0.0,0.0,0.0,0.0,0.0,0.0,0.0,0.0,0.0,0.0,0.0,0.0,0.0,0.0,0.0,0.0,0.0,0.0,0.0,0.0,0.0,0.0,0.0,0.0,0.0,0.0,0.0,0.0,0.0,0.0,0.0,0.0,0.0,0.0,0.0,0.0,0.0,0.0,J,15
0.0,0.0,0.8,0.724138,2.85,1.086207,4.9,1.0,6.1,0.706897,3.3,1.0,6.2,1.206897,5.55,1.068966,4.7,0.931034,3.75,0.517241,6.5,0.741379,5.65,0.689655,4.8,0.586207,4.05,0.086207,6.45,0.344828,5.75,0.362069,4.9,0.327586,4.3,-0.206897,6.6,-0.137931,7.9,-0.155172,9.0,-0.189655,0,0,0.0,0.0,0.0,0.0,0.0,0.0,0.0,0.0,0.0,0.0,0.0,0.0,0.0,0.0,0.0,0.0,0.0,0.0,0.0,0.0,0.0,0.0,0.0,0.0,0.0,0.0,0.0,0.0,0.0,0.0,0.0,0.0,0.0,0.0,0.0,0.0,0.0,0.0,0.0,0.0,0.0,0.0,J,15
0.0,0.0,0.947368,0.789474,3.052632,1.122807,4.947368,1.017544,6.105263,0.666667,3.789474,1.0,6.631579,1.245614,5.842105,1.157895,5.0,1.017544,4.263158,0.508772,6.947368,0.789474,6.052632,0.754386,5.210526,0.649123,4.578947,0.087719,7.0,0.403509,6.210526,0.438596,5.368421,0.385965,4.789474,-0.192982,7.157895,-0.122807,8.473684,-0.122807,9.631579,-0.157895,0,0,0.0,0.0,0.0,0.0,0.0,0.0,0.0,0.0,0.0,0.0,0.0,0.0,0.0,0.0,0.0,0.0,0.0,0.0,0.0,0.0,0.0,0.0,0.0,0.0,0.0,0.0,0.0,0.0,0.0,0.0,0.0,0.0,0.0,0.0,0.0,0.0,0.0,0.0,0.0,0.0,0.0,0.0,J,15
0.0,0.0,0.894737,0.789474,3.157895,1.122807,5.210526,0.964912,6.368421,0.578947,3.894737,1.0,6.684211,1.245614,5.789474,1.175439,4.947368,1.035088,4.368421,0.491228,7.052632,0.789474,6.105263,0.789474,5.157895,0.701754,4.684211,0.087719,7.105263,0.421053,6.368421,0.473684,5.526316,0.438596,4.894737,-0.175439,7.157895,-0.087719,8.473684,-0.070175,9.578947,-0.087719,0,0,0.0,0.0,0.0,0.0,0.0,0.0,0.0,0.0,0.0,0.0,0.0,0.0,0.0,0.0,0.0,0.0,0.0,0.0,0.0,0.0,0.0,0.0,0.0,0.0,0.0,0.0,0.0,0.0,0.0,0.0,0.0,0.0,0.0,0.0,0.0,0.0,0.0,0.0,0.0,0.0,0.0,0.0,J,15
0.0,0.0,1.0,0.810345,3.352941,1.137931,5.411765,0.948276,6.588235,0.568966,4.411765,1.0,7.411765,1.241379,6.294118,1.155172,5.352941,1.017241,4.941176,0.5,7.705882,0.793103,6.647059,0.775862,5.705882,0.672414,5.235294,0.103448,7.764706,0.396552,6.941176,0.448276,6.0,0.413793,5.411765,-0.155172,7.941176,-0.051724,9.352941,-0.051724,10.529412,-0.068966,0,0,0.0,0.0,0.0,0.0,0.0,0.0,0.0,0.0,0.0,0.0,0.0,0.0,0.0,0.0,0.0,0.0,0.0,0.0,0.0,0.0,0.0,0.0,0.0,0.0,0.0,0.0,0.0,0.0,0.0,0.0,0.0,0.0,0.0,0.0,0.0,0.0,0.0,0.0,0.0,0.0,0.0,0.0,J,15
0.0,0.0,0.944444,0.851852,3.222222,1.166667,5.166667,0.944444,6.222222,0.5,4.055556,1.0,6.888889,1.314815,5.833333,1.240741,5.0,1.074074,4.555556,0.481481,7.277778,0.833333,6.222222,0.814815,5.333333,0.703704,4.888889,0.055556,7.333333,0.444444,6.5,0.5,5.666667,0.444444,5.055556,-0.222222,7.444444,-0.074074,8.777778,-0.055556,9.888889,-0.074074,0,0,0.0,0.0,0.0,0.0,0.0,0.0,0.0,0.0,0.0,0.0,0.0,0.0,0.0,0.0,0.0,0.0,0.0,0.0,0.0,0.0,0.0,0.0,0.0,0.0,0.0,0.0,0.0,0.0,0.0,0.0,0.0,0.0,0.0,0.0,0.0,0.0,0.0,0.0,0.0,0.0,0.0,0.0,J,15
0.0,0.0,0.882353,0.87037,3.235294,1.185185,5.176471,0.981481,6.294118,0.592593,4.294118,1.0,7.117647,1.351852,6.0,1.296296,5.0,1.148148,4.882353,0.462963,7.529412,0.851852,6.411765,0.888889,5.470588,0.777778,5.176471,0.074074,7.647059,0.462963,6.764706,0.555556,5.882353,0.518519,5.294118,-0.185185,7.764706,-0.055556,9.117647,-0.018519,10.352941,-0.037037,0,0,0.0,0.0,0.0,0.0,0.0,0.0,0.0,0.0,0.0,0.0,0.0,0.0,0.0,0.0,0.0,0.0,0.0,0.0,0.0,0.0,0.0,0.0,0.0,0.0,0.0,0.0,0.0,0.0,0.0,0.0,0.0,0.0,0.0,0.0,0.0,0.0,0.0,0.0,0.0,0.0,0.0,0.0,J,15
0.0,0.0,1.0,0.903846,3.5,1.230769,5.625,1.038462,6.8125,0.615385,4.6875,1.0,7.625,1.403846,6.375,1.365385,5.5,1.173077,5.25,0.442308,8.0,0.884615,6.8125,0.923077,5.875,0.807692,5.5625,0.038462,8.0625,0.480769,7.125,0.596154,6.1875,0.557692,5.6875,-0.211538,8.3125,-0.076923,9.8125,-0.038462,11.125,-0.038462,0,0,0.0,0.0,0.0,0.0,0.0,0.0,0.0,0.0,0.0,0.0,0.0,0.0,0.0,0.0,0.0,0.0,0.0,0.0,0.0,0.0,0.0,0.0,0.0,0.0,0.0,0.0,0.0,0.0,0.0,0.0,0.0,0.0,0.0,0.0,0.0,0.0,0.0,0.0,0.0,0.0,0.0,0.0,J,15
0.0,0.0,0.833333,0.888889,3.0,1.240741,4.944444,1.074074,6.0,0.703704,4.055556,1.0,6.666667,1.407407,5.611111,1.351852,4.833333,1.166667,4.611111,0.462963,7.0,0.907407,5.944444,0.944444,5.166667,0.814815,4.888889,0.074074,7.111111,0.5,6.277778,0.62963,5.444444,0.592593,5.055556,-0.166667,7.388889,-0.018519,8.666667,0.037037,9.833333,0.018519,0,0,0.0,0.0,0.0,0.0,0.0,0.0,0.0,0.0,0.0,0.0,0.0,0.0,0.0,0.0,0.0,0.0,0.0,0.0,0.0,0.0,0.0,0.0,0.0,0.0,0.0,0.0,0.0,0.0,0.0,0.0,0.0,0.0,0.0,0.0,0.0,0.0,0.0,0.0,0.0,0.0,0.0,0.0,J,15
0.0,0.0,0.882353,0.90566,3.294118,1.245283,5.411765,1.056604,6.588235,0.660377,4.235294,1.0,7.0,1.396226,5.882353,1.358491,5.0,1.169811,4.764706,0.45283,7.411765,0.867925,6.294118,0.90566,5.352941,0.792453,5.058824,0.056604,7.470588,0.471698,6.588235,0.584906,5.705882,0.566038,5.235294,-0.188679,7.705882,-0.056604,9.117647,0.0,10.352941,-0.018868,0,0,0.0,0.0,0.0,0.0,0.0,0.0,0.0,0.0,0.0,0.0,0.0,0.0,0.0,0.0,0.0,0.0,0.0,0.0,0.0,0.0,0.0,0.0,0.0,0.0,0.0,0.0,0.0,0.0,0.0,0.0,0.0,0.0,0.0,0.0,0.0,0.0,0.0,0.0,0.0,0.0,0.0,0.0,J,15
0.0,0.0,0.833333,0.903846,3.055556,1.269231,5.0,1.076923,6.055556,0.653846,4.055556,1.0,6.666667,1.423077,5.666667,1.403846,4.833333,1.230769,4.611111,0.461538,7.0,0.903846,5.944444,0.942308,5.166667,0.826923,4.888889,0.057692,7.111111,0.519231,6.277778,0.634615,5.444444,0.596154,5.055556,-0.192308,7.333333,-0.057692,8.722222,0.0,9.888889,0.0,0,0,0.0,0.0,0.0,0.0,0.0,0.0,0.0,0.0,0.0,0.0,0.0,0.0,0.0,0.0,0.0,0.0,0.0,0.0,0.0,0.0,0.0,0.0,0.0,0.0,0.0,0.0,0.0,0.0,0.0,0.0,0.0,0.0,0.0,0.0,0.0,0.0,0.0,0.0,0.0,0.0,0.0,0.0,J,15
0.0,0.0,0.684211,0.886792,2.789474,1.245283,4.578947,1.056604,5.578947,0.660377,3.736842,1.0,6.263158,1.415094,5.263158,1.377358,4.473684,1.188679,4.263158,0.471698,6.526316,0.90566,5.526316,0.943396,4.736842,0.811321,4.526316,0.075472,6.684211,0.490566,5.842105,0.603774,5.0,0.584906,4.736842,-0.169811,6.894737,-0.056604,8.157895,0.0,9.263158,-0.018868,0,0,0.0,0.0,0.0,0.0,0.0,0.0,0.0,0.0,0.0,0.0,0.0,0.0,0.0,0.0,0.0,0.0,0.0,0.0,0.0,0.0,0.0,0.0,0.0,0.0,0.0,0.0,0.0,0.0,0.0,0.0,0.0,0.0,0.0,0.0,0.0,0.0,0.0,0.0,0.0,0.0,0.0,0.0,J,15
0.0,0.0,0.75,0.888889,2.75,1.240741,4.6,1.055556,5.6,0.666667,3.55,1.0,6.0,1.407407,5.05,1.37037,4.3,1.185185,4.05,0.481481,6.3,0.907407,5.3,0.925926,4.6,0.796296,4.3,0.092593,6.35,0.5,5.55,0.592593,4.8,0.555556,4.55,-0.148148,6.65,-0.018519,7.8,0.018519,8.85,0.0,0,0,0.0,0.0,0.0,0.0,0.0,0.0,0.0,0.0,0.0,0.0,0.0,0.0,0.0,0.0,0.0,0.0,0.0,0.0,0.0,0.0,0.0,0.0,0.0,0.0,0.0,0.0,0.0,0.0,0.0,0.0,0.0,0.0,0.0,0.0,0.0,0.0,0.0,0.0,0.0,0.0,0.0,0.0,J,15
0.0,0.0,0.8,0.851852,2.8,1.240741,4.65,1.092593,5.7,0.740741,3.4,1.0,5.95,1.37037,5.1,1.333333,4.4,1.185185,3.85,0.481481,6.2,0.87037,5.4,0.888889,4.65,0.777778,4.15,0.092593,6.3,0.462963,5.55,0.555556,4.8,0.518519,4.4,-0.166667,6.55,-0.074074,7.8,0.0,8.9,-0.018519,0,0,0.0,0.0,0.0,0.0,0.0,0.0,0.0,0.0,0.0,0.0,0.0,0.0,0.0,0.0,0.0,0.0,0.0,0.0,0.0,0.0,0.0,0.0,0.0,0.0,0.0,0.0,0.0,0.0,0.0,0.0,0.0,0.0,0.0,0.0,0.0,0.0,0.0,0.0,0.0,0.0,0.0,0.0,J,15
0.0,0.0,0.842105,0.833333,3.0,1.166667,5.052632,0.981481,6.210526,0.611111,3.578947,1.0,6.157895,1.37037,5.315789,1.351852,4.578947,1.203704,4.0,0.481481,6.526316,0.888889,5.578947,0.925926,4.842105,0.833333,4.315789,0.092593,6.684211,0.5,5.894737,0.611111,5.052632,0.592593,4.578947,-0.148148,6.842105,-0.074074,8.157895,-0.018519,9.368421,-0.018519,0,0,0.0,0.0,0.0,0.0,0.0,0.0,0.0,0.0,0.0,0.0,0.0,0.0,0.0,0.0,0.0,0.0,0.0,0.0,0.0,0.0,0.0,0.0,0.0,0.0,0.0,0.0,0.0,0.0,0.0,0.0,0.0,0.0,0.0,0.0,0.0,0.0,0.0,0.0,0.0,0.0,0.0,0.0,J,15
0.0,0.0,0.842105,0.767857,3.105263,1.089286,5.263158,0.982143,6.473684,0.660714,3.421053,1.0,6.210526,1.267857,5.315789,1.232143,4.578947,1.107143,3.842105,0.5,6.473684,0.803571,5.578947,0.803571,4.789474,0.714286,4.157895,0.089286,6.631579,0.428571,5.842105,0.5,4.947368,0.464286,4.421053,-0.178571,6.736842,-0.089286,8.105263,-0.017857,9.263158,0.0,0,0,0.0,0.0,0.0,0.0,0.0,0.0,0.0,0.0,0.0,0.0,0.0,0.0,0.0,0.0,0.0,0.0,0.0,0.0,0.0,0.0,0.0,0.0,0.0,0.0,0.0,0.0,0.0,0.0,0.0,0.0,0.0,0.0,0.0,0.0,0.0,0.0,0.0,0.0,0.0,0.0,0.0,0.0,J,15
0.0,0.0,0.8,0.688525,2.95,0.983607,5.05,0.901639,6.3,0.672131,3.1,1.0,5.8,1.180328,5.1,1.114754,4.4,1.0,3.4,0.540984,6.05,0.754098,5.35,0.721311,4.5,0.622951,3.75,0.131148,6.3,0.393443,5.65,0.42623,4.8,0.393443,4.1,-0.147541,6.35,-0.081967,7.7,-0.032787,8.9,-0.016393,0,0,0.0,0.0,0.0,0.0,0.0,0.0,0.0,0.0,0.0,0.0,0.0,0.0,0.0,0.0,0.0,0.0,0.0,0.0,0.0,0.0,0.0,0.0,0.0,0.0,0.0,0.0,0.0,0.0,0.0,0.0,0.0,0.0,0.0,0.0,0.0,0.0,0.0,0.0,0.0,0.0,0.0,0.0,J,15
0.0,0.0,0.6,0.540541,2.36,0.864865,4.24,0.891892,5.2,0.743243,2.2,1.0,4.6,1.094595,4.12,0.959459,3.52,0.878378,2.52,0.608108,4.84,0.743243,4.32,0.648649,3.52,0.581081,2.84,0.243243,5.0,0.432432,4.48,0.391892,3.76,0.337838,3.2,-0.027027,5.04,0.027027,6.16,0.067568,7.12,0.108108,0,0,0.0,0.0,0.0,0.0,0.0,0.0,0.0,0.0,0.0,0.0,0.0,0.0,0.0,0.0,0.0,0.0,0.0,0.0,0.0,0.0,0.0,0.0,0.0,0.0,0.0,0.0,0.0,0.0,0.0,0.0,0.0,0.0,0.0,0.0,0.0,0.0,0.0,0.0,0.0,0.0,0.0,0.0,J,15
0.0,0.0,0.673469,-0.333333,1.591837,0.083333,1.938776,0.8125,1.795918,1.416667,1.693878,1.0,2.163265,1.416667,1.836735,0.916667,1.571429,0.645833,1.387755,1.270833,1.755102,1.625,1.387755,1.041667,1.163265,0.770833,1.061224,1.479167,1.367347,1.625,0.979592,0.958333,0.632653,0.604167,0.693878,1.666667,1.183673,2.3125,1.510204,2.666667,1.795918,3.041667,0,0,0.0,0.0,0.0,0.0,0.0,0.0,0.0,0.0,0.0,0.0,0.0,0.0,0.0,0.0,0.0,0.0,0.0,0.0,0.0,0.0,0.0,0.0,0.0,0.0,0.0,0.0,0.0,0.0,0.0,0.0,0.0,0.0,0.0,0.0,0.0,0.0,0.0,0.0,0.0,0.0,0.0,0.0,J,16
0.0,0.0,0.787234,-0.173077,1.765957,0.269231,2.212766,0.942308,1.978723,1.519231,1.829787,1.0,2.319149,1.307692,1.957447,0.923077,1.659574,0.711538,1.531915,1.269231,1.978723,1.576923,1.553191,1.076923,1.255319,0.807692,1.191489,1.480769,1.617021,1.673077,1.170213,1.115385,0.787234,0.788462,0.829787,1.692308,1.361702,2.211538,1.702128,2.538462,2.042553,2.846154,0,0,0.0,0.0,0.0,0.0,0.0,0.0,0.0,0.0,0.0,0.0,0.0,0.0,0.0,0.0,0.0,0.0,0.0,0.0,0.0,0.0,0.0,0.0,0.0,0.0,0.0,0.0,0.0,0.0,0.0,0.0,0.0,0.0,0.0,0.0,0.0,0.0,0.0,0.0,0.0,0.0,0.0,0.0,J,16
0.0,0.0,0.75,-0.153846,1.708333,0.288462,2.104167,1.0,1.854167,1.576923,1.770833,1.0,2.25,1.423077,2.020833,1.173077,1.833333,0.942308,1.479167,1.25,1.875,1.576923,1.479167,1.096154,1.166667,0.826923,1.145833,1.442308,1.541667,1.711538,1.104167,1.153846,0.708333,0.807692,0.770833,1.673077,1.291667,2.173077,1.604167,2.5,1.916667,2.788462,0,0,0.0,0.0,0.0,0.0,0.0,0.0,0.0,0.0,0.0,0.0,0.0,0.0,0.0,0.0,0.0,0.0,0.0,0.0,0.0,0.0,0.0,0.0,0.0,0.0,0.0,0.0,0.0,0.0,0.0,0.0,0.0,0.0,0.0,0.0,0.0,0.0,0.0,0.0,0.0,0.0,0.0,0.0,J,16
0.0,0.0,0.770833,-0.14,1.729167,0.3,2.145833,1.04,1.916667,1.62,1.895833,1.0,2.375,1.42,2.0625,1.06,1.833333,0.86,1.604167,1.28,1.958333,1.62,1.5625,1.14,1.333333,0.92,1.270833,1.5,1.604167,1.76,1.166667,1.18,0.791667,0.88,0.895833,1.76,1.375,2.24,1.666667,2.54,1.958333,2.88,0,0,0.0,0.0,0.0,0.0,0.0,0.0,0.0,0.0,0.0,0.0,0.0,0.0,0.0,0.0,0.0,0.0,0.0,0.0,0.0,0.0,0.0,0.0,0.0,0.0,0.0,0.0,0.0,0.0,0.0,0.0,0.0,0.0,0.0,0.0,0.0,0.0,0.0,0.0,0.0,0.0,0.0,0.0,J,16
0.0,0.0,0.8125,-0.12766,1.75,0.340426,2.1875,1.085106,1.979167,1.702128,1.916667,1.0,2.4375,1.446809,2.083333,1.06383,1.8125,0.829787,1.625,1.319149,2.020833,1.702128,1.583333,1.191489,1.3125,0.93617,1.291667,1.574468,1.645833,1.87234,1.208333,1.276596,0.833333,0.93617,0.916667,1.829787,1.416667,2.361702,1.729167,2.659574,2.0,3.021277,0,0,0.0,0.0,0.0,0.0,0.0,0.0,0.0,0.0,0.0,0.0,0.0,0.0,0.0,0.0,0.0,0.0,0.0,0.0,0.0,0.0,0.0,0.0,0.0,0.0,0.0,0.0,0.0,0.0,0.0,0.0,0.0,0.0,0.0,0.0,0.0,0.0,0.0,0.0,0.0,0.0,0.0,0.0,J,16
0.0,0.0,0.826087,-0.130435,1.782609,0.347826,2.26087,1.108696,2.108696,1.717391,1.978261,1.0,2.521739,1.413043,2.152174,1.043478,1.869565,0.826087,1.673913,1.326087,2.108696,1.695652,1.652174,1.195652,1.369565,0.956522,1.347826,1.586957,1.73913,1.891304,1.282609,1.304348,0.891304,0.978261,0.978261,1.869565,1.5,2.369565,1.782609,2.695652,2.065217,3.043478,0,0,0.0,0.0,0.0,0.0,0.0,0.0,0.0,0.0,0.0,0.0,0.0,0.0,0.0,0.0,0.0,0.0,0.0,0.0,0.0,0.0,0.0,0.0,0.0,0.0,0.0,0.0,0.0,0.0,0.0,0.0,0.0,0.0,0.0,0.0,0.0,0.0,0.0,0.0,0.0,0.0,0.0,0.0,J,16
0.0,0.0,0.804348,-0.195122,1.76087,0.341463,2.217391,1.195122,1.978261,1.804878,1.956522,1.0,2.521739,1.463415,2.282609,1.121951,2.108696,0.853659,1.673913,1.365854,2.086957,1.804878,1.673913,1.341463,1.391304,1.04878,1.326087,1.682927,1.673913,2.04878,1.23913,1.463415,0.869565,1.04878,0.956522,2.02439,1.456522,2.560976,1.76087,2.926829,2.043478,3.317073,0,0,0.0,0.0,0.0,0.0,0.0,0.0,0.0,0.0,0.0,0.0,0.0,0.0,0.0,0.0,0.0,0.0,0.0,0.0,0.0,0.0,0.0,0.0,0.0,0.0,0.0,0.0,0.0,0.0,0.0,0.0,0.0,0.0,0.0,0.0,0.0,0.0,0.0,0.0,0.0,0.0,0.0,0.0,J,16
0.0,0.0,0.902439,-0.146341,1.926829,0.390244,2.463415,1.170732,2.292683,1.829268,2.073171,1.0,2.658537,1.414634,2.243902,1.073171,1.926829,0.878049,1.780488,1.365854,2.219512,1.756098,1.731707,1.292683,1.365854,1.02439,1.439024,1.682927,1.853659,2.04878,1.341463,1.414634,0.926829,1.02439,1.073171,2.0,1.609756,2.536585,1.95122,2.853659,2.268293,3.219512,0,0,0.0,0.0,0.0,0.0,0.0,0.0,0.0,0.0,0.0,0.0,0.0,0.0,0.0,0.0,0.0,0.0,0.0,0.0,0.0,0.0,0.0,0.0,0.0,0.0,0.0,0.0,0.0,0.0,0.0,0.0,0.0,0.0,0.0,0.0,0.0,0.0,0.0,0.0,0.0,0.0,0.0,0.0,J,16
0.0,0.0,0.840909,-0.153846,1.795455,0.358974,2.25,1.179487,2.045455,1.846154,1.931818,1.0,2.477273,1.384615,2.181818,1.051282,1.909091,0.794872,1.636364,1.384615,2.090909,1.794872,1.681818,1.307692,1.363636,1.051282,1.295455,1.717949,1.704545,2.102564,1.25,1.461538,0.840909,1.076923,0.931818,2.051282,1.454545,2.589744,1.795455,2.923077,2.113636,3.307692,0,0,0.0,0.0,0.0,0.0,0.0,0.0,0.0,0.0,0.0,0.0,0.0,0.0,0.0,0.0,0.0,0.0,0.0,0.0,0.0,0.0,0.0,0.0,0.0,0.0,0.0,0.0,0.0,0.0,0.0,0.0,0.0,0.0,0.0,0.0,0.0,0.0,0.0,0.0,0.0,0.0,0.0,0.0,J,16
0.0,0.0,0.837209,-0.184211,1.813953,0.368421,2.27907,1.210526,2.116279,1.894737,1.953488,1.0,2.534884,1.421053,2.348837,1.078947,2.162791,0.789474,1.674419,1.421053,2.139535,1.842105,1.72093,1.342105,1.395349,1.052632,1.325581,1.763158,1.744186,2.157895,1.255814,1.5,0.837209,1.052632,0.953488,2.131579,1.488372,2.657895,1.837209,3.026316,2.162791,3.421053,0,0,0.0,0.0,0.0,0.0,0.0,0.0,0.0,0.0,0.0,0.0,0.0,0.0,0.0,0.0,0.0,0.0,0.0,0.0,0.0,0.0,0.0,0.0,0.0,0.0,0.0,0.0,0.0,0.0,0.0,0.0,0.0,0.0,0.0,0.0,0.0,0.0,0.0,0.0,0.0,0.0,0.0,0.0,J,16
0.0,0.0,0.902439,-0.170732,1.926829,0.341463,2.414634,1.121951,2.219512,1.756098,2.02439,1.0,2.585366,1.365854,2.170732,1.02439,1.829268,0.829268,1.731707,1.341463,2.170732,1.731707,1.682927,1.219512,1.341463,0.97561,1.390244,1.634146,1.804878,2.0,1.317073,1.390244,0.902439,1.0,1.02439,1.95122,1.585366,2.463415,1.95122,2.780488,2.317073,3.121951,0,0,0.0,0.0,0.0,0.0,0.0,0.0,0.0,0.0,0.0,0.0,0.0,0.0,0.0,0.0,0.0,0.0,0.0,0.0,0.0,0.0,0.0,0.0,0.0,0.0,0.0,0.0,0.0,0.0,0.0,0.0,0.0,0.0,0.0,0.0,0.0,0.0,0.0,0.0,0.0,0.0,0.0,0.0,J,16
0.0,0.0,0.925,-0.205128,1.95,0.358974,2.475,1.179487,2.2,1.820513,2.025,1.0,2.6,1.410256,2.2,1.051282,1.85,0.820513,1.75,1.358974,2.2,1.794872,1.725,1.282051,1.325,0.974359,1.4,1.666667,1.825,2.076923,1.35,1.435897,0.9,1.025641,1.025,2.025641,1.625,2.538462,2.0,2.871795,2.35,3.230769,0,0,0.0,0.0,0.0,0.0,0.0,0.0,0.0,0.0,0.0,0.0,0.0,0.0,0.0,0.0,0.0,0.0,0.0,0.0,0.0,0.0,0.0,0.0,0.0,0.0,0.0,0.0,0.0,0.0,0.0,0.0,0.0,0.0,0.0,0.0,0.0,0.0,0.0,0.0,0.0,0.0,0.0,0.0,J,16
0.0,0.0,0.878049,-0.2,1.902439,0.35,2.390244,1.15,2.146341,1.75,1.97561,1.0,2.536585,1.4,2.121951,1.075,1.731707,0.825,1.682927,1.35,2.121951,1.775,1.658537,1.275,1.292683,0.975,1.341463,1.65,1.731707,2.025,1.268293,1.4,0.853659,0.975,0.97561,1.95,1.560976,2.5,1.926829,2.825,2.292683,3.175,0,0,0.0,0.0,0.0,0.0,0.0,0.0,0.0,0.0,0.0,0.0,0.0,0.0,0.0,0.0,0.0,0.0,0.0,0.0,0.0,0.0,0.0,0.0,0.0,0.0,0.0,0.0,0.0,0.0,0.0,0.0,0.0,0.0,0.0,0.0,0.0,0.0,0.0,0.0,0.0,0.0,0.0,0.0,J,16
0.0,0.0,0.875,-0.195122,1.925,0.341463,2.425,1.121951,2.2,1.731707,2.025,1.0,2.6,1.341463,2.15,1.02439,1.775,0.804878,1.725,1.341463,2.2,1.731707,1.7,1.243902,1.35,0.97561,1.4,1.609756,1.775,1.97561,1.3,1.341463,0.875,0.926829,1.025,1.926829,1.6,2.439024,1.975,2.756098,2.325,3.097561,0,0,0.0,0.0,0.0,0.0,0.0,0.0,0.0,0.0,0.0,0.0,0.0,0.0,0.0,0.0,0.0,0.0,0.0,0.0,0.0,0.0,0.0,0.0,0.0,0.0,0.0,0.0,0.0,0.0,0.0,0.0,0.0,0.0,0.0,0.0,0.0,0.0,0.0,0.0,0.0,0.0,0.0,0.0,J,16
0.0,0.0,0.809524,-0.186047,1.809524,0.325581,2.309524,1.046512,2.095238,1.651163,1.928571,1.0,2.47619,1.302326,2.047619,0.976744,1.666667,0.790698,1.642857,1.302326,2.095238,1.697674,1.666667,1.232558,1.380952,1.0,1.309524,1.581395,1.690476,1.883721,1.214286,1.255814,0.809524,0.883721,0.928571,1.860465,1.5,2.372093,1.880952,2.674419,2.214286,3.023256,0,0,0.0,0.0,0.0,0.0,0.0,0.0,0.0,0.0,0.0,0.0,0.0,0.0,0.0,0.0,0.0,0.0,0.0,0.0,0.0,0.0,0.0,0.0,0.0,0.0,0.0,0.0,0.0,0.0,0.0,0.0,0.0,0.0,0.0,0.0,0.0,0.0,0.0,0.0,0.0,0.0,0.0,0.0,J,16
0.0,0.0,0.809524,-0.162791,1.809524,0.325581,2.309524,1.046512,2.095238,1.627907,1.928571,1.0,2.5,1.325581,2.071429,0.976744,1.714286,0.790698,1.642857,1.325581,2.119048,1.697674,1.666667,1.209302,1.380952,0.976744,1.309524,1.581395,1.690476,1.860465,1.190476,1.255814,0.785714,0.883721,0.928571,1.860465,1.5,2.372093,1.880952,2.697674,2.214286,3.023256,0,0,0.0,0.0,0.0,0.0,0.0,0.0,0.0,0.0,0.0,0.0,0.0,0.0,0.0,0.0,0.0,0.0,0.0,0.0,0.0,0.0,0.0,0.0,0.0,0.0,0.0,0.0,0.0,0.0,0.0,0.0,0.0,0.0,0.0,0.0,0.0,0.0,0.0,0.0,0.0,0.0,0.0,0.0,J,16
0.0,0.0,0.897436,-0.125,1.974359,0.375,2.538462,1.020833,2.25641,1.541667,2.0,1.0,2.641026,1.25,2.179487,0.895833,1.820513,0.729167,1.717949,1.270833,2.25641,1.604167,1.74359,1.104167,1.410256,0.875,1.384615,1.5,1.846154,1.75,1.333333,1.145833,0.897436,0.833333,1.0,1.75,1.615385,2.229167,2.0,2.541667,2.358974,2.875,0,0,0.0,0.0,0.0,0.0,0.0,0.0,0.0,0.0,0.0,0.0,0.0,0.0,0.0,0.0,0.0,0.0,0.0,0.0,0.0,0.0,0.0,0.0,0.0,0.0,0.0,0.0,0.0,0.0,0.0,0.0,0.0,0.0,0.0,0.0,0.0,0.0,0.0,0.0,0.0,0.0,0.0,0.0,J,16
0.0,0.0,0.897436,-0.033333,1.974359,0.4,2.538462,0.916667,2.282051,1.316667,1.948718,1.0,2.615385,1.2,2.153846,0.866667,1.769231,0.733333,1.641026,1.183333,2.25641,1.433333,1.769231,1.016667,1.435897,0.833333,1.307692,1.333333,1.846154,1.5,1.358974,1.0,0.923077,0.75,0.948718,1.483333,1.589744,1.916667,2.0,2.183333,2.384615,2.466667,0,0,0.0,0.0,0.0,0.0,0.0,0.0,0.0,0.0,0.0,0.0,0.0,0.0,0.0,0.0,0.0,0.0,0.0,0.0,0.0,0.0,0.0,0.0,0.0,0.0,0.0,0.0,0.0,0.0,0.0,0.0,0.0,0.0,0.0,0.0,0.0,0.0,0.0,0.0,0.0,0.0,0.0,0.0,J,16
0.0,0.0,0.974359,0.0,2.051282,0.41791,2.615385,0.880597,2.358974,1.238806,1.974359,1.0,2.717949,1.149254,2.282051,0.820896,1.897436,0.701493,1.666667,1.164179,2.333333,1.328358,1.846154,0.910448,1.487179,0.791045,1.307692,1.283582,1.948718,1.373134,1.461538,0.895522,1.0,0.701493,0.974359,1.38806,1.641026,1.776119,2.076923,2.0,2.435897,2.253731,0,0,0.0,0.0,0.0,0.0,0.0,0.0,0.0,0.0,0.0,0.0,0.0,0.0,0.0,0.0,0.0,0.0,0.0,0.0,0.0,0.0,0.0,0.0,0.0,0.0,0.0,0.0,0.0,0.0,0.0,0.0,0.0,0.0,0.0,0.0,0.0,0.0,0.0,0.0,0.0,0.0,0.0,0.0,J,16
0.0,0.0,1.366667,0.038961,2.766667,0.415584,3.5,0.831169,3.1,1.103896,2.266667,1.0,3.4,1.116883,2.9,0.792208,2.4,0.701299,1.866667,1.116883,3.033333,1.220779,2.466667,0.844156,1.933333,0.714286,1.533333,1.194805,2.6,1.220779,2.066667,0.818182,1.433333,0.649351,1.266667,1.233766,2.233333,1.597403,2.8,1.792208,3.2,2.0,0,0,0.0,0.0,0.0,0.0,0.0,0.0,0.0,0.0,0.0,0.0,0.0,0.0,0.0,0.0,0.0,0.0,0.0,0.0,0.0,0.0,0.0,0.0,0.0,0.0,0.0,0.0,0.0,0.0,0.0,0.0,0.0,0.0,0.0,0.0,0.0,0.0,0.0,0.0,0.0,0.0,0.0,0.0,J,16
0.0,0.0,1.62069,0.082353,2.931034,0.4,3.62069,0.729412,3.344828,0.964706,2.344828,1.0,3.586207,1.082353,3.103448,0.764706,2.551724,0.670588,1.965517,1.094118,3.206897,1.141176,2.655172,0.764706,2.137931,0.635294,1.62069,1.117647,2.793103,1.094118,2.241379,0.729412,1.62069,0.564706,1.344828,1.117647,2.413793,1.423529,2.965517,1.623529,3.310345,1.811765,0,0,0.0,0.0,0.0,0.0,0.0,0.0,0.0,0.0,0.0,0.0,0.0,0.0,0.0,0.0,0.0,0.0,0.0,0.0,0.0,0.0,0.0,0.0,0.0,0.0,0.0,0.0,0.0,0.0,0.0,0.0,0.0,0.0,0.0,0.0,0.0,0.0,0.0,0.0,0.0,0.0,0.0,0.0,J,16
0.0,0.0,2.043478,0.079545,3.782609,0.397727,4.73913,0.727273,4.217391,0.943182,2.782609,1.0,4.478261,1.090909,3.913043,0.772727,3.217391,0.670455,2.347826,1.090909,4.130435,1.147727,3.434783,0.784091,2.782609,0.659091,1.956522,1.113636,3.652174,1.090909,3.0,0.727273,2.217391,0.590909,1.782609,1.090909,3.26087,1.363636,3.869565,1.534091,4.173913,1.704545,0,0,0.0,0.0,0.0,0.0,0.0,0.0,0.0,0.0,0.0,0.0,0.0,0.0,0.0,0.0,0.0,0.0,0.0,0.0,0.0,0.0,0.0,0.0,0.0,0.0,0.0,0.0,0.0,0.0,0.0,0.0,0.0,0.0,0.0,0.0,0.0,0.0,0.0,0.0,0.0,0.0,0.0,0.0,J,16
0.0,0.0,2.181818,0.090909,3.954545,0.363636,4.909091,0.636364,4.5,0.828283,2.772727,1.0,4.636364,1.010101,4.045455,0.707071,3.318182,0.616162,2.227273,1.060606,4.272727,1.010101,3.590909,0.676768,2.863636,0.575758,1.909091,1.040404,3.818182,0.949495,3.227273,0.636364,2.409091,0.515152,1.772727,0.969697,3.363636,1.191919,4.045455,1.343434,4.409091,1.505051,0,0,0.0,0.0,0.0,0.0,0.0,0.0,0.0,0.0,0.0,0.0,0.0,0.0,0.0,0.0,0.0,0.0,0.0,0.0,0.0,0.0,0.0,0.0,0.0,0.0,0.0,0.0,0.0,0.0,0.0,0.0,0.0,0.0,0.0,0.0,0.0,0.0,0.0,0.0,0.0,0.0,0.0,0.0,J,16
0.0,0.0,2.04,0.120879,3.44,0.406593,4.4,0.692308,4.12,0.868132,2.56,1.0,4.12,1.087912,3.68,0.758242,3.0,0.637363,2.12,1.065934,3.8,1.10989,3.28,0.714286,2.72,0.626374,1.76,1.032967,3.44,1.032967,2.92,0.692308,2.16,0.571429,1.56,0.945055,2.8,1.252747,3.52,1.43956,3.96,1.637363,0,0,0.0,0.0,0.0,0.0,0.0,0.0,0.0,0.0,0.0,0.0,0.0,0.0,0.0,0.0,0.0,0.0,0.0,0.0,0.0,0.0,0.0,0.0,0.0,0.0,0.0,0.0,0.0,0.0,0.0,0.0,0.0,0.0,0.0,0.0,0.0,0.0,0.0,0.0,0.0,0.0,0.0,0.0,J,16
0.0,0.0,2.55,0.11215,4.3,0.35514,5.35,0.560748,5.25,0.719626,2.7,1.0,4.95,0.934579,4.45,0.626168,3.65,0.560748,2.1,1.018692,4.65,0.859813,4.0,0.542056,3.2,0.495327,1.75,0.934579,4.15,0.785047,3.55,0.485981,2.7,0.420561,1.7,0.794393,3.4,0.990654,4.3,1.149533,4.9,1.317757,0,0,0.0,0.0,0.0,0.0,0.0,0.0,0.0,0.0,0.0,0.0,0.0,0.0,0.0,0.0,0.0,0.0,0.0,0.0,0.0,0.0,0.0,0.0,0.0,0.0,0.0,0.0,0.0,0.0,0.0,0.0,0.0,0.0,0.0,0.0,0.0,0.0,0.0,0.0,0.0,0.0,0.0,0.0,J,16
0.0,0.0,2.272727,0.106796,3.863636,0.368932,4.909091,0.601942,4.590909,0.747573,2.545455,1.0,4.454545,0.980583,4.090909,0.660194,3.454545,0.572816,1.954545,1.009709,4.136364,0.893204,3.636364,0.553398,2.954545,0.495146,1.636364,0.92233,3.727273,0.796117,3.181818,0.485437,2.318182,0.398058,1.545455,0.786408,3.090909,1.009709,3.863636,1.184466,4.363636,1.359223,0,0,0.0,0.0,0.0,0.0,0.0,0.0,0.0,0.0,0.0,0.0,0.0,0.0,0.0,0.0,0.0,0.0,0.0,0.0,0.0,0.0,0.0,0.0,0.0,0.0,0.0,0.0,0.0,0.0,0.0,0.0,0.0,0.0,0.0,0.0,0.0,0.0,0.0,0.0,0.0,0.0,0.0,0.0,J,16
0.0,0.0,3.176471,0.117117,5.176471,0.36036,6.647059,0.558559,6.411765,0.657658,3.0,1.0,6.0,0.900901,5.470588,0.603604,4.588235,0.54955,2.294118,0.954955,5.705882,0.783784,5.058824,0.495495,4.117647,0.459459,1.941176,0.810811,5.176471,0.684685,4.588235,0.432432,3.588235,0.369369,2.0,0.612613,4.0,0.801802,5.176471,0.954955,6.058824,1.117117,0,0,0.0,0.0,0.0,0.0,0.0,0.0,0.0,0.0,0.0,0.0,0.0,0.0,0.0,0.0,0.0,0.0,0.0,0.0,0.0,0.0,0.0,0.0,0.0,0.0,0.0,0.0,0.0,0.0,0.0,0.0,0.0,0.0,0.0,0.0,0.0,0.0,0.0,0.0,0.0,0.0,0.0,0.0,J,16
0.0,0.0,3.666667,0.142857,5.866667,0.375,7.466667,0.553571,7.533333,0.651786,3.133333,1.0,6.733333,0.910714,6.333333,0.616071,5.333333,0.535714,2.333333,0.955357,6.4,0.785714,5.8,0.508929,4.733333,0.446429,2.0,0.794643,5.866667,0.678571,5.266667,0.4375,4.066667,0.366071,2.133333,0.580357,4.733333,0.785714,6.133333,0.928571,7.2,1.071429,0,0,0.0,0.0,0.0,0.0,0.0,0.0,0.0,0.0,0.0,0.0,0.0,0.0,0.0,0.0,0.0,0.0,0.0,0.0,0.0,0.0,0.0,0.0,0.0,0.0,0.0,0.0,0.0,0.0,0.0,0.0,0.0,0.0,0.0,0.0,0.0,0.0,0.0,0.0,0.0,0.0,0.0,0.0,J,16
0.0,0.0,4.076923,0.159292,6.538462,0.362832,8.461538,0.513274,8.846154,0.557522,3.384615,1.0,8.0,0.929204,7.615385,0.628319,6.692308,0.557522,2.538462,0.929204,7.769231,0.769912,7.076923,0.504425,5.923077,0.451327,2.153846,0.761062,7.230769,0.646018,6.461538,0.415929,5.0,0.362832,2.384615,0.522124,5.846154,0.619469,6.769231,0.59292,7.153846,0.60177,0,0,0.0,0.0,0.0,0.0,0.0,0.0,0.0,0.0,0.0,0.0,0.0,0.0,0.0,0.0,0.0,0.0,0.0,0.0,0.0,0.0,0.0,0.0,0.0,0.0,0.0,0.0,0.0,0.0,0.0,0.0,0.0,0.0,0.0,0.0,0.0,0.0,0.0,0.0,0.0,0.0,0.0,0.0,J,16
0.0,0.0,3.8,0.142857,6.133333,0.375,7.8,0.535714,8.0,0.633929,3.2,1.0,7.133333,0.946429,6.8,0.651786,5.933333,0.571429,2.333333,0.910714,6.8,0.803571,6.266667,0.526786,5.266667,0.464286,2.0,0.732143,6.333333,0.669643,5.866667,0.4375,4.733333,0.375,2.2,0.482143,5.266667,0.607143,6.133333,0.616071,6.6,0.642857,0,0,0.0,0.0,0.0,0.0,0.0,0.0,0.0,0.0,0.0,0.0,0.0,0.0,0.0,0.0,0.0,0.0,0.0,0.0,0.0,0.0,0.0,0.0,0.0,0.0,0.0,0.0,0.0,0.0,0.0,0.0,0.0,0.0,0.0,0.0,0.0,0.0,0.0,0.0,0.0,0.0,0.0,0.0,J,16
0.0,0.0,4.214286,0.151786,6.571429,0.375,8.357143,0.517857,8.928571,0.616071,3.642857,1.0,7.928571,0.919643,7.428571,0.642857,6.428571,0.580357,2.785714,0.910714,7.571429,0.785714,6.857143,0.535714,5.785714,0.482143,2.428571,0.732143,7.142857,0.633929,6.428571,0.428571,5.142857,0.375,2.642857,0.482143,6.285714,0.5625,7.071429,0.517857,7.357143,0.517857,0,0,0.0,0.0,0.0,0.0,0.0,0.0,0.0,0.0,0.0,0.0,0.0,0.0,0.0,0.0,0.0,0.0,0.0,0.0,0.0,0.0,0.0,0.0,0.0,0.0,0.0,0.0,0.0,0.0,0.0,0.0,0.0,0.0,0.0,0.0,0.0,0.0,0.0,0.0,0.0,0.0,0.0,0.0,J,16
0.0,0.0,2.833333,0.125,4.555556,0.348214,5.833333,0.508929,6.722222,0.669643,2.444444,1.0,5.833333,0.910714,5.5,0.642857,4.666667,0.580357,1.666667,0.901786,5.611111,0.758929,4.944444,0.517857,3.944444,0.4375,1.388889,0.705357,5.166667,0.598214,4.333333,0.392857,3.166667,0.330357,1.444444,0.446429,4.111111,0.526786,5.555556,0.616071,6.833333,0.723214,0,0,0.0,0.0,0.0,0.0,0.0,0.0,0.0,0.0,0.0,0.0,0.0,0.0,0.0,0.0,0.0,0.0,0.0,0.0,0.0,0.0,0.0,0.0,0.0,0.0,0.0,0.0,0.0,0.0,0.0,0.0,0.0,0.0,0.0,0.0,0.0,0.0,0.0,0.0,0.0,0.0,0.0,0.0,J,16
0.0,0.0,3.928571,0.121495,6.071429,0.336449,7.928571,0.485981,9.071429,0.635514,3.357143,1.0,7.642857,0.934579,7.357143,0.654206,6.214286,0.588785,2.428571,0.897196,7.428571,0.747664,6.714286,0.485981,5.571429,0.420561,2.214286,0.682243,6.928571,0.551402,5.928571,0.327103,4.428571,0.271028,2.357143,0.411215,5.857143,0.495327,7.714286,0.588785,9.285714,0.719626,0,0,0.0,0.0,0.0,0.0,0.0,0.0,0.0,0.0,0.0,0.0,0.0,0.0,0.0,0.0,0.0,0.0,0.0,0.0,0.0,0.0,0.0,0.0,0.0,0.0,0.0,0.0,0.0,0.0,0.0,0.0,0.0,0.0,0.0,0.0,0.0,0.0,0.0,0.0,0.0,0.0,0.0,0.0,J,16
0.0,0.0,4.636364,0.163462,7.727273,0.365385,10.363636,0.471154,12.090909,0.557692,4.454545,1.0,10.090909,0.913462,9.545455,0.634615,8.181818,0.567308,3.454545,0.855769,9.636364,0.692308,8.818182,0.442308,7.363636,0.375,3.090909,0.605769,9.0,0.471154,7.909091,0.269231,6.090909,0.230769,3.454545,0.317308,7.636364,0.423077,9.909091,0.519231,11.727273,0.644231,0,0,0.0,0.0,0.0,0.0,0.0,0.0,0.0,0.0,0.0,0.0,0.0,0.0,0.0,0.0,0.0,0.0,0.0,0.0,0.0,0.0,0.0,0.0,0.0,0.0,0.0,0.0,0.0,0.0,0.0,0.0,0.0,0.0,0.0,0.0,0.0,0.0,0.0,0.0,0.0,0.0,0.0,0.0,J,16
0.0,0.0,5.1,0.171429,8.8,0.380952,11.8,0.485714,13.3,0.504762,4.8,1.0,11.0,0.904762,10.3,0.638095,8.6,0.590476,3.6,0.828571,10.4,0.67619,9.5,0.447619,8.0,0.409524,3.3,0.580952,9.9,0.466667,8.8,0.295238,7.0,0.27619,3.8,0.295238,8.7,0.371429,11.2,0.466667,13.2,0.6,0,0,0.0,0.0,0.0,0.0,0.0,0.0,0.0,0.0,0.0,0.0,0.0,0.0,0.0,0.0,0.0,0.0,0.0,0.0,0.0,0.0,0.0,0.0,0.0,0.0,0.0,0.0,0.0,0.0,0.0,0.0,0.0,0.0,0.0,0.0,0.0,0.0,0.0,0.0,0.0,0.0,0.0,0.0,J,16
0.0,0.0,11.0,0.35,25.666667,0.6,40.333333,0.61,43.333333,0.43,15.0,1.0,37.666667,0.91,35.666667,0.65,30.0,0.6,13.333333,0.75,36.666667,0.64,34.0,0.43,29.0,0.38,13.666667,0.45,35.666667,0.4,32.666667,0.25,27.333333,0.22,16.0,0.15,32.0,0.23,40.666667,0.28,48.333333,0.36,0,0,0.0,0.0,0.0,0.0,0.0,0.0,0.0,0.0,0.0,0.0,0.0,0.0,0.0,0.0,0.0,0.0,0.0,0.0,0.0,0.0,0.0,0.0,0.0,0.0,0.0,0.0,0.0,0.0,0.0,0.0,0.0,0.0,0.0,0.0,0.0,0.0,0.0,0.0,0.0,0.0,0.0,0.0,J,16
0.0,0.0,5.166667,0.377551,12.666667,0.653061,20.166667,0.714286,20.833333,0.530612,7.333333,1.0,18.666667,0.918367,17.666667,0.663265,14.833333,0.622449,6.666667,0.734694,18.5,0.632653,17.166667,0.418367,14.5,0.387755,7.0,0.428571,18.333333,0.387755,16.833333,0.234694,14.166667,0.204082,8.333333,0.122449,16.5,0.183673,21.166667,0.214286,25.166667,0.265306,0,0,0.0,0.0,0.0,0.0,0.0,0.0,0.0,0.0,0.0,0.0,0.0,0.0,0.0,0.0,0.0,0.0,0.0,0.0,0.0,0.0,0.0,0.0,0.0,0.0,0.0,0.0,0.0,0.0,0.0,0.0,0.0,0.0,0.0,0.0,0.0,0.0,0.0,0.0,0.0,0.0,0.0,0.0,J,16
0.0,0.0,4.428571,0.378947,11.0,0.663158,17.571429,0.736842,17.714286,0.547368,6.285714,1.0,15.714286,0.926316,15.0,0.684211,12.571429,0.631579,5.714286,0.736842,15.571429,0.631579,14.571429,0.421053,12.142857,0.389474,6.142857,0.431579,15.571429,0.357895,14.285714,0.210526,12.0,0.189474,7.285714,0.115789,14.142857,0.136842,18.142857,0.147368,21.571429,0.157895,0,0,0.0,0.0,0.0,0.0,0.0,0.0,0.0,0.0,0.0,0.0,0.0,0.0,0.0,0.0,0.0,0.0,0.0,0.0,0.0,0.0,0.0,0.0,0.0,0.0,0.0,0.0,0.0,0.0,0.0,0.0,0.0,0.0,0.0,0.0,0.0,0.0,0.0,0.0,0.0,0.0,0.0,0.0,J,16
0.0,0.0,3.333333,0.402174,8.333333,0.673913,13.444444,0.76087,13.777778,0.565217,4.888889,1.0,12.0,0.934783,11.444444,0.695652,9.555556,0.663043,4.666667,0.73913,12.0,0.630435,11.111111,0.423913,9.333333,0.413043,5.111111,0.413043,12.111111,0.347826,11.0,0.195652,8.888889,0.195652,5.888889,0.097826,11.222222,0.097826,14.333333,0.076087,17.0,0.076087,0,0,0.0,0.0,0.0,0.0,0.0,0.0,0.0,0.0,0.0,0.0,0.0,0.0,0.0,0.0,0.0,0.0,0.0,0.0,0.0,0.0,0.0,0.0,0.0,0.0,0.0,0.0,0.0,0.0,0.0,0.0,0.0,0.0,0.0,0.0,0.0,0.0,0.0,0.0,0.0,0.0,0.0,0.0,J,16
0.0,0.0,2.25,0.41573,6.083333,0.707865,10.0,0.775281,10.5,0.58427,3.666667,1.0,9.0,0.977528,8.5,0.730337,7.0,0.685393,3.666667,0.730337,9.083333,0.640449,8.333333,0.426966,6.833333,0.426966,4.083333,0.404494,9.25,0.348315,8.25,0.213483,6.583333,0.202247,4.666667,0.078652,8.666667,0.05618,11.083333,0.011236,13.0,-0.011236,0,0,0.0,0.0,0.0,0.0,0.0,0.0,0.0,0.0,0.0,0.0,0.0,0.0,0.0,0.0,0.0,0.0,0.0,0.0,0.0,0.0,0.0,0.0,0.0,0.0,0.0,0.0,0.0,0.0,0.0,0.0,0.0,0.0,0.0,0.0,0.0,0.0,0.0,0.0,0.0,0.0,0.0,0.0,J,16
0.0,0.0,2.7,0.409091,7.4,0.681818,12.1,0.727273,12.8,0.511364,4.5,1.0,11.0,0.954545,10.4,0.704545,8.7,0.647727,4.5,0.704545,11.2,0.625,10.3,0.409091,8.6,0.375,4.9,0.375,11.2,0.340909,10.1,0.193182,8.1,0.181818,5.5,0.056818,10.4,0.034091,13.3,-0.022727,15.5,-0.056818,0,0,0.0,0.0,0.0,0.0,0.0,0.0,0.0,0.0,0.0,0.0,0.0,0.0,0.0,0.0,0.0,0.0,0.0,0.0,0.0,0.0,0.0,0.0,0.0,0.0,0.0,0.0,0.0,0.0,0.0,0.0,0.0,0.0,0.0,0.0,0.0,0.0,0.0,0.0,0.0,0.0,0.0,0.0,J,16
0.0,0.0,1.923077,0.418605,5.538462,0.709302,9.230769,0.744186,9.846154,0.511628,3.538462,1.0,8.615385,0.988372,8.076923,0.732558,6.769231,0.674419,3.615385,0.709302,8.769231,0.639535,8.076923,0.418605,6.769231,0.395349,4.076923,0.372093,8.846154,0.337209,7.846154,0.197674,6.384615,0.186047,4.538462,0.046512,8.307692,0.0,10.538462,-0.069767,12.384615,-0.116279,0,0,0.0,0.0,0.0,0.0,0.0,0.0,0.0,0.0,0.0,0.0,0.0,0.0,0.0,0.0,0.0,0.0,0.0,0.0,0.0,0.0,0.0,0.0,0.0,0.0,0.0,0.0,0.0,0.0,0.0,0.0,0.0,0.0,0.0,0.0,0.0,0.0,0.0,0.0,0.0,0.0,0.0,0.0,J,16
0.0,0.0,1.5,0.428571,4.5,0.738095,7.625,0.785714,8.25,0.547619,3.125,1.0,7.1875,0.97619,6.6875,0.738095,5.5625,0.702381,3.3125,0.678571,7.375,0.630952,6.75,0.440476,5.6875,0.404762,3.6875,0.333333,7.5,0.309524,6.6875,0.202381,5.4375,0.202381,4.125,0.0,7.1875,-0.059524,9.0,-0.130952,10.5,-0.166667,0,0,0.0,0.0,0.0,0.0,0.0,0.0,0.0,0.0,0.0,0.0,0.0,0.0,0.0,0.0,0.0,0.0,0.0,0.0,0.0,0.0,0.0,0.0,0.0,0.0,0.0,0.0,0.0,0.0,0.0,0.0,0.0,0.0,0.0,0.0,0.0,0.0,0.0,0.0,0.0,0.0,0.0,0.0,J,16
0.0,0.0,1.210526,0.439024,3.631579,0.719512,6.105263,0.756098,6.736842,0.560976,2.473684,1.0,6.0,0.987805,5.526316,0.756098,4.526316,0.707317,2.684211,0.670732,6.105263,0.646341,5.684211,0.439024,4.736842,0.414634,3.052632,0.304878,6.263158,0.317073,5.631579,0.170732,4.578947,0.170732,3.473684,-0.036585,6.105263,-0.085366,7.578947,-0.182927,8.684211,-0.243902,0,0,0.0,0.0,0.0,0.0,0.0,0.0,0.0,0.0,0.0,0.0,0.0,0.0,0.0,0.0,0.0,0.0,0.0,0.0,0.0,0.0,0.0,0.0,0.0,0.0,0.0,0.0,0.0,0.0,0.0,0.0,0.0,0.0,0.0,0.0,0.0,0.0,0.0,0.0,0.0,0.0,0.0,0.0,J,16
0.0,0.0,1.1,0.443038,3.45,0.746835,5.9,0.797468,6.55,0.607595,2.5,1.0,5.85,1.012658,5.3,0.772152,4.3,0.734177,2.8,0.658228,5.95,0.658228,5.4,0.468354,4.55,0.443038,3.15,0.291139,6.1,0.329114,5.45,0.189873,4.4,0.177215,3.5,-0.063291,6.0,-0.113924,7.4,-0.21519,8.5,-0.265823,0,0,0.0,0.0,0.0,0.0,0.0,0.0,0.0,0.0,0.0,0.0,0.0,0.0,0.0,0.0,0.0,0.0,0.0,0.0,0.0,0.0,0.0,0.0,0.0,0.0,0.0,0.0,0.0,0.0,0.0,0.0,0.0,0.0,0.0,0.0,0.0,0.0,0.0,0.0,0.0,0.0,0.0,0.0,J,16
0.0,0.0,0.904762,0.493333,3.095238,0.813333,5.380952,0.853333,6.190476,0.693333,2.380952,1.0,5.571429,1.053333,5.0,0.826667,4.047619,0.76,2.666667,0.613333,5.714286,0.693333,5.142857,0.52,4.238095,0.453333,3.047619,0.213333,5.857143,0.346667,5.190476,0.226667,4.190476,0.2,3.380952,-0.133333,5.761905,-0.16,7.142857,-0.266667,8.238095,-0.32,0,0,0.0,0.0,0.0,0.0,0.0,0.0,0.0,0.0,0.0,0.0,0.0,0.0,0.0,0.0,0.0,0.0,0.0,0.0,0.0,0.0,0.0,0.0,0.0,0.0,0.0,0.0,0.0,0.0,0.0,0.0,0.0,0.0,0.0,0.0,0.0,0.0,0.0,0.0,0.0,0.0,0.0,0.0,J,16
0.0,0.0,0.95,0.506849,3.15,0.821918,5.5,0.863014,6.55,0.69863,2.4,1.0,5.7,1.041096,5.2,0.821918,4.2,0.767123,2.65,0.60274,5.9,0.684932,5.3,0.520548,4.4,0.452055,3.0,0.191781,6.0,0.342466,5.35,0.246575,4.3,0.219178,3.4,-0.150685,5.95,-0.191781,7.4,-0.287671,8.6,-0.342466,0,0,0.0,0.0,0.0,0.0,0.0,0.0,0.0,0.0,0.0,0.0,0.0,0.0,0.0,0.0,0.0,0.0,0.0,0.0,0.0,0.0,0.0,0.0,0.0,0.0,0.0,0.0,0.0,0.0,0.0,0.0,0.0,0.0,0.0,0.0,0.0,0.0,0.0,0.0,0.0,0.0,0.0,0.0,J,16
0.0,0.0,0.708333,0.571429,2.625,0.952381,4.625,1.015873,5.625,0.873016,2.166667,1.0,4.958333,1.15873,4.333333,0.952381,3.583333,0.857143,2.541667,0.52381,5.166667,0.746032,4.541667,0.603175,3.833333,0.47619,2.875,0.079365,5.333333,0.349206,4.708333,0.285714,3.875,0.222222,3.166667,-0.253968,5.25,-0.253968,6.5,-0.31746,7.583333,-0.349206,0,0,0.0,0.0,0.0,0.0,0.0,0.0,0.0,0.0,0.0,0.0,0.0,0.0,0.0,0.0,0.0,0.0,0.0,0.0,0.0,0.0,0.0,0.0,0.0,0.0,0.0,0.0,0.0,0.0,0.0,0.0,0.0,0.0,0.0,0.0,0.0,0.0,0.0,0.0,0.0,0.0,0.0,0.0,J,16
0.0,0.0,0.68,0.694915,2.44,1.101695,4.28,1.152542,5.36,0.949153,2.28,1.0,4.8,1.20339,4.24,1.084746,3.56,0.915254,2.64,0.491525,5.08,0.762712,4.4,0.711864,3.6,0.576271,2.96,0.050847,5.24,0.40678,4.6,0.389831,3.8,0.271186,3.28,-0.254237,5.24,-0.254237,6.4,-0.271186,7.48,-0.338983,0,0,0.0,0.0,0.0,0.0,0.0,0.0,0.0,0.0,0.0,0.0,0.0,0.0,0.0,0.0,0.0,0.0,0.0,0.0,0.0,0.0,0.0,0.0,0.0,0.0,0.0,0.0,0.0,0.0,0.0,0.0,0.0,0.0,0.0,0.0,0.0,0.0,0.0,0.0,0.0,0.0,0.0,0.0,J,16
0.0,0.0,0.761905,0.714286,2.761905,1.125,4.809524,1.178571,6.142857,0.982143,2.761905,1.0,5.761905,1.25,5.047619,1.125,4.285714,0.964286,3.095238,0.482143,6.047619,0.785714,5.238095,0.732143,4.333333,0.589286,3.428571,0.017857,6.190476,0.375,5.47619,0.392857,4.52381,0.303571,3.761905,-0.285714,6.142857,-0.285714,7.619048,-0.303571,8.904762,-0.339286,0,0,0.0,0.0,0.0,0.0,0.0,0.0,0.0,0.0,0.0,0.0,0.0,0.0,0.0,0.0,0.0,0.0,0.0,0.0,0.0,0.0,0.0,0.0,0.0,0.0,0.0,0.0,0.0,0.0,0.0,0.0,0.0,0.0,0.0,0.0,0.0,0.0,0.0,0.0,0.0,0.0,0.0,0.0,J,16
0.0,0.0,0.583333,0.711864,2.25,1.118644,3.916667,1.135593,5.041667,0.949153,2.541667,1.0,5.083333,1.237288,4.666667,1.135593,4.041667,0.983051,2.916667,0.525424,5.375,0.79661,4.75,0.762712,3.958333,0.627119,3.25,0.101695,5.541667,0.440678,4.916667,0.440678,4.125,0.372881,3.541667,-0.20339,5.541667,-0.186441,6.791667,-0.186441,7.875,-0.186441,0,0,0.0,0.0,0.0,0.0,0.0,0.0,0.0,0.0,0.0,0.0,0.0,0.0,0.0,0.0,0.0,0.0,0.0,0.0,0.0,0.0,0.0,0.0,0.0,0.0,0.0,0.0,0.0,0.0,0.0,0.0,0.0,0.0,0.0,0.0,0.0,0.0,0.0,0.0,0.0,0.0,0.0,0.0,J,16
0.0,0.0,0.625,0.741379,2.291667,1.12069,3.875,1.086207,4.958333,0.844828,2.625,1.0,5.125,1.258621,4.625,1.172414,3.958333,1.0,3.0,0.5,5.416667,0.827586,4.708333,0.793103,3.916667,0.655172,3.291667,0.086207,5.541667,0.448276,4.875,0.482759,4.083333,0.396552,3.625,-0.189655,5.583333,-0.172414,6.833333,-0.155172,7.875,-0.172414,0,0,0.0,0.0,0.0,0.0,0.0,0.0,0.0,0.0,0.0,0.0,0.0,0.0,0.0,0.0,0.0,0.0,0.0,0.0,0.0,0.0,0.0,0.0,0.0,0.0,0.0,0.0,0.0,0.0,0.0,0.0,0.0,0.0,0.0,0.0,0.0,0.0,0.0,0.0,0.0,0.0,0.0,0.0,J,16
0.0,0.0,0.73913,0.763636,2.434783,1.127273,4.130435,1.090909,5.217391,0.818182,2.782609,1.0,5.391304,1.290909,4.826087,1.218182,4.173913,1.072727,3.173913,0.490909,5.652174,0.818182,4.956522,0.818182,4.173913,0.709091,3.478261,0.054545,5.782609,0.436364,5.130435,0.490909,4.304348,0.418182,3.782609,-0.236364,5.869565,-0.218182,7.086957,-0.181818,8.217391,-0.181818,0,0,0.0,0.0,0.0,0.0,0.0,0.0,0.0,0.0,0.0,0.0,0.0,0.0,0.0,0.0,0.0,0.0,0.0,0.0,0.0,0.0,0.0,0.0,0.0,0.0,0.0,0.0,0.0,0.0,0.0,0.0,0.0,0.0,0.0,0.0,0.0,0.0,0.0,0.0,0.0,0.0,0.0,0.0,J,16
0.0,0.0,0.636364,0.77193,2.454545,1.140351,4.227273,1.105263,5.318182,0.824561,2.954545,1.0,5.590909,1.280702,4.909091,1.22807,4.181818,1.087719,3.318182,0.491228,5.863636,0.824561,5.045455,0.842105,4.272727,0.719298,3.636364,0.070175,6.0,0.45614,5.272727,0.508772,4.454545,0.45614,3.954545,-0.192982,6.090909,-0.140351,7.363636,-0.122807,8.5,-0.140351,0,0,0.0,0.0,0.0,0.0,0.0,0.0,0.0,0.0,0.0,0.0,0.0,0.0,0.0,0.0,0.0,0.0,0.0,0.0,0.0,0.0,0.0,0.0,0.0,0.0,0.0,0.0,0.0,0.0,0.0,0.0,0.0,0.0,0.0,0.0,0.0,0.0,0.0,0.0,0.0,0.0,0.0,0.0,J,16
0.0,0.0,0.772727,0.823529,2.590909,1.196078,4.272727,1.117647,5.318182,0.784314,3.0,1.0,5.636364,1.352941,4.818182,1.294118,4.090909,1.117647,3.409091,0.45098,5.863636,0.843137,5.045455,0.862745,4.227273,0.72549,3.727273,0.019608,6.0,0.431373,5.272727,0.490196,4.454545,0.431373,4.0,-0.27451,6.136364,-0.196078,7.363636,-0.176471,8.454545,-0.196078,0,0,0.0,0.0,0.0,0.0,0.0,0.0,0.0,0.0,0.0,0.0,0.0,0.0,0.0,0.0,0.0,0.0,0.0,0.0,0.0,0.0,0.0,0.0,0.0,0.0,0.0,0.0,0.0,0.0,0.0,0.0,0.0,0.0,0.0,0.0,0.0,0.0,0.0,0.0,0.0,0.0,0.0,0.0,J,16
0.0,0.0,0.714286,0.830189,2.619048,1.207547,4.333333,1.150943,5.380952,0.849057,3.142857,1.0,5.809524,1.358491,4.952381,1.320755,4.190476,1.150943,3.52381,0.471698,6.095238,0.867925,5.190476,0.886792,4.380952,0.773585,3.857143,0.037736,6.285714,0.45283,5.47619,0.54717,4.619048,0.490566,4.142857,-0.226415,6.380952,-0.169811,7.666667,-0.132075,8.761905,-0.150943,0,0,0.0,0.0,0.0,0.0,0.0,0.0,0.0,0.0,0.0,0.0,0.0,0.0,0.0,0.0,0.0,0.0,0.0,0.0,0.0,0.0,0.0,0.0,0.0,0.0,0.0,0.0,0.0,0.0,0.0,0.0,0.0,0.0,0.0,0.0,0.0,0.0,0.0,0.0,0.0,0.0,0.0,0.0,J,16
0.0,0.0,0.681818,0.849057,2.5,1.264151,4.181818,1.226415,5.227273,0.943396,3.0,1.0,5.545455,1.377358,4.727273,1.339623,4.0,1.169811,3.409091,0.45283,5.818182,0.886792,4.954545,0.924528,4.181818,0.792453,3.727273,0.037736,5.954545,0.45283,5.227273,0.566038,4.409091,0.509434,4.0,-0.226415,6.090909,-0.132075,7.318182,-0.09434,8.318182,-0.113208,0,0,0.0,0.0,0.0,0.0,0.0,0.0,0.0,0.0,0.0,0.0,0.0,0.0,0.0,0.0,0.0,0.0,0.0,0.0,0.0,0.0,0.0,0.0,0.0,0.0,0.0,0.0,0.0,0.0,0.0,0.0,0.0,0.0,0.0,0.0,0.0,0.0,0.0,0.0,0.0,0.0,0.0,0.0,J,16
0.0,0.0,0.681818,0.867925,2.5,1.264151,4.181818,1.169811,5.181818,0.849057,3.0,1.0,5.5,1.396226,4.727273,1.377358,4.0,1.207547,3.409091,0.471698,5.772727,0.886792,4.954545,0.943396,4.181818,0.830189,3.727273,0.056604,5.954545,0.471698,5.227273,0.584906,4.409091,0.54717,4.0,-0.207547,6.090909,-0.132075,7.318182,-0.075472,8.318182,-0.09434,0,0,0.0,0.0,0.0,0.0,0.0,0.0,0.0,0.0,0.0,0.0,0.0,0.0,0.0,0.0,0.0,0.0,0.0,0.0,0.0,0.0,0.0,0.0,0.0,0.0,0.0,0.0,0.0,0.0,0.0,0.0,0.0,0.0,0.0,0.0,0.0,0.0,0.0,0.0,0.0,0.0,0.0,0.0,J,16
0.0,0.0,0.652174,0.830189,2.347826,1.226415,3.956522,1.132075,4.913043,0.792453,2.869565,1.0,5.26087,1.377358,4.565217,1.396226,3.869565,1.226415,3.304348,0.471698,5.478261,0.90566,4.73913,0.962264,4.0,0.849057,3.608696,0.056604,5.695652,0.490566,5.0,0.603774,4.26087,0.566038,3.869565,-0.207547,5.869565,-0.113208,7.0,-0.056604,8.0,-0.075472,0,0,0.0,0.0,0.0,0.0,0.0,0.0,0.0,0.0,0.0,0.0,0.0,0.0,0.0,0.0,0.0,0.0,0.0,0.0,0.0,0.0,0.0,0.0,0.0,0.0,0.0,0.0,0.0,0.0,0.0,0.0,0.0,0.0,0.0,0.0,0.0,0.0,0.0,0.0,0.0,0.0,0.0,0.0,J,16
0.0,0.0,0.608696,0.814815,2.304348,1.203704,3.913043,1.148148,4.913043,0.833333,2.782609,1.0,5.173913,1.37037,4.478261,1.351852,3.826087,1.185185,3.173913,0.481481,5.391304,0.907407,4.652174,0.944444,3.956522,0.814815,3.478261,0.074074,5.608696,0.5,4.956522,0.592593,4.217391,0.537037,3.782609,-0.185185,5.73913,-0.111111,6.913043,-0.055556,7.913043,-0.055556,0,0,0.0,0.0,0.0,0.0,0.0,0.0,0.0,0.0,0.0,0.0,0.0,0.0,0.0,0.0,0.0,0.0,0.0,0.0,0.0,0.0,0.0,0.0,0.0,0.0,0.0,0.0,0.0,0.0,0.0,0.0,0.0,0.0,0.0,0.0,0.0,0.0,0.0,0.0,0.0,0.0,0.0,0.0,J,16
0.0,0.0,0.608696,0.8,2.26087,1.181818,3.869565,1.109091,4.782609,0.781818,2.73913,1.0,5.130435,1.345455,4.565217,1.363636,3.913043,1.2,3.130435,0.490909,5.391304,0.890909,4.73913,0.945455,4.0,0.818182,3.434783,0.090909,5.608696,0.509091,4.956522,0.6,4.217391,0.545455,3.73913,-0.163636,5.73913,-0.090909,6.913043,-0.018182,7.913043,-0.018182,0,0,0.0,0.0,0.0,0.0,0.0,0.0,0.0,0.0,0.0,0.0,0.0,0.0,0.0,0.0,0.0,0.0,0.0,0.0,0.0,0.0,0.0,0.0,0.0,0.0,0.0,0.0,0.0,0.0,0.0,0.0,0.0,0.0,0.0,0.0,0.0,0.0,0.0,0.0,0.0,0.0,0.0,0.0,J,16
0.0,0.0,0.458333,0.741379,2.083333,1.137931,3.708333,1.137931,4.75,0.913793,2.416667,1.0,4.875,1.293103,4.416667,1.275862,3.833333,1.137931,2.75,0.517241,5.125,0.862069,4.541667,0.896552,3.833333,0.793103,3.083333,0.137931,5.333333,0.534483,4.75,0.586207,4.0,0.517241,3.416667,-0.12069,5.375,-0.034483,6.541667,0.017241,7.583333,0.017241,0,0,0.0,0.0,0.0,0.0,0.0,0.0,0.0,0.0,0.0,0.0,0.0,0.0,0.0,0.0,0.0,0.0,0.0,0.0,0.0,0.0,0.0,0.0,0.0,0.0,0.0,0.0,0.0,0.0,0.0,0.0,0.0,0.0,0.0,0.0,0.0,0.0,0.0,0.0,0.0,0.0,0.0,0.0,J,16
0.0,0.0,0.37037,0.636364,1.851852,1.045455,3.37037,1.106061,4.407407,0.954545,2.0,1.0,4.296296,1.227273,3.888889,1.106061,3.333333,0.969697,2.333333,0.575758,4.592593,0.833333,4.037037,0.772727,3.37037,0.651515,2.666667,0.212121,4.777778,0.530303,4.222222,0.5,3.555556,0.409091,3.0,-0.045455,4.777778,0.045455,5.814815,0.106061,6.740741,0.121212,0,0,0.0,0.0,0.0,0.0,0.0,0.0,0.0,0.0,0.0,0.0,0.0,0.0,0.0,0.0,0.0,0.0,0.0,0.0,0.0,0.0,0.0,0.0,0.0,0.0,0.0,0.0,0.0,0.0,0.0,0.0,0.0,0.0,0.0,0.0,0.0,0.0,0.0,0.0,0.0,0.0,0.0,0.0,J,16
0.0,0.0,0.5625,-0.16129,1.333333,0.129032,1.583333,0.580645,1.416667,0.951613,1.1875,1.0,1.4375,1.370968,1.3125,0.951613,1.166667,0.612903,0.895833,1.112903,1.125,1.435484,0.9375,0.887097,0.75,0.516129,0.5625,1.193548,0.791667,1.322581,0.604167,0.774194,0.375,0.403226,0.1875,1.290323,0.583333,1.806452,0.854167,2.112903,1.0625,2.354839,0,0,0.0,0.0,0.0,0.0,0.0,0.0,0.0,0.0,0.0,0.0,0.0,0.0,0.0,0.0,0.0,0.0,0.0,0.0,0.0,0.0,0.0,0.0,0.0,0.0,0.0,0.0,0.0,0.0,0.0,0.0,0.0,0.0,0.0,0.0,0.0,0.0,0.0,0.0,0.0,0.0,0.0,0.0,J,17
0.0,0.0,0.634615,-0.085714,1.384615,0.242857,1.673077,0.671429,1.365385,1.0,1.192308,1.0,1.5,1.328571,1.365385,0.928571,1.211538,0.657143,0.884615,1.085714,1.211538,1.385714,1.0,0.871429,0.807692,0.557143,0.557692,1.142857,0.903846,1.3,0.711538,0.814286,0.480769,0.485714,0.192308,1.2,0.596154,1.657143,0.923077,1.942857,1.192308,2.171429,0,0,0.0,0.0,0.0,0.0,0.0,0.0,0.0,0.0,0.0,0.0,0.0,0.0,0.0,0.0,0.0,0.0,0.0,0.0,0.0,0.0,0.0,0.0,0.0,0.0,0.0,0.0,0.0,0.0,0.0,0.0,0.0,0.0,0.0,0.0,0.0,0.0,0.0,0.0,0.0,0.0,0.0,0.0,J,17
0.0,0.0,0.734694,-0.030303,1.571429,0.30303,1.897959,0.787879,1.632653,1.166667,1.44898,1.0,1.877551,1.318182,1.653061,0.924242,1.408163,0.651515,1.163265,1.136364,1.530612,1.454545,1.265306,0.969697,1.020408,0.636364,0.816327,1.227273,1.22449,1.409091,0.938776,0.924242,0.632653,0.590909,0.44898,1.318182,0.897959,1.787879,1.183673,2.075758,1.428571,2.318182,0,0,0.0,0.0,0.0,0.0,0.0,0.0,0.0,0.0,0.0,0.0,0.0,0.0,0.0,0.0,0.0,0.0,0.0,0.0,0.0,0.0,0.0,0.0,0.0,0.0,0.0,0.0,0.0,0.0,0.0,0.0,0.0,0.0,0.0,0.0,0.0,0.0,0.0,0.0,0.0,0.0,0.0,0.0,J,17
0.0,0.0,0.829787,-0.033333,1.680851,0.316667,2.06383,0.866667,1.808511,1.316667,1.617021,1.0,2.06383,1.283333,1.787234,0.9,1.468085,0.616667,1.319149,1.183333,1.765957,1.5,1.382979,1.016667,1.021277,0.65,1.0,1.35,1.425532,1.583333,1.085106,1.083333,0.744681,0.716667,0.617021,1.483333,1.06383,1.983333,1.361702,2.283333,1.617021,2.533333,0,0,0.0,0.0,0.0,0.0,0.0,0.0,0.0,0.0,0.0,0.0,0.0,0.0,0.0,0.0,0.0,0.0,0.0,0.0,0.0,0.0,0.0,0.0,0.0,0.0,0.0,0.0,0.0,0.0,0.0,0.0,0.0,0.0,0.0,0.0,0.0,0.0,0.0,0.0,0.0,0.0,0.0,0.0,J,17
0.0,0.0,0.755102,-0.065574,1.632653,0.278689,2.020408,0.819672,1.77551,1.229508,1.591837,1.0,2.020408,1.245902,1.714286,0.885246,1.387755,0.622951,1.285714,1.196721,1.714286,1.47541,1.346939,0.983607,1.020408,0.639344,0.959184,1.344262,1.387755,1.540984,1.040816,1.04918,0.714286,0.688525,0.591837,1.459016,1.061224,1.934426,1.346939,2.213115,1.612245,2.459016,0,0,0.0,0.0,0.0,0.0,0.0,0.0,0.0,0.0,0.0,0.0,0.0,0.0,0.0,0.0,0.0,0.0,0.0,0.0,0.0,0.0,0.0,0.0,0.0,0.0,0.0,0.0,0.0,0.0,0.0,0.0,0.0,0.0,0.0,0.0,0.0,0.0,0.0,0.0,0.0,0.0,0.0,0.0,J,17
0.0,0.0,0.78,-0.084746,1.66,0.271186,2.04,0.847458,1.8,1.305085,1.6,1.0,2.04,1.271186,1.74,0.915254,1.42,0.644068,1.3,1.20339,1.72,1.474576,1.38,1.0,1.04,0.677966,0.98,1.355932,1.4,1.59322,1.1,1.101695,0.76,0.745763,0.6,1.491525,1.08,1.983051,1.4,2.288136,1.68,2.542373,0,0,0.0,0.0,0.0,0.0,0.0,0.0,0.0,0.0,0.0,0.0,0.0,0.0,0.0,0.0,0.0,0.0,0.0,0.0,0.0,0.0,0.0,0.0,0.0,0.0,0.0,0.0,0.0,0.0,0.0,0.0,0.0,0.0,0.0,0.0,0.0,0.0,0.0,0.0,0.0,0.0,0.0,0.0,J,17
0.0,0.0,0.833333,-0.117647,1.75,0.235294,2.1875,0.882353,1.9375,1.411765,1.770833,1.0,2.208333,1.333333,1.895833,0.960784,1.5625,0.686275,1.479167,1.294118,1.895833,1.627451,1.5,1.117647,1.145833,0.72549,1.145833,1.509804,1.583333,1.843137,1.229167,1.294118,0.875,0.882353,0.770833,1.72549,1.291667,2.254902,1.625,2.607843,1.895833,2.882353,0,0,0.0,0.0,0.0,0.0,0.0,0.0,0.0,0.0,0.0,0.0,0.0,0.0,0.0,0.0,0.0,0.0,0.0,0.0,0.0,0.0,0.0,0.0,0.0,0.0,0.0,0.0,0.0,0.0,0.0,0.0,0.0,0.0,0.0,0.0,0.0,0.0,0.0,0.0,0.0,0.0,0.0,0.0,J,17
0.0,0.0,0.833333,-0.134615,1.770833,0.211538,2.208333,0.846154,1.958333,1.346154,1.75,1.0,2.166667,1.326923,1.875,0.961538,1.520833,0.653846,1.458333,1.269231,1.854167,1.596154,1.479167,1.076923,1.104167,0.711538,1.145833,1.480769,1.583333,1.788462,1.229167,1.25,0.875,0.846154,0.75,1.673077,1.270833,2.192308,1.604167,2.519231,1.895833,2.807692,0,0,0.0,0.0,0.0,0.0,0.0,0.0,0.0,0.0,0.0,0.0,0.0,0.0,0.0,0.0,0.0,0.0,0.0,0.0,0.0,0.0,0.0,0.0,0.0,0.0,0.0,0.0,0.0,0.0,0.0,0.0,0.0,0.0,0.0,0.0,0.0,0.0,0.0,0.0,0.0,0.0,0.0,0.0,J,17
0.0,0.0,0.816327,-0.12,1.755102,0.22,2.163265,0.88,1.897959,1.42,1.755102,1.0,2.183673,1.32,1.918367,0.98,1.632653,0.7,1.469388,1.3,1.857143,1.62,1.469388,1.08,1.102041,0.7,1.142857,1.52,1.55102,1.84,1.204082,1.28,0.836735,0.86,0.755102,1.74,1.265306,2.26,1.591837,2.62,1.897959,2.92,0,0,0.0,0.0,0.0,0.0,0.0,0.0,0.0,0.0,0.0,0.0,0.0,0.0,0.0,0.0,0.0,0.0,0.0,0.0,0.0,0.0,0.0,0.0,0.0,0.0,0.0,0.0,0.0,0.0,0.0,0.0,0.0,0.0,0.0,0.0,0.0,0.0,0.0,0.0,0.0,0.0,0.0,0.0,J,17
0.0,0.0,0.847826,-0.163265,1.826087,0.204082,2.304348,0.897959,2.065217,1.489796,1.826087,1.0,2.304348,1.346939,1.956522,0.979592,1.586957,0.693878,1.543478,1.306122,1.956522,1.632653,1.521739,1.102041,1.130435,0.734694,1.217391,1.530612,1.673913,1.857143,1.26087,1.285714,0.869565,0.857143,0.826087,1.77551,1.369565,2.306122,1.73913,2.653061,2.065217,2.959184,0,0,0.0,0.0,0.0,0.0,0.0,0.0,0.0,0.0,0.0,0.0,0.0,0.0,0.0,0.0,0.0,0.0,0.0,0.0,0.0,0.0,0.0,0.0,0.0,0.0,0.0,0.0,0.0,0.0,0.0,0.0,0.0,0.0,0.0,0.0,0.0,0.0,0.0,0.0,0.0,0.0,0.0,0.0,J,17
0.0,0.0,0.791667,-0.183673,1.791667,0.204082,2.229167,0.897959,1.979167,1.510204,1.791667,1.0,2.229167,1.326531,1.895833,1.0,1.520833,0.693878,1.5,1.306122,1.895833,1.653061,1.479167,1.122449,1.125,0.77551,1.166667,1.55102,1.604167,1.877551,1.208333,1.285714,0.833333,0.857143,0.791667,1.77551,1.3125,2.306122,1.645833,2.632653,1.979167,2.959184,0,0,0.0,0.0,0.0,0.0,0.0,0.0,0.0,0.0,0.0,0.0,0.0,0.0,0.0,0.0,0.0,0.0,0.0,0.0,0.0,0.0,0.0,0.0,0.0,0.0,0.0,0.0,0.0,0.0,0.0,0.0,0.0,0.0,0.0,0.0,0.0,0.0,0.0,0.0,0.0,0.0,0.0,0.0,J,17
0.0,0.0,0.791667,-0.222222,1.791667,0.155556,2.229167,0.933333,2.0,1.577778,1.833333,1.0,2.3125,1.355556,1.979167,1.022222,1.625,0.688889,1.541667,1.355556,1.958333,1.755556,1.541667,1.2,1.166667,0.777778,1.208333,1.644444,1.625,2.0,1.229167,1.355556,0.854167,0.888889,0.833333,1.911111,1.333333,2.488889,1.6875,2.866667,2.0,3.222222,0,0,0.0,0.0,0.0,0.0,0.0,0.0,0.0,0.0,0.0,0.0,0.0,0.0,0.0,0.0,0.0,0.0,0.0,0.0,0.0,0.0,0.0,0.0,0.0,0.0,0.0,0.0,0.0,0.0,0.0,0.0,0.0,0.0,0.0,0.0,0.0,0.0,0.0,0.0,0.0,0.0,0.0,0.0,J,17
0.0,0.0,0.847826,-0.166667,1.847826,0.166667,2.304348,0.875,2.065217,1.479167,1.869565,1.0,2.304348,1.3125,1.934783,0.979167,1.586957,0.6875,1.565217,1.3125,2.021739,1.6875,1.586957,1.1875,1.217391,0.8125,1.26087,1.5625,1.695652,1.916667,1.304348,1.3125,0.913043,0.875,0.869565,1.8125,1.413043,2.354167,1.782609,2.708333,2.108696,3.041667,0,0,0.0,0.0,0.0,0.0,0.0,0.0,0.0,0.0,0.0,0.0,0.0,0.0,0.0,0.0,0.0,0.0,0.0,0.0,0.0,0.0,0.0,0.0,0.0,0.0,0.0,0.0,0.0,0.0,0.0,0.0,0.0,0.0,0.0,0.0,0.0,0.0,0.0,0.0,0.0,0.0,0.0,0.0,J,17
0.0,0.0,0.826087,-0.217391,1.891304,0.152174,2.391304,0.934783,2.108696,1.565217,1.913043,1.0,2.391304,1.369565,2.0,1.0,1.608696,0.717391,1.630435,1.347826,2.043478,1.73913,1.608696,1.173913,1.217391,0.782609,1.304348,1.608696,1.717391,1.978261,1.304348,1.347826,0.913043,0.913043,0.913043,1.869565,1.456522,2.434783,1.804348,2.782609,2.130435,3.152174,0,0,0.0,0.0,0.0,0.0,0.0,0.0,0.0,0.0,0.0,0.0,0.0,0.0,0.0,0.0,0.0,0.0,0.0,0.0,0.0,0.0,0.0,0.0,0.0,0.0,0.0,0.0,0.0,0.0,0.0,0.0,0.0,0.0,0.0,0.0,0.0,0.0,0.0,0.0,0.0,0.0,0.0,0.0,J,17
0.0,0.0,0.826087,-0.212766,1.891304,0.148936,2.391304,0.893617,2.152174,1.531915,1.956522,1.0,2.434783,1.340426,2.043478,0.978723,1.652174,0.702128,1.652174,1.319149,2.086957,1.723404,1.652174,1.191489,1.26087,0.808511,1.326087,1.595745,1.76087,1.93617,1.326087,1.319149,0.934783,0.893617,0.956522,1.87234,1.478261,2.404255,1.826087,2.744681,2.173913,3.106383,0,0,0.0,0.0,0.0,0.0,0.0,0.0,0.0,0.0,0.0,0.0,0.0,0.0,0.0,0.0,0.0,0.0,0.0,0.0,0.0,0.0,0.0,0.0,0.0,0.0,0.0,0.0,0.0,0.0,0.0,0.0,0.0,0.0,0.0,0.0,0.0,0.0,0.0,0.0,0.0,0.0,0.0,0.0,J,17
0.0,0.0,0.804348,-0.222222,1.869565,0.155556,2.369565,0.933333,2.152174,1.6,1.956522,1.0,2.456522,1.355556,2.043478,1.0,1.630435,0.733333,1.673913,1.377778,2.108696,1.777778,1.630435,1.222222,1.217391,0.822222,1.347826,1.666667,1.76087,2.044444,1.369565,1.4,0.956522,0.955556,0.956522,1.955556,1.5,2.511111,1.869565,2.866667,2.195652,3.244444,0,0,0.0,0.0,0.0,0.0,0.0,0.0,0.0,0.0,0.0,0.0,0.0,0.0,0.0,0.0,0.0,0.0,0.0,0.0,0.0,0.0,0.0,0.0,0.0,0.0,0.0,0.0,0.0,0.0,0.0,0.0,0.0,0.0,0.0,0.0,0.0,0.0,0.0,0.0,0.0,0.0,0.0,0.0,J,17
0.0,0.0,0.8125,-0.1875,1.833333,0.125,2.291667,0.854167,2.083333,1.479167,1.875,1.0,2.333333,1.3125,1.979167,0.979167,1.583333,0.6875,1.583333,1.333333,2.020833,1.6875,1.583333,1.166667,1.166667,0.770833,1.25,1.604167,1.6875,1.916667,1.270833,1.3125,0.875,0.875,0.875,1.875,1.4375,2.395833,1.791667,2.75,2.125,3.104167,0,0,0.0,0.0,0.0,0.0,0.0,0.0,0.0,0.0,0.0,0.0,0.0,0.0,0.0,0.0,0.0,0.0,0.0,0.0,0.0,0.0,0.0,0.0,0.0,0.0,0.0,0.0,0.0,0.0,0.0,0.0,0.0,0.0,0.0,0.0,0.0,0.0,0.0,0.0,0.0,0.0,0.0,0.0,J,17
0.0,0.0,0.833333,-0.183673,1.833333,0.142857,2.3125,0.836735,2.104167,1.44898,1.875,1.0,2.333333,1.285714,1.9375,0.918367,1.5625,0.653061,1.583333,1.326531,2.020833,1.673469,1.604167,1.142857,1.208333,0.755102,1.25,1.591837,1.6875,1.897959,1.291667,1.285714,0.895833,0.836735,0.875,1.836735,1.4375,2.387755,1.8125,2.755102,2.125,3.081633,0,0,0.0,0.0,0.0,0.0,0.0,0.0,0.0,0.0,0.0,0.0,0.0,0.0,0.0,0.0,0.0,0.0,0.0,0.0,0.0,0.0,0.0,0.0,0.0,0.0,0.0,0.0,0.0,0.0,0.0,0.0,0.0,0.0,0.0,0.0,0.0,0.0,0.0,0.0,0.0,0.0,0.0,0.0,J,17
0.0,0.0,0.791667,-0.133333,1.8125,0.2,2.3125,0.75,2.083333,1.25,1.8125,1.0,2.291667,1.283333,1.895833,0.9,1.520833,0.616667,1.5,1.216667,2.0,1.5,1.541667,0.983333,1.145833,0.666667,1.166667,1.383333,1.645833,1.616667,1.270833,1.066667,0.875,0.7,0.8125,1.533333,1.375,2.033333,1.770833,2.333333,2.104167,2.616667,0,0,0.0,0.0,0.0,0.0,0.0,0.0,0.0,0.0,0.0,0.0,0.0,0.0,0.0,0.0,0.0,0.0,0.0,0.0,0.0,0.0,0.0,0.0,0.0,0.0,0.0,0.0,0.0,0.0,0.0,0.0,0.0,0.0,0.0,0.0,0.0,0.0,0.0,0.0,0.0,0.0,0.0,0.0,J,17
0.0,0.0,0.851064,-0.057971,1.851064,0.26087,2.361702,0.710145,2.106383,1.115942,1.787234,1.0,2.297872,1.246377,1.93617,0.869565,1.574468,0.623188,1.489362,1.144928,2.0,1.405797,1.574468,0.913043,1.212766,0.608696,1.148936,1.275362,1.680851,1.449275,1.297872,0.956522,0.893617,0.637681,0.787234,1.391304,1.382979,1.855072,1.765957,2.130435,2.106383,2.376812,0,0,0.0,0.0,0.0,0.0,0.0,0.0,0.0,0.0,0.0,0.0,0.0,0.0,0.0,0.0,0.0,0.0,0.0,0.0,0.0,0.0,0.0,0.0,0.0,0.0,0.0,0.0,0.0,0.0,0.0,0.0,0.0,0.0,0.0,0.0,0.0,0.0,0.0,0.0,0.0,0.0,0.0,0.0,J,17
0.0,0.0,0.977273,-0.051282,2.045455,0.282051,2.613636,0.679487,2.272727,1.012821,1.795455,1.0,2.431818,1.179487,2.090909,0.820513,1.772727,0.602564,1.454545,1.115385,2.136364,1.269231,1.727273,0.794872,1.386364,0.551282,1.136364,1.192308,1.840909,1.307692,1.477273,0.833333,1.068182,0.551282,0.795455,1.25641,1.454545,1.653846,1.863636,1.897436,2.227273,2.141026,0,0,0.0,0.0,0.0,0.0,0.0,0.0,0.0,0.0,0.0,0.0,0.0,0.0,0.0,0.0,0.0,0.0,0.0,0.0,0.0,0.0,0.0,0.0,0.0,0.0,0.0,0.0,0.0,0.0,0.0,0.0,0.0,0.0,0.0,0.0,0.0,0.0,0.0,0.0,0.0,0.0,0.0,0.0,J,17
0.0,0.0,1.179487,0.010204,2.384615,0.295918,3.051282,0.612245,2.538462,0.826531,1.820513,1.0,2.74359,1.040816,2.384615,0.693878,2.0,0.561224,1.384615,1.071429,2.435897,1.061224,2.0,0.653061,1.589744,0.479592,1.051282,1.081633,2.102564,1.071429,1.794872,0.673469,1.358974,0.479592,0.820513,1.040816,1.666667,1.336735,2.153846,1.530612,2.538462,1.734694,0,0,0.0,0.0,0.0,0.0,0.0,0.0,0.0,0.0,0.0,0.0,0.0,0.0,0.0,0.0,0.0,0.0,0.0,0.0,0.0,0.0,0.0,0.0,0.0,0.0,0.0,0.0,0.0,0.0,0.0,0.0,0.0,0.0,0.0,0.0,0.0,0.0,0.0,0.0,0.0,0.0,0.0,0.0,J,17
0.0,0.0,1.766667,0.055046,3.133333,0.311927,4.0,0.577982,3.4,0.724771,2.033333,1.0,3.466667,1.0,3.066667,0.697248,2.533333,0.577982,1.5,1.036697,3.133333,0.981651,2.666667,0.605505,2.166667,0.477064,1.166667,0.990826,2.833333,0.944954,2.433333,0.587156,1.866667,0.431193,1.033333,0.899083,2.133333,1.165138,2.766667,1.357798,3.266667,1.53211,0,0,0.0,0.0,0.0,0.0,0.0,0.0,0.0,0.0,0.0,0.0,0.0,0.0,0.0,0.0,0.0,0.0,0.0,0.0,0.0,0.0,0.0,0.0,0.0,0.0,0.0,0.0,0.0,0.0,0.0,0.0,0.0,0.0,0.0,0.0,0.0,0.0,0.0,0.0,0.0,0.0,0.0,0.0,J,17
0.0,0.0,2.0,0.079646,3.5,0.327434,4.461538,0.566372,3.846154,0.699115,2.076923,1.0,3.884615,0.973451,3.461538,0.663717,2.807692,0.548673,1.5,1.026549,3.538462,0.955752,3.076923,0.59292,2.538462,0.469027,1.192308,0.964602,3.230769,0.893805,2.769231,0.557522,2.115385,0.40708,1.076923,0.858407,2.423077,1.115044,3.115385,1.300885,3.653846,1.477876,0,0,0.0,0.0,0.0,0.0,0.0,0.0,0.0,0.0,0.0,0.0,0.0,0.0,0.0,0.0,0.0,0.0,0.0,0.0,0.0,0.0,0.0,0.0,0.0,0.0,0.0,0.0,0.0,0.0,0.0,0.0,0.0,0.0,0.0,0.0,0.0,0.0,0.0,0.0,0.0,0.0,0.0,0.0,J,17
0.0,0.0,2.076923,0.086957,3.5,0.330435,4.461538,0.556522,3.961538,0.686957,2.0,1.0,3.807692,0.991304,3.5,0.686957,2.884615,0.565217,1.423077,1.008696,3.5,0.956522,3.153846,0.6,2.653846,0.478261,1.115385,0.921739,3.192308,0.869565,2.884615,0.53913,2.269231,0.391304,1.0,0.791304,2.384615,1.052174,3.115385,1.243478,3.692308,1.417391,0,0,0.0,0.0,0.0,0.0,0.0,0.0,0.0,0.0,0.0,0.0,0.0,0.0,0.0,0.0,0.0,0.0,0.0,0.0,0.0,0.0,0.0,0.0,0.0,0.0,0.0,0.0,0.0,0.0,0.0,0.0,0.0,0.0,0.0,0.0,0.0,0.0,0.0,0.0,0.0,0.0,0.0,0.0,J,17
0.0,0.0,2.076923,0.094017,3.461538,0.333333,4.423077,0.555556,3.961538,0.675214,1.807692,1.0,3.653846,0.982906,3.423077,0.683761,2.807692,0.564103,1.192308,0.991453,3.423077,0.940171,3.153846,0.598291,2.615385,0.487179,0.884615,0.897436,3.076923,0.846154,2.807692,0.529915,2.153846,0.401709,0.807692,0.74359,2.230769,0.991453,3.038462,1.179487,3.692308,1.358974,0,0,0.0,0.0,0.0,0.0,0.0,0.0,0.0,0.0,0.0,0.0,0.0,0.0,0.0,0.0,0.0,0.0,0.0,0.0,0.0,0.0,0.0,0.0,0.0,0.0,0.0,0.0,0.0,0.0,0.0,0.0,0.0,0.0,0.0,0.0,0.0,0.0,0.0,0.0,0.0,0.0,0.0,0.0,J,17
0.0,0.0,2.25,0.102564,3.666667,0.350427,4.666667,0.555556,4.333333,0.683761,1.75,1.0,3.75,0.991453,3.625,0.692308,3.041667,0.57265,1.125,0.991453,3.541667,0.931624,3.333333,0.606838,2.791667,0.487179,0.833333,0.880342,3.208333,0.82906,3.0,0.529915,2.333333,0.401709,0.75,0.717949,2.333333,0.948718,3.166667,1.136752,3.791667,1.324786,0,0,0.0,0.0,0.0,0.0,0.0,0.0,0.0,0.0,0.0,0.0,0.0,0.0,0.0,0.0,0.0,0.0,0.0,0.0,0.0,0.0,0.0,0.0,0.0,0.0,0.0,0.0,0.0,0.0,0.0,0.0,0.0,0.0,0.0,0.0,0.0,0.0,0.0,0.0,0.0,0.0,0.0,0.0,J,17
0.0,0.0,2.8,0.116667,4.45,0.358333,5.7,0.558333,5.2,0.675,1.95,1.0,4.55,0.975,4.4,0.675,3.7,0.541667,1.2,0.983333,4.35,0.9,4.15,0.583333,3.5,0.466667,0.95,0.858333,4.0,0.791667,3.7,0.5,2.95,0.383333,0.95,0.666667,2.85,0.9,3.85,1.075,4.75,1.25,0,0,0.0,0.0,0.0,0.0,0.0,0.0,0.0,0.0,0.0,0.0,0.0,0.0,0.0,0.0,0.0,0.0,0.0,0.0,0.0,0.0,0.0,0.0,0.0,0.0,0.0,0.0,0.0,0.0,0.0,0.0,0.0,0.0,0.0,0.0,0.0,0.0,0.0,0.0,0.0,0.0,0.0,0.0,J,17
0.0,0.0,2.35,0.12,3.75,0.352,4.9,0.552,4.85,0.696,1.1,1.0,4.1,0.952,4.05,0.688,3.35,0.56,0.25,0.96,3.95,0.84,3.6,0.584,2.95,0.456,0.0,0.8,3.55,0.696,3.0,0.456,2.1,0.344,0.1,0.568,2.1,0.784,3.25,0.968,4.4,1.144,0,0,0.0,0.0,0.0,0.0,0.0,0.0,0.0,0.0,0.0,0.0,0.0,0.0,0.0,0.0,0.0,0.0,0.0,0.0,0.0,0.0,0.0,0.0,0.0,0.0,0.0,0.0,0.0,0.0,0.0,0.0,0.0,0.0,0.0,0.0,0.0,0.0,0.0,0.0,0.0,0.0,0.0,0.0,J,17
0.0,0.0,1.033333,0.115702,1.966667,0.338843,2.7,0.545455,2.866667,0.727273,0.333333,1.0,2.233333,0.975207,2.233333,0.743802,1.833333,0.619835,-0.4,0.950413,2.2,0.826446,1.966667,0.561983,1.533333,0.429752,-0.666667,0.801653,1.933333,0.68595,1.466667,0.421488,0.866667,0.289256,-0.666667,0.561983,0.733333,0.727273,1.5,0.892562,2.333333,1.066116,0,0,0.0,0.0,0.0,0.0,0.0,0.0,0.0,0.0,0.0,0.0,0.0,0.0,0.0,0.0,0.0,0.0,0.0,0.0,0.0,0.0,0.0,0.0,0.0,0.0,0.0,0.0,0.0,0.0,0.0,0.0,0.0,0.0,0.0,0.0,0.0,0.0,0.0,0.0,0.0,0.0,0.0,0.0,J,17
0.0,0.0,0.823529,0.10084,1.676471,0.310924,2.264706,0.529412,2.5,0.722689,0.264706,1.0,1.941176,0.915966,1.882353,0.697479,1.5,0.596639,-0.470588,0.92437,1.911765,0.764706,1.647059,0.504202,1.323529,0.386555,-0.735294,0.773109,1.617647,0.621849,1.176471,0.327731,0.676471,0.184874,-0.735294,0.521008,0.558824,0.655462,1.294118,0.806723,2.088235,0.991597,0,0,0.0,0.0,0.0,0.0,0.0,0.0,0.0,0.0,0.0,0.0,0.0,0.0,0.0,0.0,0.0,0.0,0.0,0.0,0.0,0.0,0.0,0.0,0.0,0.0,0.0,0.0,0.0,0.0,0.0,0.0,0.0,0.0,0.0,0.0,0.0,0.0,0.0,0.0,0.0,0.0,0.0,0.0,J,17
0.0,0.0,0.818182,0.123967,1.636364,0.330579,2.212121,0.545455,2.515152,0.735537,0.060606,1.0,1.909091,0.892562,1.848485,0.677686,1.484848,0.595041,-0.69697,0.900826,1.878788,0.719008,1.636364,0.471074,1.30303,0.338843,-0.939394,0.727273,1.545455,0.578512,1.090909,0.289256,0.636364,0.132231,-0.939394,0.46281,0.484848,0.595041,1.272727,0.743802,2.181818,0.917355,0,0,0.0,0.0,0.0,0.0,0.0,0.0,0.0,0.0,0.0,0.0,0.0,0.0,0.0,0.0,0.0,0.0,0.0,0.0,0.0,0.0,0.0,0.0,0.0,0.0,0.0,0.0,0.0,0.0,0.0,0.0,0.0,0.0,0.0,0.0,0.0,0.0,0.0,0.0,0.0,0.0,0.0,0.0,J,17
0.0,0.0,0.9375,0.140496,1.8125,0.347107,2.40625,0.553719,2.46875,0.694215,0.03125,1.0,2.09375,0.900826,2.09375,0.661157,1.65625,0.570248,-0.71875,0.892562,2.0625,0.727273,1.78125,0.471074,1.34375,0.347107,-1.0,0.719008,1.71875,0.561983,1.15625,0.297521,0.59375,0.165289,-0.96875,0.454545,0.59375,0.553719,1.46875,0.677686,2.375,0.826446,0,0,0.0,0.0,0.0,0.0,0.0,0.0,0.0,0.0,0.0,0.0,0.0,0.0,0.0,0.0,0.0,0.0,0.0,0.0,0.0,0.0,0.0,0.0,0.0,0.0,0.0,0.0,0.0,0.0,0.0,0.0,0.0,0.0,0.0,0.0,0.0,0.0,0.0,0.0,0.0,0.0,0.0,0.0,J,17
0.0,0.0,1.133333,0.146341,2.133333,0.357724,2.8,0.560976,2.833333,0.691057,0.2,1.0,2.533333,0.902439,2.5,0.650407,2.0,0.569106,-0.533333,0.902439,2.466667,0.739837,2.166667,0.487805,1.733333,0.365854,-0.833333,0.731707,2.066667,0.593496,1.5,0.333333,0.9,0.203252,-0.8,0.471545,0.9,0.560976,1.8,0.666667,2.733333,0.804878,0,0,0.0,0.0,0.0,0.0,0.0,0.0,0.0,0.0,0.0,0.0,0.0,0.0,0.0,0.0,0.0,0.0,0.0,0.0,0.0,0.0,0.0,0.0,0.0,0.0,0.0,0.0,0.0,0.0,0.0,0.0,0.0,0.0,0.0,0.0,0.0,0.0,0.0,0.0,0.0,0.0,0.0,0.0,J,17
0.0,0.0,3.75,0.198413,6.666667,0.420635,9.083333,0.571429,10.083333,0.65873,2.166667,1.0,8.166667,0.952381,8.25,0.698413,6.833333,0.611111,1.0,0.849206,7.833333,0.769841,7.166667,0.539683,5.75,0.452381,0.75,0.619048,7.166667,0.603175,6.333333,0.412698,4.666667,0.333333,1.166667,0.349206,5.833333,0.452381,8.083333,0.547619,10.0,0.690476,0,0,0.0,0.0,0.0,0.0,0.0,0.0,0.0,0.0,0.0,0.0,0.0,0.0,0.0,0.0,0.0,0.0,0.0,0.0,0.0,0.0,0.0,0.0,0.0,0.0,0.0,0.0,0.0,0.0,0.0,0.0,0.0,0.0,0.0,0.0,0.0,0.0,0.0,0.0,0.0,0.0,0.0,0.0,J,17
0.0,0.0,13.333333,0.278261,25.333333,0.521739,38.333333,0.608696,42.666667,0.608696,10.333333,1.0,34.0,1.026087,35.333333,0.756522,30.333333,0.652174,7.333333,0.765217,34.0,0.765217,33.666667,0.521739,29.0,0.452174,8.0,0.486957,33.666667,0.530435,31.333333,0.365217,25.0,0.321739,11.333333,0.208696,29.0,0.365217,37.0,0.486957,43.0,0.634783,0,0,0.0,0.0,0.0,0.0,0.0,0.0,0.0,0.0,0.0,0.0,0.0,0.0,0.0,0.0,0.0,0.0,0.0,0.0,0.0,0.0,0.0,0.0,0.0,0.0,0.0,0.0,0.0,0.0,0.0,0.0,0.0,0.0,0.0,0.0,0.0,0.0,0.0,0.0,0.0,0.0,0.0,0.0,J,17
0.0,0.0,4.0,0.330357,8.333333,0.598214,13.111111,0.669643,14.333333,0.580357,3.333333,1.0,11.0,1.053571,11.444444,0.794643,10.0,0.705357,2.666667,0.767857,11.222222,0.794643,11.222222,0.5625,9.777778,0.482143,3.111111,0.5,11.333333,0.553571,10.888889,0.410714,9.111111,0.357143,4.333333,0.223214,10.222222,0.366071,13.111111,0.464286,15.222222,0.589286,0,0,0.0,0.0,0.0,0.0,0.0,0.0,0.0,0.0,0.0,0.0,0.0,0.0,0.0,0.0,0.0,0.0,0.0,0.0,0.0,0.0,0.0,0.0,0.0,0.0,0.0,0.0,0.0,0.0,0.0,0.0,0.0,0.0,0.0,0.0,0.0,0.0,0.0,0.0,0.0,0.0,0.0,0.0,J,17
0.0,0.0,2.307692,0.405405,5.461538,0.711712,9.0,0.774775,9.923077,0.621622,2.307692,1.0,7.846154,1.045045,8.153846,0.801802,7.230769,0.702703,2.0,0.747748,8.076923,0.765766,8.0,0.531532,6.923077,0.459459,2.384615,0.468468,8.076923,0.513514,7.615385,0.36036,6.307692,0.306306,3.307692,0.189189,7.307692,0.315315,9.461538,0.396396,11.076923,0.495495,0,0,0.0,0.0,0.0,0.0,0.0,0.0,0.0,0.0,0.0,0.0,0.0,0.0,0.0,0.0,0.0,0.0,0.0,0.0,0.0,0.0,0.0,0.0,0.0,0.0,0.0,0.0,0.0,0.0,0.0,0.0,0.0,0.0,0.0,0.0,0.0,0.0,0.0,0.0,0.0,0.0,0.0,0.0,J,17
0.0,0.0,1.421053,0.423423,3.684211,0.720721,6.157895,0.792793,6.894737,0.612613,1.473684,1.0,5.315789,1.027027,5.578947,0.792793,4.842105,0.702703,1.421053,0.747748,5.578947,0.747748,5.473684,0.522523,4.578947,0.468468,1.789474,0.45045,5.736842,0.495495,5.473684,0.351351,4.526316,0.306306,2.473684,0.162162,5.157895,0.261261,6.684211,0.315315,7.894737,0.369369,0,0,0.0,0.0,0.0,0.0,0.0,0.0,0.0,0.0,0.0,0.0,0.0,0.0,0.0,0.0,0.0,0.0,0.0,0.0,0.0,0.0,0.0,0.0,0.0,0.0,0.0,0.0,0.0,0.0,0.0,0.0,0.0,0.0,0.0,0.0,0.0,0.0,0.0,0.0,0.0,0.0,0.0,0.0,J,17
0.0,0.0,1.35,0.440367,3.5,0.743119,5.9,0.825688,6.65,0.642202,1.45,1.0,5.1,1.036697,5.25,0.807339,4.4,0.724771,1.5,0.752294,5.45,0.752294,5.3,0.541284,4.4,0.486239,1.9,0.46789,5.65,0.513761,5.4,0.376147,4.4,0.330275,2.45,0.174312,5.1,0.238532,6.65,0.247706,7.85,0.266055,0,0,0.0,0.0,0.0,0.0,0.0,0.0,0.0,0.0,0.0,0.0,0.0,0.0,0.0,0.0,0.0,0.0,0.0,0.0,0.0,0.0,0.0,0.0,0.0,0.0,0.0,0.0,0.0,0.0,0.0,0.0,0.0,0.0,0.0,0.0,0.0,0.0,0.0,0.0,0.0,0.0,0.0,0.0,J,17
0.0,0.0,1.5,0.425926,3.944444,0.740741,6.722222,0.851852,7.277778,0.666667,1.722222,1.0,5.666667,1.027778,5.722222,0.805556,4.722222,0.731481,1.722222,0.75,5.944444,0.731481,5.611111,0.527778,4.555556,0.5,2.166667,0.453704,6.222222,0.481481,5.666667,0.351852,4.555556,0.324074,2.722222,0.166667,5.833333,0.203704,7.555556,0.203704,8.944444,0.212963,0,0,0.0,0.0,0.0,0.0,0.0,0.0,0.0,0.0,0.0,0.0,0.0,0.0,0.0,0.0,0.0,0.0,0.0,0.0,0.0,0.0,0.0,0.0,0.0,0.0,0.0,0.0,0.0,0.0,0.0,0.0,0.0,0.0,0.0,0.0,0.0,0.0,0.0,0.0,0.0,0.0,0.0,0.0,J,17
0.0,0.0,1.181818,0.433962,3.318182,0.745283,5.545455,0.867925,5.818182,0.688679,1.363636,1.0,4.590909,1.04717,4.636364,0.811321,3.772727,0.726415,1.454545,0.735849,4.909091,0.745283,4.590909,0.537736,3.727273,0.509434,1.863636,0.443396,5.181818,0.490566,4.727273,0.367925,3.727273,0.349057,2.363636,0.150943,4.863636,0.179245,6.318182,0.169811,7.454545,0.179245,0,0,0.0,0.0,0.0,0.0,0.0,0.0,0.0,0.0,0.0,0.0,0.0,0.0,0.0,0.0,0.0,0.0,0.0,0.0,0.0,0.0,0.0,0.0,0.0,0.0,0.0,0.0,0.0,0.0,0.0,0.0,0.0,0.0,0.0,0.0,0.0,0.0,0.0,0.0,0.0,0.0,0.0,0.0,J,17
0.0,0.0,1.0,0.445545,3.043478,0.792079,5.26087,0.930693,5.652174,0.742574,1.304348,1.0,4.434783,1.089109,4.347826,0.841584,3.565217,0.752475,1.434783,0.732673,4.782609,0.782178,4.434783,0.564356,3.565217,0.514851,1.826087,0.425743,5.043478,0.50495,4.565217,0.386139,3.608696,0.356436,2.304348,0.138614,4.782609,0.158416,6.173913,0.148515,7.26087,0.158416,0,0,0.0,0.0,0.0,0.0,0.0,0.0,0.0,0.0,0.0,0.0,0.0,0.0,0.0,0.0,0.0,0.0,0.0,0.0,0.0,0.0,0.0,0.0,0.0,0.0,0.0,0.0,0.0,0.0,0.0,0.0,0.0,0.0,0.0,0.0,0.0,0.0,0.0,0.0,0.0,0.0,0.0,0.0,J,17
0.0,0.0,1.0,0.445545,3.090909,0.792079,5.409091,0.930693,6.090909,0.762376,1.545455,1.0,4.772727,1.079208,4.636364,0.851485,3.727273,0.772277,1.681818,0.712871,5.181818,0.772277,4.818182,0.574257,3.909091,0.514851,2.090909,0.415842,5.454545,0.50495,4.954545,0.386139,4.0,0.356436,2.545455,0.128713,5.227273,0.138614,6.727273,0.118812,7.863636,0.118812,0,0,0.0,0.0,0.0,0.0,0.0,0.0,0.0,0.0,0.0,0.0,0.0,0.0,0.0,0.0,0.0,0.0,0.0,0.0,0.0,0.0,0.0,0.0,0.0,0.0,0.0,0.0,0.0,0.0,0.0,0.0,0.0,0.0,0.0,0.0,0.0,0.0,0.0,0.0,0.0,0.0,0.0,0.0,J,17
0.0,0.0,0.8,0.452632,2.64,0.821053,4.76,0.926316,5.4,0.715789,1.28,1.0,4.16,1.105263,4.04,0.873684,3.24,0.778947,1.44,0.694737,4.56,0.778947,4.2,0.568421,3.4,0.505263,1.84,0.378947,4.84,0.484211,4.4,0.368421,3.52,0.336842,2.28,0.084211,4.68,0.115789,6.0,0.084211,7.04,0.063158,0,0,0.0,0.0,0.0,0.0,0.0,0.0,0.0,0.0,0.0,0.0,0.0,0.0,0.0,0.0,0.0,0.0,0.0,0.0,0.0,0.0,0.0,0.0,0.0,0.0,0.0,0.0,0.0,0.0,0.0,0.0,0.0,0.0,0.0,0.0,0.0,0.0,0.0,0.0,0.0,0.0,0.0,0.0,J,17
0.0,0.0,0.703704,0.462366,2.407407,0.83871,4.37037,0.946237,4.925926,0.709677,1.296296,1.0,3.925926,1.11828,3.740741,0.88172,3.0,0.784946,1.518519,0.677419,4.296296,0.784946,3.925926,0.569892,3.148148,0.505376,1.888889,0.354839,4.555556,0.473118,4.074074,0.365591,3.222222,0.333333,2.296296,0.064516,4.444444,0.096774,5.703704,0.064516,6.666667,0.043011,0,0,0.0,0.0,0.0,0.0,0.0,0.0,0.0,0.0,0.0,0.0,0.0,0.0,0.0,0.0,0.0,0.0,0.0,0.0,0.0,0.0,0.0,0.0,0.0,0.0,0.0,0.0,0.0,0.0,0.0,0.0,0.0,0.0,0.0,0.0,0.0,0.0,0.0,0.0,0.0,0.0,0.0,0.0,J,17
0.0,0.0,0.53125,0.466667,1.90625,0.822222,3.5,0.933333,4.125,0.777778,1.125,1.0,3.375,1.122222,3.15625,0.9,2.53125,0.811111,1.40625,0.677778,3.65625,0.8,3.34375,0.611111,2.71875,0.533333,1.75,0.344444,3.90625,0.477778,3.5,0.388889,2.78125,0.344444,2.125,0.044444,3.875,0.077778,4.90625,0.033333,5.6875,0.011111,0,0,0.0,0.0,0.0,0.0,0.0,0.0,0.0,0.0,0.0,0.0,0.0,0.0,0.0,0.0,0.0,0.0,0.0,0.0,0.0,0.0,0.0,0.0,0.0,0.0,0.0,0.0,0.0,0.0,0.0,0.0,0.0,0.0,0.0,0.0,0.0,0.0,0.0,0.0,0.0,0.0,0.0,0.0,J,17
0.0,0.0,0.548387,0.47191,1.935484,0.842697,3.548387,0.955056,4.193548,0.820225,1.16129,1.0,3.516129,1.134831,3.322581,0.910112,2.645161,0.820225,1.419355,0.685393,3.83871,0.820225,3.548387,0.617978,2.903226,0.539326,1.806452,0.348315,4.032258,0.494382,3.677419,0.370787,2.967742,0.314607,2.16129,0.044944,4.0,0.078652,5.064516,0.022472,5.903226,0.0,0,0,0.0,0.0,0.0,0.0,0.0,0.0,0.0,0.0,0.0,0.0,0.0,0.0,0.0,0.0,0.0,0.0,0.0,0.0,0.0,0.0,0.0,0.0,0.0,0.0,0.0,0.0,0.0,0.0,0.0,0.0,0.0,0.0,0.0,0.0,0.0,0.0,0.0,0.0,0.0,0.0,0.0,0.0,J,17
0.0,0.0,0.428571,0.506024,1.685714,0.903614,3.171429,1.0,3.8,0.819277,1.028571,1.0,3.142857,1.156627,2.914286,0.927711,2.285714,0.831325,1.314286,0.638554,3.371429,0.831325,3.085714,0.638554,2.514286,0.542169,1.657143,0.289157,3.628571,0.506024,3.285714,0.39759,2.628571,0.337349,2.028571,-0.012048,3.685714,0.036145,4.628571,-0.012048,5.371429,-0.048193,0,0,0.0,0.0,0.0,0.0,0.0,0.0,0.0,0.0,0.0,0.0,0.0,0.0,0.0,0.0,0.0,0.0,0.0,0.0,0.0,0.0,0.0,0.0,0.0,0.0,0.0,0.0,0.0,0.0,0.0,0.0,0.0,0.0,0.0,0.0,0.0,0.0,0.0,0.0,0.0,0.0,0.0,0.0,J,17
0.0,0.0,0.46875,0.493827,1.75,0.876543,3.25,1.024691,4.0,0.975309,1.15625,1.0,3.40625,1.17284,3.15625,0.950617,2.5,0.839506,1.4375,0.62963,3.71875,0.851852,3.40625,0.666667,2.8125,0.580247,1.78125,0.271605,3.9375,0.506173,3.59375,0.419753,2.90625,0.37037,2.15625,-0.024691,3.9375,0.037037,5.03125,0.0,5.90625,0.0,0,0,0.0,0.0,0.0,0.0,0.0,0.0,0.0,0.0,0.0,0.0,0.0,0.0,0.0,0.0,0.0,0.0,0.0,0.0,0.0,0.0,0.0,0.0,0.0,0.0,0.0,0.0,0.0,0.0,0.0,0.0,0.0,0.0,0.0,0.0,0.0,0.0,0.0,0.0,0.0,0.0,0.0,0.0,J,17
0.0,0.0,0.424242,0.506173,1.666667,0.91358,3.090909,1.074074,3.909091,1.024691,1.181818,1.0,3.393939,1.160494,3.121212,0.962963,2.515152,0.851852,1.484848,0.62963,3.666667,0.851852,3.363636,0.691358,2.787879,0.604938,1.848485,0.271605,3.878788,0.530864,3.515152,0.45679,2.848485,0.407407,2.181818,-0.024691,3.909091,0.049383,4.969697,0.037037,5.818182,0.037037,0,0,0.0,0.0,0.0,0.0,0.0,0.0,0.0,0.0,0.0,0.0,0.0,0.0,0.0,0.0,0.0,0.0,0.0,0.0,0.0,0.0,0.0,0.0,0.0,0.0,0.0,0.0,0.0,0.0,0.0,0.0,0.0,0.0,0.0,0.0,0.0,0.0,0.0,0.0,0.0,0.0,0.0,0.0,J,17
0.0,0.0,0.371429,0.538462,1.571429,0.961538,2.942857,1.115385,3.742857,1.038462,1.171429,1.0,3.257143,1.205128,2.971429,1.012821,2.4,0.897436,1.514286,0.615385,3.571429,0.884615,3.228571,0.75641,2.657143,0.641026,1.857143,0.24359,3.771429,0.551282,3.4,0.5,2.8,0.423077,2.171429,-0.025641,3.8,0.051282,4.771429,0.051282,5.6,0.051282,0,0,0.0,0.0,0.0,0.0,0.0,0.0,0.0,0.0,0.0,0.0,0.0,0.0,0.0,0.0,0.0,0.0,0.0,0.0,0.0,0.0,0.0,0.0,0.0,0.0,0.0,0.0,0.0,0.0,0.0,0.0,0.0,0.0,0.0,0.0,0.0,0.0,0.0,0.0,0.0,0.0,0.0,0.0,J,17
0.0,0.0,0.351351,0.558442,1.459459,0.974026,2.756757,1.116883,3.567568,1.025974,1.081081,1.0,3.108108,1.194805,2.783784,1.025974,2.243243,0.909091,1.432432,0.584416,3.378378,0.896104,3.027027,0.779221,2.486486,0.662338,1.783784,0.233766,3.567568,0.584416,3.216216,0.532468,2.648649,0.454545,2.081081,-0.038961,3.540541,0.064935,4.459459,0.051948,5.216216,0.051948,0,0,0.0,0.0,0.0,0.0,0.0,0.0,0.0,0.0,0.0,0.0,0.0,0.0,0.0,0.0,0.0,0.0,0.0,0.0,0.0,0.0,0.0,0.0,0.0,0.0,0.0,0.0,0.0,0.0,0.0,0.0,0.0,0.0,0.0,0.0,0.0,0.0,0.0,0.0,0.0,0.0,0.0,0.0,J,17
0.0,0.0,0.371429,0.545455,1.571429,0.987013,2.942857,1.116883,3.771429,1.0,1.2,1.0,3.342857,1.181818,3.0,1.0,2.4,0.883117,1.542857,0.584416,3.628571,0.87013,3.228571,0.753247,2.628571,0.623377,1.885714,0.220779,3.771429,0.558442,3.4,0.480519,2.771429,0.38961,2.2,-0.038961,3.742857,0.051948,4.714286,0.051948,5.571429,0.051948,0,0,0.0,0.0,0.0,0.0,0.0,0.0,0.0,0.0,0.0,0.0,0.0,0.0,0.0,0.0,0.0,0.0,0.0,0.0,0.0,0.0,0.0,0.0,0.0,0.0,0.0,0.0,0.0,0.0,0.0,0.0,0.0,0.0,0.0,0.0,0.0,0.0,0.0,0.0,0.0,0.0,0.0,0.0,J,17
0.0,0.0,0.352941,0.552632,1.5,0.986842,2.794118,1.078947,3.705882,0.921053,1.264706,1.0,3.529412,1.184211,3.176471,1.013158,2.588235,0.894737,1.588235,0.578947,3.794118,0.868421,3.382353,0.763158,2.764706,0.644737,1.941176,0.210526,3.911765,0.552632,3.529412,0.5,2.882353,0.407895,2.264706,-0.052632,3.882353,0.065789,4.911765,0.065789,5.794118,0.065789,0,0,0.0,0.0,0.0,0.0,0.0,0.0,0.0,0.0,0.0,0.0,0.0,0.0,0.0,0.0,0.0,0.0,0.0,0.0,0.0,0.0,0.0,0.0,0.0,0.0,0.0,0.0,0.0,0.0,0.0,0.0,0.0,0.0,0.0,0.0,0.0,0.0,0.0,0.0,0.0,0.0,0.0,0.0,J,17
0.0,0.0,0.277778,0.586667,1.333333,1.04,2.527778,1.133333,3.388889,0.96,1.166667,1.0,3.277778,1.213333,2.972222,1.106667,2.416667,0.986667,1.5,0.573333,3.527778,0.906667,3.194444,0.866667,2.638889,0.746667,1.833333,0.213333,3.694444,0.6,3.333333,0.626667,2.75,0.573333,2.166667,-0.04,3.666667,0.093333,4.638889,0.106667,5.444444,0.106667,0,0,0.0,0.0,0.0,0.0,0.0,0.0,0.0,0.0,0.0,0.0,0.0,0.0,0.0,0.0,0.0,0.0,0.0,0.0,0.0,0.0,0.0,0.0,0.0,0.0,0.0,0.0,0.0,0.0,0.0,0.0,0.0,0.0,0.0,0.0,0.0,0.0,0.0,0.0,0.0,0.0,0.0,0.0,J,17
0.0,0.0,0.294118,0.573333,1.441176,1.026667,2.735294,1.12,3.647059,0.96,1.235294,1.0,3.470588,1.213333,3.088235,1.053333,2.529412,0.933333,1.588235,0.573333,3.735294,0.893333,3.323529,0.8,2.735294,0.68,1.911765,0.2,3.852941,0.573333,3.441176,0.546667,2.823529,0.453333,2.235294,-0.04,3.882353,0.08,4.911765,0.093333,5.764706,0.093333,0,0,0.0,0.0,0.0,0.0,0.0,0.0,0.0,0.0,0.0,0.0,0.0,0.0,0.0,0.0,0.0,0.0,0.0,0.0,0.0,0.0,0.0,0.0,0.0,0.0,0.0,0.0,0.0,0.0,0.0,0.0,0.0,0.0,0.0,0.0,0.0,0.0,0.0,0.0,0.0,0.0,0.0,0.0,J,17
0.0,0.0,0.294118,0.56,1.441176,1.026667,2.794118,1.133333,3.735294,1.0,1.264706,1.0,3.470588,1.213333,3.117647,1.08,2.529412,0.96,1.617647,0.573333,3.735294,0.893333,3.323529,0.813333,2.764706,0.693333,1.970588,0.213333,3.882353,0.586667,3.470588,0.56,2.823529,0.48,2.264706,-0.04,3.911765,0.08,4.911765,0.106667,5.794118,0.106667,0,0,0.0,0.0,0.0,0.0,0.0,0.0,0.0,0.0,0.0,0.0,0.0,0.0,0.0,0.0,0.0,0.0,0.0,0.0,0.0,0.0,0.0,0.0,0.0,0.0,0.0,0.0,0.0,0.0,0.0,0.0,0.0,0.0,0.0,0.0,0.0,0.0,0.0,0.0,0.0,0.0,0.0,0.0,J,17
0.0,0.0,0.25,0.565789,1.361111,1.026316,2.638889,1.144737,3.527778,1.013158,1.138889,1.0,3.222222,1.210526,2.888889,1.065789,2.333333,0.947368,1.5,0.578947,3.5,0.894737,3.083333,0.815789,2.555556,0.697368,1.833333,0.210526,3.638889,0.592105,3.25,0.565789,2.638889,0.473684,2.138889,-0.026316,3.666667,0.092105,4.638889,0.118421,5.444444,0.118421,0,0,0.0,0.0,0.0,0.0,0.0,0.0,0.0,0.0,0.0,0.0,0.0,0.0,0.0,0.0,0.0,0.0,0.0,0.0,0.0,0.0,0.0,0.0,0.0,0.0,0.0,0.0,0.0,0.0,0.0,0.0,0.0,0.0,0.0,0.0,0.0,0.0,0.0,0.0,0.0,0.0,0.0,0.0,J,17
0.0,0.0,0.25,0.552632,1.305556,1.013158,2.555556,1.144737,3.444444,1.013158,1.138889,1.0,3.25,1.223684,2.916667,1.065789,2.361111,0.934211,1.5,0.578947,3.527778,0.894737,3.111111,0.802632,2.555556,0.684211,1.833333,0.210526,3.666667,0.578947,3.25,0.526316,2.638889,0.447368,2.138889,-0.039474,3.694444,0.092105,4.638889,0.118421,5.472222,0.118421,0,0,0.0,0.0,0.0,0.0,0.0,0.0,0.0,0.0,0.0,0.0,0.0,0.0,0.0,0.0,0.0,0.0,0.0,0.0,0.0,0.0,0.0,0.0,0.0,0.0,0.0,0.0,0.0,0.0,0.0,0.0,0.0,0.0,0.0,0.0,0.0,0.0,0.0,0.0,0.0,0.0,0.0,0.0,J,17
0.0,0.0,0.25,0.558442,1.333333,1.012987,2.611111,1.155844,3.5,1.038961,1.194444,1.0,3.25,1.220779,2.916667,1.064935,2.361111,0.935065,1.555556,0.584416,3.527778,0.909091,3.111111,0.805195,2.555556,0.675325,1.888889,0.220779,3.666667,0.584416,3.25,0.532468,2.666667,0.441558,2.194444,-0.038961,3.722222,0.090909,4.666667,0.116883,5.5,0.12987,0,0,0.0,0.0,0.0,0.0,0.0,0.0,0.0,0.0,0.0,0.0,0.0,0.0,0.0,0.0,0.0,0.0,0.0,0.0,0.0,0.0,0.0,0.0,0.0,0.0,0.0,0.0,0.0,0.0,0.0,0.0,0.0,0.0,0.0,0.0,0.0,0.0,0.0,0.0,0.0,0.0,0.0,0.0,J,17
0.0,0.0,0.25,0.565789,1.361111,1.026316,2.638889,1.171053,3.527778,1.065789,1.194444,1.0,3.277778,1.236842,2.972222,1.092105,2.416667,0.960526,1.527778,0.578947,3.555556,0.921053,3.166667,0.815789,2.638889,0.684211,1.888889,0.210526,3.694444,0.592105,3.305556,0.539474,2.694444,0.447368,2.194444,-0.039474,3.722222,0.105263,4.694444,0.118421,5.5,0.131579,0,0,0.0,0.0,0.0,0.0,0.0,0.0,0.0,0.0,0.0,0.0,0.0,0.0,0.0,0.0,0.0,0.0,0.0,0.0,0.0,0.0,0.0,0.0,0.0,0.0,0.0,0.0,0.0,0.0,0.0,0.0,0.0,0.0,0.0,0.0,0.0,0.0,0.0,0.0,0.0,0.0,0.0,0.0,J,17
0.0,0.0,0.054054,0.555556,1.0,1.111111,2.135135,1.333333,2.621622,1.174603,0.486486,1.0,2.216216,1.31746,2.0,1.126984,1.486486,0.984127,0.756757,0.539683,2.567568,0.952381,2.27027,0.793651,1.72973,0.634921,1.135135,0.142857,2.837838,0.587302,2.567568,0.492063,2.027027,0.333333,1.486486,-0.174603,2.810811,0.142857,2.972973,0.15873,2.918919,0.095238,-0.8378378378378378,0.1746031746031746,0.0,0.0,0.333333,0.5375,1.583333,1.0,3.0,1.1625,3.833333,1.05,1.305556,1.0,3.361111,1.2,3.0,1.05,2.444444,0.925,1.638889,0.5875,3.611111,0.9,3.194444,0.775,2.666667,0.6625,1.972222,0.225,3.777778,0.575,3.361111,0.5,2.777778,0.4,2.305556,-0.0375,3.833333,0.1375,4.777778,0.175,5.583333,0.2,J,17
0.0,0.0,0.454545,0.511628,1.787879,0.918605,3.30303,1.046512,4.181818,0.918605,1.484848,1.0,3.727273,1.151163,3.484848,0.953488,2.909091,0.837209,1.818182,0.627907,4.0,0.837209,3.666667,0.674419,3.090909,0.581395,2.151515,0.267442,4.151515,0.546512,3.848485,0.418605,3.212121,0.337209,2.484848,-0.011628,4.151515,0.151163,5.212121,0.186047,6.060606,0.232558,0,0,0.0,0.0,0.0,0.0,0.0,0.0,0.0,0.0,0.0,0.0,0.0,0.0,0.0,0.0,0.0,0.0,0.0,0.0,0.0,0.0,0.0,0.0,0.0,0.0,0.0,0.0,0.0,0.0,0.0,0.0,0.0,0.0,0.0,0.0,0.0,0.0,0.0,0.0,0.0,0.0,0.0,0.0,J,17
0.0,0.0,0.470588,0.488636,1.794118,0.863636,3.294118,0.988636,4.0,0.943182,1.382353,1.0,3.5,1.147727,3.205882,0.931818,2.647059,0.829545,1.676471,0.636364,3.764706,0.829545,3.470588,0.647727,2.882353,0.556818,2.029412,0.284091,3.941176,0.522727,3.617647,0.386364,3.029412,0.295455,2.382353,-0.011364,4.0,0.147727,4.970588,0.193182,5.764706,0.261364,0,0,0.0,0.0,0.0,0.0,0.0,0.0,0.0,0.0,0.0,0.0,0.0,0.0,0.0,0.0,0.0,0.0,0.0,0.0,0.0,0.0,0.0,0.0,0.0,0.0,0.0,0.0,0.0,0.0,0.0,0.0,0.0,0.0,0.0,0.0,0.0,0.0,0.0,0.0,0.0,0.0,0.0,0.0,J,17
0.0,0.0,0.484848,0.456522,1.878788,0.836957,3.454545,0.967391,4.060606,0.858696,1.30303,1.0,3.454545,1.130435,3.151515,0.913043,2.575758,0.815217,1.575758,0.663043,3.727273,0.826087,3.424242,0.630435,2.787879,0.554348,1.909091,0.326087,3.878788,0.543478,3.606061,0.391304,2.969697,0.315217,2.30303,0.032609,3.939394,0.206522,4.969697,0.26087,5.757576,0.336957,0,0,0.0,0.0,0.0,0.0,0.0,0.0,0.0,0.0,0.0,0.0,0.0,0.0,0.0,0.0,0.0,0.0,0.0,0.0,0.0,0.0,0.0,0.0,0.0,0.0,0.0,0.0,0.0,0.0,0.0,0.0,0.0,0.0,0.0,0.0,0.0,0.0,0.0,0.0,0.0,0.0,0.0,0.0,J,17
0.0,0.0,0.64,-0.074627,1.44,0.313433,1.68,0.850746,1.42,1.223881,1.36,1.0,1.74,1.358209,1.54,0.970149,1.36,0.716418,1.04,1.119403,1.36,1.402985,1.16,0.910448,0.98,0.656716,0.72,1.19403,1.04,1.343284,0.84,0.835821,0.58,0.552239,0.36,1.253731,0.7,1.731343,0.96,2.014925,1.16,2.298507,0,0,0.0,0.0,0.0,0.0,0.0,0.0,0.0,0.0,0.0,0.0,0.0,0.0,0.0,0.0,0.0,0.0,0.0,0.0,0.0,0.0,0.0,0.0,0.0,0.0,0.0,0.0,0.0,0.0,0.0,0.0,0.0,0.0,0.0,0.0,0.0,0.0,0.0,0.0,0.0,0.0,0.0,0.0,J,18
0.0,0.0,0.745098,0.014925,1.509804,0.402985,1.764706,0.940299,1.470588,1.313433,1.470588,1.0,1.843137,1.358209,1.607843,1.0,1.431373,0.776119,1.176471,1.134328,1.470588,1.41791,1.215686,0.970149,1.039216,0.746269,0.823529,1.223881,1.137255,1.41791,0.901961,0.940299,0.647059,0.641791,0.470588,1.313433,0.843137,1.776119,1.078431,2.074627,1.27451,2.343284,0,0,0.0,0.0,0.0,0.0,0.0,0.0,0.0,0.0,0.0,0.0,0.0,0.0,0.0,0.0,0.0,0.0,0.0,0.0,0.0,0.0,0.0,0.0,0.0,0.0,0.0,0.0,0.0,0.0,0.0,0.0,0.0,0.0,0.0,0.0,0.0,0.0,0.0,0.0,0.0,0.0,0.0,0.0,J,18
0.0,0.0,0.78,0.046154,1.52,0.430769,1.82,0.938462,1.58,1.353846,1.52,1.0,1.92,1.384615,1.66,1.015385,1.46,0.784615,1.22,1.153846,1.56,1.446154,1.26,0.984615,1.06,0.753846,0.88,1.246154,1.22,1.476923,0.94,1.0,0.68,0.707692,0.52,1.353846,0.9,1.830769,1.16,2.123077,1.36,2.415385,0,0,0.0,0.0,0.0,0.0,0.0,0.0,0.0,0.0,0.0,0.0,0.0,0.0,0.0,0.0,0.0,0.0,0.0,0.0,0.0,0.0,0.0,0.0,0.0,0.0,0.0,0.0,0.0,0.0,0.0,0.0,0.0,0.0,0.0,0.0,0.0,0.0,0.0,0.0,0.0,0.0,0.0,0.0,J,18
0.0,0.0,0.869565,0.016129,1.717391,0.435484,2.065217,0.983871,1.847826,1.435484,1.673913,1.0,2.173913,1.354839,1.891304,1.016129,1.630435,0.790323,1.369565,1.16129,1.804348,1.483871,1.478261,1.048387,1.195652,0.806452,1.043478,1.306452,1.456522,1.548387,1.152174,1.096774,0.826087,0.806452,0.673913,1.435484,1.130435,1.935484,1.391304,2.241935,1.630435,2.532258,0,0,0.0,0.0,0.0,0.0,0.0,0.0,0.0,0.0,0.0,0.0,0.0,0.0,0.0,0.0,0.0,0.0,0.0,0.0,0.0,0.0,0.0,0.0,0.0,0.0,0.0,0.0,0.0,0.0,0.0,0.0,0.0,0.0,0.0,0.0,0.0,0.0,0.0,0.0,0.0,0.0,0.0,0.0,J,18
0.0,0.0,0.869565,-0.031746,1.76087,0.428571,2.152174,0.984127,1.869565,1.396825,1.73913,1.0,2.23913,1.301587,1.934783,0.952381,1.652174,0.761905,1.434783,1.174603,1.869565,1.460317,1.521739,1.015873,1.23913,0.793651,1.086957,1.301587,1.5,1.539683,1.217391,1.063492,0.869565,0.777778,0.73913,1.412698,1.195652,1.888889,1.5,2.174603,1.73913,2.460317,0,0,0.0,0.0,0.0,0.0,0.0,0.0,0.0,0.0,0.0,0.0,0.0,0.0,0.0,0.0,0.0,0.0,0.0,0.0,0.0,0.0,0.0,0.0,0.0,0.0,0.0,0.0,0.0,0.0,0.0,0.0,0.0,0.0,0.0,0.0,0.0,0.0,0.0,0.0,0.0,0.0,0.0,0.0,J,18
0.0,0.0,0.911111,0.0,1.822222,0.444444,2.244444,1.055556,2.022222,1.537037,1.911111,1.0,2.377778,1.296296,2.044444,0.981481,1.777778,0.777778,1.6,1.240741,1.955556,1.5,1.555556,1.074074,1.266667,0.814815,1.266667,1.425926,1.6,1.62963,1.266667,1.166667,0.933333,0.851852,0.911111,1.611111,1.355556,2.111111,1.622222,2.425926,1.888889,2.722222,0,0,0.0,0.0,0.0,0.0,0.0,0.0,0.0,0.0,0.0,0.0,0.0,0.0,0.0,0.0,0.0,0.0,0.0,0.0,0.0,0.0,0.0,0.0,0.0,0.0,0.0,0.0,0.0,0.0,0.0,0.0,0.0,0.0,0.0,0.0,0.0,0.0,0.0,0.0,0.0,0.0,0.0,0.0,J,18
0.0,0.0,0.840909,-0.081633,1.75,0.387755,2.181818,1.081633,1.909091,1.591837,1.840909,1.0,2.318182,1.326531,1.977273,0.959184,1.659091,0.714286,1.545455,1.265306,1.931818,1.571429,1.522727,1.081633,1.181818,0.795918,1.204545,1.489796,1.568182,1.77551,1.227273,1.22449,0.863636,0.877551,0.840909,1.714286,1.295455,2.244898,1.590909,2.571429,1.818182,2.897959,0,0,0.0,0.0,0.0,0.0,0.0,0.0,0.0,0.0,0.0,0.0,0.0,0.0,0.0,0.0,0.0,0.0,0.0,0.0,0.0,0.0,0.0,0.0,0.0,0.0,0.0,0.0,0.0,0.0,0.0,0.0,0.0,0.0,0.0,0.0,0.0,0.0,0.0,0.0,0.0,0.0,0.0,0.0,J,18
0.0,0.0,0.782609,-0.081633,1.673913,0.387755,2.086957,1.040816,1.869565,1.55102,1.76087,1.0,2.217391,1.306122,1.869565,0.959184,1.565217,0.714286,1.456522,1.244898,1.826087,1.55102,1.456522,1.081633,1.108696,0.816327,1.130435,1.469388,1.5,1.755102,1.130435,1.204082,0.782609,0.857143,0.76087,1.693878,1.23913,2.22449,1.521739,2.55102,1.782609,2.897959,0,0,0.0,0.0,0.0,0.0,0.0,0.0,0.0,0.0,0.0,0.0,0.0,0.0,0.0,0.0,0.0,0.0,0.0,0.0,0.0,0.0,0.0,0.0,0.0,0.0,0.0,0.0,0.0,0.0,0.0,0.0,0.0,0.0,0.0,0.0,0.0,0.0,0.0,0.0,0.0,0.0,0.0,0.0,J,18
0.0,0.0,0.837209,-0.083333,1.767442,0.375,2.255814,1.020833,2.046512,1.541667,1.860465,1.0,2.372093,1.3125,2.0,0.958333,1.651163,0.729167,1.55814,1.270833,1.976744,1.5625,1.534884,1.104167,1.162791,0.8125,1.232558,1.5,1.604651,1.770833,1.209302,1.229167,0.837209,0.854167,0.860465,1.729167,1.372093,2.270833,1.674419,2.604167,1.976744,2.958333,0,0,0.0,0.0,0.0,0.0,0.0,0.0,0.0,0.0,0.0,0.0,0.0,0.0,0.0,0.0,0.0,0.0,0.0,0.0,0.0,0.0,0.0,0.0,0.0,0.0,0.0,0.0,0.0,0.0,0.0,0.0,0.0,0.0,0.0,0.0,0.0,0.0,0.0,0.0,0.0,0.0,0.0,0.0,J,18
0.0,0.0,0.822222,-0.085106,1.733333,0.404255,2.177778,1.06383,1.955556,1.595745,1.822222,1.0,2.288889,1.319149,1.933333,0.957447,1.622222,0.744681,1.533333,1.255319,1.888889,1.595745,1.488889,1.12766,1.2,0.851064,1.2,1.510638,1.555556,1.808511,1.155556,1.234043,0.822222,0.87234,0.822222,1.744681,1.311111,2.255319,1.622222,2.617021,1.911111,2.978723,0,0,0.0,0.0,0.0,0.0,0.0,0.0,0.0,0.0,0.0,0.0,0.0,0.0,0.0,0.0,0.0,0.0,0.0,0.0,0.0,0.0,0.0,0.0,0.0,0.0,0.0,0.0,0.0,0.0,0.0,0.0,0.0,0.0,0.0,0.0,0.0,0.0,0.0,0.0,0.0,0.0,0.0,0.0,J,18
0.0,0.0,0.833333,-0.108696,1.809524,0.391304,2.333333,1.086957,2.071429,1.630435,1.880952,1.0,2.428571,1.326087,2.047619,1.0,1.690476,0.76087,1.595238,1.282609,2.0,1.652174,1.571429,1.173913,1.214286,0.869565,1.261905,1.543478,1.619048,1.869565,1.238095,1.282609,0.833333,0.891304,0.880952,1.826087,1.428571,2.347826,1.761905,2.695652,2.047619,3.043478,0,0,0.0,0.0,0.0,0.0,0.0,0.0,0.0,0.0,0.0,0.0,0.0,0.0,0.0,0.0,0.0,0.0,0.0,0.0,0.0,0.0,0.0,0.0,0.0,0.0,0.0,0.0,0.0,0.0,0.0,0.0,0.0,0.0,0.0,0.0,0.0,0.0,0.0,0.0,0.0,0.0,0.0,0.0,J,18
0.0,0.0,0.790698,-0.159091,1.767442,0.386364,2.27907,1.113636,2.0,1.681818,1.883721,1.0,2.395349,1.363636,2.0,1.022727,1.651163,0.772727,1.581395,1.318182,1.953488,1.704545,1.534884,1.204545,1.186047,0.886364,1.232558,1.590909,1.581395,1.931818,1.186047,1.318182,0.837209,0.909091,0.883721,1.863636,1.395349,2.409091,1.72093,2.795455,2.0,3.159091,0,0,0.0,0.0,0.0,0.0,0.0,0.0,0.0,0.0,0.0,0.0,0.0,0.0,0.0,0.0,0.0,0.0,0.0,0.0,0.0,0.0,0.0,0.0,0.0,0.0,0.0,0.0,0.0,0.0,0.0,0.0,0.0,0.0,0.0,0.0,0.0,0.0,0.0,0.0,0.0,0.0,0.0,0.0,J,18
0.0,0.0,0.857143,-0.159091,1.857143,0.386364,2.380952,1.113636,2.119048,1.704545,1.952381,1.0,2.47619,1.340909,2.071429,1.0,1.714286,0.795455,1.642857,1.318182,2.047619,1.727273,1.619048,1.204545,1.261905,0.886364,1.309524,1.613636,1.666667,1.931818,1.261905,1.318182,0.880952,0.909091,0.952381,1.886364,1.47619,2.431818,1.809524,2.818182,2.095238,3.181818,0,0,0.0,0.0,0.0,0.0,0.0,0.0,0.0,0.0,0.0,0.0,0.0,0.0,0.0,0.0,0.0,0.0,0.0,0.0,0.0,0.0,0.0,0.0,0.0,0.0,0.0,0.0,0.0,0.0,0.0,0.0,0.0,0.0,0.0,0.0,0.0,0.0,0.0,0.0,0.0,0.0,0.0,0.0,J,18
0.0,0.0,0.790698,-0.155556,1.790698,0.377778,2.27907,1.088889,2.046512,1.644444,1.906977,1.0,2.44186,1.333333,2.046512,0.977778,1.697674,0.755556,1.604651,1.311111,2.0,1.666667,1.581395,1.177778,1.255814,0.888889,1.255814,1.577778,1.627907,1.911111,1.232558,1.311111,0.883721,0.888889,0.906977,1.844444,1.418605,2.377778,1.72093,2.755556,2.023256,3.111111,0,0,0.0,0.0,0.0,0.0,0.0,0.0,0.0,0.0,0.0,0.0,0.0,0.0,0.0,0.0,0.0,0.0,0.0,0.0,0.0,0.0,0.0,0.0,0.0,0.0,0.0,0.0,0.0,0.0,0.0,0.0,0.0,0.0,0.0,0.0,0.0,0.0,0.0,0.0,0.0,0.0,0.0,0.0,J,18
0.0,0.0,0.833333,-0.181818,1.857143,0.386364,2.404762,1.136364,2.142857,1.704545,1.97619,1.0,2.5,1.363636,2.071429,1.022727,1.714286,0.818182,1.666667,1.340909,2.071429,1.727273,1.595238,1.204545,1.238095,0.909091,1.333333,1.613636,1.690476,1.977273,1.285714,1.363636,0.928571,0.954545,0.97619,1.909091,1.5,2.454545,1.833333,2.818182,2.119048,3.204545,0,0,0.0,0.0,0.0,0.0,0.0,0.0,0.0,0.0,0.0,0.0,0.0,0.0,0.0,0.0,0.0,0.0,0.0,0.0,0.0,0.0,0.0,0.0,0.0,0.0,0.0,0.0,0.0,0.0,0.0,0.0,0.0,0.0,0.0,0.0,0.0,0.0,0.0,0.0,0.0,0.0,0.0,0.0,J,18
0.0,0.0,0.813953,-0.186047,1.813953,0.395349,2.325581,1.139535,2.093023,1.744186,1.930233,1.0,2.465116,1.348837,2.093023,1.0,1.744186,0.767442,1.627907,1.348837,2.046512,1.744186,1.604651,1.232558,1.255814,0.906977,1.302326,1.651163,1.651163,2.0,1.232558,1.372093,0.860465,0.953488,0.930233,1.953488,1.465116,2.511628,1.790698,2.883721,2.093023,3.255814,0,0,0.0,0.0,0.0,0.0,0.0,0.0,0.0,0.0,0.0,0.0,0.0,0.0,0.0,0.0,0.0,0.0,0.0,0.0,0.0,0.0,0.0,0.0,0.0,0.0,0.0,0.0,0.0,0.0,0.0,0.0,0.0,0.0,0.0,0.0,0.0,0.0,0.0,0.0,0.0,0.0,0.0,0.0,J,18
0.0,0.0,0.837209,-0.155556,1.837209,0.355556,2.348837,1.066667,2.116279,1.666667,1.953488,1.0,2.488372,1.355556,2.069767,1.022222,1.72093,0.8,1.651163,1.333333,2.046512,1.688889,1.604651,1.2,1.255814,0.933333,1.302326,1.6,1.651163,1.911111,1.209302,1.288889,0.837209,0.888889,0.953488,1.888889,1.488372,2.422222,1.813953,2.777778,2.116279,3.155556,0,0,0.0,0.0,0.0,0.0,0.0,0.0,0.0,0.0,0.0,0.0,0.0,0.0,0.0,0.0,0.0,0.0,0.0,0.0,0.0,0.0,0.0,0.0,0.0,0.0,0.0,0.0,0.0,0.0,0.0,0.0,0.0,0.0,0.0,0.0,0.0,0.0,0.0,0.0,0.0,0.0,0.0,0.0,J,18
0.0,0.0,0.777778,-0.122449,1.755556,0.387755,2.244444,1.040816,2.0,1.591837,1.866667,1.0,2.355556,1.326531,1.955556,0.979592,1.644444,0.77551,1.555556,1.285714,1.955556,1.612245,1.511111,1.122449,1.222222,0.877551,1.222222,1.530612,1.577778,1.816327,1.155556,1.204082,0.822222,0.836735,0.866667,1.77551,1.377778,2.306122,1.688889,2.653061,1.977778,3.0,0,0,0.0,0.0,0.0,0.0,0.0,0.0,0.0,0.0,0.0,0.0,0.0,0.0,0.0,0.0,0.0,0.0,0.0,0.0,0.0,0.0,0.0,0.0,0.0,0.0,0.0,0.0,0.0,0.0,0.0,0.0,0.0,0.0,0.0,0.0,0.0,0.0,0.0,0.0,0.0,0.0,0.0,0.0,J,18
0.0,0.0,0.8,-0.09434,1.755556,0.396226,2.266667,1.018868,2.0,1.509434,1.844444,1.0,2.355556,1.320755,1.955556,0.943396,1.688889,0.754717,1.533333,1.245283,1.933333,1.54717,1.511111,1.056604,1.244444,0.849057,1.2,1.45283,1.555556,1.679245,1.155556,1.113208,0.822222,0.773585,0.844444,1.641509,1.333333,2.169811,1.666667,2.509434,1.955556,2.849057,0,0,0.0,0.0,0.0,0.0,0.0,0.0,0.0,0.0,0.0,0.0,0.0,0.0,0.0,0.0,0.0,0.0,0.0,0.0,0.0,0.0,0.0,0.0,0.0,0.0,0.0,0.0,0.0,0.0,0.0,0.0,0.0,0.0,0.0,0.0,0.0,0.0,0.0,0.0,0.0,0.0,0.0,0.0,J,18
0.0,0.0,0.860465,-0.111111,1.883721,0.351852,2.395349,0.981481,2.093023,1.462963,1.906977,1.0,2.488372,1.333333,2.093023,0.962963,1.767442,0.759259,1.604651,1.240741,2.023256,1.518519,1.604651,1.037037,1.348837,0.814815,1.255814,1.425926,1.651163,1.62963,1.232558,1.074074,0.883721,0.759259,0.906977,1.611111,1.418605,2.111111,1.744186,2.444444,2.046512,2.777778,0,0,0.0,0.0,0.0,0.0,0.0,0.0,0.0,0.0,0.0,0.0,0.0,0.0,0.0,0.0,0.0,0.0,0.0,0.0,0.0,0.0,0.0,0.0,0.0,0.0,0.0,0.0,0.0,0.0,0.0,0.0,0.0,0.0,0.0,0.0,0.0,0.0,0.0,0.0,0.0,0.0,0.0,0.0,J,18
0.0,0.0,0.926829,-0.086207,1.95122,0.37931,2.512195,0.948276,2.195122,1.362069,1.95122,1.0,2.560976,1.310345,2.170732,0.948276,1.853659,0.741379,1.634146,1.206897,2.097561,1.465517,1.682927,1.0,1.414634,0.775862,1.292683,1.362069,1.707317,1.551724,1.317073,1.017241,0.95122,0.706897,0.95122,1.534483,1.487805,2.017241,1.829268,2.327586,2.121951,2.637931,0,0,0.0,0.0,0.0,0.0,0.0,0.0,0.0,0.0,0.0,0.0,0.0,0.0,0.0,0.0,0.0,0.0,0.0,0.0,0.0,0.0,0.0,0.0,0.0,0.0,0.0,0.0,0.0,0.0,0.0,0.0,0.0,0.0,0.0,0.0,0.0,0.0,0.0,0.0,0.0,0.0,0.0,0.0,J,18
0.0,0.0,1.0,0.0,2.076923,0.405405,2.666667,0.824324,2.333333,1.148649,1.871795,1.0,2.589744,1.189189,2.205128,0.851351,1.846154,0.702703,1.538462,1.108108,2.179487,1.27027,1.769231,0.851351,1.435897,0.702703,1.179487,1.202703,1.794872,1.297297,1.435897,0.837838,1.025641,0.635135,0.871795,1.27027,1.487179,1.675676,1.846154,1.945946,2.128205,2.216216,0,0,0.0,0.0,0.0,0.0,0.0,0.0,0.0,0.0,0.0,0.0,0.0,0.0,0.0,0.0,0.0,0.0,0.0,0.0,0.0,0.0,0.0,0.0,0.0,0.0,0.0,0.0,0.0,0.0,0.0,0.0,0.0,0.0,0.0,0.0,0.0,0.0,0.0,0.0,0.0,0.0,0.0,0.0,J,18
0.0,0.0,1.363636,0.060976,2.545455,0.402439,3.212121,0.768293,2.818182,1.02439,2.030303,1.0,3.060606,1.121951,2.666667,0.804878,2.212121,0.682927,1.636364,1.097561,2.666667,1.158537,2.242424,0.780488,1.757576,0.658537,1.30303,1.146341,2.272727,1.146341,1.878788,0.743902,1.333333,0.573171,1.030303,1.170732,1.878788,1.54878,2.30303,1.780488,2.575758,2.02439,0,0,0.0,0.0,0.0,0.0,0.0,0.0,0.0,0.0,0.0,0.0,0.0,0.0,0.0,0.0,0.0,0.0,0.0,0.0,0.0,0.0,0.0,0.0,0.0,0.0,0.0,0.0,0.0,0.0,0.0,0.0,0.0,0.0,0.0,0.0,0.0,0.0,0.0,0.0,0.0,0.0,0.0,0.0,J,18
0.0,0.0,1.96,0.064516,3.52,0.387097,4.4,0.709677,3.88,0.892473,2.36,1.0,4.04,1.043011,3.56,0.731183,2.92,0.634409,1.84,1.075269,3.64,1.043011,3.04,0.688172,2.36,0.580645,1.52,1.075269,3.2,1.010753,2.72,0.655914,2.0,0.516129,1.36,1.053763,2.56,1.365591,3.16,1.580645,3.52,1.795699,0,0,0.0,0.0,0.0,0.0,0.0,0.0,0.0,0.0,0.0,0.0,0.0,0.0,0.0,0.0,0.0,0.0,0.0,0.0,0.0,0.0,0.0,0.0,0.0,0.0,0.0,0.0,0.0,0.0,0.0,0.0,0.0,0.0,0.0,0.0,0.0,0.0,0.0,0.0,0.0,0.0,0.0,0.0,J,18
0.0,0.0,2.041667,0.117647,3.625,0.401961,4.5,0.656863,4.041667,0.823529,2.25,1.0,4.083333,1.029412,3.708333,0.715686,3.041667,0.617647,1.708333,1.029412,3.666667,0.990196,3.208333,0.637255,2.583333,0.539216,1.375,0.990196,3.25,0.941176,2.875,0.607843,2.208333,0.480392,1.25,0.921569,2.5,1.22549,3.166667,1.441176,3.583333,1.627451,0,0,0.0,0.0,0.0,0.0,0.0,0.0,0.0,0.0,0.0,0.0,0.0,0.0,0.0,0.0,0.0,0.0,0.0,0.0,0.0,0.0,0.0,0.0,0.0,0.0,0.0,0.0,0.0,0.0,0.0,0.0,0.0,0.0,0.0,0.0,0.0,0.0,0.0,0.0,0.0,0.0,0.0,0.0,J,18
0.0,0.0,2.173913,0.12381,3.826087,0.380952,4.73913,0.628571,4.173913,0.780952,2.217391,1.0,4.26087,0.990476,3.826087,0.695238,3.130435,0.6,1.608696,1.038095,3.869565,0.952381,3.304348,0.628571,2.652174,0.533333,1.304348,0.980952,3.391304,0.885714,2.956522,0.580952,2.26087,0.466667,1.217391,0.885714,2.652174,1.161905,3.26087,1.371429,3.652174,1.542857,0,0,0.0,0.0,0.0,0.0,0.0,0.0,0.0,0.0,0.0,0.0,0.0,0.0,0.0,0.0,0.0,0.0,0.0,0.0,0.0,0.0,0.0,0.0,0.0,0.0,0.0,0.0,0.0,0.0,0.0,0.0,0.0,0.0,0.0,0.0,0.0,0.0,0.0,0.0,0.0,0.0,0.0,0.0,J,18
0.0,0.0,1.884615,0.096154,3.269231,0.375,4.153846,0.615385,3.769231,0.75,1.961538,1.0,3.769231,0.980769,3.423077,0.673077,2.846154,0.596154,1.384615,1.009615,3.423077,0.932692,3.076923,0.596154,2.538462,0.538462,1.038462,0.913462,3.038462,0.846154,2.730769,0.538462,2.115385,0.442308,0.961538,0.798077,2.153846,1.086538,2.769231,1.298077,3.192308,1.519231,0,0,0.0,0.0,0.0,0.0,0.0,0.0,0.0,0.0,0.0,0.0,0.0,0.0,0.0,0.0,0.0,0.0,0.0,0.0,0.0,0.0,0.0,0.0,0.0,0.0,0.0,0.0,0.0,0.0,0.0,0.0,0.0,0.0,0.0,0.0,0.0,0.0,0.0,0.0,0.0,0.0,0.0,0.0,J,18
0.0,0.0,2.083333,0.096154,3.458333,0.346154,4.416667,0.557692,4.416667,0.730769,2.125,1.0,4.0,0.990385,3.75,0.692308,3.166667,0.596154,1.541667,1.009615,3.708333,0.923077,3.416667,0.596154,2.833333,0.528846,1.208333,0.913462,3.333333,0.836538,3.125,0.528846,2.5,0.432692,1.125,0.778846,2.375,1.057692,3.083333,1.259615,3.583333,1.471154,0,0,0.0,0.0,0.0,0.0,0.0,0.0,0.0,0.0,0.0,0.0,0.0,0.0,0.0,0.0,0.0,0.0,0.0,0.0,0.0,0.0,0.0,0.0,0.0,0.0,0.0,0.0,0.0,0.0,0.0,0.0,0.0,0.0,0.0,0.0,0.0,0.0,0.0,0.0,0.0,0.0,0.0,0.0,J,18
0.0,0.0,2.736842,0.113208,4.421053,0.367925,5.578947,0.556604,5.736842,0.707547,2.473684,1.0,4.947368,0.981132,4.684211,0.698113,4.0,0.59434,1.789474,0.990566,4.684211,0.896226,4.315789,0.575472,3.578947,0.509434,1.473684,0.877358,4.263158,0.801887,3.947368,0.518868,3.157895,0.433962,1.473684,0.707547,3.052632,0.990566,3.947368,1.188679,4.578947,1.40566,0,0,0.0,0.0,0.0,0.0,0.0,0.0,0.0,0.0,0.0,0.0,0.0,0.0,0.0,0.0,0.0,0.0,0.0,0.0,0.0,0.0,0.0,0.0,0.0,0.0,0.0,0.0,0.0,0.0,0.0,0.0,0.0,0.0,0.0,0.0,0.0,0.0,0.0,0.0,0.0,0.0,0.0,0.0,J,18
0.0,0.0,2.789474,0.11215,4.526316,0.373832,5.736842,0.570093,5.789474,0.700935,2.473684,1.0,5.0,0.981308,4.842105,0.71028,4.210526,0.598131,1.789474,0.971963,4.789474,0.897196,4.473684,0.588785,3.842105,0.504673,1.473684,0.841121,4.368421,0.785047,4.157895,0.504673,3.421053,0.411215,1.473684,0.672897,3.052632,0.925234,3.947368,1.130841,4.684211,1.345794,0,0,0.0,0.0,0.0,0.0,0.0,0.0,0.0,0.0,0.0,0.0,0.0,0.0,0.0,0.0,0.0,0.0,0.0,0.0,0.0,0.0,0.0,0.0,0.0,0.0,0.0,0.0,0.0,0.0,0.0,0.0,0.0,0.0,0.0,0.0,0.0,0.0,0.0,0.0,0.0,0.0,0.0,0.0,J,18
0.0,0.0,2.52381,0.118182,4.142857,0.381818,5.285714,0.572727,5.095238,0.681818,2.190476,1.0,4.428571,0.972727,4.333333,0.690909,3.761905,0.581818,1.52381,0.954545,4.190476,0.881818,4.0,0.572727,3.428571,0.5,1.190476,0.809091,3.809524,0.763636,3.714286,0.490909,3.095238,0.409091,1.190476,0.618182,2.714286,0.854545,3.52381,1.054545,4.142857,1.263636,0,0,0.0,0.0,0.0,0.0,0.0,0.0,0.0,0.0,0.0,0.0,0.0,0.0,0.0,0.0,0.0,0.0,0.0,0.0,0.0,0.0,0.0,0.0,0.0,0.0,0.0,0.0,0.0,0.0,0.0,0.0,0.0,0.0,0.0,0.0,0.0,0.0,0.0,0.0,0.0,0.0,0.0,0.0,J,18
0.0,0.0,2.789474,0.119266,4.578947,0.376147,5.842105,0.568807,5.631579,0.66055,2.421053,1.0,5.0,0.954128,4.789474,0.669725,4.105263,0.568807,1.736842,0.972477,4.736842,0.853211,4.473684,0.559633,3.842105,0.495413,1.368421,0.816514,4.315789,0.733945,4.052632,0.46789,3.315789,0.394495,1.421053,0.614679,3.157895,0.834862,4.052632,1.027523,4.736842,1.229358,0,0,0.0,0.0,0.0,0.0,0.0,0.0,0.0,0.0,0.0,0.0,0.0,0.0,0.0,0.0,0.0,0.0,0.0,0.0,0.0,0.0,0.0,0.0,0.0,0.0,0.0,0.0,0.0,0.0,0.0,0.0,0.0,0.0,0.0,0.0,0.0,0.0,0.0,0.0,0.0,0.0,0.0,0.0,J,18
0.0,0.0,2.833333,0.142857,4.666667,0.392857,6.055556,0.589286,5.888889,0.669643,2.277778,1.0,5.166667,0.928571,5.055556,0.660714,4.277778,0.553571,1.555556,0.955357,4.888889,0.794643,4.666667,0.535714,4.0,0.455357,1.222222,0.785714,4.444444,0.669643,4.166667,0.4375,3.333333,0.366071,1.277778,0.553571,3.111111,0.785714,4.166667,0.973214,5.055556,1.142857,0,0,0.0,0.0,0.0,0.0,0.0,0.0,0.0,0.0,0.0,0.0,0.0,0.0,0.0,0.0,0.0,0.0,0.0,0.0,0.0,0.0,0.0,0.0,0.0,0.0,0.0,0.0,0.0,0.0,0.0,0.0,0.0,0.0,0.0,0.0,0.0,0.0,0.0,0.0,0.0,0.0,0.0,0.0,J,18
0.0,0.0,2.45,0.141593,4.1,0.389381,5.4,0.575221,5.6,0.654867,1.9,1.0,4.7,0.920354,4.7,0.663717,4.05,0.557522,1.15,0.938053,4.45,0.769912,4.2,0.522124,3.5,0.433628,0.85,0.761062,4.0,0.628319,3.55,0.40708,2.75,0.336283,0.9,0.513274,2.75,0.752212,3.8,0.920354,4.75,1.097345,0,0,0.0,0.0,0.0,0.0,0.0,0.0,0.0,0.0,0.0,0.0,0.0,0.0,0.0,0.0,0.0,0.0,0.0,0.0,0.0,0.0,0.0,0.0,0.0,0.0,0.0,0.0,0.0,0.0,0.0,0.0,0.0,0.0,0.0,0.0,0.0,0.0,0.0,0.0,0.0,0.0,0.0,0.0,J,18
0.0,0.0,2.190476,0.147826,3.571429,0.373913,4.619048,0.53913,5.238095,0.626087,1.619048,1.0,4.238095,0.921739,4.238095,0.669565,3.666667,0.565217,0.857143,0.947826,4.047619,0.756522,3.761905,0.521739,3.095238,0.426087,0.571429,0.765217,3.619048,0.617391,3.047619,0.391304,2.190476,0.313043,0.619048,0.504348,2.428571,0.704348,3.52381,0.852174,4.47619,1.008696,0,0,0.0,0.0,0.0,0.0,0.0,0.0,0.0,0.0,0.0,0.0,0.0,0.0,0.0,0.0,0.0,0.0,0.0,0.0,0.0,0.0,0.0,0.0,0.0,0.0,0.0,0.0,0.0,0.0,0.0,0.0,0.0,0.0,0.0,0.0,0.0,0.0,0.0,0.0,0.0,0.0,0.0,0.0,J,18
0.0,0.0,0.888889,0.140351,1.694444,0.342105,2.333333,0.535088,2.694444,0.666667,0.833333,1.0,2.25,0.885965,2.138889,0.640351,1.777778,0.552632,0.222222,0.964912,2.138889,0.710526,1.833333,0.473684,1.416667,0.385965,-0.027778,0.807018,1.861111,0.570175,1.333333,0.333333,0.805556,0.236842,-0.166667,0.552632,1.027778,0.657895,1.666667,0.77193,2.361111,0.903509,0,0,0.0,0.0,0.0,0.0,0.0,0.0,0.0,0.0,0.0,0.0,0.0,0.0,0.0,0.0,0.0,0.0,0.0,0.0,0.0,0.0,0.0,0.0,0.0,0.0,0.0,0.0,0.0,0.0,0.0,0.0,0.0,0.0,0.0,0.0,0.0,0.0,0.0,0.0,0.0,0.0,0.0,0.0,J,18
0.0,0.0,0.769231,0.116071,1.538462,0.321429,2.128205,0.517857,2.435897,0.696429,0.717949,1.0,1.974359,0.883929,1.871795,0.651786,1.512821,0.5625,0.076923,0.964286,1.897436,0.705357,1.615385,0.464286,1.25641,0.375,-0.179487,0.8125,1.641026,0.5625,1.153846,0.303571,0.666667,0.205357,-0.282051,0.553571,0.846154,0.651786,1.435897,0.767857,2.076923,0.919643,0,0,0.0,0.0,0.0,0.0,0.0,0.0,0.0,0.0,0.0,0.0,0.0,0.0,0.0,0.0,0.0,0.0,0.0,0.0,0.0,0.0,0.0,0.0,0.0,0.0,0.0,0.0,0.0,0.0,0.0,0.0,0.0,0.0,0.0,0.0,0.0,0.0,0.0,0.0,0.0,0.0,0.0,0.0,J,18
0.0,0.0,1.2,0.137931,2.133333,0.310345,2.8,0.474138,3.166667,0.62931,0.733333,1.0,2.666667,0.827586,2.6,0.594828,2.166667,0.508621,0.033333,0.922414,2.6,0.672414,2.3,0.431034,1.9,0.318966,-0.233333,0.75,2.233333,0.525862,1.733333,0.284483,1.166667,0.163793,-0.266667,0.482759,1.2,0.560345,2.066667,0.672414,2.966667,0.793103,0,0,0.0,0.0,0.0,0.0,0.0,0.0,0.0,0.0,0.0,0.0,0.0,0.0,0.0,0.0,0.0,0.0,0.0,0.0,0.0,0.0,0.0,0.0,0.0,0.0,0.0,0.0,0.0,0.0,0.0,0.0,0.0,0.0,0.0,0.0,0.0,0.0,0.0,0.0,0.0,0.0,0.0,0.0,J,18
0.0,0.0,1.5,0.13913,2.533333,0.313043,3.266667,0.469565,3.6,0.617391,1.133333,1.0,3.1,0.826087,3.033333,0.591304,2.633333,0.504348,0.466667,0.904348,3.0,0.652174,2.7,0.417391,2.3,0.313043,0.166667,0.713043,2.6,0.513043,2.133333,0.286957,1.6,0.173913,0.133333,0.452174,1.7,0.504348,2.5,0.6,3.333333,0.713043,0,0,0.0,0.0,0.0,0.0,0.0,0.0,0.0,0.0,0.0,0.0,0.0,0.0,0.0,0.0,0.0,0.0,0.0,0.0,0.0,0.0,0.0,0.0,0.0,0.0,0.0,0.0,0.0,0.0,0.0,0.0,0.0,0.0,0.0,0.0,0.0,0.0,0.0,0.0,0.0,0.0,0.0,0.0,J,18
0.0,0.0,3.2,0.174312,5.866667,0.40367,8.066667,0.504587,8.4,0.486239,3.266667,1.0,7.4,0.862385,6.866667,0.614679,5.6,0.577982,2.333333,0.816514,7.133333,0.633028,6.333333,0.431193,5.333333,0.412844,2.066667,0.559633,6.8,0.440367,6.0,0.284404,4.8,0.275229,2.266667,0.275229,5.8,0.321101,6.866667,0.412844,7.733333,0.550459,0,0,0.0,0.0,0.0,0.0,0.0,0.0,0.0,0.0,0.0,0.0,0.0,0.0,0.0,0.0,0.0,0.0,0.0,0.0,0.0,0.0,0.0,0.0,0.0,0.0,0.0,0.0,0.0,0.0,0.0,0.0,0.0,0.0,0.0,0.0,0.0,0.0,0.0,0.0,0.0,0.0,0.0,0.0,J,18
0.0,0.0,5.5,0.215686,10.5,0.460784,15.375,0.54902,16.5,0.480392,6.0,1.0,14.125,0.901961,13.375,0.627451,11.125,0.578431,4.75,0.784314,13.625,0.656863,12.625,0.431373,10.5,0.401961,4.375,0.5,13.0,0.421569,11.875,0.264706,9.5,0.264706,5.0,0.205882,11.0,0.294118,13.625,0.392157,15.625,0.529412,0,0,0.0,0.0,0.0,0.0,0.0,0.0,0.0,0.0,0.0,0.0,0.0,0.0,0.0,0.0,0.0,0.0,0.0,0.0,0.0,0.0,0.0,0.0,0.0,0.0,0.0,0.0,0.0,0.0,0.0,0.0,0.0,0.0,0.0,0.0,0.0,0.0,0.0,0.0,0.0,0.0,0.0,0.0,J,18
0.0,0.0,8.0,0.292929,18.0,0.525253,28.75,0.555556,32.25,0.474747,11.0,1.0,27.75,0.939394,27.0,0.676768,23.0,0.616162,9.75,0.767677,27.0,0.686869,26.0,0.464646,22.0,0.414141,10.0,0.474747,26.5,0.444444,25.0,0.30303,20.75,0.292929,12.0,0.181818,23.25,0.30303,29.0,0.383838,33.75,0.484848,0,0,0.0,0.0,0.0,0.0,0.0,0.0,0.0,0.0,0.0,0.0,0.0,0.0,0.0,0.0,0.0,0.0,0.0,0.0,0.0,0.0,0.0,0.0,0.0,0.0,0.0,0.0,0.0,0.0,0.0,0.0,0.0,0.0,0.0,0.0,0.0,0.0,0.0,0.0,0.0,0.0,0.0,0.0,J,18
0.0,0.0,3.857143,0.404255,10.142857,0.680851,16.571429,0.712766,19.0,0.56383,6.714286,1.0,16.142857,0.968085,16.0,0.723404,14.0,0.648936,6.285714,0.723404,16.285714,0.680851,16.0,0.478723,13.857143,0.414894,6.714286,0.404255,16.0,0.43617,16.571429,0.329787,15.285714,0.297872,7.714286,0.095745,14.285714,0.223404,17.714286,0.297872,20.285714,0.393617,0,0,0.0,0.0,0.0,0.0,0.0,0.0,0.0,0.0,0.0,0.0,0.0,0.0,0.0,0.0,0.0,0.0,0.0,0.0,0.0,0.0,0.0,0.0,0.0,0.0,0.0,0.0,0.0,0.0,0.0,0.0,0.0,0.0,0.0,0.0,0.0,0.0,0.0,0.0,0.0,0.0,0.0,0.0,J,18
0.0,0.0,3.111111,0.4,8.222222,0.663158,13.444444,0.694737,14.777778,0.505263,5.222222,1.0,12.666667,0.926316,12.444444,0.705263,10.777778,0.642105,4.777778,0.715789,12.555556,0.652632,12.333333,0.473684,10.666667,0.421053,5.222222,0.4,12.555556,0.421053,13.444444,0.315789,12.777778,0.273684,6.222222,0.105263,11.555556,0.2,14.111111,0.242105,16.0,0.294737,0,0,0.0,0.0,0.0,0.0,0.0,0.0,0.0,0.0,0.0,0.0,0.0,0.0,0.0,0.0,0.0,0.0,0.0,0.0,0.0,0.0,0.0,0.0,0.0,0.0,0.0,0.0,0.0,0.0,0.0,0.0,0.0,0.0,0.0,0.0,0.0,0.0,0.0,0.0,0.0,0.0,0.0,0.0,J,18
0.0,0.0,3.5,0.413043,9.25,0.695652,15.0,0.717391,16.125,0.5,5.875,1.0,14.25,0.923913,13.875,0.684783,11.875,0.641304,5.5,0.717391,14.125,0.619565,13.625,0.423913,11.75,0.380435,5.875,0.391304,14.125,0.369565,14.125,0.228261,12.75,0.195652,6.875,0.076087,12.5,0.152174,15.625,0.184783,18.125,0.217391,0,0,0.0,0.0,0.0,0.0,0.0,0.0,0.0,0.0,0.0,0.0,0.0,0.0,0.0,0.0,0.0,0.0,0.0,0.0,0.0,0.0,0.0,0.0,0.0,0.0,0.0,0.0,0.0,0.0,0.0,0.0,0.0,0.0,0.0,0.0,0.0,0.0,0.0,0.0,0.0,0.0,0.0,0.0,J,18
0.0,0.0,3.222222,0.4,8.333333,0.666667,13.444444,0.733333,14.111111,0.555556,5.333333,1.0,12.777778,0.933333,12.222222,0.677778,10.333333,0.644444,5.111111,0.722222,12.777778,0.633333,11.888889,0.411111,9.888889,0.388889,5.555556,0.4,12.666667,0.377778,11.888889,0.2,10.111111,0.177778,6.333333,0.077778,11.333333,0.111111,14.222222,0.111111,16.444444,0.133333,0,0,0.0,0.0,0.0,0.0,0.0,0.0,0.0,0.0,0.0,0.0,0.0,0.0,0.0,0.0,0.0,0.0,0.0,0.0,0.0,0.0,0.0,0.0,0.0,0.0,0.0,0.0,0.0,0.0,0.0,0.0,0.0,0.0,0.0,0.0,0.0,0.0,0.0,0.0,0.0,0.0,0.0,0.0,J,18
0.0,0.0,2.076923,0.404494,5.615385,0.685393,9.384615,0.730337,10.384615,0.573034,3.692308,1.0,8.846154,0.955056,8.538462,0.707865,7.307692,0.674157,3.769231,0.719101,9.076923,0.640449,8.461538,0.41573,7.0,0.393258,4.153846,0.404494,9.076923,0.370787,8.461538,0.213483,7.076923,0.191011,4.692308,0.078652,8.230769,0.078652,10.153846,0.044944,11.615385,0.022472,0,0,0.0,0.0,0.0,0.0,0.0,0.0,0.0,0.0,0.0,0.0,0.0,0.0,0.0,0.0,0.0,0.0,0.0,0.0,0.0,0.0,0.0,0.0,0.0,0.0,0.0,0.0,0.0,0.0,0.0,0.0,0.0,0.0,0.0,0.0,0.0,0.0,0.0,0.0,0.0,0.0,0.0,0.0,J,18
0.0,0.0,1.470588,0.409091,4.176471,0.681818,7.058824,0.727273,7.941176,0.590909,2.823529,1.0,6.764706,0.977273,6.470588,0.738636,5.470588,0.681818,2.941176,0.704545,6.882353,0.659091,6.470588,0.443182,5.470588,0.409091,3.352941,0.363636,7.0,0.363636,6.529412,0.215909,5.470588,0.204545,3.823529,0.045455,6.529412,0.045455,7.941176,-0.022727,9.058824,-0.068182,0,0,0.0,0.0,0.0,0.0,0.0,0.0,0.0,0.0,0.0,0.0,0.0,0.0,0.0,0.0,0.0,0.0,0.0,0.0,0.0,0.0,0.0,0.0,0.0,0.0,0.0,0.0,0.0,0.0,0.0,0.0,0.0,0.0,0.0,0.0,0.0,0.0,0.0,0.0,0.0,0.0,0.0,0.0,J,18
0.0,0.0,1.333333,0.430233,3.777778,0.72093,6.5,0.744186,7.444444,0.55814,2.611111,1.0,6.333333,1.0,6.055556,0.767442,5.055556,0.697674,2.833333,0.686047,6.5,0.662791,6.055556,0.465116,5.111111,0.418605,3.166667,0.348837,6.666667,0.348837,6.111111,0.232558,5.111111,0.22093,3.611111,0.023256,6.222222,-0.011628,7.611111,-0.104651,8.722222,-0.174419,0,0,0.0,0.0,0.0,0.0,0.0,0.0,0.0,0.0,0.0,0.0,0.0,0.0,0.0,0.0,0.0,0.0,0.0,0.0,0.0,0.0,0.0,0.0,0.0,0.0,0.0,0.0,0.0,0.0,0.0,0.0,0.0,0.0,0.0,0.0,0.0,0.0,0.0,0.0,0.0,0.0,0.0,0.0,J,18
0.0,0.0,1.333333,0.447059,3.833333,0.729412,6.5,0.752941,7.611111,0.564706,2.833333,1.0,6.611111,1.011765,6.222222,0.776471,5.222222,0.717647,3.055556,0.682353,6.777778,0.670588,6.333333,0.458824,5.333333,0.411765,3.444444,0.341176,6.944444,0.352941,6.388889,0.223529,5.333333,0.2,3.833333,0.011765,6.5,-0.023529,7.944444,-0.129412,9.055556,-0.211765,0,0,0.0,0.0,0.0,0.0,0.0,0.0,0.0,0.0,0.0,0.0,0.0,0.0,0.0,0.0,0.0,0.0,0.0,0.0,0.0,0.0,0.0,0.0,0.0,0.0,0.0,0.0,0.0,0.0,0.0,0.0,0.0,0.0,0.0,0.0,0.0,0.0,0.0,0.0,0.0,0.0,0.0,0.0,J,18
0.0,0.0,1.666667,0.425287,4.666667,0.701149,7.866667,0.712644,9.4,0.551724,3.6,1.0,8.2,0.977011,7.6,0.758621,6.266667,0.712644,3.8,0.689655,8.333333,0.655172,7.6,0.45977,6.4,0.413793,4.2,0.344828,8.466667,0.333333,7.6,0.206897,6.266667,0.195402,4.6,0.011494,8.0,-0.034483,9.8,-0.137931,11.266667,-0.218391,0,0,0.0,0.0,0.0,0.0,0.0,0.0,0.0,0.0,0.0,0.0,0.0,0.0,0.0,0.0,0.0,0.0,0.0,0.0,0.0,0.0,0.0,0.0,0.0,0.0,0.0,0.0,0.0,0.0,0.0,0.0,0.0,0.0,0.0,0.0,0.0,0.0,0.0,0.0,0.0,0.0,0.0,0.0,J,18
0.0,0.0,1.857143,0.435294,5.214286,0.694118,8.642857,0.705882,9.714286,0.529412,3.928571,1.0,8.857143,0.976471,8.071429,0.752941,6.571429,0.705882,4.071429,0.682353,8.857143,0.647059,8.071429,0.458824,6.785714,0.411765,4.5,0.329412,9.0,0.317647,8.071429,0.211765,6.642857,0.211765,4.928571,0.0,8.642857,-0.058824,10.642857,-0.188235,12.142857,-0.270588,0,0,0.0,0.0,0.0,0.0,0.0,0.0,0.0,0.0,0.0,0.0,0.0,0.0,0.0,0.0,0.0,0.0,0.0,0.0,0.0,0.0,0.0,0.0,0.0,0.0,0.0,0.0,0.0,0.0,0.0,0.0,0.0,0.0,0.0,0.0,0.0,0.0,0.0,0.0,0.0,0.0,0.0,0.0,J,18
0.0,0.0,1.666667,0.428571,4.8,0.702381,7.933333,0.72619,9.2,0.571429,3.666667,1.0,8.2,1.011905,7.533333,0.77381,6.2,0.714286,3.866667,0.678571,8.333333,0.654762,7.6,0.464286,6.333333,0.416667,4.266667,0.333333,8.533333,0.321429,7.6,0.202381,6.266667,0.190476,4.666667,0.0,8.066667,-0.071429,9.933333,-0.202381,11.466667,-0.285714,0,0,0.0,0.0,0.0,0.0,0.0,0.0,0.0,0.0,0.0,0.0,0.0,0.0,0.0,0.0,0.0,0.0,0.0,0.0,0.0,0.0,0.0,0.0,0.0,0.0,0.0,0.0,0.0,0.0,0.0,0.0,0.0,0.0,0.0,0.0,0.0,0.0,0.0,0.0,0.0,0.0,0.0,0.0,J,18
0.0,0.0,1.5625,0.457831,4.4375,0.73494,7.375,0.759036,8.75,0.590361,3.4375,1.0,7.6875,1.024096,7.0625,0.795181,5.8125,0.73494,3.6875,0.686747,7.9375,0.686747,7.25,0.481928,6.0625,0.445783,4.0625,0.325301,8.125,0.337349,7.3125,0.228916,6.0,0.240964,4.4375,-0.012048,7.6875,-0.060241,9.5,-0.192771,10.9375,-0.26506,0,0,0.0,0.0,0.0,0.0,0.0,0.0,0.0,0.0,0.0,0.0,0.0,0.0,0.0,0.0,0.0,0.0,0.0,0.0,0.0,0.0,0.0,0.0,0.0,0.0,0.0,0.0,0.0,0.0,0.0,0.0,0.0,0.0,0.0,0.0,0.0,0.0,0.0,0.0,0.0,0.0,0.0,0.0,J,18
0.0,0.0,1.352941,0.475,4.0,0.75,6.705882,0.8,8.0,0.675,3.176471,1.0,7.176471,1.05,6.529412,0.825,5.411765,0.775,3.470588,0.6625,7.411765,0.725,6.764706,0.55,5.705882,0.5,3.882353,0.3125,7.588235,0.3875,6.823529,0.3125,5.588235,0.3125,4.176471,-0.0125,7.117647,-0.075,8.882353,-0.1875,10.235294,-0.275,0,0,0.0,0.0,0.0,0.0,0.0,0.0,0.0,0.0,0.0,0.0,0.0,0.0,0.0,0.0,0.0,0.0,0.0,0.0,0.0,0.0,0.0,0.0,0.0,0.0,0.0,0.0,0.0,0.0,0.0,0.0,0.0,0.0,0.0,0.0,0.0,0.0,0.0,0.0,0.0,0.0,0.0,0.0,J,18
0.0,0.0,1.210526,0.487179,3.526316,0.794872,6.0,0.794872,7.315789,0.615385,3.0,1.0,6.473684,1.051282,5.947368,0.833333,4.894737,0.769231,3.315789,0.641026,6.684211,0.717949,6.105263,0.551282,5.210526,0.5,3.684211,0.269231,6.789474,0.371795,6.105263,0.307692,5.052632,0.307692,4.0,-0.051282,6.578947,-0.089744,8.157895,-0.205128,9.368421,-0.269231,0,0,0.0,0.0,0.0,0.0,0.0,0.0,0.0,0.0,0.0,0.0,0.0,0.0,0.0,0.0,0.0,0.0,0.0,0.0,0.0,0.0,0.0,0.0,0.0,0.0,0.0,0.0,0.0,0.0,0.0,0.0,0.0,0.0,0.0,0.0,0.0,0.0,0.0,0.0,0.0,0.0,0.0,0.0,J,18
0.0,0.0,1.235294,0.5,3.764706,0.820513,6.411765,0.858974,8.0,0.717949,3.588235,1.0,7.411765,1.051282,6.764706,0.871795,5.705882,0.794872,3.882353,0.653846,7.647059,0.75641,7.0,0.615385,5.941176,0.551282,4.235294,0.294872,7.764706,0.435897,7.117647,0.371795,6.0,0.371795,4.588235,-0.012821,7.588235,-0.064103,9.352941,-0.179487,10.764706,-0.25641,0,0,0.0,0.0,0.0,0.0,0.0,0.0,0.0,0.0,0.0,0.0,0.0,0.0,0.0,0.0,0.0,0.0,0.0,0.0,0.0,0.0,0.0,0.0,0.0,0.0,0.0,0.0,0.0,0.0,0.0,0.0,0.0,0.0,0.0,0.0,0.0,0.0,0.0,0.0,0.0,0.0,0.0,0.0,J,18
0.0,0.0,0.5,0.555556,2.166667,0.952381,4.111111,0.968254,5.166667,0.714286,1.444444,1.0,4.666667,1.095238,4.277778,0.904762,3.333333,0.825397,1.722222,0.571429,5.0,0.698413,4.444444,0.571429,3.444444,0.492063,2.111111,0.15873,5.111111,0.31746,4.611111,0.285714,3.611111,0.269841,2.444444,-0.174603,4.611111,-0.174603,5.722222,-0.238095,6.5,-0.253968,-2.111111111111111,0.15873015873015872,0.0,0.0,1.222222,0.519481,3.555556,0.831169,6.055556,0.857143,7.5,0.675325,3.388889,1.0,7.055556,1.051948,6.388889,0.857143,5.333333,0.792208,3.777778,0.623377,7.277778,0.74026,6.555556,0.597403,5.611111,0.532468,4.111111,0.272727,7.333333,0.415584,6.666667,0.350649,5.611111,0.350649,4.388889,-0.038961,7.222222,-0.064935,8.888889,-0.181818,10.222222,-0.246753,J,18
0.0,0.0,1.222222,0.519481,3.555556,0.844156,6.0,0.896104,7.555556,0.714286,3.555556,1.0,7.166667,1.038961,6.611111,0.857143,5.611111,0.792208,3.944444,0.623377,7.388889,0.714286,6.722222,0.571429,5.777778,0.506494,4.277778,0.25974,7.5,0.38961,6.833333,0.298701,5.833333,0.25974,4.555556,-0.038961,7.444444,-0.051948,9.111111,-0.155844,10.5,-0.220779,0,0,0.0,0.0,0.0,0.0,0.0,0.0,0.0,0.0,0.0,0.0,0.0,0.0,0.0,0.0,0.0,0.0,0.0,0.0,0.0,0.0,0.0,0.0,0.0,0.0,0.0,0.0,0.0,0.0,0.0,0.0,0.0,0.0,0.0,0.0,0.0,0.0,0.0,0.0,0.0,0.0,0.0,0.0,J,18
0.0,0.0,0.388889,0.55,2.055556,0.933333,4.055556,1.0,5.055556,0.816667,1.277778,1.0,4.444444,1.116667,4.111111,0.933333,3.166667,0.85,1.555556,0.55,4.833333,0.7,4.277778,0.566667,3.222222,0.483333,1.944444,0.133333,4.944444,0.3,4.388889,0.283333,3.388889,0.266667,2.277778,-0.216667,4.444444,-0.233333,5.611111,-0.283333,6.444444,-0.3,-2.611111111111111,0.23333333333333334,0.0,0.0,1.222222,0.525641,3.611111,0.846154,6.055556,0.871795,7.611111,0.717949,3.722222,1.0,7.277778,1.051282,6.722222,0.858974,5.833333,0.794872,4.055556,0.628205,7.5,0.717949,6.888889,0.564103,5.944444,0.5,4.444444,0.269231,7.5,0.384615,6.944444,0.294872,5.944444,0.25641,4.722222,-0.025641,7.555556,-0.038462,9.222222,-0.128205,10.611111,-0.179487,J,18
0.0,0.0,0.375,0.576271,1.666667,1.0,3.166667,1.016949,4.041667,0.745763,1.041667,1.0,3.5,1.20339,3.333333,0.949153,2.625,0.847458,1.333333,0.559322,3.75,0.745763,3.458333,0.59322,2.833333,0.508475,1.666667,0.118644,3.875,0.322034,3.583333,0.305085,2.875,0.271186,2.041667,-0.237288,4.041667,-0.271186,5.125,-0.338983,5.791667,-0.389831,-1.8333333333333333,0.2033898305084746,0.0,0.0,1.176471,0.525641,3.647059,0.833333,6.058824,0.833333,7.588235,0.628205,3.941176,1.0,7.764706,1.038462,7.117647,0.858974,6.117647,0.782051,4.294118,0.628205,8.0,0.705128,7.235294,0.564103,6.235294,0.5,4.705882,0.25641,7.941176,0.371795,7.235294,0.282051,6.235294,0.25641,4.941176,-0.038462,8.0,-0.038462,9.764706,-0.128205,11.176471,-0.179487,J,18
0.0,0.0,0.434783,0.555556,1.913043,1.0,3.565217,1.063492,4.608696,0.857143,1.826087,1.0,4.391304,1.15873,4.130435,0.952381,3.434783,0.857143,2.173913,0.571429,4.652174,0.746032,4.26087,0.603175,3.608696,0.539683,2.565217,0.15873,4.826087,0.365079,4.434783,0.349206,3.652174,0.333333,2.826087,-0.174603,5.086957,-0.222222,6.304348,-0.301587,7.217391,-0.365079,-1.173913043478261,0.15873015873015872,0.0,0.0,0.857143,0.571429,2.714286,0.883117,4.571429,0.883117,5.761905,0.701299,3.190476,1.0,6.285714,1.064935,5.714286,0.909091,4.857143,0.844156,3.619048,0.623377,6.47619,0.74026,5.857143,0.636364,5.047619,0.571429,3.952381,0.25974,6.52381,0.415584,5.952381,0.376623,5.095238,0.350649,4.190476,-0.025974,6.52381,-0.038961,7.952381,-0.103896,9.142857,-0.142857,J,18
0.0,0.0,0.9,0.565789,2.9,0.855263,4.85,0.828947,6.05,0.605263,3.4,1.0,6.65,1.065789,6.0,0.894737,5.15,0.815789,3.85,0.618421,6.8,0.723684,6.1,0.605263,5.25,0.539474,4.15,0.25,6.85,0.394737,6.15,0.342105,5.25,0.315789,4.4,-0.039474,6.85,-0.065789,8.3,-0.131579,9.55,-0.171053,0,0,0.0,0.0,0.0,0.0,0.0,0.0,0.0,0.0,0.0,0.0,0.0,0.0,0.0,0.0,0.0,0.0,0.0,0.0,0.0,0.0,0.0,0.0,0.0,0.0,0.0,0.0,0.0,0.0,0.0,0.0,0.0,0.0,0.0,0.0,0.0,0.0,0.0,0.0,0.0,0.0,0.0,0.0,J,18
0.0,0.0,0.368421,0.592593,2.0,1.037037,3.842105,1.055556,5.0,0.814815,1.631579,1.0,4.473684,1.203704,4.210526,1.037037,3.368421,0.925926,2.0,0.518519,4.894737,0.740741,4.368421,0.611111,3.473684,0.537037,2.368421,0.074074,5.0,0.296296,4.421053,0.296296,3.421053,0.277778,2.631579,-0.296296,4.842105,-0.296296,5.947368,-0.37037,6.684211,-0.407407,-2.210526315789474,0.2962962962962963,0.0,0.0,0.904762,0.6,2.666667,0.88,4.428571,0.84,5.571429,0.613333,3.285714,1.0,6.238095,1.093333,5.666667,0.933333,4.857143,0.84,3.761905,0.6,6.47619,0.746667,5.761905,0.64,5.0,0.573333,4.047619,0.24,6.52381,0.4,5.904762,0.373333,5.047619,0.36,4.285714,-0.04,6.619048,-0.053333,7.952381,-0.133333,9.095238,-0.173333,J,18
0.0,0.0,0.391304,0.590164,1.956522,1.016393,3.565217,1.032787,4.565217,0.803279,1.695652,1.0,4.26087,1.163934,3.782609,0.967213,3.043478,0.885246,2.043478,0.557377,4.478261,0.786885,3.913043,0.622951,3.26087,0.52459,2.391304,0.131148,4.608696,0.360656,4.086957,0.327869,3.26087,0.278689,2.695652,-0.196721,4.826087,-0.229508,6.086957,-0.327869,7.0,-0.409836,-1.3478260869565217,0.14754098360655737,0.0,0.0,0.95,0.60274,2.9,0.890411,4.8,0.849315,6.0,0.616438,3.45,1.0,6.55,1.09589,5.9,0.945205,5.1,0.863014,3.9,0.60274,6.7,0.753425,6.0,0.643836,5.2,0.575342,4.2,0.232877,6.8,0.410959,6.15,0.383562,5.25,0.356164,4.45,-0.041096,6.85,-0.082192,8.3,-0.150685,9.5,-0.205479,J,18
0.0,0.0,0.857143,0.611111,2.714286,0.916667,4.571429,0.875,5.761905,0.638889,3.190476,1.0,6.095238,1.097222,5.47619,0.958333,4.714286,0.888889,3.666667,0.597222,6.333333,0.75,5.571429,0.666667,4.857143,0.583333,3.952381,0.222222,6.428571,0.402778,5.761905,0.388889,4.904762,0.361111,4.190476,-0.055556,6.47619,-0.097222,7.809524,-0.166667,9.0,-0.222222,0,0,0.0,0.0,0.0,0.0,0.0,0.0,0.0,0.0,0.0,0.0,0.0,0.0,0.0,0.0,0.0,0.0,0.0,0.0,0.0,0.0,0.0,0.0,0.0,0.0,0.0,0.0,0.0,0.0,0.0,0.0,0.0,0.0,0.0,0.0,0.0,0.0,0.0,0.0,0.0,0.0,0.0,0.0,J,18
0.0,0.0,0.285714,0.622642,1.857143,1.09434,3.571429,1.113208,4.619048,0.811321,1.809524,1.0,4.47619,1.226415,4.047619,1.056604,3.238095,0.943396,2.238095,0.528302,4.809524,0.754717,4.190476,0.622642,3.380952,0.528302,2.571429,0.056604,4.904762,0.301887,4.285714,0.283019,3.380952,0.245283,2.809524,-0.301887,4.809524,-0.301887,5.809524,-0.377358,6.52381,-0.433962,-1.5238095238095237,0.2641509433962264,0.0,0.0,0.85,0.60274,2.8,0.890411,4.65,0.849315,5.8,0.616438,3.4,1.0,6.4,1.09589,5.75,0.972603,4.95,0.90411,3.85,0.60274,6.55,0.753425,5.8,0.684932,5.05,0.60274,4.2,0.232877,6.7,0.410959,6.0,0.410959,5.15,0.39726,4.4,-0.041096,6.75,-0.082192,8.15,-0.150685,9.35,-0.191781,J,18
0.0,0.0,0.85,0.611111,2.8,0.902778,4.6,0.847222,5.75,0.597222,3.4,1.0,6.4,1.083333,5.7,0.972222,4.85,0.902778,3.9,0.583333,6.55,0.75,5.7,0.680556,4.95,0.611111,4.2,0.208333,6.7,0.388889,6.0,0.416667,5.1,0.388889,4.4,-0.055556,6.75,-0.097222,8.15,-0.166667,9.35,-0.208333,0,0,0.0,0.0,0.0,0.0,0.0,0.0,0.0,0.0,0.0,0.0,0.0,0.0,0.0,0.0,0.0,0.0,0.0,0.0,0.0,0.0,0.0,0.0,0.0,0.0,0.0,0.0,0.0,0.0,0.0,0.0,0.0,0.0,0.0,0.0,0.0,0.0,0.0,0.0,0.0,0.0,0.0,0.0,J,18
0.0,0.0,0.368421,0.607843,1.894737,1.078431,3.631579,1.117647,4.789474,0.862745,1.631579,1.0,4.473684,1.235294,4.052632,1.039216,3.157895,0.941176,2.0,0.490196,4.842105,0.764706,4.210526,0.627451,3.315789,0.529412,2.368421,0.019608,4.947368,0.294118,4.263158,0.294118,3.315789,0.254902,2.631579,-0.352941,4.842105,-0.333333,5.894737,-0.411765,6.578947,-0.470588,-2.1052631578947367,0.27450980392156865,0.0,0.0,0.894737,0.619718,3.0,0.901408,4.947368,0.84507,6.157895,0.605634,3.578947,1.0,6.736842,1.084507,6.0,0.971831,5.157895,0.901408,4.052632,0.577465,6.842105,0.732394,6.0,0.676056,5.210526,0.605634,4.368421,0.211268,7.0,0.394366,6.263158,0.408451,5.368421,0.394366,4.578947,-0.070423,7.052632,-0.112676,8.526316,-0.183099,9.789474,-0.225352,J,18
0.0,0.0,0.947368,0.633803,3.0,0.915493,4.947368,0.84507,6.105263,0.577465,3.631579,1.0,6.736842,1.084507,6.0,0.971831,5.157895,0.901408,4.105263,0.577465,6.894737,0.746479,6.052632,0.676056,5.263158,0.605634,4.421053,0.211268,7.0,0.394366,6.315789,0.408451,5.421053,0.394366,4.631579,-0.070423,7.105263,-0.098592,8.578947,-0.169014,9.842105,-0.211268,0,0,0.0,0.0,0.0,0.0,0.0,0.0,0.0,0.0,0.0,0.0,0.0,0.0,0.0,0.0,0.0,0.0,0.0,0.0,0.0,0.0,0.0,0.0,0.0,0.0,0.0,0.0,0.0,0.0,0.0,0.0,0.0,0.0,0.0,0.0,0.0,0.0,0.0,0.0,0.0,0.0,0.0,0.0,J,18
0.0,0.0,0.473684,0.641509,2.157895,1.09434,4.052632,1.09434,5.157895,0.773585,1.842105,1.0,4.736842,1.188679,4.315789,1.018868,3.421053,0.943396,2.210526,0.509434,5.052632,0.716981,4.421053,0.603774,3.526316,0.528302,2.578947,0.037736,5.157895,0.283019,4.526316,0.283019,3.526316,0.245283,2.842105,-0.339623,5.052632,-0.320755,6.157895,-0.396226,6.842105,-0.45283,-1.8421052631578947,0.2830188679245283,0.0,0.0,0.85,0.619718,2.8,0.915493,4.65,0.84507,5.75,0.591549,3.4,1.0,6.3,1.098592,5.65,0.985915,4.85,0.915493,3.85,0.577465,6.45,0.746479,5.65,0.690141,4.9,0.619718,4.2,0.211268,6.65,0.408451,5.95,0.422535,5.05,0.394366,4.4,-0.056338,6.7,-0.098592,8.1,-0.15493,9.3,-0.211268,J,18
0.0,0.0,0.947368,0.611111,3.0,0.902778,4.947368,0.833333,6.105263,0.583333,3.578947,1.0,6.684211,1.083333,6.0,0.958333,5.157895,0.902778,4.052632,0.583333,6.842105,0.736111,6.052632,0.666667,5.263158,0.597222,4.368421,0.222222,6.947368,0.388889,6.263158,0.402778,5.368421,0.388889,4.578947,-0.055556,7.052632,-0.097222,8.526316,-0.152778,9.789474,-0.208333,0,0,0.0,0.0,0.0,0.0,0.0,0.0,0.0,0.0,0.0,0.0,0.0,0.0,0.0,0.0,0.0,0.0,0.0,0.0,0.0,0.0,0.0,0.0,0.0,0.0,0.0,0.0,0.0,0.0,0.0,0.0,0.0,0.0,0.0,0.0,0.0,0.0,0.0,0.0,0.0,0.0,0.0,0.0,J,18
0.0,0.0,0.444444,0.611111,2.166667,1.055556,4.111111,1.055556,5.277778,0.759259,1.888889,1.0,4.888889,1.185185,4.444444,0.981481,3.5,0.907407,2.222222,0.518519,5.222222,0.722222,4.555556,0.592593,3.611111,0.518519,2.611111,0.055556,5.333333,0.296296,4.611111,0.277778,3.611111,0.240741,2.888889,-0.314815,5.277778,-0.296296,6.388889,-0.351852,7.166667,-0.407407,-2.0555555555555554,0.25925925925925924,0.0,0.0,0.894737,0.625,2.894737,0.902778,4.842105,0.861111,6.0,0.611111,3.578947,1.0,6.684211,1.083333,6.0,0.972222,5.157895,0.902778,4.052632,0.583333,6.842105,0.736111,6.0,0.680556,5.210526,0.611111,4.421053,0.222222,6.947368,0.402778,6.263158,0.416667,5.368421,0.402778,4.578947,-0.055556,7.052632,-0.083333,8.526316,-0.152778,9.789474,-0.194444,J,18
0.0,0.0,1.0,0.625,3.166667,0.902778,5.166667,0.847222,6.444444,0.611111,3.833333,1.0,7.055556,1.083333,6.388889,0.972222,5.555556,0.902778,4.277778,0.597222,7.222222,0.75,6.444444,0.680556,5.611111,0.611111,4.611111,0.222222,7.388889,0.402778,6.666667,0.416667,5.722222,0.402778,4.833333,-0.055556,7.444444,-0.097222,9.0,-0.152778,10.333333,-0.194444,0,0,0.0,0.0,0.0,0.0,0.0,0.0,0.0,0.0,0.0,0.0,0.0,0.0,0.0,0.0,0.0,0.0,0.0,0.0,0.0,0.0,0.0,0.0,0.0,0.0,0.0,0.0,0.0,0.0,0.0,0.0,0.0,0.0,0.0,0.0,0.0,0.0,0.0,0.0,0.0,0.0,0.0,0.0,J,18
0.0,0.0,0.847826,-0.014286,1.673913,0.4,2.021739,0.9,1.717391,1.242857,1.369565,1.0,1.913043,1.3,1.695652,0.942857,1.434783,0.771429,1.043478,1.128571,1.5,1.342857,1.23913,0.9,0.956522,0.742857,0.717391,1.2,1.217391,1.342857,0.978261,0.885714,0.652174,0.685714,0.369565,1.242857,0.934783,1.657143,1.347826,1.9,1.630435,2.128571,0,0,0.0,0.0,0.0,0.0,0.0,0.0,0.0,0.0,0.0,0.0,0.0,0.0,0.0,0.0,0.0,0.0,0.0,0.0,0.0,0.0,0.0,0.0,0.0,0.0,0.0,0.0,0.0,0.0,0.0,0.0,0.0,0.0,0.0,0.0,0.0,0.0,0.0,0.0,0.0,0.0,0.0,0.0,J,19
0.0,0.0,0.87234,0.014493,1.744681,0.42029,2.106383,0.927536,1.808511,1.304348,1.531915,1.0,2.085106,1.289855,1.851064,0.913043,1.553191,0.782609,1.234043,1.144928,1.723404,1.347826,1.404255,0.927536,1.148936,0.811594,0.893617,1.231884,1.382979,1.347826,1.042553,0.898551,0.680851,0.724638,0.531915,1.318841,1.06383,1.724638,1.446809,1.971014,1.765957,2.217391,0,0,0.0,0.0,0.0,0.0,0.0,0.0,0.0,0.0,0.0,0.0,0.0,0.0,0.0,0.0,0.0,0.0,0.0,0.0,0.0,0.0,0.0,0.0,0.0,0.0,0.0,0.0,0.0,0.0,0.0,0.0,0.0,0.0,0.0,0.0,0.0,0.0,0.0,0.0,0.0,0.0,0.0,0.0,J,19
0.0,0.0,0.93617,-0.031746,1.893617,0.380952,2.297872,0.968254,1.957447,1.396825,1.765957,1.0,2.319149,1.301587,2.0,0.936508,1.680851,0.793651,1.468085,1.190476,1.914894,1.396825,1.531915,0.936508,1.255319,0.793651,1.148936,1.333333,1.553191,1.460317,1.170213,1.0,0.787234,0.809524,0.765957,1.492063,1.340426,1.920635,1.744681,2.174603,2.042553,2.444444,0,0,0.0,0.0,0.0,0.0,0.0,0.0,0.0,0.0,0.0,0.0,0.0,0.0,0.0,0.0,0.0,0.0,0.0,0.0,0.0,0.0,0.0,0.0,0.0,0.0,0.0,0.0,0.0,0.0,0.0,0.0,0.0,0.0,0.0,0.0,0.0,0.0,0.0,0.0,0.0,0.0,0.0,0.0,J,19
0.0,0.0,0.877551,-0.05,1.795918,0.366667,2.22449,0.966667,1.918367,1.45,1.755102,1.0,2.306122,1.266667,1.959184,0.9,1.653061,0.75,1.469388,1.233333,1.918367,1.433333,1.489796,0.966667,1.204082,0.833333,1.122449,1.4,1.530612,1.516667,1.102041,1.033333,0.714286,0.833333,0.755102,1.583333,1.306122,2.033333,1.673469,2.3,1.979592,2.583333,0,0,0.0,0.0,0.0,0.0,0.0,0.0,0.0,0.0,0.0,0.0,0.0,0.0,0.0,0.0,0.0,0.0,0.0,0.0,0.0,0.0,0.0,0.0,0.0,0.0,0.0,0.0,0.0,0.0,0.0,0.0,0.0,0.0,0.0,0.0,0.0,0.0,0.0,0.0,0.0,0.0,0.0,0.0,J,19
0.0,0.0,0.93617,-0.070175,1.914894,0.368421,2.361702,1.0,2.042553,1.491228,1.87234,1.0,2.468085,1.22807,2.085106,0.877193,1.744681,0.754386,1.574468,1.245614,2.06383,1.438596,1.617021,0.982456,1.319149,0.842105,1.255319,1.438596,1.680851,1.54386,1.212766,1.035088,0.787234,0.842105,0.87234,1.649123,1.446809,2.140351,1.829787,2.403509,2.148936,2.684211,0,0,0.0,0.0,0.0,0.0,0.0,0.0,0.0,0.0,0.0,0.0,0.0,0.0,0.0,0.0,0.0,0.0,0.0,0.0,0.0,0.0,0.0,0.0,0.0,0.0,0.0,0.0,0.0,0.0,0.0,0.0,0.0,0.0,0.0,0.0,0.0,0.0,0.0,0.0,0.0,0.0,0.0,0.0,J,19
0.0,0.0,0.914894,-0.087719,1.914894,0.350877,2.361702,1.0,2.021277,1.473684,1.87234,1.0,2.446809,1.263158,2.06383,0.894737,1.723404,0.754386,1.574468,1.245614,2.021277,1.438596,1.574468,0.947368,1.276596,0.824561,1.234043,1.438596,1.638298,1.526316,1.191489,1.017544,0.787234,0.824561,0.87234,1.631579,1.446809,2.105263,1.808511,2.368421,2.12766,2.666667,0,0,0.0,0.0,0.0,0.0,0.0,0.0,0.0,0.0,0.0,0.0,0.0,0.0,0.0,0.0,0.0,0.0,0.0,0.0,0.0,0.0,0.0,0.0,0.0,0.0,0.0,0.0,0.0,0.0,0.0,0.0,0.0,0.0,0.0,0.0,0.0,0.0,0.0,0.0,0.0,0.0,0.0,0.0,J,19
0.0,0.0,0.913043,-0.071429,1.934783,0.357143,2.413043,0.982143,2.130435,1.482143,1.913043,1.0,2.5,1.25,2.086957,0.892857,1.76087,0.75,1.608696,1.267857,2.065217,1.446429,1.608696,0.982143,1.326087,0.839286,1.282609,1.464286,1.695652,1.571429,1.217391,1.035714,0.804348,0.803571,0.913043,1.678571,1.5,2.142857,1.869565,2.410714,2.195652,2.714286,0,0,0.0,0.0,0.0,0.0,0.0,0.0,0.0,0.0,0.0,0.0,0.0,0.0,0.0,0.0,0.0,0.0,0.0,0.0,0.0,0.0,0.0,0.0,0.0,0.0,0.0,0.0,0.0,0.0,0.0,0.0,0.0,0.0,0.0,0.0,0.0,0.0,0.0,0.0,0.0,0.0,0.0,0.0,J,19
0.0,0.0,0.954545,-0.089286,2.0,0.357143,2.5,0.964286,2.181818,1.464286,1.954545,1.0,2.590909,1.25,2.181818,0.910714,1.818182,0.767857,1.659091,1.232143,2.136364,1.446429,1.681818,0.982143,1.409091,0.857143,1.318182,1.428571,1.772727,1.553571,1.295455,1.035714,0.863636,0.803571,0.954545,1.642857,1.568182,2.125,1.954545,2.410714,2.295455,2.696429,0,0,0.0,0.0,0.0,0.0,0.0,0.0,0.0,0.0,0.0,0.0,0.0,0.0,0.0,0.0,0.0,0.0,0.0,0.0,0.0,0.0,0.0,0.0,0.0,0.0,0.0,0.0,0.0,0.0,0.0,0.0,0.0,0.0,0.0,0.0,0.0,0.0,0.0,0.0,0.0,0.0,0.0,0.0,J,19
0.0,0.0,0.909091,-0.109091,1.954545,0.327273,2.477273,0.963636,2.159091,1.454545,1.954545,1.0,2.568182,1.254545,2.159091,0.909091,1.795455,0.781818,1.659091,1.254545,2.136364,1.454545,1.659091,1.0,1.386364,0.872727,1.318182,1.454545,1.75,1.581818,1.25,1.036364,0.840909,0.8,0.954545,1.654545,1.545455,2.127273,1.931818,2.4,2.272727,2.709091,0,0,0.0,0.0,0.0,0.0,0.0,0.0,0.0,0.0,0.0,0.0,0.0,0.0,0.0,0.0,0.0,0.0,0.0,0.0,0.0,0.0,0.0,0.0,0.0,0.0,0.0,0.0,0.0,0.0,0.0,0.0,0.0,0.0,0.0,0.0,0.0,0.0,0.0,0.0,0.0,0.0,0.0,0.0,J,19
0.0,0.0,0.930233,-0.107143,2.023256,0.339286,2.55814,0.964286,2.232558,1.428571,2.0,1.0,2.651163,1.25,2.232558,0.892857,1.860465,0.767857,1.674419,1.232143,2.186047,1.446429,1.72093,1.0,1.44186,0.875,1.348837,1.428571,1.813953,1.571429,1.325581,1.035714,0.906977,0.803571,1.0,1.642857,1.604651,2.089286,2.0,2.375,2.372093,2.660714,0,0,0.0,0.0,0.0,0.0,0.0,0.0,0.0,0.0,0.0,0.0,0.0,0.0,0.0,0.0,0.0,0.0,0.0,0.0,0.0,0.0,0.0,0.0,0.0,0.0,0.0,0.0,0.0,0.0,0.0,0.0,0.0,0.0,0.0,0.0,0.0,0.0,0.0,0.0,0.0,0.0,0.0,0.0,J,19
0.0,0.0,0.888889,-0.089286,1.933333,0.375,2.444444,0.964286,2.155556,1.464286,1.955556,1.0,2.577778,1.267857,2.155556,0.910714,1.8,0.767857,1.644444,1.25,2.133333,1.482143,1.688889,1.017857,1.444444,0.892857,1.311111,1.446429,1.755556,1.571429,1.266667,1.035714,0.866667,0.803571,0.955556,1.642857,1.555556,2.089286,1.933333,2.357143,2.288889,2.678571,0,0,0.0,0.0,0.0,0.0,0.0,0.0,0.0,0.0,0.0,0.0,0.0,0.0,0.0,0.0,0.0,0.0,0.0,0.0,0.0,0.0,0.0,0.0,0.0,0.0,0.0,0.0,0.0,0.0,0.0,0.0,0.0,0.0,0.0,0.0,0.0,0.0,0.0,0.0,0.0,0.0,0.0,0.0,J,19
0.0,0.0,0.909091,-0.090909,1.977273,0.345455,2.522727,0.981818,2.25,1.490909,2.0,1.0,2.636364,1.236364,2.181818,0.872727,1.840909,0.781818,1.704545,1.254545,2.181818,1.472727,1.704545,1.018182,1.454545,0.927273,1.363636,1.472727,1.818182,1.6,1.318182,1.036364,0.886364,0.836364,1.0,1.690909,1.613636,2.127273,2.022727,2.4,2.363636,2.709091,0,0,0.0,0.0,0.0,0.0,0.0,0.0,0.0,0.0,0.0,0.0,0.0,0.0,0.0,0.0,0.0,0.0,0.0,0.0,0.0,0.0,0.0,0.0,0.0,0.0,0.0,0.0,0.0,0.0,0.0,0.0,0.0,0.0,0.0,0.0,0.0,0.0,0.0,0.0,0.0,0.0,0.0,0.0,J,19
0.0,0.0,0.888889,-0.09434,1.955556,0.339623,2.488889,0.981132,2.222222,1.528302,2.022222,1.0,2.644444,1.264151,2.177778,0.886792,1.822222,0.792453,1.733333,1.283019,2.177778,1.509434,1.688889,1.018868,1.466667,0.943396,1.377778,1.509434,1.8,1.641509,1.288889,1.056604,0.888889,0.849057,1.022222,1.735849,1.622222,2.188679,1.977778,2.471698,2.333333,2.811321,0,0,0.0,0.0,0.0,0.0,0.0,0.0,0.0,0.0,0.0,0.0,0.0,0.0,0.0,0.0,0.0,0.0,0.0,0.0,0.0,0.0,0.0,0.0,0.0,0.0,0.0,0.0,0.0,0.0,0.0,0.0,0.0,0.0,0.0,0.0,0.0,0.0,0.0,0.0,0.0,0.0,0.0,0.0,J,19
0.0,0.0,0.930233,-0.109091,2.046512,0.327273,2.604651,0.945455,2.325581,1.454545,2.069767,1.0,2.72093,1.236364,2.255814,0.872727,1.930233,0.781818,1.767442,1.254545,2.255814,1.454545,1.744186,0.981818,1.488372,0.909091,1.418605,1.454545,1.883721,1.581818,1.348837,1.018182,0.930233,0.836364,1.069767,1.672727,1.697674,2.090909,2.069767,2.363636,2.418605,2.672727,0,0,0.0,0.0,0.0,0.0,0.0,0.0,0.0,0.0,0.0,0.0,0.0,0.0,0.0,0.0,0.0,0.0,0.0,0.0,0.0,0.0,0.0,0.0,0.0,0.0,0.0,0.0,0.0,0.0,0.0,0.0,0.0,0.0,0.0,0.0,0.0,0.0,0.0,0.0,0.0,0.0,0.0,0.0,J,19
0.0,0.0,0.953488,-0.070175,2.046512,0.350877,2.604651,0.947368,2.325581,1.45614,2.023256,1.0,2.697674,1.263158,2.255814,0.894737,1.883721,0.77193,1.72093,1.245614,2.255814,1.473684,1.744186,0.982456,1.465116,0.859649,1.372093,1.438596,1.860465,1.561404,1.348837,1.017544,0.906977,0.807018,1.023256,1.649123,1.674419,2.087719,2.069767,2.350877,2.418605,2.649123,0,0,0.0,0.0,0.0,0.0,0.0,0.0,0.0,0.0,0.0,0.0,0.0,0.0,0.0,0.0,0.0,0.0,0.0,0.0,0.0,0.0,0.0,0.0,0.0,0.0,0.0,0.0,0.0,0.0,0.0,0.0,0.0,0.0,0.0,0.0,0.0,0.0,0.0,0.0,0.0,0.0,0.0,0.0,J,19
0.0,0.0,0.954545,-0.068966,1.977273,0.362069,2.522727,0.948276,2.25,1.448276,1.954545,1.0,2.590909,1.275862,2.181818,0.896552,1.840909,0.758621,1.659091,1.224138,2.159091,1.465517,1.704545,0.982759,1.454545,0.87931,1.318182,1.413793,1.795455,1.551724,1.295455,1.0,0.886364,0.793103,0.954545,1.62069,1.568182,2.086207,1.954545,2.362069,2.272727,2.689655,0,0,0.0,0.0,0.0,0.0,0.0,0.0,0.0,0.0,0.0,0.0,0.0,0.0,0.0,0.0,0.0,0.0,0.0,0.0,0.0,0.0,0.0,0.0,0.0,0.0,0.0,0.0,0.0,0.0,0.0,0.0,0.0,0.0,0.0,0.0,0.0,0.0,0.0,0.0,0.0,0.0,0.0,0.0,J,19
0.0,0.0,0.97619,-0.046154,2.071429,0.369231,2.642857,0.892308,2.309524,1.292308,2.0,1.0,2.666667,1.230769,2.261905,0.861538,1.904762,0.769231,1.666667,1.184615,2.214286,1.384615,1.809524,0.938462,1.547619,0.846154,1.333333,1.323077,1.833333,1.4,1.380952,0.892308,0.952381,0.723077,1.0,1.461538,1.595238,1.907692,2.0,2.169231,2.333333,2.446154,0,0,0.0,0.0,0.0,0.0,0.0,0.0,0.0,0.0,0.0,0.0,0.0,0.0,0.0,0.0,0.0,0.0,0.0,0.0,0.0,0.0,0.0,0.0,0.0,0.0,0.0,0.0,0.0,0.0,0.0,0.0,0.0,0.0,0.0,0.0,0.0,0.0,0.0,0.0,0.0,0.0,0.0,0.0,J,19
0.0,0.0,1.740741,0.041237,3.296296,0.360825,4.148148,0.690722,3.666667,0.917526,2.222222,1.0,3.666667,1.020619,3.259259,0.721649,2.740741,0.680412,1.703704,1.072165,3.37037,1.030928,2.851852,0.690722,2.296296,0.649485,1.37037,1.082474,2.925926,1.0,2.444444,0.649485,1.777778,0.556701,1.222222,1.061856,2.518519,1.329897,3.074074,1.505155,3.37037,1.721649,0,0,0.0,0.0,0.0,0.0,0.0,0.0,0.0,0.0,0.0,0.0,0.0,0.0,0.0,0.0,0.0,0.0,0.0,0.0,0.0,0.0,0.0,0.0,0.0,0.0,0.0,0.0,0.0,0.0,0.0,0.0,0.0,0.0,0.0,0.0,0.0,0.0,0.0,0.0,0.0,0.0,0.0,0.0,J,19
0.0,0.0,1.785714,0.10101,3.285714,0.393939,4.071429,0.707071,3.642857,0.939394,2.285714,1.0,3.857143,1.040404,3.321429,0.727273,2.678571,0.676768,1.785714,1.090909,3.357143,1.0,2.785714,0.646465,2.214286,0.636364,1.428571,1.080808,2.928571,0.959596,2.357143,0.626263,1.678571,0.565657,1.285714,1.060606,2.535714,1.313131,3.0,1.474747,3.25,1.676768,0,0,0.0,0.0,0.0,0.0,0.0,0.0,0.0,0.0,0.0,0.0,0.0,0.0,0.0,0.0,0.0,0.0,0.0,0.0,0.0,0.0,0.0,0.0,0.0,0.0,0.0,0.0,0.0,0.0,0.0,0.0,0.0,0.0,0.0,0.0,0.0,0.0,0.0,0.0,0.0,0.0,0.0,0.0,J,19
0.0,0.0,2.25,0.11215,3.875,0.383178,4.75,0.635514,4.375,0.831776,2.5,1.0,4.5,0.981308,3.958333,0.672897,3.208333,0.616822,1.916667,1.056075,4.0,0.915888,3.416667,0.588785,2.75,0.560748,1.583333,1.018692,3.583333,0.878505,3.041667,0.551402,2.25,0.485981,1.5,0.943925,2.916667,1.196262,3.583333,1.383178,3.916667,1.579439,0,0,0.0,0.0,0.0,0.0,0.0,0.0,0.0,0.0,0.0,0.0,0.0,0.0,0.0,0.0,0.0,0.0,0.0,0.0,0.0,0.0,0.0,0.0,0.0,0.0,0.0,0.0,0.0,0.0,0.0,0.0,0.0,0.0,0.0,0.0,0.0,0.0,0.0,0.0,0.0,0.0,0.0,0.0,J,19
0.0,0.0,2.25,0.122807,3.75,0.377193,4.708333,0.587719,4.458333,0.754386,2.25,1.0,4.291667,0.964912,3.916667,0.666667,3.291667,0.587719,1.666667,1.008772,3.916667,0.894737,3.541667,0.578947,2.958333,0.535088,1.333333,0.921053,3.5,0.824561,3.166667,0.526316,2.458333,0.447368,1.25,0.780702,2.708333,1.04386,3.375,1.245614,3.833333,1.45614,0,0,0.0,0.0,0.0,0.0,0.0,0.0,0.0,0.0,0.0,0.0,0.0,0.0,0.0,0.0,0.0,0.0,0.0,0.0,0.0,0.0,0.0,0.0,0.0,0.0,0.0,0.0,0.0,0.0,0.0,0.0,0.0,0.0,0.0,0.0,0.0,0.0,0.0,0.0,0.0,0.0,0.0,0.0,J,19
0.0,0.0,2.571429,0.140351,4.190476,0.403509,5.285714,0.622807,5.095238,0.789474,2.333333,1.0,4.666667,0.991228,4.47619,0.72807,3.809524,0.631579,1.714286,1.0,4.380952,0.894737,4.047619,0.587719,3.333333,0.535088,1.380952,0.894737,3.952381,0.798246,3.571429,0.508772,2.714286,0.438596,1.333333,0.736842,2.857143,1.008772,3.714286,1.219298,4.333333,1.421053,0,0,0.0,0.0,0.0,0.0,0.0,0.0,0.0,0.0,0.0,0.0,0.0,0.0,0.0,0.0,0.0,0.0,0.0,0.0,0.0,0.0,0.0,0.0,0.0,0.0,0.0,0.0,0.0,0.0,0.0,0.0,0.0,0.0,0.0,0.0,0.0,0.0,0.0,0.0,0.0,0.0,0.0,0.0,J,19
0.0,0.0,2.9,0.146552,4.55,0.396552,5.75,0.612069,5.4,0.758621,2.35,1.0,4.9,0.982759,4.8,0.698276,4.05,0.594828,1.65,0.974138,4.65,0.87931,4.4,0.568966,3.65,0.508621,1.35,0.836207,4.2,0.767241,3.95,0.5,3.1,0.422414,1.35,0.646552,2.95,0.913793,3.85,1.12069,4.45,1.327586,0,0,0.0,0.0,0.0,0.0,0.0,0.0,0.0,0.0,0.0,0.0,0.0,0.0,0.0,0.0,0.0,0.0,0.0,0.0,0.0,0.0,0.0,0.0,0.0,0.0,0.0,0.0,0.0,0.0,0.0,0.0,0.0,0.0,0.0,0.0,0.0,0.0,0.0,0.0,0.0,0.0,0.0,0.0,J,19
0.0,0.0,3.111111,0.13913,5.0,0.408696,6.333333,0.617391,5.888889,0.765217,2.388889,1.0,5.277778,0.991304,5.166667,0.695652,4.388889,0.591304,1.666667,0.973913,5.0,0.878261,4.722222,0.573913,3.944444,0.504348,1.333333,0.826087,4.555556,0.756522,4.277778,0.495652,3.388889,0.417391,1.388889,0.626087,3.277778,0.86087,4.222222,1.052174,4.944444,1.252174,0,0,0.0,0.0,0.0,0.0,0.0,0.0,0.0,0.0,0.0,0.0,0.0,0.0,0.0,0.0,0.0,0.0,0.0,0.0,0.0,0.0,0.0,0.0,0.0,0.0,0.0,0.0,0.0,0.0,0.0,0.0,0.0,0.0,0.0,0.0,0.0,0.0,0.0,0.0,0.0,0.0,0.0,0.0,J,19
0.0,0.0,2.136364,0.145299,3.727273,0.418803,4.727273,0.641026,4.227273,0.786325,1.5,1.0,3.954545,0.957265,3.818182,0.700855,3.136364,0.606838,0.727273,0.957265,3.636364,0.82906,3.409091,0.57265,2.772727,0.487179,0.454545,0.794872,3.318182,0.683761,2.909091,0.452991,2.136364,0.376068,0.5,0.564103,2.181818,0.760684,3.090909,0.940171,3.863636,1.111111,0,0,0.0,0.0,0.0,0.0,0.0,0.0,0.0,0.0,0.0,0.0,0.0,0.0,0.0,0.0,0.0,0.0,0.0,0.0,0.0,0.0,0.0,0.0,0.0,0.0,0.0,0.0,0.0,0.0,0.0,0.0,0.0,0.0,0.0,0.0,0.0,0.0,0.0,0.0,0.0,0.0,0.0,0.0,J,19
0.0,0.0,1.133333,0.136752,2.166667,0.401709,2.833333,0.632479,2.6,0.811966,0.566667,1.0,2.3,1.0,2.333333,0.760684,1.966667,0.641026,-0.166667,0.948718,2.2,0.82906,1.966667,0.581197,1.5,0.478632,-0.4,0.794872,1.933333,0.675214,1.5,0.42735,0.866667,0.333333,-0.433333,0.555556,0.966667,0.735043,1.733333,0.880342,2.5,1.051282,0,0,0.0,0.0,0.0,0.0,0.0,0.0,0.0,0.0,0.0,0.0,0.0,0.0,0.0,0.0,0.0,0.0,0.0,0.0,0.0,0.0,0.0,0.0,0.0,0.0,0.0,0.0,0.0,0.0,0.0,0.0,0.0,0.0,0.0,0.0,0.0,0.0,0.0,0.0,0.0,0.0,0.0,0.0,J,19
0.0,0.0,0.72973,0.113043,1.486486,0.356522,2.0,0.591304,2.108108,0.765217,0.324324,1.0,1.756757,0.93913,1.675676,0.721739,1.324324,0.617391,-0.351351,0.947826,1.675676,0.765217,1.405405,0.513043,1.054054,0.408696,-0.594595,0.791304,1.405405,0.626087,0.972973,0.33913,0.513514,0.217391,-0.675676,0.53913,0.486486,0.669565,1.135135,0.808696,1.837838,0.973913,0,0,0.0,0.0,0.0,0.0,0.0,0.0,0.0,0.0,0.0,0.0,0.0,0.0,0.0,0.0,0.0,0.0,0.0,0.0,0.0,0.0,0.0,0.0,0.0,0.0,0.0,0.0,0.0,0.0,0.0,0.0,0.0,0.0,0.0,0.0,0.0,0.0,0.0,0.0,0.0,0.0,0.0,0.0,J,19
0.0,0.0,1.0,0.130435,1.935484,0.356522,2.483871,0.573913,2.580645,0.765217,0.322581,1.0,2.16129,0.913043,2.129032,0.678261,1.741935,0.582609,-0.419355,0.913043,2.064516,0.747826,1.83871,0.504348,1.451613,0.391304,-0.677419,0.756522,1.806452,0.591304,1.322581,0.321739,0.774194,0.191304,-0.677419,0.495652,0.741935,0.6,1.516129,0.721739,2.322581,0.869565,0,0,0.0,0.0,0.0,0.0,0.0,0.0,0.0,0.0,0.0,0.0,0.0,0.0,0.0,0.0,0.0,0.0,0.0,0.0,0.0,0.0,0.0,0.0,0.0,0.0,0.0,0.0,0.0,0.0,0.0,0.0,0.0,0.0,0.0,0.0,0.0,0.0,0.0,0.0,0.0,0.0,0.0,0.0,J,19
0.0,0.0,1.25,0.152542,2.321429,0.372881,2.964286,0.584746,3.0,0.762712,0.392857,1.0,2.642857,0.889831,2.642857,0.644068,2.178571,0.559322,-0.392857,0.898305,2.571429,0.720339,2.25,0.474576,1.821429,0.364407,-0.642857,0.728814,2.214286,0.567797,1.678571,0.322034,1.107143,0.20339,-0.607143,0.483051,1.107143,0.550847,2.035714,0.661017,3.035714,0.788136,0,0,0.0,0.0,0.0,0.0,0.0,0.0,0.0,0.0,0.0,0.0,0.0,0.0,0.0,0.0,0.0,0.0,0.0,0.0,0.0,0.0,0.0,0.0,0.0,0.0,0.0,0.0,0.0,0.0,0.0,0.0,0.0,0.0,0.0,0.0,0.0,0.0,0.0,0.0,0.0,0.0,0.0,0.0,J,19
0.0,0.0,5.333333,0.168067,9.111111,0.394958,11.777778,0.579832,11.555556,0.672269,2.555556,1.0,10.222222,0.890756,9.888889,0.630252,8.111111,0.554622,1.222222,0.890756,10.0,0.764706,9.222222,0.512605,7.666667,0.436975,1.0,0.714286,9.555556,0.613445,8.444444,0.394958,6.666667,0.302521,1.555556,0.470588,6.888889,0.504202,9.222222,0.571429,11.333333,0.697479,0,0,0.0,0.0,0.0,0.0,0.0,0.0,0.0,0.0,0.0,0.0,0.0,0.0,0.0,0.0,0.0,0.0,0.0,0.0,0.0,0.0,0.0,0.0,0.0,0.0,0.0,0.0,0.0,0.0,0.0,0.0,0.0,0.0,0.0,0.0,0.0,0.0,0.0,0.0,0.0,0.0,0.0,0.0,J,19
0.0,0.0,7.5,0.192982,13.0,0.421053,18.0,0.570175,18.833333,0.631579,4.5,1.0,15.666667,0.938596,15.166667,0.657895,12.5,0.570175,2.666667,0.833333,15.5,0.719298,14.166667,0.473684,11.833333,0.403509,2.333333,0.596491,15.0,0.526316,13.166667,0.324561,10.0,0.27193,3.5,0.333333,11.833333,0.412281,15.666667,0.526316,18.666667,0.675439,0,0,0.0,0.0,0.0,0.0,0.0,0.0,0.0,0.0,0.0,0.0,0.0,0.0,0.0,0.0,0.0,0.0,0.0,0.0,0.0,0.0,0.0,0.0,0.0,0.0,0.0,0.0,0.0,0.0,0.0,0.0,0.0,0.0,0.0,0.0,0.0,0.0,0.0,0.0,0.0,0.0,0.0,0.0,J,19
0.0,0.0,24.0,0.205607,42.5,0.457944,58.0,0.607477,55.0,0.626168,13.0,1.0,46.5,0.981308,45.5,0.71028,36.0,0.64486,7.5,0.785047,45.5,0.728972,42.5,0.514019,34.5,0.476636,7.5,0.514019,44.5,0.495327,39.5,0.35514,29.5,0.336449,12.0,0.242991,36.0,0.35514,47.0,0.495327,55.0,0.672897,0,0,0.0,0.0,0.0,0.0,0.0,0.0,0.0,0.0,0.0,0.0,0.0,0.0,0.0,0.0,0.0,0.0,0.0,0.0,0.0,0.0,0.0,0.0,0.0,0.0,0.0,0.0,0.0,0.0,0.0,0.0,0.0,0.0,0.0,0.0,0.0,0.0,0.0,0.0,0.0,0.0,0.0,0.0,J,19
0.0,0.0,1.866667,0.407767,4.666667,0.708738,7.733333,0.776699,8.133333,0.563107,1.666667,1.0,6.4,1.019417,6.4,0.776699,5.333333,0.699029,1.466667,0.728155,6.6,0.737864,6.4,0.524272,5.533333,0.466019,1.866667,0.417476,6.666667,0.475728,6.6,0.359223,5.733333,0.320388,2.666667,0.126214,5.8,0.262136,7.333333,0.349515,8.533333,0.446602,0,0,0.0,0.0,0.0,0.0,0.0,0.0,0.0,0.0,0.0,0.0,0.0,0.0,0.0,0.0,0.0,0.0,0.0,0.0,0.0,0.0,0.0,0.0,0.0,0.0,0.0,0.0,0.0,0.0,0.0,0.0,0.0,0.0,0.0,0.0,0.0,0.0,0.0,0.0,0.0,0.0,0.0,0.0,J,19
0.0,0.0,1.733333,0.390476,4.466667,0.714286,7.466667,0.828571,7.866667,0.685714,1.666667,1.0,6.333333,1.019048,6.333333,0.780952,5.2,0.704762,1.533333,0.742857,6.533333,0.742857,6.266667,0.533333,5.2,0.466667,1.933333,0.457143,6.666667,0.495238,6.333333,0.342857,5.2,0.295238,2.666667,0.161905,5.866667,0.257143,7.533333,0.304762,8.866667,0.361905,0,0,0.0,0.0,0.0,0.0,0.0,0.0,0.0,0.0,0.0,0.0,0.0,0.0,0.0,0.0,0.0,0.0,0.0,0.0,0.0,0.0,0.0,0.0,0.0,0.0,0.0,0.0,0.0,0.0,0.0,0.0,0.0,0.0,0.0,0.0,0.0,0.0,0.0,0.0,0.0,0.0,0.0,0.0,J,19
0.0,0.0,2.142857,0.38835,5.071429,0.699029,8.142857,0.834951,8.285714,0.68932,1.714286,1.0,6.642857,1.029126,6.642857,0.786408,5.5,0.699029,1.571429,0.747573,6.928571,0.737864,6.642857,0.524272,5.428571,0.466019,2.0,0.456311,7.071429,0.475728,6.714286,0.339806,5.642857,0.300971,2.714286,0.165049,6.285714,0.223301,8.142857,0.252427,9.642857,0.281553,0,0,0.0,0.0,0.0,0.0,0.0,0.0,0.0,0.0,0.0,0.0,0.0,0.0,0.0,0.0,0.0,0.0,0.0,0.0,0.0,0.0,0.0,0.0,0.0,0.0,0.0,0.0,0.0,0.0,0.0,0.0,0.0,0.0,0.0,0.0,0.0,0.0,0.0,0.0,0.0,0.0,0.0,0.0,J,19
0.0,0.0,1.142857,0.43,3.238095,0.77,5.52381,0.88,5.761905,0.65,1.190476,1.0,4.428571,1.04,4.333333,0.8,3.428571,0.72,1.238095,0.74,4.666667,0.74,4.333333,0.53,3.47619,0.48,1.666667,0.43,4.904762,0.46,4.47619,0.35,3.52381,0.33,2.190476,0.13,4.666667,0.16,5.904762,0.16,6.904762,0.17,0,0,0.0,0.0,0.0,0.0,0.0,0.0,0.0,0.0,0.0,0.0,0.0,0.0,0.0,0.0,0.0,0.0,0.0,0.0,0.0,0.0,0.0,0.0,0.0,0.0,0.0,0.0,0.0,0.0,0.0,0.0,0.0,0.0,0.0,0.0,0.0,0.0,0.0,0.0,0.0,0.0,0.0,0.0,J,19
0.0,0.0,1.3,0.415842,3.55,0.732673,5.9,0.851485,6.05,0.663366,1.3,1.0,4.75,1.009901,4.75,0.772277,3.85,0.70297,1.3,0.732673,4.95,0.722772,4.75,0.514851,3.85,0.465347,1.7,0.435644,5.2,0.445545,4.9,0.29703,4.05,0.267327,2.3,0.138614,4.75,0.168317,6.1,0.168317,7.15,0.178218,0,0,0.0,0.0,0.0,0.0,0.0,0.0,0.0,0.0,0.0,0.0,0.0,0.0,0.0,0.0,0.0,0.0,0.0,0.0,0.0,0.0,0.0,0.0,0.0,0.0,0.0,0.0,0.0,0.0,0.0,0.0,0.0,0.0,0.0,0.0,0.0,0.0,0.0,0.0,0.0,0.0,0.0,0.0,J,19
0.0,0.0,1.045455,0.453608,3.090909,0.783505,5.272727,0.896907,5.545455,0.670103,1.181818,1.0,4.272727,1.051546,4.227273,0.814433,3.409091,0.731959,1.272727,0.731959,4.5,0.762887,4.272727,0.546392,3.409091,0.494845,1.681818,0.42268,4.727273,0.463918,4.363636,0.340206,3.454545,0.309278,2.181818,0.123711,4.545455,0.14433,5.772727,0.134021,6.636364,0.123711,0,0,0.0,0.0,0.0,0.0,0.0,0.0,0.0,0.0,0.0,0.0,0.0,0.0,0.0,0.0,0.0,0.0,0.0,0.0,0.0,0.0,0.0,0.0,0.0,0.0,0.0,0.0,0.0,0.0,0.0,0.0,0.0,0.0,0.0,0.0,0.0,0.0,0.0,0.0,0.0,0.0,0.0,0.0,J,19
0.0,0.0,0.785714,0.505495,2.5,0.879121,4.285714,0.956044,4.428571,0.659341,0.928571,1.0,3.392857,1.098901,3.25,0.857143,2.535714,0.769231,1.142857,0.692308,3.678571,0.769231,3.357143,0.56044,2.607143,0.494505,1.535714,0.373626,3.857143,0.450549,3.5,0.340659,2.714286,0.318681,1.928571,0.065934,3.785714,0.076923,4.714286,0.021978,5.392857,-0.010989,0,0,0.0,0.0,0.0,0.0,0.0,0.0,0.0,0.0,0.0,0.0,0.0,0.0,0.0,0.0,0.0,0.0,0.0,0.0,0.0,0.0,0.0,0.0,0.0,0.0,0.0,0.0,0.0,0.0,0.0,0.0,0.0,0.0,0.0,0.0,0.0,0.0,0.0,0.0,0.0,0.0,0.0,0.0,J,19
0.0,0.0,0.916667,0.477778,2.833333,0.833333,4.916667,0.944444,5.208333,0.722222,1.208333,1.0,4.125,1.111111,3.916667,0.866667,3.041667,0.766667,1.375,0.7,4.416667,0.766667,4.041667,0.555556,3.166667,0.488889,1.791667,0.366667,4.625,0.455556,4.125,0.344444,3.125,0.311111,2.208333,0.055556,4.375,0.033333,5.583333,-0.033333,6.416667,-0.088889,0,0,0.0,0.0,0.0,0.0,0.0,0.0,0.0,0.0,0.0,0.0,0.0,0.0,0.0,0.0,0.0,0.0,0.0,0.0,0.0,0.0,0.0,0.0,0.0,0.0,0.0,0.0,0.0,0.0,0.0,0.0,0.0,0.0,0.0,0.0,0.0,0.0,0.0,0.0,0.0,0.0,0.0,0.0,J,19
0.0,0.0,0.92,0.5,2.84,0.852273,4.84,0.943182,5.16,0.704545,1.24,1.0,4.08,1.102273,3.88,0.852273,3.0,0.75,1.44,0.670455,4.4,0.75,4.0,0.545455,3.12,0.477273,1.84,0.329545,4.56,0.431818,4.08,0.318182,3.16,0.295455,2.24,0.011364,4.36,-0.011364,5.48,-0.079545,6.32,-0.136364,0,0,0.0,0.0,0.0,0.0,0.0,0.0,0.0,0.0,0.0,0.0,0.0,0.0,0.0,0.0,0.0,0.0,0.0,0.0,0.0,0.0,0.0,0.0,0.0,0.0,0.0,0.0,0.0,0.0,0.0,0.0,0.0,0.0,0.0,0.0,0.0,0.0,0.0,0.0,0.0,0.0,0.0,0.0,J,19
0.0,0.0,0.846154,0.5,2.730769,0.895349,4.692308,0.953488,5.038462,0.651163,1.192308,1.0,3.923077,1.127907,3.692308,0.872093,2.884615,0.77907,1.384615,0.686047,4.192308,0.767442,3.769231,0.569767,2.961538,0.511628,1.769231,0.348837,4.384615,0.44186,3.923077,0.348837,3.0,0.325581,2.192308,0.034884,4.230769,0.011628,5.307692,-0.069767,6.115385,-0.139535,0,0,0.0,0.0,0.0,0.0,0.0,0.0,0.0,0.0,0.0,0.0,0.0,0.0,0.0,0.0,0.0,0.0,0.0,0.0,0.0,0.0,0.0,0.0,0.0,0.0,0.0,0.0,0.0,0.0,0.0,0.0,0.0,0.0,0.0,0.0,0.0,0.0,0.0,0.0,0.0,0.0,0.0,0.0,J,19
0.0,0.0,0.666667,0.54321,2.266667,0.950617,4.0,1.0,4.333333,0.654321,1.0,1.0,3.433333,1.111111,3.1,0.888889,2.333333,0.790123,1.266667,0.62963,3.7,0.753086,3.233333,0.580247,2.5,0.493827,1.633333,0.271605,3.866667,0.407407,3.4,0.37037,2.633333,0.382716,2.0,-0.037037,3.766667,-0.111111,4.7,-0.197531,5.4,-0.259259,0,0,0.0,0.0,0.0,0.0,0.0,0.0,0.0,0.0,0.0,0.0,0.0,0.0,0.0,0.0,0.0,0.0,0.0,0.0,0.0,0.0,0.0,0.0,0.0,0.0,0.0,0.0,0.0,0.0,0.0,0.0,0.0,0.0,0.0,0.0,0.0,0.0,0.0,0.0,0.0,0.0,0.0,0.0,J,19
0.0,0.0,0.59375,0.564103,2.125,1.0,3.71875,1.025641,4.03125,0.666667,0.9375,1.0,3.1875,1.141026,2.9375,0.923077,2.28125,0.807692,1.21875,0.615385,3.5,0.75641,3.125,0.589744,2.4375,0.512821,1.5625,0.25641,3.625,0.397436,3.3125,0.371795,2.625,0.371795,1.9375,-0.051282,3.65625,-0.102564,4.5625,-0.217949,5.21875,-0.294872,0,0,0.0,0.0,0.0,0.0,0.0,0.0,0.0,0.0,0.0,0.0,0.0,0.0,0.0,0.0,0.0,0.0,0.0,0.0,0.0,0.0,0.0,0.0,0.0,0.0,0.0,0.0,0.0,0.0,0.0,0.0,0.0,0.0,0.0,0.0,0.0,0.0,0.0,0.0,0.0,0.0,0.0,0.0,J,19
0.0,0.0,0.472222,0.597222,1.722222,1.055556,3.111111,1.083333,3.416667,0.666667,0.694444,1.0,2.722222,1.194444,2.472222,0.972222,1.861111,0.847222,0.944444,0.583333,3.0,0.805556,2.694444,0.638889,2.083333,0.555556,1.305556,0.208333,3.166667,0.444444,2.916667,0.416667,2.305556,0.416667,1.694444,-0.097222,3.166667,-0.138889,3.972222,-0.25,4.527778,-0.361111,0,0,0.0,0.0,0.0,0.0,0.0,0.0,0.0,0.0,0.0,0.0,0.0,0.0,0.0,0.0,0.0,0.0,0.0,0.0,0.0,0.0,0.0,0.0,0.0,0.0,0.0,0.0,0.0,0.0,0.0,0.0,0.0,0.0,0.0,0.0,0.0,0.0,0.0,0.0,0.0,0.0,0.0,0.0,J,19
0.0,0.0,0.484848,0.630769,1.848485,1.138462,3.363636,1.184615,3.727273,0.753846,0.757576,1.0,2.878788,1.230769,2.636364,1.015385,1.969697,0.892308,1.030303,0.538462,3.242424,0.815385,2.909091,0.661538,2.242424,0.584615,1.424242,0.138462,3.424242,0.446154,3.151515,0.446154,2.484848,0.430769,1.757576,-0.184615,3.393939,-0.261538,4.272727,-0.384615,4.909091,-0.476923,0,0,0.0,0.0,0.0,0.0,0.0,0.0,0.0,0.0,0.0,0.0,0.0,0.0,0.0,0.0,0.0,0.0,0.0,0.0,0.0,0.0,0.0,0.0,0.0,0.0,0.0,0.0,0.0,0.0,0.0,0.0,0.0,0.0,0.0,0.0,0.0,0.0,0.0,0.0,0.0,0.0,0.0,0.0,J,19
0.0,0.0,0.424242,0.640625,1.818182,1.140625,3.272727,1.171875,3.575758,0.703125,0.818182,1.0,2.939394,1.234375,2.545455,1.015625,1.909091,0.890625,1.121212,0.53125,3.181818,0.828125,2.787879,0.6875,2.181818,0.546875,1.484848,0.109375,3.393939,0.421875,3.060606,0.40625,2.393939,0.359375,1.818182,-0.1875,3.424242,-0.28125,4.272727,-0.40625,4.909091,-0.546875,0,0,0.0,0.0,0.0,0.0,0.0,0.0,0.0,0.0,0.0,0.0,0.0,0.0,0.0,0.0,0.0,0.0,0.0,0.0,0.0,0.0,0.0,0.0,0.0,0.0,0.0,0.0,0.0,0.0,0.0,0.0,0.0,0.0,0.0,0.0,0.0,0.0,0.0,0.0,0.0,0.0,0.0,0.0,J,19
0.0,0.0,0.324324,0.619048,1.621622,1.111111,3.0,1.15873,3.324324,0.761905,0.72973,1.0,2.675676,1.253968,2.351351,1.015873,1.783784,0.873016,1.081081,0.52381,2.918919,0.857143,2.567568,0.68254,2.054054,0.52381,1.432432,0.095238,3.162162,0.460317,2.864865,0.412698,2.297297,0.333333,1.72973,-0.206349,3.189189,-0.285714,3.918919,-0.444444,4.459459,-0.587302,0,0,0.0,0.0,0.0,0.0,0.0,0.0,0.0,0.0,0.0,0.0,0.0,0.0,0.0,0.0,0.0,0.0,0.0,0.0,0.0,0.0,0.0,0.0,0.0,0.0,0.0,0.0,0.0,0.0,0.0,0.0,0.0,0.0,0.0,0.0,0.0,0.0,0.0,0.0,0.0,0.0,0.0,0.0,J,19
0.0,0.0,0.289474,0.645161,1.5,1.145161,2.815789,1.177419,3.105263,0.758065,0.578947,1.0,2.447368,1.258065,2.131579,1.048387,1.578947,0.903226,0.921053,0.516129,2.710526,0.870968,2.368421,0.709677,1.842105,0.548387,1.263158,0.096774,2.921053,0.467742,2.631579,0.467742,2.052632,0.403226,1.578947,-0.193548,2.921053,-0.306452,3.657895,-0.483871,4.236842,-0.612903,0,0,0.0,0.0,0.0,0.0,0.0,0.0,0.0,0.0,0.0,0.0,0.0,0.0,0.0,0.0,0.0,0.0,0.0,0.0,0.0,0.0,0.0,0.0,0.0,0.0,0.0,0.0,0.0,0.0,0.0,0.0,0.0,0.0,0.0,0.0,0.0,0.0,0.0,0.0,0.0,0.0,0.0,0.0,J,19
0.0,0.0,0.277778,0.661017,1.527778,1.169492,2.944444,1.20339,3.25,0.79661,0.583333,1.0,2.527778,1.305085,2.194444,1.084746,1.611111,0.932203,0.944444,0.474576,2.805556,0.881356,2.416667,0.728814,1.861111,0.559322,1.277778,0.050847,3.027778,0.457627,2.694444,0.457627,2.083333,0.389831,1.583333,-0.254237,3.055556,-0.355932,3.833333,-0.525424,4.444444,-0.661017,0,0,0.0,0.0,0.0,0.0,0.0,0.0,0.0,0.0,0.0,0.0,0.0,0.0,0.0,0.0,0.0,0.0,0.0,0.0,0.0,0.0,0.0,0.0,0.0,0.0,0.0,0.0,0.0,0.0,0.0,0.0,0.0,0.0,0.0,0.0,0.0,0.0,0.0,0.0,0.0,0.0,0.0,0.0,J,19
0.0,0.0,0.27027,0.696429,1.486486,1.232143,2.837838,1.267857,3.162162,0.857143,0.594595,1.0,2.513514,1.339286,2.216216,1.142857,1.648649,1.0,0.945946,0.464286,2.783784,0.910714,2.432432,0.785714,1.918919,0.607143,1.297297,0.0,3.027027,0.5,2.72973,0.535714,2.162162,0.482143,1.594595,-0.303571,3.054054,-0.410714,3.810811,-0.571429,4.378378,-0.714286,0,0,0.0,0.0,0.0,0.0,0.0,0.0,0.0,0.0,0.0,0.0,0.0,0.0,0.0,0.0,0.0,0.0,0.0,0.0,0.0,0.0,0.0,0.0,0.0,0.0,0.0,0.0,0.0,0.0,0.0,0.0,0.0,0.0,0.0,0.0,0.0,0.0,0.0,0.0,0.0,0.0,0.0,0.0,J,19
0.0,0.0,0.375,0.661017,1.875,1.152542,3.4375,1.135593,3.84375,0.745763,0.90625,1.0,3.15625,1.254237,2.75,1.050847,2.09375,0.915254,1.25,0.474576,3.40625,0.830508,2.9375,0.694915,2.3125,0.542373,1.59375,0.033898,3.625,0.423729,3.25,0.440678,2.5625,0.40678,1.90625,-0.271186,3.5625,-0.372881,4.53125,-0.559322,5.28125,-0.694915,0,0,0.0,0.0,0.0,0.0,0.0,0.0,0.0,0.0,0.0,0.0,0.0,0.0,0.0,0.0,0.0,0.0,0.0,0.0,0.0,0.0,0.0,0.0,0.0,0.0,0.0,0.0,0.0,0.0,0.0,0.0,0.0,0.0,0.0,0.0,0.0,0.0,0.0,0.0,0.0,0.0,0.0,0.0,J,19
0.0,0.0,0.34375,0.639344,1.8125,1.098361,3.375,1.163934,3.90625,0.885246,1.03125,1.0,3.28125,1.245902,2.875,1.065574,2.1875,0.918033,1.34375,0.491803,3.53125,0.852459,3.09375,0.754098,2.5,0.590164,1.6875,0.04918,3.71875,0.459016,3.40625,0.508197,2.78125,0.47541,2.03125,-0.245902,3.71875,-0.327869,4.6875,-0.47541,5.4375,-0.622951,0,0,0.0,0.0,0.0,0.0,0.0,0.0,0.0,0.0,0.0,0.0,0.0,0.0,0.0,0.0,0.0,0.0,0.0,0.0,0.0,0.0,0.0,0.0,0.0,0.0,0.0,0.0,0.0,0.0,0.0,0.0,0.0,0.0,0.0,0.0,0.0,0.0,0.0,0.0,0.0,0.0,0.0,0.0,J,19
0.0,0.0,0.352941,0.677966,1.735294,1.186441,3.205882,1.20339,3.617647,0.864407,0.882353,1.0,3.0,1.288136,2.588235,1.118644,1.970588,0.983051,1.205882,0.474576,3.294118,0.881356,2.823529,0.779661,2.264706,0.627119,1.558824,0.033898,3.441176,0.457627,3.088235,0.508475,2.441176,0.440678,1.882353,-0.254237,3.441176,-0.338983,4.352941,-0.474576,5.088235,-0.627119,0,0,0.0,0.0,0.0,0.0,0.0,0.0,0.0,0.0,0.0,0.0,0.0,0.0,0.0,0.0,0.0,0.0,0.0,0.0,0.0,0.0,0.0,0.0,0.0,0.0,0.0,0.0,0.0,0.0,0.0,0.0,0.0,0.0,0.0,0.0,0.0,0.0,0.0,0.0,0.0,0.0,0.0,0.0,J,19
0.0,0.0,0.363636,0.683333,1.727273,1.166667,3.212121,1.216667,3.636364,0.9,0.878788,1.0,3.060606,1.266667,2.666667,1.133333,2.060606,0.983333,1.212121,0.483333,3.30303,0.866667,2.848485,0.8,2.272727,0.666667,1.545455,0.05,3.454545,0.466667,3.090909,0.516667,2.454545,0.466667,1.878788,-0.233333,3.484848,-0.3,4.454545,-0.416667,5.212121,-0.533333,0,0,0.0,0.0,0.0,0.0,0.0,0.0,0.0,0.0,0.0,0.0,0.0,0.0,0.0,0.0,0.0,0.0,0.0,0.0,0.0,0.0,0.0,0.0,0.0,0.0,0.0,0.0,0.0,0.0,0.0,0.0,0.0,0.0,0.0,0.0,0.0,0.0,0.0,0.0,0.0,0.0,0.0,0.0,J,19
0.0,0.0,0.363636,0.622951,1.69697,1.098361,3.151515,1.163934,3.666667,0.901639,0.848485,1.0,3.0,1.278689,2.666667,1.114754,2.060606,0.967213,1.181818,0.491803,3.272727,0.885246,2.878788,0.770492,2.333333,0.639344,1.515152,0.065574,3.454545,0.491803,3.121212,0.540984,2.484848,0.491803,1.848485,-0.213115,3.454545,-0.262295,4.393939,-0.393443,5.181818,-0.52459,0,0,0.0,0.0,0.0,0.0,0.0,0.0,0.0,0.0,0.0,0.0,0.0,0.0,0.0,0.0,0.0,0.0,0.0,0.0,0.0,0.0,0.0,0.0,0.0,0.0,0.0,0.0,0.0,0.0,0.0,0.0,0.0,0.0,0.0,0.0,0.0,0.0,0.0,0.0,0.0,0.0,0.0,0.0,J,19
0.0,0.0,0.342857,0.655738,1.685714,1.131148,3.142857,1.163934,3.542857,0.868852,0.914286,1.0,2.914286,1.278689,2.542857,1.114754,1.971429,0.95082,1.257143,0.491803,3.171429,0.901639,2.742857,0.770492,2.2,0.622951,1.571429,0.065574,3.342857,0.508197,3.028571,0.52459,2.428571,0.47541,1.914286,-0.213115,3.428571,-0.262295,4.285714,-0.393443,4.971429,-0.52459,0,0,0.0,0.0,0.0,0.0,0.0,0.0,0.0,0.0,0.0,0.0,0.0,0.0,0.0,0.0,0.0,0.0,0.0,0.0,0.0,0.0,0.0,0.0,0.0,0.0,0.0,0.0,0.0,0.0,0.0,0.0,0.0,0.0,0.0,0.0,0.0,0.0,0.0,0.0,0.0,0.0,0.0,0.0,J,19
0.0,0.0,0.354839,0.66129,1.806452,1.112903,3.387097,1.177419,3.935484,0.903226,1.0,1.0,3.290323,1.241935,2.870968,1.080645,2.225806,0.951613,1.354839,0.5,3.548387,0.854839,3.064516,0.758065,2.451613,0.612903,1.677419,0.064516,3.709677,0.467742,3.290323,0.467742,2.612903,0.403226,2.0,-0.225806,3.741935,-0.258065,4.774194,-0.370968,5.580645,-0.467742,0,0,0.0,0.0,0.0,0.0,0.0,0.0,0.0,0.0,0.0,0.0,0.0,0.0,0.0,0.0,0.0,0.0,0.0,0.0,0.0,0.0,0.0,0.0,0.0,0.0,0.0,0.0,0.0,0.0,0.0,0.0,0.0,0.0,0.0,0.0,0.0,0.0,0.0,0.0,0.0,0.0,0.0,0.0,J,19
0.0,0.0,0.314286,0.655738,1.657143,1.131148,3.085714,1.163934,3.542857,0.868852,0.857143,1.0,2.914286,1.278689,2.542857,1.114754,1.942857,0.967213,1.2,0.491803,3.142857,0.901639,2.714286,0.786885,2.228571,0.639344,1.514286,0.065574,3.314286,0.508197,2.971429,0.540984,2.4,0.47541,1.857143,-0.213115,3.4,-0.245902,4.285714,-0.360656,5.0,-0.491803,0,0,0.0,0.0,0.0,0.0,0.0,0.0,0.0,0.0,0.0,0.0,0.0,0.0,0.0,0.0,0.0,0.0,0.0,0.0,0.0,0.0,0.0,0.0,0.0,0.0,0.0,0.0,0.0,0.0,0.0,0.0,0.0,0.0,0.0,0.0,0.0,0.0,0.0,0.0,0.0,0.0,0.0,0.0,J,19
0.0,0.0,0.342857,0.645161,1.628571,1.129032,3.0,1.177419,3.457143,0.887097,0.828571,1.0,2.857143,1.258065,2.485714,1.080645,1.942857,0.935484,1.171429,0.5,3.142857,0.870968,2.714286,0.774194,2.171429,0.629032,1.485714,0.080645,3.285714,0.483871,2.942857,0.5,2.342857,0.451613,1.828571,-0.209677,3.342857,-0.225806,4.257143,-0.33871,4.971429,-0.451613,0,0,0.0,0.0,0.0,0.0,0.0,0.0,0.0,0.0,0.0,0.0,0.0,0.0,0.0,0.0,0.0,0.0,0.0,0.0,0.0,0.0,0.0,0.0,0.0,0.0,0.0,0.0,0.0,0.0,0.0,0.0,0.0,0.0,0.0,0.0,0.0,0.0,0.0,0.0,0.0,0.0,0.0,0.0,J,19
0.0,0.0,0.342857,0.619048,1.685714,1.079365,3.114286,1.142857,3.571429,0.904762,0.914286,1.0,2.942857,1.269841,2.6,1.079365,2.028571,0.936508,1.228571,0.507937,3.2,0.888889,2.8,0.777778,2.285714,0.634921,1.571429,0.095238,3.371429,0.507937,3.057143,0.539683,2.485714,0.492063,1.914286,-0.190476,3.457143,-0.222222,4.371429,-0.333333,5.085714,-0.428571,0,0,0.0,0.0,0.0,0.0,0.0,0.0,0.0,0.0,0.0,0.0,0.0,0.0,0.0,0.0,0.0,0.0,0.0,0.0,0.0,0.0,0.0,0.0,0.0,0.0,0.0,0.0,0.0,0.0,0.0,0.0,0.0,0.0,0.0,0.0,0.0,0.0,0.0,0.0,0.0,0.0,0.0,0.0,J,19
0.0,0.0,0.382353,0.645161,1.794118,1.112903,3.264706,1.129032,3.705882,0.822581,0.911765,1.0,3.058824,1.274194,2.676471,1.080645,2.088235,0.935484,1.235294,0.5,3.323529,0.870968,2.882353,0.741935,2.323529,0.612903,1.588235,0.080645,3.5,0.483871,3.117647,0.483871,2.5,0.435484,1.911765,-0.209677,3.529412,-0.241935,4.470588,-0.354839,5.205882,-0.451613,0,0,0.0,0.0,0.0,0.0,0.0,0.0,0.0,0.0,0.0,0.0,0.0,0.0,0.0,0.0,0.0,0.0,0.0,0.0,0.0,0.0,0.0,0.0,0.0,0.0,0.0,0.0,0.0,0.0,0.0,0.0,0.0,0.0,0.0,0.0,0.0,0.0,0.0,0.0,0.0,0.0,0.0,0.0,J,19
0.0,0.0,0.277778,0.655738,1.5,1.131148,2.888889,1.213115,3.416667,0.967213,0.777778,1.0,2.75,1.295082,2.416667,1.131148,1.833333,0.983607,1.111111,0.47541,3.027778,0.918033,2.666667,0.819672,2.138889,0.655738,1.444444,0.065574,3.222222,0.540984,2.944444,0.606557,2.388889,0.557377,1.777778,-0.213115,3.25,-0.229508,4.111111,-0.344262,4.805556,-0.442623,0,0,0.0,0.0,0.0,0.0,0.0,0.0,0.0,0.0,0.0,0.0,0.0,0.0,0.0,0.0,0.0,0.0,0.0,0.0,0.0,0.0,0.0,0.0,0.0,0.0,0.0,0.0,0.0,0.0,0.0,0.0,0.0,0.0,0.0,0.0,0.0,0.0,0.0,0.0,0.0,0.0,0.0,0.0,J,19
0.0,0.0,0.27027,0.655738,1.540541,1.163934,2.891892,1.196721,3.27027,0.852459,0.702703,1.0,2.648649,1.311475,2.324324,1.131148,1.810811,0.983607,1.054054,0.491803,2.918919,0.918033,2.486486,0.786885,2.0,0.639344,1.378378,0.081967,3.108108,0.52459,2.783784,0.540984,2.216216,0.47541,1.702703,-0.196721,3.135135,-0.229508,4.0,-0.344262,4.675676,-0.459016,0,0,0.0,0.0,0.0,0.0,0.0,0.0,0.0,0.0,0.0,0.0,0.0,0.0,0.0,0.0,0.0,0.0,0.0,0.0,0.0,0.0,0.0,0.0,0.0,0.0,0.0,0.0,0.0,0.0,0.0,0.0,0.0,0.0,0.0,0.0,0.0,0.0,0.0,0.0,0.0,0.0,0.0,0.0,J,19
0.0,0.0,0.25,0.666667,1.527778,1.166667,2.916667,1.25,3.361111,0.966667,0.777778,1.0,2.777778,1.333333,2.416667,1.166667,1.833333,1.0,1.111111,0.5,3.027778,0.95,2.611111,0.85,2.083333,0.666667,1.444444,0.066667,3.222222,0.566667,2.944444,0.616667,2.361111,0.566667,1.777778,-0.2,3.25,-0.233333,4.111111,-0.333333,4.805556,-0.45,0,0,0.0,0.0,0.0,0.0,0.0,0.0,0.0,0.0,0.0,0.0,0.0,0.0,0.0,0.0,0.0,0.0,0.0,0.0,0.0,0.0,0.0,0.0,0.0,0.0,0.0,0.0,0.0,0.0,0.0,0.0,0.0,0.0,0.0,0.0,0.0,0.0,0.0,0.0,0.0,0.0,0.0,0.0,J,19
0.0,0.0,0.195122,0.694915,1.341463,1.237288,2.609756,1.305085,3.0,0.983051,0.560976,1.0,2.341463,1.372881,1.97561,1.186441,1.487805,1.033898,0.95122,0.457627,2.609756,1.0,2.170732,0.881356,1.682927,0.677966,1.268293,0.033898,2.804878,0.610169,2.512195,0.644068,1.97561,0.525424,1.560976,-0.220339,2.829268,-0.20339,3.560976,-0.322034,4.146341,-0.457627,0,0,0.0,0.0,0.0,0.0,0.0,0.0,0.0,0.0,0.0,0.0,0.0,0.0,0.0,0.0,0.0,0.0,0.0,0.0,0.0,0.0,0.0,0.0,0.0,0.0,0.0,0.0,0.0,0.0,0.0,0.0,0.0,0.0,0.0,0.0,0.0,0.0,0.0,0.0,0.0,0.0,0.0,0.0,J,19
0.0,0.0,0.108696,0.724138,1.043478,1.293103,2.173913,1.413793,2.586957,1.137931,0.413043,1.0,2.0,1.448276,1.695652,1.293103,1.26087,1.103448,0.804348,0.448276,2.282609,1.068966,1.913043,0.982759,1.456522,0.758621,1.130435,0.034483,2.5,0.672414,2.26087,0.793103,1.826087,0.706897,1.413043,-0.189655,2.5,-0.189655,3.130435,-0.293103,3.652174,-0.413793,0,0,0.0,0.0,0.0,0.0,0.0,0.0,0.0,0.0,0.0,0.0,0.0,0.0,0.0,0.0,0.0,0.0,0.0,0.0,0.0,0.0,0.0,0.0,0.0,0.0,0.0,0.0,0.0,0.0,0.0,0.0,0.0,0.0,0.0,0.0,0.0,0.0,0.0,0.0,0.0,0.0,0.0,0.0,J,19
0.0,0.0,0.564516,-0.064516,1.16129,0.225806,1.467742,0.564516,1.580645,0.919355,1.16129,1.0,1.387097,1.241935,1.16129,0.854839,0.967742,0.548387,0.854839,1.145161,1.064516,1.322581,0.822581,0.822581,0.66129,0.467742,0.5,1.225806,0.66129,1.33871,0.5,0.822581,0.387097,0.451613,0.16129,1.306452,0.467742,1.806452,0.66129,2.112903,0.870968,2.387097,0,0,0.0,0.0,0.0,0.0,0.0,0.0,0.0,0.0,0.0,0.0,0.0,0.0,0.0,0.0,0.0,0.0,0.0,0.0,0.0,0.0,0.0,0.0,0.0,0.0,0.0,0.0,0.0,0.0,0.0,0.0,0.0,0.0,0.0,0.0,0.0,0.0,0.0,0.0,0.0,0.0,0.0,0.0,J,20
0.0,0.0,0.590164,-0.016129,1.213115,0.258065,1.540984,0.612903,1.639344,1.0,1.180328,1.0,1.42623,1.274194,1.229508,0.870968,1.016393,0.548387,0.868852,1.145161,1.081967,1.322581,0.852459,0.806452,0.672131,0.451613,0.52459,1.241935,0.704918,1.387097,0.557377,0.870968,0.42623,0.5,0.180328,1.33871,0.459016,1.822581,0.672131,2.129032,0.885246,2.419355,0,0,0.0,0.0,0.0,0.0,0.0,0.0,0.0,0.0,0.0,0.0,0.0,0.0,0.0,0.0,0.0,0.0,0.0,0.0,0.0,0.0,0.0,0.0,0.0,0.0,0.0,0.0,0.0,0.0,0.0,0.0,0.0,0.0,0.0,0.0,0.0,0.0,0.0,0.0,0.0,0.0,0.0,0.0,J,20
0.0,0.0,0.596774,-0.015385,1.193548,0.276923,1.516129,0.6,1.612903,0.969231,1.145161,1.0,1.370968,1.246154,1.177419,0.861538,1.0,0.538462,0.822581,1.107692,1.016129,1.276923,0.822581,0.784615,0.677419,0.430769,0.483871,1.2,0.645161,1.323077,0.532258,0.830769,0.419355,0.461538,0.145161,1.276923,0.403226,1.753846,0.612903,2.046154,0.806452,2.323077,0,0,0.0,0.0,0.0,0.0,0.0,0.0,0.0,0.0,0.0,0.0,0.0,0.0,0.0,0.0,0.0,0.0,0.0,0.0,0.0,0.0,0.0,0.0,0.0,0.0,0.0,0.0,0.0,0.0,0.0,0.0,0.0,0.0,0.0,0.0,0.0,0.0,0.0,0.0,0.0,0.0,0.0,0.0,J,20
0.0,0.0,0.616667,0.0,1.233333,0.287879,1.566667,0.606061,1.65,0.984848,1.116667,1.0,1.383333,1.242424,1.216667,0.848485,1.016667,0.530303,0.8,1.106061,1.033333,1.272727,0.85,0.772727,0.683333,0.424242,0.466667,1.181818,0.666667,1.30303,0.55,0.818182,0.433333,0.469697,0.116667,1.272727,0.383333,1.742424,0.583333,2.045455,0.783333,2.318182,0,0,0.0,0.0,0.0,0.0,0.0,0.0,0.0,0.0,0.0,0.0,0.0,0.0,0.0,0.0,0.0,0.0,0.0,0.0,0.0,0.0,0.0,0.0,0.0,0.0,0.0,0.0,0.0,0.0,0.0,0.0,0.0,0.0,0.0,0.0,0.0,0.0,0.0,0.0,0.0,0.0,0.0,0.0,J,20
0.0,0.0,0.610169,0.0,1.237288,0.298507,1.576271,0.61194,1.677966,0.970149,1.118644,1.0,1.389831,1.253731,1.220339,0.865672,1.050847,0.552239,0.813559,1.104478,1.033898,1.268657,0.864407,0.776119,0.711864,0.447761,0.457627,1.179104,0.661017,1.313433,0.559322,0.80597,0.457627,0.462687,0.118644,1.253731,0.372881,1.731343,0.559322,2.029851,0.762712,2.298507,0,0,0.0,0.0,0.0,0.0,0.0,0.0,0.0,0.0,0.0,0.0,0.0,0.0,0.0,0.0,0.0,0.0,0.0,0.0,0.0,0.0,0.0,0.0,0.0,0.0,0.0,0.0,0.0,0.0,0.0,0.0,0.0,0.0,0.0,0.0,0.0,0.0,0.0,0.0,0.0,0.0,0.0,0.0,J,20
0.0,0.0,0.590164,0.014286,1.196721,0.314286,1.508197,0.614286,1.622951,0.971429,1.065574,1.0,1.327869,1.214286,1.163934,0.842857,1.0,0.542857,0.737705,1.085714,0.967213,1.214286,0.819672,0.742857,0.672131,0.414286,0.409836,1.157143,0.606557,1.242857,0.52459,0.771429,0.442623,0.442857,0.065574,1.2,0.311475,1.657143,0.491803,1.942857,0.655738,2.2,0,0,0.0,0.0,0.0,0.0,0.0,0.0,0.0,0.0,0.0,0.0,0.0,0.0,0.0,0.0,0.0,0.0,0.0,0.0,0.0,0.0,0.0,0.0,0.0,0.0,0.0,0.0,0.0,0.0,0.0,0.0,0.0,0.0,0.0,0.0,0.0,0.0,0.0,0.0,0.0,0.0,0.0,0.0,J,20
0.0,0.0,0.6,0.042254,1.2,0.338028,1.533333,0.647887,1.616667,0.985915,1.033333,1.0,1.316667,1.225352,1.166667,0.84507,1.016667,0.56338,0.716667,1.084507,0.95,1.197183,0.816667,0.732394,0.7,0.422535,0.383333,1.140845,0.6,1.239437,0.55,0.760563,0.466667,0.43662,0.033333,1.183099,0.266667,1.633803,0.45,1.929577,0.616667,2.197183,0,0,0.0,0.0,0.0,0.0,0.0,0.0,0.0,0.0,0.0,0.0,0.0,0.0,0.0,0.0,0.0,0.0,0.0,0.0,0.0,0.0,0.0,0.0,0.0,0.0,0.0,0.0,0.0,0.0,0.0,0.0,0.0,0.0,0.0,0.0,0.0,0.0,0.0,0.0,0.0,0.0,0.0,0.0,J,20
0.0,0.0,0.616667,0.041667,1.233333,0.347222,1.533333,0.652778,1.6,0.986111,1.066667,1.0,1.333333,1.222222,1.183333,0.833333,1.033333,0.555556,0.733333,1.083333,0.983333,1.208333,0.85,0.736111,0.716667,0.416667,0.4,1.125,0.616667,1.222222,0.566667,0.736111,0.5,0.402778,0.066667,1.166667,0.283333,1.625,0.466667,1.902778,0.633333,2.180556,0,0,0.0,0.0,0.0,0.0,0.0,0.0,0.0,0.0,0.0,0.0,0.0,0.0,0.0,0.0,0.0,0.0,0.0,0.0,0.0,0.0,0.0,0.0,0.0,0.0,0.0,0.0,0.0,0.0,0.0,0.0,0.0,0.0,0.0,0.0,0.0,0.0,0.0,0.0,0.0,0.0,0.0,0.0,J,20
0.0,0.0,0.6,0.041667,1.216667,0.361111,1.516667,0.666667,1.6,1.013889,1.05,1.0,1.333333,1.208333,1.166667,0.819444,1.033333,0.527778,0.733333,1.083333,0.983333,1.180556,0.833333,0.708333,0.716667,0.388889,0.4,1.125,0.616667,1.208333,0.566667,0.736111,0.5,0.402778,0.05,1.166667,0.266667,1.625,0.416667,1.916667,0.566667,2.180556,0,0,0.0,0.0,0.0,0.0,0.0,0.0,0.0,0.0,0.0,0.0,0.0,0.0,0.0,0.0,0.0,0.0,0.0,0.0,0.0,0.0,0.0,0.0,0.0,0.0,0.0,0.0,0.0,0.0,0.0,0.0,0.0,0.0,0.0,0.0,0.0,0.0,0.0,0.0,0.0,0.0,0.0,0.0,J,20
0.0,0.0,0.606557,0.090909,1.180328,0.376623,1.47541,0.649351,1.508197,0.961039,1.0,1.0,1.262295,1.142857,1.114754,0.766234,1.0,0.506494,0.672131,1.064935,0.934426,1.090909,0.786885,0.623377,0.688525,0.337662,0.327869,1.090909,0.557377,1.116883,0.540984,0.662338,0.508197,0.350649,0.0,1.103896,0.163934,1.545455,0.295082,1.818182,0.42623,2.064935,0,0,0.0,0.0,0.0,0.0,0.0,0.0,0.0,0.0,0.0,0.0,0.0,0.0,0.0,0.0,0.0,0.0,0.0,0.0,0.0,0.0,0.0,0.0,0.0,0.0,0.0,0.0,0.0,0.0,0.0,0.0,0.0,0.0,0.0,0.0,0.0,0.0,0.0,0.0,0.0,0.0,0.0,0.0,J,20
0.0,0.0,0.590164,0.063291,1.180328,0.367089,1.459016,0.632911,1.508197,0.936709,0.967213,1.0,1.245902,1.126582,1.114754,0.772152,1.0,0.518987,0.622951,1.050633,0.901639,1.063291,0.770492,0.607595,0.672131,0.329114,0.278689,1.063291,0.540984,1.063291,0.540984,0.620253,0.508197,0.329114,-0.032787,1.037975,0.114754,1.468354,0.229508,1.746835,0.377049,2.0,0,0,0.0,0.0,0.0,0.0,0.0,0.0,0.0,0.0,0.0,0.0,0.0,0.0,0.0,0.0,0.0,0.0,0.0,0.0,0.0,0.0,0.0,0.0,0.0,0.0,0.0,0.0,0.0,0.0,0.0,0.0,0.0,0.0,0.0,0.0,0.0,0.0,0.0,0.0,0.0,0.0,0.0,0.0,J,20
0.0,0.0,0.590164,0.085366,1.180328,0.378049,1.47541,0.646341,1.508197,0.926829,0.95082,1.0,1.245902,1.097561,1.131148,0.731707,1.016393,0.5,0.622951,1.060976,0.918033,1.04878,0.803279,0.597561,0.704918,0.329268,0.278689,1.060976,0.57377,1.04878,0.57377,0.609756,0.540984,0.329268,-0.04918,1.02439,0.114754,1.439024,0.229508,1.695122,0.360656,1.926829,0,0,0.0,0.0,0.0,0.0,0.0,0.0,0.0,0.0,0.0,0.0,0.0,0.0,0.0,0.0,0.0,0.0,0.0,0.0,0.0,0.0,0.0,0.0,0.0,0.0,0.0,0.0,0.0,0.0,0.0,0.0,0.0,0.0,0.0,0.0,0.0,0.0,0.0,0.0,0.0,0.0,0.0,0.0,J,20
0.0,0.0,0.590164,0.111111,1.163934,0.388889,1.459016,0.622222,1.491803,0.877778,0.868852,1.0,1.213115,1.055556,1.131148,0.711111,1.016393,0.488889,0.52459,1.033333,0.885246,0.977778,0.803279,0.544444,0.704918,0.311111,0.180328,0.988889,0.52459,0.944444,0.57377,0.544444,0.540984,0.288889,-0.131148,0.922222,0.016393,1.3,0.114754,1.544444,0.245902,1.766667,0,0,0.0,0.0,0.0,0.0,0.0,0.0,0.0,0.0,0.0,0.0,0.0,0.0,0.0,0.0,0.0,0.0,0.0,0.0,0.0,0.0,0.0,0.0,0.0,0.0,0.0,0.0,0.0,0.0,0.0,0.0,0.0,0.0,0.0,0.0,0.0,0.0,0.0,0.0,0.0,0.0,0.0,0.0,J,20
0.0,0.0,0.644068,0.125,1.220339,0.375,1.542373,0.583333,1.576271,0.822917,0.864407,1.0,1.288136,0.989583,1.20339,0.65625,1.067797,0.458333,0.508475,1.020833,0.949153,0.90625,0.847458,0.510417,0.728814,0.291667,0.169492,0.958333,0.59322,0.864583,0.610169,0.489583,0.559322,0.25,-0.135593,0.864583,0.016949,1.197917,0.135593,1.4375,0.271186,1.65625,0,0,0.0,0.0,0.0,0.0,0.0,0.0,0.0,0.0,0.0,0.0,0.0,0.0,0.0,0.0,0.0,0.0,0.0,0.0,0.0,0.0,0.0,0.0,0.0,0.0,0.0,0.0,0.0,0.0,0.0,0.0,0.0,0.0,0.0,0.0,0.0,0.0,0.0,0.0,0.0,0.0,0.0,0.0,J,20
0.0,0.0,0.644068,0.12766,1.220339,0.393617,1.542373,0.617021,1.542373,0.861702,0.813559,1.0,1.220339,1.010638,1.169492,0.680851,1.067797,0.489362,0.474576,1.021277,0.881356,0.914894,0.830508,0.5,0.745763,0.287234,0.118644,0.957447,0.508475,0.904255,0.610169,0.510638,0.610169,0.265957,-0.186441,0.861702,-0.067797,1.202128,0.050847,1.43617,0.186441,1.638298,0,0,0.0,0.0,0.0,0.0,0.0,0.0,0.0,0.0,0.0,0.0,0.0,0.0,0.0,0.0,0.0,0.0,0.0,0.0,0.0,0.0,0.0,0.0,0.0,0.0,0.0,0.0,0.0,0.0,0.0,0.0,0.0,0.0,0.0,0.0,0.0,0.0,0.0,0.0,0.0,0.0,0.0,0.0,J,20
0.0,0.0,0.655172,0.11828,1.275862,0.387097,1.603448,0.612903,1.603448,0.849462,0.827586,1.0,1.275862,1.0,1.189655,0.655914,1.068966,0.473118,0.465517,1.021505,0.948276,0.903226,0.862069,0.494624,0.758621,0.290323,0.12069,0.967742,0.603448,0.892473,0.689655,0.505376,0.672414,0.258065,-0.172414,0.870968,-0.034483,1.215054,0.068966,1.451613,0.206897,1.666667,0,0,0.0,0.0,0.0,0.0,0.0,0.0,0.0,0.0,0.0,0.0,0.0,0.0,0.0,0.0,0.0,0.0,0.0,0.0,0.0,0.0,0.0,0.0,0.0,0.0,0.0,0.0,0.0,0.0,0.0,0.0,0.0,0.0,0.0,0.0,0.0,0.0,0.0,0.0,0.0,0.0,0.0,0.0,J,20
0.0,0.0,0.661017,0.122449,1.20339,0.367347,1.559322,0.55102,1.627119,0.755102,0.779661,1.0,1.254237,0.959184,1.20339,0.622449,1.101695,0.438776,0.423729,1.010204,0.915254,0.846939,0.898305,0.459184,0.830508,0.265306,0.067797,0.908163,0.525424,0.77551,0.644068,0.387755,0.677966,0.163265,-0.220339,0.765306,-0.084746,1.061224,-0.016949,1.285714,0.084746,1.5,0,0,0.0,0.0,0.0,0.0,0.0,0.0,0.0,0.0,0.0,0.0,0.0,0.0,0.0,0.0,0.0,0.0,0.0,0.0,0.0,0.0,0.0,0.0,0.0,0.0,0.0,0.0,0.0,0.0,0.0,0.0,0.0,0.0,0.0,0.0,0.0,0.0,0.0,0.0,0.0,0.0,0.0,0.0,J,20
0.0,0.0,0.736842,0.118812,1.280702,0.326733,1.666667,0.485149,1.754386,0.673267,0.789474,1.0,1.368421,0.881188,1.315789,0.564356,1.175439,0.405941,0.421053,0.990099,1.017544,0.762376,0.982456,0.386139,0.912281,0.217822,0.070175,0.861386,0.614035,0.673267,0.754386,0.29703,0.807018,0.079208,-0.210526,0.683168,-0.070175,0.930693,-0.035088,1.138614,0.035088,1.326733,0,0,0.0,0.0,0.0,0.0,0.0,0.0,0.0,0.0,0.0,0.0,0.0,0.0,0.0,0.0,0.0,0.0,0.0,0.0,0.0,0.0,0.0,0.0,0.0,0.0,0.0,0.0,0.0,0.0,0.0,0.0,0.0,0.0,0.0,0.0,0.0,0.0,0.0,0.0,0.0,0.0,0.0,0.0,J,20
0.0,0.0,0.814815,0.126214,1.388889,0.330097,1.833333,0.475728,1.944444,0.650485,0.814815,1.0,1.481481,0.84466,1.462963,0.553398,1.351852,0.398058,0.444444,0.970874,1.12963,0.718447,1.111111,0.359223,1.037037,0.194175,0.074074,0.825243,0.722222,0.621359,0.888889,0.252427,0.981481,0.038835,-0.185185,0.61165,0.0,0.834951,0.0,1.019417,0.055556,1.203883,0,0,0.0,0.0,0.0,0.0,0.0,0.0,0.0,0.0,0.0,0.0,0.0,0.0,0.0,0.0,0.0,0.0,0.0,0.0,0.0,0.0,0.0,0.0,0.0,0.0,0.0,0.0,0.0,0.0,0.0,0.0,0.0,0.0,0.0,0.0,0.0,0.0,0.0,0.0,0.0,0.0,0.0,0.0,J,20
0.0,0.0,0.9,0.17,1.46,0.33,1.92,0.44,2.24,0.57,0.86,1.0,1.64,0.8,1.66,0.49,1.52,0.33,0.46,0.94,1.3,0.68,1.32,0.32,1.24,0.15,0.1,0.76,0.86,0.54,1.12,0.18,1.24,-0.02,-0.14,0.53,0.0,0.71,0.0,0.88,0.0,1.06,0,0,0.0,0.0,0.0,0.0,0.0,0.0,0.0,0.0,0.0,0.0,0.0,0.0,0.0,0.0,0.0,0.0,0.0,0.0,0.0,0.0,0.0,0.0,0.0,0.0,0.0,0.0,0.0,0.0,0.0,0.0,0.0,0.0,0.0,0.0,0.0,0.0,0.0,0.0,0.0,0.0,0.0,0.0,J,20
0.0,0.0,0.823529,0.173469,1.333333,0.346939,1.803922,0.438776,2.156863,0.540816,0.823529,1.0,1.607843,0.755102,1.588235,0.438776,1.45098,0.285714,0.431373,0.94898,1.27451,0.632653,1.294118,0.27551,1.235294,0.091837,0.078431,0.765306,0.823529,0.510204,1.078431,0.153061,1.196078,-0.040816,-0.176471,0.530612,0.0,0.663265,0.0,0.795918,0.019608,0.928571,0,0,0.0,0.0,0.0,0.0,0.0,0.0,0.0,0.0,0.0,0.0,0.0,0.0,0.0,0.0,0.0,0.0,0.0,0.0,0.0,0.0,0.0,0.0,0.0,0.0,0.0,0.0,0.0,0.0,0.0,0.0,0.0,0.0,0.0,0.0,0.0,0.0,0.0,0.0,0.0,0.0,0.0,0.0,J,20
0.0,0.0,0.803922,0.178947,1.294118,0.368421,1.745098,0.463158,2.156863,0.536842,0.843137,1.0,1.607843,0.715789,1.588235,0.378947,1.490196,0.210526,0.470588,0.947368,1.313725,0.589474,1.333333,0.221053,1.294118,0.042105,0.098039,0.747368,0.843137,0.494737,1.117647,0.136842,1.294118,-0.063158,-0.156863,0.494737,0.0,0.610526,0.0,0.715789,0.039216,0.821053,0,0,0.0,0.0,0.0,0.0,0.0,0.0,0.0,0.0,0.0,0.0,0.0,0.0,0.0,0.0,0.0,0.0,0.0,0.0,0.0,0.0,0.0,0.0,0.0,0.0,0.0,0.0,0.0,0.0,0.0,0.0,0.0,0.0,0.0,0.0,0.0,0.0,0.0,0.0,0.0,0.0,0.0,0.0,J,20
0.0,0.0,0.901961,0.182796,1.411765,0.365591,1.862745,0.473118,2.254902,0.526882,0.941176,1.0,1.72549,0.688172,1.666667,0.344086,1.509804,0.182796,0.54902,0.935484,1.45098,0.55914,1.45098,0.193548,1.372549,0.0,0.176471,0.72043,1.0,0.44086,1.27451,0.086022,1.392157,-0.096774,-0.058824,0.44086,0.078431,0.537634,0.058824,0.645161,0.039216,0.763441,0,0,0.0,0.0,0.0,0.0,0.0,0.0,0.0,0.0,0.0,0.0,0.0,0.0,0.0,0.0,0.0,0.0,0.0,0.0,0.0,0.0,0.0,0.0,0.0,0.0,0.0,0.0,0.0,0.0,0.0,0.0,0.0,0.0,0.0,0.0,0.0,0.0,0.0,0.0,0.0,0.0,0.0,0.0,J,20
0.0,0.0,1.113636,0.175824,1.818182,0.384615,2.340909,0.505495,2.727273,0.527473,1.159091,1.0,2.227273,0.67033,2.159091,0.307692,1.954545,0.175824,0.75,0.934066,1.931818,0.527473,1.886364,0.164835,1.772727,0.032967,0.386364,0.725275,1.5,0.373626,1.636364,0.032967,1.613636,-0.120879,0.159091,0.43956,0.613636,0.450549,0.681818,0.505495,0.681818,0.593407,0,0,0.0,0.0,0.0,0.0,0.0,0.0,0.0,0.0,0.0,0.0,0.0,0.0,0.0,0.0,0.0,0.0,0.0,0.0,0.0,0.0,0.0,0.0,0.0,0.0,0.0,0.0,0.0,0.0,0.0,0.0,0.0,0.0,0.0,0.0,0.0,0.0,0.0,0.0,0.0,0.0,0.0,0.0,J,20
0.0,0.0,1.410256,0.243902,2.153846,0.402439,2.717949,0.47561,3.179487,0.487805,1.410256,1.0,2.717949,0.682927,2.564103,0.365854,2.25641,0.219512,1.0,0.841463,2.384615,0.5,2.230769,0.121951,2.025641,0.02439,0.615385,0.597561,1.897436,0.292683,1.948718,-0.012195,1.769231,-0.158537,0.410256,0.317073,1.025641,0.256098,1.358974,0.280488,1.564103,0.329268,0,0,0.0,0.0,0.0,0.0,0.0,0.0,0.0,0.0,0.0,0.0,0.0,0.0,0.0,0.0,0.0,0.0,0.0,0.0,0.0,0.0,0.0,0.0,0.0,0.0,0.0,0.0,0.0,0.0,0.0,0.0,0.0,0.0,0.0,0.0,0.0,0.0,0.0,0.0,0.0,0.0,0.0,0.0,J,20
0.0,0.0,1.25,0.246753,2.025,0.441558,2.675,0.519481,3.2,0.480519,1.35,1.0,2.65,0.636364,2.55,0.324675,2.3,0.246753,0.925,0.792208,2.4,0.38961,2.325,0.051948,2.15,-0.051948,0.575,0.519481,1.95,0.181818,2.075,-0.116883,2.0,-0.220779,0.35,0.233766,1.125,0.090909,1.35,-0.025974,1.425,-0.103896,0,0,0.0,0.0,0.0,0.0,0.0,0.0,0.0,0.0,0.0,0.0,0.0,0.0,0.0,0.0,0.0,0.0,0.0,0.0,0.0,0.0,0.0,0.0,0.0,0.0,0.0,0.0,0.0,0.0,0.0,0.0,0.0,0.0,0.0,0.0,0.0,0.0,0.0,0.0,0.0,0.0,0.0,0.0,J,20
0.0,0.0,1.054054,0.24,2.0,0.453333,2.837838,0.506667,3.459459,0.493333,1.459459,1.0,2.837838,0.6,2.72973,0.36,2.459459,0.36,1.027027,0.786667,2.648649,0.32,2.486486,0.093333,2.189189,0.106667,0.675676,0.493333,2.189189,0.08,2.216216,-0.146667,2.108108,-0.2,0.459459,0.146667,1.459459,-0.066667,1.891892,-0.213333,2.189189,-0.32,0,0,0.0,0.0,0.0,0.0,0.0,0.0,0.0,0.0,0.0,0.0,0.0,0.0,0.0,0.0,0.0,0.0,0.0,0.0,0.0,0.0,0.0,0.0,0.0,0.0,0.0,0.0,0.0,0.0,0.0,0.0,0.0,0.0,0.0,0.0,0.0,0.0,0.0,0.0,0.0,0.0,0.0,0.0,J,20
0.0,0.0,1.030303,0.333333,2.242424,0.565217,3.30303,0.565217,4.060606,0.507246,1.787879,1.0,3.363636,0.594203,3.181818,0.362319,2.787879,0.376812,1.333333,0.73913,3.151515,0.275362,2.909091,0.057971,2.515152,0.086957,1.0,0.376812,2.727273,0.014493,2.636364,-0.15942,2.363636,-0.188406,0.787879,-0.028986,2.0,-0.217391,2.606061,-0.376812,3.030303,-0.478261,0,0,0.0,0.0,0.0,0.0,0.0,0.0,0.0,0.0,0.0,0.0,0.0,0.0,0.0,0.0,0.0,0.0,0.0,0.0,0.0,0.0,0.0,0.0,0.0,0.0,0.0,0.0,0.0,0.0,0.0,0.0,0.0,0.0,0.0,0.0,0.0,0.0,0.0,0.0,0.0,0.0,0.0,0.0,J,20
0.0,0.0,1.0,0.347222,2.5,0.597222,3.928571,0.638889,4.857143,0.583333,2.142857,1.0,4.142857,0.611111,3.785714,0.388889,3.214286,0.430556,1.678571,0.736111,3.857143,0.305556,3.428571,0.125,2.821429,0.138889,1.392857,0.375,3.464286,0.027778,3.071429,-0.097222,2.5,-0.083333,1.142857,0.0,2.642857,-0.194444,3.392857,-0.333333,4.0,-0.430556,0,0,0.0,0.0,0.0,0.0,0.0,0.0,0.0,0.0,0.0,0.0,0.0,0.0,0.0,0.0,0.0,0.0,0.0,0.0,0.0,0.0,0.0,0.0,0.0,0.0,0.0,0.0,0.0,0.0,0.0,0.0,0.0,0.0,0.0,0.0,0.0,0.0,0.0,0.0,0.0,0.0,0.0,0.0,J,20
0.0,0.0,1.083333,0.388889,2.916667,0.638889,4.583333,0.680556,5.666667,0.625,2.458333,1.0,4.875,0.680556,4.458333,0.430556,3.791667,0.458333,2.0,0.722222,4.541667,0.347222,4.041667,0.166667,3.333333,0.180556,1.666667,0.361111,4.166667,0.069444,3.666667,-0.041667,3.0,-0.013889,1.458333,-0.013889,3.208333,-0.194444,4.125,-0.333333,4.875,-0.402778,0,0,0.0,0.0,0.0,0.0,0.0,0.0,0.0,0.0,0.0,0.0,0.0,0.0,0.0,0.0,0.0,0.0,0.0,0.0,0.0,0.0,0.0,0.0,0.0,0.0,0.0,0.0,0.0,0.0,0.0,0.0,0.0,0.0,0.0,0.0,0.0,0.0,0.0,0.0,0.0,0.0,0.0,0.0,J,20
0.0,0.0,1.692308,0.424658,5.0,0.712329,8.230769,0.780822,10.307692,0.767123,4.384615,1.0,9.0,0.808219,8.384615,0.589041,7.307692,0.60274,3.846154,0.684932,8.769231,0.465753,7.769231,0.30137,6.384615,0.30137,3.538462,0.328767,8.307692,0.164384,7.307692,0.054795,5.923077,0.082192,3.384615,-0.041096,6.923077,-0.123288,8.923077,-0.219178,10.615385,-0.273973,0,0,0.0,0.0,0.0,0.0,0.0,0.0,0.0,0.0,0.0,0.0,0.0,0.0,0.0,0.0,0.0,0.0,0.0,0.0,0.0,0.0,0.0,0.0,0.0,0.0,0.0,0.0,0.0,0.0,0.0,0.0,0.0,0.0,0.0,0.0,0.0,0.0,0.0,0.0,0.0,0.0,0.0,0.0,J,20
0.0,0.0,4.0,0.434211,12.4,0.75,21.0,0.855263,26.4,0.842105,10.6,1.0,23.0,0.907895,22.0,0.684211,19.6,0.631579,10.0,0.697368,22.8,0.565789,20.4,0.368421,17.0,0.355263,9.6,0.328947,22.0,0.263158,19.6,0.118421,16.0,0.092105,9.6,-0.026316,19.0,-0.065789,24.4,-0.118421,29.0,-0.131579,0,0,0.0,0.0,0.0,0.0,0.0,0.0,0.0,0.0,0.0,0.0,0.0,0.0,0.0,0.0,0.0,0.0,0.0,0.0,0.0,0.0,0.0,0.0,0.0,0.0,0.0,0.0,0.0,0.0,0.0,0.0,0.0,0.0,0.0,0.0,0.0,0.0,0.0,0.0,0.0,0.0,0.0,0.0,J,20
0.0,0.0,18.0,0.435897,56.0,0.794872,96.0,0.910256,124.0,0.871795,50.0,1.0,114.0,0.961538,110.0,0.717949,97.0,0.666667,47.0,0.692308,113.0,0.615385,102.0,0.423077,84.0,0.397436,47.0,0.346154,110.0,0.333333,97.0,0.179487,79.0,0.153846,49.0,0.0,97.0,0.025641,125.0,0.0,149.0,0.025641,0,0,0.0,0.0,0.0,0.0,0.0,0.0,0.0,0.0,0.0,0.0,0.0,0.0,0.0,0.0,0.0,0.0,0.0,0.0,0.0,0.0,0.0,0.0,0.0,0.0,0.0,0.0,0.0,0.0,0.0,0.0,0.0,0.0,0.0,0.0,0.0,0.0,0.0,0.0,0.0,0.0,0.0,0.0,J,20
0.0,0.0,2.666667,0.423529,8.5,0.776471,15.0,0.882353,19.333333,0.858824,7.5,1.0,18.166667,1.0,17.333333,0.776471,15.166667,0.729412,7.166667,0.717647,18.166667,0.694118,16.833333,0.505882,14.0,0.458824,7.666667,0.388235,17.833333,0.435294,16.5,0.282353,13.666667,0.223529,8.5,0.082353,16.5,0.176471,21.333333,0.188235,25.166667,0.211765,0,0,0.0,0.0,0.0,0.0,0.0,0.0,0.0,0.0,0.0,0.0,0.0,0.0,0.0,0.0,0.0,0.0,0.0,0.0,0.0,0.0,0.0,0.0,0.0,0.0,0.0,0.0,0.0,0.0,0.0,0.0,0.0,0.0,0.0,0.0,0.0,0.0,0.0,0.0,0.0,0.0,0.0,0.0,J,20
0.0,0.0,0.55,0.423913,1.85,0.804348,3.45,0.956522,4.65,0.902174,1.8,1.0,4.85,1.086957,4.7,0.891304,4.0,0.826087,1.9,0.75,5.15,0.815217,4.7,0.630435,3.9,0.586957,2.3,0.467391,5.25,0.576087,4.8,0.434783,4.0,0.380435,2.8,0.195652,5.2,0.380435,6.55,0.456522,7.7,0.532609,0,0,0.0,0.0,0.0,0.0,0.0,0.0,0.0,0.0,0.0,0.0,0.0,0.0,0.0,0.0,0.0,0.0,0.0,0.0,0.0,0.0,0.0,0.0,0.0,0.0,0.0,0.0,0.0,0.0,0.0,0.0,0.0,0.0,0.0,0.0,0.0,0.0,0.0,0.0,0.0,0.0,0.0,0.0,J,20
0.0,0.0,0.333333,0.40625,1.222222,0.78125,2.444444,0.916667,3.333333,0.854167,1.148148,1.0,3.444444,1.125,3.37037,0.927083,2.888889,0.854167,1.37037,0.760417,3.703704,0.854167,3.444444,0.666667,2.851852,0.604167,1.740741,0.489583,3.814815,0.635417,3.555556,0.479167,2.962963,0.416667,2.148148,0.239583,3.814815,0.447917,4.851852,0.541667,5.703704,0.635417,0,0,0.0,0.0,0.0,0.0,0.0,0.0,0.0,0.0,0.0,0.0,0.0,0.0,0.0,0.0,0.0,0.0,0.0,0.0,0.0,0.0,0.0,0.0,0.0,0.0,0.0,0.0,0.0,0.0,0.0,0.0,0.0,0.0,0.0,0.0,0.0,0.0,0.0,0.0,0.0,0.0,0.0,0.0,J,20
0.0,0.0,0.162162,0.405941,0.702703,0.782178,1.540541,0.930693,2.189189,0.891089,0.648649,1.0,2.27027,1.168317,2.27027,0.970297,1.918919,0.881188,0.891892,0.782178,2.567568,0.920792,2.432432,0.722772,2.027027,0.653465,1.243243,0.534653,2.702703,0.712871,2.567568,0.564356,2.162162,0.49505,1.648649,0.316832,2.810811,0.564356,3.486486,0.673267,4.027027,0.792079,0,0,0.0,0.0,0.0,0.0,0.0,0.0,0.0,0.0,0.0,0.0,0.0,0.0,0.0,0.0,0.0,0.0,0.0,0.0,0.0,0.0,0.0,0.0,0.0,0.0,0.0,0.0,0.0,0.0,0.0,0.0,0.0,0.0,0.0,0.0,0.0,0.0,0.0,0.0,0.0,0.0,0.0,0.0,J,20
0.0,0.0,0.1,0.41,0.5,0.8,1.2,0.97,1.8,0.94,0.45,1.0,1.925,1.21,1.925,1.02,1.625,0.93,0.7,0.78,2.225,0.97,2.125,0.78,1.775,0.7,1.075,0.55,2.425,0.76,2.3,0.62,1.925,0.55,1.45,0.34,2.525,0.62,3.125,0.74,3.6,0.87,0,0,0.0,0.0,0.0,0.0,0.0,0.0,0.0,0.0,0.0,0.0,0.0,0.0,0.0,0.0,0.0,0.0,0.0,0.0,0.0,0.0,0.0,0.0,0.0,0.0,0.0,0.0,0.0,0.0,0.0,0.0,0.0,0.0,0.0,0.0,0.0,0.0,0.0,0.0,0.0,0.0,0.0,0.0,J,20
0.0,0.0,0.021739,0.40404,0.326087,0.808081,0.934783,1.0,1.456522,0.979798,0.26087,1.0,1.478261,1.232323,1.5,1.060606,1.23913,0.969697,0.521739,0.787879,1.782609,1.0,1.717391,0.818182,1.434783,0.737374,0.891304,0.555556,2.0,0.79798,1.913043,0.666667,1.630435,0.575758,1.26087,0.353535,2.108696,0.666667,2.652174,0.79798,3.065217,0.919192,0,0,0.0,0.0,0.0,0.0,0.0,0.0,0.0,0.0,0.0,0.0,0.0,0.0,0.0,0.0,0.0,0.0,0.0,0.0,0.0,0.0,0.0,0.0,0.0,0.0,0.0,0.0,0.0,0.0,0.0,0.0,0.0,0.0,0.0,0.0,0.0,0.0,0.0,0.0,0.0,0.0,0.0,0.0,J,20
0.0,0.0,-0.040816,0.39,0.183673,0.81,0.693878,1.05,1.163265,1.08,0.163265,1.0,1.285714,1.24,1.306122,1.06,1.040816,0.97,0.469388,0.79,1.591837,1.02,1.530612,0.83,1.265306,0.75,0.816327,0.57,1.816327,0.82,1.734694,0.68,1.44898,0.59,1.163265,0.38,1.959184,0.69,2.469388,0.84,2.857143,0.99,0,0,0.0,0.0,0.0,0.0,0.0,0.0,0.0,0.0,0.0,0.0,0.0,0.0,0.0,0.0,0.0,0.0,0.0,0.0,0.0,0.0,0.0,0.0,0.0,0.0,0.0,0.0,0.0,0.0,0.0,0.0,0.0,0.0,0.0,0.0,0.0,0.0,0.0,0.0,0.0,0.0,0.0,0.0,J,20
0.0,0.0,-0.113208,0.397959,0.0,0.857143,0.377358,1.163265,0.792453,1.265306,0.09434,1.0,1.09434,1.27551,1.09434,1.102041,0.830189,1.0,0.396226,0.816327,1.377358,1.071429,1.301887,0.897959,1.056604,0.806122,0.754717,0.622449,1.566038,0.897959,1.509434,0.755102,1.264151,0.663265,1.09434,0.44898,1.773585,0.77551,2.188679,0.928571,2.509434,1.081633,0,0,0.0,0.0,0.0,0.0,0.0,0.0,0.0,0.0,0.0,0.0,0.0,0.0,0.0,0.0,0.0,0.0,0.0,0.0,0.0,0.0,0.0,0.0,0.0,0.0,0.0,0.0,0.0,0.0,0.0,0.0,0.0,0.0,0.0,0.0,0.0,0.0,0.0,0.0,0.0,0.0,0.0,0.0,J,20
0.0,0.0,-0.148148,0.383838,-0.111111,0.828283,0.203704,1.151515,0.574074,1.282828,0.055556,1.0,0.981481,1.272727,0.962963,1.10101,0.703704,0.989899,0.37037,0.818182,1.259259,1.090909,1.203704,0.919192,0.944444,0.818182,0.703704,0.636364,1.444444,0.919192,1.388889,0.777778,1.148148,0.686869,1.055556,0.454545,1.666667,0.808081,2.037037,0.989899,2.333333,1.161616,0,0,0.0,0.0,0.0,0.0,0.0,0.0,0.0,0.0,0.0,0.0,0.0,0.0,0.0,0.0,0.0,0.0,0.0,0.0,0.0,0.0,0.0,0.0,0.0,0.0,0.0,0.0,0.0,0.0,0.0,0.0,0.0,0.0,0.0,0.0,0.0,0.0,0.0,0.0,0.0,0.0,0.0,0.0,J,20
0.0,0.0,-0.192982,0.38,-0.22807,0.81,0.0,1.14,0.298246,1.29,-0.017544,1.0,0.842105,1.27,0.824561,1.1,0.578947,0.98,0.298246,0.83,1.105263,1.09,1.070175,0.92,0.824561,0.82,0.649123,0.64,1.315789,0.92,1.280702,0.79,1.052632,0.7,0.982456,0.47,1.526316,0.83,1.877193,1.02,2.140351,1.19,0,0,0.0,0.0,0.0,0.0,0.0,0.0,0.0,0.0,0.0,0.0,0.0,0.0,0.0,0.0,0.0,0.0,0.0,0.0,0.0,0.0,0.0,0.0,0.0,0.0,0.0,0.0,0.0,0.0,0.0,0.0,0.0,0.0,0.0,0.0,0.0,0.0,0.0,0.0,0.0,0.0,0.0,0.0,J,20
0.0,0.0,-0.206897,0.383838,-0.241379,0.808081,-0.017241,1.131313,0.275862,1.272727,-0.034483,1.0,0.793103,1.272727,0.793103,1.10101,0.551724,0.979798,0.293103,0.828283,1.068966,1.10101,1.034483,0.929293,0.810345,0.828283,0.637931,0.646465,1.275862,0.929293,1.258621,0.79798,1.051724,0.69697,0.965517,0.474747,1.5,0.838384,1.844828,1.030303,2.086207,1.212121,0,0,0.0,0.0,0.0,0.0,0.0,0.0,0.0,0.0,0.0,0.0,0.0,0.0,0.0,0.0,0.0,0.0,0.0,0.0,0.0,0.0,0.0,0.0,0.0,0.0,0.0,0.0,0.0,0.0,0.0,0.0,0.0,0.0,0.0,0.0,0.0,0.0,0.0,0.0,0.0,0.0,0.0,0.0,J,20
0.0,0.0,-0.258065,0.381443,-0.370968,0.804124,-0.225806,1.14433,0.096774,1.28866,-0.112903,1.0,0.596774,1.309278,0.564516,1.14433,0.33871,1.020619,0.241935,0.845361,0.887097,1.14433,0.83871,0.979381,0.629032,0.876289,0.580645,0.670103,1.112903,0.989691,1.080645,0.865979,0.870968,0.752577,0.887097,0.515464,1.354839,0.896907,1.645161,1.103093,1.870968,1.28866,0,0,0.0,0.0,0.0,0.0,0.0,0.0,0.0,0.0,0.0,0.0,0.0,0.0,0.0,0.0,0.0,0.0,0.0,0.0,0.0,0.0,0.0,0.0,0.0,0.0,0.0,0.0,0.0,0.0,0.0,0.0,0.0,0.0,0.0,0.0,0.0,0.0,0.0,0.0,0.0,0.0,0.0,0.0,J,20
0.0,0.0,-0.296875,0.367347,-0.46875,0.795918,-0.34375,1.132653,-0.0625,1.27551,-0.15625,1.0,0.53125,1.295918,0.484375,1.142857,0.265625,1.010204,0.1875,0.846939,0.796875,1.142857,0.734375,0.979592,0.53125,0.867347,0.53125,0.693878,1.03125,0.989796,0.96875,0.857143,0.78125,0.744898,0.84375,0.540816,1.28125,0.918367,1.5625,1.122449,1.78125,1.306122,0,0,0.0,0.0,0.0,0.0,0.0,0.0,0.0,0.0,0.0,0.0,0.0,0.0,0.0,0.0,0.0,0.0,0.0,0.0,0.0,0.0,0.0,0.0,0.0,0.0,0.0,0.0,0.0,0.0,0.0,0.0,0.0,0.0,0.0,0.0,0.0,0.0,0.0,0.0,0.0,0.0,0.0,0.0,J,20
0.0,0.0,-0.292308,0.373737,-0.461538,0.777778,-0.323077,1.121212,-0.076923,1.272727,-0.153846,1.0,0.523077,1.292929,0.476923,1.141414,0.276923,1.0,0.2,0.858586,0.784615,1.151515,0.738462,0.989899,0.569231,0.868687,0.538462,0.707071,1.030769,1.010101,0.969231,0.878788,0.8,0.757576,0.846154,0.545455,1.261538,0.939394,1.538462,1.151515,1.753846,1.323232,0,0,0.0,0.0,0.0,0.0,0.0,0.0,0.0,0.0,0.0,0.0,0.0,0.0,0.0,0.0,0.0,0.0,0.0,0.0,0.0,0.0,0.0,0.0,0.0,0.0,0.0,0.0,0.0,0.0,0.0,0.0,0.0,0.0,0.0,0.0,0.0,0.0,0.0,0.0,0.0,0.0,0.0,0.0,J,20
0.0,0.0,-0.298507,0.373737,-0.462687,0.777778,-0.328358,1.121212,-0.059701,1.262626,-0.164179,1.0,0.477612,1.292929,0.447761,1.151515,0.238806,1.010101,0.19403,0.868687,0.746269,1.161616,0.701493,1.0,0.537313,0.878788,0.537313,0.717172,0.985075,1.020202,0.925373,0.888889,0.761194,0.767677,0.835821,0.565657,1.223881,0.949495,1.492537,1.161616,1.686567,1.343434,0,0,0.0,0.0,0.0,0.0,0.0,0.0,0.0,0.0,0.0,0.0,0.0,0.0,0.0,0.0,0.0,0.0,0.0,0.0,0.0,0.0,0.0,0.0,0.0,0.0,0.0,0.0,0.0,0.0,0.0,0.0,0.0,0.0,0.0,0.0,0.0,0.0,0.0,0.0,0.0,0.0,0.0,0.0,J,20
0.0,0.0,-0.338235,0.357143,-0.544118,0.744898,-0.426471,1.102041,-0.147059,1.255102,-0.205882,1.0,0.397059,1.326531,0.367647,1.173469,0.176471,1.030612,0.161765,0.877551,0.661765,1.193878,0.617647,1.030612,0.470588,0.897959,0.5,0.734694,0.897059,1.05102,0.852941,0.918367,0.691176,0.795918,0.794118,0.591837,1.176471,0.979592,1.411765,1.193878,1.602941,1.377551,0,0,0.0,0.0,0.0,0.0,0.0,0.0,0.0,0.0,0.0,0.0,0.0,0.0,0.0,0.0,0.0,0.0,0.0,0.0,0.0,0.0,0.0,0.0,0.0,0.0,0.0,0.0,0.0,0.0,0.0,0.0,0.0,0.0,0.0,0.0,0.0,0.0,0.0,0.0,0.0,0.0,0.0,0.0,J,20
0.0,0.0,-0.347826,0.36,-0.565217,0.76,-0.434783,1.13,-0.115942,1.29,-0.202899,1.0,0.362319,1.33,0.333333,1.17,0.15942,1.03,0.15942,0.89,0.637681,1.21,0.594203,1.04,0.434783,0.91,0.492754,0.75,0.869565,1.07,0.826087,0.93,0.666667,0.79,0.797101,0.61,1.144928,1.0,1.376812,1.22,1.565217,1.41,0,0,0.0,0.0,0.0,0.0,0.0,0.0,0.0,0.0,0.0,0.0,0.0,0.0,0.0,0.0,0.0,0.0,0.0,0.0,0.0,0.0,0.0,0.0,0.0,0.0,0.0,0.0,0.0,0.0,0.0,0.0,0.0,0.0,0.0,0.0,0.0,0.0,0.0,0.0,0.0,0.0,0.0,0.0,J,20
0.0,0.0,-0.371429,0.363636,-0.6,0.747475,-0.485714,1.111111,-0.185714,1.272727,-0.242857,1.0,0.285714,1.343434,0.271429,1.191919,0.114286,1.040404,0.128571,0.89899,0.557143,1.222222,0.528571,1.060606,0.4,0.929293,0.457143,0.777778,0.8,1.080808,0.757143,0.959596,0.614286,0.828283,0.757143,0.636364,1.085714,1.030303,1.314286,1.242424,1.471429,1.434343,0,0,0.0,0.0,0.0,0.0,0.0,0.0,0.0,0.0,0.0,0.0,0.0,0.0,0.0,0.0,0.0,0.0,0.0,0.0,0.0,0.0,0.0,0.0,0.0,0.0,0.0,0.0,0.0,0.0,0.0,0.0,0.0,0.0,0.0,0.0,0.0,0.0,0.0,0.0,0.0,0.0,0.0,0.0,J,20
0.0,0.0,-0.410959,0.346939,-0.657534,0.734694,-0.561644,1.112245,-0.30137,1.306122,-0.30137,1.0,0.178082,1.387755,0.150685,1.22449,0.0,1.061224,0.068493,0.918367,0.452055,1.27551,0.424658,1.112245,0.315068,0.969388,0.410959,0.806122,0.684932,1.153061,0.657534,1.030612,0.547945,0.877551,0.69863,0.693878,0.958904,1.112245,1.150685,1.346939,1.287671,1.540816,0,0,0.0,0.0,0.0,0.0,0.0,0.0,0.0,0.0,0.0,0.0,0.0,0.0,0.0,0.0,0.0,0.0,0.0,0.0,0.0,0.0,0.0,0.0,0.0,0.0,0.0,0.0,0.0,0.0,0.0,0.0,0.0,0.0,0.0,0.0,0.0,0.0,0.0,0.0,0.0,0.0,0.0,0.0,J,20
0.0,0.0,-0.391892,0.35,-0.648649,0.73,-0.567568,1.1,-0.310811,1.29,-0.324324,1.0,0.148649,1.36,0.135135,1.21,0.0,1.05,0.040541,0.92,0.418919,1.25,0.405405,1.09,0.297297,0.95,0.378378,0.8,0.662162,1.13,0.635135,1.01,0.527027,0.86,0.675676,0.69,0.945946,1.09,1.135135,1.32,1.27027,1.51,0,0,0.0,0.0,0.0,0.0,0.0,0.0,0.0,0.0,0.0,0.0,0.0,0.0,0.0,0.0,0.0,0.0,0.0,0.0,0.0,0.0,0.0,0.0,0.0,0.0,0.0,0.0,0.0,0.0,0.0,0.0,0.0,0.0,0.0,0.0,0.0,0.0,0.0,0.0,0.0,0.0,0.0,0.0,J,20
0.0,0.0,-0.418919,0.346939,-0.675676,0.734694,-0.594595,1.122449,-0.337838,1.316327,-0.337838,1.0,0.081081,1.387755,0.054054,1.244898,-0.081081,1.071429,0.040541,0.938776,0.351351,1.295918,0.324324,1.142857,0.243243,1.0,0.364865,0.836735,0.594595,1.183673,0.567568,1.061224,0.486486,0.918367,0.662162,0.72449,0.891892,1.142857,1.040541,1.387755,1.148649,1.581633,0,0,0.0,0.0,0.0,0.0,0.0,0.0,0.0,0.0,0.0,0.0,0.0,0.0,0.0,0.0,0.0,0.0,0.0,0.0,0.0,0.0,0.0,0.0,0.0,0.0,0.0,0.0,0.0,0.0,0.0,0.0,0.0,0.0,0.0,0.0,0.0,0.0,0.0,0.0,0.0,0.0,0.0,0.0,J,20
0.0,0.0,-0.432432,0.326531,-0.702703,0.72449,-0.635135,1.122449,-0.351351,1.306122,-0.337838,1.0,0.054054,1.377551,0.027027,1.234694,-0.108108,1.071429,0.027027,0.928571,0.324324,1.285714,0.297297,1.142857,0.216216,0.989796,0.364865,0.826531,0.567568,1.173469,0.527027,1.061224,0.445946,0.908163,0.662162,0.72449,0.864865,1.142857,1.013514,1.387755,1.121622,1.591837,0,0,0.0,0.0,0.0,0.0,0.0,0.0,0.0,0.0,0.0,0.0,0.0,0.0,0.0,0.0,0.0,0.0,0.0,0.0,0.0,0.0,0.0,0.0,0.0,0.0,0.0,0.0,0.0,0.0,0.0,0.0,0.0,0.0,0.0,0.0,0.0,0.0,0.0,0.0,0.0,0.0,0.0,0.0,J,20
0.0,0.0,-0.458333,0.340206,-0.75,0.721649,-0.694444,1.123711,-0.402778,1.309278,-0.347222,1.0,0.027778,1.402062,-0.013889,1.257732,-0.138889,1.082474,0.027778,0.938144,0.305556,1.309278,0.263889,1.164948,0.180556,1.010309,0.375,0.845361,0.541667,1.195876,0.5,1.082474,0.416667,0.927835,0.652778,0.742268,0.875,1.164948,1.013889,1.412371,1.111111,1.618557,0,0,0.0,0.0,0.0,0.0,0.0,0.0,0.0,0.0,0.0,0.0,0.0,0.0,0.0,0.0,0.0,0.0,0.0,0.0,0.0,0.0,0.0,0.0,0.0,0.0,0.0,0.0,0.0,0.0,0.0,0.0,0.0,0.0,0.0,0.0,0.0,0.0,0.0,0.0,0.0,0.0,0.0,0.0,J,20
0.0,0.0,-0.452055,0.333333,-0.767123,0.708333,-0.712329,1.114583,-0.410959,1.3125,-0.356164,1.0,-0.013699,1.40625,-0.054795,1.260417,-0.164384,1.083333,0.027397,0.947917,0.273973,1.333333,0.219178,1.177083,0.150685,1.020833,0.356164,0.864583,0.506849,1.229167,0.465753,1.104167,0.39726,0.947917,0.643836,0.770833,0.835616,1.197917,0.958904,1.447917,1.041096,1.65625,0,0,0.0,0.0,0.0,0.0,0.0,0.0,0.0,0.0,0.0,0.0,0.0,0.0,0.0,0.0,0.0,0.0,0.0,0.0,0.0,0.0,0.0,0.0,0.0,0.0,0.0,0.0,0.0,0.0,0.0,0.0,0.0,0.0,0.0,0.0,0.0,0.0,0.0,0.0,0.0,0.0,0.0,0.0,J,20
0.0,0.0,-0.479452,0.326316,-0.794521,0.705263,-0.739726,1.115789,-0.424658,1.294737,-0.369863,1.0,-0.041096,1.421053,-0.082192,1.263158,-0.191781,1.094737,0.013699,0.947368,0.246575,1.336842,0.191781,1.189474,0.123288,1.031579,0.342466,0.863158,0.479452,1.231579,0.438356,1.115789,0.369863,0.968421,0.630137,0.768421,0.821918,1.2,0.931507,1.452632,1.027397,1.663158,0,0,0.0,0.0,0.0,0.0,0.0,0.0,0.0,0.0,0.0,0.0,0.0,0.0,0.0,0.0,0.0,0.0,0.0,0.0,0.0,0.0,0.0,0.0,0.0,0.0,0.0,0.0,0.0,0.0,0.0,0.0,0.0,0.0,0.0,0.0,0.0,0.0,0.0,0.0,0.0,0.0,0.0,0.0,J,20
0.0,0.0,-0.479452,0.315789,-0.808219,0.684211,-0.767123,1.094737,-0.465753,1.284211,-0.369863,1.0,-0.054795,1.410526,-0.123288,1.263158,-0.219178,1.094737,0.013699,0.957895,0.232877,1.336842,0.164384,1.2,0.09589,1.031579,0.342466,0.873684,0.465753,1.242105,0.424658,1.126316,0.369863,0.968421,0.630137,0.778947,0.821918,1.221053,0.931507,1.473684,1.013699,1.673684,0,0,0.0,0.0,0.0,0.0,0.0,0.0,0.0,0.0,0.0,0.0,0.0,0.0,0.0,0.0,0.0,0.0,0.0,0.0,0.0,0.0,0.0,0.0,0.0,0.0,0.0,0.0,0.0,0.0,0.0,0.0,0.0,0.0,0.0,0.0,0.0,0.0,0.0,0.0,0.0,0.0,0.0,0.0,J,20
0.0,0.0,-0.472973,0.315789,-0.797297,0.684211,-0.77027,1.094737,-0.472973,1.284211,-0.378378,1.0,-0.067568,1.421053,-0.108108,1.263158,-0.202703,1.094737,0.0,0.957895,0.216216,1.336842,0.162162,1.189474,0.094595,1.031579,0.337838,0.863158,0.459459,1.231579,0.418919,1.115789,0.351351,0.957895,0.621622,0.768421,0.797297,1.210526,0.891892,1.473684,0.972973,1.684211,0,0,0.0,0.0,0.0,0.0,0.0,0.0,0.0,0.0,0.0,0.0,0.0,0.0,0.0,0.0,0.0,0.0,0.0,0.0,0.0,0.0,0.0,0.0,0.0,0.0,0.0,0.0,0.0,0.0,0.0,0.0,0.0,0.0,0.0,0.0,0.0,0.0,0.0,0.0,0.0,0.0,0.0,0.0,J,20
0.0,0.0,-0.486486,0.315789,-0.824324,0.673684,-0.797297,1.084211,-0.513514,1.273684,-0.378378,1.0,-0.081081,1.431579,-0.121622,1.273684,-0.216216,1.094737,0.0,0.947368,0.202703,1.336842,0.162162,1.189474,0.094595,1.042105,0.324324,0.863158,0.445946,1.231579,0.405405,1.115789,0.351351,0.957895,0.621622,0.768421,0.77027,1.221053,0.864865,1.494737,0.945946,1.705263,0,0,0.0,0.0,0.0,0.0,0.0,0.0,0.0,0.0,0.0,0.0,0.0,0.0,0.0,0.0,0.0,0.0,0.0,0.0,0.0,0.0,0.0,0.0,0.0,0.0,0.0,0.0,0.0,0.0,0.0,0.0,0.0,0.0,0.0,0.0,0.0,0.0,0.0,0.0,0.0,0.0,0.0,0.0,J,20
0.0,0.0,-0.479452,0.311828,-0.821918,0.688172,-0.808219,1.096774,-0.506849,1.290323,-0.383562,1.0,-0.09589,1.451613,-0.150685,1.290323,-0.232877,1.096774,0.0,0.956989,0.191781,1.365591,0.136986,1.215054,0.082192,1.053763,0.328767,0.870968,0.438356,1.268817,0.39726,1.150538,0.356164,0.978495,0.616438,0.774194,0.767123,1.247312,0.863014,1.516129,0.945205,1.741935,0,0,0.0,0.0,0.0,0.0,0.0,0.0,0.0,0.0,0.0,0.0,0.0,0.0,0.0,0.0,0.0,0.0,0.0,0.0,0.0,0.0,0.0,0.0,0.0,0.0,0.0,0.0,0.0,0.0,0.0,0.0,0.0,0.0,0.0,0.0,0.0,0.0,0.0,0.0,0.0,0.0,0.0,0.0,J,20
0.0,0.0,-0.486486,0.308511,-0.824324,0.691489,-0.783784,1.106383,-0.486486,1.308511,-0.391892,1.0,-0.094595,1.43617,-0.135135,1.276596,-0.22973,1.095745,-0.013514,0.957447,0.189189,1.361702,0.148649,1.212766,0.081081,1.042553,0.324324,0.87234,0.432432,1.255319,0.391892,1.138298,0.337838,0.968085,0.608108,0.787234,0.77027,1.244681,0.864865,1.510638,0.932432,1.744681,0,0,0.0,0.0,0.0,0.0,0.0,0.0,0.0,0.0,0.0,0.0,0.0,0.0,0.0,0.0,0.0,0.0,0.0,0.0,0.0,0.0,0.0,0.0,0.0,0.0,0.0,0.0,0.0,0.0,0.0,0.0,0.0,0.0,0.0,0.0,0.0,0.0,0.0,0.0,0.0,0.0,0.0,0.0,J,20
0.0,0.0,-0.472973,0.305263,-0.810811,0.694737,-0.783784,1.105263,-0.5,1.315789,-0.391892,1.0,-0.094595,1.431579,-0.148649,1.284211,-0.22973,1.105263,-0.013514,0.947368,0.189189,1.357895,0.135135,1.210526,0.081081,1.052632,0.310811,0.873684,0.432432,1.252632,0.391892,1.136842,0.337838,0.968421,0.608108,0.778947,0.756757,1.231579,0.837838,1.505263,0.918919,1.726316,0,0,0.0,0.0,0.0,0.0,0.0,0.0,0.0,0.0,0.0,0.0,0.0,0.0,0.0,0.0,0.0,0.0,0.0,0.0,0.0,0.0,0.0,0.0,0.0,0.0,0.0,0.0,0.0,0.0,0.0,0.0,0.0,0.0,0.0,0.0,0.0,0.0,0.0,0.0,0.0,0.0,0.0,0.0,J,20
0.0,0.0,-0.493151,0.305263,-0.821918,0.684211,-0.794521,1.094737,-0.520548,1.294737,-0.383562,1.0,-0.09589,1.431579,-0.150685,1.273684,-0.232877,1.105263,0.0,0.947368,0.191781,1.347368,0.123288,1.210526,0.068493,1.042105,0.328767,0.873684,0.424658,1.252632,0.383562,1.136842,0.328767,0.978947,0.616438,0.778947,0.767123,1.231579,0.863014,1.505263,0.945205,1.726316,0,0,0.0,0.0,0.0,0.0,0.0,0.0,0.0,0.0,0.0,0.0,0.0,0.0,0.0,0.0,0.0,0.0,0.0,0.0,0.0,0.0,0.0,0.0,0.0,0.0,0.0,0.0,0.0,0.0,0.0,0.0,0.0,0.0,0.0,0.0,0.0,0.0,0.0,0.0,0.0,0.0,0.0,0.0,J,20
0.0,0.0,-0.472973,0.3125,-0.810811,0.677083,-0.797297,1.083333,-0.513514,1.291667,-0.391892,1.0,-0.081081,1.427083,-0.135135,1.260417,-0.22973,1.09375,-0.013514,0.958333,0.189189,1.34375,0.148649,1.197917,0.094595,1.03125,0.324324,0.875,0.432432,1.239583,0.391892,1.114583,0.337838,0.958333,0.608108,0.78125,0.756757,1.229167,0.851351,1.5,0.918919,1.71875,0,0,0.0,0.0,0.0,0.0,0.0,0.0,0.0,0.0,0.0,0.0,0.0,0.0,0.0,0.0,0.0,0.0,0.0,0.0,0.0,0.0,0.0,0.0,0.0,0.0,0.0,0.0,0.0,0.0,0.0,0.0,0.0,0.0,0.0,0.0,0.0,0.0,0.0,0.0,0.0,0.0,0.0,0.0,J,20
0.0,0.0,-0.486486,0.305263,-0.824324,0.673684,-0.810811,1.084211,-0.527027,1.284211,-0.391892,1.0,-0.081081,1.421053,-0.121622,1.263158,-0.216216,1.084211,-0.013514,0.957895,0.189189,1.336842,0.162162,1.189474,0.094595,1.021053,0.310811,0.873684,0.432432,1.242105,0.405405,1.115789,0.351351,0.957895,0.608108,0.778947,0.756757,1.231579,0.851351,1.494737,0.918919,1.715789,0,0,0.0,0.0,0.0,0.0,0.0,0.0,0.0,0.0,0.0,0.0,0.0,0.0,0.0,0.0,0.0,0.0,0.0,0.0,0.0,0.0,0.0,0.0,0.0,0.0,0.0,0.0,0.0,0.0,0.0,0.0,0.0,0.0,0.0,0.0,0.0,0.0,0.0,0.0,0.0,0.0,0.0,0.0,J,20
0.0,0.0,-0.472973,0.3125,-0.810811,0.677083,-0.783784,1.09375,-0.5,1.291667,-0.391892,1.0,-0.081081,1.416667,-0.121622,1.270833,-0.216216,1.09375,-0.013514,0.958333,0.189189,1.34375,0.148649,1.1875,0.094595,1.03125,0.324324,0.875,0.432432,1.239583,0.391892,1.125,0.337838,0.958333,0.608108,0.791667,0.756757,1.229167,0.851351,1.489583,0.918919,1.697917,0,0,0.0,0.0,0.0,0.0,0.0,0.0,0.0,0.0,0.0,0.0,0.0,0.0,0.0,0.0,0.0,0.0,0.0,0.0,0.0,0.0,0.0,0.0,0.0,0.0,0.0,0.0,0.0,0.0,0.0,0.0,0.0,0.0,0.0,0.0,0.0,0.0,0.0,0.0,0.0,0.0,0.0,0.0,J,20
0.0,0.0,-0.459459,0.315789,-0.810811,0.684211,-0.783784,1.084211,-0.513514,1.294737,-0.391892,1.0,-0.081081,1.421053,-0.108108,1.263158,-0.202703,1.094737,-0.013514,0.957895,0.202703,1.336842,0.175676,1.189474,0.108108,1.021053,0.324324,0.873684,0.445946,1.252632,0.418919,1.126316,0.364865,0.968421,0.608108,0.778947,0.77027,1.231579,0.851351,1.494737,0.932432,1.715789,0,0,0.0,0.0,0.0,0.0,0.0,0.0,0.0,0.0,0.0,0.0,0.0,0.0,0.0,0.0,0.0,0.0,0.0,0.0,0.0,0.0,0.0,0.0,0.0,0.0,0.0,0.0,0.0,0.0,0.0,0.0,0.0,0.0,0.0,0.0,0.0,0.0,0.0,0.0,0.0,0.0,0.0,0.0,J,20
0.0,0.0,-0.486486,0.308511,-0.810811,0.680851,-0.783784,1.085106,-0.527027,1.308511,-0.405405,1.0,-0.081081,1.43617,-0.121622,1.287234,-0.216216,1.106383,-0.027027,0.957447,0.189189,1.351064,0.148649,1.191489,0.094595,1.031915,0.310811,0.87234,0.432432,1.255319,0.391892,1.12766,0.337838,0.968085,0.594595,0.787234,0.743243,1.234043,0.837838,1.5,0.918919,1.723404,0,0,0.0,0.0,0.0,0.0,0.0,0.0,0.0,0.0,0.0,0.0,0.0,0.0,0.0,0.0,0.0,0.0,0.0,0.0,0.0,0.0,0.0,0.0,0.0,0.0,0.0,0.0,0.0,0.0,0.0,0.0,0.0,0.0,0.0,0.0,0.0,0.0,0.0,0.0,0.0,0.0,0.0,0.0,J,20
0.0,0.0,-0.486486,0.308511,-0.810811,0.670213,-0.783784,1.085106,-0.513514,1.287234,-0.391892,1.0,-0.081081,1.425532,-0.135135,1.276596,-0.22973,1.106383,0.0,0.957447,0.189189,1.340426,0.135135,1.202128,0.081081,1.042553,0.324324,0.87234,0.432432,1.244681,0.378378,1.12766,0.324324,0.978723,0.608108,0.787234,0.756757,1.234043,0.837838,1.489362,0.905405,1.712766,0,0,0.0,0.0,0.0,0.0,0.0,0.0,0.0,0.0,0.0,0.0,0.0,0.0,0.0,0.0,0.0,0.0,0.0,0.0,0.0,0.0,0.0,0.0,0.0,0.0,0.0,0.0,0.0,0.0,0.0,0.0,0.0,0.0,0.0,0.0,0.0,0.0,0.0,0.0,0.0,0.0,0.0,0.0,J,20
0.0,0.0,-0.486486,0.308511,-0.810811,0.670213,-0.783784,1.085106,-0.5,1.276596,-0.391892,1.0,-0.081081,1.414894,-0.121622,1.265957,-0.216216,1.095745,-0.013514,0.957447,0.202703,1.340426,0.162162,1.191489,0.108108,1.031915,0.324324,0.87234,0.432432,1.244681,0.405405,1.12766,0.351351,0.968085,0.608108,0.776596,0.756757,1.234043,0.837838,1.5,0.905405,1.712766,0,0,0.0,0.0,0.0,0.0,0.0,0.0,0.0,0.0,0.0,0.0,0.0,0.0,0.0,0.0,0.0,0.0,0.0,0.0,0.0,0.0,0.0,0.0,0.0,0.0,0.0,0.0,0.0,0.0,0.0,0.0,0.0,0.0,0.0,0.0,0.0,0.0,0.0,0.0,0.0,0.0,0.0,0.0,J,20
0.0,0.0,-0.5,0.294737,-0.833333,0.673684,-0.805556,1.084211,-0.513889,1.263158,-0.388889,1.0,-0.083333,1.410526,-0.138889,1.252632,-0.222222,1.084211,0.0,0.947368,0.194444,1.326316,0.152778,1.178947,0.097222,1.021053,0.333333,0.873684,0.444444,1.231579,0.402778,1.115789,0.347222,0.957895,0.611111,0.778947,0.777778,1.221053,0.861111,1.484211,0.944444,1.694737,0,0,0.0,0.0,0.0,0.0,0.0,0.0,0.0,0.0,0.0,0.0,0.0,0.0,0.0,0.0,0.0,0.0,0.0,0.0,0.0,0.0,0.0,0.0,0.0,0.0,0.0,0.0,0.0,0.0,0.0,0.0,0.0,0.0,0.0,0.0,0.0,0.0,0.0,0.0,0.0,0.0,0.0,0.0,J,20
0.0,0.0,-0.479452,0.302083,-0.808219,0.666667,-0.780822,1.072917,-0.506849,1.25,-0.383562,1.0,-0.054795,1.395833,-0.09589,1.239583,-0.205479,1.072917,0.0,0.947917,0.219178,1.3125,0.178082,1.166667,0.109589,1.010417,0.328767,0.864583,0.465753,1.21875,0.410959,1.09375,0.356164,0.947917,0.616438,0.770833,0.767123,1.208333,0.863014,1.458333,0.945205,1.677083,0,0,0.0,0.0,0.0,0.0,0.0,0.0,0.0,0.0,0.0,0.0,0.0,0.0,0.0,0.0,0.0,0.0,0.0,0.0,0.0,0.0,0.0,0.0,0.0,0.0,0.0,0.0,0.0,0.0,0.0,0.0,0.0,0.0,0.0,0.0,0.0,0.0,0.0,0.0,0.0,0.0,0.0,0.0,J,20
0.0,0.0,-0.479452,0.294737,-0.821918,0.673684,-0.780822,1.073684,-0.493151,1.273684,-0.383562,1.0,-0.068493,1.410526,-0.09589,1.263158,-0.191781,1.084211,-0.013699,0.957895,0.219178,1.326316,0.178082,1.178947,0.123288,1.010526,0.328767,0.873684,0.452055,1.231579,0.424658,1.105263,0.369863,0.947368,0.616438,0.789474,0.767123,1.221053,0.863014,1.473684,0.945205,1.684211,0,0,0.0,0.0,0.0,0.0,0.0,0.0,0.0,0.0,0.0,0.0,0.0,0.0,0.0,0.0,0.0,0.0,0.0,0.0,0.0,0.0,0.0,0.0,0.0,0.0,0.0,0.0,0.0,0.0,0.0,0.0,0.0,0.0,0.0,0.0,0.0,0.0,0.0,0.0,0.0,0.0,0.0,0.0,J,20
0.0,0.0,-0.472973,0.290323,-0.810811,0.666667,-0.783784,1.086022,-0.513514,1.27957,-0.391892,1.0,-0.081081,1.408602,-0.094595,1.258065,-0.189189,1.086022,-0.013514,0.956989,0.202703,1.333333,0.175676,1.172043,0.108108,1.010753,0.310811,0.88172,0.432432,1.236559,0.405405,1.107527,0.351351,0.946237,0.608108,0.784946,0.756757,1.225806,0.851351,1.483871,0.918919,1.709677,0,0,0.0,0.0,0.0,0.0,0.0,0.0,0.0,0.0,0.0,0.0,0.0,0.0,0.0,0.0,0.0,0.0,0.0,0.0,0.0,0.0,0.0,0.0,0.0,0.0,0.0,0.0,0.0,0.0,0.0,0.0,0.0,0.0,0.0,0.0,0.0,0.0,0.0,0.0,0.0,0.0,0.0,0.0,J,20
0.0,0.0,-0.465753,0.302083,-0.808219,0.666667,-0.780822,1.072917,-0.506849,1.270833,-0.383562,1.0,-0.054795,1.395833,-0.068493,1.239583,-0.164384,1.072917,-0.013699,0.958333,0.219178,1.3125,0.205479,1.15625,0.136986,1.0,0.328767,0.875,0.452055,1.208333,0.438356,1.083333,0.369863,0.927083,0.616438,0.78125,0.767123,1.21875,0.876712,1.458333,0.945205,1.666667,0,0,0.0,0.0,0.0,0.0,0.0,0.0,0.0,0.0,0.0,0.0,0.0,0.0,0.0,0.0,0.0,0.0,0.0,0.0,0.0,0.0,0.0,0.0,0.0,0.0,0.0,0.0,0.0,0.0,0.0,0.0,0.0,0.0,0.0,0.0,0.0,0.0,0.0,0.0,0.0,0.0,0.0,0.0,J,20
0.0,0.0,-0.472973,0.302083,-0.797297,0.677083,-0.77027,1.083333,-0.472973,1.260417,-0.378378,1.0,-0.054054,1.385417,-0.094595,1.239583,-0.189189,1.072917,0.0,0.947917,0.22973,1.3125,0.189189,1.166667,0.121622,1.010417,0.324324,0.864583,0.459459,1.208333,0.418919,1.104167,0.364865,0.947917,0.621622,0.770833,0.77027,1.208333,0.864865,1.458333,0.932432,1.666667,0,0,0.0,0.0,0.0,0.0,0.0,0.0,0.0,0.0,0.0,0.0,0.0,0.0,0.0,0.0,0.0,0.0,0.0,0.0,0.0,0.0,0.0,0.0,0.0,0.0,0.0,0.0,0.0,0.0,0.0,0.0,0.0,0.0,0.0,0.0,0.0,0.0,0.0,0.0,0.0,0.0,0.0,0.0,J,20
0.0,0.0,-0.459459,0.3125,-0.797297,0.677083,-0.77027,1.09375,-0.472973,1.270833,-0.378378,1.0,-0.054054,1.385417,-0.081081,1.239583,-0.175676,1.072917,0.0,0.947917,0.22973,1.302083,0.202703,1.15625,0.135135,0.989583,0.324324,0.864583,0.459459,1.208333,0.432432,1.083333,0.378378,0.927083,0.621622,0.78125,0.783784,1.208333,0.878378,1.458333,0.945946,1.677083,0,0,0.0,0.0,0.0,0.0,0.0,0.0,0.0,0.0,0.0,0.0,0.0,0.0,0.0,0.0,0.0,0.0,0.0,0.0,0.0,0.0,0.0,0.0,0.0,0.0,0.0,0.0,0.0,0.0,0.0,0.0,0.0,0.0,0.0,0.0,0.0,0.0,0.0,0.0,0.0,0.0,0.0,0.0,J,20
0.0,0.0,-0.472973,0.315789,-0.810811,0.684211,-0.783784,1.105263,-0.486486,1.284211,-0.391892,1.0,-0.067568,1.4,-0.081081,1.252632,-0.189189,1.084211,-0.013514,0.957895,0.216216,1.315789,0.189189,1.168421,0.121622,1.0,0.310811,0.873684,0.445946,1.221053,0.432432,1.105263,0.364865,0.947368,0.608108,0.789474,0.756757,1.221053,0.864865,1.473684,0.932432,1.694737,0,0,0.0,0.0,0.0,0.0,0.0,0.0,0.0,0.0,0.0,0.0,0.0,0.0,0.0,0.0,0.0,0.0,0.0,0.0,0.0,0.0,0.0,0.0,0.0,0.0,0.0,0.0,0.0,0.0,0.0,0.0,0.0,0.0,0.0,0.0,0.0,0.0,0.0,0.0,0.0,0.0,0.0,0.0,J,20
0.0,0.0,-0.479452,0.305263,-0.821918,0.684211,-0.780822,1.094737,-0.493151,1.273684,-0.383562,1.0,-0.068493,1.389474,-0.09589,1.252632,-0.191781,1.084211,-0.013699,0.957895,0.219178,1.315789,0.191781,1.168421,0.123288,1.0,0.328767,0.873684,0.452055,1.221053,0.424658,1.105263,0.369863,0.947368,0.616438,0.789474,0.780822,1.210526,0.876712,1.463158,0.945205,1.673684,0,0,0.0,0.0,0.0,0.0,0.0,0.0,0.0,0.0,0.0,0.0,0.0,0.0,0.0,0.0,0.0,0.0,0.0,0.0,0.0,0.0,0.0,0.0,0.0,0.0,0.0,0.0,0.0,0.0,0.0,0.0,0.0,0.0,0.0,0.0,0.0,0.0,0.0,0.0,0.0,0.0,0.0,0.0,J,20
0.0,0.0,-0.479452,0.315789,-0.794521,0.684211,-0.753425,1.084211,-0.465753,1.284211,-0.369863,1.0,-0.041096,1.4,-0.082192,1.252632,-0.178082,1.084211,0.013699,0.947368,0.232877,1.315789,0.191781,1.168421,0.136986,1.010526,0.342466,0.863158,0.465753,1.210526,0.438356,1.094737,0.383562,0.936842,0.630137,0.768421,0.794521,1.210526,0.890411,1.463158,0.958904,1.684211,0,0,0.0,0.0,0.0,0.0,0.0,0.0,0.0,0.0,0.0,0.0,0.0,0.0,0.0,0.0,0.0,0.0,0.0,0.0,0.0,0.0,0.0,0.0,0.0,0.0,0.0,0.0,0.0,0.0,0.0,0.0,0.0,0.0,0.0,0.0,0.0,0.0,0.0,0.0,0.0,0.0,0.0,0.0,J,20
0.0,0.0,-0.479452,0.308511,-0.821918,0.680851,-0.780822,1.095745,-0.479452,1.276596,-0.383562,1.0,-0.054795,1.404255,-0.09589,1.265957,-0.205479,1.095745,0.0,0.957447,0.219178,1.329787,0.178082,1.180851,0.109589,1.021277,0.328767,0.87234,0.452055,1.234043,0.424658,1.117021,0.369863,0.957447,0.616438,0.787234,0.780822,1.223404,0.863014,1.478723,0.931507,1.691489,0,0,0.0,0.0,0.0,0.0,0.0,0.0,0.0,0.0,0.0,0.0,0.0,0.0,0.0,0.0,0.0,0.0,0.0,0.0,0.0,0.0,0.0,0.0,0.0,0.0,0.0,0.0,0.0,0.0,0.0,0.0,0.0,0.0,0.0,0.0,0.0,0.0,0.0,0.0,0.0,0.0,0.0,0.0,J,20
0.0,0.0,-0.479452,0.3125,-0.821918,0.677083,-0.780822,1.083333,-0.479452,1.25,-0.383562,1.0,-0.054795,1.385417,-0.09589,1.239583,-0.205479,1.072917,0.0,0.947917,0.219178,1.302083,0.164384,1.166667,0.109589,1.010417,0.328767,0.864583,0.438356,1.208333,0.410959,1.09375,0.342466,0.9375,0.616438,0.770833,0.767123,1.208333,0.863014,1.458333,0.945205,1.65625,0,0,0.0,0.0,0.0,0.0,0.0,0.0,0.0,0.0,0.0,0.0,0.0,0.0,0.0,0.0,0.0,0.0,0.0,0.0,0.0,0.0,0.0,0.0,0.0,0.0,0.0,0.0,0.0,0.0,0.0,0.0,0.0,0.0,0.0,0.0,0.0,0.0,0.0,0.0,0.0,0.0,0.0,0.0,J,20
0.0,0.0,-0.445946,0.297872,-0.783784,0.680851,-0.756757,1.095745,-0.472973,1.287234,-0.378378,1.0,-0.040541,1.414894,-0.067568,1.255319,-0.175676,1.074468,0.0,0.946809,0.243243,1.329787,0.216216,1.170213,0.135135,1.010638,0.324324,0.87234,0.472973,1.223404,0.445946,1.095745,0.378378,0.93617,0.621622,0.776596,0.77027,1.212766,0.878378,1.478723,0.945946,1.691489,0,0,0.0,0.0,0.0,0.0,0.0,0.0,0.0,0.0,0.0,0.0,0.0,0.0,0.0,0.0,0.0,0.0,0.0,0.0,0.0,0.0,0.0,0.0,0.0,0.0,0.0,0.0,0.0,0.0,0.0,0.0,0.0,0.0,0.0,0.0,0.0,0.0,0.0,0.0,0.0,0.0,0.0,0.0,J,20
0.0,0.0,-0.479452,0.3125,-0.808219,0.677083,-0.767123,1.083333,-0.479452,1.28125,-0.39726,1.0,-0.054795,1.385417,-0.082192,1.239583,-0.191781,1.083333,-0.013699,0.947917,0.219178,1.3125,0.191781,1.166667,0.123288,1.010417,0.315068,0.864583,0.452055,1.208333,0.438356,1.09375,0.369863,0.9375,0.60274,0.78125,0.767123,1.208333,0.876712,1.458333,0.945205,1.666667,0,0,0.0,0.0,0.0,0.0,0.0,0.0,0.0,0.0,0.0,0.0,0.0,0.0,0.0,0.0,0.0,0.0,0.0,0.0,0.0,0.0,0.0,0.0,0.0,0.0,0.0,0.0,0.0,0.0,0.0,0.0,0.0,0.0,0.0,0.0,0.0,0.0,0.0,0.0,0.0,0.0,0.0,0.0,J,20
0.0,0.0,-0.486111,0.3125,-0.805556,0.677083,-0.763889,1.09375,-0.472222,1.28125,-0.375,1.0,-0.041667,1.395833,-0.069444,1.25,-0.180556,1.083333,0.013889,0.947917,0.236111,1.3125,0.194444,1.166667,0.125,1.010417,0.333333,0.864583,0.472222,1.208333,0.430556,1.09375,0.375,0.947917,0.625,0.770833,0.805556,1.197917,0.902778,1.447917,0.972222,1.65625,0,0,0.0,0.0,0.0,0.0,0.0,0.0,0.0,0.0,0.0,0.0,0.0,0.0,0.0,0.0,0.0,0.0,0.0,0.0,0.0,0.0,0.0,0.0,0.0,0.0,0.0,0.0,0.0,0.0,0.0,0.0,0.0,0.0,0.0,0.0,0.0,0.0,0.0,0.0,0.0,0.0,0.0,0.0,J,20
0.0,0.0,-0.465753,0.315789,-0.794521,0.684211,-0.753425,1.094737,-0.465753,1.284211,-0.383562,1.0,-0.041096,1.4,-0.068493,1.252632,-0.178082,1.084211,0.0,0.947368,0.232877,1.315789,0.205479,1.178947,0.136986,1.021053,0.328767,0.863158,0.465753,1.221053,0.438356,1.105263,0.383562,0.947368,0.616438,0.768421,0.780822,1.210526,0.876712,1.473684,0.958904,1.684211,0,0,0.0,0.0,0.0,0.0,0.0,0.0,0.0,0.0,0.0,0.0,0.0,0.0,0.0,0.0,0.0,0.0,0.0,0.0,0.0,0.0,0.0,0.0,0.0,0.0,0.0,0.0,0.0,0.0,0.0,0.0,0.0,0.0,0.0,0.0,0.0,0.0,0.0,0.0,0.0,0.0,0.0,0.0,J,20
0.0,0.0,-0.465753,0.309278,-0.780822,0.680412,-0.739726,1.082474,-0.438356,1.268041,-0.356164,1.0,-0.013699,1.371134,-0.054795,1.226804,-0.164384,1.061856,0.027397,0.938144,0.260274,1.298969,0.219178,1.154639,0.150685,1.0,0.356164,0.85567,0.493151,1.195876,0.465753,1.072165,0.39726,0.927835,0.643836,0.762887,0.794521,1.185567,0.890411,1.43299,0.972603,1.639175,0,0,0.0,0.0,0.0,0.0,0.0,0.0,0.0,0.0,0.0,0.0,0.0,0.0,0.0,0.0,0.0,0.0,0.0,0.0,0.0,0.0,0.0,0.0,0.0,0.0,0.0,0.0,0.0,0.0,0.0,0.0,0.0,0.0,0.0,0.0,0.0,0.0,0.0,0.0,0.0,0.0,0.0,0.0,J,20
0.0,0.0,0.716981,-0.061538,1.471698,0.415385,1.735849,0.984615,1.45283,1.338462,1.471698,1.0,1.830189,1.415385,1.584906,1.030769,1.358491,0.815385,1.150943,1.153846,1.415094,1.446154,1.132075,0.969231,0.943396,0.723077,0.830189,1.246154,1.056604,1.476923,0.886792,0.984615,0.698113,0.676923,0.471698,1.353846,0.867925,1.815385,1.113208,2.123077,1.320755,2.446154,0,0,0.0,0.0,0.0,0.0,0.0,0.0,0.0,0.0,0.0,0.0,0.0,0.0,0.0,0.0,0.0,0.0,0.0,0.0,0.0,0.0,0.0,0.0,0.0,0.0,0.0,0.0,0.0,0.0,0.0,0.0,0.0,0.0,0.0,0.0,0.0,0.0,0.0,0.0,0.0,0.0,0.0,0.0,J,21
0.0,0.0,0.755102,-0.044776,1.591837,0.41791,1.938776,0.985075,1.591837,1.38806,1.571429,1.0,2.020408,1.402985,1.755102,1.059701,1.510204,0.835821,1.265306,1.164179,1.571429,1.477612,1.306122,1.029851,1.061224,0.776119,0.918367,1.283582,1.22449,1.507463,1.0,1.0,0.734694,0.686567,0.571429,1.373134,0.979592,1.820896,1.244898,2.119403,1.469388,2.41791,0,0,0.0,0.0,0.0,0.0,0.0,0.0,0.0,0.0,0.0,0.0,0.0,0.0,0.0,0.0,0.0,0.0,0.0,0.0,0.0,0.0,0.0,0.0,0.0,0.0,0.0,0.0,0.0,0.0,0.0,0.0,0.0,0.0,0.0,0.0,0.0,0.0,0.0,0.0,0.0,0.0,0.0,0.0,J,21
0.0,0.0,0.770833,-0.044118,1.645833,0.411765,2.0,0.970588,1.666667,1.352941,1.625,1.0,2.083333,1.382353,1.8125,1.029412,1.541667,0.808824,1.3125,1.161765,1.625,1.470588,1.354167,1.029412,1.125,0.779412,0.958333,1.264706,1.291667,1.5,1.041667,1.0,0.791667,0.691176,0.625,1.367647,1.020833,1.808824,1.291667,2.088235,1.5,2.382353,0,0,0.0,0.0,0.0,0.0,0.0,0.0,0.0,0.0,0.0,0.0,0.0,0.0,0.0,0.0,0.0,0.0,0.0,0.0,0.0,0.0,0.0,0.0,0.0,0.0,0.0,0.0,0.0,0.0,0.0,0.0,0.0,0.0,0.0,0.0,0.0,0.0,0.0,0.0,0.0,0.0,0.0,0.0,J,21
0.0,0.0,0.770833,-0.028986,1.645833,0.405797,2.020833,0.956522,1.6875,1.362319,1.604167,1.0,2.083333,1.391304,1.791667,1.028986,1.541667,0.811594,1.291667,1.144928,1.625,1.449275,1.333333,1.014493,1.125,0.768116,0.9375,1.246377,1.270833,1.478261,1.020833,0.971014,0.75,0.666667,0.604167,1.347826,1.020833,1.797101,1.270833,2.086957,1.5,2.376812,0,0,0.0,0.0,0.0,0.0,0.0,0.0,0.0,0.0,0.0,0.0,0.0,0.0,0.0,0.0,0.0,0.0,0.0,0.0,0.0,0.0,0.0,0.0,0.0,0.0,0.0,0.0,0.0,0.0,0.0,0.0,0.0,0.0,0.0,0.0,0.0,0.0,0.0,0.0,0.0,0.0,0.0,0.0,J,21
0.0,0.0,0.76,-0.014286,1.58,0.428571,1.94,0.957143,1.64,1.357143,1.58,1.0,2.02,1.371429,1.74,1.028571,1.5,0.8,1.26,1.142857,1.58,1.428571,1.3,1.0,1.08,0.757143,0.92,1.242857,1.24,1.457143,1.0,0.971429,0.76,0.671429,0.58,1.328571,0.98,1.771429,1.22,2.057143,1.44,2.357143,0,0,0.0,0.0,0.0,0.0,0.0,0.0,0.0,0.0,0.0,0.0,0.0,0.0,0.0,0.0,0.0,0.0,0.0,0.0,0.0,0.0,0.0,0.0,0.0,0.0,0.0,0.0,0.0,0.0,0.0,0.0,0.0,0.0,0.0,0.0,0.0,0.0,0.0,0.0,0.0,0.0,0.0,0.0,J,21
0.0,0.0,0.77551,0.0,1.612245,0.43662,1.979592,0.957746,1.653061,1.352113,1.591837,1.0,2.040816,1.380282,1.77551,1.028169,1.530612,0.816901,1.265306,1.140845,1.591837,1.43662,1.326531,1.0,1.102041,0.760563,0.938776,1.239437,1.265306,1.464789,1.040816,0.985915,0.77551,0.690141,0.591837,1.338028,0.979592,1.774648,1.244898,2.056338,1.44898,2.338028,0,0,0.0,0.0,0.0,0.0,0.0,0.0,0.0,0.0,0.0,0.0,0.0,0.0,0.0,0.0,0.0,0.0,0.0,0.0,0.0,0.0,0.0,0.0,0.0,0.0,0.0,0.0,0.0,0.0,0.0,0.0,0.0,0.0,0.0,0.0,0.0,0.0,0.0,0.0,0.0,0.0,0.0,0.0,J,21
0.0,0.0,0.795918,-0.014286,1.612245,0.428571,1.979592,0.971429,1.653061,1.357143,1.591837,1.0,2.040816,1.385714,1.77551,1.028571,1.530612,0.814286,1.285714,1.142857,1.612245,1.442857,1.326531,1.014286,1.102041,0.757143,0.938776,1.257143,1.265306,1.471429,1.020408,1.0,0.755102,0.7,0.591837,1.357143,0.979592,1.785714,1.22449,2.071429,1.428571,2.371429,0,0,0.0,0.0,0.0,0.0,0.0,0.0,0.0,0.0,0.0,0.0,0.0,0.0,0.0,0.0,0.0,0.0,0.0,0.0,0.0,0.0,0.0,0.0,0.0,0.0,0.0,0.0,0.0,0.0,0.0,0.0,0.0,0.0,0.0,0.0,0.0,0.0,0.0,0.0,0.0,0.0,0.0,0.0,J,21
0.0,0.0,0.77551,-0.014286,1.591837,0.442857,1.959184,0.985714,1.612245,1.371429,1.571429,1.0,2.040816,1.385714,1.755102,1.042857,1.530612,0.828571,1.244898,1.142857,1.591837,1.457143,1.306122,1.014286,1.102041,0.785714,0.897959,1.257143,1.22449,1.485714,1.0,0.985714,0.77551,0.685714,0.571429,1.357143,0.938776,1.8,1.183673,2.085714,1.367347,2.385714,0,0,0.0,0.0,0.0,0.0,0.0,0.0,0.0,0.0,0.0,0.0,0.0,0.0,0.0,0.0,0.0,0.0,0.0,0.0,0.0,0.0,0.0,0.0,0.0,0.0,0.0,0.0,0.0,0.0,0.0,0.0,0.0,0.0,0.0,0.0,0.0,0.0,0.0,0.0,0.0,0.0,0.0,0.0,J,21
0.0,0.0,0.795918,-0.014493,1.632653,0.449275,2.0,1.0,1.653061,1.376812,1.591837,1.0,2.040816,1.405797,1.755102,1.043478,1.530612,0.826087,1.285714,1.15942,1.591837,1.478261,1.306122,1.028986,1.122449,0.797101,0.938776,1.26087,1.22449,1.507246,1.0,1.0,0.77551,0.695652,0.591837,1.362319,0.959184,1.811594,1.183673,2.115942,1.367347,2.434783,0,0,0.0,0.0,0.0,0.0,0.0,0.0,0.0,0.0,0.0,0.0,0.0,0.0,0.0,0.0,0.0,0.0,0.0,0.0,0.0,0.0,0.0,0.0,0.0,0.0,0.0,0.0,0.0,0.0,0.0,0.0,0.0,0.0,0.0,0.0,0.0,0.0,0.0,0.0,0.0,0.0,0.0,0.0,J,21
0.0,0.0,0.76,-0.028571,1.6,0.457143,1.96,1.014286,1.6,1.385714,1.56,1.0,1.96,1.4,1.68,1.057143,1.46,0.842857,1.22,1.142857,1.52,1.485714,1.26,1.042857,1.06,0.785714,0.88,1.257143,1.18,1.528571,1.0,1.042857,0.78,0.728571,0.56,1.357143,0.92,1.8,1.14,2.1,1.34,2.414286,0,0,0.0,0.0,0.0,0.0,0.0,0.0,0.0,0.0,0.0,0.0,0.0,0.0,0.0,0.0,0.0,0.0,0.0,0.0,0.0,0.0,0.0,0.0,0.0,0.0,0.0,0.0,0.0,0.0,0.0,0.0,0.0,0.0,0.0,0.0,0.0,0.0,0.0,0.0,0.0,0.0,0.0,0.0,J,21
0.0,0.0,0.78,-0.029412,1.62,0.441176,1.96,1.044118,1.58,1.411765,1.56,1.0,2.0,1.426471,1.72,1.058824,1.52,0.838235,1.26,1.161765,1.56,1.514706,1.3,1.058824,1.14,0.838235,0.92,1.264706,1.2,1.544118,1.0,1.029412,0.78,0.720588,0.56,1.367647,0.94,1.838235,1.16,2.147059,1.36,2.470588,0,0,0.0,0.0,0.0,0.0,0.0,0.0,0.0,0.0,0.0,0.0,0.0,0.0,0.0,0.0,0.0,0.0,0.0,0.0,0.0,0.0,0.0,0.0,0.0,0.0,0.0,0.0,0.0,0.0,0.0,0.0,0.0,0.0,0.0,0.0,0.0,0.0,0.0,0.0,0.0,0.0,0.0,0.0,J,21
0.0,0.0,0.76,-0.014286,1.6,0.457143,1.96,1.028571,1.62,1.4,1.6,1.0,2.02,1.385714,1.72,1.057143,1.5,0.842857,1.28,1.142857,1.58,1.471429,1.3,1.057143,1.12,0.828571,0.94,1.257143,1.24,1.528571,1.0,1.028571,0.78,0.728571,0.6,1.357143,0.98,1.8,1.2,2.1,1.38,2.414286,0,0,0.0,0.0,0.0,0.0,0.0,0.0,0.0,0.0,0.0,0.0,0.0,0.0,0.0,0.0,0.0,0.0,0.0,0.0,0.0,0.0,0.0,0.0,0.0,0.0,0.0,0.0,0.0,0.0,0.0,0.0,0.0,0.0,0.0,0.0,0.0,0.0,0.0,0.0,0.0,0.0,0.0,0.0,J,21
0.0,0.0,0.78,-0.014493,1.6,0.463768,1.96,1.028986,1.62,1.405797,1.6,1.0,2.04,1.391304,1.74,1.043478,1.5,0.84058,1.28,1.15942,1.6,1.492754,1.32,1.057971,1.12,0.84058,0.94,1.275362,1.24,1.550725,1.0,1.043478,0.78,0.73913,0.6,1.376812,0.98,1.826087,1.2,2.130435,1.38,2.434783,0,0,0.0,0.0,0.0,0.0,0.0,0.0,0.0,0.0,0.0,0.0,0.0,0.0,0.0,0.0,0.0,0.0,0.0,0.0,0.0,0.0,0.0,0.0,0.0,0.0,0.0,0.0,0.0,0.0,0.0,0.0,0.0,0.0,0.0,0.0,0.0,0.0,0.0,0.0,0.0,0.0,0.0,0.0,J,21
0.0,0.0,0.78,-0.029412,1.6,0.455882,1.94,1.029412,1.6,1.411765,1.6,1.0,2.04,1.397059,1.72,1.058824,1.5,0.838235,1.28,1.161765,1.6,1.5,1.32,1.073529,1.12,0.838235,0.94,1.264706,1.22,1.544118,1.0,1.058824,0.76,0.720588,0.6,1.382353,0.98,1.823529,1.18,2.117647,1.38,2.441176,0,0,0.0,0.0,0.0,0.0,0.0,0.0,0.0,0.0,0.0,0.0,0.0,0.0,0.0,0.0,0.0,0.0,0.0,0.0,0.0,0.0,0.0,0.0,0.0,0.0,0.0,0.0,0.0,0.0,0.0,0.0,0.0,0.0,0.0,0.0,0.0,0.0,0.0,0.0,0.0,0.0,0.0,0.0,J,21
0.0,0.0,0.75,0.014286,1.557692,0.471429,1.884615,1.014286,1.576923,1.4,1.557692,1.0,1.961538,1.371429,1.673077,1.057143,1.461538,0.842857,1.25,1.142857,1.557692,1.5,1.269231,1.071429,1.076923,0.828571,0.903846,1.257143,1.192308,1.557143,0.980769,1.071429,0.769231,0.742857,0.557692,1.371429,0.923077,1.8,1.153846,2.1,1.346154,2.428571,0,0,0.0,0.0,0.0,0.0,0.0,0.0,0.0,0.0,0.0,0.0,0.0,0.0,0.0,0.0,0.0,0.0,0.0,0.0,0.0,0.0,0.0,0.0,0.0,0.0,0.0,0.0,0.0,0.0,0.0,0.0,0.0,0.0,0.0,0.0,0.0,0.0,0.0,0.0,0.0,0.0,0.0,0.0,J,21
0.0,0.0,0.816327,-0.028571,1.673469,0.457143,2.061224,1.014286,1.693878,1.385714,1.632653,1.0,2.081633,1.385714,1.77551,1.042857,1.55102,0.842857,1.306122,1.142857,1.632653,1.485714,1.346939,1.057143,1.142857,0.814286,0.959184,1.257143,1.285714,1.542857,1.061224,1.042857,0.816327,0.714286,0.632653,1.371429,1.020408,1.814286,1.265306,2.114286,1.44898,2.414286,0,0,0.0,0.0,0.0,0.0,0.0,0.0,0.0,0.0,0.0,0.0,0.0,0.0,0.0,0.0,0.0,0.0,0.0,0.0,0.0,0.0,0.0,0.0,0.0,0.0,0.0,0.0,0.0,0.0,0.0,0.0,0.0,0.0,0.0,0.0,0.0,0.0,0.0,0.0,0.0,0.0,0.0,0.0,J,21
0.0,0.0,0.795918,-0.014286,1.673469,0.457143,2.061224,1.014286,1.714286,1.385714,1.632653,1.0,2.102041,1.385714,1.816327,1.042857,1.571429,0.814286,1.326531,1.157143,1.693878,1.5,1.408163,1.085714,1.204082,0.842857,0.979592,1.271429,1.306122,1.528571,1.081633,1.028571,0.816327,0.714286,0.632653,1.385714,1.0,1.828571,1.22449,2.128571,1.408163,2.442857,0,0,0.0,0.0,0.0,0.0,0.0,0.0,0.0,0.0,0.0,0.0,0.0,0.0,0.0,0.0,0.0,0.0,0.0,0.0,0.0,0.0,0.0,0.0,0.0,0.0,0.0,0.0,0.0,0.0,0.0,0.0,0.0,0.0,0.0,0.0,0.0,0.0,0.0,0.0,0.0,0.0,0.0,0.0,J,21
0.0,0.0,0.795918,0.0,1.673469,0.458333,2.081633,0.986111,1.734694,1.333333,1.632653,1.0,2.102041,1.361111,1.795918,1.013889,1.55102,0.805556,1.326531,1.138889,1.693878,1.472222,1.408163,1.055556,1.204082,0.819444,0.979592,1.25,1.326531,1.472222,1.040816,0.986111,0.77551,0.680556,0.632653,1.347222,1.0,1.791667,1.22449,2.083333,1.408163,2.402778,0,0,0.0,0.0,0.0,0.0,0.0,0.0,0.0,0.0,0.0,0.0,0.0,0.0,0.0,0.0,0.0,0.0,0.0,0.0,0.0,0.0,0.0,0.0,0.0,0.0,0.0,0.0,0.0,0.0,0.0,0.0,0.0,0.0,0.0,0.0,0.0,0.0,0.0,0.0,0.0,0.0,0.0,0.0,J,21
0.0,0.0,0.869565,0.0,1.782609,0.425,2.26087,0.8875,1.869565,1.1875,1.630435,1.0,2.173913,1.325,1.913043,0.975,1.652174,0.775,1.304348,1.0875,1.76087,1.375,1.478261,0.9625,1.23913,0.7375,0.956522,1.1625,1.413043,1.325,1.152174,0.8625,0.847826,0.5875,0.630435,1.225,1.043478,1.6375,1.282609,1.9125,1.5,2.1875,0,0,0.0,0.0,0.0,0.0,0.0,0.0,0.0,0.0,0.0,0.0,0.0,0.0,0.0,0.0,0.0,0.0,0.0,0.0,0.0,0.0,0.0,0.0,0.0,0.0,0.0,0.0,0.0,0.0,0.0,0.0,0.0,0.0,0.0,0.0,0.0,0.0,0.0,0.0,0.0,0.0,0.0,0.0,J,21
0.0,0.0,0.913043,0.022989,1.826087,0.425287,2.26087,0.816092,1.891304,1.068966,1.586957,1.0,2.108696,1.298851,1.891304,0.942529,1.652174,0.758621,1.23913,1.057471,1.73913,1.264368,1.478261,0.850575,1.173913,0.643678,0.913043,1.091954,1.434783,1.229885,1.195652,0.804598,0.891304,0.563218,0.586957,1.114943,1.0,1.528736,1.26087,1.781609,1.456522,2.034483,0,0,0.0,0.0,0.0,0.0,0.0,0.0,0.0,0.0,0.0,0.0,0.0,0.0,0.0,0.0,0.0,0.0,0.0,0.0,0.0,0.0,0.0,0.0,0.0,0.0,0.0,0.0,0.0,0.0,0.0,0.0,0.0,0.0,0.0,0.0,0.0,0.0,0.0,0.0,0.0,0.0,0.0,0.0,J,21
0.0,0.0,1.125,0.050505,2.125,0.424242,2.65,0.757576,2.225,0.969697,1.6,1.0,2.4,1.181818,2.175,0.848485,1.875,0.707071,1.2,1.040404,2.025,1.141414,1.75,0.757576,1.425,0.606061,0.85,1.040404,1.7,1.10101,1.475,0.69697,1.125,0.494949,0.6,1.020202,1.175,1.363636,1.45,1.59596,1.65,1.818182,0,0,0.0,0.0,0.0,0.0,0.0,0.0,0.0,0.0,0.0,0.0,0.0,0.0,0.0,0.0,0.0,0.0,0.0,0.0,0.0,0.0,0.0,0.0,0.0,0.0,0.0,0.0,0.0,0.0,0.0,0.0,0.0,0.0,0.0,0.0,0.0,0.0,0.0,0.0,0.0,0.0,0.0,0.0,J,21
0.0,0.0,1.454545,0.09434,2.606061,0.415094,3.212121,0.698113,2.727273,0.877358,1.545455,1.0,2.787879,1.132075,2.575758,0.792453,2.242424,0.660377,1.060606,1.018868,2.454545,1.084906,2.181818,0.698113,1.787879,0.556604,0.727273,0.971698,2.090909,1.009434,1.939394,0.650943,1.545455,0.481132,0.545455,0.896226,1.393939,1.226415,1.787879,1.462264,2.060606,1.688679,0,0,0.0,0.0,0.0,0.0,0.0,0.0,0.0,0.0,0.0,0.0,0.0,0.0,0.0,0.0,0.0,0.0,0.0,0.0,0.0,0.0,0.0,0.0,0.0,0.0,0.0,0.0,0.0,0.0,0.0,0.0,0.0,0.0,0.0,0.0,0.0,0.0,0.0,0.0,0.0,0.0,0.0,0.0,J,21
0.0,0.0,1.814815,0.123894,3.111111,0.415929,3.851852,0.672566,3.333333,0.814159,1.62963,1.0,3.333333,1.079646,3.148148,0.761062,2.62963,0.637168,1.074074,1.0,2.962963,1.026549,2.740741,0.672566,2.259259,0.557522,0.740741,0.920354,2.592593,0.938053,2.444444,0.610619,1.962963,0.469027,0.62963,0.80531,1.740741,1.132743,2.222222,1.371681,2.555556,1.575221,0,0,0.0,0.0,0.0,0.0,0.0,0.0,0.0,0.0,0.0,0.0,0.0,0.0,0.0,0.0,0.0,0.0,0.0,0.0,0.0,0.0,0.0,0.0,0.0,0.0,0.0,0.0,0.0,0.0,0.0,0.0,0.0,0.0,0.0,0.0,0.0,0.0,0.0,0.0,0.0,0.0,0.0,0.0,J,21
0.0,0.0,1.75,0.114035,3.0,0.412281,3.785714,0.657895,3.285714,0.789474,1.607143,1.0,3.285714,1.052632,3.035714,0.72807,2.571429,0.614035,1.071429,0.982456,2.928571,0.991228,2.714286,0.640351,2.25,0.526316,0.714286,0.894737,2.571429,0.877193,2.392857,0.552632,1.857143,0.421053,0.607143,0.789474,1.642857,1.087719,2.107143,1.324561,2.464286,1.54386,0,0,0.0,0.0,0.0,0.0,0.0,0.0,0.0,0.0,0.0,0.0,0.0,0.0,0.0,0.0,0.0,0.0,0.0,0.0,0.0,0.0,0.0,0.0,0.0,0.0,0.0,0.0,0.0,0.0,0.0,0.0,0.0,0.0,0.0,0.0,0.0,0.0,0.0,0.0,0.0,0.0,0.0,0.0,J,21
0.0,0.0,2.363636,0.12069,3.863636,0.405172,4.909091,0.637931,4.318182,0.75,1.863636,1.0,4.090909,1.008621,3.818182,0.706897,3.181818,0.586207,1.227273,0.982759,3.772727,0.956897,3.5,0.62069,2.954545,0.5,0.909091,0.87931,3.409091,0.844828,3.227273,0.543103,2.590909,0.413793,0.863636,0.75,2.181818,1.034483,2.818182,1.258621,3.227273,1.474138,0,0,0.0,0.0,0.0,0.0,0.0,0.0,0.0,0.0,0.0,0.0,0.0,0.0,0.0,0.0,0.0,0.0,0.0,0.0,0.0,0.0,0.0,0.0,0.0,0.0,0.0,0.0,0.0,0.0,0.0,0.0,0.0,0.0,0.0,0.0,0.0,0.0,0.0,0.0,0.0,0.0,0.0,0.0,J,21
0.0,0.0,2.5,0.13913,4.15,0.408696,5.3,0.634783,4.9,0.756522,1.9,1.0,4.35,1.034783,4.3,0.73913,3.7,0.608696,1.2,0.982609,4.1,0.965217,3.95,0.626087,3.35,0.513043,0.9,0.878261,3.75,0.843478,3.6,0.53913,2.9,0.426087,0.9,0.721739,2.4,1.0,3.15,1.226087,3.65,1.443478,0,0,0.0,0.0,0.0,0.0,0.0,0.0,0.0,0.0,0.0,0.0,0.0,0.0,0.0,0.0,0.0,0.0,0.0,0.0,0.0,0.0,0.0,0.0,0.0,0.0,0.0,0.0,0.0,0.0,0.0,0.0,0.0,0.0,0.0,0.0,0.0,0.0,0.0,0.0,0.0,0.0,0.0,0.0,J,21
0.0,0.0,2.789474,0.141667,4.473684,0.416667,5.736842,0.625,5.368421,0.741667,1.894737,1.0,4.578947,1.033333,4.684211,0.75,4.157895,0.608333,1.157895,0.958333,4.473684,0.941667,4.368421,0.616667,3.789474,0.475,0.842105,0.816667,4.052632,0.8,4.0,0.525,3.368421,0.391667,0.894737,0.633333,2.578947,0.9,3.421053,1.116667,4.105263,1.333333,0,0,0.0,0.0,0.0,0.0,0.0,0.0,0.0,0.0,0.0,0.0,0.0,0.0,0.0,0.0,0.0,0.0,0.0,0.0,0.0,0.0,0.0,0.0,0.0,0.0,0.0,0.0,0.0,0.0,0.0,0.0,0.0,0.0,0.0,0.0,0.0,0.0,0.0,0.0,0.0,0.0,0.0,0.0,J,21
0.0,0.0,4.0,0.15,6.428571,0.408333,8.214286,0.608333,7.714286,0.725,2.785714,1.0,6.571429,1.016667,6.714286,0.733333,5.928571,0.6,1.928571,0.95,6.428571,0.916667,6.357143,0.6,5.571429,0.491667,1.571429,0.8,5.928571,0.783333,6.0,0.516667,5.0,0.408333,1.785714,0.591667,4.071429,0.858333,5.214286,1.075,6.0,1.291667,0,0,0.0,0.0,0.0,0.0,0.0,0.0,0.0,0.0,0.0,0.0,0.0,0.0,0.0,0.0,0.0,0.0,0.0,0.0,0.0,0.0,0.0,0.0,0.0,0.0,0.0,0.0,0.0,0.0,0.0,0.0,0.0,0.0,0.0,0.0,0.0,0.0,0.0,0.0,0.0,0.0,0.0,0.0,J,21
0.0,0.0,4.583333,0.158333,7.333333,0.416667,9.333333,0.608333,8.75,0.7,3.083333,1.0,7.5,1.0,7.666667,0.708333,6.75,0.575,2.083333,0.958333,7.416667,0.908333,7.25,0.591667,6.25,0.475,1.75,0.816667,6.916667,0.783333,6.75,0.508333,5.5,0.408333,2.083333,0.625,4.75,0.858333,5.916667,1.05,6.833333,1.258333,0,0,0.0,0.0,0.0,0.0,0.0,0.0,0.0,0.0,0.0,0.0,0.0,0.0,0.0,0.0,0.0,0.0,0.0,0.0,0.0,0.0,0.0,0.0,0.0,0.0,0.0,0.0,0.0,0.0,0.0,0.0,0.0,0.0,0.0,0.0,0.0,0.0,0.0,0.0,0.0,0.0,0.0,0.0,J,21
0.0,0.0,4.5,0.178862,7.166667,0.430894,9.166667,0.617886,8.583333,0.707317,2.833333,1.0,7.333333,0.96748,7.333333,0.699187,6.333333,0.585366,1.75,0.95935,7.25,0.861789,6.833333,0.585366,5.75,0.479675,1.5,0.796748,6.75,0.723577,6.166667,0.479675,4.666667,0.390244,1.833333,0.577236,4.583333,0.813008,6.0,1.0,7.083333,1.195122,0,0,0.0,0.0,0.0,0.0,0.0,0.0,0.0,0.0,0.0,0.0,0.0,0.0,0.0,0.0,0.0,0.0,0.0,0.0,0.0,0.0,0.0,0.0,0.0,0.0,0.0,0.0,0.0,0.0,0.0,0.0,0.0,0.0,0.0,0.0,0.0,0.0,0.0,0.0,0.0,0.0,0.0,0.0,J,21
0.0,0.0,3.125,0.177419,5.0,0.41129,6.5,0.604839,6.5625,0.709677,1.875,1.0,5.6875,0.935484,5.6875,0.677419,4.75,0.58871,0.875,0.951613,5.5,0.782258,5.125,0.540323,4.125,0.451613,0.6875,0.782258,5.0,0.645161,4.25,0.395161,3.0,0.306452,0.875,0.540323,3.125,0.758065,4.3125,0.935484,5.4375,1.120968,0,0,0.0,0.0,0.0,0.0,0.0,0.0,0.0,0.0,0.0,0.0,0.0,0.0,0.0,0.0,0.0,0.0,0.0,0.0,0.0,0.0,0.0,0.0,0.0,0.0,0.0,0.0,0.0,0.0,0.0,0.0,0.0,0.0,0.0,0.0,0.0,0.0,0.0,0.0,0.0,0.0,0.0,0.0,J,21
0.0,0.0,2.611111,0.180328,4.166667,0.393443,5.555556,0.57377,6.111111,0.729508,1.388889,1.0,4.888889,0.92623,4.944444,0.680328,4.222222,0.590164,0.444444,0.942623,4.888889,0.762295,4.5,0.516393,3.666667,0.418033,0.222222,0.754098,4.388889,0.614754,3.611111,0.360656,2.444444,0.262295,0.388889,0.5,2.444444,0.713115,3.666667,0.885246,4.833333,1.081967,0,0,0.0,0.0,0.0,0.0,0.0,0.0,0.0,0.0,0.0,0.0,0.0,0.0,0.0,0.0,0.0,0.0,0.0,0.0,0.0,0.0,0.0,0.0,0.0,0.0,0.0,0.0,0.0,0.0,0.0,0.0,0.0,0.0,0.0,0.0,0.0,0.0,0.0,0.0,0.0,0.0,0.0,0.0,J,21
0.0,0.0,1.826087,0.170732,2.913043,0.357724,3.913043,0.544715,4.217391,0.707317,0.826087,1.0,3.565217,0.894309,3.521739,0.666667,2.956522,0.577236,0.0,0.934959,3.565217,0.731707,3.173913,0.495935,2.565217,0.398374,-0.217391,0.756098,3.173913,0.577236,2.434783,0.333333,1.521739,0.227642,-0.173913,0.487805,1.608696,0.666667,2.565217,0.813008,3.608696,0.98374,0,0,0.0,0.0,0.0,0.0,0.0,0.0,0.0,0.0,0.0,0.0,0.0,0.0,0.0,0.0,0.0,0.0,0.0,0.0,0.0,0.0,0.0,0.0,0.0,0.0,0.0,0.0,0.0,0.0,0.0,0.0,0.0,0.0,0.0,0.0,0.0,0.0,0.0,0.0,0.0,0.0,0.0,0.0,J,21
0.0,0.0,1.321429,0.163934,2.285714,0.352459,3.107143,0.557377,3.285714,0.770492,0.714286,1.0,2.928571,0.893443,2.785714,0.655738,2.321429,0.540984,-0.142857,0.934426,2.892857,0.729508,2.5,0.483607,2.071429,0.368852,-0.357143,0.754098,2.535714,0.57377,1.857143,0.303279,1.178571,0.172131,-0.285714,0.47541,1.285714,0.639344,2.142857,0.778689,3.0,0.959016,0,0,0.0,0.0,0.0,0.0,0.0,0.0,0.0,0.0,0.0,0.0,0.0,0.0,0.0,0.0,0.0,0.0,0.0,0.0,0.0,0.0,0.0,0.0,0.0,0.0,0.0,0.0,0.0,0.0,0.0,0.0,0.0,0.0,0.0,0.0,0.0,0.0,0.0,0.0,0.0,0.0,0.0,0.0,J,21
0.0,0.0,1.206897,0.157025,2.137931,0.330579,2.896552,0.520661,3.068966,0.68595,0.448276,1.0,2.62069,0.909091,2.62069,0.661157,2.206897,0.545455,-0.37931,0.900826,2.655172,0.727273,2.344828,0.46281,1.896552,0.338843,-0.586207,0.719008,2.344828,0.553719,1.689655,0.272727,1.034483,0.140496,-0.551724,0.446281,1.068966,0.561983,1.965517,0.68595,2.896552,0.842975,0,0,0.0,0.0,0.0,0.0,0.0,0.0,0.0,0.0,0.0,0.0,0.0,0.0,0.0,0.0,0.0,0.0,0.0,0.0,0.0,0.0,0.0,0.0,0.0,0.0,0.0,0.0,0.0,0.0,0.0,0.0,0.0,0.0,0.0,0.0,0.0,0.0,0.0,0.0,0.0,0.0,0.0,0.0,J,21
0.0,0.0,1.576923,0.154472,2.730769,0.341463,3.538462,0.512195,3.653846,0.674797,0.692308,1.0,3.230769,0.894309,3.269231,0.642276,2.807692,0.544715,-0.115385,0.894309,3.230769,0.707317,2.923077,0.455285,2.461538,0.333333,-0.384615,0.699187,2.846154,0.536585,2.230769,0.268293,1.5,0.138211,-0.307692,0.422764,1.615385,0.536585,2.538462,0.658537,3.538462,0.813008,0,0,0.0,0.0,0.0,0.0,0.0,0.0,0.0,0.0,0.0,0.0,0.0,0.0,0.0,0.0,0.0,0.0,0.0,0.0,0.0,0.0,0.0,0.0,0.0,0.0,0.0,0.0,0.0,0.0,0.0,0.0,0.0,0.0,0.0,0.0,0.0,0.0,0.0,0.0,0.0,0.0,0.0,0.0,J,21
0.0,0.0,1.916667,0.162602,3.25,0.349593,4.208333,0.512195,4.458333,0.658537,1.166667,1.0,3.875,0.894309,3.916667,0.642276,3.333333,0.544715,0.375,0.894309,3.875,0.699187,3.541667,0.455285,3.0,0.357724,0.083333,0.691057,3.5,0.528455,2.916667,0.284553,2.125,0.178862,0.166667,0.422764,2.291667,0.512195,3.333333,0.634146,4.333333,0.772358,0,0,0.0,0.0,0.0,0.0,0.0,0.0,0.0,0.0,0.0,0.0,0.0,0.0,0.0,0.0,0.0,0.0,0.0,0.0,0.0,0.0,0.0,0.0,0.0,0.0,0.0,0.0,0.0,0.0,0.0,0.0,0.0,0.0,0.0,0.0,0.0,0.0,0.0,0.0,0.0,0.0,0.0,0.0,J,21
0.0,0.0,11.75,0.184874,20.75,0.411765,29.0,0.529412,31.75,0.546218,10.25,1.0,27.25,0.915966,26.25,0.655462,22.0,0.588235,7.75,0.840336,27.5,0.731092,25.0,0.487395,20.75,0.428571,7.75,0.621849,26.5,0.546218,23.5,0.336134,18.5,0.285714,9.25,0.369748,22.5,0.436975,27.0,0.504202,30.75,0.630252,0,0,0.0,0.0,0.0,0.0,0.0,0.0,0.0,0.0,0.0,0.0,0.0,0.0,0.0,0.0,0.0,0.0,0.0,0.0,0.0,0.0,0.0,0.0,0.0,0.0,0.0,0.0,0.0,0.0,0.0,0.0,0.0,0.0,0.0,0.0,0.0,0.0,0.0,0.0,0.0,0.0,0.0,0.0,J,21
0.0,0.0,38.0,0.256881,75.0,0.477064,116.0,0.53211,137.0,0.495413,45.0,1.0,116.0,0.963303,112.0,0.678899,94.0,0.614679,38.0,0.779817,115.0,0.706422,108.0,0.46789,91.0,0.431193,38.0,0.495413,111.0,0.46789,101.0,0.311927,80.0,0.284404,44.0,0.201835,94.0,0.311927,118.0,0.431193,135.0,0.59633,0,0,0.0,0.0,0.0,0.0,0.0,0.0,0.0,0.0,0.0,0.0,0.0,0.0,0.0,0.0,0.0,0.0,0.0,0.0,0.0,0.0,0.0,0.0,0.0,0.0,0.0,0.0,0.0,0.0,0.0,0.0,0.0,0.0,0.0,0.0,0.0,0.0,0.0,0.0,0.0,0.0,0.0,0.0,J,21
0.0,0.0,16.5,0.263636,35.0,0.518182,56.0,0.581818,66.0,0.563636,21.5,1.0,57.5,0.990909,55.5,0.709091,47.0,0.654545,18.5,0.781818,57.5,0.727273,54.0,0.5,45.5,0.463636,19.0,0.518182,55.5,0.490909,50.5,0.336364,41.0,0.318182,22.5,0.227273,47.5,0.345455,60.0,0.454545,70.0,0.590909,0,0,0.0,0.0,0.0,0.0,0.0,0.0,0.0,0.0,0.0,0.0,0.0,0.0,0.0,0.0,0.0,0.0,0.0,0.0,0.0,0.0,0.0,0.0,0.0,0.0,0.0,0.0,0.0,0.0,0.0,0.0,0.0,0.0,0.0,0.0,0.0,0.0,0.0,0.0,0.0,0.0,0.0,0.0,J,21
0.0,0.0,3.625,0.351852,8.875,0.601852,14.875,0.62963,17.875,0.518519,5.75,1.0,14.75,0.981481,14.25,0.722222,12.0,0.675926,5.375,0.75,14.75,0.703704,13.875,0.5,11.625,0.472222,5.75,0.462963,14.625,0.472222,13.75,0.342593,11.25,0.324074,6.75,0.166667,13.125,0.296296,16.25,0.398148,18.5,0.518519,0,0,0.0,0.0,0.0,0.0,0.0,0.0,0.0,0.0,0.0,0.0,0.0,0.0,0.0,0.0,0.0,0.0,0.0,0.0,0.0,0.0,0.0,0.0,0.0,0.0,0.0,0.0,0.0,0.0,0.0,0.0,0.0,0.0,0.0,0.0,0.0,0.0,0.0,0.0,0.0,0.0,0.0,0.0,J,21
0.0,0.0,2.076923,0.388889,5.692308,0.657407,9.615385,0.694444,11.076923,0.546296,3.615385,1.0,9.307692,0.972222,9.076923,0.740741,7.692308,0.685185,3.538462,0.731481,9.307692,0.694444,8.923077,0.5,7.461538,0.444444,3.923077,0.435185,9.307692,0.462963,9.076923,0.342593,7.846154,0.305556,4.615385,0.138889,8.538462,0.259259,10.538462,0.333333,12.076923,0.425926,0,0,0.0,0.0,0.0,0.0,0.0,0.0,0.0,0.0,0.0,0.0,0.0,0.0,0.0,0.0,0.0,0.0,0.0,0.0,0.0,0.0,0.0,0.0,0.0,0.0,0.0,0.0,0.0,0.0,0.0,0.0,0.0,0.0,0.0,0.0,0.0,0.0,0.0,0.0,0.0,0.0,0.0,0.0,J,21
0.0,0.0,2.153846,0.396226,5.923077,0.679245,9.923077,0.754717,10.769231,0.603774,3.846154,1.0,9.538462,0.971698,9.230769,0.735849,7.769231,0.688679,3.846154,0.726415,9.615385,0.679245,9.0,0.471698,7.461538,0.433962,4.230769,0.424528,9.769231,0.45283,9.0,0.292453,7.461538,0.254717,4.846154,0.132075,8.846154,0.198113,11.076923,0.226415,12.846154,0.283019,0,0,0.0,0.0,0.0,0.0,0.0,0.0,0.0,0.0,0.0,0.0,0.0,0.0,0.0,0.0,0.0,0.0,0.0,0.0,0.0,0.0,0.0,0.0,0.0,0.0,0.0,0.0,0.0,0.0,0.0,0.0,0.0,0.0,0.0,0.0,0.0,0.0,0.0,0.0,0.0,0.0,0.0,0.0,J,21
0.0,0.0,1.6875,0.413462,4.75,0.701923,8.0625,0.759615,8.9375,0.615385,3.1875,1.0,7.75,0.980769,7.4375,0.75,6.375,0.692308,3.25,0.721154,8.0,0.682692,7.4375,0.480769,6.1875,0.442308,3.6875,0.423077,8.0625,0.451923,7.5625,0.298077,6.3125,0.25,4.1875,0.125,7.4375,0.173077,9.25,0.173077,10.6875,0.192308,0,0,0.0,0.0,0.0,0.0,0.0,0.0,0.0,0.0,0.0,0.0,0.0,0.0,0.0,0.0,0.0,0.0,0.0,0.0,0.0,0.0,0.0,0.0,0.0,0.0,0.0,0.0,0.0,0.0,0.0,0.0,0.0,0.0,0.0,0.0,0.0,0.0,0.0,0.0,0.0,0.0,0.0,0.0,J,21
0.0,0.0,1.444444,0.398058,4.111111,0.669903,7.0,0.728155,8.055556,0.601942,2.777778,1.0,6.888889,1.0,6.5,0.76699,5.5,0.718447,2.944444,0.728155,7.111111,0.708738,6.555556,0.514563,5.444444,0.485437,3.333333,0.427184,7.222222,0.466019,6.666667,0.320388,5.5,0.300971,3.777778,0.126214,6.722222,0.15534,8.333333,0.116505,9.611111,0.116505,0,0,0.0,0.0,0.0,0.0,0.0,0.0,0.0,0.0,0.0,0.0,0.0,0.0,0.0,0.0,0.0,0.0,0.0,0.0,0.0,0.0,0.0,0.0,0.0,0.0,0.0,0.0,0.0,0.0,0.0,0.0,0.0,0.0,0.0,0.0,0.0,0.0,0.0,0.0,0.0,0.0,0.0,0.0,J,21
0.0,0.0,1.388889,0.431373,3.888889,0.715686,6.722222,0.764706,8.111111,0.656863,2.944444,1.0,6.944444,1.019608,6.666667,0.784314,5.611111,0.72549,3.111111,0.72549,7.277778,0.715686,6.777778,0.519608,5.611111,0.470588,3.555556,0.421569,7.444444,0.460784,6.888889,0.323529,5.722222,0.294118,3.944444,0.127451,6.888889,0.147059,8.555556,0.088235,9.833333,0.058824,0,0,0.0,0.0,0.0,0.0,0.0,0.0,0.0,0.0,0.0,0.0,0.0,0.0,0.0,0.0,0.0,0.0,0.0,0.0,0.0,0.0,0.0,0.0,0.0,0.0,0.0,0.0,0.0,0.0,0.0,0.0,0.0,0.0,0.0,0.0,0.0,0.0,0.0,0.0,0.0,0.0,0.0,0.0,J,21
0.0,0.0,1.1,0.44,3.25,0.76,5.65,0.81,6.9,0.65,2.7,1.0,6.3,1.03,5.95,0.8,5.0,0.74,2.95,0.72,6.65,0.74,6.1,0.53,5.1,0.49,3.3,0.41,6.85,0.47,6.3,0.33,5.25,0.29,3.7,0.11,6.35,0.13,7.85,0.07,9.05,0.05,0,0,0.0,0.0,0.0,0.0,0.0,0.0,0.0,0.0,0.0,0.0,0.0,0.0,0.0,0.0,0.0,0.0,0.0,0.0,0.0,0.0,0.0,0.0,0.0,0.0,0.0,0.0,0.0,0.0,0.0,0.0,0.0,0.0,0.0,0.0,0.0,0.0,0.0,0.0,0.0,0.0,0.0,0.0,J,21
0.0,0.0,1.157895,0.44,3.526316,0.74,6.0,0.76,7.421053,0.58,3.052632,1.0,6.842105,1.05,6.421053,0.81,5.368421,0.75,3.315789,0.72,7.157895,0.74,6.526316,0.54,5.473684,0.48,3.684211,0.4,7.421053,0.46,6.736842,0.31,5.631579,0.28,4.052632,0.09,6.894737,0.1,8.526316,0.04,9.842105,0.01,0,0,0.0,0.0,0.0,0.0,0.0,0.0,0.0,0.0,0.0,0.0,0.0,0.0,0.0,0.0,0.0,0.0,0.0,0.0,0.0,0.0,0.0,0.0,0.0,0.0,0.0,0.0,0.0,0.0,0.0,0.0,0.0,0.0,0.0,0.0,0.0,0.0,0.0,0.0,0.0,0.0,0.0,0.0,J,21
0.0,0.0,0.954545,0.459184,2.590909,0.785714,4.363636,0.816327,5.590909,0.612245,2.681818,1.0,6.045455,1.05102,5.636364,0.826531,4.727273,0.765306,2.954545,0.704082,6.363636,0.734694,5.818182,0.540816,4.954545,0.489796,3.363636,0.387755,6.590909,0.44898,6.0,0.316327,5.045455,0.27551,3.681818,0.081633,6.181818,0.091837,7.590909,0.030612,8.772727,0.0,0,0,0.0,0.0,0.0,0.0,0.0,0.0,0.0,0.0,0.0,0.0,0.0,0.0,0.0,0.0,0.0,0.0,0.0,0.0,0.0,0.0,0.0,0.0,0.0,0.0,0.0,0.0,0.0,0.0,0.0,0.0,0.0,0.0,0.0,0.0,0.0,0.0,0.0,0.0,0.0,0.0,0.0,0.0,J,21
0.0,0.0,1.05,0.44,2.95,0.77,4.95,0.82,6.35,0.66,2.95,1.0,6.7,1.03,6.2,0.82,5.25,0.75,3.2,0.72,7.0,0.74,6.4,0.55,5.45,0.49,3.6,0.41,7.1,0.45,6.45,0.34,5.35,0.31,3.95,0.1,6.75,0.11,8.35,0.04,9.65,0.01,0,0,0.0,0.0,0.0,0.0,0.0,0.0,0.0,0.0,0.0,0.0,0.0,0.0,0.0,0.0,0.0,0.0,0.0,0.0,0.0,0.0,0.0,0.0,0.0,0.0,0.0,0.0,0.0,0.0,0.0,0.0,0.0,0.0,0.0,0.0,0.0,0.0,0.0,0.0,0.0,0.0,0.0,0.0,J,21
0.0,0.0,0.956522,0.46875,2.565217,0.791667,4.217391,0.8125,5.391304,0.604167,2.695652,1.0,5.826087,1.0625,5.434783,0.854167,4.565217,0.791667,3.0,0.708333,6.130435,0.760417,5.652174,0.572917,4.869565,0.520833,3.391304,0.395833,6.347826,0.479167,5.869565,0.333333,5.0,0.28125,3.695652,0.104167,6.086957,0.125,7.434783,0.072917,8.565217,0.03125,0,0,0.0,0.0,0.0,0.0,0.0,0.0,0.0,0.0,0.0,0.0,0.0,0.0,0.0,0.0,0.0,0.0,0.0,0.0,0.0,0.0,0.0,0.0,0.0,0.0,0.0,0.0,0.0,0.0,0.0,0.0,0.0,0.0,0.0,0.0,0.0,0.0,0.0,0.0,0.0,0.0,0.0,0.0,J,21
0.0,0.0,0.76,0.46875,2.28,0.8125,3.84,0.864583,4.96,0.697917,2.52,1.0,5.4,1.052083,5.0,0.864583,4.2,0.8125,2.84,0.697917,5.64,0.770833,5.2,0.59375,4.48,0.53125,3.2,0.375,5.8,0.489583,5.32,0.375,4.56,0.322917,3.52,0.083333,5.68,0.114583,6.92,0.052083,7.96,0.03125,0,0,0.0,0.0,0.0,0.0,0.0,0.0,0.0,0.0,0.0,0.0,0.0,0.0,0.0,0.0,0.0,0.0,0.0,0.0,0.0,0.0,0.0,0.0,0.0,0.0,0.0,0.0,0.0,0.0,0.0,0.0,0.0,0.0,0.0,0.0,0.0,0.0,0.0,0.0,0.0,0.0,0.0,0.0,J,21
0.0,0.0,0.76,0.463918,2.4,0.783505,4.04,0.804124,5.16,0.597938,2.64,1.0,5.48,1.051546,5.04,0.865979,4.24,0.814433,3.0,0.690722,5.72,0.773196,5.2,0.608247,4.48,0.536082,3.36,0.371134,5.88,0.515464,5.44,0.402062,4.68,0.350515,3.64,0.092784,5.84,0.123711,7.12,0.061856,8.16,0.041237,0,0,0.0,0.0,0.0,0.0,0.0,0.0,0.0,0.0,0.0,0.0,0.0,0.0,0.0,0.0,0.0,0.0,0.0,0.0,0.0,0.0,0.0,0.0,0.0,0.0,0.0,0.0,0.0,0.0,0.0,0.0,0.0,0.0,0.0,0.0,0.0,0.0,0.0,0.0,0.0,0.0,0.0,0.0,J,21
0.0,0.0,0.55,0.461538,1.95,0.858974,3.65,0.987179,4.85,0.858974,1.95,1.0,5.2,1.076923,4.8,0.871795,3.8,0.807692,2.2,0.653846,5.5,0.730769,5.0,0.564103,4.05,0.487179,2.6,0.282051,5.6,0.384615,5.05,0.282051,4.05,0.24359,2.95,-0.051282,5.3,-0.012821,6.4,-0.038462,7.15,-0.025641,-1.75,0.1794871794871795,0.0,0.0,0.869565,0.46875,2.608696,0.791667,4.304348,0.84375,5.434783,0.645833,3.0,1.0,6.0,1.03125,5.521739,0.864583,4.652174,0.8125,3.347826,0.6875,6.217391,0.760417,5.695652,0.59375,4.956522,0.53125,3.695652,0.364583,6.391304,0.489583,5.956522,0.364583,5.173913,0.302083,4.0,0.083333,6.478261,0.114583,7.869565,0.0625,9.0,0.0625,J,21
0.0,0.0,0.909091,0.478723,2.727273,0.808511,4.5,0.829787,5.681818,0.62766,3.181818,1.0,6.181818,1.031915,5.727273,0.861702,4.818182,0.819149,3.5,0.680851,6.409091,0.744681,5.909091,0.595745,5.136364,0.531915,3.863636,0.351064,6.636364,0.468085,6.181818,0.361702,5.409091,0.308511,4.181818,0.06383,6.727273,0.095745,8.136364,0.053191,9.318182,0.031915,0,0,0.0,0.0,0.0,0.0,0.0,0.0,0.0,0.0,0.0,0.0,0.0,0.0,0.0,0.0,0.0,0.0,0.0,0.0,0.0,0.0,0.0,0.0,0.0,0.0,0.0,0.0,0.0,0.0,0.0,0.0,0.0,0.0,0.0,0.0,0.0,0.0,0.0,0.0,0.0,0.0,0.0,0.0,J,21
0.0,0.0,0.5,0.48,1.95,0.88,3.6,0.986667,4.75,0.866667,1.95,1.0,5.1,1.066667,4.65,0.866667,3.6,0.813333,2.25,0.626667,5.35,0.733333,4.8,0.56,3.9,0.493333,2.6,0.253333,5.5,0.373333,4.9,0.28,3.9,0.24,2.95,-0.093333,5.2,-0.053333,6.35,-0.08,7.15,-0.066667,-1.8,0.2,0.0,0.0,0.952381,0.478723,2.857143,0.808511,4.714286,0.840426,5.952381,0.62766,3.380952,1.0,6.52381,1.021277,6.047619,0.861702,5.142857,0.808511,3.714286,0.691489,6.714286,0.734043,6.190476,0.585106,5.380952,0.521277,4.047619,0.361702,6.857143,0.446809,6.428571,0.340426,5.619048,0.297872,4.380952,0.074468,7.047619,0.106383,8.52381,0.053191,9.761905,0.031915,J,21
0.0,0.0,1.1,0.48913,3.05,0.782609,5.0,0.804348,6.3,0.608696,3.8,1.0,6.9,1.032609,6.4,0.869565,5.45,0.815217,4.2,0.695652,7.1,0.73913,6.55,0.597826,5.7,0.543478,4.55,0.369565,7.25,0.467391,6.8,0.369565,5.95,0.336957,4.8,0.076087,7.5,0.097826,9.0,0.054348,10.25,0.032609,0,0,0.0,0.0,0.0,0.0,0.0,0.0,0.0,0.0,0.0,0.0,0.0,0.0,0.0,0.0,0.0,0.0,0.0,0.0,0.0,0.0,0.0,0.0,0.0,0.0,0.0,0.0,0.0,0.0,0.0,0.0,0.0,0.0,0.0,0.0,0.0,0.0,0.0,0.0,0.0,0.0,0.0,0.0,J,21
0.0,0.0,0.5,0.479452,2.277778,0.890411,4.277778,0.986301,5.555556,0.835616,2.611111,1.0,5.944444,1.082192,5.333333,0.890411,4.222222,0.821918,3.0,0.630137,6.222222,0.739726,5.444444,0.575342,4.444444,0.506849,3.388889,0.246575,6.333333,0.383562,5.611111,0.287671,4.5,0.260274,3.611111,-0.09589,6.111111,-0.054795,7.388889,-0.09589,8.333333,-0.09589,-1.6666666666666667,0.2191780821917808,0.0,0.0,1.0,0.483871,3.105263,0.784946,5.210526,0.806452,6.578947,0.612903,4.0,1.0,7.263158,1.021505,6.684211,0.870968,5.684211,0.827957,4.368421,0.698925,7.473684,0.731183,6.789474,0.602151,5.894737,0.548387,4.736842,0.376344,7.578947,0.451613,6.947368,0.365591,6.052632,0.344086,5.0,0.086022,7.789474,0.096774,9.421053,0.053763,10.736842,0.032258,J,21
0.0,0.0,1.0,0.5,2.9,0.804348,4.75,0.826087,6.05,0.630435,3.7,1.0,6.8,1.032609,6.25,0.880435,5.4,0.836957,4.1,0.684783,7.05,0.73913,6.35,0.608696,5.5,0.554348,4.45,0.358696,7.1,0.456522,6.55,0.380435,5.65,0.358696,4.7,0.076087,7.35,0.097826,8.85,0.054348,10.1,0.032609,0,0,0.0,0.0,0.0,0.0,0.0,0.0,0.0,0.0,0.0,0.0,0.0,0.0,0.0,0.0,0.0,0.0,0.0,0.0,0.0,0.0,0.0,0.0,0.0,0.0,0.0,0.0,0.0,0.0,0.0,0.0,0.0,0.0,0.0,0.0,0.0,0.0,0.0,0.0,0.0,0.0,0.0,0.0,J,21
0.0,0.0,0.4,0.542857,2.0,0.957143,3.8,1.028571,4.9,0.857143,2.4,1.0,5.4,1.1,4.85,0.928571,3.85,0.871429,2.85,0.614286,5.65,0.742857,4.95,0.614286,4.1,0.542857,3.25,0.228571,5.75,0.371429,5.1,0.314286,4.15,0.271429,3.4,-0.114286,5.55,-0.085714,6.6,-0.114286,7.45,-0.114286,-1.35,0.2714285714285714,0.0,0.0,0.727273,0.51087,2.454545,0.815217,4.136364,0.847826,5.318182,0.684783,3.363636,1.0,6.136364,1.043478,5.681818,0.913043,4.909091,0.858696,3.772727,0.684783,6.318182,0.75,5.772727,0.641304,5.045455,0.586957,4.136364,0.358696,6.454545,0.467391,5.954545,0.413043,5.181818,0.380435,4.363636,0.086957,6.727273,0.108696,8.090909,0.065217,9.181818,0.054348,J,21
0.0,0.0,0.95,0.511111,2.9,0.811111,4.75,0.822222,6.05,0.622222,3.75,1.0,6.85,1.044444,6.35,0.888889,5.5,0.833333,4.2,0.677778,7.05,0.744444,6.4,0.622222,5.6,0.566667,4.55,0.355556,7.15,0.455556,6.55,0.388889,5.7,0.366667,4.75,0.066667,7.35,0.1,8.85,0.055556,10.05,0.044444,0,0,0.0,0.0,0.0,0.0,0.0,0.0,0.0,0.0,0.0,0.0,0.0,0.0,0.0,0.0,0.0,0.0,0.0,0.0,0.0,0.0,0.0,0.0,0.0,0.0,0.0,0.0,0.0,0.0,0.0,0.0,0.0,0.0,0.0,0.0,0.0,0.0,0.0,0.0,0.0,0.0,0.0,0.0,J,21
0.0,0.0,0.4,0.5625,2.0,0.984375,3.75,1.046875,4.9,0.875,2.3,1.0,5.25,1.125,4.65,0.9375,3.7,0.875,2.75,0.5625,5.5,0.734375,4.8,0.59375,3.9,0.515625,3.1,0.15625,5.55,0.34375,4.95,0.265625,4.0,0.234375,3.3,-0.21875,5.3,-0.171875,6.35,-0.203125,7.15,-0.203125,-1.6,0.375,0.0,0.0,0.818182,0.527473,2.545455,0.824176,4.227273,0.857143,5.409091,0.692308,3.454545,1.0,6.227273,1.043956,5.818182,0.912088,5.045455,0.857143,3.909091,0.681319,6.454545,0.758242,5.863636,0.637363,5.136364,0.582418,4.227273,0.362637,6.5,0.472527,6.0,0.417582,5.227273,0.395604,4.454545,0.076923,6.772727,0.120879,8.136364,0.076923,9.227273,0.065934,J,21
0.0,0.0,0.826087,0.522222,2.478261,0.822222,4.086957,0.833333,5.130435,0.644444,3.173913,1.0,5.826087,1.044444,5.391304,0.911111,4.652174,0.855556,3.608696,0.666667,6.043478,0.766667,5.478261,0.644444,4.73913,0.588889,3.956522,0.344444,6.130435,0.477778,5.608696,0.422222,4.869565,0.388889,4.173913,0.077778,6.391304,0.111111,7.695652,0.077778,8.73913,0.066667,0,0,0.0,0.0,0.0,0.0,0.0,0.0,0.0,0.0,0.0,0.0,0.0,0.0,0.0,0.0,0.0,0.0,0.0,0.0,0.0,0.0,0.0,0.0,0.0,0.0,0.0,0.0,0.0,0.0,0.0,0.0,0.0,0.0,0.0,0.0,0.0,0.0,0.0,0.0,0.0,0.0,0.0,0.0,J,21
0.0,0.0,0.35,0.571429,1.75,1.015873,3.3,1.095238,4.4,0.920635,1.8,1.0,4.65,1.15873,4.1,0.968254,3.2,0.904762,2.15,0.571429,4.9,0.777778,4.25,0.634921,3.35,0.539683,2.55,0.15873,5.0,0.365079,4.45,0.301587,3.5,0.253968,2.8,-0.206349,4.9,-0.126984,5.9,-0.15873,6.6,-0.174603,-2.05,0.3492063492063492,0.0,0.0,0.818182,0.511111,2.5,0.811111,4.181818,0.822222,5.318182,0.644444,3.318182,1.0,6.090909,1.044444,5.636364,0.9,4.863636,0.844444,3.772727,0.677778,6.272727,0.755556,5.681818,0.633333,4.954545,0.577778,4.136364,0.355556,6.363636,0.477778,5.863636,0.411111,5.090909,0.377778,4.318182,0.077778,6.681818,0.122222,8.0,0.077778,9.090909,0.066667,J,21
0.0,0.0,0.772727,0.516484,2.5,0.824176,4.181818,0.846154,5.363636,0.681319,3.409091,1.0,6.136364,1.054945,5.681818,0.923077,4.954545,0.868132,3.863636,0.681319,6.363636,0.769231,5.772727,0.67033,5.045455,0.615385,4.227273,0.362637,6.409091,0.483516,5.954545,0.43956,5.227273,0.417582,4.409091,0.087912,6.727273,0.120879,8.090909,0.087912,9.181818,0.076923,0,0,0.0,0.0,0.0,0.0,0.0,0.0,0.0,0.0,0.0,0.0,0.0,0.0,0.0,0.0,0.0,0.0,0.0,0.0,0.0,0.0,0.0,0.0,0.0,0.0,0.0,0.0,0.0,0.0,0.0,0.0,0.0,0.0,0.0,0.0,0.0,0.0,0.0,0.0,0.0,0.0,0.0,0.0,J,21
0.0,0.0,0.35,0.573529,1.9,0.985294,3.6,1.044118,4.65,0.882353,2.25,1.0,5.05,1.117647,4.5,0.955882,3.55,0.897059,2.7,0.588235,5.35,0.75,4.65,0.617647,3.85,0.544118,3.05,0.191176,5.5,0.367647,4.9,0.308824,3.95,0.25,3.25,-0.161765,5.5,-0.088235,6.45,-0.132353,7.0,-0.161765,-1.7,0.27941176470588236,0.0,0.0,0.909091,0.516854,2.590909,0.820225,4.272727,0.831461,5.409091,0.640449,3.409091,1.0,6.181818,1.044944,5.727273,0.898876,4.954545,0.831461,3.863636,0.674157,6.409091,0.752809,5.818182,0.629213,5.045455,0.573034,4.181818,0.348315,6.454545,0.460674,5.954545,0.393258,5.181818,0.370787,4.409091,0.067416,6.727273,0.11236,8.090909,0.078652,9.181818,0.078652,J,21
0.0,0.0,0.73913,0.533333,2.304348,0.822222,3.826087,0.855556,4.913043,0.711111,3.26087,1.0,5.869565,1.066667,5.434783,0.944444,4.695652,0.888889,3.73913,0.688889,6.130435,0.788889,5.565217,0.688889,4.826087,0.633333,4.086957,0.366667,6.217391,0.5,5.73913,0.466667,5.0,0.455556,4.26087,0.1,6.478261,0.133333,7.782609,0.111111,8.826087,0.1,0,0,0.0,0.0,0.0,0.0,0.0,0.0,0.0,0.0,0.0,0.0,0.0,0.0,0.0,0.0,0.0,0.0,0.0,0.0,0.0,0.0,0.0,0.0,0.0,0.0,0.0,0.0,0.0,0.0,0.0,0.0,0.0,0.0,0.0,0.0,0.0,0.0,0.0,0.0,0.0,0.0,0.0,0.0,J,21
0.0,0.0,0.26087,0.6,1.478261,1.066667,2.913043,1.166667,3.869565,1.016667,1.478261,1.0,4.0,1.216667,3.565217,1.033333,2.695652,0.95,1.913043,0.533333,4.217391,0.8,3.652174,0.65,2.913043,0.55,2.26087,0.116667,4.391304,0.383333,3.869565,0.333333,3.043478,0.283333,2.478261,-0.25,4.347826,-0.166667,5.26087,-0.183333,5.869565,-0.2,-1.826086956521739,0.4,0.0,0.0,0.75,0.52809,2.291667,0.831461,3.833333,0.853933,4.875,0.674157,3.083333,1.0,5.583333,1.067416,5.125,0.94382,4.416667,0.88764,3.541667,0.674157,5.833333,0.786517,5.25,0.696629,4.583333,0.629213,3.875,0.348315,5.916667,0.494382,5.416667,0.460674,4.708333,0.438202,4.083333,0.078652,6.166667,0.134831,7.416667,0.11236,8.416667,0.101124,J,21
0.0,0.0,0.666667,0.522222,2.25,0.833333,3.75,0.877778,4.791667,0.722222,3.083333,1.0,5.583333,1.088889,5.125,0.955556,4.416667,0.9,3.541667,0.677778,5.833333,0.811111,5.25,0.7,4.583333,0.644444,3.875,0.366667,5.958333,0.522222,5.5,0.477778,4.75,0.444444,4.083333,0.088889,6.208333,0.155556,7.458333,0.133333,8.5,0.133333,0,0,0.0,0.0,0.0,0.0,0.0,0.0,0.0,0.0,0.0,0.0,0.0,0.0,0.0,0.0,0.0,0.0,0.0,0.0,0.0,0.0,0.0,0.0,0.0,0.0,0.0,0.0,0.0,0.0,0.0,0.0,0.0,0.0,0.0,0.0,0.0,0.0,0.0,0.0,0.0,0.0,0.0,0.0,J,21
0.0,0.0,0.708333,0.516484,2.291667,0.835165,3.916667,0.879121,5.0,0.725275,3.0,1.0,5.541667,1.098901,5.125,0.945055,4.416667,0.879121,3.458333,0.681319,5.791667,0.802198,5.25,0.681319,4.541667,0.615385,3.791667,0.362637,5.875,0.516484,5.416667,0.450549,4.708333,0.417582,4.0,0.087912,6.208333,0.153846,7.416667,0.142857,8.416667,0.142857,0,0,0.0,0.0,0.0,0.0,0.0,0.0,0.0,0.0,0.0,0.0,0.0,0.0,0.0,0.0,0.0,0.0,0.0,0.0,0.0,0.0,0.0,0.0,0.0,0.0,0.0,0.0,0.0,0.0,0.0,0.0,0.0,0.0,0.0,0.0,0.0,0.0,0.0,0.0,0.0,0.0,0.0,0.0,J,21
0.0,0.0,0.75,0.5,2.333333,0.826087,4.0,0.869565,5.125,0.717391,2.916667,1.0,5.541667,1.097826,5.125,0.945652,4.416667,0.880435,3.291667,0.684783,5.791667,0.815217,5.291667,0.684783,4.583333,0.619565,3.666667,0.369565,5.875,0.532609,5.5,0.456522,4.833333,0.413043,3.916667,0.086957,6.125,0.184783,7.416667,0.184783,8.458333,0.195652,0,0,0.0,0.0,0.0,0.0,0.0,0.0,0.0,0.0,0.0,0.0,0.0,0.0,0.0,0.0,0.0,0.0,0.0,0.0,0.0,0.0,0.0,0.0,0.0,0.0,0.0,0.0,0.0,0.0,0.0,0.0,0.0,0.0,0.0,0.0,0.0,0.0,0.0,0.0,0.0,0.0,0.0,0.0,J,21
0.0,0.0,0.615385,0.48913,2.115385,0.826087,3.730769,0.891304,4.807692,0.73913,2.5,1.0,5.076923,1.119565,4.653846,0.978261,3.961538,0.902174,2.846154,0.673913,5.307692,0.836957,4.846154,0.717391,4.153846,0.641304,3.192308,0.358696,5.423077,0.543478,5.0,0.478261,4.307692,0.445652,3.5,0.086957,5.576923,0.184783,6.769231,0.195652,7.769231,0.228261,0,0,0.0,0.0,0.0,0.0,0.0,0.0,0.0,0.0,0.0,0.0,0.0,0.0,0.0,0.0,0.0,0.0,0.0,0.0,0.0,0.0,0.0,0.0,0.0,0.0,0.0,0.0,0.0,0.0,0.0,0.0,0.0,0.0,0.0,0.0,0.0,0.0,0.0,0.0,0.0,0.0,0.0,0.0,J,21
0.0,0.0,0.269231,0.486111,1.346154,0.958333,2.730769,1.097222,3.653846,1.0,1.230769,1.0,3.653846,1.194444,3.384615,0.986111,2.653846,0.902778,1.538462,0.625,3.961538,0.833333,3.538462,0.666667,2.807692,0.583333,1.923077,0.25,4.076923,0.486111,3.615385,0.388889,2.846154,0.319444,2.230769,-0.069444,4.076923,0.041667,5.115385,0.055556,5.923077,0.083333,-1.3846153846153846,0.2361111111111111,0.0,0.0,0.62963,0.463158,2.185185,0.8,3.777778,0.873684,4.851852,0.747368,2.333333,1.0,4.962963,1.115789,4.592593,0.926316,3.851852,0.852632,2.703704,0.694737,5.148148,0.821053,4.740741,0.652632,4.037037,0.578947,3.037037,0.368421,5.296296,0.547368,4.962963,0.431579,4.259259,0.378947,3.333333,0.084211,5.37037,0.2,6.555556,0.210526,7.518519,0.242105,J,21
0.0,0.0,0.833333,0.44898,2.583333,0.77551,4.333333,0.826531,5.416667,0.663265,2.541667,1.0,5.541667,1.112245,5.125,0.887755,4.333333,0.806122,2.833333,0.693878,5.75,0.806122,5.291667,0.612245,4.5,0.55102,3.208333,0.377551,5.875,0.530612,5.5,0.387755,4.708333,0.326531,3.541667,0.091837,5.875,0.204082,7.25,0.234694,8.333333,0.285714,0,0,0.0,0.0,0.0,0.0,0.0,0.0,0.0,0.0,0.0,0.0,0.0,0.0,0.0,0.0,0.0,0.0,0.0,0.0,0.0,0.0,0.0,0.0,0.0,0.0,0.0,0.0,0.0,0.0,0.0,0.0,0.0,0.0,0.0,0.0,0.0,0.0,0.0,0.0,0.0,0.0,0.0,0.0,J,21
0.0,0.0,0.84,0.444444,2.72,0.777778,4.72,0.848485,5.52,0.707071,2.24,1.0,5.08,1.080808,4.68,0.838384,3.88,0.767677,2.52,0.686869,5.36,0.757576,4.92,0.545455,4.08,0.494949,2.84,0.363636,5.48,0.474747,5.04,0.313131,4.24,0.252525,3.24,0.070707,5.44,0.191919,6.76,0.222222,7.76,0.282828,0,0,0.0,0.0,0.0,0.0,0.0,0.0,0.0,0.0,0.0,0.0,0.0,0.0,0.0,0.0,0.0,0.0,0.0,0.0,0.0,0.0,0.0,0.0,0.0,0.0,0.0,0.0,0.0,0.0,0.0,0.0,0.0,0.0,0.0,0.0,0.0,0.0,0.0,0.0,0.0,0.0,0.0,0.0,J,21
0.0,0.0,1.5,0.378641,4.166667,0.669903,6.944444,0.76699,7.666667,0.631068,2.888889,1.0,6.833333,1.029126,6.333333,0.786408,5.277778,0.728155,3.055556,0.728155,6.888889,0.718447,6.388889,0.514563,5.333333,0.475728,3.388889,0.417476,7.055556,0.456311,6.388889,0.31068,5.277778,0.262136,3.888889,0.126214,6.944444,0.194175,8.833333,0.223301,10.277778,0.271845,0,0,0.0,0.0,0.0,0.0,0.0,0.0,0.0,0.0,0.0,0.0,0.0,0.0,0.0,0.0,0.0,0.0,0.0,0.0,0.0,0.0,0.0,0.0,0.0,0.0,0.0,0.0,0.0,0.0,0.0,0.0,0.0,0.0,0.0,0.0,0.0,0.0,0.0,0.0,0.0,0.0,0.0,0.0,J,21
0.0,0.0,6.6,0.327103,16.0,0.598131,25.4,0.691589,28.0,0.626168,11.0,1.0,25.0,0.971963,23.6,0.728972,20.0,0.663551,10.0,0.747664,24.4,0.654206,22.8,0.448598,19.4,0.401869,10.4,0.439252,24.2,0.392523,22.6,0.233645,19.2,0.196262,12.0,0.140187,23.8,0.186916,30.6,0.214953,36.2,0.252336,0,0,0.0,0.0,0.0,0.0,0.0,0.0,0.0,0.0,0.0,0.0,0.0,0.0,0.0,0.0,0.0,0.0,0.0,0.0,0.0,0.0,0.0,0.0,0.0,0.0,0.0,0.0,0.0,0.0,0.0,0.0,0.0,0.0,0.0,0.0,0.0,0.0,0.0,0.0,0.0,0.0,0.0,0.0,J,21
0.0,0.0,10.333333,0.327103,24.333333,0.616822,39.0,0.691589,46.333333,0.635514,17.666667,1.0,40.333333,0.971963,38.0,0.766355,32.333333,0.71028,15.0,0.766355,38.666667,0.64486,36.333333,0.46729,31.666667,0.411215,15.0,0.476636,38.0,0.392523,36.333333,0.252336,32.0,0.196262,16.666667,0.186916,36.333333,0.224299,46.666667,0.224299,54.666667,0.233645,0,0,0.0,0.0,0.0,0.0,0.0,0.0,0.0,0.0,0.0,0.0,0.0,0.0,0.0,0.0,0.0,0.0,0.0,0.0,0.0,0.0,0.0,0.0,0.0,0.0,0.0,0.0,0.0,0.0,0.0,0.0,0.0,0.0,0.0,0.0,0.0,0.0,0.0,0.0,0.0,0.0,0.0,0.0,J,21
0.0,0.0,1.4,0.225225,3.16,0.441441,4.64,0.486486,5.08,0.477477,2.36,1.0,4.84,0.891892,4.56,0.666667,3.88,0.612613,1.84,0.828829,4.48,0.576577,4.12,0.405405,3.4,0.414414,1.52,0.585586,4.16,0.351351,3.68,0.225225,2.92,0.252252,1.36,0.333333,3.72,0.189189,3.36,0.09009,2.64,0.081081,0,0,0.0,0.0,0.0,0.0,0.0,0.0,0.0,0.0,0.0,0.0,0.0,0.0,0.0,0.0,0.0,0.0,0.0,0.0,0.0,0.0,0.0,0.0,0.0,0.0,0.0,0.0,0.0,0.0,0.0,0.0,0.0,0.0,0.0,0.0,0.0,0.0,0.0,0.0,0.0,0.0,0.0,0.0,J,21
0.0,0.0,0.952381,0.171171,1.857143,0.36036,2.595238,0.414414,3.0,0.387387,1.380952,1.0,2.785714,0.801802,2.547619,0.567568,2.119048,0.522523,0.928571,0.846847,2.452381,0.540541,2.166667,0.36036,1.738095,0.369369,0.595238,0.621622,2.095238,0.342342,1.785714,0.216216,1.357143,0.234234,0.380952,0.378378,1.666667,0.18018,1.428571,0.081081,0.97619,0.09009,0,0,0.0,0.0,0.0,0.0,0.0,0.0,0.0,0.0,0.0,0.0,0.0,0.0,0.0,0.0,0.0,0.0,0.0,0.0,0.0,0.0,0.0,0.0,0.0,0.0,0.0,0.0,0.0,0.0,0.0,0.0,0.0,0.0,0.0,0.0,0.0,0.0,0.0,0.0,0.0,0.0,0.0,0.0,J,21
0.0,0.0,0.840909,0.203883,1.659091,0.504854,2.318182,0.699029,2.840909,0.805825,1.159091,1.0,2.386364,0.805825,2.477273,0.553398,2.227273,0.456311,0.727273,0.864078,2.090909,0.582524,2.090909,0.359223,1.795455,0.300971,0.409091,0.669903,1.704545,0.378641,1.681818,0.194175,1.431818,0.15534,0.159091,0.456311,1.227273,0.23301,1.25,0.087379,1.045455,0.058252,0,0,0.0,0.0,0.0,0.0,0.0,0.0,0.0,0.0,0.0,0.0,0.0,0.0,0.0,0.0,0.0,0.0,0.0,0.0,0.0,0.0,0.0,0.0,0.0,0.0,0.0,0.0,0.0,0.0,0.0,0.0,0.0,0.0,0.0,0.0,0.0,0.0,0.0,0.0,0.0,0.0,0.0,0.0,J,21
