h0x0,h0y0,h0x1,h0y1,h0x2,h0y2,h0x3,h0y3,h0x4,h0y4,h0x5,h0y5,h0x6,h0y6,h0x7,h0y7,h0x8,h0y8,h0x9,h0y9,h0x10,h0y10,h0x11,h0y11,h0x12,h0y12,h0x13,h0y13,h0x14,h0y14,h0x15,h0y15,h0x16,h0y16,h0x17,h0y17,h0x18,h0y18,h0x19,h0y19,h0x20,h0y20,h1x0,h1y0,h1x1,h1y1,h1x2,h1y2,h1x3,h1y3,h1x4,h1y4,h1x5,h1y5,h1x6,h1y6,h1x7,h1y7,h1x8,h1y8,h1x9,h1y9,h1x10,h1y10,h1x11,h1y11,h1x12,h1y12,h1x13,h1y13,h1x14,h1y14,h1x15,h1y15,h1x16,h1y16,h1x17,h1y17,h1x18,h1y18,h1x19,h1y19,h1x20,h1y20,dist_x,dist_y,label,clip_id
0.0,0.0,0.517857,0.214286,0.875,0.657143,0.946429,1.042857,1.089286,1.314286,0.464286,1.0,0.5,1.242857,0.446429,0.914286,0.410714,0.642857,0.107143,0.985714,0.125,1.242857,0.125,0.871429,0.107143,0.585714,-0.214286,0.928571,-0.214286,1.185714,-0.160714,0.828571,-0.125,0.557143,-0.535714,0.842857,-0.535714,1.085714,-0.446429,0.828571,-0.375,0.614286,0.0,0.0,0.0,0.0,0.0,0.0,0.0,0.0,0.0,0.0,0.0,0.0,0.0,0.0,0.0,0.0,0.0,0.0,0.0,0.0,0.0,0.0,0.0,0.0,0.0,0.0,0.0,0.0,0.0,0.0,0.0,0.0,0.0,0.0,0.0,0.0,0.0,0.0,0.0,0.0,0.0,0.0,0.0,0.0,other,0.0
0.0,0.0,0.459016,0.2,0.770492,0.671429,0.819672,1.057143,0.95082,1.342857,0.409836,1.0,0.442623,1.228571,0.393443,0.914286,0.344262,0.628571,0.065574,1.0,0.114754,1.242857,0.065574,0.842857,0.065574,0.528571,-0.262295,0.942857,-0.229508,1.185714,-0.196721,0.785714,-0.163934,0.5,-0.590164,0.857143,-0.540984,1.085714,-0.459016,0.8,-0.393443,0.585714,0.0,0.0,0.0,0.0,0.0,0.0,0.0,0.0,0.0,0.0,0.0,0.0,0.0,0.0,0.0,0.0,0.0,0.0,0.0,0.0,0.0,0.0,0.0,0.0,0.0,0.0,0.0,0.0,0.0,0.0,0.0,0.0,0.0,0.0,0.0,0.0,0.0,0.0,0.0,0.0,0.0,0.0,0.0,0.0,other,0.0
0.0,0.0,0.459016,0.236111,0.754098,0.694444,0.803279,1.069444,0.95082,1.333333,0.377049,1.0,0.42623,1.222222,0.393443,0.902778,0.360656,0.611111,0.032787,0.972222,0.081967,1.208333,0.081967,0.819444,0.081967,0.513889,-0.295082,0.916667,-0.245902,1.166667,-0.196721,0.777778,-0.147541,0.486111,-0.622951,0.819444,-0.57377,1.055556,-0.47541,0.791667,-0.409836,0.569444,0.0,0.0,0.0,0.0,0.0,0.0,0.0,0.0,0.0,0.0,0.0,0.0,0.0,0.0,0.0,0.0,0.0,0.0,0.0,0.0,0.0,0.0,0.0,0.0,0.0,0.0,0.0,0.0,0.0,0.0,0.0,0.0,0.0,0.0,0.0,0.0,0.0,0.0,0.0,0.0,0.0,0.0,0.0,0.0,other,0.0
0.0,0.0,0.474576,0.253521,0.762712,0.71831,0.779661,1.098592,0.898305,1.380282,0.338983,1.0,0.372881,1.253521,0.322034,0.915493,0.305085,0.619718,-0.016949,0.971831,0.0,1.225352,0.0,0.816901,0.033898,0.535211,-0.338983,0.915493,-0.322034,1.169014,-0.271186,0.774648,-0.220339,0.492958,-0.661017,0.816901,-0.644068,1.070423,-0.559322,0.802817,-0.508475,0.591549,0.0,0.0,0.0,0.0,0.0,0.0,0.0,0.0,0.0,0.0,0.0,0.0,0.0,0.0,0.0,0.0,0.0,0.0,0.0,0.0,0.0,0.0,0.0,0.0,0.0,0.0,0.0,0.0,0.0,0.0,0.0,0.0,0.0,0.0,0.0,0.0,0.0,0.0,0.0,0.0,0.0,0.0,0.0,0.0,other,0.0
0.0,0.0,0.444444,0.266667,0.714286,0.746667,0.730159,1.133333,0.857143,1.413333,0.31746,1.0,0.333333,1.24,0.285714,0.92,0.269841,0.64,-0.031746,0.96,-0.015873,1.226667,-0.015873,0.84,0.0,0.546667,-0.349206,0.906667,-0.333333,1.146667,-0.285714,0.773333,-0.222222,0.493333,-0.68254,0.8,-0.650794,1.04,-0.555556,0.786667,-0.492063,0.586667,0.0,0.0,0.0,0.0,0.0,0.0,0.0,0.0,0.0,0.0,0.0,0.0,0.0,0.0,0.0,0.0,0.0,0.0,0.0,0.0,0.0,0.0,0.0,0.0,0.0,0.0,0.0,0.0,0.0,0.0,0.0,0.0,0.0,0.0,0.0,0.0,0.0,0.0,0.0,0.0,0.0,0.0,0.0,0.0,other,0.0
0.0,0.0,0.45,0.253333,0.733333,0.72,0.733333,1.12,0.833333,1.4,0.3,1.0,0.316667,1.24,0.3,0.92,0.3,0.64,-0.05,0.96,-0.05,1.213333,-0.033333,0.813333,0.016667,0.533333,-0.383333,0.893333,-0.383333,1.133333,-0.3,0.746667,-0.233333,0.48,-0.7,0.773333,-0.7,1.026667,-0.6,0.76,-0.516667,0.56,0.0,0.0,0.0,0.0,0.0,0.0,0.0,0.0,0.0,0.0,0.0,0.0,0.0,0.0,0.0,0.0,0.0,0.0,0.0,0.0,0.0,0.0,0.0,0.0,0.0,0.0,0.0,0.0,0.0,0.0,0.0,0.0,0.0,0.0,0.0,0.0,0.0,0.0,0.0,0.0,0.0,0.0,0.0,0.0,other,0.0
0.0,0.0,0.508772,0.220588,0.842105,0.691176,0.877193,1.088235,1.035088,1.367647,0.491228,1.0,0.508772,1.264706,0.438596,0.955882,0.385965,0.661765,0.157895,1.0,0.157895,1.264706,0.105263,0.882353,0.122807,0.588235,-0.175439,0.970588,-0.175439,1.205882,-0.157895,0.823529,-0.122807,0.544118,-0.508772,0.882353,-0.473684,1.117647,-0.421053,0.852941,-0.350877,0.647059,0.0,0.0,0.0,0.0,0.0,0.0,0.0,0.0,0.0,0.0,0.0,0.0,0.0,0.0,0.0,0.0,0.0,0.0,0.0,0.0,0.0,0.0,0.0,0.0,0.0,0.0,0.0,0.0,0.0,0.0,0.0,0.0,0.0,0.0,0.0,0.0,0.0,0.0,0.0,0.0,0.0,0.0,0.0,0.0,other,0.0
0.0,0.0,0.509804,0.223881,0.901961,0.671642,0.941176,1.074627,1.078431,1.373134,0.509804,1.0,0.470588,1.208955,0.431373,0.880597,0.411765,0.626866,0.156863,1.0,0.078431,1.208955,0.078431,0.835821,0.098039,0.58209,-0.176471,0.955224,-0.27451,1.134328,-0.215686,0.776119,-0.117647,0.552239,-0.490196,0.865672,-0.54902,1.029851,-0.45098,0.761194,-0.352941,0.58209,0.0,0.0,0.0,0.0,0.0,0.0,0.0,0.0,0.0,0.0,0.0,0.0,0.0,0.0,0.0,0.0,0.0,0.0,0.0,0.0,0.0,0.0,0.0,0.0,0.0,0.0,0.0,0.0,0.0,0.0,0.0,0.0,0.0,0.0,0.0,0.0,0.0,0.0,0.0,0.0,0.0,0.0,0.0,0.0,other,0.0
0.0,0.0,0.5,0.225806,0.854167,0.693548,0.875,1.112903,1.041667,1.419355,0.479167,1.0,0.416667,1.258065,0.354167,0.935484,0.333333,0.66129,0.104167,0.983871,0.0625,1.209677,0.041667,0.83871,0.041667,0.564516,-0.208333,0.935484,-0.270833,1.193548,-0.229167,0.822581,-0.1875,0.548387,-0.520833,0.854839,-0.541667,1.096774,-0.5,0.83871,-0.416667,0.612903,0.0,0.0,0.0,0.0,0.0,0.0,0.0,0.0,0.0,0.0,0.0,0.0,0.0,0.0,0.0,0.0,0.0,0.0,0.0,0.0,0.0,0.0,0.0,0.0,0.0,0.0,0.0,0.0,0.0,0.0,0.0,0.0,0.0,0.0,0.0,0.0,0.0,0.0,0.0,0.0,0.0,0.0,0.0,0.0,other,0.0
0.0,0.0,0.52,0.238806,0.84,0.656716,0.9,1.044776,1.06,1.313433,0.42,1.0,0.44,1.149254,0.42,0.850746,0.4,0.641791,0.04,1.0,0.06,1.104478,0.08,0.776119,0.12,0.552239,-0.28,0.955224,-0.28,1.044776,-0.2,0.746269,-0.14,0.537313,-0.58,0.865672,-0.58,0.985075,-0.48,0.746269,-0.4,0.567164,0.0,0.0,0.0,0.0,0.0,0.0,0.0,0.0,0.0,0.0,0.0,0.0,0.0,0.0,0.0,0.0,0.0,0.0,0.0,0.0,0.0,0.0,0.0,0.0,0.0,0.0,0.0,0.0,0.0,0.0,0.0,0.0,0.0,0.0,0.0,0.0,0.0,0.0,0.0,0.0,0.0,0.0,0.0,0.0,other,0.0
0.0,0.0,0.514706,0.25,0.926471,0.666667,1.029412,1.069444,1.147059,1.361111,0.588235,1.0,0.647059,1.347222,0.602941,1.055556,0.573529,0.777778,0.235294,1.027778,0.279412,1.388889,0.264706,1.0,0.25,0.708333,-0.088235,1.027778,-0.058824,1.347222,-0.044118,0.958333,-0.029412,0.680556,-0.411765,0.972222,-0.367647,1.25,-0.323529,0.944444,-0.308824,0.708333,0.0,0.0,0.0,0.0,0.0,0.0,0.0,0.0,0.0,0.0,0.0,0.0,0.0,0.0,0.0,0.0,0.0,0.0,0.0,0.0,0.0,0.0,0.0,0.0,0.0,0.0,0.0,0.0,0.0,0.0,0.0,0.0,0.0,0.0,0.0,0.0,0.0,0.0,0.0,0.0,0.0,0.0,0.0,0.0,other,0.0
0.0,0.0,0.454545,0.284404,0.772727,0.678899,0.795455,1.018349,0.840909,1.293578,0.352273,1.0,0.352273,1.229358,0.375,0.944954,0.375,0.697248,0.0,0.972477,-0.011364,1.238532,0.045455,0.880734,0.090909,0.614679,-0.329545,0.917431,-0.340909,1.165138,-0.238636,0.816514,-0.181818,0.559633,-0.647727,0.816514,-0.636364,1.045872,-0.511364,0.779817,-0.454545,0.577982,0.0,0.0,0.0,0.0,0.0,0.0,0.0,0.0,0.0,0.0,0.0,0.0,0.0,0.0,0.0,0.0,0.0,0.0,0.0,0.0,0.0,0.0,0.0,0.0,0.0,0.0,0.0,0.0,0.0,0.0,0.0,0.0,0.0,0.0,0.0,0.0,0.0,0.0,0.0,0.0,0.0,0.0,0.0,0.0,other,0.0
0.0,0.0,0.44898,0.25,0.755102,0.71875,0.744898,1.125,0.806122,1.429688,0.336735,1.0,0.27551,1.242188,0.234694,0.921875,0.22449,0.65625,-0.030612,0.960938,-0.102041,1.210938,-0.102041,0.828125,-0.061224,0.554688,-0.357143,0.898438,-0.44898,1.117188,-0.377551,0.75,-0.285714,0.5,-0.663265,0.796875,-0.734694,1.023438,-0.622449,0.765625,-0.520408,0.570312,0.0,0.0,0.0,0.0,0.0,0.0,0.0,0.0,0.0,0.0,0.0,0.0,0.0,0.0,0.0,0.0,0.0,0.0,0.0,0.0,0.0,0.0,0.0,0.0,0.0,0.0,0.0,0.0,0.0,0.0,0.0,0.0,0.0,0.0,0.0,0.0,0.0,0.0,0.0,0.0,0.0,0.0,0.0,0.0,other,0.0
0.0,0.0,0.5,0.2,0.918605,0.643478,1.0,1.069565,1.104651,1.4,0.546512,1.0,0.476744,1.243478,0.348837,0.93913,0.267442,0.66087,0.186047,1.0,0.093023,1.208696,0.0,0.843478,-0.023256,0.547826,-0.139535,0.965217,-0.267442,1.165217,-0.267442,0.826087,-0.22093,0.556522,-0.453488,0.904348,-0.546512,1.086957,-0.5,0.834783,-0.406977,0.643478,0.0,0.0,0.0,0.0,0.0,0.0,0.0,0.0,0.0,0.0,0.0,0.0,0.0,0.0,0.0,0.0,0.0,0.0,0.0,0.0,0.0,0.0,0.0,0.0,0.0,0.0,0.0,0.0,0.0,0.0,0.0,0.0,0.0,0.0,0.0,0.0,0.0,0.0,0.0,0.0,0.0,0.0,0.0,0.0,other,0.0
0.0,0.0,0.454545,0.231481,0.727273,0.694444,0.738636,1.064815,0.840909,1.333333,0.386364,1.0,0.431818,1.185185,0.409091,0.888889,0.375,0.62037,0.045455,0.981481,0.102273,1.212963,0.113636,0.842593,0.113636,0.527778,-0.284091,0.935185,-0.238636,1.157407,-0.159091,0.787037,-0.113636,0.490741,-0.613636,0.851852,-0.545455,1.064815,-0.431818,0.814815,-0.363636,0.592593,0.0,0.0,0.0,0.0,0.0,0.0,0.0,0.0,0.0,0.0,0.0,0.0,0.0,0.0,0.0,0.0,0.0,0.0,0.0,0.0,0.0,0.0,0.0,0.0,0.0,0.0,0.0,0.0,0.0,0.0,0.0,0.0,0.0,0.0,0.0,0.0,0.0,0.0,0.0,0.0,0.0,0.0,0.0,0.0,other,0.0
0.0,0.0,0.473684,0.211111,0.776316,0.655556,0.842105,1.033333,0.973684,1.311111,0.460526,1.0,0.539474,1.2,0.486842,0.888889,0.421053,0.6,0.131579,1.0,0.223684,1.222222,0.184211,0.844444,0.157895,0.522222,-0.197368,0.966667,-0.118421,1.177778,-0.078947,0.8,-0.065789,0.488889,-0.539474,0.9,-0.434211,1.111111,-0.342105,0.844444,-0.302632,0.622222,0.0,0.0,0.0,0.0,0.0,0.0,0.0,0.0,0.0,0.0,0.0,0.0,0.0,0.0,0.0,0.0,0.0,0.0,0.0,0.0,0.0,0.0,0.0,0.0,0.0,0.0,0.0,0.0,0.0,0.0,0.0,0.0,0.0,0.0,0.0,0.0,0.0,0.0,0.0,0.0,0.0,0.0,0.0,0.0,other,0.0
0.0,0.0,0.483871,0.205479,0.854839,0.643836,0.983871,1.041096,1.112903,1.342466,0.532258,1.0,0.612903,1.219178,0.516129,0.917808,0.435484,0.643836,0.193548,1.013699,0.274194,1.260274,0.193548,0.863014,0.16129,0.547945,-0.129032,1.0,-0.048387,1.232877,-0.064516,0.835616,-0.048387,0.520548,-0.467742,0.945205,-0.370968,1.164384,-0.322581,0.876712,-0.290323,0.657534,0.0,0.0,0.0,0.0,0.0,0.0,0.0,0.0,0.0,0.0,0.0,0.0,0.0,0.0,0.0,0.0,0.0,0.0,0.0,0.0,0.0,0.0,0.0,0.0,0.0,0.0,0.0,0.0,0.0,0.0,0.0,0.0,0.0,0.0,0.0,0.0,0.0,0.0,0.0,0.0,0.0,0.0,0.0,0.0,other,0.0
0.0,0.0,0.509434,0.184615,0.886792,0.646154,0.943396,1.076923,1.09434,1.384615,0.528302,1.0,0.54717,1.215385,0.45283,0.892308,0.396226,0.615385,0.169811,1.0,0.207547,1.230769,0.150943,0.846154,0.132075,0.553846,-0.150943,0.969231,-0.132075,1.2,-0.113208,0.830769,-0.09434,0.538462,-0.471698,0.892308,-0.433962,1.138462,-0.377358,0.876923,-0.339623,0.646154,0.0,0.0,0.0,0.0,0.0,0.0,0.0,0.0,0.0,0.0,0.0,0.0,0.0,0.0,0.0,0.0,0.0,0.0,0.0,0.0,0.0,0.0,0.0,0.0,0.0,0.0,0.0,0.0,0.0,0.0,0.0,0.0,0.0,0.0,0.0,0.0,0.0,0.0,0.0,0.0,0.0,0.0,0.0,0.0,other,0.0
0.0,0.0,0.481481,0.161765,0.814815,0.632353,0.833333,1.058824,0.962963,1.382353,0.444444,1.0,0.425926,1.176471,0.37037,0.852941,0.333333,0.573529,0.092593,0.985294,0.074074,1.161765,0.055556,0.764706,0.074074,0.485294,-0.222222,0.926471,-0.259259,1.132353,-0.222222,0.735294,-0.166667,0.470588,-0.555556,0.838235,-0.555556,1.029412,-0.481481,0.75,-0.407407,0.529412,0.0,0.0,0.0,0.0,0.0,0.0,0.0,0.0,0.0,0.0,0.0,0.0,0.0,0.0,0.0,0.0,0.0,0.0,0.0,0.0,0.0,0.0,0.0,0.0,0.0,0.0,0.0,0.0,0.0,0.0,0.0,0.0,0.0,0.0,0.0,0.0,0.0,0.0,0.0,0.0,0.0,0.0,0.0,0.0,other,0.0
0.0,0.0,0.490909,0.181818,0.818182,0.651515,0.836364,1.090909,0.963636,1.409091,0.472727,1.0,0.454545,1.212121,0.4,0.878788,0.363636,0.606061,0.109091,0.984848,0.109091,1.19697,0.090909,0.787879,0.109091,0.515152,-0.2,0.939394,-0.218182,1.151515,-0.181818,0.757576,-0.127273,0.484848,-0.527273,0.848485,-0.527273,1.060606,-0.436364,0.772727,-0.363636,0.545455,0.0,0.0,0.0,0.0,0.0,0.0,0.0,0.0,0.0,0.0,0.0,0.0,0.0,0.0,0.0,0.0,0.0,0.0,0.0,0.0,0.0,0.0,0.0,0.0,0.0,0.0,0.0,0.0,0.0,0.0,0.0,0.0,0.0,0.0,0.0,0.0,0.0,0.0,0.0,0.0,0.0,0.0,0.0,0.0,other,0.0
0.0,0.0,0.481481,0.208955,0.814815,0.686567,0.851852,1.119403,0.981481,1.432836,0.444444,1.0,0.425926,1.19403,0.388889,0.850746,0.37037,0.58209,0.074074,0.985075,0.092593,1.19403,0.092593,0.776119,0.092593,0.492537,-0.240741,0.925373,-0.240741,1.149254,-0.185185,0.746269,-0.148148,0.462687,-0.555556,0.835821,-0.537037,1.059701,-0.462963,0.761194,-0.388889,0.537313,0.0,0.0,0.0,0.0,0.0,0.0,0.0,0.0,0.0,0.0,0.0,0.0,0.0,0.0,0.0,0.0,0.0,0.0,0.0,0.0,0.0,0.0,0.0,0.0,0.0,0.0,0.0,0.0,0.0,0.0,0.0,0.0,0.0,0.0,0.0,0.0,0.0,0.0,0.0,0.0,0.0,0.0,0.0,0.0,other,0.0
0.0,0.0,0.490909,0.149254,0.836364,0.61194,0.872727,1.044776,0.981818,1.373134,0.472727,1.0,0.472727,1.179104,0.418182,0.850746,0.381818,0.567164,0.109091,0.985075,0.109091,1.164179,0.090909,0.761194,0.109091,0.462687,-0.218182,0.925373,-0.218182,1.119403,-0.181818,0.716418,-0.127273,0.432836,-0.527273,0.835821,-0.509091,1.044776,-0.436364,0.761194,-0.381818,0.522388,0.0,0.0,0.0,0.0,0.0,0.0,0.0,0.0,0.0,0.0,0.0,0.0,0.0,0.0,0.0,0.0,0.0,0.0,0.0,0.0,0.0,0.0,0.0,0.0,0.0,0.0,0.0,0.0,0.0,0.0,0.0,0.0,0.0,0.0,0.0,0.0,0.0,0.0,0.0,0.0,0.0,0.0,0.0,0.0,other,0.0
0.0,0.0,0.490566,0.190476,0.849057,0.650794,0.886792,1.063492,1.0,1.380952,0.509434,1.0,0.509434,1.222222,0.433962,0.888889,0.396226,0.587302,0.150943,1.015873,0.169811,1.238095,0.132075,0.857143,0.132075,0.539683,-0.169811,0.984127,-0.169811,1.190476,-0.150943,0.793651,-0.113208,0.507937,-0.490566,0.904762,-0.45283,1.126984,-0.396226,0.84127,-0.358491,0.603175,0.0,0.0,0.0,0.0,0.0,0.0,0.0,0.0,0.0,0.0,0.0,0.0,0.0,0.0,0.0,0.0,0.0,0.0,0.0,0.0,0.0,0.0,0.0,0.0,0.0,0.0,0.0,0.0,0.0,0.0,0.0,0.0,0.0,0.0,0.0,0.0,0.0,0.0,0.0,0.0,0.0,0.0,0.0,0.0,other,0.0
0.0,0.0,0.480769,0.171875,0.865385,0.625,0.961538,1.015625,1.057692,1.328125,0.519231,1.0,0.538462,1.1875,0.461538,0.875,0.403846,0.625,0.153846,0.984375,0.173077,1.1875,0.153846,0.8125,0.134615,0.546875,-0.153846,0.9375,-0.173077,1.140625,-0.115385,0.78125,-0.076923,0.515625,-0.480769,0.859375,-0.461538,1.046875,-0.365385,0.78125,-0.307692,0.5625,0.0,0.0,0.0,0.0,0.0,0.0,0.0,0.0,0.0,0.0,0.0,0.0,0.0,0.0,0.0,0.0,0.0,0.0,0.0,0.0,0.0,0.0,0.0,0.0,0.0,0.0,0.0,0.0,0.0,0.0,0.0,0.0,0.0,0.0,0.0,0.0,0.0,0.0,0.0,0.0,0.0,0.0,0.0,0.0,other,0.0
0.0,0.0,0.490566,0.184615,0.849057,0.646154,0.962264,1.061538,1.075472,1.353846,0.45283,1.0,0.490566,1.184615,0.433962,0.846154,0.396226,0.584615,0.113208,1.0,0.150943,1.184615,0.132075,0.784615,0.132075,0.507692,-0.226415,0.953846,-0.188679,1.138462,-0.150943,0.753846,-0.113208,0.476923,-0.54717,0.876923,-0.471698,1.061538,-0.415094,0.753846,-0.377358,0.538462,0.0,0.0,0.0,0.0,0.0,0.0,0.0,0.0,0.0,0.0,0.0,0.0,0.0,0.0,0.0,0.0,0.0,0.0,0.0,0.0,0.0,0.0,0.0,0.0,0.0,0.0,0.0,0.0,0.0,0.0,0.0,0.0,0.0,0.0,0.0,0.0,0.0,0.0,0.0,0.0,0.0,0.0,0.0,0.0,other,0.0
0.0,0.0,0.490566,0.1875,0.849057,0.640625,0.90566,1.078125,1.037736,1.390625,0.528302,1.0,0.528302,1.21875,0.471698,0.875,0.433962,0.59375,0.169811,1.0,0.169811,1.203125,0.132075,0.796875,0.132075,0.515625,-0.150943,0.96875,-0.169811,1.15625,-0.150943,0.765625,-0.09434,0.5,-0.471698,0.875,-0.471698,1.09375,-0.415094,0.78125,-0.358491,0.5625,0.0,0.0,0.0,0.0,0.0,0.0,0.0,0.0,0.0,0.0,0.0,0.0,0.0,0.0,0.0,0.0,0.0,0.0,0.0,0.0,0.0,0.0,0.0,0.0,0.0,0.0,0.0,0.0,0.0,0.0,0.0,0.0,0.0,0.0,0.0,0.0,0.0,0.0,0.0,0.0,0.0,0.0,0.0,0.0,other,0.0
0.0,0.0,0.4375,0.16,0.854167,0.56,1.020833,0.96,1.104167,1.26,0.604167,1.0,0.583333,1.24,0.5,1.02,0.458333,0.76,0.270833,1.04,0.291667,1.26,0.229167,0.86,0.208333,0.54,-0.0625,1.0,-0.083333,1.22,-0.083333,0.82,-0.0625,0.52,-0.395833,0.92,-0.375,1.14,-0.333333,0.82,-0.291667,0.58,0.0,0.0,0.0,0.0,0.0,0.0,0.0,0.0,0.0,0.0,0.0,0.0,0.0,0.0,0.0,0.0,0.0,0.0,0.0,0.0,0.0,0.0,0.0,0.0,0.0,0.0,0.0,0.0,0.0,0.0,0.0,0.0,0.0,0.0,0.0,0.0,0.0,0.0,0.0,0.0,0.0,0.0,0.0,0.0,other,0.0
0.0,0.0,-0.512821,0.272727,-0.794872,0.686869,-0.923077,1.030303,-1.141026,1.252525,-0.538462,1.0,-0.525641,1.262626,-0.512821,0.989899,-0.5,0.737374,-0.205128,0.989899,-0.179487,1.252525,-0.205128,0.89899,-0.24359,0.59596,0.141026,0.939394,0.153846,1.212121,0.064103,0.868687,-0.012821,0.575758,0.461538,0.858586,0.461538,1.080808,0.346154,0.848485,0.269231,0.646465,0.0,0.0,0.0,0.0,0.0,0.0,0.0,0.0,0.0,0.0,0.0,0.0,0.0,0.0,0.0,0.0,0.0,0.0,0.0,0.0,0.0,0.0,0.0,0.0,0.0,0.0,0.0,0.0,0.0,0.0,0.0,0.0,0.0,0.0,0.0,0.0,0.0,0.0,0.0,0.0,0.0,0.0,0.0,0.0,other,1.0
0.0,0.0,-0.486842,0.288288,-0.75,0.747748,-0.828947,1.099099,-1.026316,1.324324,-0.342105,1.0,-0.289474,1.234234,-0.289474,0.963964,-0.302632,0.711712,0.013158,0.945946,0.118421,1.18018,0.039474,0.846847,-0.026316,0.567568,0.355263,0.855856,0.473684,1.099099,0.328947,0.792793,0.210526,0.531532,0.657895,0.738739,0.776316,0.972973,0.631579,0.756757,0.5,0.54955,0.0,0.0,0.0,0.0,0.0,0.0,0.0,0.0,0.0,0.0,0.0,0.0,0.0,0.0,0.0,0.0,0.0,0.0,0.0,0.0,0.0,0.0,0.0,0.0,0.0,0.0,0.0,0.0,0.0,0.0,0.0,0.0,0.0,0.0,0.0,0.0,0.0,0.0,0.0,0.0,0.0,0.0,0.0,0.0,other,1.0
0.0,0.0,-0.487805,0.284404,-0.768293,0.724771,-0.865854,1.082569,-1.060976,1.302752,-0.439024,1.0,-0.402439,1.238532,-0.378049,0.963303,-0.365854,0.688073,-0.085366,0.963303,-0.02439,1.201835,-0.060976,0.853211,-0.121951,0.541284,0.243902,0.899083,0.317073,1.146789,0.207317,0.816514,0.109756,0.522936,0.560976,0.798165,0.609756,1.027523,0.487805,0.807339,0.365854,0.59633,0.0,0.0,0.0,0.0,0.0,0.0,0.0,0.0,0.0,0.0,0.0,0.0,0.0,0.0,0.0,0.0,0.0,0.0,0.0,0.0,0.0,0.0,0.0,0.0,0.0,0.0,0.0,0.0,0.0,0.0,0.0,0.0,0.0,0.0,0.0,0.0,0.0,0.0,0.0,0.0,0.0,0.0,0.0,0.0,other,1.0
0.0,0.0,-0.506024,0.273585,-0.783133,0.716981,-0.879518,1.075472,-1.048193,1.311321,-0.481928,1.0,-0.46988,1.264151,-0.457831,0.971698,-0.457831,0.698113,-0.13253,0.981132,-0.108434,1.235849,-0.13253,0.877358,-0.180723,0.566038,0.204819,0.915094,0.228916,1.160377,0.144578,0.811321,0.048193,0.518868,0.518072,0.820755,0.53012,1.056604,0.433735,0.820755,0.337349,0.613208,0.0,0.0,0.0,0.0,0.0,0.0,0.0,0.0,0.0,0.0,0.0,0.0,0.0,0.0,0.0,0.0,0.0,0.0,0.0,0.0,0.0,0.0,0.0,0.0,0.0,0.0,0.0,0.0,0.0,0.0,0.0,0.0,0.0,0.0,0.0,0.0,0.0,0.0,0.0,0.0,0.0,0.0,0.0,0.0,other,1.0
0.0,0.0,-0.46988,0.234694,-0.819277,0.663265,-1.012048,1.020408,-1.253012,1.234694,-0.590361,1.0,-0.590361,1.255102,-0.481928,0.94898,-0.433735,0.673469,-0.240964,1.010204,-0.228916,1.265306,-0.180723,0.887755,-0.180723,0.561224,0.096386,0.969388,0.120482,1.234694,0.084337,0.867347,0.036145,0.55102,0.409639,0.908163,0.421687,1.142857,0.349398,0.887755,0.26506,0.663265,0.0,0.0,0.0,0.0,0.0,0.0,0.0,0.0,0.0,0.0,0.0,0.0,0.0,0.0,0.0,0.0,0.0,0.0,0.0,0.0,0.0,0.0,0.0,0.0,0.0,0.0,0.0,0.0,0.0,0.0,0.0,0.0,0.0,0.0,0.0,0.0,0.0,0.0,0.0,0.0,0.0,0.0,0.0,0.0,other,1.0
0.0,0.0,-0.530612,0.208696,-0.897959,0.626087,-1.061224,0.973913,-1.27551,1.191304,-0.653061,1.0,-0.704082,1.252174,-0.642857,0.973913,-0.591837,0.678261,-0.326531,1.017391,-0.387755,1.286957,-0.346939,0.913043,-0.316327,0.573913,0.010204,1.0,-0.061224,1.278261,-0.081633,0.895652,-0.102041,0.556522,0.346939,0.93913,0.255102,1.182609,0.173469,0.913043,0.132653,0.652174,0.0,0.0,0.0,0.0,0.0,0.0,0.0,0.0,0.0,0.0,0.0,0.0,0.0,0.0,0.0,0.0,0.0,0.0,0.0,0.0,0.0,0.0,0.0,0.0,0.0,0.0,0.0,0.0,0.0,0.0,0.0,0.0,0.0,0.0,0.0,0.0,0.0,0.0,0.0,0.0,0.0,0.0,0.0,0.0,other,1.0
0.0,0.0,-0.526316,0.203704,-0.864662,0.62963,-1.015038,1.0,-1.240602,1.240741,-0.639098,1.0,-0.661654,1.277778,-0.616541,0.975309,-0.586466,0.691358,-0.308271,1.018519,-0.330827,1.290123,-0.308271,0.907407,-0.293233,0.580247,0.030075,0.993827,0.0,1.283951,-0.022556,0.907407,-0.052632,0.58642,0.360902,0.925926,0.308271,1.179012,0.263158,0.907407,0.218045,0.660494,0.0,0.0,0.0,0.0,0.0,0.0,0.0,0.0,0.0,0.0,0.0,0.0,0.0,0.0,0.0,0.0,0.0,0.0,0.0,0.0,0.0,0.0,0.0,0.0,0.0,0.0,0.0,0.0,0.0,0.0,0.0,0.0,0.0,0.0,0.0,0.0,0.0,0.0,0.0,0.0,0.0,0.0,0.0,0.0,other,1.0
0.0,0.0,-0.514451,0.181818,-0.849711,0.60101,-0.976879,0.964646,-1.17341,1.222222,-0.676301,1.0,-0.751445,1.232323,-0.647399,0.888889,-0.566474,0.590909,-0.358382,1.030303,-0.473988,1.29798,-0.398844,0.873737,-0.323699,0.540404,-0.017341,1.025253,-0.115607,1.30303,-0.121387,0.883838,-0.109827,0.555556,0.323699,0.974747,0.248555,1.207071,0.17341,0.924242,0.121387,0.676768,0.0,0.0,0.0,0.0,0.0,0.0,0.0,0.0,0.0,0.0,0.0,0.0,0.0,0.0,0.0,0.0,0.0,0.0,0.0,0.0,0.0,0.0,0.0,0.0,0.0,0.0,0.0,0.0,0.0,0.0,0.0,0.0,0.0,0.0,0.0,0.0,0.0,0.0,0.0,0.0,0.0,0.0,0.0,0.0,other,1.0
0.0,0.0,-0.573034,0.1875,-0.938202,0.605769,-1.073034,0.971154,-1.258427,1.216346,-0.741573,1.0,-0.842697,1.240385,-0.758427,0.913462,-0.696629,0.605769,-0.421348,1.038462,-0.561798,1.293269,-0.483146,0.875,-0.41573,0.548077,-0.08427,1.038462,-0.207865,1.317308,-0.185393,0.899038,-0.162921,0.5625,0.258427,0.995192,0.168539,1.230769,0.106742,0.942308,0.05618,0.677885,0.0,0.0,0.0,0.0,0.0,0.0,0.0,0.0,0.0,0.0,0.0,0.0,0.0,0.0,0.0,0.0,0.0,0.0,0.0,0.0,0.0,0.0,0.0,0.0,0.0,0.0,0.0,0.0,0.0,0.0,0.0,0.0,0.0,0.0,0.0,0.0,0.0,0.0,0.0,0.0,0.0,0.0,0.0,0.0,other,1.0
0.0,0.0,-0.523077,0.192053,-0.876923,0.602649,-1.015385,0.966887,-1.223077,1.218543,-0.661538,1.0,-0.776923,1.251656,-0.723077,0.933775,-0.661538,0.629139,-0.353846,1.033113,-0.507692,1.291391,-0.461538,0.89404,-0.392308,0.562914,-0.015385,1.02649,-0.169231,1.298013,-0.176923,0.887417,-0.153846,0.549669,0.338462,0.993377,0.176923,1.218543,0.107692,0.940397,0.084615,0.688742,0.0,0.0,0.0,0.0,0.0,0.0,0.0,0.0,0.0,0.0,0.0,0.0,0.0,0.0,0.0,0.0,0.0,0.0,0.0,0.0,0.0,0.0,0.0,0.0,0.0,0.0,0.0,0.0,0.0,0.0,0.0,0.0,0.0,0.0,0.0,0.0,0.0,0.0,0.0,0.0,0.0,0.0,0.0,0.0,other,1.0
0.0,0.0,-0.527473,0.192308,-0.89011,0.605769,-1.021978,0.990385,-1.241758,1.230769,-0.681319,1.0,-0.78022,1.240385,-0.703297,0.923077,-0.626374,0.615385,-0.362637,1.028846,-0.483516,1.259615,-0.428571,0.875,-0.373626,0.538462,-0.021978,1.019231,-0.164835,1.269231,-0.164835,0.875,-0.142857,0.548077,0.318681,0.971154,0.164835,1.201923,0.098901,0.932692,0.087912,0.682692,0.0,0.0,0.0,0.0,0.0,0.0,0.0,0.0,0.0,0.0,0.0,0.0,0.0,0.0,0.0,0.0,0.0,0.0,0.0,0.0,0.0,0.0,0.0,0.0,0.0,0.0,0.0,0.0,0.0,0.0,0.0,0.0,0.0,0.0,0.0,0.0,0.0,0.0,0.0,0.0,0.0,0.0,0.0,0.0,other,1.0
0.0,0.0,-0.550725,0.22093,-0.898551,0.627907,-1.028986,0.976744,-1.26087,1.186047,-0.623188,1.0,-0.710145,1.244186,-0.681159,0.965116,-0.623188,0.674419,-0.304348,1.011628,-0.391304,1.267442,-0.376812,0.906977,-0.362319,0.581395,0.028986,0.988372,-0.072464,1.255814,-0.101449,0.895349,-0.115942,0.581395,0.376812,0.930233,0.246377,1.174419,0.188406,0.930233,0.15942,0.709302,0.0,0.0,0.0,0.0,0.0,0.0,0.0,0.0,0.0,0.0,0.0,0.0,0.0,0.0,0.0,0.0,0.0,0.0,0.0,0.0,0.0,0.0,0.0,0.0,0.0,0.0,0.0,0.0,0.0,0.0,0.0,0.0,0.0,0.0,0.0,0.0,0.0,0.0,0.0,0.0,0.0,0.0,0.0,0.0,other,1.0
0.0,0.0,-0.578125,0.191176,-1.03125,0.588235,-1.28125,0.970588,-1.578125,1.147059,-0.84375,1.0,-0.9375,1.352941,-0.8125,1.058824,-0.734375,0.75,-0.515625,1.058824,-0.578125,1.397059,-0.484375,1.0,-0.40625,0.647059,-0.1875,1.088235,-0.25,1.426471,-0.203125,1.0,-0.171875,0.647059,0.15625,1.073529,0.078125,1.367647,0.078125,1.073529,0.078125,0.823529,0.0,0.0,0.0,0.0,0.0,0.0,0.0,0.0,0.0,0.0,0.0,0.0,0.0,0.0,0.0,0.0,0.0,0.0,0.0,0.0,0.0,0.0,0.0,0.0,0.0,0.0,0.0,0.0,0.0,0.0,0.0,0.0,0.0,0.0,0.0,0.0,0.0,0.0,0.0,0.0,0.0,0.0,0.0,0.0,other,1.0
0.0,0.0,-0.580645,0.202899,-0.983871,0.594203,-1.193548,0.956522,-1.467742,1.15942,-0.790323,1.0,-0.903226,1.275362,-0.806452,0.985507,-0.693548,0.695652,-0.467742,1.057971,-0.580645,1.333333,-0.483871,0.942029,-0.403226,0.594203,-0.129032,1.057971,-0.258065,1.362319,-0.225806,0.971014,-0.177419,0.623188,0.209677,1.028986,0.064516,1.304348,0.032258,1.014493,0.048387,0.753623,0.0,0.0,0.0,0.0,0.0,0.0,0.0,0.0,0.0,0.0,0.0,0.0,0.0,0.0,0.0,0.0,0.0,0.0,0.0,0.0,0.0,0.0,0.0,0.0,0.0,0.0,0.0,0.0,0.0,0.0,0.0,0.0,0.0,0.0,0.0,0.0,0.0,0.0,0.0,0.0,0.0,0.0,0.0,0.0,other,1.0
0.0,0.0,-0.538462,0.188406,-0.938462,0.594203,-1.138462,0.985507,-1.4,1.202899,-0.784615,1.0,-0.876923,1.304348,-0.769231,1.014493,-0.692308,0.710145,-0.461538,1.072464,-0.538462,1.376812,-0.461538,0.971014,-0.4,0.608696,-0.123077,1.086957,-0.215385,1.376812,-0.184615,0.971014,-0.169231,0.623188,0.215385,1.057971,0.107692,1.333333,0.092308,1.057971,0.061538,0.797101,0.0,0.0,0.0,0.0,0.0,0.0,0.0,0.0,0.0,0.0,0.0,0.0,0.0,0.0,0.0,0.0,0.0,0.0,0.0,0.0,0.0,0.0,0.0,0.0,0.0,0.0,0.0,0.0,0.0,0.0,0.0,0.0,0.0,0.0,0.0,0.0,0.0,0.0,0.0,0.0,0.0,0.0,0.0,0.0,other,1.0
0.0,0.0,-0.536232,0.194805,-0.913043,0.61039,-1.101449,0.987013,-1.362319,1.207792,-0.710145,1.0,-0.811594,1.285714,-0.753623,0.974026,-0.695652,0.662338,-0.391304,1.038961,-0.492754,1.324675,-0.449275,0.935065,-0.405797,0.571429,-0.057971,1.038961,-0.173913,1.311688,-0.173913,0.922078,-0.15942,0.584416,0.289855,1.0,0.15942,1.246753,0.101449,0.974026,0.101449,0.714286,0.0,0.0,0.0,0.0,0.0,0.0,0.0,0.0,0.0,0.0,0.0,0.0,0.0,0.0,0.0,0.0,0.0,0.0,0.0,0.0,0.0,0.0,0.0,0.0,0.0,0.0,0.0,0.0,0.0,0.0,0.0,0.0,0.0,0.0,0.0,0.0,0.0,0.0,0.0,0.0,0.0,0.0,0.0,0.0,other,1.0
0.0,0.0,-0.5,0.191489,-0.821429,0.62766,-0.928571,1.010638,-1.107143,1.276596,-0.642857,1.0,-0.761905,1.212766,-0.678571,0.904255,-0.607143,0.606383,-0.333333,1.021277,-0.464286,1.234043,-0.416667,0.840426,-0.369048,0.521277,0.0,0.989362,-0.130952,1.223404,-0.142857,0.829787,-0.130952,0.510638,0.357143,0.925532,0.202381,1.159574,0.119048,0.893617,0.095238,0.648936,0.0,0.0,0.0,0.0,0.0,0.0,0.0,0.0,0.0,0.0,0.0,0.0,0.0,0.0,0.0,0.0,0.0,0.0,0.0,0.0,0.0,0.0,0.0,0.0,0.0,0.0,0.0,0.0,0.0,0.0,0.0,0.0,0.0,0.0,0.0,0.0,0.0,0.0,0.0,0.0,0.0,0.0,0.0,0.0,other,1.0
0.0,0.0,-0.5,0.271739,-0.791667,0.695652,-0.875,1.043478,-1.041667,1.293478,-0.472222,1.0,-0.458333,1.26087,-0.458333,0.98913,-0.458333,0.717391,-0.125,0.978261,-0.125,1.23913,-0.152778,0.891304,-0.194444,0.576087,0.208333,0.913043,0.208333,1.195652,0.111111,0.858696,0.027778,0.543478,0.527778,0.815217,0.486111,1.065217,0.375,0.836957,0.305556,0.597826,0.0,0.0,0.0,0.0,0.0,0.0,0.0,0.0,0.0,0.0,0.0,0.0,0.0,0.0,0.0,0.0,0.0,0.0,0.0,0.0,0.0,0.0,0.0,0.0,0.0,0.0,0.0,0.0,0.0,0.0,0.0,0.0,0.0,0.0,0.0,0.0,0.0,0.0,0.0,0.0,0.0,0.0,0.0,0.0,other,1.0
0.0,0.0,-0.4875,0.260417,-0.7875,0.666667,-0.8875,1.041667,-0.9625,1.34375,-0.575,1.0,-0.5625,1.260417,-0.5125,0.979167,-0.4875,0.677083,-0.2375,1.0,-0.2375,1.25,-0.2375,0.885417,-0.2625,0.572917,0.1,0.958333,0.0875,1.208333,0.025,0.854167,-0.05,0.552083,0.425,0.875,0.4125,1.104167,0.3125,0.875,0.225,0.645833,0.0,0.0,0.0,0.0,0.0,0.0,0.0,0.0,0.0,0.0,0.0,0.0,0.0,0.0,0.0,0.0,0.0,0.0,0.0,0.0,0.0,0.0,0.0,0.0,0.0,0.0,0.0,0.0,0.0,0.0,0.0,0.0,0.0,0.0,0.0,0.0,0.0,0.0,0.0,0.0,0.0,0.0,0.0,0.0,other,1.0
0.0,0.0,-0.481928,0.255102,-0.771084,0.673469,-0.831325,1.040816,-0.939759,1.346939,-0.578313,1.0,-0.566265,1.244898,-0.506024,0.94898,-0.481928,0.653061,-0.240964,1.010204,-0.253012,1.234694,-0.228916,0.857143,-0.228916,0.540816,0.096386,0.979592,0.072289,1.204082,0.036145,0.836735,-0.012048,0.520408,0.421687,0.897959,0.39759,1.122449,0.301205,0.867347,0.216867,0.642857,0.0,0.0,0.0,0.0,0.0,0.0,0.0,0.0,0.0,0.0,0.0,0.0,0.0,0.0,0.0,0.0,0.0,0.0,0.0,0.0,0.0,0.0,0.0,0.0,0.0,0.0,0.0,0.0,0.0,0.0,0.0,0.0,0.0,0.0,0.0,0.0,0.0,0.0,0.0,0.0,0.0,0.0,0.0,0.0,other,1.0
0.0,0.0,-0.55,0.204082,-0.95,0.571429,-1.0625,0.938776,-1.0375,1.234694,-0.6875,1.0,-0.75,1.244898,-0.7,0.959184,-0.6375,0.653061,-0.3625,1.030612,-0.4375,1.234694,-0.4,0.877551,-0.3625,0.540816,-0.025,1.010204,-0.1125,1.214286,-0.1375,0.857143,-0.1375,0.540816,0.3125,0.94898,0.2,1.132653,0.125,0.877551,0.1,0.632653,0.0,0.0,0.0,0.0,0.0,0.0,0.0,0.0,0.0,0.0,0.0,0.0,0.0,0.0,0.0,0.0,0.0,0.0,0.0,0.0,0.0,0.0,0.0,0.0,0.0,0.0,0.0,0.0,0.0,0.0,0.0,0.0,0.0,0.0,0.0,0.0,0.0,0.0,0.0,0.0,0.0,0.0,0.0,0.0,other,1.0
0.0,0.0,-0.567901,0.268519,-0.888889,0.657407,-0.987654,0.990741,-1.098765,1.25,-0.641975,1.0,-0.765432,1.194444,-0.728395,0.898148,-0.679012,0.611111,-0.320988,1.0,-0.469136,1.185185,-0.45679,0.833333,-0.419753,0.527778,0.012346,0.962963,-0.148148,1.166667,-0.17284,0.814815,-0.160494,0.518519,0.358025,0.898148,0.17284,1.101852,0.111111,0.861111,0.111111,0.638889,0.0,0.0,0.0,0.0,0.0,0.0,0.0,0.0,0.0,0.0,0.0,0.0,0.0,0.0,0.0,0.0,0.0,0.0,0.0,0.0,0.0,0.0,0.0,0.0,0.0,0.0,0.0,0.0,0.0,0.0,0.0,0.0,0.0,0.0,0.0,0.0,0.0,0.0,0.0,0.0,0.0,0.0,0.0,0.0,other,1.0
0.0,0.0,-0.542169,0.197917,-0.975904,0.604167,-1.168675,0.989583,-1.253012,1.322917,-0.759036,1.0,-0.783133,1.270833,-0.650602,0.979167,-0.542169,0.677083,-0.421687,1.03125,-0.433735,1.3125,-0.337349,0.916667,-0.277108,0.572917,-0.084337,1.020833,-0.120482,1.302083,-0.072289,0.90625,-0.060241,0.583333,0.240964,0.979167,0.180723,1.229167,0.168675,0.947917,0.168675,0.697917,0.0,0.0,0.0,0.0,0.0,0.0,0.0,0.0,0.0,0.0,0.0,0.0,0.0,0.0,0.0,0.0,0.0,0.0,0.0,0.0,0.0,0.0,0.0,0.0,0.0,0.0,0.0,0.0,0.0,0.0,0.0,0.0,0.0,0.0,0.0,0.0,0.0,0.0,0.0,0.0,0.0,0.0,0.0,0.0,other,1.0
0.0,0.0,-0.523256,0.21,-0.883721,0.63,-0.988372,1.01,-1.069767,1.33,-0.627907,1.0,-0.627907,1.23,-0.546512,0.91,-0.476744,0.61,-0.290698,1.01,-0.27907,1.24,-0.22093,0.86,-0.197674,0.52,0.05814,0.98,0.046512,1.21,0.034884,0.83,0.011628,0.5,0.372093,0.92,0.348837,1.16,0.290698,0.88,0.244186,0.62,0.0,0.0,0.0,0.0,0.0,0.0,0.0,0.0,0.0,0.0,0.0,0.0,0.0,0.0,0.0,0.0,0.0,0.0,0.0,0.0,0.0,0.0,0.0,0.0,0.0,0.0,0.0,0.0,0.0,0.0,0.0,0.0,0.0,0.0,0.0,0.0,0.0,0.0,0.0,0.0,0.0,0.0,0.0,0.0,other,1.0
0.0,0.0,-0.522222,0.22,-0.888889,0.64,-1.033333,1.02,-1.133333,1.34,-0.711111,1.0,-0.733333,1.26,-0.633333,0.93,-0.555556,0.64,-0.366667,1.02,-0.4,1.27,-0.322222,0.88,-0.288889,0.55,-0.033333,1.01,-0.077778,1.27,-0.066667,0.88,-0.077778,0.54,0.288889,0.98,0.211111,1.21,0.188889,0.94,0.166667,0.7,0.0,0.0,0.0,0.0,0.0,0.0,0.0,0.0,0.0,0.0,0.0,0.0,0.0,0.0,0.0,0.0,0.0,0.0,0.0,0.0,0.0,0.0,0.0,0.0,0.0,0.0,0.0,0.0,0.0,0.0,0.0,0.0,0.0,0.0,0.0,0.0,0.0,0.0,0.0,0.0,0.0,0.0,0.0,0.0,other,1.0
0.0,0.0,-0.516129,0.152174,-0.913978,0.576087,-1.064516,1.0,-1.16129,1.358696,-0.763441,1.0,-0.827957,1.282609,-0.731183,0.956522,-0.655914,0.619565,-0.44086,1.043478,-0.516129,1.315217,-0.44086,0.891304,-0.387097,0.532609,-0.107527,1.054348,-0.193548,1.336957,-0.172043,0.913043,-0.150538,0.543478,0.236559,1.021739,0.129032,1.293478,0.096774,1.01087,0.064516,0.717391,0.0,0.0,0.0,0.0,0.0,0.0,0.0,0.0,0.0,0.0,0.0,0.0,0.0,0.0,0.0,0.0,0.0,0.0,0.0,0.0,0.0,0.0,0.0,0.0,0.0,0.0,0.0,0.0,0.0,0.0,0.0,0.0,0.0,0.0,0.0,0.0,0.0,0.0,0.0,0.0,0.0,0.0,0.0,0.0,other,1.0
0.0,0.0,-0.574713,0.173913,-0.977011,0.597826,-1.149425,1.0,-1.275862,1.336957,-0.793103,1.0,-0.885057,1.293478,-0.793103,0.978261,-0.724138,0.652174,-0.471264,1.054348,-0.574713,1.326087,-0.494253,0.934783,-0.425287,0.576087,-0.137931,1.065217,-0.252874,1.347826,-0.218391,0.945652,-0.195402,0.586957,0.206897,1.054348,0.068966,1.293478,0.045977,1.01087,0.034483,0.73913,0.0,0.0,0.0,0.0,0.0,0.0,0.0,0.0,0.0,0.0,0.0,0.0,0.0,0.0,0.0,0.0,0.0,0.0,0.0,0.0,0.0,0.0,0.0,0.0,0.0,0.0,0.0,0.0,0.0,0.0,0.0,0.0,0.0,0.0,0.0,0.0,0.0,0.0,0.0,0.0,0.0,0.0,0.0,0.0,other,1.0
0.0,0.0,-0.555556,0.161616,-0.873016,0.515152,-0.698413,0.868687,-0.238095,0.939394,-0.777778,1.0,-0.857143,1.383838,-0.888889,1.626263,-0.904762,1.838384,-0.460317,1.080808,-0.539683,1.505051,-0.571429,1.787879,-0.587302,2.040404,-0.126984,1.070707,-0.15873,1.484848,-0.15873,1.747475,-0.142857,1.969697,0.222222,1.0,0.206349,1.333333,0.190476,1.555556,0.190476,1.727273,0.0,0.0,0.0,0.0,0.0,0.0,0.0,0.0,0.0,0.0,0.0,0.0,0.0,0.0,0.0,0.0,0.0,0.0,0.0,0.0,0.0,0.0,0.0,0.0,0.0,0.0,0.0,0.0,0.0,0.0,0.0,0.0,0.0,0.0,0.0,0.0,0.0,0.0,0.0,0.0,0.0,0.0,0.0,0.0,other,2.0
0.0,0.0,-0.583333,0.19,-0.883333,0.58,-0.583333,0.91,-0.1,0.94,-0.766667,1.0,-0.866667,1.38,-0.916667,1.61,-0.933333,1.82,-0.45,1.09,-0.533333,1.53,-0.6,1.82,-0.633333,2.06,-0.1,1.09,-0.133333,1.5,-0.15,1.77,-0.166667,1.99,0.233333,1.01,0.216667,1.34,0.2,1.55,0.2,1.73,0.0,0.0,0.0,0.0,0.0,0.0,0.0,0.0,0.0,0.0,0.0,0.0,0.0,0.0,0.0,0.0,0.0,0.0,0.0,0.0,0.0,0.0,0.0,0.0,0.0,0.0,0.0,0.0,0.0,0.0,0.0,0.0,0.0,0.0,0.0,0.0,0.0,0.0,0.0,0.0,0.0,0.0,0.0,0.0,other,2.0
0.0,0.0,-0.55,0.151515,-0.916667,0.505051,-0.683333,0.828283,-0.216667,0.919192,-0.883333,1.0,-1.016667,1.363636,-1.083333,1.585859,-1.116667,1.787879,-0.566667,1.090909,-0.7,1.505051,-0.783333,1.767677,-0.833333,1.989899,-0.216667,1.080808,-0.3,1.484848,-0.333333,1.727273,-0.366667,1.949495,0.116667,0.989899,0.066667,1.30303,0.033333,1.494949,0.0,1.676768,0.0,0.0,0.0,0.0,0.0,0.0,0.0,0.0,0.0,0.0,0.0,0.0,0.0,0.0,0.0,0.0,0.0,0.0,0.0,0.0,0.0,0.0,0.0,0.0,0.0,0.0,0.0,0.0,0.0,0.0,0.0,0.0,0.0,0.0,0.0,0.0,0.0,0.0,0.0,0.0,0.0,0.0,0.0,0.0,other,2.0
0.0,0.0,-0.603448,0.178218,-0.965517,0.50495,-0.827586,0.821782,-0.413793,0.940594,-0.913793,1.0,-1.068966,1.336634,-1.155172,1.554455,-1.189655,1.762376,-0.603448,1.089109,-0.775862,1.49505,-0.844828,1.762376,-0.896552,2.009901,-0.275862,1.09901,-0.396552,1.485149,-0.431034,1.732673,-0.465517,1.960396,0.086207,1.019802,0.0,1.336634,-0.051724,1.534653,-0.086207,1.712871,0.0,0.0,0.0,0.0,0.0,0.0,0.0,0.0,0.0,0.0,0.0,0.0,0.0,0.0,0.0,0.0,0.0,0.0,0.0,0.0,0.0,0.0,0.0,0.0,0.0,0.0,0.0,0.0,0.0,0.0,0.0,0.0,0.0,0.0,0.0,0.0,0.0,0.0,0.0,0.0,0.0,0.0,0.0,0.0,other,2.0
0.0,0.0,-0.532258,0.196429,-0.806452,0.535714,-0.532258,0.821429,-0.048387,0.848214,-0.629032,1.0,-0.693548,1.357143,-0.709677,1.5625,-0.693548,1.758929,-0.290323,1.044643,-0.322581,1.4375,-0.33871,1.6875,-0.33871,1.910714,0.048387,1.0,0.064516,1.375,0.080645,1.598214,0.080645,1.803571,0.370968,0.883929,0.387097,1.178571,0.387097,1.357143,0.387097,1.517857,0.0,0.0,0.0,0.0,0.0,0.0,0.0,0.0,0.0,0.0,0.0,0.0,0.0,0.0,0.0,0.0,0.0,0.0,0.0,0.0,0.0,0.0,0.0,0.0,0.0,0.0,0.0,0.0,0.0,0.0,0.0,0.0,0.0,0.0,0.0,0.0,0.0,0.0,0.0,0.0,0.0,0.0,0.0,0.0,other,2.0
0.0,0.0,-0.515625,0.211009,-0.765625,0.53211,-0.484375,0.816514,0.0,0.87156,-0.625,1.0,-0.671875,1.366972,-0.6875,1.587156,-0.65625,1.788991,-0.28125,1.055046,-0.296875,1.477064,-0.3125,1.733945,-0.296875,1.954128,0.0625,1.027523,0.078125,1.422018,0.09375,1.66055,0.109375,1.862385,0.375,0.917431,0.40625,1.220183,0.421875,1.412844,0.4375,1.577982,0.0,0.0,0.0,0.0,0.0,0.0,0.0,0.0,0.0,0.0,0.0,0.0,0.0,0.0,0.0,0.0,0.0,0.0,0.0,0.0,0.0,0.0,0.0,0.0,0.0,0.0,0.0,0.0,0.0,0.0,0.0,0.0,0.0,0.0,0.0,0.0,0.0,0.0,0.0,0.0,0.0,0.0,0.0,0.0,other,2.0
0.0,0.0,-0.576271,0.129032,-1.016949,0.462366,-0.898305,0.806452,-0.457627,0.967742,-0.949153,1.0,-1.152542,1.387097,-1.254237,1.623656,-1.305085,1.849462,-0.644068,1.107527,-0.847458,1.55914,-0.966102,1.83871,-1.050847,2.086022,-0.305085,1.11828,-0.440678,1.55914,-0.525424,1.827957,-0.576271,2.064516,0.050847,1.043011,-0.033898,1.376344,-0.101695,1.602151,-0.152542,1.806452,0.0,0.0,0.0,0.0,0.0,0.0,0.0,0.0,0.0,0.0,0.0,0.0,0.0,0.0,0.0,0.0,0.0,0.0,0.0,0.0,0.0,0.0,0.0,0.0,0.0,0.0,0.0,0.0,0.0,0.0,0.0,0.0,0.0,0.0,0.0,0.0,0.0,0.0,0.0,0.0,0.0,0.0,0.0,0.0,other,2.0
0.0,0.0,-0.614035,0.117021,-1.035088,0.457447,-0.912281,0.819149,-0.45614,0.989362,-0.947368,1.0,-1.140351,1.382979,-1.245614,1.62766,-1.315789,1.851064,-0.631579,1.106383,-0.824561,1.56383,-0.947368,1.861702,-1.052632,2.117021,-0.298246,1.106383,-0.421053,1.553191,-0.491228,1.829787,-0.561404,2.06383,0.052632,1.010638,-0.035088,1.361702,-0.070175,1.595745,-0.122807,1.797872,0.0,0.0,0.0,0.0,0.0,0.0,0.0,0.0,0.0,0.0,0.0,0.0,0.0,0.0,0.0,0.0,0.0,0.0,0.0,0.0,0.0,0.0,0.0,0.0,0.0,0.0,0.0,0.0,0.0,0.0,0.0,0.0,0.0,0.0,0.0,0.0,0.0,0.0,0.0,0.0,0.0,0.0,0.0,0.0,other,2.0
0.0,0.0,-0.614035,0.115789,-1.052632,0.463158,-0.912281,0.831579,-0.45614,0.968421,-0.982456,1.0,-1.175439,1.378947,-1.280702,1.621053,-1.333333,1.852632,-0.666667,1.105263,-0.877193,1.547368,-0.982456,1.831579,-1.070175,2.094737,-0.333333,1.105263,-0.45614,1.536842,-0.526316,1.810526,-0.578947,2.042105,0.017544,1.031579,-0.070175,1.368421,-0.122807,1.6,-0.175439,1.810526,0.0,0.0,0.0,0.0,0.0,0.0,0.0,0.0,0.0,0.0,0.0,0.0,0.0,0.0,0.0,0.0,0.0,0.0,0.0,0.0,0.0,0.0,0.0,0.0,0.0,0.0,0.0,0.0,0.0,0.0,0.0,0.0,0.0,0.0,0.0,0.0,0.0,0.0,0.0,0.0,0.0,0.0,0.0,0.0,other,2.0
0.0,0.0,-0.59322,0.113402,-1.033898,0.43299,-0.949153,0.773196,-0.525424,0.927835,-0.966102,1.0,-1.135593,1.371134,-1.254237,1.608247,-1.322034,1.835052,-0.644068,1.103093,-0.847458,1.536082,-0.966102,1.824742,-1.067797,2.082474,-0.322034,1.092784,-0.440678,1.515464,-0.508475,1.783505,-0.576271,2.030928,0.033898,1.0,-0.050847,1.340206,-0.118644,1.57732,-0.169492,1.783505,0.0,0.0,0.0,0.0,0.0,0.0,0.0,0.0,0.0,0.0,0.0,0.0,0.0,0.0,0.0,0.0,0.0,0.0,0.0,0.0,0.0,0.0,0.0,0.0,0.0,0.0,0.0,0.0,0.0,0.0,0.0,0.0,0.0,0.0,0.0,0.0,0.0,0.0,0.0,0.0,0.0,0.0,0.0,0.0,other,2.0
0.0,0.0,-0.566667,0.123711,-0.983333,0.43299,-0.883333,0.752577,-0.516667,0.927835,-0.933333,1.0,-1.1,1.360825,-1.2,1.597938,-1.25,1.824742,-0.633333,1.092784,-0.816667,1.536082,-0.933333,1.814433,-1.016667,2.072165,-0.3,1.092784,-0.416667,1.525773,-0.483333,1.793814,-0.55,2.041237,0.066667,1.0,-0.016667,1.350515,-0.083333,1.57732,-0.116667,1.773196,0.0,0.0,0.0,0.0,0.0,0.0,0.0,0.0,0.0,0.0,0.0,0.0,0.0,0.0,0.0,0.0,0.0,0.0,0.0,0.0,0.0,0.0,0.0,0.0,0.0,0.0,0.0,0.0,0.0,0.0,0.0,0.0,0.0,0.0,0.0,0.0,0.0,0.0,0.0,0.0,0.0,0.0,0.0,0.0,other,2.0
0.0,0.0,-0.55,0.134831,-0.966667,0.438202,-0.85,0.797753,-0.466667,0.988764,-0.95,1.0,-1.133333,1.41573,-1.233333,1.674157,-1.266667,1.921348,-0.633333,1.11236,-0.816667,1.573034,-0.933333,1.876404,-1.016667,2.146067,-0.316667,1.123596,-0.433333,1.561798,-0.5,1.853933,-0.583333,2.101124,0.05,1.044944,-0.033333,1.404494,-0.116667,1.629213,-0.2,1.831461,0.0,0.0,0.0,0.0,0.0,0.0,0.0,0.0,0.0,0.0,0.0,0.0,0.0,0.0,0.0,0.0,0.0,0.0,0.0,0.0,0.0,0.0,0.0,0.0,0.0,0.0,0.0,0.0,0.0,0.0,0.0,0.0,0.0,0.0,0.0,0.0,0.0,0.0,0.0,0.0,0.0,0.0,0.0,0.0,other,2.0
0.0,0.0,-0.533333,0.180851,-0.85,0.489362,-0.7,0.808511,-0.333333,0.957447,-0.95,1.0,-1.133333,1.393617,-1.216667,1.638298,-1.266667,1.87234,-0.633333,1.106383,-0.816667,1.542553,-0.916667,1.829787,-1.0,2.095745,-0.316667,1.106383,-0.433333,1.531915,-0.516667,1.797872,-0.6,2.031915,0.05,1.031915,-0.033333,1.361702,-0.1,1.574468,-0.183333,1.765957,0.0,0.0,0.0,0.0,0.0,0.0,0.0,0.0,0.0,0.0,0.0,0.0,0.0,0.0,0.0,0.0,0.0,0.0,0.0,0.0,0.0,0.0,0.0,0.0,0.0,0.0,0.0,0.0,0.0,0.0,0.0,0.0,0.0,0.0,0.0,0.0,0.0,0.0,0.0,0.0,0.0,0.0,0.0,0.0,other,2.0
0.0,0.0,-0.5,0.166667,-0.85,0.489583,-0.716667,0.833333,-0.316667,0.96875,-0.966667,1.0,-1.116667,1.395833,-1.216667,1.645833,-1.266667,1.875,-0.666667,1.104167,-0.833333,1.552083,-0.933333,1.84375,-1.033333,2.104167,-0.316667,1.114583,-0.466667,1.541667,-0.55,1.802083,-0.65,2.052083,0.033333,1.03125,-0.083333,1.364583,-0.166667,1.583333,-0.233333,1.78125,0.0,0.0,0.0,0.0,0.0,0.0,0.0,0.0,0.0,0.0,0.0,0.0,0.0,0.0,0.0,0.0,0.0,0.0,0.0,0.0,0.0,0.0,0.0,0.0,0.0,0.0,0.0,0.0,0.0,0.0,0.0,0.0,0.0,0.0,0.0,0.0,0.0,0.0,0.0,0.0,0.0,0.0,0.0,0.0,other,2.0
0.0,0.0,-0.532258,0.154639,-0.870968,0.484536,-0.774194,0.824742,-0.419355,0.969072,-0.935484,1.0,-1.096774,1.391753,-1.177419,1.649485,-1.225806,1.886598,-0.629032,1.103093,-0.790323,1.546392,-0.887097,1.845361,-0.967742,2.123711,-0.290323,1.103093,-0.419355,1.525773,-0.5,1.804124,-0.580645,2.051546,0.064516,1.020619,-0.048387,1.360825,-0.129032,1.587629,-0.193548,1.793814,0.0,0.0,0.0,0.0,0.0,0.0,0.0,0.0,0.0,0.0,0.0,0.0,0.0,0.0,0.0,0.0,0.0,0.0,0.0,0.0,0.0,0.0,0.0,0.0,0.0,0.0,0.0,0.0,0.0,0.0,0.0,0.0,0.0,0.0,0.0,0.0,0.0,0.0,0.0,0.0,0.0,0.0,0.0,0.0,other,2.0
0.0,0.0,-0.5,0.147368,-0.828125,0.494737,-0.671875,0.831579,-0.328125,0.989474,-0.921875,1.0,-1.0625,1.410526,-1.125,1.673684,-1.140625,1.915789,-0.609375,1.105263,-0.765625,1.547368,-0.84375,1.842105,-0.921875,2.115789,-0.28125,1.094737,-0.40625,1.526316,-0.484375,1.8,-0.546875,2.052632,0.078125,1.010526,-0.03125,1.347368,-0.109375,1.578947,-0.203125,1.789474,0.0,0.0,0.0,0.0,0.0,0.0,0.0,0.0,0.0,0.0,0.0,0.0,0.0,0.0,0.0,0.0,0.0,0.0,0.0,0.0,0.0,0.0,0.0,0.0,0.0,0.0,0.0,0.0,0.0,0.0,0.0,0.0,0.0,0.0,0.0,0.0,0.0,0.0,0.0,0.0,0.0,0.0,0.0,0.0,other,2.0
0.0,0.0,-0.5,0.15625,-0.862069,0.5,-0.741379,0.822917,-0.293103,0.916667,-0.913793,1.0,-1.034483,1.385417,-1.103448,1.625,-1.155172,1.854167,-0.586207,1.09375,-0.724138,1.53125,-0.793103,1.822917,-0.844828,2.072917,-0.258621,1.083333,-0.344828,1.5,-0.396552,1.760417,-0.465517,1.989583,0.086207,1.0,0.0,1.34375,-0.051724,1.5625,-0.12069,1.739583,0.0,0.0,0.0,0.0,0.0,0.0,0.0,0.0,0.0,0.0,0.0,0.0,0.0,0.0,0.0,0.0,0.0,0.0,0.0,0.0,0.0,0.0,0.0,0.0,0.0,0.0,0.0,0.0,0.0,0.0,0.0,0.0,0.0,0.0,0.0,0.0,0.0,0.0,0.0,0.0,0.0,0.0,0.0,0.0,other,2.0
0.0,0.0,-0.5,0.166667,-0.87931,0.477778,-0.793103,0.811111,-0.413793,0.944444,-0.87931,1.0,-1.0,1.388889,-1.068966,1.644444,-1.103448,1.866667,-0.551724,1.066667,-0.689655,1.522222,-0.758621,1.811111,-0.827586,2.066667,-0.224138,1.055556,-0.310345,1.477778,-0.362069,1.755556,-0.413793,1.988889,0.12069,0.966667,0.034483,1.311111,-0.051724,1.533333,-0.103448,1.744444,0.0,0.0,0.0,0.0,0.0,0.0,0.0,0.0,0.0,0.0,0.0,0.0,0.0,0.0,0.0,0.0,0.0,0.0,0.0,0.0,0.0,0.0,0.0,0.0,0.0,0.0,0.0,0.0,0.0,0.0,0.0,0.0,0.0,0.0,0.0,0.0,0.0,0.0,0.0,0.0,0.0,0.0,0.0,0.0,other,2.0
0.0,0.0,-0.533333,0.152174,-0.916667,0.48913,-0.75,0.815217,-0.333333,0.902174,-0.883333,1.0,-1.0,1.369565,-1.066667,1.619565,-1.1,1.836957,-0.55,1.076087,-0.683333,1.51087,-0.766667,1.793478,-0.816667,2.054348,-0.216667,1.065217,-0.316667,1.467391,-0.366667,1.728261,-0.433333,1.967391,0.116667,0.978261,0.016667,1.304348,-0.05,1.521739,-0.1,1.717391,0.0,0.0,0.0,0.0,0.0,0.0,0.0,0.0,0.0,0.0,0.0,0.0,0.0,0.0,0.0,0.0,0.0,0.0,0.0,0.0,0.0,0.0,0.0,0.0,0.0,0.0,0.0,0.0,0.0,0.0,0.0,0.0,0.0,0.0,0.0,0.0,0.0,0.0,0.0,0.0,0.0,0.0,0.0,0.0,other,2.0
0.0,0.0,-0.559322,0.153846,-0.966102,0.494505,-0.79661,0.824176,-0.322034,0.89011,-0.932203,1.0,-1.033898,1.373626,-1.101695,1.615385,-1.135593,1.846154,-0.610169,1.098901,-0.728814,1.527473,-0.79661,1.813187,-0.864407,2.065934,-0.271186,1.087912,-0.372881,1.505495,-0.440678,1.78022,-0.508475,2.010989,0.067797,0.989011,-0.016949,1.340659,-0.084746,1.56044,-0.135593,1.769231,0.0,0.0,0.0,0.0,0.0,0.0,0.0,0.0,0.0,0.0,0.0,0.0,0.0,0.0,0.0,0.0,0.0,0.0,0.0,0.0,0.0,0.0,0.0,0.0,0.0,0.0,0.0,0.0,0.0,0.0,0.0,0.0,0.0,0.0,0.0,0.0,0.0,0.0,0.0,0.0,0.0,0.0,0.0,0.0,other,2.0
0.0,0.0,-0.561404,0.157303,-1.0,0.47191,-0.894737,0.820225,-0.45614,0.932584,-0.964912,1.0,-1.105263,1.393258,-1.175439,1.640449,-1.210526,1.88764,-0.649123,1.101124,-0.807018,1.539326,-0.894737,1.831461,-0.982456,2.101124,-0.315789,1.089888,-0.438596,1.516854,-0.508772,1.797753,-0.596491,2.044944,0.035088,1.011236,-0.070175,1.348315,-0.140351,1.58427,-0.175439,1.797753,0.0,0.0,0.0,0.0,0.0,0.0,0.0,0.0,0.0,0.0,0.0,0.0,0.0,0.0,0.0,0.0,0.0,0.0,0.0,0.0,0.0,0.0,0.0,0.0,0.0,0.0,0.0,0.0,0.0,0.0,0.0,0.0,0.0,0.0,0.0,0.0,0.0,0.0,0.0,0.0,0.0,0.0,0.0,0.0,other,2.0
0.0,0.0,-0.578947,0.152174,-0.964912,0.48913,-0.824561,0.836957,-0.403509,0.923913,-0.964912,1.0,-1.105263,1.391304,-1.192982,1.641304,-1.22807,1.880435,-0.631579,1.097826,-0.789474,1.532609,-0.894737,1.815217,-0.964912,2.086957,-0.298246,1.086957,-0.421053,1.51087,-0.491228,1.782609,-0.561404,2.032609,0.035088,1.0,-0.052632,1.336957,-0.105263,1.565217,-0.140351,1.771739,0.0,0.0,0.0,0.0,0.0,0.0,0.0,0.0,0.0,0.0,0.0,0.0,0.0,0.0,0.0,0.0,0.0,0.0,0.0,0.0,0.0,0.0,0.0,0.0,0.0,0.0,0.0,0.0,0.0,0.0,0.0,0.0,0.0,0.0,0.0,0.0,0.0,0.0,0.0,0.0,0.0,0.0,0.0,0.0,other,2.0
0.0,0.0,-0.607143,0.157303,-0.982143,0.516854,-0.821429,0.865169,-0.357143,0.932584,-0.964286,1.0,-1.107143,1.382022,-1.178571,1.629213,-1.232143,1.865169,-0.642857,1.101124,-0.785714,1.52809,-0.875,1.820225,-0.964286,2.078652,-0.303571,1.101124,-0.410714,1.516854,-0.5,1.786517,-0.589286,2.011236,0.035714,1.022472,-0.071429,1.359551,-0.142857,1.58427,-0.178571,1.775281,0.0,0.0,0.0,0.0,0.0,0.0,0.0,0.0,0.0,0.0,0.0,0.0,0.0,0.0,0.0,0.0,0.0,0.0,0.0,0.0,0.0,0.0,0.0,0.0,0.0,0.0,0.0,0.0,0.0,0.0,0.0,0.0,0.0,0.0,0.0,0.0,0.0,0.0,0.0,0.0,0.0,0.0,0.0,0.0,other,2.0
0.0,0.0,-0.535714,0.134146,-0.910714,0.439024,-0.803571,0.780488,-0.446429,0.914634,-1.017857,1.0,-1.196429,1.402439,-1.285714,1.670732,-1.357143,1.902439,-0.714286,1.121951,-0.910714,1.573171,-1.017857,1.865854,-1.125,2.134146,-0.375,1.146341,-0.535714,1.560976,-0.642857,1.841463,-0.732143,2.073171,-0.017857,1.085366,-0.160714,1.414634,-0.267857,1.621951,-0.357143,1.817073,0.0,0.0,0.0,0.0,0.0,0.0,0.0,0.0,0.0,0.0,0.0,0.0,0.0,0.0,0.0,0.0,0.0,0.0,0.0,0.0,0.0,0.0,0.0,0.0,0.0,0.0,0.0,0.0,0.0,0.0,0.0,0.0,0.0,0.0,0.0,0.0,0.0,0.0,0.0,0.0,0.0,0.0,0.0,0.0,other,2.0
0.0,0.0,-0.542373,0.139535,-0.898305,0.453488,-0.762712,0.790698,-0.389831,0.906977,-0.932203,1.0,-1.084746,1.395349,-1.152542,1.651163,-1.20339,1.883721,-0.610169,1.104651,-0.779661,1.546512,-0.881356,1.848837,-0.966102,2.116279,-0.288136,1.116279,-0.40678,1.534884,-0.474576,1.802326,-0.559322,2.046512,0.067797,1.034884,-0.033898,1.372093,-0.118644,1.593023,-0.186441,1.790698,0.0,0.0,0.0,0.0,0.0,0.0,0.0,0.0,0.0,0.0,0.0,0.0,0.0,0.0,0.0,0.0,0.0,0.0,0.0,0.0,0.0,0.0,0.0,0.0,0.0,0.0,0.0,0.0,0.0,0.0,0.0,0.0,0.0,0.0,0.0,0.0,0.0,0.0,0.0,0.0,0.0,0.0,0.0,0.0,other,2.0
0.0,0.0,-0.54386,0.126437,-0.929825,0.436782,-0.754386,0.781609,-0.315789,0.908046,-0.929825,1.0,-1.087719,1.390805,-1.157895,1.643678,-1.192982,1.885057,-0.614035,1.103448,-0.77193,1.551724,-0.859649,1.83908,-0.947368,2.103448,-0.280702,1.103448,-0.385965,1.517241,-0.45614,1.793103,-0.526316,2.034483,0.070175,1.022989,-0.017544,1.367816,-0.087719,1.586207,-0.140351,1.781609,0.0,0.0,0.0,0.0,0.0,0.0,0.0,0.0,0.0,0.0,0.0,0.0,0.0,0.0,0.0,0.0,0.0,0.0,0.0,0.0,0.0,0.0,0.0,0.0,0.0,0.0,0.0,0.0,0.0,0.0,0.0,0.0,0.0,0.0,0.0,0.0,0.0,0.0,0.0,0.0,0.0,0.0,0.0,0.0,other,2.0
0.0,0.0,-0.551724,0.162791,-0.913793,0.465116,-0.775862,0.77907,-0.344828,0.872093,-0.913793,1.0,-1.051724,1.383721,-1.103448,1.627907,-1.12069,1.860465,-0.586207,1.093023,-0.724138,1.534884,-0.810345,1.813953,-0.87931,2.069767,-0.258621,1.093023,-0.362069,1.523256,-0.448276,1.77907,-0.517241,2.023256,0.086207,1.011628,-0.017241,1.348837,-0.086207,1.569767,-0.155172,1.767442,0.0,0.0,0.0,0.0,0.0,0.0,0.0,0.0,0.0,0.0,0.0,0.0,0.0,0.0,0.0,0.0,0.0,0.0,0.0,0.0,0.0,0.0,0.0,0.0,0.0,0.0,0.0,0.0,0.0,0.0,0.0,0.0,0.0,0.0,0.0,0.0,0.0,0.0,0.0,0.0,0.0,0.0,0.0,0.0,other,2.0
0.0,0.0,0.235294,0.225225,0.196078,0.522523,-0.294118,0.702703,-0.784314,0.765766,-0.019608,1.0,-0.098039,1.351351,-0.235294,1.558559,-0.372549,1.747748,-0.411765,1.009009,-0.54902,1.396396,-0.686275,1.621622,-0.803922,1.837838,-0.72549,0.945946,-0.901961,1.297297,-1.019608,1.513514,-1.137255,1.693694,-1.019608,0.810811,-1.254902,1.072072,-1.411765,1.243243,-1.54902,1.387387,0.0,0.0,0.0,0.0,0.0,0.0,0.0,0.0,0.0,0.0,0.0,0.0,0.0,0.0,0.0,0.0,0.0,0.0,0.0,0.0,0.0,0.0,0.0,0.0,0.0,0.0,0.0,0.0,0.0,0.0,0.0,0.0,0.0,0.0,0.0,0.0,0.0,0.0,0.0,0.0,0.0,0.0,0.0,0.0,other,3.0
0.0,0.0,0.511111,0.252252,0.644444,0.63964,0.111111,0.81982,-0.422222,0.693694,-0.044444,1.0,-0.244444,1.315315,-0.4,1.495495,-0.577778,1.63964,-0.466667,0.981982,-0.711111,1.342342,-0.888889,1.567568,-1.066667,1.756757,-0.777778,0.891892,-1.066667,1.243243,-1.244444,1.468468,-1.444444,1.657658,-1.044444,0.747748,-1.288889,1.018018,-1.466667,1.198198,-1.688889,1.351351,0.0,0.0,0.0,0.0,0.0,0.0,0.0,0.0,0.0,0.0,0.0,0.0,0.0,0.0,0.0,0.0,0.0,0.0,0.0,0.0,0.0,0.0,0.0,0.0,0.0,0.0,0.0,0.0,0.0,0.0,0.0,0.0,0.0,0.0,0.0,0.0,0.0,0.0,0.0,0.0,0.0,0.0,0.0,0.0,other,3.0
0.0,0.0,0.446429,0.247863,0.660714,0.589744,0.267857,0.777778,-0.178571,0.74359,0.178571,1.0,0.107143,1.34188,0.0,1.538462,-0.107143,1.709402,-0.196429,0.991453,-0.303571,1.384615,-0.410714,1.632479,-0.517857,1.82906,-0.517857,0.923077,-0.678571,1.290598,-0.767857,1.538462,-0.857143,1.735043,-0.821429,0.786325,-0.982143,1.068376,-1.071429,1.264957,-1.160714,1.42735,0.0,0.0,0.0,0.0,0.0,0.0,0.0,0.0,0.0,0.0,0.0,0.0,0.0,0.0,0.0,0.0,0.0,0.0,0.0,0.0,0.0,0.0,0.0,0.0,0.0,0.0,0.0,0.0,0.0,0.0,0.0,0.0,0.0,0.0,0.0,0.0,0.0,0.0,0.0,0.0,0.0,0.0,0.0,0.0,other,3.0
0.0,0.0,0.45614,0.216667,0.701754,0.566667,0.333333,0.791667,-0.140351,0.791667,0.333333,1.0,0.263158,1.333333,0.192982,1.533333,0.087719,1.708333,-0.052632,1.016667,-0.122807,1.375,-0.210526,1.608333,-0.298246,1.808333,-0.368421,0.95,-0.491228,1.291667,-0.561404,1.516667,-0.649123,1.716667,-0.666667,0.808333,-0.789474,1.091667,-0.859649,1.275,-0.947368,1.441667,0.0,0.0,0.0,0.0,0.0,0.0,0.0,0.0,0.0,0.0,0.0,0.0,0.0,0.0,0.0,0.0,0.0,0.0,0.0,0.0,0.0,0.0,0.0,0.0,0.0,0.0,0.0,0.0,0.0,0.0,0.0,0.0,0.0,0.0,0.0,0.0,0.0,0.0,0.0,0.0,0.0,0.0,0.0,0.0,other,3.0
0.0,0.0,0.389831,0.211009,0.559322,0.53211,0.135593,0.724771,-0.305085,0.761468,0.440678,1.0,0.423729,1.348624,0.355932,1.559633,0.288136,1.761468,0.067797,1.036697,0.016949,1.431193,-0.033898,1.678899,-0.084746,1.917431,-0.271186,0.990826,-0.355932,1.366972,-0.423729,1.605505,-0.491525,1.816514,-0.559322,0.862385,-0.694915,1.155963,-0.762712,1.348624,-0.847458,1.522936,0.0,0.0,0.0,0.0,0.0,0.0,0.0,0.0,0.0,0.0,0.0,0.0,0.0,0.0,0.0,0.0,0.0,0.0,0.0,0.0,0.0,0.0,0.0,0.0,0.0,0.0,0.0,0.0,0.0,0.0,0.0,0.0,0.0,0.0,0.0,0.0,0.0,0.0,0.0,0.0,0.0,0.0,0.0,0.0,other,3.0
0.0,0.0,0.368421,0.222222,0.473684,0.555556,0.035088,0.731481,-0.421053,0.759259,0.298246,1.0,0.210526,1.351852,0.105263,1.564815,-0.017544,1.759259,-0.087719,1.018519,-0.210526,1.407407,-0.315789,1.657407,-0.421053,1.87963,-0.421053,0.953704,-0.561404,1.324074,-0.666667,1.555556,-0.77193,1.768519,-0.701754,0.814815,-0.842105,1.111111,-0.929825,1.296296,-1.035088,1.472222,0.0,0.0,0.0,0.0,0.0,0.0,0.0,0.0,0.0,0.0,0.0,0.0,0.0,0.0,0.0,0.0,0.0,0.0,0.0,0.0,0.0,0.0,0.0,0.0,0.0,0.0,0.0,0.0,0.0,0.0,0.0,0.0,0.0,0.0,0.0,0.0,0.0,0.0,0.0,0.0,0.0,0.0,0.0,0.0,other,3.0
0.0,0.0,0.407407,0.274336,0.555556,0.637168,0.111111,0.79646,-0.314815,0.690265,0.055556,1.0,-0.092593,1.327434,-0.240741,1.522124,-0.407407,1.690265,-0.351852,0.982301,-0.537037,1.362832,-0.685185,1.60177,-0.833333,1.79646,-0.666667,0.902655,-0.87037,1.265487,-1.0,1.486726,-1.148148,1.672566,-0.944444,0.752212,-1.166667,1.035398,-1.314815,1.20354,-1.462963,1.353982,0.0,0.0,0.0,0.0,0.0,0.0,0.0,0.0,0.0,0.0,0.0,0.0,0.0,0.0,0.0,0.0,0.0,0.0,0.0,0.0,0.0,0.0,0.0,0.0,0.0,0.0,0.0,0.0,0.0,0.0,0.0,0.0,0.0,0.0,0.0,0.0,0.0,0.0,0.0,0.0,0.0,0.0,0.0,0.0,other,3.0
0.0,0.0,0.413793,0.233645,0.637931,0.551402,0.310345,0.766355,-0.12069,0.785047,0.431034,1.0,0.396552,1.345794,0.310345,1.551402,0.224138,1.738318,0.086207,1.018692,0.017241,1.392523,-0.068966,1.635514,-0.172414,1.850467,-0.241379,0.962617,-0.310345,1.327103,-0.37931,1.560748,-0.465517,1.757009,-0.568966,0.841121,-0.655172,1.130841,-0.724138,1.327103,-0.793103,1.504673,0.0,0.0,0.0,0.0,0.0,0.0,0.0,0.0,0.0,0.0,0.0,0.0,0.0,0.0,0.0,0.0,0.0,0.0,0.0,0.0,0.0,0.0,0.0,0.0,0.0,0.0,0.0,0.0,0.0,0.0,0.0,0.0,0.0,0.0,0.0,0.0,0.0,0.0,0.0,0.0,0.0,0.0,0.0,0.0,other,3.0
0.0,0.0,0.355932,0.214286,0.525424,0.530612,0.237288,0.72449,-0.135593,0.77551,0.440678,1.0,0.440678,1.367347,0.389831,1.581633,0.338983,1.785714,0.084746,1.030612,0.067797,1.44898,0.050847,1.693878,0.016949,1.918367,-0.237288,0.979592,-0.288136,1.367347,-0.305085,1.622449,-0.338983,1.836735,-0.559322,0.857143,-0.644068,1.183673,-0.728814,1.397959,-0.79661,1.602041,0.0,0.0,0.0,0.0,0.0,0.0,0.0,0.0,0.0,0.0,0.0,0.0,0.0,0.0,0.0,0.0,0.0,0.0,0.0,0.0,0.0,0.0,0.0,0.0,0.0,0.0,0.0,0.0,0.0,0.0,0.0,0.0,0.0,0.0,0.0,0.0,0.0,0.0,0.0,0.0,0.0,0.0,0.0,0.0,other,3.0
0.0,0.0,0.35,0.213592,0.55,0.524272,0.316667,0.718447,-0.033333,0.776699,0.416667,1.0,0.383333,1.349515,0.333333,1.553398,0.266667,1.747573,0.05,1.038835,0.0,1.427184,-0.066667,1.660194,-0.133333,1.873786,-0.266667,0.990291,-0.35,1.359223,-0.416667,1.592233,-0.483333,1.805825,-0.583333,0.864078,-0.7,1.174757,-0.783333,1.378641,-0.866667,1.582524,0.0,0.0,0.0,0.0,0.0,0.0,0.0,0.0,0.0,0.0,0.0,0.0,0.0,0.0,0.0,0.0,0.0,0.0,0.0,0.0,0.0,0.0,0.0,0.0,0.0,0.0,0.0,0.0,0.0,0.0,0.0,0.0,0.0,0.0,0.0,0.0,0.0,0.0,0.0,0.0,0.0,0.0,0.0,0.0,other,3.0
0.0,0.0,0.383333,0.242424,0.583333,0.59596,0.283333,0.838384,-0.133333,0.89899,0.533333,1.0,0.533333,1.363636,0.466667,1.575758,0.383333,1.777778,0.166667,1.040404,0.15,1.434343,0.1,1.686869,0.016667,1.909091,-0.15,1.0,-0.2,1.393939,-0.25,1.636364,-0.316667,1.858586,-0.466667,0.89899,-0.55,1.242424,-0.616667,1.464646,-0.683333,1.686869,0.0,0.0,0.0,0.0,0.0,0.0,0.0,0.0,0.0,0.0,0.0,0.0,0.0,0.0,0.0,0.0,0.0,0.0,0.0,0.0,0.0,0.0,0.0,0.0,0.0,0.0,0.0,0.0,0.0,0.0,0.0,0.0,0.0,0.0,0.0,0.0,0.0,0.0,0.0,0.0,0.0,0.0,0.0,0.0,other,3.0
0.0,0.0,0.403509,0.16092,0.666667,0.436782,0.45614,0.666667,0.140351,0.793103,0.807018,1.0,0.947368,1.402299,0.964912,1.643678,0.982456,1.873563,0.473684,1.091954,0.578947,1.563218,0.596491,1.83908,0.631579,2.091954,0.140351,1.091954,0.22807,1.528736,0.263158,1.793103,0.298246,2.022989,-0.192982,1.0,-0.122807,1.344828,-0.087719,1.563218,-0.052632,1.747126,0.0,0.0,0.0,0.0,0.0,0.0,0.0,0.0,0.0,0.0,0.0,0.0,0.0,0.0,0.0,0.0,0.0,0.0,0.0,0.0,0.0,0.0,0.0,0.0,0.0,0.0,0.0,0.0,0.0,0.0,0.0,0.0,0.0,0.0,0.0,0.0,0.0,0.0,0.0,0.0,0.0,0.0,0.0,0.0,other,3.0
0.0,0.0,0.446429,0.195652,0.75,0.5,0.607143,0.728261,0.285714,0.836957,0.732143,1.0,0.839286,1.380435,0.821429,1.619565,0.785714,1.836957,0.392857,1.076087,0.464286,1.51087,0.464286,1.771739,0.446429,2.021739,0.071429,1.054348,0.107143,1.467391,0.125,1.728261,0.125,1.956522,-0.267857,0.945652,-0.25,1.271739,-0.232143,1.467391,-0.214286,1.652174,0.0,0.0,0.0,0.0,0.0,0.0,0.0,0.0,0.0,0.0,0.0,0.0,0.0,0.0,0.0,0.0,0.0,0.0,0.0,0.0,0.0,0.0,0.0,0.0,0.0,0.0,0.0,0.0,0.0,0.0,0.0,0.0,0.0,0.0,0.0,0.0,0.0,0.0,0.0,0.0,0.0,0.0,0.0,0.0,other,3.0
0.0,0.0,0.454545,0.180851,0.763636,0.510638,0.509091,0.734043,0.109091,0.765957,0.618182,1.0,0.636364,1.361702,0.6,1.585106,0.527273,1.797872,0.254545,1.053191,0.290909,1.478723,0.254545,1.744681,0.218182,1.978723,-0.072727,1.010638,-0.054545,1.414894,-0.072727,1.680851,-0.109091,1.914894,-0.381818,0.882979,-0.4,1.202128,-0.4,1.404255,-0.4,1.595745,0.0,0.0,0.0,0.0,0.0,0.0,0.0,0.0,0.0,0.0,0.0,0.0,0.0,0.0,0.0,0.0,0.0,0.0,0.0,0.0,0.0,0.0,0.0,0.0,0.0,0.0,0.0,0.0,0.0,0.0,0.0,0.0,0.0,0.0,0.0,0.0,0.0,0.0,0.0,0.0,0.0,0.0,0.0,0.0,other,3.0
0.0,0.0,0.433962,0.221053,0.679245,0.536842,0.339623,0.736842,-0.09434,0.778947,0.584906,1.0,0.603774,1.368421,0.566038,1.578947,0.54717,1.778947,0.226415,1.052632,0.226415,1.452632,0.188679,1.705263,0.188679,1.936842,-0.09434,1.0,-0.113208,1.410526,-0.113208,1.663158,-0.113208,1.884211,-0.415094,0.884211,-0.471698,1.189474,-0.471698,1.389474,-0.490566,1.589474,0.0,0.0,0.0,0.0,0.0,0.0,0.0,0.0,0.0,0.0,0.0,0.0,0.0,0.0,0.0,0.0,0.0,0.0,0.0,0.0,0.0,0.0,0.0,0.0,0.0,0.0,0.0,0.0,0.0,0.0,0.0,0.0,0.0,0.0,0.0,0.0,0.0,0.0,0.0,0.0,0.0,0.0,0.0,0.0,other,3.0
0.0,0.0,0.384615,0.127907,0.538462,0.430233,0.192308,0.662791,-0.211538,0.767442,0.557692,1.0,0.576923,1.372093,0.5,1.616279,0.403846,1.837209,0.192308,1.081395,0.192308,1.511628,0.134615,1.790698,0.057692,2.046512,-0.115385,1.05814,-0.153846,1.476744,-0.173077,1.72093,-0.211538,1.930233,-0.442308,0.965116,-0.480769,1.27907,-0.519231,1.476744,-0.576923,1.662791,0.0,0.0,0.0,0.0,0.0,0.0,0.0,0.0,0.0,0.0,0.0,0.0,0.0,0.0,0.0,0.0,0.0,0.0,0.0,0.0,0.0,0.0,0.0,0.0,0.0,0.0,0.0,0.0,0.0,0.0,0.0,0.0,0.0,0.0,0.0,0.0,0.0,0.0,0.0,0.0,0.0,0.0,0.0,0.0,other,3.0
0.0,0.0,0.38961,0.121739,0.649351,0.391304,0.493506,0.617391,0.207792,0.756522,0.662338,1.0,0.727273,1.417391,0.766234,1.695652,0.779221,1.93913,0.337662,1.069565,0.38961,1.530435,0.415584,1.843478,0.454545,2.121739,0.0,1.034783,0.025974,1.478261,0.051948,1.773913,0.077922,2.034783,-0.337662,0.930435,-0.337662,1.286957,-0.350649,1.521739,-0.350649,1.73913,0.0,0.0,0.0,0.0,0.0,0.0,0.0,0.0,0.0,0.0,0.0,0.0,0.0,0.0,0.0,0.0,0.0,0.0,0.0,0.0,0.0,0.0,0.0,0.0,0.0,0.0,0.0,0.0,0.0,0.0,0.0,0.0,0.0,0.0,0.0,0.0,0.0,0.0,0.0,0.0,0.0,0.0,0.0,0.0,other,3.0
0.0,0.0,0.446429,0.125,0.732143,0.423913,0.401786,0.646739,0.017857,0.711957,0.678571,1.0,0.723214,1.36413,0.741071,1.603261,0.75,1.820652,0.330357,1.070652,0.392857,1.5,0.428571,1.782609,0.482143,2.038043,0.008929,1.038043,0.044643,1.456522,0.089286,1.733696,0.133929,1.983696,-0.321429,0.929348,-0.285714,1.255435,-0.276786,1.467391,-0.267857,1.679348,0.0,0.0,0.0,0.0,0.0,0.0,0.0,0.0,0.0,0.0,0.0,0.0,0.0,0.0,0.0,0.0,0.0,0.0,0.0,0.0,0.0,0.0,0.0,0.0,0.0,0.0,0.0,0.0,0.0,0.0,0.0,0.0,0.0,0.0,0.0,0.0,0.0,0.0,0.0,0.0,0.0,0.0,0.0,0.0,other,3.0
0.0,0.0,0.383178,0.120253,0.607477,0.405063,0.373832,0.626582,0.037383,0.746835,0.626168,1.0,0.700935,1.373418,0.700935,1.620253,0.691589,1.860759,0.280374,1.075949,0.345794,1.518987,0.364486,1.810127,0.392523,2.075949,-0.046729,1.037975,-0.009346,1.468354,0.018692,1.753165,0.056075,2.012658,-0.373832,0.93038,-0.364486,1.265823,-0.35514,1.493671,-0.336449,1.721519,0.0,0.0,0.0,0.0,0.0,0.0,0.0,0.0,0.0,0.0,0.0,0.0,0.0,0.0,0.0,0.0,0.0,0.0,0.0,0.0,0.0,0.0,0.0,0.0,0.0,0.0,0.0,0.0,0.0,0.0,0.0,0.0,0.0,0.0,0.0,0.0,0.0,0.0,0.0,0.0,0.0,0.0,0.0,0.0,other,3.0
0.0,0.0,0.392857,0.117647,0.607143,0.419118,0.297619,0.639706,-0.119048,0.742647,0.619048,1.0,0.630952,1.397059,0.619048,1.647059,0.595238,1.875,0.261905,1.073529,0.261905,1.529412,0.238095,1.830882,0.22619,2.110294,-0.059524,1.051471,-0.071429,1.477941,-0.083333,1.757353,-0.083333,2.014706,-0.380952,0.941176,-0.416667,1.279412,-0.440476,1.507353,-0.464286,1.720588,0.0,0.0,0.0,0.0,0.0,0.0,0.0,0.0,0.0,0.0,0.0,0.0,0.0,0.0,0.0,0.0,0.0,0.0,0.0,0.0,0.0,0.0,0.0,0.0,0.0,0.0,0.0,0.0,0.0,0.0,0.0,0.0,0.0,0.0,0.0,0.0,0.0,0.0,0.0,0.0,0.0,0.0,0.0,0.0,other,3.0
0.0,0.0,0.369863,0.132231,0.534247,0.413223,0.219178,0.619835,-0.178082,0.727273,0.534247,1.0,0.547945,1.396694,0.506849,1.652893,0.452055,1.884298,0.178082,1.07438,0.164384,1.520661,0.123288,1.818182,0.09589,2.090909,-0.150685,1.049587,-0.191781,1.471074,-0.219178,1.752066,-0.246575,2.0,-0.465753,0.942149,-0.534247,1.280992,-0.561644,1.495868,-0.589041,1.702479,0.0,0.0,0.0,0.0,0.0,0.0,0.0,0.0,0.0,0.0,0.0,0.0,0.0,0.0,0.0,0.0,0.0,0.0,0.0,0.0,0.0,0.0,0.0,0.0,0.0,0.0,0.0,0.0,0.0,0.0,0.0,0.0,0.0,0.0,0.0,0.0,0.0,0.0,0.0,0.0,0.0,0.0,0.0,0.0,other,3.0
0.0,0.0,0.375,0.15,0.5,0.441667,0.180556,0.666667,-0.180556,0.758333,0.486111,1.0,0.444444,1.358333,0.347222,1.583333,0.25,1.791667,0.125,1.058333,0.083333,1.475,0.0,1.733333,-0.069444,1.966667,-0.194444,1.016667,-0.25,1.416667,-0.305556,1.658333,-0.347222,1.875,-0.513889,0.9,-0.555556,1.216667,-0.611111,1.408333,-0.666667,1.583333,0.0,0.0,0.0,0.0,0.0,0.0,0.0,0.0,0.0,0.0,0.0,0.0,0.0,0.0,0.0,0.0,0.0,0.0,0.0,0.0,0.0,0.0,0.0,0.0,0.0,0.0,0.0,0.0,0.0,0.0,0.0,0.0,0.0,0.0,0.0,0.0,0.0,0.0,0.0,0.0,0.0,0.0,0.0,0.0,other,3.0
0.0,0.0,0.447368,0.183206,0.710526,0.496183,0.394737,0.70229,-0.026316,0.763359,0.605263,1.0,0.657895,1.358779,0.657895,1.587786,0.657895,1.80916,0.236842,1.053435,0.276316,1.465649,0.263158,1.732824,0.276316,1.977099,-0.078947,1.015267,-0.078947,1.412214,-0.078947,1.671756,-0.092105,1.916031,-0.394737,0.89313,-0.394737,1.206107,-0.421053,1.419847,-0.421053,1.625954,0.0,0.0,0.0,0.0,0.0,0.0,0.0,0.0,0.0,0.0,0.0,0.0,0.0,0.0,0.0,0.0,0.0,0.0,0.0,0.0,0.0,0.0,0.0,0.0,0.0,0.0,0.0,0.0,0.0,0.0,0.0,0.0,0.0,0.0,0.0,0.0,0.0,0.0,0.0,0.0,0.0,0.0,0.0,0.0,other,3.0
0.0,0.0,0.472973,0.148438,0.797297,0.445312,0.621622,0.6875,0.243243,0.757812,0.716216,1.0,0.77027,1.351562,0.77027,1.585938,0.756757,1.789062,0.378378,1.0625,0.405405,1.46875,0.418919,1.742188,0.418919,1.976562,0.054054,1.023438,0.054054,1.421875,0.054054,1.6875,0.040541,1.929688,-0.283784,0.90625,-0.256757,1.25,-0.256757,1.46875,-0.256757,1.6875,0.0,0.0,0.0,0.0,0.0,0.0,0.0,0.0,0.0,0.0,0.0,0.0,0.0,0.0,0.0,0.0,0.0,0.0,0.0,0.0,0.0,0.0,0.0,0.0,0.0,0.0,0.0,0.0,0.0,0.0,0.0,0.0,0.0,0.0,0.0,0.0,0.0,0.0,0.0,0.0,0.0,0.0,0.0,0.0,other,3.0
0.0,0.0,0.541667,0.141732,0.944444,0.464567,0.680556,0.708661,0.236111,0.724409,0.847222,1.0,0.930556,1.354331,0.944444,1.582677,0.958333,1.787402,0.513889,1.062992,0.611111,1.456693,0.638889,1.724409,0.666667,1.96063,0.194444,1.023622,0.25,1.417323,0.291667,1.677165,0.291667,1.913386,-0.152778,0.913386,-0.083333,1.228346,-0.041667,1.433071,-0.013889,1.637795,0.0,0.0,0.0,0.0,0.0,0.0,0.0,0.0,0.0,0.0,0.0,0.0,0.0,0.0,0.0,0.0,0.0,0.0,0.0,0.0,0.0,0.0,0.0,0.0,0.0,0.0,0.0,0.0,0.0,0.0,0.0,0.0,0.0,0.0,0.0,0.0,0.0,0.0,0.0,0.0,0.0,0.0,0.0,0.0,other,3.0
0.0,0.0,0.619718,0.138462,1.140845,0.453846,0.873239,0.707692,0.366197,0.7,0.985915,1.0,1.098592,1.346154,1.126761,1.561538,1.15493,1.761538,0.633803,1.061538,0.732394,1.453846,0.802817,1.707692,0.84507,1.930769,0.309859,1.023077,0.394366,1.4,0.450704,1.653846,0.478873,1.869231,-0.014085,0.907692,0.028169,1.215385,0.056338,1.423077,0.070423,1.623077,0.0,0.0,0.0,0.0,0.0,0.0,0.0,0.0,0.0,0.0,0.0,0.0,0.0,0.0,0.0,0.0,0.0,0.0,0.0,0.0,0.0,0.0,0.0,0.0,0.0,0.0,0.0,0.0,0.0,0.0,0.0,0.0,0.0,0.0,0.0,0.0,0.0,0.0,0.0,0.0,0.0,0.0,0.0,0.0,other,3.0
0.0,0.0,0.526316,0.124031,0.934211,0.434109,0.684211,0.697674,0.263158,0.744186,0.868421,1.0,0.934211,1.356589,0.934211,1.589147,0.934211,1.790698,0.526316,1.069767,0.605263,1.48062,0.644737,1.751938,0.684211,1.984496,0.210526,1.03876,0.276316,1.44186,0.328947,1.705426,0.381579,1.937984,-0.131579,0.930233,-0.092105,1.255814,-0.065789,1.472868,-0.039474,1.682171,0.0,0.0,0.0,0.0,0.0,0.0,0.0,0.0,0.0,0.0,0.0,0.0,0.0,0.0,0.0,0.0,0.0,0.0,0.0,0.0,0.0,0.0,0.0,0.0,0.0,0.0,0.0,0.0,0.0,0.0,0.0,0.0,0.0,0.0,0.0,0.0,0.0,0.0,0.0,0.0,0.0,0.0,0.0,0.0,other,3.0
0.0,0.0,-0.405405,0.023256,-0.864865,0.337209,-1.108108,0.686047,-0.959459,1.0,-0.716216,1.0,-0.891892,1.534884,-1.067568,1.883721,-1.189189,2.174419,-0.405405,1.081395,-0.608108,1.5,-0.662162,1.151163,-0.621622,0.860465,-0.067568,1.081395,-0.22973,1.465116,-0.324324,1.116279,-0.283784,0.837209,0.283784,1.011628,0.135135,1.360465,0.027027,1.104651,0.040541,0.860465,0.0,0.0,0.0,0.0,0.0,0.0,0.0,0.0,0.0,0.0,0.0,0.0,0.0,0.0,0.0,0.0,0.0,0.0,0.0,0.0,0.0,0.0,0.0,0.0,0.0,0.0,0.0,0.0,0.0,0.0,0.0,0.0,0.0,0.0,0.0,0.0,0.0,0.0,0.0,0.0,0.0,0.0,0.0,0.0,other,4.0
0.0,0.0,-0.531646,0.117647,-0.886076,0.45098,-0.860759,0.813725,-0.670886,1.117647,-0.835443,1.0,-0.974684,1.470588,-1.025316,1.77451,-1.037975,2.039216,-0.506329,1.058824,-0.582278,1.539216,-0.544304,1.352941,-0.493671,1.127451,-0.177215,1.029412,-0.21519,1.509804,-0.227848,1.294118,-0.202532,1.029412,0.164557,0.931373,0.164557,1.27451,0.139241,1.117647,0.164557,0.882353,0.0,0.0,0.0,0.0,0.0,0.0,0.0,0.0,0.0,0.0,0.0,0.0,0.0,0.0,0.0,0.0,0.0,0.0,0.0,0.0,0.0,0.0,0.0,0.0,0.0,0.0,0.0,0.0,0.0,0.0,0.0,0.0,0.0,0.0,0.0,0.0,0.0,0.0,0.0,0.0,0.0,0.0,0.0,0.0,other,4.0
0.0,0.0,-0.475,0.133333,-0.825,0.457143,-0.8,0.780952,-0.625,1.066667,-0.8,1.0,-0.925,1.466667,-0.9375,1.752381,-0.925,2.009524,-0.475,1.047619,-0.55,1.495238,-0.5125,1.257143,-0.5,1.038095,-0.15,1.028571,-0.2,1.47619,-0.2,1.238095,-0.175,1.0,0.2,0.952381,0.15,1.32381,0.1125,1.219048,0.0875,1.047619,0.0,0.0,0.0,0.0,0.0,0.0,0.0,0.0,0.0,0.0,0.0,0.0,0.0,0.0,0.0,0.0,0.0,0.0,0.0,0.0,0.0,0.0,0.0,0.0,0.0,0.0,0.0,0.0,0.0,0.0,0.0,0.0,0.0,0.0,0.0,0.0,0.0,0.0,0.0,0.0,0.0,0.0,0.0,0.0,other,4.0
0.0,0.0,-0.519481,0.116505,-0.883117,0.456311,-0.883117,0.805825,-0.714286,1.097087,-0.805195,1.0,-0.935065,1.456311,-0.974026,1.737864,-1.0,1.980583,-0.480519,1.038835,-0.558442,1.504854,-0.545455,1.291262,-0.519481,1.048544,-0.155844,1.029126,-0.233766,1.456311,-0.246753,1.23301,-0.220779,0.980583,0.194805,0.961165,0.142857,1.339806,0.064935,1.262136,0.025974,1.067961,0.0,0.0,0.0,0.0,0.0,0.0,0.0,0.0,0.0,0.0,0.0,0.0,0.0,0.0,0.0,0.0,0.0,0.0,0.0,0.0,0.0,0.0,0.0,0.0,0.0,0.0,0.0,0.0,0.0,0.0,0.0,0.0,0.0,0.0,0.0,0.0,0.0,0.0,0.0,0.0,0.0,0.0,0.0,0.0,other,4.0
0.0,0.0,-0.506494,0.126214,-0.883117,0.446602,-0.909091,0.76699,-0.701299,1.029126,-0.805195,1.0,-0.935065,1.446602,-0.974026,1.728155,-0.987013,1.961165,-0.480519,1.038835,-0.61039,1.475728,-0.61039,1.252427,-0.558442,1.019417,-0.155844,1.038835,-0.25974,1.466019,-0.272727,1.213592,-0.220779,0.951456,0.194805,0.970874,0.142857,1.349515,0.064935,1.262136,0.038961,1.067961,0.0,0.0,0.0,0.0,0.0,0.0,0.0,0.0,0.0,0.0,0.0,0.0,0.0,0.0,0.0,0.0,0.0,0.0,0.0,0.0,0.0,0.0,0.0,0.0,0.0,0.0,0.0,0.0,0.0,0.0,0.0,0.0,0.0,0.0,0.0,0.0,0.0,0.0,0.0,0.0,0.0,0.0,0.0,0.0,other,4.0
0.0,0.0,-0.513158,0.125,-0.881579,0.432692,-0.947368,0.730769,-0.75,0.990385,-0.802632,1.0,-0.947368,1.442308,-1.0,1.711538,-1.026316,1.942308,-0.486842,1.038462,-0.605263,1.471154,-0.631579,1.240385,-0.592105,1.0,-0.157895,1.019231,-0.263158,1.432692,-0.315789,1.201923,-0.276316,0.951923,0.197368,0.951923,0.157895,1.317308,0.065789,1.230769,0.013158,1.048077,0.0,0.0,0.0,0.0,0.0,0.0,0.0,0.0,0.0,0.0,0.0,0.0,0.0,0.0,0.0,0.0,0.0,0.0,0.0,0.0,0.0,0.0,0.0,0.0,0.0,0.0,0.0,0.0,0.0,0.0,0.0,0.0,0.0,0.0,0.0,0.0,0.0,0.0,0.0,0.0,0.0,0.0,0.0,0.0,other,4.0
0.0,0.0,-0.583333,0.113402,-0.986111,0.43299,-1.0,0.752577,-0.75,1.020619,-0.902778,1.0,-1.069444,1.484536,-1.166667,1.773196,-1.208333,2.030928,-0.583333,1.061856,-0.708333,1.56701,-0.777778,1.381443,-0.763889,1.123711,-0.25,1.061856,-0.347222,1.515464,-0.472222,1.350515,-0.486111,1.082474,0.097222,1.010309,0.055556,1.391753,-0.083333,1.350515,-0.152778,1.164948,0.0,0.0,0.0,0.0,0.0,0.0,0.0,0.0,0.0,0.0,0.0,0.0,0.0,0.0,0.0,0.0,0.0,0.0,0.0,0.0,0.0,0.0,0.0,0.0,0.0,0.0,0.0,0.0,0.0,0.0,0.0,0.0,0.0,0.0,0.0,0.0,0.0,0.0,0.0,0.0,0.0,0.0,0.0,0.0,other,4.0
0.0,0.0,-0.512195,0.132743,-0.829268,0.460177,-0.792683,0.787611,-0.585366,1.044248,-0.780488,1.0,-0.853659,1.451327,-0.865854,1.752212,-0.829268,2.0,-0.45122,1.035398,-0.487805,1.469027,-0.463415,1.442478,-0.426829,1.327434,-0.121951,1.017699,-0.109756,1.451327,-0.109756,1.451327,-0.109756,1.327434,0.219512,0.938053,0.256098,1.265487,0.256098,1.371681,0.231707,1.371681,0.0,0.0,0.0,0.0,0.0,0.0,0.0,0.0,0.0,0.0,0.0,0.0,0.0,0.0,0.0,0.0,0.0,0.0,0.0,0.0,0.0,0.0,0.0,0.0,0.0,0.0,0.0,0.0,0.0,0.0,0.0,0.0,0.0,0.0,0.0,0.0,0.0,0.0,0.0,0.0,0.0,0.0,0.0,0.0,other,4.0
0.0,0.0,-0.412281,0.098684,-0.72807,0.394737,-0.72807,0.684211,-0.578947,0.940789,-0.684211,1.0,-0.754386,1.427632,-0.763158,1.703947,-0.72807,1.947368,-0.359649,1.039474,-0.403509,1.460526,-0.412281,1.171053,-0.394737,0.907895,-0.026316,1.006579,0.008772,1.407895,-0.052632,1.111842,-0.078947,0.848684,0.315789,0.914474,0.368421,1.25,0.263158,1.085526,0.184211,0.868421,0.0,0.0,0.0,0.0,0.0,0.0,0.0,0.0,0.0,0.0,0.0,0.0,0.0,0.0,0.0,0.0,0.0,0.0,0.0,0.0,0.0,0.0,0.0,0.0,0.0,0.0,0.0,0.0,0.0,0.0,0.0,0.0,0.0,0.0,0.0,0.0,0.0,0.0,0.0,0.0,0.0,0.0,0.0,0.0,other,4.0
0.0,0.0,-0.382812,0.071429,-0.71875,0.333333,-0.742188,0.565476,-0.617188,0.779762,-0.703125,1.0,-0.773438,1.458333,-0.78125,1.720238,-0.742188,1.970238,-0.367188,1.017857,-0.4375,1.39881,-0.492188,1.065476,-0.492188,0.797619,-0.039062,0.97619,-0.039062,1.345238,-0.125,1.0,-0.15625,0.72619,0.296875,0.869048,0.320312,1.172619,0.210938,0.946429,0.148438,0.72619,0.0,0.0,0.0,0.0,0.0,0.0,0.0,0.0,0.0,0.0,0.0,0.0,0.0,0.0,0.0,0.0,0.0,0.0,0.0,0.0,0.0,0.0,0.0,0.0,0.0,0.0,0.0,0.0,0.0,0.0,0.0,0.0,0.0,0.0,0.0,0.0,0.0,0.0,0.0,0.0,0.0,0.0,0.0,0.0,other,4.0
0.0,0.0,-0.358209,-0.061069,-0.679104,0.175573,-0.723881,0.442748,-0.5,0.717557,-0.708955,1.0,-0.761194,1.473282,-0.80597,1.541985,-0.783582,1.473282,-0.380597,1.114504,-0.462687,1.610687,-0.462687,1.290076,-0.395522,0.961832,-0.037313,1.137405,-0.067164,1.618321,-0.119403,1.251908,-0.119403,0.870229,0.291045,1.091603,0.30597,1.389313,0.231343,1.099237,0.179104,0.770992,0.0,0.0,0.0,0.0,0.0,0.0,0.0,0.0,0.0,0.0,0.0,0.0,0.0,0.0,0.0,0.0,0.0,0.0,0.0,0.0,0.0,0.0,0.0,0.0,0.0,0.0,0.0,0.0,0.0,0.0,0.0,0.0,0.0,0.0,0.0,0.0,0.0,0.0,0.0,0.0,0.0,0.0,0.0,0.0,other,4.0
0.0,0.0,-0.446809,0.090164,-0.819149,0.344262,-0.925532,0.614754,-0.734043,0.844262,-0.776596,1.0,-0.925532,1.5,-1.021277,1.795082,-1.042553,2.040984,-0.446809,1.02459,-0.574468,1.516393,-0.648936,1.237705,-0.62766,0.95082,-0.117021,0.97541,-0.191489,1.45082,-0.276596,1.196721,-0.255319,0.92623,0.223404,0.844262,0.212766,1.139344,0.138298,0.983607,0.148936,0.770492,0.0,0.0,0.0,0.0,0.0,0.0,0.0,0.0,0.0,0.0,0.0,0.0,0.0,0.0,0.0,0.0,0.0,0.0,0.0,0.0,0.0,0.0,0.0,0.0,0.0,0.0,0.0,0.0,0.0,0.0,0.0,0.0,0.0,0.0,0.0,0.0,0.0,0.0,0.0,0.0,0.0,0.0,0.0,0.0,other,4.0
0.0,0.0,-0.457831,0.102564,-0.807229,0.393162,-0.843373,0.649573,-0.638554,0.854701,-0.710843,1.0,-0.795181,1.452991,-0.831325,1.709402,-0.807229,1.931624,-0.373494,1.017094,-0.445783,1.435897,-0.53012,1.17094,-0.542169,0.91453,-0.048193,0.974359,-0.072289,1.401709,-0.180723,1.162393,-0.192771,0.905983,0.289157,0.863248,0.26506,1.17094,0.168675,1.025641,0.13253,0.82906,0.0,0.0,0.0,0.0,0.0,0.0,0.0,0.0,0.0,0.0,0.0,0.0,0.0,0.0,0.0,0.0,0.0,0.0,0.0,0.0,0.0,0.0,0.0,0.0,0.0,0.0,0.0,0.0,0.0,0.0,0.0,0.0,0.0,0.0,0.0,0.0,0.0,0.0,0.0,0.0,0.0,0.0,0.0,0.0,other,4.0
0.0,0.0,-0.460526,0.122642,-0.763158,0.415094,-0.697368,0.679245,-0.460526,0.839623,-0.736842,1.0,-0.763158,1.424528,-0.75,1.707547,-0.723684,1.95283,-0.381579,1.037736,-0.407895,1.443396,-0.421053,1.198113,-0.421053,0.981132,-0.052632,1.009434,-0.013158,1.40566,-0.078947,1.179245,-0.118421,0.95283,0.263158,0.915094,0.302632,1.245283,0.223684,1.150943,0.171053,0.981132,0.0,0.0,0.0,0.0,0.0,0.0,0.0,0.0,0.0,0.0,0.0,0.0,0.0,0.0,0.0,0.0,0.0,0.0,0.0,0.0,0.0,0.0,0.0,0.0,0.0,0.0,0.0,0.0,0.0,0.0,0.0,0.0,0.0,0.0,0.0,0.0,0.0,0.0,0.0,0.0,0.0,0.0,0.0,0.0,other,4.0
0.0,0.0,-0.507042,0.104762,-0.873239,0.390476,-0.887324,0.647619,-0.591549,0.809524,-0.746479,1.0,-0.802817,1.419048,-0.830986,1.67619,-0.816901,1.904762,-0.408451,1.019048,-0.450704,1.409524,-0.521127,1.152381,-0.535211,0.942857,-0.084507,0.990476,-0.070423,1.380952,-0.197183,1.142857,-0.225352,0.904762,0.253521,0.895238,0.253521,1.228571,0.126761,1.114286,0.070423,0.942857,0.0,0.0,0.0,0.0,0.0,0.0,0.0,0.0,0.0,0.0,0.0,0.0,0.0,0.0,0.0,0.0,0.0,0.0,0.0,0.0,0.0,0.0,0.0,0.0,0.0,0.0,0.0,0.0,0.0,0.0,0.0,0.0,0.0,0.0,0.0,0.0,0.0,0.0,0.0,0.0,0.0,0.0,0.0,0.0,other,4.0
0.0,0.0,-0.472973,0.093458,-0.864865,0.401869,-0.797297,0.654206,-0.445946,0.757009,-0.675676,1.0,-0.743243,1.411215,-0.783784,1.64486,-0.77027,1.850467,-0.324324,1.009346,-0.337838,1.411215,-0.432432,1.149533,-0.445946,0.897196,0.0,0.943925,0.040541,1.317757,-0.094595,1.11215,-0.135135,0.878505,0.324324,0.831776,0.378378,1.121495,0.256757,1.028037,0.189189,0.859813,0.0,0.0,0.0,0.0,0.0,0.0,0.0,0.0,0.0,0.0,0.0,0.0,0.0,0.0,0.0,0.0,0.0,0.0,0.0,0.0,0.0,0.0,0.0,0.0,0.0,0.0,0.0,0.0,0.0,0.0,0.0,0.0,0.0,0.0,0.0,0.0,0.0,0.0,0.0,0.0,0.0,0.0,0.0,0.0,other,4.0
0.0,0.0,-0.493333,0.098039,-0.88,0.411765,-0.786667,0.686275,-0.386667,0.77451,-0.706667,1.0,-0.746667,1.45098,-0.8,1.696078,-0.8,1.911765,-0.346667,1.009804,-0.32,1.441176,-0.413333,1.196078,-0.453333,0.941176,-0.026667,0.95098,0.04,1.333333,-0.08,1.127451,-0.133333,0.892157,0.293333,0.823529,0.373333,1.127451,0.253333,1.029412,0.173333,0.852941,0.0,0.0,0.0,0.0,0.0,0.0,0.0,0.0,0.0,0.0,0.0,0.0,0.0,0.0,0.0,0.0,0.0,0.0,0.0,0.0,0.0,0.0,0.0,0.0,0.0,0.0,0.0,0.0,0.0,0.0,0.0,0.0,0.0,0.0,0.0,0.0,0.0,0.0,0.0,0.0,0.0,0.0,0.0,0.0,other,4.0
0.0,0.0,-0.480519,0.104762,-0.857143,0.419048,-0.727273,0.695238,-0.376623,0.838095,-0.766234,1.0,-0.831169,1.438095,-0.844156,1.714286,-0.831169,1.952381,-0.428571,1.038095,-0.493506,1.466667,-0.506494,1.209524,-0.493506,0.971429,-0.103896,1.009524,-0.090909,1.428571,-0.155844,1.180952,-0.181818,0.933333,0.233766,0.92381,0.25974,1.285714,0.168831,1.171429,0.103896,0.980952,0.0,0.0,0.0,0.0,0.0,0.0,0.0,0.0,0.0,0.0,0.0,0.0,0.0,0.0,0.0,0.0,0.0,0.0,0.0,0.0,0.0,0.0,0.0,0.0,0.0,0.0,0.0,0.0,0.0,0.0,0.0,0.0,0.0,0.0,0.0,0.0,0.0,0.0,0.0,0.0,0.0,0.0,0.0,0.0,other,4.0
0.0,0.0,-0.492308,0.111111,-0.892308,0.373737,-0.815385,0.656566,-0.430769,0.767677,-0.769231,1.0,-0.846154,1.454545,-0.892308,1.707071,-0.861538,1.939394,-0.415385,1.020202,-0.492308,1.40404,-0.584615,1.10101,-0.584615,0.888889,-0.092308,0.979798,-0.123077,1.343434,-0.261538,1.090909,-0.276923,0.868687,0.230769,0.878788,0.215385,1.222222,0.076923,1.090909,0.061538,0.919192,0.0,0.0,0.0,0.0,0.0,0.0,0.0,0.0,0.0,0.0,0.0,0.0,0.0,0.0,0.0,0.0,0.0,0.0,0.0,0.0,0.0,0.0,0.0,0.0,0.0,0.0,0.0,0.0,0.0,0.0,0.0,0.0,0.0,0.0,0.0,0.0,0.0,0.0,0.0,0.0,0.0,0.0,0.0,0.0,other,4.0
0.0,0.0,-0.507937,0.086022,-0.920635,0.333333,-0.952381,0.569892,-0.666667,0.752688,-0.809524,1.0,-0.873016,1.494624,-0.952381,1.763441,-0.968254,2.0,-0.47619,1.021505,-0.650794,1.462366,-0.777778,1.150538,-0.746032,0.892473,-0.15873,0.989247,-0.253968,1.419355,-0.380952,1.11828,-0.365079,0.860215,0.190476,0.903226,0.126984,1.258065,-0.031746,1.096774,-0.079365,0.88172,0.0,0.0,0.0,0.0,0.0,0.0,0.0,0.0,0.0,0.0,0.0,0.0,0.0,0.0,0.0,0.0,0.0,0.0,0.0,0.0,0.0,0.0,0.0,0.0,0.0,0.0,0.0,0.0,0.0,0.0,0.0,0.0,0.0,0.0,0.0,0.0,0.0,0.0,0.0,0.0,0.0,0.0,0.0,0.0,other,4.0
0.0,0.0,-0.469697,0.091837,-0.878788,0.346939,-0.893939,0.581633,-0.606061,0.744898,-0.757576,1.0,-0.818182,1.459184,-0.863636,1.714286,-0.833333,1.94898,-0.424242,1.020408,-0.575758,1.418367,-0.681818,1.102041,-0.666667,0.846939,-0.090909,0.969388,-0.181818,1.357143,-0.318182,1.05102,-0.30303,0.795918,0.242424,0.877551,0.151515,1.193878,0.030303,1.010204,0.0,0.806122,0.0,0.0,0.0,0.0,0.0,0.0,0.0,0.0,0.0,0.0,0.0,0.0,0.0,0.0,0.0,0.0,0.0,0.0,0.0,0.0,0.0,0.0,0.0,0.0,0.0,0.0,0.0,0.0,0.0,0.0,0.0,0.0,0.0,0.0,0.0,0.0,0.0,0.0,0.0,0.0,0.0,0.0,0.0,0.0,other,4.0
0.0,0.0,-0.492958,0.08,-0.901408,0.35,-0.915493,0.6,-0.661972,0.78,-0.830986,1.0,-0.929577,1.47,-0.971831,1.73,-0.957746,1.98,-0.492958,1.03,-0.605634,1.46,-0.690141,1.14,-0.690141,0.87,-0.169014,0.99,-0.239437,1.41,-0.338028,1.11,-0.338028,0.83,0.169014,0.9,0.084507,1.24,-0.042254,1.06,-0.056338,0.85,0.0,0.0,0.0,0.0,0.0,0.0,0.0,0.0,0.0,0.0,0.0,0.0,0.0,0.0,0.0,0.0,0.0,0.0,0.0,0.0,0.0,0.0,0.0,0.0,0.0,0.0,0.0,0.0,0.0,0.0,0.0,0.0,0.0,0.0,0.0,0.0,0.0,0.0,0.0,0.0,0.0,0.0,0.0,0.0,other,4.0
0.0,0.0,-0.487179,0.081818,-0.897436,0.345455,-0.897436,0.609091,-0.564103,0.772727,-0.833333,1.0,-0.935897,1.463636,-0.987179,1.736364,-0.961538,1.981818,-0.5,1.027273,-0.615385,1.472727,-0.679487,1.163636,-0.653846,0.918182,-0.179487,1.0,-0.230769,1.418182,-0.320513,1.118182,-0.307692,0.863636,0.166667,0.909091,0.115385,1.272727,0.012821,1.109091,0.0,0.9,0.0,0.0,0.0,0.0,0.0,0.0,0.0,0.0,0.0,0.0,0.0,0.0,0.0,0.0,0.0,0.0,0.0,0.0,0.0,0.0,0.0,0.0,0.0,0.0,0.0,0.0,0.0,0.0,0.0,0.0,0.0,0.0,0.0,0.0,0.0,0.0,0.0,0.0,0.0,0.0,0.0,0.0,0.0,0.0,other,4.0
0.0,0.0,-0.456522,0.071429,-0.836957,0.34127,-0.793478,0.595238,-0.532609,0.777778,-0.771739,1.0,-0.847826,1.47619,-0.869565,1.753968,-0.847826,2.015873,-0.445652,1.031746,-0.51087,1.484127,-0.554348,1.18254,-0.543478,0.928571,-0.108696,1.0,-0.108696,1.428571,-0.206522,1.134921,-0.217391,0.873016,0.228261,0.896825,0.228261,1.230159,0.141304,1.039683,0.119565,0.81746,0.0,0.0,0.0,0.0,0.0,0.0,0.0,0.0,0.0,0.0,0.0,0.0,0.0,0.0,0.0,0.0,0.0,0.0,0.0,0.0,0.0,0.0,0.0,0.0,0.0,0.0,0.0,0.0,0.0,0.0,0.0,0.0,0.0,0.0,0.0,0.0,0.0,0.0,0.0,0.0,0.0,0.0,0.0,0.0,other,4.0
0.0,0.0,-0.44,0.086331,-0.79,0.338129,-0.79,0.589928,-0.61,0.798561,-0.74,1.0,-0.77,1.438849,-0.77,1.705036,-0.72,1.94964,-0.4,1.021583,-0.47,1.431655,-0.51,1.071942,-0.52,0.827338,-0.07,0.992806,-0.06,1.381295,-0.16,1.035971,-0.21,0.776978,0.26,0.884892,0.29,1.208633,0.16,1.0,0.08,0.791367,0.0,0.0,0.0,0.0,0.0,0.0,0.0,0.0,0.0,0.0,0.0,0.0,0.0,0.0,0.0,0.0,0.0,0.0,0.0,0.0,0.0,0.0,0.0,0.0,0.0,0.0,0.0,0.0,0.0,0.0,0.0,0.0,0.0,0.0,0.0,0.0,0.0,0.0,0.0,0.0,0.0,0.0,0.0,0.0,other,4.0
0.0,0.0,-0.467532,0.083333,-0.844156,0.404762,-0.844156,0.785714,-0.623377,1.047619,-0.87013,1.0,-1.025974,1.416667,-1.090909,1.702381,-1.12987,1.928571,-0.545455,1.119048,-0.636364,1.559524,-0.649351,1.72619,-0.649351,1.77381,-0.207792,1.142857,-0.272727,1.583333,-0.285714,1.702381,-0.285714,1.678571,0.12987,1.083333,0.103896,1.452381,0.064935,1.583333,0.038961,1.583333,0.0,0.0,0.0,0.0,0.0,0.0,0.0,0.0,0.0,0.0,0.0,0.0,0.0,0.0,0.0,0.0,0.0,0.0,0.0,0.0,0.0,0.0,0.0,0.0,0.0,0.0,0.0,0.0,0.0,0.0,0.0,0.0,0.0,0.0,0.0,0.0,0.0,0.0,0.0,0.0,0.0,0.0,0.0,0.0,other,4.0
0.0,0.0,-0.486486,0.118812,-0.837838,0.39604,-0.797297,0.663366,-0.581081,0.871287,-0.810811,1.0,-0.918919,1.445545,-0.945946,1.712871,-0.959459,1.960396,-0.472973,1.049505,-0.554054,1.485149,-0.581081,1.227723,-0.567568,0.980198,-0.148649,1.029703,-0.189189,1.475248,-0.27027,1.247525,-0.27027,1.0,0.189189,0.950495,0.175676,1.29703,0.054054,1.207921,0.0,1.019802,0.0,0.0,0.0,0.0,0.0,0.0,0.0,0.0,0.0,0.0,0.0,0.0,0.0,0.0,0.0,0.0,0.0,0.0,0.0,0.0,0.0,0.0,0.0,0.0,0.0,0.0,0.0,0.0,0.0,0.0,0.0,0.0,0.0,0.0,0.0,0.0,0.0,0.0,0.0,0.0,0.0,0.0,0.0,0.0,other,4.0
0.0,0.0,0.461538,0.110092,0.858974,0.385321,0.858974,0.651376,0.589744,0.807339,0.692308,1.0,0.782051,1.449541,0.846154,1.706422,0.897436,1.944954,0.358974,1.009174,0.448718,1.440367,0.564103,1.174312,0.628205,0.889908,0.025641,0.963303,0.115385,1.348624,0.25641,1.036697,0.307692,0.733945,-0.307692,0.862385,-0.230769,1.174312,-0.089744,0.990826,-0.025641,0.770642,0.0,0.0,0.0,0.0,0.0,0.0,0.0,0.0,0.0,0.0,0.0,0.0,0.0,0.0,0.0,0.0,0.0,0.0,0.0,0.0,0.0,0.0,0.0,0.0,0.0,0.0,0.0,0.0,0.0,0.0,0.0,0.0,0.0,0.0,0.0,0.0,0.0,0.0,0.0,0.0,0.0,0.0,0.0,0.0,other,5.0
0.0,0.0,0.397727,0.072727,0.738636,0.290909,0.613636,0.5,0.306818,0.627273,0.590909,1.0,0.636364,1.427273,0.625,1.7,0.613636,1.936364,0.227273,1.009091,0.193182,1.290909,0.204545,1.018182,0.238636,0.763636,-0.102273,0.963636,-0.136364,1.145455,-0.068182,0.827273,0.011364,0.554545,-0.409091,0.863636,-0.443182,1.045455,-0.340909,0.8,-0.261364,0.590909,0.0,0.0,0.0,0.0,0.0,0.0,0.0,0.0,0.0,0.0,0.0,0.0,0.0,0.0,0.0,0.0,0.0,0.0,0.0,0.0,0.0,0.0,0.0,0.0,0.0,0.0,0.0,0.0,0.0,0.0,0.0,0.0,0.0,0.0,0.0,0.0,0.0,0.0,0.0,0.0,0.0,0.0,0.0,0.0,other,5.0
0.0,0.0,0.419753,0.083333,0.82716,0.324074,0.975309,0.555556,0.814815,0.675926,0.740741,1.0,0.851852,1.472222,0.901235,1.722222,0.925926,1.953704,0.419753,1.009259,0.555556,1.37963,0.691358,1.074074,0.728395,0.814815,0.08642,0.972222,0.17284,1.314815,0.333333,0.981481,0.37037,0.712963,-0.259259,0.87963,-0.160494,1.175926,-0.012346,0.962963,0.024691,0.740741,0.0,0.0,0.0,0.0,0.0,0.0,0.0,0.0,0.0,0.0,0.0,0.0,0.0,0.0,0.0,0.0,0.0,0.0,0.0,0.0,0.0,0.0,0.0,0.0,0.0,0.0,0.0,0.0,0.0,0.0,0.0,0.0,0.0,0.0,0.0,0.0,0.0,0.0,0.0,0.0,0.0,0.0,0.0,0.0,other,5.0
0.0,0.0,0.4625,0.108108,0.8625,0.378378,0.85,0.648649,0.55,0.765766,0.7125,1.0,0.8125,1.45045,0.8625,1.702703,0.9,1.945946,0.375,1.018018,0.475,1.396396,0.5875,1.135135,0.6125,0.891892,0.05,0.972973,0.1125,1.306306,0.275,1.0,0.325,0.72973,-0.2875,0.882883,-0.225,1.162162,-0.0625,0.963964,0.0,0.747748,0.0,0.0,0.0,0.0,0.0,0.0,0.0,0.0,0.0,0.0,0.0,0.0,0.0,0.0,0.0,0.0,0.0,0.0,0.0,0.0,0.0,0.0,0.0,0.0,0.0,0.0,0.0,0.0,0.0,0.0,0.0,0.0,0.0,0.0,0.0,0.0,0.0,0.0,0.0,0.0,0.0,0.0,0.0,0.0,other,5.0
0.0,0.0,0.433735,0.106195,0.831325,0.362832,0.855422,0.610619,0.566265,0.725664,0.698795,1.0,0.771084,1.433628,0.819277,1.690265,0.843373,1.911504,0.373494,1.00885,0.457831,1.362832,0.590361,1.097345,0.626506,0.840708,0.048193,0.955752,0.108434,1.283186,0.26506,0.973451,0.325301,0.707965,-0.301205,0.858407,-0.216867,1.115044,-0.060241,0.929204,-0.012048,0.725664,0.0,0.0,0.0,0.0,0.0,0.0,0.0,0.0,0.0,0.0,0.0,0.0,0.0,0.0,0.0,0.0,0.0,0.0,0.0,0.0,0.0,0.0,0.0,0.0,0.0,0.0,0.0,0.0,0.0,0.0,0.0,0.0,0.0,0.0,0.0,0.0,0.0,0.0,0.0,0.0,0.0,0.0,0.0,0.0,other,5.0
0.0,0.0,0.5,0.106195,0.939024,0.371681,0.890244,0.646018,0.512195,0.761062,0.841463,1.0,0.926829,1.442478,0.97561,1.699115,0.987805,1.929204,0.5,1.026549,0.597561,1.424779,0.658537,1.141593,0.670732,0.938053,0.182927,0.99115,0.219512,1.371681,0.341463,1.061947,0.353659,0.831858,-0.158537,0.911504,-0.085366,1.20354,0.04878,1.00885,0.085366,0.831858,0.0,0.0,0.0,0.0,0.0,0.0,0.0,0.0,0.0,0.0,0.0,0.0,0.0,0.0,0.0,0.0,0.0,0.0,0.0,0.0,0.0,0.0,0.0,0.0,0.0,0.0,0.0,0.0,0.0,0.0,0.0,0.0,0.0,0.0,0.0,0.0,0.0,0.0,0.0,0.0,0.0,0.0,0.0,0.0,other,5.0
0.0,0.0,0.475,0.087719,0.9125,0.315789,0.95,0.552632,0.6625,0.684211,0.8,1.0,0.9375,1.438596,1.0,1.684211,1.025,1.903509,0.475,1.008772,0.6,1.377193,0.7,1.087719,0.725,0.850877,0.15,0.973684,0.225,1.324561,0.3875,1.0,0.425,0.736842,-0.2,0.877193,-0.0875,1.157895,0.0875,0.947368,0.1375,0.736842,0.0,0.0,0.0,0.0,0.0,0.0,0.0,0.0,0.0,0.0,0.0,0.0,0.0,0.0,0.0,0.0,0.0,0.0,0.0,0.0,0.0,0.0,0.0,0.0,0.0,0.0,0.0,0.0,0.0,0.0,0.0,0.0,0.0,0.0,0.0,0.0,0.0,0.0,0.0,0.0,0.0,0.0,0.0,0.0,other,5.0
0.0,0.0,0.45679,0.081818,0.876543,0.318182,0.987654,0.545455,0.716049,0.663636,0.802469,1.0,0.925926,1.463636,0.987654,1.709091,1.012346,1.918182,0.481481,1.009091,0.62963,1.418182,0.740741,1.109091,0.753086,0.845455,0.148148,0.963636,0.246914,1.363636,0.419753,1.036364,0.45679,0.745455,-0.197531,0.863636,-0.098765,1.163636,0.074074,0.936364,0.135802,0.718182,0.0,0.0,0.0,0.0,0.0,0.0,0.0,0.0,0.0,0.0,0.0,0.0,0.0,0.0,0.0,0.0,0.0,0.0,0.0,0.0,0.0,0.0,0.0,0.0,0.0,0.0,0.0,0.0,0.0,0.0,0.0,0.0,0.0,0.0,0.0,0.0,0.0,0.0,0.0,0.0,0.0,0.0,0.0,0.0,other,5.0
0.0,0.0,0.433735,0.072727,0.843373,0.309091,0.903614,0.554545,0.638554,0.7,0.795181,1.0,0.927711,1.463636,0.975904,1.718182,1.0,1.936364,0.46988,1.027273,0.590361,1.409091,0.686747,1.109091,0.710843,0.845455,0.144578,1.0,0.216867,1.372727,0.337349,1.036364,0.385542,0.745455,-0.204819,0.918182,-0.096386,1.172727,0.048193,0.954545,0.108434,0.736364,0.0,0.0,0.0,0.0,0.0,0.0,0.0,0.0,0.0,0.0,0.0,0.0,0.0,0.0,0.0,0.0,0.0,0.0,0.0,0.0,0.0,0.0,0.0,0.0,0.0,0.0,0.0,0.0,0.0,0.0,0.0,0.0,0.0,0.0,0.0,0.0,0.0,0.0,0.0,0.0,0.0,0.0,0.0,0.0,other,5.0
0.0,0.0,0.455696,0.08,0.886076,0.31,0.898734,0.6,0.56962,0.79,0.835443,1.0,1.0,1.45,1.088608,1.74,1.151899,2.0,0.506329,1.06,0.594937,1.48,0.582278,1.16,0.56962,0.89,0.164557,1.05,0.227848,1.45,0.265823,1.11,0.278481,0.81,-0.164557,0.98,-0.126582,1.29,-0.050633,1.05,-0.012658,0.82,0.0,0.0,0.0,0.0,0.0,0.0,0.0,0.0,0.0,0.0,0.0,0.0,0.0,0.0,0.0,0.0,0.0,0.0,0.0,0.0,0.0,0.0,0.0,0.0,0.0,0.0,0.0,0.0,0.0,0.0,0.0,0.0,0.0,0.0,0.0,0.0,0.0,0.0,0.0,0.0,0.0,0.0,0.0,0.0,other,5.0
0.0,0.0,0.45679,0.090909,0.888889,0.313131,0.91358,0.606061,0.617284,0.79798,0.876543,1.0,1.024691,1.464646,1.111111,1.747475,1.17284,2.030303,0.54321,1.060606,0.691358,1.474747,0.716049,1.171717,0.691358,0.909091,0.209877,1.060606,0.333333,1.484848,0.395062,1.111111,0.382716,0.787879,-0.123457,1.010101,-0.012346,1.313131,0.074074,1.060606,0.08642,0.808081,0.0,0.0,0.0,0.0,0.0,0.0,0.0,0.0,0.0,0.0,0.0,0.0,0.0,0.0,0.0,0.0,0.0,0.0,0.0,0.0,0.0,0.0,0.0,0.0,0.0,0.0,0.0,0.0,0.0,0.0,0.0,0.0,0.0,0.0,0.0,0.0,0.0,0.0,0.0,0.0,0.0,0.0,0.0,0.0,other,5.0
0.0,0.0,0.44186,0.052632,0.872093,0.294737,0.872093,0.589474,0.593023,0.8,0.918605,1.0,1.093023,1.463158,1.174419,1.747368,1.22093,2.021053,0.593023,1.073684,0.72093,1.494737,0.662791,1.157895,0.616279,0.884211,0.267442,1.084211,0.372093,1.484211,0.348837,1.084211,0.313953,0.778947,-0.081395,1.021053,0.0,1.315789,0.046512,1.021053,0.05814,0.778947,0.0,0.0,0.0,0.0,0.0,0.0,0.0,0.0,0.0,0.0,0.0,0.0,0.0,0.0,0.0,0.0,0.0,0.0,0.0,0.0,0.0,0.0,0.0,0.0,0.0,0.0,0.0,0.0,0.0,0.0,0.0,0.0,0.0,0.0,0.0,0.0,0.0,0.0,0.0,0.0,0.0,0.0,0.0,0.0,other,5.0
0.0,0.0,0.436782,0.106796,0.793103,0.38835,0.678161,0.650485,0.367816,0.796117,0.781609,1.0,0.91954,1.466019,1.0,1.757282,1.045977,1.990291,0.448276,1.048544,0.494253,1.38835,0.494253,1.097087,0.471264,0.825243,0.114943,1.029126,0.126437,1.330097,0.172414,1.0,0.183908,0.728155,-0.218391,0.961165,-0.218391,1.23301,-0.149425,1.067961,-0.114943,0.893204,0.0,0.0,0.0,0.0,0.0,0.0,0.0,0.0,0.0,0.0,0.0,0.0,0.0,0.0,0.0,0.0,0.0,0.0,0.0,0.0,0.0,0.0,0.0,0.0,0.0,0.0,0.0,0.0,0.0,0.0,0.0,0.0,0.0,0.0,0.0,0.0,0.0,0.0,0.0,0.0,0.0,0.0,0.0,0.0,other,5.0
0.0,0.0,0.402299,0.123894,0.666667,0.39823,0.413793,0.646018,0.0,0.734513,0.54023,1.0,0.586207,1.415929,0.574713,1.707965,0.551724,1.938053,0.183908,1.0,0.126437,1.389381,0.137931,1.070796,0.183908,0.814159,-0.149425,0.938053,-0.229885,1.283186,-0.137931,0.938053,-0.068966,0.663717,-0.45977,0.814159,-0.505747,1.061947,-0.390805,0.840708,-0.310345,0.637168,0.0,0.0,0.0,0.0,0.0,0.0,0.0,0.0,0.0,0.0,0.0,0.0,0.0,0.0,0.0,0.0,0.0,0.0,0.0,0.0,0.0,0.0,0.0,0.0,0.0,0.0,0.0,0.0,0.0,0.0,0.0,0.0,0.0,0.0,0.0,0.0,0.0,0.0,0.0,0.0,0.0,0.0,0.0,0.0,other,5.0
0.0,0.0,0.411765,0.090909,0.788235,0.327273,0.705882,0.581818,0.364706,0.718182,0.623529,1.0,0.647059,1.409091,0.635294,1.672727,0.623529,1.909091,0.282353,1.0,0.294118,1.354545,0.376471,1.072727,0.423529,0.845455,-0.035294,0.936364,-0.023529,1.254545,0.105882,0.927273,0.164706,0.672727,-0.376471,0.818182,-0.329412,1.054545,-0.188235,0.827273,-0.117647,0.645455,0.0,0.0,0.0,0.0,0.0,0.0,0.0,0.0,0.0,0.0,0.0,0.0,0.0,0.0,0.0,0.0,0.0,0.0,0.0,0.0,0.0,0.0,0.0,0.0,0.0,0.0,0.0,0.0,0.0,0.0,0.0,0.0,0.0,0.0,0.0,0.0,0.0,0.0,0.0,0.0,0.0,0.0,0.0,0.0,other,5.0
0.0,0.0,0.435897,0.096491,0.820513,0.350877,0.74359,0.605263,0.384615,0.72807,0.628205,1.0,0.666667,1.403509,0.679487,1.649123,0.679487,1.868421,0.282051,0.991228,0.333333,1.324561,0.423077,1.017544,0.461538,0.798246,-0.038462,0.912281,-0.025641,1.22807,0.128205,0.903509,0.192308,0.666667,-0.371795,0.789474,-0.333333,1.035088,-0.153846,0.815789,-0.076923,0.631579,0.0,0.0,0.0,0.0,0.0,0.0,0.0,0.0,0.0,0.0,0.0,0.0,0.0,0.0,0.0,0.0,0.0,0.0,0.0,0.0,0.0,0.0,0.0,0.0,0.0,0.0,0.0,0.0,0.0,0.0,0.0,0.0,0.0,0.0,0.0,0.0,0.0,0.0,0.0,0.0,0.0,0.0,0.0,0.0,other,5.0
0.0,0.0,0.4125,0.112069,0.7875,0.362069,0.7,0.612069,0.35,0.715517,0.5625,1.0,0.625,1.413793,0.625,1.655172,0.6125,1.862069,0.225,0.991379,0.275,1.336207,0.3875,1.060345,0.4375,0.836207,-0.1,0.922414,-0.0875,1.232759,0.1,0.931034,0.175,0.698276,-0.4375,0.793103,-0.4,1.017241,-0.2,0.818966,-0.0875,0.646552,0.0,0.0,0.0,0.0,0.0,0.0,0.0,0.0,0.0,0.0,0.0,0.0,0.0,0.0,0.0,0.0,0.0,0.0,0.0,0.0,0.0,0.0,0.0,0.0,0.0,0.0,0.0,0.0,0.0,0.0,0.0,0.0,0.0,0.0,0.0,0.0,0.0,0.0,0.0,0.0,0.0,0.0,0.0,0.0,other,5.0
0.0,0.0,0.416667,0.096491,0.738095,0.368421,0.619048,0.614035,0.27381,0.72807,0.595238,1.0,0.630952,1.412281,0.607143,1.657895,0.571429,1.877193,0.25,0.991228,0.25,1.333333,0.345238,1.04386,0.404762,0.824561,-0.083333,0.912281,-0.095238,1.236842,0.071429,0.912281,0.142857,0.657895,-0.404762,0.780702,-0.369048,1.035088,-0.202381,0.815789,-0.107143,0.622807,0.0,0.0,0.0,0.0,0.0,0.0,0.0,0.0,0.0,0.0,0.0,0.0,0.0,0.0,0.0,0.0,0.0,0.0,0.0,0.0,0.0,0.0,0.0,0.0,0.0,0.0,0.0,0.0,0.0,0.0,0.0,0.0,0.0,0.0,0.0,0.0,0.0,0.0,0.0,0.0,0.0,0.0,0.0,0.0,other,5.0
0.0,0.0,0.419753,0.106195,0.790123,0.353982,0.740741,0.610619,0.407407,0.743363,0.641975,1.0,0.716049,1.424779,0.728395,1.681416,0.728395,1.902655,0.296296,1.0,0.358025,1.353982,0.419753,1.070796,0.45679,0.840708,-0.024691,0.946903,-0.012346,1.283186,0.111111,0.955752,0.17284,0.699115,-0.358025,0.831858,-0.320988,1.079646,-0.17284,0.867257,-0.098765,0.663717,0.0,0.0,0.0,0.0,0.0,0.0,0.0,0.0,0.0,0.0,0.0,0.0,0.0,0.0,0.0,0.0,0.0,0.0,0.0,0.0,0.0,0.0,0.0,0.0,0.0,0.0,0.0,0.0,0.0,0.0,0.0,0.0,0.0,0.0,0.0,0.0,0.0,0.0,0.0,0.0,0.0,0.0,0.0,0.0,other,5.0
0.0,0.0,0.5,0.075472,0.957143,0.330189,0.971429,0.584906,0.614286,0.707547,0.742857,1.0,0.8,1.415094,0.828571,1.679245,0.828571,1.90566,0.414286,1.0,0.485714,1.330189,0.6,1.04717,0.642857,0.820755,0.1,0.95283,0.128571,1.273585,0.285714,0.95283,0.328571,0.698113,-0.257143,0.839623,-0.157143,1.09434,0.014286,0.867925,0.071429,0.660377,0.0,0.0,0.0,0.0,0.0,0.0,0.0,0.0,0.0,0.0,0.0,0.0,0.0,0.0,0.0,0.0,0.0,0.0,0.0,0.0,0.0,0.0,0.0,0.0,0.0,0.0,0.0,0.0,0.0,0.0,0.0,0.0,0.0,0.0,0.0,0.0,0.0,0.0,0.0,0.0,0.0,0.0,0.0,0.0,other,5.0
0.0,0.0,0.485294,0.058824,0.941176,0.323529,0.955882,0.607843,0.602941,0.72549,0.823529,1.0,0.882353,1.441176,0.941176,1.686275,0.970588,1.901961,0.5,1.009804,0.632353,1.352941,0.735294,1.039216,0.75,0.813725,0.176471,0.960784,0.235294,1.313725,0.426471,0.970588,0.470588,0.715686,-0.176471,0.852941,-0.044118,1.107843,0.147059,0.882353,0.205882,0.666667,0.0,0.0,0.0,0.0,0.0,0.0,0.0,0.0,0.0,0.0,0.0,0.0,0.0,0.0,0.0,0.0,0.0,0.0,0.0,0.0,0.0,0.0,0.0,0.0,0.0,0.0,0.0,0.0,0.0,0.0,0.0,0.0,0.0,0.0,0.0,0.0,0.0,0.0,0.0,0.0,0.0,0.0,0.0,0.0,other,5.0
0.0,0.0,0.480519,0.063636,0.935065,0.309091,0.883117,0.590909,0.545455,0.709091,0.779221,1.0,0.87013,1.436364,0.935065,1.663636,0.974026,1.845455,0.454545,1.009091,0.597403,1.4,0.675325,1.045455,0.675325,0.8,0.12987,0.954545,0.207792,1.336364,0.350649,0.954545,0.376623,0.681818,-0.220779,0.845455,-0.103896,1.1,0.064935,0.845455,0.103896,0.618182,0.0,0.0,0.0,0.0,0.0,0.0,0.0,0.0,0.0,0.0,0.0,0.0,0.0,0.0,0.0,0.0,0.0,0.0,0.0,0.0,0.0,0.0,0.0,0.0,0.0,0.0,0.0,0.0,0.0,0.0,0.0,0.0,0.0,0.0,0.0,0.0,0.0,0.0,0.0,0.0,0.0,0.0,0.0,0.0,other,5.0
0.0,0.0,0.415842,0.068702,0.80198,0.328244,0.782178,0.587786,0.613861,0.763359,0.772277,1.0,0.861386,1.465649,0.910891,1.725191,0.930693,1.961832,0.445545,1.007634,0.564356,1.335878,0.623762,0.992366,0.643564,0.763359,0.118812,0.961832,0.188119,1.29771,0.306931,0.923664,0.356436,0.664122,-0.227723,0.847328,-0.118812,1.083969,0.019802,0.824427,0.069307,0.633588,0.0,0.0,0.0,0.0,0.0,0.0,0.0,0.0,0.0,0.0,0.0,0.0,0.0,0.0,0.0,0.0,0.0,0.0,0.0,0.0,0.0,0.0,0.0,0.0,0.0,0.0,0.0,0.0,0.0,0.0,0.0,0.0,0.0,0.0,0.0,0.0,0.0,0.0,0.0,0.0,0.0,0.0,0.0,0.0,other,5.0
0.0,0.0,0.446281,0.067114,0.85124,0.295302,0.752066,0.530201,0.371901,0.624161,0.768595,1.0,0.876033,1.436242,0.909091,1.697987,0.92562,1.946309,0.421488,1.020134,0.512397,1.308725,0.520661,0.946309,0.512397,0.697987,0.090909,0.979866,0.123967,1.268456,0.198347,0.865772,0.239669,0.577181,-0.231405,0.872483,-0.198347,1.073826,-0.07438,0.785235,0.008264,0.57047,0.0,0.0,0.0,0.0,0.0,0.0,0.0,0.0,0.0,0.0,0.0,0.0,0.0,0.0,0.0,0.0,0.0,0.0,0.0,0.0,0.0,0.0,0.0,0.0,0.0,0.0,0.0,0.0,0.0,0.0,0.0,0.0,0.0,0.0,0.0,0.0,0.0,0.0,0.0,0.0,0.0,0.0,0.0,0.0,other,5.0
0.0,0.0,0.406015,0.04321,0.781955,0.259259,0.81203,0.469136,0.496241,0.58642,0.736842,1.0,0.827068,1.438272,0.864662,1.697531,0.864662,1.938272,0.390977,1.018519,0.43609,1.308642,0.466165,0.950617,0.488722,0.716049,0.06015,0.962963,0.075188,1.222222,0.172932,0.82716,0.233083,0.561728,-0.263158,0.858025,-0.233083,1.030864,-0.105263,0.753086,-0.022556,0.549383,0.0,0.0,0.0,0.0,0.0,0.0,0.0,0.0,0.0,0.0,0.0,0.0,0.0,0.0,0.0,0.0,0.0,0.0,0.0,0.0,0.0,0.0,0.0,0.0,0.0,0.0,0.0,0.0,0.0,0.0,0.0,0.0,0.0,0.0,0.0,0.0,0.0,0.0,0.0,0.0,0.0,0.0,0.0,0.0,other,5.0
0.0,0.0,0.421429,0.086705,0.8,0.317919,0.742857,0.549133,0.371429,0.653179,0.707143,1.0,0.757143,1.445087,0.785714,1.676301,0.785714,1.83237,0.35,1.011561,0.385714,1.323699,0.407143,0.976879,0.421429,0.728324,0.028571,0.959538,0.014286,1.260116,0.107143,0.878613,0.171429,0.595376,-0.292857,0.855491,-0.307143,1.063584,-0.164286,0.803468,-0.05,0.595376,0.0,0.0,0.0,0.0,0.0,0.0,0.0,0.0,0.0,0.0,0.0,0.0,0.0,0.0,0.0,0.0,0.0,0.0,0.0,0.0,0.0,0.0,0.0,0.0,0.0,0.0,0.0,0.0,0.0,0.0,0.0,0.0,0.0,0.0,0.0,0.0,0.0,0.0,0.0,0.0,0.0,0.0,0.0,0.0,other,5.0
0.0,0.0,0.437037,0.087209,0.807407,0.325581,0.718519,0.540698,0.340741,0.627907,0.681481,1.0,0.748148,1.436047,0.777778,1.697674,0.785185,1.918605,0.333333,1.0,0.377778,1.290698,0.392593,0.930233,0.407407,0.686047,0.0,0.94186,0.0,1.209302,0.096296,0.819767,0.162963,0.552326,-0.318519,0.831395,-0.318519,1.023256,-0.177778,0.761628,-0.059259,0.563953,0.0,0.0,0.0,0.0,0.0,0.0,0.0,0.0,0.0,0.0,0.0,0.0,0.0,0.0,0.0,0.0,0.0,0.0,0.0,0.0,0.0,0.0,0.0,0.0,0.0,0.0,0.0,0.0,0.0,0.0,0.0,0.0,0.0,0.0,0.0,0.0,0.0,0.0,0.0,0.0,0.0,0.0,0.0,0.0,other,5.0
0.0,0.0,-0.465909,0.010989,-0.909091,0.208791,-1.204545,0.406593,-1.318182,0.648352,-1.011364,1.0,-1.215909,1.384615,-1.261364,1.494505,-1.284091,1.538462,-0.738636,1.197802,-0.965909,1.725275,-1.113636,2.043956,-1.227273,2.296703,-0.386364,1.263736,-0.545455,1.813187,-0.647727,2.142857,-0.75,2.417582,-0.011364,1.208791,-0.022727,1.67033,-0.056818,1.956044,-0.113636,2.208791,0.0,0.0,0.0,0.0,0.0,0.0,0.0,0.0,0.0,0.0,0.0,0.0,0.0,0.0,0.0,0.0,0.0,0.0,0.0,0.0,0.0,0.0,0.0,0.0,0.0,0.0,0.0,0.0,0.0,0.0,0.0,0.0,0.0,0.0,0.0,0.0,0.0,0.0,0.0,0.0,0.0,0.0,0.0,0.0,other,6.0
0.0,0.0,-0.545455,0.059406,-1.038961,0.326733,-1.376623,0.613861,-1.207792,0.871287,-0.987013,1.0,-1.246753,1.29703,-1.298701,1.257426,-1.25974,1.19802,-0.727273,1.178218,-0.987013,1.673267,-1.155844,1.980198,-1.272727,2.247525,-0.376623,1.217822,-0.558442,1.663366,-0.675325,1.960396,-0.792208,2.227723,0.012987,1.138614,-0.090909,1.485149,-0.155844,1.722772,-0.233766,1.950495,0.0,0.0,0.0,0.0,0.0,0.0,0.0,0.0,0.0,0.0,0.0,0.0,0.0,0.0,0.0,0.0,0.0,0.0,0.0,0.0,0.0,0.0,0.0,0.0,0.0,0.0,0.0,0.0,0.0,0.0,0.0,0.0,0.0,0.0,0.0,0.0,0.0,0.0,0.0,0.0,0.0,0.0,0.0,0.0,other,6.0
0.0,0.0,-0.457831,0.139344,-0.831325,0.385246,-1.012048,0.639344,-0.843373,0.844262,-0.60241,1.0,-0.698795,1.311475,-0.746988,1.311475,-0.759036,1.270492,-0.277108,1.081967,-0.349398,1.508197,-0.373494,1.754098,-0.385542,1.967213,0.060241,1.04918,0.048193,1.459016,0.060241,1.713115,0.060241,1.942623,0.39759,0.918033,0.481928,1.245902,0.542169,1.45082,0.590361,1.647541,0.0,0.0,0.0,0.0,0.0,0.0,0.0,0.0,0.0,0.0,0.0,0.0,0.0,0.0,0.0,0.0,0.0,0.0,0.0,0.0,0.0,0.0,0.0,0.0,0.0,0.0,0.0,0.0,0.0,0.0,0.0,0.0,0.0,0.0,0.0,0.0,0.0,0.0,0.0,0.0,0.0,0.0,0.0,0.0,other,6.0
0.0,0.0,-0.463415,0.127119,-0.853659,0.381356,-1.04878,0.635593,-0.914634,0.881356,-0.597561,1.0,-0.707317,1.322034,-0.768293,1.313559,-0.780488,1.254237,-0.292683,1.084746,-0.353659,1.542373,-0.390244,1.805085,-0.390244,2.042373,0.04878,1.050847,0.036585,1.483051,0.04878,1.754237,0.060976,1.991525,0.402439,0.923729,0.487805,1.262712,0.560976,1.483051,0.621951,1.694915,0.0,0.0,0.0,0.0,0.0,0.0,0.0,0.0,0.0,0.0,0.0,0.0,0.0,0.0,0.0,0.0,0.0,0.0,0.0,0.0,0.0,0.0,0.0,0.0,0.0,0.0,0.0,0.0,0.0,0.0,0.0,0.0,0.0,0.0,0.0,0.0,0.0,0.0,0.0,0.0,0.0,0.0,0.0,0.0,other,6.0
0.0,0.0,-0.547945,0.134615,-0.958904,0.451923,-1.191781,0.75,-1.054795,1.009615,-0.657534,1.0,-0.821918,1.326923,-0.890411,1.307692,-0.876712,1.230769,-0.356164,1.115385,-0.452055,1.596154,-0.534247,1.884615,-0.547945,2.115385,0.0,1.105769,-0.041096,1.557692,-0.041096,1.846154,-0.054795,2.086538,0.342466,1.0,0.410959,1.355769,0.465753,1.586538,0.506849,1.798077,0.0,0.0,0.0,0.0,0.0,0.0,0.0,0.0,0.0,0.0,0.0,0.0,0.0,0.0,0.0,0.0,0.0,0.0,0.0,0.0,0.0,0.0,0.0,0.0,0.0,0.0,0.0,0.0,0.0,0.0,0.0,0.0,0.0,0.0,0.0,0.0,0.0,0.0,0.0,0.0,0.0,0.0,0.0,0.0,other,6.0
0.0,0.0,-0.538462,0.134615,-0.923077,0.442308,-1.128205,0.769231,-0.987179,1.048077,-0.679487,1.0,-0.782051,1.326923,-0.820513,1.317308,-0.807692,1.240385,-0.371795,1.115385,-0.448718,1.605769,-0.487179,1.903846,-0.487179,2.153846,-0.025641,1.105769,-0.038462,1.567308,-0.025641,1.855769,-0.025641,2.096154,0.320513,0.990385,0.397436,1.346154,0.461538,1.586538,0.525641,1.807692,0.0,0.0,0.0,0.0,0.0,0.0,0.0,0.0,0.0,0.0,0.0,0.0,0.0,0.0,0.0,0.0,0.0,0.0,0.0,0.0,0.0,0.0,0.0,0.0,0.0,0.0,0.0,0.0,0.0,0.0,0.0,0.0,0.0,0.0,0.0,0.0,0.0,0.0,0.0,0.0,0.0,0.0,0.0,0.0,other,6.0
0.0,0.0,-0.56,0.122642,-0.973333,0.443396,-1.173333,0.735849,-1.146667,1.018868,-0.68,1.0,-0.853333,1.330189,-0.933333,1.311321,-0.933333,1.245283,-0.36,1.113208,-0.48,1.59434,-0.56,1.886792,-0.586667,2.122642,-0.026667,1.103774,-0.066667,1.556604,-0.093333,1.849057,-0.106667,2.084906,0.32,0.981132,0.386667,1.339623,0.44,1.575472,0.466667,1.792453,0.0,0.0,0.0,0.0,0.0,0.0,0.0,0.0,0.0,0.0,0.0,0.0,0.0,0.0,0.0,0.0,0.0,0.0,0.0,0.0,0.0,0.0,0.0,0.0,0.0,0.0,0.0,0.0,0.0,0.0,0.0,0.0,0.0,0.0,0.0,0.0,0.0,0.0,0.0,0.0,0.0,0.0,0.0,0.0,other,6.0
0.0,0.0,-0.555556,0.154545,-0.986111,0.472727,-1.236111,0.727273,-1.222222,0.981818,-0.652778,1.0,-0.833333,1.327273,-0.958333,1.245455,-0.986111,1.1,-0.333333,1.090909,-0.444444,1.563636,-0.527778,1.854545,-0.569444,2.090909,0.0,1.063636,-0.013889,1.509091,-0.027778,1.8,-0.055556,2.054545,0.347222,0.936364,0.430556,1.290909,0.472222,1.527273,0.486111,1.754545,0.0,0.0,0.0,0.0,0.0,0.0,0.0,0.0,0.0,0.0,0.0,0.0,0.0,0.0,0.0,0.0,0.0,0.0,0.0,0.0,0.0,0.0,0.0,0.0,0.0,0.0,0.0,0.0,0.0,0.0,0.0,0.0,0.0,0.0,0.0,0.0,0.0,0.0,0.0,0.0,0.0,0.0,0.0,0.0,other,6.0
0.0,0.0,-0.565217,0.153153,-1.028986,0.459459,-1.304348,0.720721,-1.275362,1.0,-0.652174,1.0,-0.84058,1.324324,-1.0,1.243243,-1.057971,1.108108,-0.347826,1.081081,-0.434783,1.567568,-0.536232,1.855856,-0.594203,2.099099,0.0,1.054054,0.0,1.495495,0.0,1.801802,-0.014493,2.063063,0.347826,0.918919,0.42029,1.279279,0.478261,1.522523,0.507246,1.747748,0.0,0.0,0.0,0.0,0.0,0.0,0.0,0.0,0.0,0.0,0.0,0.0,0.0,0.0,0.0,0.0,0.0,0.0,0.0,0.0,0.0,0.0,0.0,0.0,0.0,0.0,0.0,0.0,0.0,0.0,0.0,0.0,0.0,0.0,0.0,0.0,0.0,0.0,0.0,0.0,0.0,0.0,0.0,0.0,other,6.0
0.0,0.0,-0.567568,0.130841,-1.013514,0.411215,-1.283784,0.672897,-1.297297,0.943925,-0.72973,1.0,-0.945946,1.317757,-1.067568,1.242991,-1.054054,1.102804,-0.432432,1.121495,-0.581081,1.607477,-0.702703,1.915888,-0.77027,2.168224,-0.081081,1.11215,-0.121622,1.560748,-0.162162,1.878505,-0.216216,2.149533,0.27027,0.981308,0.378378,1.308411,0.432432,1.542056,0.459459,1.766355,0.0,0.0,0.0,0.0,0.0,0.0,0.0,0.0,0.0,0.0,0.0,0.0,0.0,0.0,0.0,0.0,0.0,0.0,0.0,0.0,0.0,0.0,0.0,0.0,0.0,0.0,0.0,0.0,0.0,0.0,0.0,0.0,0.0,0.0,0.0,0.0,0.0,0.0,0.0,0.0,0.0,0.0,0.0,0.0,other,6.0
0.0,0.0,-0.545455,0.108911,-1.0,0.386139,-1.285714,0.663366,-1.285714,0.970297,-0.818182,1.0,-1.051948,1.326733,-1.168831,1.277228,-1.155844,1.158416,-0.532468,1.158416,-0.701299,1.673267,-0.805195,2.0,-0.87013,2.267327,-0.181818,1.158416,-0.246753,1.633663,-0.272727,1.950495,-0.298701,2.217822,0.181818,1.039604,0.272727,1.405941,0.311688,1.653465,0.350649,1.891089,0.0,0.0,0.0,0.0,0.0,0.0,0.0,0.0,0.0,0.0,0.0,0.0,0.0,0.0,0.0,0.0,0.0,0.0,0.0,0.0,0.0,0.0,0.0,0.0,0.0,0.0,0.0,0.0,0.0,0.0,0.0,0.0,0.0,0.0,0.0,0.0,0.0,0.0,0.0,0.0,0.0,0.0,0.0,0.0,other,6.0
0.0,0.0,-0.538462,0.107843,-0.987179,0.382353,-1.294872,0.647059,-1.294872,0.921569,-0.820513,1.0,-1.051282,1.313725,-1.128205,1.254902,-1.076923,1.137255,-0.525641,1.147059,-0.705128,1.666667,-0.820513,1.980392,-0.884615,2.235294,-0.179487,1.156863,-0.25641,1.637255,-0.307692,1.960784,-0.346154,2.235294,0.179487,1.039216,0.230769,1.411765,0.269231,1.656863,0.294872,1.892157,0.0,0.0,0.0,0.0,0.0,0.0,0.0,0.0,0.0,0.0,0.0,0.0,0.0,0.0,0.0,0.0,0.0,0.0,0.0,0.0,0.0,0.0,0.0,0.0,0.0,0.0,0.0,0.0,0.0,0.0,0.0,0.0,0.0,0.0,0.0,0.0,0.0,0.0,0.0,0.0,0.0,0.0,0.0,0.0,other,6.0
0.0,0.0,-0.565789,0.09901,-1.026316,0.366337,-1.342105,0.643564,-1.342105,0.940594,-0.868421,1.0,-1.131579,1.326733,-1.223684,1.287129,-1.210526,1.188119,-0.592105,1.158416,-0.802632,1.663366,-0.934211,1.970297,-1.013158,2.227723,-0.236842,1.168317,-0.342105,1.643564,-0.394737,1.950495,-0.447368,2.207921,0.131579,1.069307,0.144737,1.445545,0.157895,1.70297,0.157895,1.930693,0.0,0.0,0.0,0.0,0.0,0.0,0.0,0.0,0.0,0.0,0.0,0.0,0.0,0.0,0.0,0.0,0.0,0.0,0.0,0.0,0.0,0.0,0.0,0.0,0.0,0.0,0.0,0.0,0.0,0.0,0.0,0.0,0.0,0.0,0.0,0.0,0.0,0.0,0.0,0.0,0.0,0.0,0.0,0.0,other,6.0
0.0,0.0,-0.525641,0.092784,-0.974359,0.360825,-1.25641,0.618557,-1.371795,0.917526,-0.923077,1.0,-1.166667,1.319588,-1.230769,1.278351,-1.192308,1.185567,-0.641026,1.164948,-0.884615,1.690722,-1.012821,2.010309,-1.089744,2.28866,-0.294872,1.195876,-0.423077,1.701031,-0.487179,2.020619,-0.538462,2.28866,0.076923,1.113402,0.064103,1.515464,0.064103,1.783505,0.051282,2.041237,0.0,0.0,0.0,0.0,0.0,0.0,0.0,0.0,0.0,0.0,0.0,0.0,0.0,0.0,0.0,0.0,0.0,0.0,0.0,0.0,0.0,0.0,0.0,0.0,0.0,0.0,0.0,0.0,0.0,0.0,0.0,0.0,0.0,0.0,0.0,0.0,0.0,0.0,0.0,0.0,0.0,0.0,0.0,0.0,other,6.0
0.0,0.0,-0.546667,0.092784,-1.026667,0.371134,-1.32,0.628866,-1.413333,0.938144,-0.933333,1.0,-1.2,1.319588,-1.253333,1.257732,-1.2,1.14433,-0.653333,1.175258,-0.88,1.701031,-1.0,2.020619,-1.066667,2.28866,-0.306667,1.206186,-0.426667,1.680412,-0.48,1.989691,-0.546667,2.257732,0.066667,1.134021,0.08,1.536082,0.08,1.804124,0.066667,2.051546,0.0,0.0,0.0,0.0,0.0,0.0,0.0,0.0,0.0,0.0,0.0,0.0,0.0,0.0,0.0,0.0,0.0,0.0,0.0,0.0,0.0,0.0,0.0,0.0,0.0,0.0,0.0,0.0,0.0,0.0,0.0,0.0,0.0,0.0,0.0,0.0,0.0,0.0,0.0,0.0,0.0,0.0,0.0,0.0,other,6.0
0.0,0.0,-0.554054,0.092784,-1.040541,0.350515,-1.378378,0.608247,-1.364865,0.907216,-0.932432,1.0,-1.216216,1.319588,-1.310811,1.268041,-1.27027,1.154639,-0.662162,1.164948,-0.905405,1.670103,-1.040541,1.989691,-1.108108,2.247423,-0.310811,1.195876,-0.445946,1.670103,-0.5,1.989691,-0.554054,2.247423,0.067568,1.123711,0.054054,1.525773,0.054054,1.793814,0.054054,2.041237,0.0,0.0,0.0,0.0,0.0,0.0,0.0,0.0,0.0,0.0,0.0,0.0,0.0,0.0,0.0,0.0,0.0,0.0,0.0,0.0,0.0,0.0,0.0,0.0,0.0,0.0,0.0,0.0,0.0,0.0,0.0,0.0,0.0,0.0,0.0,0.0,0.0,0.0,0.0,0.0,0.0,0.0,0.0,0.0,other,6.0
0.0,0.0,-0.552632,0.104167,-1.013158,0.34375,-1.328947,0.59375,-1.315789,0.90625,-0.907895,1.0,-1.171053,1.302083,-1.25,1.260417,-1.197368,1.166667,-0.631579,1.166667,-0.868421,1.677083,-1.0,2.0,-1.065789,2.260417,-0.289474,1.208333,-0.421053,1.697917,-0.486842,2.010417,-0.526316,2.28125,0.092105,1.114583,0.078947,1.520833,0.078947,1.791667,0.078947,2.041667,0.0,0.0,0.0,0.0,0.0,0.0,0.0,0.0,0.0,0.0,0.0,0.0,0.0,0.0,0.0,0.0,0.0,0.0,0.0,0.0,0.0,0.0,0.0,0.0,0.0,0.0,0.0,0.0,0.0,0.0,0.0,0.0,0.0,0.0,0.0,0.0,0.0,0.0,0.0,0.0,0.0,0.0,0.0,0.0,other,6.0
0.0,0.0,-0.583333,0.09375,-1.041667,0.364583,-1.361111,0.635417,-1.375,0.9375,-0.916667,1.0,-1.194444,1.3125,-1.305556,1.270833,-1.291667,1.166667,-0.652778,1.15625,-0.888889,1.65625,-1.041667,1.958333,-1.125,2.229167,-0.305556,1.197917,-0.444444,1.666667,-0.5,1.96875,-0.555556,2.229167,0.083333,1.114583,0.069444,1.510417,0.069444,1.78125,0.069444,2.020833,0.0,0.0,0.0,0.0,0.0,0.0,0.0,0.0,0.0,0.0,0.0,0.0,0.0,0.0,0.0,0.0,0.0,0.0,0.0,0.0,0.0,0.0,0.0,0.0,0.0,0.0,0.0,0.0,0.0,0.0,0.0,0.0,0.0,0.0,0.0,0.0,0.0,0.0,0.0,0.0,0.0,0.0,0.0,0.0,other,6.0
0.0,0.0,-0.541667,0.094737,-1.013889,0.357895,-1.319444,0.631579,-1.347222,0.936842,-0.875,1.0,-1.138889,1.336842,-1.236111,1.305263,-1.222222,1.210526,-0.597222,1.157895,-0.833333,1.663158,-0.972222,1.978947,-1.055556,2.242105,-0.25,1.178947,-0.375,1.663158,-0.430556,1.968421,-0.486111,2.242105,0.125,1.094737,0.125,1.494737,0.152778,1.757895,0.152778,2.010526,0.0,0.0,0.0,0.0,0.0,0.0,0.0,0.0,0.0,0.0,0.0,0.0,0.0,0.0,0.0,0.0,0.0,0.0,0.0,0.0,0.0,0.0,0.0,0.0,0.0,0.0,0.0,0.0,0.0,0.0,0.0,0.0,0.0,0.0,0.0,0.0,0.0,0.0,0.0,0.0,0.0,0.0,0.0,0.0,other,6.0
0.0,0.0,-0.586667,0.133333,-1.026667,0.428571,-1.28,0.695238,-1.32,0.980952,-0.813333,1.0,-1.08,1.295238,-1.173333,1.266667,-1.146667,1.180952,-0.52,1.142857,-0.72,1.638095,-0.826667,1.952381,-0.866667,2.2,-0.173333,1.152381,-0.266667,1.628571,-0.306667,1.933333,-0.333333,2.2,0.186667,1.047619,0.226667,1.419048,0.253333,1.666667,0.253333,1.885714,0.0,0.0,0.0,0.0,0.0,0.0,0.0,0.0,0.0,0.0,0.0,0.0,0.0,0.0,0.0,0.0,0.0,0.0,0.0,0.0,0.0,0.0,0.0,0.0,0.0,0.0,0.0,0.0,0.0,0.0,0.0,0.0,0.0,0.0,0.0,0.0,0.0,0.0,0.0,0.0,0.0,0.0,0.0,0.0,other,6.0
0.0,0.0,-0.565789,0.130841,-1.0,0.420561,-1.276316,0.682243,-1.315789,0.962617,-0.789474,1.0,-1.052632,1.35514,-1.157895,1.280374,-1.144737,1.140187,-0.5,1.140187,-0.684211,1.654206,-0.776316,1.962617,-0.828947,2.233645,-0.157895,1.149533,-0.236842,1.635514,-0.25,1.953271,-0.263158,2.242991,0.210526,1.046729,0.236842,1.420561,0.276316,1.682243,0.302632,1.925234,0.0,0.0,0.0,0.0,0.0,0.0,0.0,0.0,0.0,0.0,0.0,0.0,0.0,0.0,0.0,0.0,0.0,0.0,0.0,0.0,0.0,0.0,0.0,0.0,0.0,0.0,0.0,0.0,0.0,0.0,0.0,0.0,0.0,0.0,0.0,0.0,0.0,0.0,0.0,0.0,0.0,0.0,0.0,0.0,other,6.0
0.0,0.0,-0.536585,0.058252,-1.0,0.291262,-1.292683,0.475728,-1.402439,0.699029,-0.939024,1.0,-1.219512,1.31068,-1.243902,1.184466,-1.182927,0.990291,-0.670732,1.15534,-0.926829,1.650485,-1.097561,1.951456,-1.231707,2.194175,-0.329268,1.184466,-0.5,1.679612,-0.609756,1.980583,-0.731707,2.242718,0.060976,1.097087,0.04878,1.495146,0.036585,1.76699,0.0,2.009709,0.0,0.0,0.0,0.0,0.0,0.0,0.0,0.0,0.0,0.0,0.0,0.0,0.0,0.0,0.0,0.0,0.0,0.0,0.0,0.0,0.0,0.0,0.0,0.0,0.0,0.0,0.0,0.0,0.0,0.0,0.0,0.0,0.0,0.0,0.0,0.0,0.0,0.0,0.0,0.0,0.0,0.0,0.0,0.0,other,6.0
0.0,0.0,-0.636364,0.144144,-1.166667,0.423423,-1.545455,0.63964,-1.590909,0.891892,-0.818182,1.0,-1.121212,1.315315,-1.333333,1.189189,-1.393939,1.0,-0.545455,1.108108,-0.772727,1.585586,-0.939394,1.882883,-1.060606,2.144144,-0.181818,1.099099,-0.30303,1.540541,-0.393939,1.846847,-0.469697,2.117117,0.181818,0.990991,0.19697,1.351351,0.212121,1.603604,0.19697,1.846847,0.0,0.0,0.0,0.0,0.0,0.0,0.0,0.0,0.0,0.0,0.0,0.0,0.0,0.0,0.0,0.0,0.0,0.0,0.0,0.0,0.0,0.0,0.0,0.0,0.0,0.0,0.0,0.0,0.0,0.0,0.0,0.0,0.0,0.0,0.0,0.0,0.0,0.0,0.0,0.0,0.0,0.0,0.0,0.0,other,6.0
0.0,0.0,-0.506329,0.05,-0.949367,0.28,-1.240506,0.48,-1.227848,0.71,-0.848101,1.0,-1.113924,1.27,-1.139241,1.09,-1.063291,0.87,-0.582278,1.18,-0.835443,1.7,-0.987342,2.03,-1.088608,2.31,-0.227848,1.2,-0.367089,1.7,-0.455696,2.02,-0.556962,2.29,0.151899,1.1,0.189873,1.48,0.240506,1.74,0.253165,1.99,0.0,0.0,0.0,0.0,0.0,0.0,0.0,0.0,0.0,0.0,0.0,0.0,0.0,0.0,0.0,0.0,0.0,0.0,0.0,0.0,0.0,0.0,0.0,0.0,0.0,0.0,0.0,0.0,0.0,0.0,0.0,0.0,0.0,0.0,0.0,0.0,0.0,0.0,0.0,0.0,0.0,0.0,0.0,0.0,other,6.0
0.0,0.0,-0.518519,0.059406,-0.975309,0.306931,-1.283951,0.544554,-1.185185,0.792079,-0.876543,1.0,-1.074074,1.306931,-1.111111,1.19802,-1.08642,1.049505,-0.592593,1.158416,-0.777778,1.633663,-0.901235,1.910891,-1.012346,2.148515,-0.246914,1.188119,-0.358025,1.643564,-0.419753,1.960396,-0.506173,2.227723,0.123457,1.09901,0.123457,1.50495,0.148148,1.772277,0.148148,2.029703,0.0,0.0,0.0,0.0,0.0,0.0,0.0,0.0,0.0,0.0,0.0,0.0,0.0,0.0,0.0,0.0,0.0,0.0,0.0,0.0,0.0,0.0,0.0,0.0,0.0,0.0,0.0,0.0,0.0,0.0,0.0,0.0,0.0,0.0,0.0,0.0,0.0,0.0,0.0,0.0,0.0,0.0,0.0,0.0,other,6.0
0.0,0.0,-0.538462,0.091743,-1.012821,0.33945,-1.333333,0.568807,-1.230769,0.825688,-0.820513,1.0,-1.051282,1.330275,-1.128205,1.146789,-1.089744,0.93578,-0.538462,1.12844,-0.730769,1.614679,-0.871795,1.908257,-0.961538,2.174312,-0.179487,1.137615,-0.282051,1.568807,-0.346154,1.87156,-0.410256,2.137615,0.179487,1.027523,0.192308,1.385321,0.205128,1.633028,0.205128,1.87156,0.0,0.0,0.0,0.0,0.0,0.0,0.0,0.0,0.0,0.0,0.0,0.0,0.0,0.0,0.0,0.0,0.0,0.0,0.0,0.0,0.0,0.0,0.0,0.0,0.0,0.0,0.0,0.0,0.0,0.0,0.0,0.0,0.0,0.0,0.0,0.0,0.0,0.0,0.0,0.0,0.0,0.0,0.0,0.0,other,6.0
0.0,0.0,-0.532468,0.084906,-0.987013,0.330189,-1.311688,0.556604,-1.25974,0.820755,-0.818182,1.0,-1.064935,1.320755,-1.155844,1.226415,-1.116883,1.066038,-0.545455,1.141509,-0.779221,1.632075,-0.922078,1.933962,-1.012987,2.198113,-0.194805,1.150943,-0.285714,1.603774,-0.350649,1.896226,-0.402597,2.160377,0.181818,1.037736,0.233766,1.396226,0.272727,1.641509,0.311688,1.877358,0.0,0.0,0.0,0.0,0.0,0.0,0.0,0.0,0.0,0.0,0.0,0.0,0.0,0.0,0.0,0.0,0.0,0.0,0.0,0.0,0.0,0.0,0.0,0.0,0.0,0.0,0.0,0.0,0.0,0.0,0.0,0.0,0.0,0.0,0.0,0.0,0.0,0.0,0.0,0.0,0.0,0.0,0.0,0.0,other,6.0
0.0,0.0,-0.708333,0.511628,-2.333333,0.918605,-4.125,1.151163,-5.458333,1.383721,-0.75,1.0,-3.375,1.174419,-5.0,1.244186,-6.208333,1.255814,-0.875,0.639535,-4.291667,0.872093,-4.375,0.755814,-3.75,0.639535,-1.208333,0.267442,-4.333333,0.5,-3.958333,0.406977,-3.0,0.325581,-1.75,-0.104651,-4.166667,0.104651,-3.791667,0.093023,-2.916667,0.046512,0.0,0.0,0.0,0.0,0.0,0.0,0.0,0.0,0.0,0.0,0.0,0.0,0.0,0.0,0.0,0.0,0.0,0.0,0.0,0.0,0.0,0.0,0.0,0.0,0.0,0.0,0.0,0.0,0.0,0.0,0.0,0.0,0.0,0.0,0.0,0.0,0.0,0.0,0.0,0.0,0.0,0.0,0.0,0.0,other,7.0
0.0,0.0,-2.666667,0.488636,-7.222222,0.909091,-12.0,1.113636,-15.666667,1.352273,-3.111111,1.0,-9.777778,1.159091,-14.0,1.215909,-17.111111,1.215909,-2.777778,0.659091,-12.222222,0.784091,-11.666667,0.625,-9.444444,0.545455,-3.111111,0.272727,-12.0,0.409091,-10.666667,0.306818,-8.0,0.25,-4.111111,-0.102273,-11.0,0.022727,-10.0,-0.011364,-7.555556,-0.045455,0.0,0.0,0.0,0.0,0.0,0.0,0.0,0.0,0.0,0.0,0.0,0.0,0.0,0.0,0.0,0.0,0.0,0.0,0.0,0.0,0.0,0.0,0.0,0.0,0.0,0.0,0.0,0.0,0.0,0.0,0.0,0.0,0.0,0.0,0.0,0.0,0.0,0.0,0.0,0.0,0.0,0.0,0.0,0.0,other,7.0
0.0,0.0,-1.769231,0.528736,-4.846154,0.931034,-8.076923,1.149425,-10.615385,1.402299,-1.923077,1.0,-7.0,1.137931,-9.923077,1.195402,-12.153846,1.218391,-1.769231,0.632184,-8.461538,0.758621,-7.923077,0.655172,-6.384615,0.597701,-2.076923,0.229885,-8.461538,0.390805,-7.307692,0.310345,-5.384615,0.275862,-2.923077,-0.137931,-7.846154,0.011494,-7.0,0.011494,-5.230769,-0.011494,0.0,0.0,0.0,0.0,0.0,0.0,0.0,0.0,0.0,0.0,0.0,0.0,0.0,0.0,0.0,0.0,0.0,0.0,0.0,0.0,0.0,0.0,0.0,0.0,0.0,0.0,0.0,0.0,0.0,0.0,0.0,0.0,0.0,0.0,0.0,0.0,0.0,0.0,0.0,0.0,0.0,0.0,0.0,0.0,other,7.0
0.0,0.0,-1.375,0.541176,-3.875,0.941176,-6.5,1.152941,-8.4375,1.423529,-1.375,1.0,-5.5,1.129412,-7.875,1.2,-9.6875,1.211765,-1.3125,0.611765,-6.75,0.752941,-6.6875,0.705882,-5.625,0.647059,-1.625,0.2,-6.8125,0.376471,-6.0625,0.341176,-4.5625,0.305882,-2.375,-0.188235,-6.375,-0.023529,-5.75,0.011765,-4.3125,0.0,0.0,0.0,0.0,0.0,0.0,0.0,0.0,0.0,0.0,0.0,0.0,0.0,0.0,0.0,0.0,0.0,0.0,0.0,0.0,0.0,0.0,0.0,0.0,0.0,0.0,0.0,0.0,0.0,0.0,0.0,0.0,0.0,0.0,0.0,0.0,0.0,0.0,0.0,0.0,0.0,0.0,0.0,0.0,0.0,other,7.0
0.0,0.0,-1.235294,0.54878,-3.647059,0.97561,-6.117647,1.195122,-7.823529,1.47561,-1.117647,1.0,-5.058824,1.182927,-7.294118,1.243902,-9.058824,1.243902,-1.0,0.597561,-6.117647,0.792683,-6.117647,0.707317,-5.176471,0.646341,-1.352941,0.170732,-6.176471,0.402439,-5.411765,0.329268,-3.941176,0.268293,-2.117647,-0.219512,-5.823529,-0.012195,-5.235294,0.0,-3.882353,-0.04878,0.0,0.0,0.0,0.0,0.0,0.0,0.0,0.0,0.0,0.0,0.0,0.0,0.0,0.0,0.0,0.0,0.0,0.0,0.0,0.0,0.0,0.0,0.0,0.0,0.0,0.0,0.0,0.0,0.0,0.0,0.0,0.0,0.0,0.0,0.0,0.0,0.0,0.0,0.0,0.0,0.0,0.0,0.0,0.0,other,7.0
0.0,0.0,-0.807692,0.580247,-2.423077,1.061728,-4.153846,1.296296,-5.269231,1.493827,-0.923077,1.0,-3.346154,1.123457,-4.884615,1.185185,-6.153846,1.209877,-1.076923,0.54321,-4.423077,0.802469,-4.0,0.740741,-3.038462,0.666667,-1.423077,0.111111,-4.576923,0.37037,-3.961538,0.345679,-2.961538,0.296296,-1.923077,-0.296296,-4.307692,-0.061728,-3.807692,-0.024691,-2.923077,-0.049383,0.0,0.0,0.0,0.0,0.0,0.0,0.0,0.0,0.0,0.0,0.0,0.0,0.0,0.0,0.0,0.0,0.0,0.0,0.0,0.0,0.0,0.0,0.0,0.0,0.0,0.0,0.0,0.0,0.0,0.0,0.0,0.0,0.0,0.0,0.0,0.0,0.0,0.0,0.0,0.0,0.0,0.0,0.0,0.0,other,7.0
0.0,0.0,-1.05,0.585366,-2.95,1.02439,-5.0,1.280488,-6.55,1.573171,-0.8,1.0,-4.15,1.219512,-6.05,1.292683,-7.5,1.304878,-0.75,0.585366,-5.1,0.817073,-4.8,0.719512,-3.85,0.670732,-1.15,0.158537,-5.25,0.439024,-4.55,0.353659,-3.3,0.292683,-1.8,-0.219512,-5.0,0.0,-4.45,0.02439,-3.3,0.0,0.0,0.0,0.0,0.0,0.0,0.0,0.0,0.0,0.0,0.0,0.0,0.0,0.0,0.0,0.0,0.0,0.0,0.0,0.0,0.0,0.0,0.0,0.0,0.0,0.0,0.0,0.0,0.0,0.0,0.0,0.0,0.0,0.0,0.0,0.0,0.0,0.0,0.0,0.0,0.0,0.0,0.0,0.0,0.0,other,7.0
0.0,0.0,-0.916667,0.602564,-2.5,1.038462,-4.166667,1.294872,-5.208333,1.628205,-0.458333,1.0,-3.208333,1.205128,-4.833333,1.282051,-6.125,1.294872,-0.5,0.538462,-4.125,0.807692,-4.083333,0.75641,-3.458333,0.692308,-0.833333,0.102564,-4.25,0.384615,-3.708333,0.333333,-2.75,0.282051,-1.458333,-0.282051,-4.083333,-0.025641,-3.625,0.0,-2.708333,-0.025641,0.0,0.0,0.0,0.0,0.0,0.0,0.0,0.0,0.0,0.0,0.0,0.0,0.0,0.0,0.0,0.0,0.0,0.0,0.0,0.0,0.0,0.0,0.0,0.0,0.0,0.0,0.0,0.0,0.0,0.0,0.0,0.0,0.0,0.0,0.0,0.0,0.0,0.0,0.0,0.0,0.0,0.0,0.0,0.0,other,7.0
0.0,0.0,-0.833333,0.592593,-2.416667,1.024691,-4.166667,1.246914,-5.458333,1.481481,-0.666667,1.0,-3.375,1.17284,-4.958333,1.246914,-6.25,1.246914,-0.708333,0.530864,-4.333333,0.753086,-4.166667,0.740741,-3.416667,0.703704,-1.041667,0.08642,-4.458333,0.333333,-3.875,0.333333,-2.875,0.308642,-1.666667,-0.308642,-4.25,-0.061728,-3.666667,-0.012346,-2.791667,0.0,0.0,0.0,0.0,0.0,0.0,0.0,0.0,0.0,0.0,0.0,0.0,0.0,0.0,0.0,0.0,0.0,0.0,0.0,0.0,0.0,0.0,0.0,0.0,0.0,0.0,0.0,0.0,0.0,0.0,0.0,0.0,0.0,0.0,0.0,0.0,0.0,0.0,0.0,0.0,0.0,0.0,0.0,0.0,0.0,other,7.0
0.0,0.0,-1.2,0.647887,-3.1,1.084507,-5.15,1.28169,-6.55,1.577465,-0.65,1.0,-4.0,1.183099,-5.8,1.28169,-7.25,1.309859,-0.55,0.478873,-5.05,0.732394,-4.85,0.71831,-4.0,0.690141,-0.9,-0.028169,-5.15,0.267606,-4.45,0.253521,-3.3,0.211268,-1.65,-0.464789,-4.9,-0.225352,-4.3,-0.15493,-3.25,-0.15493,0.0,0.0,0.0,0.0,0.0,0.0,0.0,0.0,0.0,0.0,0.0,0.0,0.0,0.0,0.0,0.0,0.0,0.0,0.0,0.0,0.0,0.0,0.0,0.0,0.0,0.0,0.0,0.0,0.0,0.0,0.0,0.0,0.0,0.0,0.0,0.0,0.0,0.0,0.0,0.0,0.0,0.0,0.0,0.0,other,7.0
0.0,0.0,-1.470588,0.566265,-3.882353,0.975904,-6.352941,1.192771,-7.882353,1.493976,-1.117647,1.0,-4.882353,1.156627,-7.176471,1.240964,-9.0,1.240964,-1.058824,0.578313,-6.294118,0.771084,-6.0,0.710843,-4.882353,0.662651,-1.352941,0.144578,-6.352941,0.361446,-5.529412,0.313253,-4.176471,0.277108,-2.117647,-0.240964,-6.058824,-0.024096,-5.411765,-0.012048,-4.058824,-0.024096,0.0,0.0,0.0,0.0,0.0,0.0,0.0,0.0,0.0,0.0,0.0,0.0,0.0,0.0,0.0,0.0,0.0,0.0,0.0,0.0,0.0,0.0,0.0,0.0,0.0,0.0,0.0,0.0,0.0,0.0,0.0,0.0,0.0,0.0,0.0,0.0,0.0,0.0,0.0,0.0,0.0,0.0,0.0,0.0,other,7.0
0.0,0.0,-1.352941,0.552941,-3.588235,0.941176,-5.882353,1.152941,-7.764706,1.435294,-1.0,1.0,-4.764706,1.176471,-7.0,1.270588,-8.705882,1.294118,-0.823529,0.635294,-6.0,0.823529,-6.058824,0.670588,-5.117647,0.576471,-1.176471,0.235294,-6.117647,0.423529,-5.529412,0.317647,-4.117647,0.247059,-2.0,-0.152941,-5.882353,-0.023529,-5.470588,-0.023529,-4.176471,-0.070588,0.0,0.0,0.0,0.0,0.0,0.0,0.0,0.0,0.0,0.0,0.0,0.0,0.0,0.0,0.0,0.0,0.0,0.0,0.0,0.0,0.0,0.0,0.0,0.0,0.0,0.0,0.0,0.0,0.0,0.0,0.0,0.0,0.0,0.0,0.0,0.0,0.0,0.0,0.0,0.0,0.0,0.0,0.0,0.0,other,7.0
0.0,0.0,-0.730769,0.516129,-2.076923,0.913978,-3.615385,1.129032,-4.961538,1.333333,-0.5,1.0,-2.846154,1.204301,-4.346154,1.27957,-5.461538,1.27957,-0.538462,0.666667,-3.692308,0.860215,-3.692308,0.688172,-3.076923,0.602151,-0.923077,0.311828,-3.961538,0.505376,-3.5,0.376344,-2.576923,0.290323,-1.5,-0.032258,-3.807692,0.139785,-3.461538,0.086022,-2.653846,0.032258,0.0,0.0,0.0,0.0,0.0,0.0,0.0,0.0,0.0,0.0,0.0,0.0,0.0,0.0,0.0,0.0,0.0,0.0,0.0,0.0,0.0,0.0,0.0,0.0,0.0,0.0,0.0,0.0,0.0,0.0,0.0,0.0,0.0,0.0,0.0,0.0,0.0,0.0,0.0,0.0,0.0,0.0,0.0,0.0,other,7.0
0.0,0.0,-0.62069,0.483516,-1.896552,0.934066,-3.344828,1.153846,-4.517241,1.351648,-0.448276,1.0,-2.551724,1.230769,-3.896552,1.318681,-4.931034,1.340659,-0.517241,0.681319,-3.413793,0.934066,-3.517241,0.802198,-3.034483,0.692308,-0.862069,0.296703,-3.62069,0.549451,-3.344828,0.43956,-2.551724,0.351648,-1.448276,-0.065934,-3.586207,0.164835,-3.482759,0.153846,-2.827586,0.10989,0.0,0.0,0.0,0.0,0.0,0.0,0.0,0.0,0.0,0.0,0.0,0.0,0.0,0.0,0.0,0.0,0.0,0.0,0.0,0.0,0.0,0.0,0.0,0.0,0.0,0.0,0.0,0.0,0.0,0.0,0.0,0.0,0.0,0.0,0.0,0.0,0.0,0.0,0.0,0.0,0.0,0.0,0.0,0.0,other,7.0
0.0,0.0,-0.956522,0.604651,-2.73913,1.011628,-4.608696,1.22093,-5.956522,1.488372,-0.652174,1.0,-3.565217,1.186047,-5.304348,1.290698,-6.608696,1.302326,-0.652174,0.581395,-4.73913,0.825581,-4.521739,0.744186,-3.652174,0.662791,-1.0,0.151163,-4.782609,0.418605,-4.217391,0.360465,-3.130435,0.302326,-1.652174,-0.244186,-4.565217,-0.011628,-4.086957,0.0,-3.086957,-0.046512,0.0,0.0,0.0,0.0,0.0,0.0,0.0,0.0,0.0,0.0,0.0,0.0,0.0,0.0,0.0,0.0,0.0,0.0,0.0,0.0,0.0,0.0,0.0,0.0,0.0,0.0,0.0,0.0,0.0,0.0,0.0,0.0,0.0,0.0,0.0,0.0,0.0,0.0,0.0,0.0,0.0,0.0,0.0,0.0,other,7.0
0.0,0.0,-1.315789,0.561798,-3.368421,0.977528,-5.526316,1.191011,-7.052632,1.494382,-0.842105,1.0,-4.052632,1.191011,-6.105263,1.280899,-7.631579,1.303371,-0.789474,0.595506,-5.105263,0.808989,-5.736842,0.752809,-5.473684,0.685393,-1.105263,0.179775,-5.315789,0.404494,-5.052632,0.337079,-4.0,0.280899,-1.842105,-0.179775,-5.210526,0.0,-5.0,0.011236,-3.894737,-0.011236,0.0,0.0,0.0,0.0,0.0,0.0,0.0,0.0,0.0,0.0,0.0,0.0,0.0,0.0,0.0,0.0,0.0,0.0,0.0,0.0,0.0,0.0,0.0,0.0,0.0,0.0,0.0,0.0,0.0,0.0,0.0,0.0,0.0,0.0,0.0,0.0,0.0,0.0,0.0,0.0,0.0,0.0,0.0,0.0,other,7.0
0.0,0.0,-0.617647,0.671233,-1.676471,1.219178,-2.823529,1.547945,-3.617647,1.917808,-0.117647,1.0,-2.088235,1.260274,-3.264706,1.452055,-4.235294,1.561644,-0.235294,0.465753,-2.852941,0.835616,-2.617647,0.821918,-2.0,0.767123,-0.558824,-0.013699,-3.058824,0.39726,-2.647059,0.369863,-1.911765,0.287671,-1.117647,-0.424658,-3.058824,-0.09589,-2.735294,-0.013699,-2.117647,-0.041096,0.0,0.0,0.0,0.0,0.0,0.0,0.0,0.0,0.0,0.0,0.0,0.0,0.0,0.0,0.0,0.0,0.0,0.0,0.0,0.0,0.0,0.0,0.0,0.0,0.0,0.0,0.0,0.0,0.0,0.0,0.0,0.0,0.0,0.0,0.0,0.0,0.0,0.0,0.0,0.0,0.0,0.0,0.0,0.0,other,7.0
0.0,0.0,-1.5625,0.52809,-4.0625,0.921348,-6.625,1.134831,-8.625,1.404494,-1.125,1.0,-5.125,1.168539,-7.625,1.247191,-9.5,1.269663,-1.0,0.606742,-6.4375,0.786517,-6.75,0.696629,-6.0625,0.640449,-1.3125,0.191011,-6.5625,0.382022,-6.0,0.303371,-4.5,0.235955,-2.125,-0.191011,-6.25,-0.011236,-5.75,-0.011236,-4.375,-0.05618,0.0,0.0,0.0,0.0,0.0,0.0,0.0,0.0,0.0,0.0,0.0,0.0,0.0,0.0,0.0,0.0,0.0,0.0,0.0,0.0,0.0,0.0,0.0,0.0,0.0,0.0,0.0,0.0,0.0,0.0,0.0,0.0,0.0,0.0,0.0,0.0,0.0,0.0,0.0,0.0,0.0,0.0,0.0,0.0,other,7.0
0.0,0.0,-0.52381,0.734375,-1.857143,1.1875,-3.52381,1.40625,-5.095238,1.640625,0.190476,1.0,-2.857143,1.265625,-4.333333,1.453125,-5.52381,1.46875,0.238095,0.421875,-3.428571,0.625,-3.380952,0.625,-2.809524,0.546875,-0.238095,-0.078125,-3.809524,0.125,-3.190476,0.15625,-2.095238,0.109375,-0.809524,-0.5,-3.619048,-0.296875,-3.095238,-0.25,-2.0,-0.28125,0.0,0.0,0.0,0.0,0.0,0.0,0.0,0.0,0.0,0.0,0.0,0.0,0.0,0.0,0.0,0.0,0.0,0.0,0.0,0.0,0.0,0.0,0.0,0.0,0.0,0.0,0.0,0.0,0.0,0.0,0.0,0.0,0.0,0.0,0.0,0.0,0.0,0.0,0.0,0.0,0.0,0.0,0.0,0.0,other,7.0
0.0,0.0,-1.625,0.551724,-4.125,0.942529,-6.6875,1.137931,-8.6875,1.425287,-1.125,1.0,-5.1875,1.183908,-7.625,1.275862,-9.4375,1.310345,-0.9375,0.597701,-6.3125,0.793103,-7.0,0.735632,-6.625,0.678161,-1.3125,0.183908,-6.5,0.37931,-6.0,0.321839,-4.625,0.252874,-2.125,-0.183908,-6.3125,-0.011494,-5.8125,0.0,-4.375,-0.034483,0.0,0.0,0.0,0.0,0.0,0.0,0.0,0.0,0.0,0.0,0.0,0.0,0.0,0.0,0.0,0.0,0.0,0.0,0.0,0.0,0.0,0.0,0.0,0.0,0.0,0.0,0.0,0.0,0.0,0.0,0.0,0.0,0.0,0.0,0.0,0.0,0.0,0.0,0.0,0.0,0.0,0.0,0.0,0.0,other,7.0
0.0,0.0,-3.333333,0.55814,-7.444444,0.930233,-11.555556,1.127907,-14.555556,1.44186,-1.555556,1.0,-8.444444,1.162791,-12.888889,1.22093,-16.0,1.209302,-0.888889,0.581395,-10.444444,0.709302,-11.333333,0.639535,-10.111111,0.604651,-1.333333,0.151163,-10.333333,0.290698,-10.0,0.267442,-7.777778,0.255814,-2.555556,-0.232558,-9.888889,-0.093023,-9.888889,-0.05814,-7.888889,-0.05814,0.0,0.0,0.0,0.0,0.0,0.0,0.0,0.0,0.0,0.0,0.0,0.0,0.0,0.0,0.0,0.0,0.0,0.0,0.0,0.0,0.0,0.0,0.0,0.0,0.0,0.0,0.0,0.0,0.0,0.0,0.0,0.0,0.0,0.0,0.0,0.0,0.0,0.0,0.0,0.0,0.0,0.0,0.0,0.0,other,7.0
0.0,0.0,-1.315789,0.571429,-3.368421,0.964286,-5.421053,1.190476,-6.842105,1.488095,-0.894737,1.0,-4.210526,1.190476,-6.263158,1.27381,-7.789474,1.285714,-0.842105,0.571429,-5.473684,0.797619,-5.578947,0.72619,-4.789474,0.642857,-1.210526,0.142857,-5.578947,0.380952,-5.0,0.321429,-3.789474,0.261905,-1.894737,-0.25,-5.315789,-0.02381,-4.842105,0.0,-3.736842,-0.035714,0.0,0.0,0.0,0.0,0.0,0.0,0.0,0.0,0.0,0.0,0.0,0.0,0.0,0.0,0.0,0.0,0.0,0.0,0.0,0.0,0.0,0.0,0.0,0.0,0.0,0.0,0.0,0.0,0.0,0.0,0.0,0.0,0.0,0.0,0.0,0.0,0.0,0.0,0.0,0.0,0.0,0.0,0.0,0.0,other,7.0
0.0,0.0,-0.677419,0.582278,-2.0,1.037975,-3.451613,1.303797,-4.322581,1.620253,-0.387097,1.0,-2.645161,1.202532,-3.903226,1.329114,-4.935484,1.392405,-0.548387,0.544304,-3.483871,0.835443,-3.16129,0.78481,-2.387097,0.696203,-0.870968,0.113924,-3.612903,0.417722,-3.064516,0.379747,-2.258065,0.316456,-1.387097,-0.278481,-3.451613,-0.025316,-3.0,0.0,-2.290323,-0.037975,0.0,0.0,0.0,0.0,0.0,0.0,0.0,0.0,0.0,0.0,0.0,0.0,0.0,0.0,0.0,0.0,0.0,0.0,0.0,0.0,0.0,0.0,0.0,0.0,0.0,0.0,0.0,0.0,0.0,0.0,0.0,0.0,0.0,0.0,0.0,0.0,0.0,0.0,0.0,0.0,0.0,0.0,0.0,0.0,other,7.0
0.0,0.0,-1.769231,0.55914,-4.384615,0.946237,-7.307692,1.150538,-9.923077,1.376344,-0.846154,1.0,-5.153846,1.193548,-8.0,1.301075,-10.384615,1.301075,-0.538462,0.623656,-6.230769,0.817204,-7.923077,0.827957,-8.461538,0.795699,-0.923077,0.236559,-6.769231,0.44086,-6.461538,0.376344,-5.076923,0.268817,-1.846154,-0.096774,-6.769231,0.096774,-6.461538,0.086022,-4.769231,0.0,0.0,0.0,0.0,0.0,0.0,0.0,0.0,0.0,0.0,0.0,0.0,0.0,0.0,0.0,0.0,0.0,0.0,0.0,0.0,0.0,0.0,0.0,0.0,0.0,0.0,0.0,0.0,0.0,0.0,0.0,0.0,0.0,0.0,0.0,0.0,0.0,0.0,0.0,0.0,0.0,0.0,0.0,0.0,0.0,other,7.0
0.0,0.0,-1.111111,0.539326,-2.944444,0.94382,-4.944444,1.157303,-6.777778,1.359551,-0.833333,1.0,-4.277778,1.235955,-6.5,1.337079,-8.166667,1.348315,-0.666667,0.629213,-5.0,0.808989,-5.666667,0.752809,-5.388889,0.696629,-1.055556,0.235955,-5.444444,0.404494,-5.055556,0.337079,-3.833333,0.258427,-1.833333,-0.11236,-5.333333,0.044944,-5.0,0.033708,-3.777778,-0.022472,0.0,0.0,0.0,0.0,0.0,0.0,0.0,0.0,0.0,0.0,0.0,0.0,0.0,0.0,0.0,0.0,0.0,0.0,0.0,0.0,0.0,0.0,0.0,0.0,0.0,0.0,0.0,0.0,0.0,0.0,0.0,0.0,0.0,0.0,0.0,0.0,0.0,0.0,0.0,0.0,0.0,0.0,0.0,0.0,other,7.0
0.0,0.0,-1.5,0.543478,-3.5625,0.934783,-6.0625,1.097826,-8.0625,1.195652,-0.25,1.0,-3.75,1.206522,-6.125,1.293478,-7.9375,1.282609,0.0,0.608696,-4.875,0.782609,-5.25,0.717391,-4.625,0.673913,-0.4375,0.228261,-5.5,0.413043,-4.9375,0.358696,-3.5,0.315217,-1.25,-0.108696,-5.25,0.086957,-4.875,0.086957,-3.5,0.043478,0.0,0.0,0.0,0.0,0.0,0.0,0.0,0.0,0.0,0.0,0.0,0.0,0.0,0.0,0.0,0.0,0.0,0.0,0.0,0.0,0.0,0.0,0.0,0.0,0.0,0.0,0.0,0.0,0.0,0.0,0.0,0.0,0.0,0.0,0.0,0.0,0.0,0.0,0.0,0.0,0.0,0.0,0.0,0.0,other,7.0
0.0,0.0,-0.944444,0.585366,-2.5,0.95122,-4.611111,1.085366,-6.333333,1.134146,-0.111111,1.0,-3.222222,1.195122,-5.166667,1.256098,-6.722222,1.243902,0.055556,0.560976,-4.277778,0.707317,-4.611111,0.646341,-4.0,0.609756,-0.388889,0.134146,-4.777778,0.304878,-4.277778,0.256098,-3.111111,0.219512,-1.111111,-0.231707,-4.555556,-0.060976,-4.277778,-0.073171,-3.166667,-0.109756,0.0,0.0,0.0,0.0,0.0,0.0,0.0,0.0,0.0,0.0,0.0,0.0,0.0,0.0,0.0,0.0,0.0,0.0,0.0,0.0,0.0,0.0,0.0,0.0,0.0,0.0,0.0,0.0,0.0,0.0,0.0,0.0,0.0,0.0,0.0,0.0,0.0,0.0,0.0,0.0,0.0,0.0,0.0,0.0,other,7.0
0.0,0.0,0.0,0.512821,-2.2,0.948718,-4.8,1.012821,-7.0,0.820513,-8.4,1.0,-12.6,1.128205,-15.7,1.153846,-18.6,1.179487,-9.5,0.705128,-13.8,0.935897,-16.0,1.0,-17.9,1.064103,-9.8,0.397436,-12.5,0.410256,-9.2,0.282051,-6.4,0.230769,-9.4,0.102564,-11.6,0.102564,-9.3,0.064103,-7.0,0.064103,0.0,0.0,0.0,0.0,0.0,0.0,0.0,0.0,0.0,0.0,0.0,0.0,0.0,0.0,0.0,0.0,0.0,0.0,0.0,0.0,0.0,0.0,0.0,0.0,0.0,0.0,0.0,0.0,0.0,0.0,0.0,0.0,0.0,0.0,0.0,0.0,0.0,0.0,0.0,0.0,0.0,0.0,0.0,0.0,other,8.0
0.0,0.0,-1.0,0.513889,-6.2,0.972222,-12.0,0.930556,-16.8,0.680556,-19.0,1.0,-26.6,1.138889,-31.4,1.180556,-36.2,1.222222,-21.4,0.694444,-30.6,0.861111,-36.4,0.958333,-41.8,1.055556,-21.6,0.361111,-25.6,0.347222,-18.8,0.263889,-13.4,0.222222,-20.0,0.055556,-22.0,0.055556,-17.0,0.041667,-12.4,0.041667,0.0,0.0,0.0,0.0,0.0,0.0,0.0,0.0,0.0,0.0,0.0,0.0,0.0,0.0,0.0,0.0,0.0,0.0,0.0,0.0,0.0,0.0,0.0,0.0,0.0,0.0,0.0,0.0,0.0,0.0,0.0,0.0,0.0,0.0,0.0,0.0,0.0,0.0,0.0,0.0,0.0,0.0,0.0,0.0,other,8.0
0.0,0.0,-3.0,0.537313,-16.0,0.955224,-30.0,0.865672,-41.0,0.522388,-48.5,1.0,-67.5,1.104478,-80.0,1.134328,-92.0,1.164179,-54.0,0.641791,-76.5,0.791045,-91.5,0.865672,-105.0,0.940299,-53.0,0.283582,-65.5,0.253731,-49.0,0.223881,-35.5,0.208955,-47.5,-0.074627,-54.5,-0.044776,-42.0,0.0,-30.0,0.014925,0.0,0.0,0.0,0.0,0.0,0.0,0.0,0.0,0.0,0.0,0.0,0.0,0.0,0.0,0.0,0.0,0.0,0.0,0.0,0.0,0.0,0.0,0.0,0.0,0.0,0.0,0.0,0.0,0.0,0.0,0.0,0.0,0.0,0.0,0.0,0.0,0.0,0.0,0.0,0.0,0.0,0.0,0.0,0.0,other,8.0
0.0,0.0,-2.0,0.538462,-9.25,0.969231,-17.0,0.861538,-22.5,0.553846,-24.5,1.0,-34.25,1.123077,-40.5,1.153846,-46.5,1.184615,-27.0,0.646154,-38.75,0.784615,-46.25,0.861538,-53.0,0.923077,-26.25,0.261538,-33.0,0.261538,-25.75,0.246154,-19.5,0.215385,-23.5,-0.092308,-27.0,-0.046154,-21.25,0.0,-16.0,0.030769,0.0,0.0,0.0,0.0,0.0,0.0,0.0,0.0,0.0,0.0,0.0,0.0,0.0,0.0,0.0,0.0,0.0,0.0,0.0,0.0,0.0,0.0,0.0,0.0,0.0,0.0,0.0,0.0,0.0,0.0,0.0,0.0,0.0,0.0,0.0,0.0,0.0,0.0,0.0,0.0,0.0,0.0,0.0,0.0,other,8.0
0.0,0.0,-2.833333,0.636364,-8.166667,1.054545,-13.166667,0.854545,-16.5,0.454545,-16.166667,1.0,-22.5,1.163636,-26.333333,1.2,-30.0,1.254545,-17.5,0.618182,-24.333333,0.763636,-29.0,0.872727,-32.833333,0.963636,-17.0,0.218182,-21.0,0.127273,-16.833333,0.127273,-12.833333,0.127273,-15.166667,-0.163636,-18.166667,-0.145455,-15.166667,-0.072727,-11.833333,-0.036364,0.0,0.0,0.0,0.0,0.0,0.0,0.0,0.0,0.0,0.0,0.0,0.0,0.0,0.0,0.0,0.0,0.0,0.0,0.0,0.0,0.0,0.0,0.0,0.0,0.0,0.0,0.0,0.0,0.0,0.0,0.0,0.0,0.0,0.0,0.0,0.0,0.0,0.0,0.0,0.0,0.0,0.0,0.0,0.0,other,8.0
0.0,0.0,-3.4,0.614035,-10.0,1.017544,-16.0,0.842105,-19.8,0.45614,-19.0,1.0,-26.8,1.140351,-31.8,1.175439,-36.2,1.22807,-20.6,0.614035,-29.2,0.754386,-35.0,0.859649,-40.0,0.929825,-20.0,0.245614,-26.0,0.175439,-21.4,0.140351,-16.6,0.122807,-18.0,-0.105263,-22.2,-0.105263,-19.0,-0.035088,-15.2,0.017544,0.0,0.0,0.0,0.0,0.0,0.0,0.0,0.0,0.0,0.0,0.0,0.0,0.0,0.0,0.0,0.0,0.0,0.0,0.0,0.0,0.0,0.0,0.0,0.0,0.0,0.0,0.0,0.0,0.0,0.0,0.0,0.0,0.0,0.0,0.0,0.0,0.0,0.0,0.0,0.0,0.0,0.0,0.0,0.0,other,8.0
0.0,0.0,-3.75,0.636364,-11.75,1.090909,-19.75,0.872727,-24.75,0.436364,-23.75,1.0,-33.5,1.145455,-39.75,1.181818,-45.25,1.236364,-26.0,0.6,-36.75,0.781818,-43.75,0.872727,-49.5,0.981818,-25.25,0.2,-32.0,0.181818,-25.75,0.109091,-19.5,0.072727,-22.75,-0.163636,-27.25,-0.181818,-22.5,-0.127273,-17.25,-0.072727,0.0,0.0,0.0,0.0,0.0,0.0,0.0,0.0,0.0,0.0,0.0,0.0,0.0,0.0,0.0,0.0,0.0,0.0,0.0,0.0,0.0,0.0,0.0,0.0,0.0,0.0,0.0,0.0,0.0,0.0,0.0,0.0,0.0,0.0,0.0,0.0,0.0,0.0,0.0,0.0,0.0,0.0,0.0,0.0,other,8.0
0.0,0.0,-0.909091,0.152174,-1.969697,0.478261,-2.757576,0.586957,-3.393939,0.521739,-3.0,1.0,-4.212121,1.217391,-4.969697,1.347826,-5.636364,1.478261,-2.878788,1.021739,-4.272727,1.26087,-5.272727,1.326087,-6.090909,1.369565,-2.515152,0.978261,-3.545455,0.869565,-3.151515,0.521739,-2.69697,0.282609,-2.0,0.826087,-2.878788,0.782609,-2.939394,0.543478,-2.787879,0.347826,0.0,0.0,0.0,0.0,0.0,0.0,0.0,0.0,0.0,0.0,0.0,0.0,0.0,0.0,0.0,0.0,0.0,0.0,0.0,0.0,0.0,0.0,0.0,0.0,0.0,0.0,0.0,0.0,0.0,0.0,0.0,0.0,0.0,0.0,0.0,0.0,0.0,0.0,0.0,0.0,0.0,0.0,0.0,0.0,other,8.0
0.0,0.0,-1.5,0.707692,-4.333333,0.953846,-6.833333,0.8,-8.166667,0.538462,-7.0,1.0,-10.833333,1.169231,-12.916667,1.246154,-14.583333,1.276923,-8.083333,0.584615,-12.0,0.830769,-14.5,0.969231,-16.25,1.030769,-8.333333,0.153846,-9.916667,0.276923,-8.666667,0.307692,-7.416667,0.276923,-8.0,-0.246154,-8.666667,-0.092308,-7.666667,-0.046154,-6.583333,-0.076923,0.0,0.0,0.0,0.0,0.0,0.0,0.0,0.0,0.0,0.0,0.0,0.0,0.0,0.0,0.0,0.0,0.0,0.0,0.0,0.0,0.0,0.0,0.0,0.0,0.0,0.0,0.0,0.0,0.0,0.0,0.0,0.0,0.0,0.0,0.0,0.0,0.0,0.0,0.0,0.0,0.0,0.0,0.0,0.0,other,8.0
0.0,0.0,-2.833333,0.71875,-7.333333,1.0,-11.666667,0.90625,-14.333333,0.671875,-14.333333,1.0,-21.833333,1.140625,-26.0,1.1875,-29.5,1.1875,-16.333333,0.59375,-23.833333,0.78125,-28.666667,0.890625,-32.166667,0.921875,-16.333333,0.15625,-19.166667,0.28125,-17.0,0.328125,-14.666667,0.3125,-15.333333,-0.234375,-16.5,-0.078125,-14.666667,-0.03125,-12.833333,-0.03125,0.0,0.0,0.0,0.0,0.0,0.0,0.0,0.0,0.0,0.0,0.0,0.0,0.0,0.0,0.0,0.0,0.0,0.0,0.0,0.0,0.0,0.0,0.0,0.0,0.0,0.0,0.0,0.0,0.0,0.0,0.0,0.0,0.0,0.0,0.0,0.0,0.0,0.0,0.0,0.0,0.0,0.0,0.0,0.0,other,8.0
0.0,0.0,-2.375,0.730159,-5.625,1.063492,-8.75,1.031746,-10.375,0.857143,-10.875,1.0,-16.875,1.126984,-20.125,1.174603,-22.625,1.190476,-12.375,0.555556,-18.5,0.746032,-22.125,0.857143,-24.625,0.888889,-12.625,0.142857,-15.0,0.285714,-13.5,0.333333,-12.0,0.301587,-11.875,-0.253968,-13.25,-0.079365,-12.125,-0.047619,-10.625,-0.063492,0.0,0.0,0.0,0.0,0.0,0.0,0.0,0.0,0.0,0.0,0.0,0.0,0.0,0.0,0.0,0.0,0.0,0.0,0.0,0.0,0.0,0.0,0.0,0.0,0.0,0.0,0.0,0.0,0.0,0.0,0.0,0.0,0.0,0.0,0.0,0.0,0.0,0.0,0.0,0.0,0.0,0.0,0.0,0.0,other,8.0
0.0,0.0,-16.0,0.779661,-42.0,1.101695,-65.0,1.084746,-78.0,0.881356,-88.0,1.0,-134.0,1.152542,-159.0,1.20339,-180.0,1.220339,-97.0,0.525424,-146.0,0.745763,-176.0,0.864407,-197.0,0.915254,-96.0,0.050847,-119.0,0.288136,-105.0,0.355932,-90.0,0.322034,-89.0,-0.338983,-104.0,-0.084746,-92.0,-0.033898,-80.0,-0.067797,0.0,0.0,0.0,0.0,0.0,0.0,0.0,0.0,0.0,0.0,0.0,0.0,0.0,0.0,0.0,0.0,0.0,0.0,0.0,0.0,0.0,0.0,0.0,0.0,0.0,0.0,0.0,0.0,0.0,0.0,0.0,0.0,0.0,0.0,0.0,0.0,0.0,0.0,0.0,0.0,0.0,0.0,0.0,0.0,other,8.0
0.0,0.0,-5.5,0.770492,-16.5,1.114754,-22.0,1.196721,-23.0,1.098361,-44.0,1.0,-68.5,1.114754,-82.5,1.163934,-93.5,1.163934,-49.5,0.52459,-75.5,0.704918,-92.0,0.803279,-103.5,0.852459,-49.0,0.065574,-62.0,0.229508,-54.0,0.278689,-45.5,0.262295,-45.0,-0.327869,-51.0,-0.131148,-45.0,-0.065574,-38.5,-0.081967,0.0,0.0,0.0,0.0,0.0,0.0,0.0,0.0,0.0,0.0,0.0,0.0,0.0,0.0,0.0,0.0,0.0,0.0,0.0,0.0,0.0,0.0,0.0,0.0,0.0,0.0,0.0,0.0,0.0,0.0,0.0,0.0,0.0,0.0,0.0,0.0,0.0,0.0,0.0,0.0,0.0,0.0,0.0,0.0,other,8.0
0.0,0.0,-16.0,0.819672,-46.0,1.180328,-74.0,1.016393,-91.0,0.704918,-96.0,1.0,-149.0,1.163934,-178.0,1.229508,-203.0,1.262295,-107.0,0.491803,-164.0,0.704918,-200.0,0.836066,-225.0,0.885246,-106.0,0.0,-132.0,0.229508,-116.0,0.311475,-98.0,0.278689,-97.0,-0.377049,-109.0,-0.114754,-96.0,-0.04918,-83.0,-0.098361,0.0,0.0,0.0,0.0,0.0,0.0,0.0,0.0,0.0,0.0,0.0,0.0,0.0,0.0,0.0,0.0,0.0,0.0,0.0,0.0,0.0,0.0,0.0,0.0,0.0,0.0,0.0,0.0,0.0,0.0,0.0,0.0,0.0,0.0,0.0,0.0,0.0,0.0,0.0,0.0,0.0,0.0,0.0,0.0,other,8.0
0.0,0.0,-1.75,0.690141,-5.083333,0.873239,-8.416667,0.690141,-10.333333,0.478873,-7.583333,1.0,-11.916667,1.183099,-14.5,1.267606,-16.5,1.309859,-8.833333,0.605634,-13.5,0.84507,-16.416667,0.971831,-18.5,1.056338,-9.083333,0.197183,-11.0,0.323944,-9.416667,0.380282,-7.916667,0.366197,-8.583333,-0.183099,-9.416667,0.0,-8.166667,0.042254,-7.0,0.028169,0.0,0.0,0.0,0.0,0.0,0.0,0.0,0.0,0.0,0.0,0.0,0.0,0.0,0.0,0.0,0.0,0.0,0.0,0.0,0.0,0.0,0.0,0.0,0.0,0.0,0.0,0.0,0.0,0.0,0.0,0.0,0.0,0.0,0.0,0.0,0.0,0.0,0.0,0.0,0.0,0.0,0.0,0.0,0.0,other,8.0
0.0,0.0,-2.4,0.734375,-8.2,1.0625,-12.8,0.96875,-15.8,0.71875,-17.8,1.0,-28.0,1.171875,-33.8,1.25,-38.4,1.265625,-20.0,0.5625,-30.6,0.796875,-37.4,0.921875,-42.2,0.984375,-20.2,0.109375,-25.2,0.28125,-22.0,0.296875,-18.6,0.25,-18.8,-0.28125,-20.8,-0.09375,-18.2,-0.0625,-15.8,-0.109375,0.0,0.0,0.0,0.0,0.0,0.0,0.0,0.0,0.0,0.0,0.0,0.0,0.0,0.0,0.0,0.0,0.0,0.0,0.0,0.0,0.0,0.0,0.0,0.0,0.0,0.0,0.0,0.0,0.0,0.0,0.0,0.0,0.0,0.0,0.0,0.0,0.0,0.0,0.0,0.0,0.0,0.0,0.0,0.0,other,8.0
0.0,0.0,-2.222222,0.796875,-6.444444,1.09375,-10.444444,0.84375,-12.333333,0.515625,-10.333333,1.0,-16.444444,1.203125,-19.666667,1.28125,-22.222222,1.328125,-11.777778,0.484375,-17.888889,0.75,-21.666667,0.90625,-24.222222,1.0,-11.888889,0.015625,-14.666667,0.296875,-13.111111,0.375,-11.222222,0.34375,-11.333333,-0.359375,-12.666667,-0.046875,-11.222222,0.03125,-9.666667,-0.015625,0.0,0.0,0.0,0.0,0.0,0.0,0.0,0.0,0.0,0.0,0.0,0.0,0.0,0.0,0.0,0.0,0.0,0.0,0.0,0.0,0.0,0.0,0.0,0.0,0.0,0.0,0.0,0.0,0.0,0.0,0.0,0.0,0.0,0.0,0.0,0.0,0.0,0.0,0.0,0.0,0.0,0.0,0.0,0.0,other,8.0
0.0,0.0,-9.0,0.816667,-28.0,1.116667,-45.0,0.85,-53.5,0.483333,-47.0,1.0,-73.5,1.2,-88.0,1.3,-99.0,1.333333,-52.0,0.466667,-79.5,0.716667,-96.5,0.866667,-107.5,0.95,-52.0,-0.016667,-63.5,0.216667,-56.5,0.3,-48.0,0.266667,-48.0,-0.433333,-54.0,-0.166667,-47.5,-0.083333,-40.5,-0.116667,0.0,0.0,0.0,0.0,0.0,0.0,0.0,0.0,0.0,0.0,0.0,0.0,0.0,0.0,0.0,0.0,0.0,0.0,0.0,0.0,0.0,0.0,0.0,0.0,0.0,0.0,0.0,0.0,0.0,0.0,0.0,0.0,0.0,0.0,0.0,0.0,0.0,0.0,0.0,0.0,0.0,0.0,0.0,0.0,other,8.0
0.0,0.0,-4.0,0.777778,-11.0,1.031746,-17.833333,0.761905,-21.166667,0.460317,-16.166667,1.0,-26.5,1.142857,-32.333333,1.206349,-36.833333,1.222222,-18.166667,0.460317,-29.166667,0.666667,-35.666667,0.809524,-40.333333,0.857143,-18.333333,-0.031746,-24.0,0.15873,-21.333333,0.285714,-18.333333,0.269841,-17.166667,-0.428571,-20.333333,-0.174603,-18.166667,-0.095238,-15.833333,-0.111111,0.0,0.0,0.0,0.0,0.0,0.0,0.0,0.0,0.0,0.0,0.0,0.0,0.0,0.0,0.0,0.0,0.0,0.0,0.0,0.0,0.0,0.0,0.0,0.0,0.0,0.0,0.0,0.0,0.0,0.0,0.0,0.0,0.0,0.0,0.0,0.0,0.0,0.0,0.0,0.0,0.0,0.0,0.0,0.0,other,8.0
0.0,0.0,-3.5,0.777778,-10.166667,1.063492,-16.5,0.777778,-20.166667,0.428571,-16.0,1.0,-25.833333,1.15873,-31.5,1.206349,-36.166667,1.222222,-18.0,0.507937,-28.5,0.714286,-35.0,0.84127,-40.0,0.920635,-18.166667,0.031746,-23.666667,0.238095,-20.666667,0.333333,-17.5,0.31746,-17.0,-0.365079,-20.166667,-0.111111,-17.833333,-0.015873,-15.5,-0.047619,0.0,0.0,0.0,0.0,0.0,0.0,0.0,0.0,0.0,0.0,0.0,0.0,0.0,0.0,0.0,0.0,0.0,0.0,0.0,0.0,0.0,0.0,0.0,0.0,0.0,0.0,0.0,0.0,0.0,0.0,0.0,0.0,0.0,0.0,0.0,0.0,0.0,0.0,0.0,0.0,0.0,0.0,0.0,0.0,other,8.0
0.0,0.0,-1.333333,0.684932,-3.933333,0.90411,-6.466667,0.753425,-7.8,0.520548,-6.0,1.0,-9.866667,1.191781,-12.0,1.273973,-13.666667,1.328767,-7.0,0.575342,-11.0,0.835616,-13.4,0.986301,-15.066667,1.068493,-7.266667,0.150685,-9.133333,0.287671,-8.0,0.315068,-6.8,0.273973,-7.0,-0.219178,-7.666667,-0.068493,-6.666667,-0.041096,-5.733333,-0.054795,0.0,0.0,0.0,0.0,0.0,0.0,0.0,0.0,0.0,0.0,0.0,0.0,0.0,0.0,0.0,0.0,0.0,0.0,0.0,0.0,0.0,0.0,0.0,0.0,0.0,0.0,0.0,0.0,0.0,0.0,0.0,0.0,0.0,0.0,0.0,0.0,0.0,0.0,0.0,0.0,0.0,0.0,0.0,0.0,other,8.0
0.0,0.0,-1.05,0.666667,-3.15,0.925926,-5.2,0.740741,-6.35,0.506173,-4.65,1.0,-7.55,1.197531,-9.25,1.283951,-10.55,1.333333,-5.5,0.604938,-8.55,0.864198,-10.35,1.0,-11.65,1.074074,-5.8,0.197531,-7.15,0.345679,-6.15,0.382716,-5.2,0.333333,-5.65,-0.148148,-6.05,0.024691,-5.25,0.061728,-4.5,0.024691,0.0,0.0,0.0,0.0,0.0,0.0,0.0,0.0,0.0,0.0,0.0,0.0,0.0,0.0,0.0,0.0,0.0,0.0,0.0,0.0,0.0,0.0,0.0,0.0,0.0,0.0,0.0,0.0,0.0,0.0,0.0,0.0,0.0,0.0,0.0,0.0,0.0,0.0,0.0,0.0,0.0,0.0,0.0,0.0,other,8.0
0.0,0.0,-1.857143,0.675325,-4.785714,0.896104,-7.428571,0.727273,-8.857143,0.493506,-7.071429,1.0,-11.142857,1.155844,-13.5,1.233766,-15.285714,1.272727,-8.142857,0.584416,-12.428571,0.805195,-15.071429,0.948052,-16.857143,1.012987,-8.5,0.168831,-10.428571,0.285714,-9.142857,0.324675,-7.857143,0.285714,-8.071429,-0.207792,-8.785714,-0.064935,-7.714286,-0.012987,-6.714286,-0.025974,0.0,0.0,0.0,0.0,0.0,0.0,0.0,0.0,0.0,0.0,0.0,0.0,0.0,0.0,0.0,0.0,0.0,0.0,0.0,0.0,0.0,0.0,0.0,0.0,0.0,0.0,0.0,0.0,0.0,0.0,0.0,0.0,0.0,0.0,0.0,0.0,0.0,0.0,0.0,0.0,0.0,0.0,0.0,0.0,other,8.0
0.0,0.0,-1.4375,0.641975,-3.6875,0.91358,-5.75,0.814815,-7.0,0.567901,-6.375,1.0,-9.875,1.148148,-11.875,1.222222,-13.5,1.246914,-7.3125,0.62963,-10.8125,0.82716,-13.125,0.938272,-14.75,1.0,-7.625,0.222222,-9.1875,0.358025,-8.0625,0.333333,-6.9375,0.271605,-7.375,-0.17284,-7.9375,-0.024691,-7.0,-0.012346,-6.0625,-0.049383,0.0,0.0,0.0,0.0,0.0,0.0,0.0,0.0,0.0,0.0,0.0,0.0,0.0,0.0,0.0,0.0,0.0,0.0,0.0,0.0,0.0,0.0,0.0,0.0,0.0,0.0,0.0,0.0,0.0,0.0,0.0,0.0,0.0,0.0,0.0,0.0,0.0,0.0,0.0,0.0,0.0,0.0,0.0,0.0,other,8.0
0.0,0.0,-2.777778,0.690141,-7.666667,0.84507,-11.888889,0.619718,-14.333333,0.352113,-11.111111,1.0,-17.666667,1.15493,-21.111111,1.211268,-23.777778,1.239437,-12.555556,0.549296,-19.222222,0.746479,-23.111111,0.859155,-25.777778,0.915493,-12.777778,0.070423,-15.666667,0.169014,-13.777778,0.211268,-11.888889,0.183099,-12.111111,-0.352113,-13.444444,-0.15493,-11.777778,-0.112676,-10.222222,-0.140845,0.0,0.0,0.0,0.0,0.0,0.0,0.0,0.0,0.0,0.0,0.0,0.0,0.0,0.0,0.0,0.0,0.0,0.0,0.0,0.0,0.0,0.0,0.0,0.0,0.0,0.0,0.0,0.0,0.0,0.0,0.0,0.0,0.0,0.0,0.0,0.0,0.0,0.0,0.0,0.0,0.0,0.0,0.0,0.0,other,8.0
0.0,0.0,-5.4,0.787879,-13.6,0.984848,-20.2,0.772727,-23.2,0.454545,-21.2,1.0,-31.8,1.045455,-37.0,1.045455,-41.0,1.015152,-23.6,0.530303,-34.2,0.636364,-40.4,0.681818,-44.2,0.681818,-23.4,0.045455,-26.8,0.075758,-23.6,0.106061,-20.4,0.090909,-22.2,-0.378788,-23.2,-0.272727,-20.4,-0.242424,-17.4,-0.242424,0.0,0.0,0.0,0.0,0.0,0.0,0.0,0.0,0.0,0.0,0.0,0.0,0.0,0.0,0.0,0.0,0.0,0.0,0.0,0.0,0.0,0.0,0.0,0.0,0.0,0.0,0.0,0.0,0.0,0.0,0.0,0.0,0.0,0.0,0.0,0.0,0.0,0.0,0.0,0.0,0.0,0.0,0.0,0.0,other,8.0
0.0,0.0,-6.25,0.771429,-15.25,1.042857,-21.0,0.942857,-23.75,0.642857,-28.25,1.0,-41.0,1.028571,-47.25,0.985714,-52.0,0.928571,-31.5,0.528571,-44.0,0.614286,-51.25,0.657143,-55.75,0.642857,-31.25,0.071429,-33.25,0.128571,-28.5,0.157143,-24.75,0.142857,-29.25,-0.357143,-28.75,-0.271429,-24.75,-0.228571,-21.25,-0.228571,0.0,0.0,0.0,0.0,0.0,0.0,0.0,0.0,0.0,0.0,0.0,0.0,0.0,0.0,0.0,0.0,0.0,0.0,0.0,0.0,0.0,0.0,0.0,0.0,0.0,0.0,0.0,0.0,0.0,0.0,0.0,0.0,0.0,0.0,0.0,0.0,0.0,0.0,0.0,0.0,0.0,0.0,0.0,0.0,other,8.0
0.0,0.0,0.597222,0.133333,1.166667,0.466667,1.541667,0.744444,1.861111,0.955556,0.930556,1.0,1.194444,1.188889,1.138889,0.866667,1.069444,0.633333,0.625,1.066667,0.875,1.233333,0.819444,0.833333,0.722222,0.533333,0.277778,1.122222,0.5,1.288889,0.513889,0.888889,0.472222,0.577778,-0.069444,1.133333,0.041667,1.6,0.138889,1.9,0.222222,2.155556,0.0,0.0,0.0,0.0,0.0,0.0,0.0,0.0,0.0,0.0,0.0,0.0,0.0,0.0,0.0,0.0,0.0,0.0,0.0,0.0,0.0,0.0,0.0,0.0,0.0,0.0,0.0,0.0,0.0,0.0,0.0,0.0,0.0,0.0,0.0,0.0,0.0,0.0,0.0,0.0,0.0,0.0,0.0,0.0,other,9.0
0.0,0.0,0.52439,0.107527,1.02439,0.462366,1.243902,0.795699,1.390244,1.107527,0.817073,1.0,0.987805,1.139785,0.853659,0.806452,0.682927,0.526882,0.5,1.096774,0.646341,1.204301,0.487805,0.774194,0.341463,0.451613,0.158537,1.150538,0.304878,1.311828,0.231707,0.892473,0.146341,0.55914,-0.182927,1.16129,-0.073171,1.612903,0.0,1.903226,0.073171,2.150538,0.0,0.0,0.0,0.0,0.0,0.0,0.0,0.0,0.0,0.0,0.0,0.0,0.0,0.0,0.0,0.0,0.0,0.0,0.0,0.0,0.0,0.0,0.0,0.0,0.0,0.0,0.0,0.0,0.0,0.0,0.0,0.0,0.0,0.0,0.0,0.0,0.0,0.0,0.0,0.0,0.0,0.0,0.0,0.0,other,9.0
0.0,0.0,0.522727,0.108696,0.977273,0.445652,1.170455,0.782609,1.318182,1.076087,0.829545,1.0,0.965909,1.141304,0.852273,0.793478,0.704545,0.48913,0.511364,1.086957,0.636364,1.195652,0.5,0.75,0.375,0.413043,0.159091,1.130435,0.284091,1.23913,0.227273,0.815217,0.170455,0.5,-0.170455,1.141304,-0.102273,1.586957,-0.056818,1.880435,0.0,2.163043,0.0,0.0,0.0,0.0,0.0,0.0,0.0,0.0,0.0,0.0,0.0,0.0,0.0,0.0,0.0,0.0,0.0,0.0,0.0,0.0,0.0,0.0,0.0,0.0,0.0,0.0,0.0,0.0,0.0,0.0,0.0,0.0,0.0,0.0,0.0,0.0,0.0,0.0,0.0,0.0,0.0,0.0,0.0,0.0,other,9.0
0.0,0.0,0.560976,0.119565,1.036585,0.423913,1.231707,0.73913,1.329268,1.01087,0.878049,1.0,1.02439,1.108696,0.914634,0.75,0.804878,0.5,0.560976,1.086957,0.670732,1.163043,0.573171,0.75,0.487805,0.456522,0.219512,1.141304,0.317073,1.206522,0.280488,0.826087,0.243902,0.51087,-0.121951,1.152174,-0.02439,1.586957,0.02439,1.880435,0.073171,2.108696,0.0,0.0,0.0,0.0,0.0,0.0,0.0,0.0,0.0,0.0,0.0,0.0,0.0,0.0,0.0,0.0,0.0,0.0,0.0,0.0,0.0,0.0,0.0,0.0,0.0,0.0,0.0,0.0,0.0,0.0,0.0,0.0,0.0,0.0,0.0,0.0,0.0,0.0,0.0,0.0,0.0,0.0,0.0,0.0,other,9.0
0.0,0.0,0.444444,0.14,0.864198,0.49,1.012346,0.81,1.037037,1.11,0.617284,1.0,0.679012,1.18,0.62963,0.89,0.567901,0.63,0.296296,1.05,0.345679,1.21,0.308642,0.83,0.259259,0.53,-0.049383,1.05,-0.012346,1.24,0.0,0.88,0.012346,0.58,-0.382716,1.01,-0.395062,1.41,-0.444444,1.67,-0.45679,1.91,0.0,0.0,0.0,0.0,0.0,0.0,0.0,0.0,0.0,0.0,0.0,0.0,0.0,0.0,0.0,0.0,0.0,0.0,0.0,0.0,0.0,0.0,0.0,0.0,0.0,0.0,0.0,0.0,0.0,0.0,0.0,0.0,0.0,0.0,0.0,0.0,0.0,0.0,0.0,0.0,0.0,0.0,0.0,0.0,other,9.0
0.0,0.0,0.463415,0.126316,0.914634,0.452632,1.121951,0.778947,1.182927,1.105263,0.707317,1.0,0.817073,1.136842,0.707317,0.810526,0.585366,0.536842,0.378049,1.073684,0.47561,1.178947,0.353659,0.757895,0.256098,0.452632,0.036585,1.094737,0.121951,1.252632,0.073171,0.863158,0.04878,0.536842,-0.292683,1.063158,-0.256098,1.484211,-0.243902,1.757895,-0.231707,2.010526,0.0,0.0,0.0,0.0,0.0,0.0,0.0,0.0,0.0,0.0,0.0,0.0,0.0,0.0,0.0,0.0,0.0,0.0,0.0,0.0,0.0,0.0,0.0,0.0,0.0,0.0,0.0,0.0,0.0,0.0,0.0,0.0,0.0,0.0,0.0,0.0,0.0,0.0,0.0,0.0,0.0,0.0,0.0,0.0,other,9.0
0.0,0.0,0.506329,0.103448,0.974684,0.436782,1.202532,0.758621,1.303797,1.08046,0.822785,1.0,0.936709,1.137931,0.835443,0.804598,0.708861,0.517241,0.506329,1.091954,0.607595,1.183908,0.481013,0.747126,0.35443,0.425287,0.164557,1.137931,0.278481,1.275862,0.202532,0.862069,0.151899,0.54023,-0.177215,1.149425,-0.101266,1.586207,-0.050633,1.873563,0.0,2.126437,0.0,0.0,0.0,0.0,0.0,0.0,0.0,0.0,0.0,0.0,0.0,0.0,0.0,0.0,0.0,0.0,0.0,0.0,0.0,0.0,0.0,0.0,0.0,0.0,0.0,0.0,0.0,0.0,0.0,0.0,0.0,0.0,0.0,0.0,0.0,0.0,0.0,0.0,0.0,0.0,0.0,0.0,0.0,0.0,other,9.0
0.0,0.0,0.533333,0.116279,1.053333,0.488372,1.293333,0.813953,1.386667,1.127907,0.853333,1.0,0.986667,1.162791,0.906667,0.848837,0.8,0.581395,0.533333,1.093023,0.653333,1.197674,0.533333,0.790698,0.413333,0.476744,0.2,1.139535,0.293333,1.290698,0.253333,0.895349,0.2,0.569767,-0.146667,1.162791,-0.053333,1.581395,0.0,1.860465,0.066667,2.093023,0.0,0.0,0.0,0.0,0.0,0.0,0.0,0.0,0.0,0.0,0.0,0.0,0.0,0.0,0.0,0.0,0.0,0.0,0.0,0.0,0.0,0.0,0.0,0.0,0.0,0.0,0.0,0.0,0.0,0.0,0.0,0.0,0.0,0.0,0.0,0.0,0.0,0.0,0.0,0.0,0.0,0.0,0.0,0.0,other,9.0
0.0,0.0,0.533333,0.116279,1.026667,0.476744,1.306667,0.790698,1.426667,1.093023,0.88,1.0,1.04,1.151163,0.933333,0.837209,0.813333,0.55814,0.573333,1.104651,0.706667,1.197674,0.573333,0.790698,0.453333,0.488372,0.226667,1.151163,0.36,1.290698,0.28,0.895349,0.213333,0.581395,-0.12,1.186047,-0.026667,1.604651,0.04,1.860465,0.12,2.093023,0.0,0.0,0.0,0.0,0.0,0.0,0.0,0.0,0.0,0.0,0.0,0.0,0.0,0.0,0.0,0.0,0.0,0.0,0.0,0.0,0.0,0.0,0.0,0.0,0.0,0.0,0.0,0.0,0.0,0.0,0.0,0.0,0.0,0.0,0.0,0.0,0.0,0.0,0.0,0.0,0.0,0.0,0.0,0.0,other,9.0
0.0,0.0,0.506667,0.095238,1.026667,0.452381,1.293333,0.785714,1.373333,1.130952,0.853333,1.0,0.986667,1.154762,0.88,0.809524,0.76,0.535714,0.533333,1.095238,0.666667,1.214286,0.533333,0.797619,0.4,0.47619,0.2,1.166667,0.333333,1.345238,0.253333,0.952381,0.173333,0.619048,-0.146667,1.178571,-0.04,1.619048,0.026667,1.904762,0.106667,2.166667,0.0,0.0,0.0,0.0,0.0,0.0,0.0,0.0,0.0,0.0,0.0,0.0,0.0,0.0,0.0,0.0,0.0,0.0,0.0,0.0,0.0,0.0,0.0,0.0,0.0,0.0,0.0,0.0,0.0,0.0,0.0,0.0,0.0,0.0,0.0,0.0,0.0,0.0,0.0,0.0,0.0,0.0,0.0,0.0,other,9.0
0.0,0.0,0.52,0.16129,0.96,0.505376,1.146667,0.827957,1.146667,1.129032,0.666667,1.0,0.76,1.172043,0.68,0.870968,0.6,0.623656,0.346667,1.053763,0.386667,1.204301,0.333333,0.83871,0.293333,0.569892,0.0,1.075269,0.053333,1.236559,0.04,0.903226,0.026667,0.634409,-0.333333,1.064516,-0.346667,1.483871,-0.36,1.763441,-0.373333,1.978495,0.0,0.0,0.0,0.0,0.0,0.0,0.0,0.0,0.0,0.0,0.0,0.0,0.0,0.0,0.0,0.0,0.0,0.0,0.0,0.0,0.0,0.0,0.0,0.0,0.0,0.0,0.0,0.0,0.0,0.0,0.0,0.0,0.0,0.0,0.0,0.0,0.0,0.0,0.0,0.0,0.0,0.0,0.0,0.0,other,9.0
0.0,0.0,0.475,0.147368,0.8875,0.526316,1.0625,0.863158,1.075,1.178947,0.6375,1.0,0.7,1.178947,0.625,0.915789,0.55,0.652632,0.3125,1.052632,0.3625,1.210526,0.3,0.842105,0.2375,0.547368,-0.025,1.052632,0.0,1.242105,-0.0125,0.884211,0.0,0.589474,-0.3625,1.010526,-0.375,1.421053,-0.425,1.684211,-0.45,1.926316,0.0,0.0,0.0,0.0,0.0,0.0,0.0,0.0,0.0,0.0,0.0,0.0,0.0,0.0,0.0,0.0,0.0,0.0,0.0,0.0,0.0,0.0,0.0,0.0,0.0,0.0,0.0,0.0,0.0,0.0,0.0,0.0,0.0,0.0,0.0,0.0,0.0,0.0,0.0,0.0,0.0,0.0,0.0,0.0,other,9.0
0.0,0.0,0.5,0.135417,0.948718,0.510417,1.141026,0.864583,1.166667,1.177083,0.679487,1.0,0.782051,1.166667,0.666667,0.84375,0.564103,0.572917,0.346154,1.052083,0.435897,1.1875,0.333333,0.791667,0.25641,0.489583,0.012821,1.052083,0.064103,1.21875,0.064103,0.84375,0.064103,0.552083,-0.320513,1.03125,-0.282051,1.416667,-0.282051,1.677083,-0.269231,1.90625,0.0,0.0,0.0,0.0,0.0,0.0,0.0,0.0,0.0,0.0,0.0,0.0,0.0,0.0,0.0,0.0,0.0,0.0,0.0,0.0,0.0,0.0,0.0,0.0,0.0,0.0,0.0,0.0,0.0,0.0,0.0,0.0,0.0,0.0,0.0,0.0,0.0,0.0,0.0,0.0,0.0,0.0,0.0,0.0,other,9.0
0.0,0.0,0.475,0.119565,0.9,0.48913,1.075,0.858696,1.1125,1.173913,0.675,1.0,0.7625,1.163043,0.6625,0.836957,0.5625,0.586957,0.3375,1.054348,0.425,1.173913,0.325,0.76087,0.2625,0.48913,0.0,1.076087,0.0625,1.228261,0.05,0.836957,0.05,0.532609,-0.325,1.054348,-0.3,1.467391,-0.3,1.728261,-0.3,1.967391,0.0,0.0,0.0,0.0,0.0,0.0,0.0,0.0,0.0,0.0,0.0,0.0,0.0,0.0,0.0,0.0,0.0,0.0,0.0,0.0,0.0,0.0,0.0,0.0,0.0,0.0,0.0,0.0,0.0,0.0,0.0,0.0,0.0,0.0,0.0,0.0,0.0,0.0,0.0,0.0,0.0,0.0,0.0,0.0,other,9.0
0.0,0.0,0.4875,0.12766,0.9125,0.5,1.0875,0.851064,1.1,1.159574,0.675,1.0,0.7625,1.148936,0.675,0.819149,0.5875,0.574468,0.3375,1.06383,0.4125,1.159574,0.325,0.765957,0.2625,0.489362,0.0,1.074468,0.0375,1.212766,0.0375,0.829787,0.0625,0.542553,-0.325,1.042553,-0.3,1.43617,-0.325,1.702128,-0.325,1.925532,0.0,0.0,0.0,0.0,0.0,0.0,0.0,0.0,0.0,0.0,0.0,0.0,0.0,0.0,0.0,0.0,0.0,0.0,0.0,0.0,0.0,0.0,0.0,0.0,0.0,0.0,0.0,0.0,0.0,0.0,0.0,0.0,0.0,0.0,0.0,0.0,0.0,0.0,0.0,0.0,0.0,0.0,0.0,0.0,other,9.0
0.0,0.0,0.4875,0.129032,0.95,0.494624,1.1375,0.860215,1.1625,1.182796,0.7125,1.0,0.8,1.182796,0.6875,0.849462,0.575,0.591398,0.375,1.064516,0.4375,1.215054,0.35,0.817204,0.2875,0.537634,0.05,1.086022,0.075,1.258065,0.075,0.870968,0.075,0.569892,-0.2875,1.064516,-0.25,1.462366,-0.2625,1.72043,-0.275,1.967742,0.0,0.0,0.0,0.0,0.0,0.0,0.0,0.0,0.0,0.0,0.0,0.0,0.0,0.0,0.0,0.0,0.0,0.0,0.0,0.0,0.0,0.0,0.0,0.0,0.0,0.0,0.0,0.0,0.0,0.0,0.0,0.0,0.0,0.0,0.0,0.0,0.0,0.0,0.0,0.0,0.0,0.0,0.0,0.0,other,9.0
0.0,0.0,0.519481,0.147368,0.987013,0.505263,1.12987,0.852632,1.168831,1.147368,0.688312,1.0,0.805195,1.136842,0.688312,0.810526,0.584416,0.557895,0.337662,1.063158,0.428571,1.147368,0.324675,0.736842,0.233766,0.452632,0.012987,1.073684,0.051948,1.2,0.051948,0.831579,0.051948,0.547368,-0.311688,1.042105,-0.285714,1.442105,-0.298701,1.684211,-0.311688,1.905263,0.0,0.0,0.0,0.0,0.0,0.0,0.0,0.0,0.0,0.0,0.0,0.0,0.0,0.0,0.0,0.0,0.0,0.0,0.0,0.0,0.0,0.0,0.0,0.0,0.0,0.0,0.0,0.0,0.0,0.0,0.0,0.0,0.0,0.0,0.0,0.0,0.0,0.0,0.0,0.0,0.0,0.0,0.0,0.0,other,9.0
0.0,0.0,0.493671,0.145833,0.962025,0.520833,1.139241,0.864583,1.126582,1.166667,0.696203,1.0,0.772152,1.166667,0.658228,0.84375,0.56962,0.59375,0.35443,1.0625,0.417722,1.1875,0.316456,0.802083,0.240506,0.510417,0.025316,1.083333,0.037975,1.25,0.037975,0.895833,0.050633,0.604167,-0.303797,1.072917,-0.253165,1.479167,-0.265823,1.739583,-0.265823,1.96875,0.0,0.0,0.0,0.0,0.0,0.0,0.0,0.0,0.0,0.0,0.0,0.0,0.0,0.0,0.0,0.0,0.0,0.0,0.0,0.0,0.0,0.0,0.0,0.0,0.0,0.0,0.0,0.0,0.0,0.0,0.0,0.0,0.0,0.0,0.0,0.0,0.0,0.0,0.0,0.0,0.0,0.0,0.0,0.0,other,9.0
0.0,0.0,0.519481,0.159574,0.974026,0.5,1.142857,0.840426,1.142857,1.148936,0.675325,1.0,0.779221,1.170213,0.675325,0.851064,0.584416,0.585106,0.337662,1.06383,0.402597,1.159574,0.324675,0.744681,0.246753,0.43617,0.0,1.074468,0.051948,1.212766,0.038961,0.840426,0.038961,0.542553,-0.324675,1.06383,-0.285714,1.489362,-0.298701,1.755319,-0.298701,1.989362,0.0,0.0,0.0,0.0,0.0,0.0,0.0,0.0,0.0,0.0,0.0,0.0,0.0,0.0,0.0,0.0,0.0,0.0,0.0,0.0,0.0,0.0,0.0,0.0,0.0,0.0,0.0,0.0,0.0,0.0,0.0,0.0,0.0,0.0,0.0,0.0,0.0,0.0,0.0,0.0,0.0,0.0,0.0,0.0,other,9.0
0.0,0.0,0.483871,0.146789,0.935484,0.504587,1.11828,0.834862,1.11828,1.12844,0.666667,1.0,0.763441,1.137615,0.688172,0.798165,0.602151,0.541284,0.322581,1.055046,0.408602,1.12844,0.333333,0.715596,0.258065,0.412844,-0.010753,1.055046,0.053763,1.183486,0.053763,0.798165,0.064516,0.504587,-0.333333,1.009174,-0.27957,1.394495,-0.236559,1.633028,-0.193548,1.834862,0.0,0.0,0.0,0.0,0.0,0.0,0.0,0.0,0.0,0.0,0.0,0.0,0.0,0.0,0.0,0.0,0.0,0.0,0.0,0.0,0.0,0.0,0.0,0.0,0.0,0.0,0.0,0.0,0.0,0.0,0.0,0.0,0.0,0.0,0.0,0.0,0.0,0.0,0.0,0.0,0.0,0.0,0.0,0.0,other,9.0
0.0,0.0,0.45098,0.147541,0.872549,0.508197,1.019608,0.852459,0.970588,1.147541,0.607843,1.0,0.647059,1.139344,0.578431,0.819672,0.509804,0.565574,0.264706,1.040984,0.313725,1.155738,0.254902,0.762295,0.196078,0.459016,-0.068627,1.040984,-0.039216,1.213115,-0.019608,0.860656,0.009804,0.565574,-0.392157,1.0,-0.401961,1.385246,-0.411765,1.622951,-0.401961,1.844262,0.0,0.0,0.0,0.0,0.0,0.0,0.0,0.0,0.0,0.0,0.0,0.0,0.0,0.0,0.0,0.0,0.0,0.0,0.0,0.0,0.0,0.0,0.0,0.0,0.0,0.0,0.0,0.0,0.0,0.0,0.0,0.0,0.0,0.0,0.0,0.0,0.0,0.0,0.0,0.0,0.0,0.0,0.0,0.0,other,9.0
0.0,0.0,0.475248,0.164062,0.891089,0.523438,1.029703,0.835938,0.930693,1.09375,0.534653,1.0,0.653465,1.164062,0.594059,0.851562,0.524752,0.601562,0.217822,1.023438,0.316832,1.140625,0.287129,0.757812,0.247525,0.492188,-0.128713,1.023438,-0.039604,1.132812,-0.029703,0.78125,-0.029703,0.507812,-0.465347,1.0,-0.475248,1.40625,-0.49505,1.65625,-0.50495,1.859375,0.0,0.0,0.0,0.0,0.0,0.0,0.0,0.0,0.0,0.0,0.0,0.0,0.0,0.0,0.0,0.0,0.0,0.0,0.0,0.0,0.0,0.0,0.0,0.0,0.0,0.0,0.0,0.0,0.0,0.0,0.0,0.0,0.0,0.0,0.0,0.0,0.0,0.0,0.0,0.0,0.0,0.0,0.0,0.0,other,9.0
0.0,0.0,0.463636,0.154412,0.863636,0.514706,1.045455,0.845588,1.054545,1.132353,0.645455,1.0,0.7,1.132353,0.654545,0.838235,0.6,0.595588,0.309091,1.044118,0.372727,1.117647,0.336364,0.720588,0.281818,0.433824,-0.027273,1.036765,0.009091,1.161765,0.054545,0.808824,0.072727,0.536765,-0.354545,0.992647,-0.381818,1.360294,-0.4,1.610294,-0.4,1.860294,0.0,0.0,0.0,0.0,0.0,0.0,0.0,0.0,0.0,0.0,0.0,0.0,0.0,0.0,0.0,0.0,0.0,0.0,0.0,0.0,0.0,0.0,0.0,0.0,0.0,0.0,0.0,0.0,0.0,0.0,0.0,0.0,0.0,0.0,0.0,0.0,0.0,0.0,0.0,0.0,0.0,0.0,0.0,0.0,other,9.0
0.0,0.0,0.457944,0.146341,0.859813,0.512195,1.028037,0.853659,1.037383,1.162602,0.654206,1.0,0.738318,1.170732,0.672897,0.869919,0.598131,0.609756,0.327103,1.056911,0.401869,1.186992,0.35514,0.796748,0.28972,0.479675,-0.018692,1.065041,0.046729,1.235772,0.074766,0.869919,0.093458,0.560976,-0.345794,1.02439,-0.336449,1.422764,-0.299065,1.666667,-0.242991,1.878049,0.0,0.0,0.0,0.0,0.0,0.0,0.0,0.0,0.0,0.0,0.0,0.0,0.0,0.0,0.0,0.0,0.0,0.0,0.0,0.0,0.0,0.0,0.0,0.0,0.0,0.0,0.0,0.0,0.0,0.0,0.0,0.0,0.0,0.0,0.0,0.0,0.0,0.0,0.0,0.0,0.0,0.0,0.0,0.0,other,9.0
0.0,0.0,0.48,0.157895,0.89,0.54386,1.04,0.877193,1.04,1.192982,0.66,1.0,0.75,1.175439,0.7,0.850877,0.63,0.570175,0.33,1.052632,0.44,1.157895,0.37,0.736842,0.29,0.429825,-0.01,1.070175,0.08,1.236842,0.08,0.859649,0.07,0.54386,-0.34,1.04386,-0.34,1.464912,-0.33,1.736842,-0.3,1.973684,0.0,0.0,0.0,0.0,0.0,0.0,0.0,0.0,0.0,0.0,0.0,0.0,0.0,0.0,0.0,0.0,0.0,0.0,0.0,0.0,0.0,0.0,0.0,0.0,0.0,0.0,0.0,0.0,0.0,0.0,0.0,0.0,0.0,0.0,0.0,0.0,0.0,0.0,0.0,0.0,0.0,0.0,0.0,0.0,other,9.0
0.0,0.0,0.436893,0.137931,0.854369,0.491379,1.019417,0.844828,1.029126,1.155172,0.631068,1.0,0.68932,1.163793,0.621359,0.862069,0.553398,0.594828,0.300971,1.060345,0.368932,1.155172,0.291262,0.732759,0.213592,0.405172,-0.038835,1.068966,0.0,1.25,0.009709,0.887931,0.029126,0.577586,-0.368932,1.025862,-0.359223,1.422414,-0.368932,1.698276,-0.359223,1.956897,0.0,0.0,0.0,0.0,0.0,0.0,0.0,0.0,0.0,0.0,0.0,0.0,0.0,0.0,0.0,0.0,0.0,0.0,0.0,0.0,0.0,0.0,0.0,0.0,0.0,0.0,0.0,0.0,0.0,0.0,0.0,0.0,0.0,0.0,0.0,0.0,0.0,0.0,0.0,0.0,0.0,0.0,0.0,0.0,other,9.0
0.0,0.0,0.433962,0.142857,0.858491,0.487395,1.028302,0.840336,0.990566,1.134454,0.622642,1.0,0.688679,1.159664,0.584906,0.789916,0.5,0.529412,0.273585,1.067227,0.311321,1.151261,0.226415,0.697479,0.160377,0.386555,-0.056604,1.084034,-0.037736,1.226891,-0.037736,0.823529,-0.028302,0.504202,-0.377358,1.058824,-0.349057,1.445378,-0.377358,1.705882,-0.386792,1.941176,0.0,0.0,0.0,0.0,0.0,0.0,0.0,0.0,0.0,0.0,0.0,0.0,0.0,0.0,0.0,0.0,0.0,0.0,0.0,0.0,0.0,0.0,0.0,0.0,0.0,0.0,0.0,0.0,0.0,0.0,0.0,0.0,0.0,0.0,0.0,0.0,0.0,0.0,0.0,0.0,0.0,0.0,0.0,0.0,other,9.0
0.0,0.0,-0.020408,0.474747,0.44898,0.929293,1.183673,1.212121,1.734694,1.383838,0.77551,1.0,1.510204,1.555556,1.938776,1.89899,2.244898,2.151515,1.183673,0.767677,2.306122,1.222222,2.959184,1.494949,3.510204,1.686869,1.510204,0.494949,2.55102,0.828283,2.163265,0.747475,1.77551,0.626263,1.77551,0.20202,2.55102,0.494949,2.22449,0.434343,1.877551,0.313131,0.0,0.0,0.0,0.0,0.0,0.0,0.0,0.0,0.0,0.0,0.0,0.0,0.0,0.0,0.0,0.0,0.0,0.0,0.0,0.0,0.0,0.0,0.0,0.0,0.0,0.0,0.0,0.0,0.0,0.0,0.0,0.0,0.0,0.0,0.0,0.0,0.0,0.0,0.0,0.0,0.0,0.0,0.0,0.0,other,10.0
0.0,0.0,-0.080645,0.458716,0.241935,0.917431,0.790323,1.201835,1.241935,1.376147,0.370968,1.0,0.935484,1.53211,1.241935,1.862385,1.483871,2.119266,0.741935,0.798165,1.645161,1.293578,2.177419,1.559633,2.580645,1.752294,1.080645,0.550459,1.951613,0.93578,1.66129,0.816514,1.33871,0.678899,1.370968,0.293578,1.967742,0.623853,1.693548,0.541284,1.419355,0.422018,0.0,0.0,0.0,0.0,0.0,0.0,0.0,0.0,0.0,0.0,0.0,0.0,0.0,0.0,0.0,0.0,0.0,0.0,0.0,0.0,0.0,0.0,0.0,0.0,0.0,0.0,0.0,0.0,0.0,0.0,0.0,0.0,0.0,0.0,0.0,0.0,0.0,0.0,0.0,0.0,0.0,0.0,0.0,0.0,other,10.0
0.0,0.0,-0.071429,0.446429,0.285714,0.875,0.857143,1.178571,1.321429,1.383929,0.339286,1.0,0.910714,1.517857,1.232143,1.848214,1.5,2.107143,0.642857,0.785714,1.696429,1.276786,2.321429,1.5625,2.821429,1.767857,1.0,0.526786,2.035714,0.892857,1.75,0.803571,1.410714,0.678571,1.339286,0.267857,2.089286,0.589286,1.839286,0.526786,1.553571,0.410714,0.0,0.0,0.0,0.0,0.0,0.0,0.0,0.0,0.0,0.0,0.0,0.0,0.0,0.0,0.0,0.0,0.0,0.0,0.0,0.0,0.0,0.0,0.0,0.0,0.0,0.0,0.0,0.0,0.0,0.0,0.0,0.0,0.0,0.0,0.0,0.0,0.0,0.0,0.0,0.0,0.0,0.0,0.0,0.0,other,10.0
0.0,0.0,-0.087719,0.46729,0.315789,0.915888,0.912281,1.196262,1.368421,1.401869,0.333333,1.0,0.947368,1.53271,1.263158,1.869159,1.508772,2.130841,0.649123,0.757009,1.684211,1.261682,2.298246,1.542056,2.807018,1.747664,1.0,0.495327,2.017544,0.878505,1.719298,0.813084,1.350877,0.700935,1.333333,0.233645,2.070175,0.579439,1.789474,0.523364,1.491228,0.420561,0.0,0.0,0.0,0.0,0.0,0.0,0.0,0.0,0.0,0.0,0.0,0.0,0.0,0.0,0.0,0.0,0.0,0.0,0.0,0.0,0.0,0.0,0.0,0.0,0.0,0.0,0.0,0.0,0.0,0.0,0.0,0.0,0.0,0.0,0.0,0.0,0.0,0.0,0.0,0.0,0.0,0.0,0.0,0.0,other,10.0
0.0,0.0,-0.101695,0.468468,0.271186,0.918919,0.847458,1.207207,1.305085,1.405405,0.271186,1.0,0.915254,1.513514,1.220339,1.837838,1.457627,2.099099,0.59322,0.756757,1.610169,1.261261,2.20339,1.531532,2.694915,1.72973,0.932203,0.504505,1.949153,0.90991,1.661017,0.828829,1.322034,0.711712,1.271186,0.261261,2.0,0.603604,1.728814,0.531532,1.440678,0.414414,0.0,0.0,0.0,0.0,0.0,0.0,0.0,0.0,0.0,0.0,0.0,0.0,0.0,0.0,0.0,0.0,0.0,0.0,0.0,0.0,0.0,0.0,0.0,0.0,0.0,0.0,0.0,0.0,0.0,0.0,0.0,0.0,0.0,0.0,0.0,0.0,0.0,0.0,0.0,0.0,0.0,0.0,0.0,0.0,other,10.0
0.0,0.0,-0.092308,0.465517,0.230769,0.87931,0.676923,1.172414,1.030769,1.431034,0.0,1.0,0.584615,1.508621,0.876923,1.836207,1.123077,2.094828,0.276923,0.775862,1.215385,1.284483,1.8,1.551724,2.246154,1.724138,0.646154,0.543103,1.569231,0.887931,1.353846,0.801724,1.046154,0.663793,1.0,0.318966,1.646154,0.603448,1.446154,0.534483,1.2,0.431034,0.0,0.0,0.0,0.0,0.0,0.0,0.0,0.0,0.0,0.0,0.0,0.0,0.0,0.0,0.0,0.0,0.0,0.0,0.0,0.0,0.0,0.0,0.0,0.0,0.0,0.0,0.0,0.0,0.0,0.0,0.0,0.0,0.0,0.0,0.0,0.0,0.0,0.0,0.0,0.0,0.0,0.0,0.0,0.0,other,10.0
0.0,0.0,-0.109375,0.447368,0.203125,0.912281,0.71875,1.254386,1.078125,1.517544,-0.015625,1.0,0.609375,1.54386,0.9375,1.885965,1.203125,2.157895,0.28125,0.77193,1.265625,1.333333,1.84375,1.622807,2.296875,1.824561,0.640625,0.535088,1.671875,0.95614,1.4375,0.859649,1.109375,0.72807,0.984375,0.307018,1.734375,0.657895,1.546875,0.587719,1.25,0.482456,0.0,0.0,0.0,0.0,0.0,0.0,0.0,0.0,0.0,0.0,0.0,0.0,0.0,0.0,0.0,0.0,0.0,0.0,0.0,0.0,0.0,0.0,0.0,0.0,0.0,0.0,0.0,0.0,0.0,0.0,0.0,0.0,0.0,0.0,0.0,0.0,0.0,0.0,0.0,0.0,0.0,0.0,0.0,0.0,other,10.0
0.0,0.0,-0.180556,0.481818,0.083333,0.936364,0.513889,1.245455,0.847222,1.463636,0.152778,1.0,0.472222,1.5,0.666667,1.854545,0.833333,2.118182,0.486111,0.781818,1.125,1.309091,1.527778,1.636364,1.875,1.872727,0.833333,0.545455,1.486111,1.0,1.222222,0.927273,0.958333,0.772727,1.152778,0.3,1.555556,0.7,1.319444,0.645455,1.138889,0.5,0.0,0.0,0.0,0.0,0.0,0.0,0.0,0.0,0.0,0.0,0.0,0.0,0.0,0.0,0.0,0.0,0.0,0.0,0.0,0.0,0.0,0.0,0.0,0.0,0.0,0.0,0.0,0.0,0.0,0.0,0.0,0.0,0.0,0.0,0.0,0.0,0.0,0.0,0.0,0.0,0.0,0.0,0.0,0.0,other,10.0
0.0,0.0,-0.173333,0.464286,0.04,0.892857,0.426667,1.205357,0.733333,1.428571,0.066667,1.0,0.4,1.5,0.573333,1.848214,0.72,2.116071,0.4,0.8125,1.04,1.3125,1.453333,1.625,1.773333,1.848214,0.76,0.616071,1.333333,1.0,1.106667,0.910714,0.893333,0.767857,1.066667,0.401786,1.413333,0.732143,1.213333,0.651786,1.053333,0.535714,0.0,0.0,0.0,0.0,0.0,0.0,0.0,0.0,0.0,0.0,0.0,0.0,0.0,0.0,0.0,0.0,0.0,0.0,0.0,0.0,0.0,0.0,0.0,0.0,0.0,0.0,0.0,0.0,0.0,0.0,0.0,0.0,0.0,0.0,0.0,0.0,0.0,0.0,0.0,0.0,0.0,0.0,0.0,0.0,other,10.0
0.0,0.0,-0.202703,0.458716,0.054054,0.944954,0.472973,1.284404,0.837838,1.522936,0.067568,1.0,0.459459,1.568807,0.675676,1.926606,0.851351,2.201835,0.391892,0.779817,1.108108,1.376147,1.540541,1.678899,1.891892,1.889908,0.743243,0.550459,1.405405,1.045872,1.175676,0.944954,0.932432,0.788991,1.067568,0.311927,1.486486,0.752294,1.283784,0.678899,1.108108,0.53211,0.0,0.0,0.0,0.0,0.0,0.0,0.0,0.0,0.0,0.0,0.0,0.0,0.0,0.0,0.0,0.0,0.0,0.0,0.0,0.0,0.0,0.0,0.0,0.0,0.0,0.0,0.0,0.0,0.0,0.0,0.0,0.0,0.0,0.0,0.0,0.0,0.0,0.0,0.0,0.0,0.0,0.0,0.0,0.0,other,10.0
0.0,0.0,-0.217391,0.477064,0.028986,0.908257,0.434783,1.229358,0.797101,1.440367,0.101449,1.0,0.507246,1.541284,0.710145,1.889908,0.913043,2.155963,0.449275,0.798165,1.173913,1.330275,1.623188,1.633028,1.985507,1.834862,0.797101,0.577982,1.463768,0.990826,1.202899,0.926606,0.927536,0.779817,1.101449,0.366972,1.536232,0.724771,1.318841,0.66055,1.130435,0.53211,0.0,0.0,0.0,0.0,0.0,0.0,0.0,0.0,0.0,0.0,0.0,0.0,0.0,0.0,0.0,0.0,0.0,0.0,0.0,0.0,0.0,0.0,0.0,0.0,0.0,0.0,0.0,0.0,0.0,0.0,0.0,0.0,0.0,0.0,0.0,0.0,0.0,0.0,0.0,0.0,0.0,0.0,0.0,0.0,other,10.0
0.0,0.0,-0.230769,0.436364,-0.046154,0.881818,0.446154,1.190909,0.846154,1.390909,0.215385,1.0,0.6,1.518182,0.830769,1.836364,1.030769,2.081818,0.6,0.809091,1.307692,1.290909,1.738462,1.581818,2.107692,1.772727,0.923077,0.581818,1.6,0.972727,1.307692,0.890909,1.061538,0.745455,1.215385,0.336364,1.661538,0.681818,1.415385,0.618182,1.2,0.481818,0.0,0.0,0.0,0.0,0.0,0.0,0.0,0.0,0.0,0.0,0.0,0.0,0.0,0.0,0.0,0.0,0.0,0.0,0.0,0.0,0.0,0.0,0.0,0.0,0.0,0.0,0.0,0.0,0.0,0.0,0.0,0.0,0.0,0.0,0.0,0.0,0.0,0.0,0.0,0.0,0.0,0.0,0.0,0.0,other,10.0
0.0,0.0,-0.21875,0.449541,0.015625,0.899083,0.53125,1.165138,0.984375,1.311927,0.296875,1.0,0.734375,1.541284,0.984375,1.87156,1.1875,2.119266,0.671875,0.788991,1.4375,1.302752,1.890625,1.587156,2.296875,1.779817,1.015625,0.541284,1.734375,0.963303,1.421875,0.889908,1.125,0.743119,1.296875,0.293578,1.78125,0.678899,1.5,0.614679,1.265625,0.477064,0.0,0.0,0.0,0.0,0.0,0.0,0.0,0.0,0.0,0.0,0.0,0.0,0.0,0.0,0.0,0.0,0.0,0.0,0.0,0.0,0.0,0.0,0.0,0.0,0.0,0.0,0.0,0.0,0.0,0.0,0.0,0.0,0.0,0.0,0.0,0.0,0.0,0.0,0.0,0.0,0.0,0.0,0.0,0.0,other,10.0
0.0,0.0,-0.225806,0.45045,0.0,0.891892,0.516129,1.198198,0.919355,1.396396,0.290323,1.0,0.741935,1.522523,1.016129,1.855856,1.225806,2.099099,0.66129,0.810811,1.483871,1.306306,1.983871,1.585586,2.370968,1.756757,1.016129,0.576577,1.758065,0.936937,1.467742,0.873874,1.177419,0.747748,1.290323,0.324324,1.806452,0.648649,1.548387,0.594595,1.306452,0.468468,0.0,0.0,0.0,0.0,0.0,0.0,0.0,0.0,0.0,0.0,0.0,0.0,0.0,0.0,0.0,0.0,0.0,0.0,0.0,0.0,0.0,0.0,0.0,0.0,0.0,0.0,0.0,0.0,0.0,0.0,0.0,0.0,0.0,0.0,0.0,0.0,0.0,0.0,0.0,0.0,0.0,0.0,0.0,0.0,other,10.0
0.0,0.0,-0.181818,0.477876,0.121212,0.902655,0.560606,1.185841,0.969697,1.415929,0.166667,1.0,0.590909,1.486726,0.818182,1.814159,1.015152,2.061947,0.515152,0.778761,1.272727,1.256637,1.742424,1.539823,2.136364,1.725664,0.863636,0.548673,1.575758,0.929204,1.287879,0.858407,1.015152,0.734513,1.166667,0.309735,1.651515,0.654867,1.409091,0.610619,1.19697,0.486726,0.0,0.0,0.0,0.0,0.0,0.0,0.0,0.0,0.0,0.0,0.0,0.0,0.0,0.0,0.0,0.0,0.0,0.0,0.0,0.0,0.0,0.0,0.0,0.0,0.0,0.0,0.0,0.0,0.0,0.0,0.0,0.0,0.0,0.0,0.0,0.0,0.0,0.0,0.0,0.0,0.0,0.0,0.0,0.0,other,10.0
0.0,0.0,-0.119403,0.495652,0.208955,0.886957,0.641791,1.156522,1.0,1.4,0.164179,1.0,0.61194,1.478261,0.850746,1.782609,1.089552,2.034783,0.492537,0.756522,1.298507,1.234783,1.791045,1.513043,2.208955,1.678261,0.850746,0.504348,1.61194,0.878261,1.343284,0.791304,1.059701,0.652174,1.164179,0.26087,1.686567,0.6,1.432836,0.530435,1.223881,0.408696,0.0,0.0,0.0,0.0,0.0,0.0,0.0,0.0,0.0,0.0,0.0,0.0,0.0,0.0,0.0,0.0,0.0,0.0,0.0,0.0,0.0,0.0,0.0,0.0,0.0,0.0,0.0,0.0,0.0,0.0,0.0,0.0,0.0,0.0,0.0,0.0,0.0,0.0,0.0,0.0,0.0,0.0,0.0,0.0,other,10.0
0.0,0.0,-0.179104,0.436364,0.059701,0.890909,0.522388,1.190909,0.910448,1.390909,0.19403,1.0,0.671642,1.536364,0.940299,1.863636,1.149254,2.109091,0.537313,0.790909,1.343284,1.3,1.820896,1.590909,2.223881,1.772727,0.880597,0.554545,1.61194,0.936364,1.373134,0.836364,1.104478,0.7,1.19403,0.309091,1.686567,0.654545,1.447761,0.572727,1.238806,0.445455,0.0,0.0,0.0,0.0,0.0,0.0,0.0,0.0,0.0,0.0,0.0,0.0,0.0,0.0,0.0,0.0,0.0,0.0,0.0,0.0,0.0,0.0,0.0,0.0,0.0,0.0,0.0,0.0,0.0,0.0,0.0,0.0,0.0,0.0,0.0,0.0,0.0,0.0,0.0,0.0,0.0,0.0,0.0,0.0,other,10.0
0.0,0.0,-0.114754,0.489796,0.213115,0.959184,0.721311,1.255102,1.131148,1.459184,0.278689,1.0,0.754098,1.571429,1.04918,1.928571,1.278689,2.204082,0.590164,0.755102,1.442623,1.336735,1.95082,1.653061,2.344262,1.887755,0.95082,0.5,1.737705,0.979592,1.459016,0.887755,1.163934,0.734694,1.278689,0.255102,1.819672,0.683673,1.557377,0.622449,1.344262,0.479592,0.0,0.0,0.0,0.0,0.0,0.0,0.0,0.0,0.0,0.0,0.0,0.0,0.0,0.0,0.0,0.0,0.0,0.0,0.0,0.0,0.0,0.0,0.0,0.0,0.0,0.0,0.0,0.0,0.0,0.0,0.0,0.0,0.0,0.0,0.0,0.0,0.0,0.0,0.0,0.0,0.0,0.0,0.0,0.0,other,10.0
0.0,0.0,-0.098361,0.484536,0.213115,0.969072,0.770492,1.28866,1.196721,1.494845,0.295082,1.0,0.770492,1.57732,1.065574,1.948454,1.311475,2.226804,0.606557,0.752577,1.442623,1.319588,1.95082,1.659794,2.377049,1.907216,0.967213,0.484536,1.754098,0.979381,1.459016,0.907216,1.147541,0.752577,1.295082,0.226804,1.836066,0.670103,1.57377,0.628866,1.344262,0.494845,0.0,0.0,0.0,0.0,0.0,0.0,0.0,0.0,0.0,0.0,0.0,0.0,0.0,0.0,0.0,0.0,0.0,0.0,0.0,0.0,0.0,0.0,0.0,0.0,0.0,0.0,0.0,0.0,0.0,0.0,0.0,0.0,0.0,0.0,0.0,0.0,0.0,0.0,0.0,0.0,0.0,0.0,0.0,0.0,other,10.0
0.0,0.0,-0.107692,0.471698,0.184615,0.886792,0.630769,1.179245,0.984615,1.386792,0.184615,1.0,0.646154,1.5,0.907692,1.849057,1.138462,2.103774,0.507692,0.811321,1.307692,1.301887,1.815385,1.584906,2.169231,1.773585,0.876923,0.566038,1.615385,0.915094,1.4,0.849057,1.138462,0.735849,1.184615,0.301887,1.692308,0.641509,1.492308,0.575472,1.292308,0.462264,0.0,0.0,0.0,0.0,0.0,0.0,0.0,0.0,0.0,0.0,0.0,0.0,0.0,0.0,0.0,0.0,0.0,0.0,0.0,0.0,0.0,0.0,0.0,0.0,0.0,0.0,0.0,0.0,0.0,0.0,0.0,0.0,0.0,0.0,0.0,0.0,0.0,0.0,0.0,0.0,0.0,0.0,0.0,0.0,other,10.0
0.0,0.0,-0.106061,0.460784,0.19697,0.931373,0.681818,1.254902,1.030303,1.509804,0.136364,1.0,0.636364,1.539216,0.893939,1.892157,1.121212,2.166667,0.439394,0.77451,1.242424,1.313725,1.742424,1.607843,2.121212,1.823529,0.80303,0.529412,1.590909,0.970588,1.348485,0.843137,1.075758,0.686275,1.136364,0.284314,1.666667,0.686275,1.454545,0.598039,1.257576,0.45098,0.0,0.0,0.0,0.0,0.0,0.0,0.0,0.0,0.0,0.0,0.0,0.0,0.0,0.0,0.0,0.0,0.0,0.0,0.0,0.0,0.0,0.0,0.0,0.0,0.0,0.0,0.0,0.0,0.0,0.0,0.0,0.0,0.0,0.0,0.0,0.0,0.0,0.0,0.0,0.0,0.0,0.0,0.0,0.0,other,10.0
0.0,0.0,-0.114754,0.459184,0.196721,0.94898,0.704918,1.285714,1.131148,1.489796,0.262295,1.0,0.737705,1.581633,1.0,1.938776,1.213115,2.214286,0.57377,0.785714,1.393443,1.357143,1.885246,1.663265,2.311475,1.897959,0.918033,0.530612,1.737705,0.989796,1.47541,0.877551,1.180328,0.72449,1.262295,0.265306,1.803279,0.683673,1.557377,0.602041,1.327869,0.459184,0.0,0.0,0.0,0.0,0.0,0.0,0.0,0.0,0.0,0.0,0.0,0.0,0.0,0.0,0.0,0.0,0.0,0.0,0.0,0.0,0.0,0.0,0.0,0.0,0.0,0.0,0.0,0.0,0.0,0.0,0.0,0.0,0.0,0.0,0.0,0.0,0.0,0.0,0.0,0.0,0.0,0.0,0.0,0.0,other,10.0
0.0,0.0,-0.1,0.471154,0.233333,0.875,0.733333,1.153846,1.166667,1.317308,0.316667,1.0,0.883333,1.490385,1.216667,1.807692,1.5,2.048077,0.666667,0.788462,1.533333,1.269231,2.066667,1.538462,2.45,1.730769,1.016667,0.538462,1.8,0.913462,1.6,0.846154,1.333333,0.721154,1.316667,0.288462,1.866667,0.625,1.65,0.567308,1.416667,0.451923,0.0,0.0,0.0,0.0,0.0,0.0,0.0,0.0,0.0,0.0,0.0,0.0,0.0,0.0,0.0,0.0,0.0,0.0,0.0,0.0,0.0,0.0,0.0,0.0,0.0,0.0,0.0,0.0,0.0,0.0,0.0,0.0,0.0,0.0,0.0,0.0,0.0,0.0,0.0,0.0,0.0,0.0,0.0,0.0,other,10.0
0.0,0.0,-0.12069,0.479167,0.206897,0.958333,0.775862,1.25,1.224138,1.458333,0.344828,1.0,0.87931,1.552083,1.206897,1.885417,1.5,2.135417,0.689655,0.791667,1.568966,1.302083,2.086207,1.59375,2.534483,1.8125,1.034483,0.53125,1.896552,0.958333,1.586207,0.864583,1.258621,0.71875,1.344828,0.270833,1.948276,0.635417,1.672414,0.5625,1.396552,0.427083,0.0,0.0,0.0,0.0,0.0,0.0,0.0,0.0,0.0,0.0,0.0,0.0,0.0,0.0,0.0,0.0,0.0,0.0,0.0,0.0,0.0,0.0,0.0,0.0,0.0,0.0,0.0,0.0,0.0,0.0,0.0,0.0,0.0,0.0,0.0,0.0,0.0,0.0,0.0,0.0,0.0,0.0,0.0,0.0,other,10.0
0.0,0.0,-0.084746,0.48,0.288136,0.9,0.813559,1.2,1.271186,1.37,0.389831,1.0,0.949153,1.5,1.288136,1.83,1.559322,2.07,0.745763,0.8,1.610169,1.28,2.135593,1.56,2.559322,1.77,1.101695,0.55,1.898305,0.93,1.627119,0.84,1.338983,0.72,1.389831,0.28,1.932203,0.62,1.694915,0.56,1.457627,0.44,0.0,0.0,0.0,0.0,0.0,0.0,0.0,0.0,0.0,0.0,0.0,0.0,0.0,0.0,0.0,0.0,0.0,0.0,0.0,0.0,0.0,0.0,0.0,0.0,0.0,0.0,0.0,0.0,0.0,0.0,0.0,0.0,0.0,0.0,0.0,0.0,0.0,0.0,0.0,0.0,0.0,0.0,0.0,0.0,other,10.0
0.0,0.0,-0.036364,0.474747,0.363636,0.919192,0.963636,1.181818,1.472727,1.292929,0.418182,1.0,1.036364,1.545455,1.418182,1.868687,1.745455,2.10101,0.745455,0.757576,1.709091,1.272727,2.272727,1.565657,2.727273,1.787879,1.072727,0.484848,2.090909,0.929293,1.781818,0.818182,1.4,0.676768,1.418182,0.212121,2.109091,0.59596,1.836364,0.525253,1.527273,0.40404,0.0,0.0,0.0,0.0,0.0,0.0,0.0,0.0,0.0,0.0,0.0,0.0,0.0,0.0,0.0,0.0,0.0,0.0,0.0,0.0,0.0,0.0,0.0,0.0,0.0,0.0,0.0,0.0,0.0,0.0,0.0,0.0,0.0,0.0,0.0,0.0,0.0,0.0,0.0,0.0,0.0,0.0,0.0,0.0,other,10.0
0.0,0.0,-0.1,0.47619,0.216667,0.87619,0.733333,1.095238,1.183333,1.171429,0.366667,1.0,0.883333,1.447619,1.166667,1.742857,1.433333,1.980952,0.716667,0.780952,1.466667,1.2,1.933333,1.457143,2.333333,1.647619,1.066667,0.533333,1.783333,0.866667,1.5,0.8,1.2,0.67619,1.366667,0.285714,1.816667,0.571429,1.55,0.52381,1.316667,0.409524,0.0,0.0,0.0,0.0,0.0,0.0,0.0,0.0,0.0,0.0,0.0,0.0,0.0,0.0,0.0,0.0,0.0,0.0,0.0,0.0,0.0,0.0,0.0,0.0,0.0,0.0,0.0,0.0,0.0,0.0,0.0,0.0,0.0,0.0,0.0,0.0,0.0,0.0,0.0,0.0,0.0,0.0,0.0,0.0,other,10.0
0.0,0.0,-3.666667,-1.75,-10.0,-2.5,-16.0,-2.25,-20.333333,-2.0,-17.333333,-1.0,-25.666667,-0.75,-31.0,-0.75,-35.0,-0.75,-18.333333,0.0,-26.666667,0.25,-32.333333,0.25,-37.0,0.125,-17.666667,0.875,-26.0,1.125,-31.666667,1.0,-36.0,0.875,-16.333333,1.375,-23.0,1.625,-27.333333,1.625,-31.0,1.5,0.0,0.0,0.0,0.0,0.0,0.0,0.0,0.0,0.0,0.0,0.0,0.0,0.0,0.0,0.0,0.0,0.0,0.0,0.0,0.0,0.0,0.0,0.0,0.0,0.0,0.0,0.0,0.0,0.0,0.0,0.0,0.0,0.0,0.0,0.0,0.0,0.0,0.0,0.0,0.0,0.0,0.0,0.0,0.0,other,11.0
0.0,0.0,-0.438776,0.110169,-0.938776,0.355932,-1.387755,0.516949,-1.755102,0.516949,-0.795918,1.0,-0.94898,1.432203,-1.040816,1.70339,-1.112245,1.940678,-0.489796,1.042373,-0.622449,1.29661,-0.520408,0.923729,-0.428571,0.70339,-0.142857,1.025424,-0.234694,1.245763,-0.193878,0.872881,-0.142857,0.669492,0.204082,0.949153,0.122449,1.161017,0.071429,0.881356,0.081633,0.70339,0.0,0.0,0.0,0.0,0.0,0.0,0.0,0.0,0.0,0.0,0.0,0.0,0.0,0.0,0.0,0.0,0.0,0.0,0.0,0.0,0.0,0.0,0.0,0.0,0.0,0.0,0.0,0.0,0.0,0.0,0.0,0.0,0.0,0.0,0.0,0.0,0.0,0.0,0.0,0.0,0.0,0.0,0.0,0.0,other,11.0
0.0,0.0,-0.428571,0.111111,-0.928571,0.349206,-1.397959,0.468254,-1.785714,0.452381,-0.72449,1.0,-0.806122,1.420635,-0.867347,1.706349,-0.897959,1.944444,-0.408163,0.992063,-0.530612,1.309524,-0.510204,0.920635,-0.459184,0.769841,-0.071429,0.928571,-0.122449,1.142857,-0.153061,0.777778,-0.153061,0.65873,0.27551,0.809524,0.234694,1.015873,0.153061,0.746032,0.132653,0.626984,0.0,0.0,0.0,0.0,0.0,0.0,0.0,0.0,0.0,0.0,0.0,0.0,0.0,0.0,0.0,0.0,0.0,0.0,0.0,0.0,0.0,0.0,0.0,0.0,0.0,0.0,0.0,0.0,0.0,0.0,0.0,0.0,0.0,0.0,0.0,0.0,0.0,0.0,0.0,0.0,0.0,0.0,0.0,0.0,other,11.0
0.0,0.0,-0.444444,0.150376,-0.89899,0.443609,-1.343434,0.56391,-1.707071,0.571429,-0.535354,1.0,-0.525253,1.428571,-0.535354,1.699248,-0.525253,1.932331,-0.20202,0.962406,-0.282828,1.225564,-0.383838,0.879699,-0.363636,0.729323,0.131313,0.849624,0.10101,1.06015,-0.030303,0.744361,-0.020202,0.62406,0.464646,0.676692,0.505051,0.864662,0.373737,0.669173,0.343434,0.571429,0.0,0.0,0.0,0.0,0.0,0.0,0.0,0.0,0.0,0.0,0.0,0.0,0.0,0.0,0.0,0.0,0.0,0.0,0.0,0.0,0.0,0.0,0.0,0.0,0.0,0.0,0.0,0.0,0.0,0.0,0.0,0.0,0.0,0.0,0.0,0.0,0.0,0.0,0.0,0.0,0.0,0.0,0.0,0.0,other,11.0
0.0,0.0,-0.453704,0.085271,-0.962963,0.333333,-1.407407,0.44186,-1.75,0.44186,-0.75,1.0,-0.861111,1.465116,-0.916667,1.775194,-0.953704,2.031008,-0.435185,1.015504,-0.601852,1.333333,-0.592593,0.937984,-0.5,0.736434,-0.101852,0.96124,-0.212963,1.162791,-0.222222,0.775194,-0.166667,0.627907,0.25,0.852713,0.12963,1.031008,0.064815,0.75969,0.101852,0.643411,0.0,0.0,0.0,0.0,0.0,0.0,0.0,0.0,0.0,0.0,0.0,0.0,0.0,0.0,0.0,0.0,0.0,0.0,0.0,0.0,0.0,0.0,0.0,0.0,0.0,0.0,0.0,0.0,0.0,0.0,0.0,0.0,0.0,0.0,0.0,0.0,0.0,0.0,0.0,0.0,0.0,0.0,0.0,0.0,other,11.0
0.0,0.0,-0.330935,-0.04878,-0.834532,0.195122,-1.251799,0.300813,-1.589928,0.317073,-0.726619,1.0,-0.834532,1.593496,-0.94964,2.02439,-1.007194,2.390244,-0.410072,1.097561,-0.589928,1.471545,-0.539568,0.910569,-0.453237,0.707317,-0.071942,1.097561,-0.194245,1.357724,-0.172662,0.829268,-0.129496,0.682927,0.273381,1.04065,0.143885,1.235772,0.115108,0.829268,0.129496,0.666667,0.0,0.0,0.0,0.0,0.0,0.0,0.0,0.0,0.0,0.0,0.0,0.0,0.0,0.0,0.0,0.0,0.0,0.0,0.0,0.0,0.0,0.0,0.0,0.0,0.0,0.0,0.0,0.0,0.0,0.0,0.0,0.0,0.0,0.0,0.0,0.0,0.0,0.0,0.0,0.0,0.0,0.0,0.0,0.0,other,11.0
0.0,0.0,-0.440476,0.067416,-0.952381,0.269663,-1.428571,0.348315,-1.785714,0.325843,-0.845238,1.0,-1.02381,1.505618,-1.119048,1.831461,-1.190476,2.11236,-0.535714,1.05618,-0.72619,1.41573,-0.666667,1.022472,-0.571429,0.786517,-0.190476,1.033708,-0.297619,1.269663,-0.261905,0.853933,-0.214286,0.640449,0.154762,0.955056,0.047619,1.168539,0.011905,0.853933,0.02381,0.674157,0.0,0.0,0.0,0.0,0.0,0.0,0.0,0.0,0.0,0.0,0.0,0.0,0.0,0.0,0.0,0.0,0.0,0.0,0.0,0.0,0.0,0.0,0.0,0.0,0.0,0.0,0.0,0.0,0.0,0.0,0.0,0.0,0.0,0.0,0.0,0.0,0.0,0.0,0.0,0.0,0.0,0.0,0.0,0.0,other,11.0
0.0,0.0,-0.4375,0.084906,-0.925,0.311321,-1.375,0.386792,-1.7625,0.358491,-0.65,1.0,-0.7125,1.40566,-0.725,1.669811,-0.7375,1.90566,-0.2875,1.009434,-0.3125,1.150943,-0.3375,0.839623,-0.35,0.688679,0.0375,0.924528,0.025,0.962264,-0.05,0.679245,-0.0875,0.59434,0.35,0.792453,0.3375,0.801887,0.2375,0.59434,0.1875,0.54717,0.0,0.0,0.0,0.0,0.0,0.0,0.0,0.0,0.0,0.0,0.0,0.0,0.0,0.0,0.0,0.0,0.0,0.0,0.0,0.0,0.0,0.0,0.0,0.0,0.0,0.0,0.0,0.0,0.0,0.0,0.0,0.0,0.0,0.0,0.0,0.0,0.0,0.0,0.0,0.0,0.0,0.0,0.0,0.0,other,11.0
0.0,0.0,-0.402439,0.041237,-0.817073,0.257732,-1.219512,0.381443,-1.573171,0.319588,-0.731707,1.0,-0.804878,1.494845,-0.817073,1.783505,-0.829268,2.061856,-0.378049,1.030928,-0.268293,1.319588,-0.219512,0.938144,-0.243902,0.731959,-0.036585,0.979381,0.097561,1.123711,0.04878,0.752577,-0.036585,0.597938,0.268293,0.876289,0.378049,0.989691,0.304878,0.721649,0.207317,0.597938,0.0,0.0,0.0,0.0,0.0,0.0,0.0,0.0,0.0,0.0,0.0,0.0,0.0,0.0,0.0,0.0,0.0,0.0,0.0,0.0,0.0,0.0,0.0,0.0,0.0,0.0,0.0,0.0,0.0,0.0,0.0,0.0,0.0,0.0,0.0,0.0,0.0,0.0,0.0,0.0,0.0,0.0,0.0,0.0,other,11.0
0.0,0.0,-0.317647,0.040816,-0.729412,0.22449,-1.094118,0.326531,-1.447059,0.285714,-0.611765,1.0,-0.670588,1.459184,-0.694118,1.744898,-0.705882,2.020408,-0.258824,1.05102,-0.164706,1.255102,-0.117647,0.887755,-0.141176,0.714286,0.082353,1.020408,0.188235,1.05102,0.129412,0.734694,0.035294,0.632653,0.388235,0.928571,0.482353,0.908163,0.4,0.673469,0.282353,0.602041,0.0,0.0,0.0,0.0,0.0,0.0,0.0,0.0,0.0,0.0,0.0,0.0,0.0,0.0,0.0,0.0,0.0,0.0,0.0,0.0,0.0,0.0,0.0,0.0,0.0,0.0,0.0,0.0,0.0,0.0,0.0,0.0,0.0,0.0,0.0,0.0,0.0,0.0,0.0,0.0,0.0,0.0,0.0,0.0,other,11.0
0.0,0.0,-0.406593,0.03125,-0.879121,0.25,-1.307692,0.333333,-1.659341,0.3125,-0.769231,1.0,-0.857143,1.489583,-0.901099,1.8125,-0.934066,2.114583,-0.450549,1.052083,-0.450549,1.354167,-0.384615,0.916667,-0.373626,0.697917,-0.10989,1.010417,-0.076923,1.177083,-0.065934,0.760417,-0.098901,0.625,0.230769,0.90625,0.241758,1.041667,0.21978,0.729167,0.175824,0.604167,0.0,0.0,0.0,0.0,0.0,0.0,0.0,0.0,0.0,0.0,0.0,0.0,0.0,0.0,0.0,0.0,0.0,0.0,0.0,0.0,0.0,0.0,0.0,0.0,0.0,0.0,0.0,0.0,0.0,0.0,0.0,0.0,0.0,0.0,0.0,0.0,0.0,0.0,0.0,0.0,0.0,0.0,0.0,0.0,other,11.0
0.0,0.0,-0.463415,0.061856,-1.02439,0.319588,-1.463415,0.443299,-1.829268,0.443299,-0.804878,1.0,-0.95122,1.463918,-1.060976,1.762887,-1.121951,2.020619,-0.487805,1.051546,-0.719512,1.319588,-0.707317,0.896907,-0.609756,0.680412,-0.158537,1.020619,-0.341463,1.14433,-0.329268,0.731959,-0.231707,0.587629,0.195122,0.927835,-0.012195,1.020619,-0.04878,0.721649,0.012195,0.618557,0.0,0.0,0.0,0.0,0.0,0.0,0.0,0.0,0.0,0.0,0.0,0.0,0.0,0.0,0.0,0.0,0.0,0.0,0.0,0.0,0.0,0.0,0.0,0.0,0.0,0.0,0.0,0.0,0.0,0.0,0.0,0.0,0.0,0.0,0.0,0.0,0.0,0.0,0.0,0.0,0.0,0.0,0.0,0.0,other,11.0
0.0,0.0,-0.527778,0.044444,-1.138889,0.288889,-1.611111,0.444444,-2.013889,0.444444,-0.861111,1.0,-1.083333,1.477778,-1.222222,1.788889,-1.319444,2.044444,-0.555556,1.044444,-0.875,1.288889,-0.861111,0.911111,-0.75,0.655556,-0.222222,1.033333,-0.541667,1.177778,-0.5,0.777778,-0.388889,0.544444,0.138889,0.955556,-0.138889,1.033333,-0.194444,0.733333,-0.125,0.566667,0.0,0.0,0.0,0.0,0.0,0.0,0.0,0.0,0.0,0.0,0.0,0.0,0.0,0.0,0.0,0.0,0.0,0.0,0.0,0.0,0.0,0.0,0.0,0.0,0.0,0.0,0.0,0.0,0.0,0.0,0.0,0.0,0.0,0.0,0.0,0.0,0.0,0.0,0.0,0.0,0.0,0.0,0.0,0.0,other,11.0
0.0,0.0,-0.520548,0.043956,-1.109589,0.285714,-1.561644,0.43956,-1.972603,0.450549,-0.863014,1.0,-1.068493,1.483516,-1.205479,1.802198,-1.315068,2.054945,-0.547945,1.043956,-0.821918,1.296703,-0.821918,0.923077,-0.726027,0.692308,-0.219178,1.032967,-0.493151,1.175824,-0.452055,0.791209,-0.356164,0.615385,0.136986,0.956044,-0.123288,1.032967,-0.150685,0.736264,-0.068493,0.604396,0.0,0.0,0.0,0.0,0.0,0.0,0.0,0.0,0.0,0.0,0.0,0.0,0.0,0.0,0.0,0.0,0.0,0.0,0.0,0.0,0.0,0.0,0.0,0.0,0.0,0.0,0.0,0.0,0.0,0.0,0.0,0.0,0.0,0.0,0.0,0.0,0.0,0.0,0.0,0.0,0.0,0.0,0.0,0.0,other,11.0
0.0,0.0,-0.436782,0.147059,-0.873563,0.460784,-1.275862,0.617647,-1.597701,0.637255,-0.643678,1.0,-0.712644,1.5,-0.758621,1.823529,-0.804598,2.117647,-0.310345,1.0,-0.448276,1.303922,-0.482759,0.960784,-0.45977,0.705882,0.022989,0.921569,-0.091954,1.068627,-0.172414,0.715686,-0.172414,0.519608,0.356322,0.794118,0.229885,0.931373,0.137931,0.666667,0.126437,0.519608,0.0,0.0,0.0,0.0,0.0,0.0,0.0,0.0,0.0,0.0,0.0,0.0,0.0,0.0,0.0,0.0,0.0,0.0,0.0,0.0,0.0,0.0,0.0,0.0,0.0,0.0,0.0,0.0,0.0,0.0,0.0,0.0,0.0,0.0,0.0,0.0,0.0,0.0,0.0,0.0,0.0,0.0,0.0,0.0,other,11.0
0.0,0.0,-0.466667,0.061947,-1.0,0.327434,-1.433333,0.504425,-1.788889,0.522124,-0.755556,1.0,-0.9,1.486726,-0.988889,1.79646,-1.044444,2.053097,-0.444444,1.017699,-0.655556,1.362832,-0.655556,1.0,-0.577778,0.725664,-0.122222,0.964602,-0.255556,1.20354,-0.266667,0.823009,-0.211111,0.584071,0.244444,0.876106,0.111111,1.079646,0.033333,0.80531,0.033333,0.60177,0.0,0.0,0.0,0.0,0.0,0.0,0.0,0.0,0.0,0.0,0.0,0.0,0.0,0.0,0.0,0.0,0.0,0.0,0.0,0.0,0.0,0.0,0.0,0.0,0.0,0.0,0.0,0.0,0.0,0.0,0.0,0.0,0.0,0.0,0.0,0.0,0.0,0.0,0.0,0.0,0.0,0.0,0.0,0.0,other,11.0
0.0,0.0,-0.449541,0.073171,-0.93578,0.292683,-1.302752,0.406504,-1.614679,0.447154,-0.807339,1.0,-0.981651,1.471545,-1.091743,1.804878,-1.174312,2.081301,-0.486239,1.02439,-0.706422,1.276423,-0.678899,0.878049,-0.587156,0.585366,-0.155963,0.96748,-0.330275,1.138211,-0.330275,0.756098,-0.266055,0.520325,0.192661,0.845528,0.009174,1.00813,-0.027523,0.723577,0.0,0.552846,0.0,0.0,0.0,0.0,0.0,0.0,0.0,0.0,0.0,0.0,0.0,0.0,0.0,0.0,0.0,0.0,0.0,0.0,0.0,0.0,0.0,0.0,0.0,0.0,0.0,0.0,0.0,0.0,0.0,0.0,0.0,0.0,0.0,0.0,0.0,0.0,0.0,0.0,0.0,0.0,0.0,0.0,0.0,0.0,other,11.0
0.0,0.0,0.5,0.106383,1.0,0.361702,1.431818,0.510638,1.727273,0.531915,0.772727,1.0,0.909091,1.468085,0.977273,1.808511,1.0,2.06383,0.431818,1.042553,0.409091,1.340426,0.363636,0.93617,0.363636,0.617021,0.090909,1.021277,0.068182,1.212766,0.068182,0.829787,0.090909,0.553191,-0.227273,0.957447,-0.227273,1.170213,-0.181818,0.893617,-0.159091,0.680851,0.0,0.0,0.0,0.0,0.0,0.0,0.0,0.0,0.0,0.0,0.0,0.0,0.0,0.0,0.0,0.0,0.0,0.0,0.0,0.0,0.0,0.0,0.0,0.0,0.0,0.0,0.0,0.0,0.0,0.0,0.0,0.0,0.0,0.0,0.0,0.0,0.0,0.0,0.0,0.0,0.0,0.0,0.0,0.0,other,11.0
0.0,0.0,0.488372,0.132075,0.953488,0.471698,1.348837,0.679245,1.697674,0.735849,0.674419,1.0,0.72093,1.45283,0.72093,1.735849,0.697674,1.981132,0.348837,1.0,0.325581,1.264151,0.372093,0.90566,0.395349,0.641509,0.023256,0.962264,0.0,1.132075,0.069767,0.754717,0.139535,0.509434,-0.325581,0.867925,-0.302326,1.056604,-0.209302,0.773585,-0.116279,0.584906,0.0,0.0,0.0,0.0,0.0,0.0,0.0,0.0,0.0,0.0,0.0,0.0,0.0,0.0,0.0,0.0,0.0,0.0,0.0,0.0,0.0,0.0,0.0,0.0,0.0,0.0,0.0,0.0,0.0,0.0,0.0,0.0,0.0,0.0,0.0,0.0,0.0,0.0,0.0,0.0,0.0,0.0,0.0,0.0,other,11.0
0.0,0.0,0.475,0.102041,1.0,0.489796,1.45,0.653061,1.825,0.693878,0.7,1.0,0.825,1.44898,0.85,1.714286,0.825,1.959184,0.4,1.020408,0.45,1.183673,0.45,0.816327,0.4,0.612245,0.05,0.979592,0.1,1.102041,0.15,0.77551,0.15,0.571429,-0.3,0.897959,-0.2,1.0,-0.15,0.734694,-0.125,0.591837,0.0,0.0,0.0,0.0,0.0,0.0,0.0,0.0,0.0,0.0,0.0,0.0,0.0,0.0,0.0,0.0,0.0,0.0,0.0,0.0,0.0,0.0,0.0,0.0,0.0,0.0,0.0,0.0,0.0,0.0,0.0,0.0,0.0,0.0,0.0,0.0,0.0,0.0,0.0,0.0,0.0,0.0,0.0,0.0,other,11.0
0.0,0.0,0.5,0.083333,1.025,0.416667,1.5,0.583333,1.925,0.604167,0.85,1.0,1.025,1.4375,1.1,1.729167,1.125,1.979167,0.55,1.0625,0.675,1.208333,0.625,0.875,0.525,0.666667,0.2,1.0625,0.325,1.145833,0.3,0.854167,0.25,0.666667,-0.15,1.020833,0.0,1.083333,0.0,0.854167,0.0,0.729167,0.0,0.0,0.0,0.0,0.0,0.0,0.0,0.0,0.0,0.0,0.0,0.0,0.0,0.0,0.0,0.0,0.0,0.0,0.0,0.0,0.0,0.0,0.0,0.0,0.0,0.0,0.0,0.0,0.0,0.0,0.0,0.0,0.0,0.0,0.0,0.0,0.0,0.0,0.0,0.0,0.0,0.0,0.0,0.0,other,11.0
0.0,0.0,0.454545,0.041667,0.977273,0.375,1.386364,0.583333,1.727273,0.583333,0.840909,1.0,0.977273,1.479167,1.045455,1.791667,1.090909,2.041667,0.545455,1.041667,0.681818,1.270833,0.681818,0.875,0.613636,0.5625,0.204545,1.0625,0.340909,1.25,0.340909,0.833333,0.295455,0.541667,-0.159091,1.041667,0.022727,1.229167,0.068182,0.895833,0.045455,0.645833,0.0,0.0,0.0,0.0,0.0,0.0,0.0,0.0,0.0,0.0,0.0,0.0,0.0,0.0,0.0,0.0,0.0,0.0,0.0,0.0,0.0,0.0,0.0,0.0,0.0,0.0,0.0,0.0,0.0,0.0,0.0,0.0,0.0,0.0,0.0,0.0,0.0,0.0,0.0,0.0,0.0,0.0,0.0,0.0,other,11.0
0.0,0.0,0.465116,0.078431,0.953488,0.372549,1.325581,0.54902,1.651163,0.607843,0.813953,1.0,0.953488,1.45098,0.976744,1.764706,1.0,2.019608,0.511628,1.058824,0.55814,1.196078,0.488372,0.862745,0.44186,0.627451,0.162791,1.058824,0.209302,1.137255,0.209302,0.823529,0.186047,0.607843,-0.186047,1.019608,-0.116279,1.078431,-0.069767,0.823529,-0.069767,0.647059,0.0,0.0,0.0,0.0,0.0,0.0,0.0,0.0,0.0,0.0,0.0,0.0,0.0,0.0,0.0,0.0,0.0,0.0,0.0,0.0,0.0,0.0,0.0,0.0,0.0,0.0,0.0,0.0,0.0,0.0,0.0,0.0,0.0,0.0,0.0,0.0,0.0,0.0,0.0,0.0,0.0,0.0,0.0,0.0,other,11.0
0.0,0.0,0.511628,0.065217,1.069767,0.347826,1.534884,0.5,1.883721,0.521739,0.883721,1.0,1.046512,1.478261,1.116279,1.804348,1.186047,2.086957,0.55814,1.065217,0.651163,1.391304,0.55814,0.956522,0.534884,0.630435,0.232558,1.086957,0.27907,1.282609,0.255814,0.826087,0.232558,0.543478,-0.116279,1.065217,-0.023256,1.282609,0.0,0.934783,0.0,0.717391,0.0,0.0,0.0,0.0,0.0,0.0,0.0,0.0,0.0,0.0,0.0,0.0,0.0,0.0,0.0,0.0,0.0,0.0,0.0,0.0,0.0,0.0,0.0,0.0,0.0,0.0,0.0,0.0,0.0,0.0,0.0,0.0,0.0,0.0,0.0,0.0,0.0,0.0,0.0,0.0,0.0,0.0,0.0,0.0,other,11.0
0.0,0.0,0.534884,0.043478,1.093023,0.326087,1.534884,0.521739,1.883721,0.543478,0.906977,1.0,1.069767,1.5,1.139535,1.847826,1.186047,2.108696,0.581395,1.043478,0.627907,1.391304,0.55814,0.978261,0.534884,0.630435,0.255814,1.065217,0.27907,1.282609,0.255814,0.847826,0.232558,0.543478,-0.093023,1.043478,-0.046512,1.26087,0.0,0.956522,0.023256,0.717391,0.0,0.0,0.0,0.0,0.0,0.0,0.0,0.0,0.0,0.0,0.0,0.0,0.0,0.0,0.0,0.0,0.0,0.0,0.0,0.0,0.0,0.0,0.0,0.0,0.0,0.0,0.0,0.0,0.0,0.0,0.0,0.0,0.0,0.0,0.0,0.0,0.0,0.0,0.0,0.0,0.0,0.0,0.0,0.0,other,11.0
0.0,0.0,-0.477273,0.172414,-0.931818,0.448276,-1.318182,0.603448,-1.681818,0.586207,-0.613636,1.0,-0.727273,1.431034,-0.772727,1.724138,-0.772727,1.965517,-0.295455,1.017241,-0.318182,1.448276,-0.386364,1.689655,-0.431818,1.87931,0.045455,0.948276,0.0,1.189655,-0.136364,0.948276,-0.227273,0.724138,0.386364,0.827586,0.363636,1.068966,0.25,0.913793,0.136364,0.741379,0.0,0.0,0.0,0.0,0.0,0.0,0.0,0.0,0.0,0.0,0.0,0.0,0.0,0.0,0.0,0.0,0.0,0.0,0.0,0.0,0.0,0.0,0.0,0.0,0.0,0.0,0.0,0.0,0.0,0.0,0.0,0.0,0.0,0.0,0.0,0.0,0.0,0.0,0.0,0.0,0.0,0.0,0.0,0.0,other,11.0
0.0,0.0,-0.45,0.183333,-0.925,0.5,-1.3,0.7,-1.675,0.716667,-0.45,1.0,-0.45,1.416667,-0.45,1.7,-0.4,1.916667,-0.125,0.966667,-0.15,1.3,-0.3,1.0,-0.375,0.75,0.225,0.866667,0.225,1.133333,0.05,0.85,-0.05,0.633333,0.55,0.716667,0.55,0.933333,0.35,0.75,0.225,0.566667,0.0,0.0,0.0,0.0,0.0,0.0,0.0,0.0,0.0,0.0,0.0,0.0,0.0,0.0,0.0,0.0,0.0,0.0,0.0,0.0,0.0,0.0,0.0,0.0,0.0,0.0,0.0,0.0,0.0,0.0,0.0,0.0,0.0,0.0,0.0,0.0,0.0,0.0,0.0,0.0,0.0,0.0,0.0,0.0,other,11.0
0.0,0.0,-0.430769,0.355556,-0.784615,0.955556,-0.938462,1.555556,-0.953846,2.022222,-0.861538,1.0,-1.076923,1.8,-1.107692,2.4,-1.092308,2.888889,-0.584615,0.977778,-0.738462,1.866667,-0.769231,2.466667,-0.8,2.977778,-0.230769,0.933333,-0.353846,1.8,-0.4,2.355556,-0.430769,2.777778,0.138462,0.888889,0.061538,1.577778,0.015385,2.022222,-0.015385,2.377778,0.0,0.0,0.0,0.0,0.0,0.0,0.0,0.0,0.0,0.0,0.0,0.0,0.0,0.0,0.0,0.0,0.0,0.0,0.0,0.0,0.0,0.0,0.0,0.0,0.0,0.0,0.0,0.0,0.0,0.0,0.0,0.0,0.0,0.0,0.0,0.0,0.0,0.0,0.0,0.0,0.0,0.0,0.0,0.0,other,12.0
0.0,0.0,-0.458333,0.182927,-0.722222,0.560976,-0.638889,0.865854,-0.416667,1.060976,-0.652778,1.0,-0.819444,1.365854,-0.819444,1.170732,-0.777778,0.902439,-0.347222,1.036585,-0.513889,1.45122,-0.555556,1.195122,-0.541667,0.878049,-0.013889,0.987805,-0.152778,1.378049,-0.222222,1.036585,-0.25,0.695122,0.347222,0.878049,0.180556,1.036585,0.069444,0.756098,0.013889,0.487805,0.0,0.0,0.0,0.0,0.0,0.0,0.0,0.0,0.0,0.0,0.0,0.0,0.0,0.0,0.0,0.0,0.0,0.0,0.0,0.0,0.0,0.0,0.0,0.0,0.0,0.0,0.0,0.0,0.0,0.0,0.0,0.0,0.0,0.0,0.0,0.0,0.0,0.0,0.0,0.0,0.0,0.0,0.0,0.0,other,12.0
0.0,0.0,-0.441558,0.192771,-0.701299,0.578313,-0.61039,0.891566,-0.415584,1.096386,-0.688312,1.0,-0.909091,1.337349,-0.805195,1.096386,-0.688312,0.831325,-0.38961,1.048193,-0.584416,1.457831,-0.532468,1.156627,-0.441558,0.831325,-0.038961,1.024096,-0.207792,1.385542,-0.181818,1.0,-0.142857,0.662651,0.311688,0.915663,0.12987,1.084337,0.077922,0.771084,0.077922,0.518072,0.0,0.0,0.0,0.0,0.0,0.0,0.0,0.0,0.0,0.0,0.0,0.0,0.0,0.0,0.0,0.0,0.0,0.0,0.0,0.0,0.0,0.0,0.0,0.0,0.0,0.0,0.0,0.0,0.0,0.0,0.0,0.0,0.0,0.0,0.0,0.0,0.0,0.0,0.0,0.0,0.0,0.0,0.0,0.0,other,12.0
0.0,0.0,-0.454545,0.207317,-0.727273,0.597561,-0.662338,0.890244,-0.493506,1.085366,-0.714286,1.0,-0.948052,1.365854,-0.87013,1.158537,-0.753247,0.878049,-0.415584,1.060976,-0.636364,1.487805,-0.584416,1.195122,-0.506494,0.865854,-0.077922,1.036585,-0.246753,1.426829,-0.233766,1.04878,-0.194805,0.707317,0.285714,0.95122,0.116883,1.134146,0.064935,0.853659,0.064935,0.609756,0.0,0.0,0.0,0.0,0.0,0.0,0.0,0.0,0.0,0.0,0.0,0.0,0.0,0.0,0.0,0.0,0.0,0.0,0.0,0.0,0.0,0.0,0.0,0.0,0.0,0.0,0.0,0.0,0.0,0.0,0.0,0.0,0.0,0.0,0.0,0.0,0.0,0.0,0.0,0.0,0.0,0.0,0.0,0.0,other,12.0
0.0,0.0,-0.435897,0.202381,-0.717949,0.571429,-0.692308,0.880952,-0.551282,1.071429,-0.705128,1.0,-0.897436,1.357143,-0.820513,1.119048,-0.730769,0.845238,-0.397436,1.047619,-0.576923,1.452381,-0.538462,1.119048,-0.461538,0.797619,-0.064103,1.011905,-0.217949,1.392857,-0.192308,1.0,-0.166667,0.666667,0.294872,0.916667,0.141026,1.107143,0.076923,0.821429,0.076923,0.583333,0.0,0.0,0.0,0.0,0.0,0.0,0.0,0.0,0.0,0.0,0.0,0.0,0.0,0.0,0.0,0.0,0.0,0.0,0.0,0.0,0.0,0.0,0.0,0.0,0.0,0.0,0.0,0.0,0.0,0.0,0.0,0.0,0.0,0.0,0.0,0.0,0.0,0.0,0.0,0.0,0.0,0.0,0.0,0.0,other,12.0
0.0,0.0,-0.428571,0.197674,-0.701299,0.55814,-0.649351,0.848837,-0.467532,1.023256,-0.597403,1.0,-0.766234,1.360465,-0.727273,1.139535,-0.649351,0.872093,-0.285714,1.034884,-0.441558,1.453488,-0.428571,1.162791,-0.38961,0.837209,0.051948,0.988372,-0.090909,1.337209,-0.116883,0.976744,-0.103896,0.651163,0.402597,0.872093,0.207792,1.05814,0.116883,0.802326,0.103896,0.55814,0.0,0.0,0.0,0.0,0.0,0.0,0.0,0.0,0.0,0.0,0.0,0.0,0.0,0.0,0.0,0.0,0.0,0.0,0.0,0.0,0.0,0.0,0.0,0.0,0.0,0.0,0.0,0.0,0.0,0.0,0.0,0.0,0.0,0.0,0.0,0.0,0.0,0.0,0.0,0.0,0.0,0.0,0.0,0.0,other,12.0
0.0,0.0,-0.443038,0.192771,-0.708861,0.566265,-0.670886,0.855422,-0.468354,1.012048,-0.670886,1.0,-0.810127,1.385542,-0.734177,1.168675,-0.64557,0.891566,-0.367089,1.048193,-0.506329,1.493976,-0.455696,1.204819,-0.392405,0.891566,-0.025316,1.012048,-0.151899,1.421687,-0.139241,1.036145,-0.113924,0.698795,0.329114,0.915663,0.202532,1.120482,0.151899,0.831325,0.139241,0.578313,0.0,0.0,0.0,0.0,0.0,0.0,0.0,0.0,0.0,0.0,0.0,0.0,0.0,0.0,0.0,0.0,0.0,0.0,0.0,0.0,0.0,0.0,0.0,0.0,0.0,0.0,0.0,0.0,0.0,0.0,0.0,0.0,0.0,0.0,0.0,0.0,0.0,0.0,0.0,0.0,0.0,0.0,0.0,0.0,other,12.0
0.0,0.0,-0.37931,0.183206,-0.62931,0.496183,-0.681034,0.717557,-0.560345,0.862595,-0.543103,1.0,-0.681034,1.320611,-0.637931,1.122137,-0.577586,0.862595,-0.232759,1.015267,-0.327586,1.389313,-0.310345,1.068702,-0.275862,0.740458,0.112069,0.946565,0.043103,1.29771,0.017241,0.900763,0.0,0.580153,0.456897,0.801527,0.396552,0.992366,0.310345,0.748092,0.258621,0.526718,0.0,0.0,0.0,0.0,0.0,0.0,0.0,0.0,0.0,0.0,0.0,0.0,0.0,0.0,0.0,0.0,0.0,0.0,0.0,0.0,0.0,0.0,0.0,0.0,0.0,0.0,0.0,0.0,0.0,0.0,0.0,0.0,0.0,0.0,0.0,0.0,0.0,0.0,0.0,0.0,0.0,0.0,0.0,0.0,other,12.0
0.0,0.0,-0.386207,0.238095,-0.593103,0.642857,-0.503448,0.940476,-0.331034,1.130952,-0.537931,1.0,-0.613793,1.315476,-0.524138,1.083333,-0.455172,0.827381,-0.22069,1.02381,-0.296552,1.446429,-0.241379,1.107143,-0.193103,0.785714,0.117241,0.952381,0.075862,1.315476,0.068966,0.89881,0.041379,0.583333,0.462069,0.821429,0.413793,0.988095,0.317241,0.684524,0.255172,0.458333,0.0,0.0,0.0,0.0,0.0,0.0,0.0,0.0,0.0,0.0,0.0,0.0,0.0,0.0,0.0,0.0,0.0,0.0,0.0,0.0,0.0,0.0,0.0,0.0,0.0,0.0,0.0,0.0,0.0,0.0,0.0,0.0,0.0,0.0,0.0,0.0,0.0,0.0,0.0,0.0,0.0,0.0,0.0,0.0,other,12.0
0.0,0.0,-0.392857,0.216561,-0.642857,0.566879,-0.65,0.789809,-0.521429,0.961783,-0.628571,1.0,-0.757143,1.33758,-0.664286,1.127389,-0.564286,0.872611,-0.321429,1.031847,-0.457143,1.458599,-0.378571,1.146497,-0.314286,0.834395,0.021429,0.993631,-0.078571,1.394904,-0.057143,1.012739,-0.05,0.681529,0.371429,0.878981,0.242857,1.050955,0.164286,0.757962,0.114286,0.503185,0.0,0.0,0.0,0.0,0.0,0.0,0.0,0.0,0.0,0.0,0.0,0.0,0.0,0.0,0.0,0.0,0.0,0.0,0.0,0.0,0.0,0.0,0.0,0.0,0.0,0.0,0.0,0.0,0.0,0.0,0.0,0.0,0.0,0.0,0.0,0.0,0.0,0.0,0.0,0.0,0.0,0.0,0.0,0.0,other,12.0
0.0,0.0,-0.485149,0.237288,-0.70297,0.694915,-0.445545,1.0,-0.19802,1.186441,-0.673267,1.0,-0.841584,1.322034,-0.782178,1.09322,-0.693069,0.830508,-0.366337,1.059322,-0.554455,1.457627,-0.514851,1.186441,-0.445545,0.881356,-0.029703,1.033898,-0.148515,1.449153,-0.148515,1.127119,-0.168317,0.813559,0.326733,0.932203,0.178218,1.0,0.079208,0.70339,0.0,0.457627,0.0,0.0,0.0,0.0,0.0,0.0,0.0,0.0,0.0,0.0,0.0,0.0,0.0,0.0,0.0,0.0,0.0,0.0,0.0,0.0,0.0,0.0,0.0,0.0,0.0,0.0,0.0,0.0,0.0,0.0,0.0,0.0,0.0,0.0,0.0,0.0,0.0,0.0,0.0,0.0,0.0,0.0,0.0,0.0,other,12.0
0.0,0.0,-0.46988,0.237113,-0.710843,0.659794,-0.566265,0.958763,-0.325301,1.134021,-0.650602,1.0,-0.783133,1.402062,-0.73494,1.237113,-0.674699,0.969072,-0.349398,1.051546,-0.481928,1.494845,-0.457831,1.247423,-0.421687,0.927835,-0.012048,1.030928,-0.120482,1.443299,-0.156627,1.123711,-0.180723,0.804124,0.349398,0.927835,0.204819,1.020619,0.096386,0.773196,0.036145,0.556701,0.0,0.0,0.0,0.0,0.0,0.0,0.0,0.0,0.0,0.0,0.0,0.0,0.0,0.0,0.0,0.0,0.0,0.0,0.0,0.0,0.0,0.0,0.0,0.0,0.0,0.0,0.0,0.0,0.0,0.0,0.0,0.0,0.0,0.0,0.0,0.0,0.0,0.0,0.0,0.0,0.0,0.0,0.0,0.0,other,12.0
0.0,0.0,-0.487805,0.21875,-0.731707,0.65625,-0.560976,0.947917,-0.268293,1.104167,-0.658537,1.0,-0.817073,1.385417,-0.768293,1.177083,-0.695122,0.916667,-0.353659,1.041667,-0.47561,1.479167,-0.463415,1.197917,-0.426829,0.875,-0.012195,1.0,-0.134146,1.416667,-0.195122,1.083333,-0.207317,0.770833,0.341463,0.885417,0.207317,1.03125,0.073171,0.78125,0.0,0.541667,0.0,0.0,0.0,0.0,0.0,0.0,0.0,0.0,0.0,0.0,0.0,0.0,0.0,0.0,0.0,0.0,0.0,0.0,0.0,0.0,0.0,0.0,0.0,0.0,0.0,0.0,0.0,0.0,0.0,0.0,0.0,0.0,0.0,0.0,0.0,0.0,0.0,0.0,0.0,0.0,0.0,0.0,0.0,0.0,other,12.0
0.0,0.0,-0.45122,0.21875,-0.682927,0.625,-0.536585,0.885417,-0.280488,1.010417,-0.585366,1.0,-0.707317,1.364583,-0.670732,1.15625,-0.621951,0.895833,-0.268293,1.03125,-0.390244,1.458333,-0.402439,1.197917,-0.390244,0.885417,0.060976,0.979167,-0.036585,1.385417,-0.085366,1.03125,-0.109756,0.708333,0.414634,0.864583,0.268293,1.010417,0.158537,0.729167,0.109756,0.5,0.0,0.0,0.0,0.0,0.0,0.0,0.0,0.0,0.0,0.0,0.0,0.0,0.0,0.0,0.0,0.0,0.0,0.0,0.0,0.0,0.0,0.0,0.0,0.0,0.0,0.0,0.0,0.0,0.0,0.0,0.0,0.0,0.0,0.0,0.0,0.0,0.0,0.0,0.0,0.0,0.0,0.0,0.0,0.0,other,12.0
0.0,0.0,-0.4625,0.215054,-0.7,0.645161,-0.5375,0.978495,-0.3,1.182796,-0.6125,1.0,-0.725,1.397849,-0.675,1.204301,-0.6125,0.935484,-0.3,1.043011,-0.4,1.494624,-0.3875,1.236559,-0.3875,0.924731,0.0375,0.989247,-0.025,1.387097,-0.0625,1.021505,-0.1,0.698925,0.3875,0.860215,0.2875,1.043011,0.2,0.795699,0.15,0.580645,0.0,0.0,0.0,0.0,0.0,0.0,0.0,0.0,0.0,0.0,0.0,0.0,0.0,0.0,0.0,0.0,0.0,0.0,0.0,0.0,0.0,0.0,0.0,0.0,0.0,0.0,0.0,0.0,0.0,0.0,0.0,0.0,0.0,0.0,0.0,0.0,0.0,0.0,0.0,0.0,0.0,0.0,0.0,0.0,other,12.0
0.0,0.0,-0.432099,0.214286,-0.666667,0.581633,-0.617284,0.836735,-0.444444,0.979592,-0.530864,1.0,-0.654321,1.377551,-0.62963,1.183673,-0.580247,0.928571,-0.209877,1.010204,-0.320988,1.438776,-0.333333,1.173469,-0.333333,0.867347,0.123457,0.94898,0.024691,1.326531,-0.037037,1.0,-0.074074,0.673469,0.469136,0.806122,0.333333,0.989796,0.197531,0.744898,0.111111,0.5,0.0,0.0,0.0,0.0,0.0,0.0,0.0,0.0,0.0,0.0,0.0,0.0,0.0,0.0,0.0,0.0,0.0,0.0,0.0,0.0,0.0,0.0,0.0,0.0,0.0,0.0,0.0,0.0,0.0,0.0,0.0,0.0,0.0,0.0,0.0,0.0,0.0,0.0,0.0,0.0,0.0,0.0,0.0,0.0,other,12.0
0.0,0.0,-0.416667,0.24,-0.619048,0.6,-0.535714,0.84,-0.357143,0.96,-0.5,1.0,-0.607143,1.34,-0.607143,1.15,-0.571429,0.89,-0.154762,0.99,-0.202381,1.39,-0.238095,1.11,-0.238095,0.79,0.178571,0.88,0.166667,1.22,0.071429,0.89,0.02381,0.58,0.5,0.7,0.559524,0.82,0.464286,0.6,0.404762,0.4,0.0,0.0,0.0,0.0,0.0,0.0,0.0,0.0,0.0,0.0,0.0,0.0,0.0,0.0,0.0,0.0,0.0,0.0,0.0,0.0,0.0,0.0,0.0,0.0,0.0,0.0,0.0,0.0,0.0,0.0,0.0,0.0,0.0,0.0,0.0,0.0,0.0,0.0,0.0,0.0,0.0,0.0,0.0,0.0,other,12.0
0.0,0.0,-0.481013,0.235294,-0.696203,0.666667,-0.481013,0.921569,-0.202532,1.068627,-0.518987,1.0,-0.696203,1.313725,-0.734177,1.088235,-0.708861,0.823529,-0.21519,1.0,-0.367089,1.372549,-0.443038,1.088235,-0.417722,0.77451,0.126582,0.931373,0.012658,1.323529,-0.101266,0.980392,-0.113924,0.656863,0.481013,0.803922,0.316456,0.990196,0.177215,0.715686,0.126582,0.480392,0.0,0.0,0.0,0.0,0.0,0.0,0.0,0.0,0.0,0.0,0.0,0.0,0.0,0.0,0.0,0.0,0.0,0.0,0.0,0.0,0.0,0.0,0.0,0.0,0.0,0.0,0.0,0.0,0.0,0.0,0.0,0.0,0.0,0.0,0.0,0.0,0.0,0.0,0.0,0.0,0.0,0.0,0.0,0.0,other,12.0
0.0,0.0,-0.493671,0.24,-0.696203,0.66,-0.544304,0.94,-0.329114,1.12,-0.544304,1.0,-0.708861,1.33,-0.721519,1.11,-0.696203,0.84,-0.227848,1.01,-0.379747,1.39,-0.443038,1.1,-0.443038,0.77,0.113924,0.94,-0.025316,1.32,-0.113924,0.97,-0.139241,0.65,0.455696,0.81,0.278481,0.98,0.139241,0.73,0.113924,0.5,0.0,0.0,0.0,0.0,0.0,0.0,0.0,0.0,0.0,0.0,0.0,0.0,0.0,0.0,0.0,0.0,0.0,0.0,0.0,0.0,0.0,0.0,0.0,0.0,0.0,0.0,0.0,0.0,0.0,0.0,0.0,0.0,0.0,0.0,0.0,0.0,0.0,0.0,0.0,0.0,0.0,0.0,0.0,0.0,other,12.0
0.0,0.0,-0.45679,0.222222,-0.679012,0.636364,-0.54321,0.909091,-0.345679,1.080808,-0.555556,1.0,-0.728395,1.343434,-0.728395,1.121212,-0.666667,0.858586,-0.246914,1.020202,-0.407407,1.414141,-0.444444,1.131313,-0.432099,0.828283,0.098765,0.959596,-0.024691,1.343434,-0.111111,0.989899,-0.148148,0.666667,0.444444,0.838384,0.283951,1.0,0.148148,0.737374,0.074074,0.505051,0.0,0.0,0.0,0.0,0.0,0.0,0.0,0.0,0.0,0.0,0.0,0.0,0.0,0.0,0.0,0.0,0.0,0.0,0.0,0.0,0.0,0.0,0.0,0.0,0.0,0.0,0.0,0.0,0.0,0.0,0.0,0.0,0.0,0.0,0.0,0.0,0.0,0.0,0.0,0.0,0.0,0.0,0.0,0.0,other,12.0
0.0,0.0,-0.443038,0.193548,-0.721519,0.55914,-0.734177,0.784946,-0.607595,0.892473,-0.594937,1.0,-0.734177,1.387097,-0.772152,1.182796,-0.759494,0.913978,-0.278481,1.021505,-0.43038,1.473118,-0.493671,1.182796,-0.506329,0.860215,0.050633,0.978495,-0.063291,1.397849,-0.139241,1.053763,-0.177215,0.72043,0.405063,0.860215,0.265823,1.0,0.126582,0.72043,0.037975,0.462366,0.0,0.0,0.0,0.0,0.0,0.0,0.0,0.0,0.0,0.0,0.0,0.0,0.0,0.0,0.0,0.0,0.0,0.0,0.0,0.0,0.0,0.0,0.0,0.0,0.0,0.0,0.0,0.0,0.0,0.0,0.0,0.0,0.0,0.0,0.0,0.0,0.0,0.0,0.0,0.0,0.0,0.0,0.0,0.0,other,12.0
0.0,0.0,-0.539683,0.208791,-0.904762,0.538462,-0.873016,0.791209,-0.571429,0.868132,-0.492063,1.0,-0.587302,1.351648,-0.714286,1.164835,-0.746032,0.901099,-0.174603,0.978022,-0.31746,1.351648,-0.444444,1.10989,-0.47619,0.824176,0.15873,0.912088,0.031746,1.274725,-0.126984,1.0,-0.174603,0.714286,0.507937,0.769231,0.333333,0.978022,0.15873,0.736264,0.079365,0.494505,0.0,0.0,0.0,0.0,0.0,0.0,0.0,0.0,0.0,0.0,0.0,0.0,0.0,0.0,0.0,0.0,0.0,0.0,0.0,0.0,0.0,0.0,0.0,0.0,0.0,0.0,0.0,0.0,0.0,0.0,0.0,0.0,0.0,0.0,0.0,0.0,0.0,0.0,0.0,0.0,0.0,0.0,0.0,0.0,other,12.0
0.0,0.0,-0.487805,0.226804,-0.719512,0.639175,-0.536585,0.917526,-0.292683,1.072165,-0.621951,1.0,-0.792683,1.329897,-0.719512,1.134021,-0.621951,0.886598,-0.304878,1.051546,-0.47561,1.463918,-0.463415,1.216495,-0.402439,0.917526,0.036585,1.020619,-0.121951,1.412371,-0.146341,1.092784,-0.134146,0.783505,0.378049,0.907216,0.134146,1.010309,0.02439,0.742268,0.012195,0.525773,0.0,0.0,0.0,0.0,0.0,0.0,0.0,0.0,0.0,0.0,0.0,0.0,0.0,0.0,0.0,0.0,0.0,0.0,0.0,0.0,0.0,0.0,0.0,0.0,0.0,0.0,0.0,0.0,0.0,0.0,0.0,0.0,0.0,0.0,0.0,0.0,0.0,0.0,0.0,0.0,0.0,0.0,0.0,0.0,other,12.0
0.0,0.0,-0.549296,0.27619,-0.802817,0.685714,-0.830986,1.0,-0.830986,1.238095,-0.549296,1.0,-0.661972,1.266667,-0.732394,1.07619,-0.71831,0.87619,-0.239437,0.971429,-0.338028,1.266667,-0.408451,1.009524,-0.394366,0.780952,0.112676,0.904762,-0.056338,1.152381,-0.112676,0.847619,-0.098592,0.619048,0.450704,0.771429,0.225352,0.942857,0.140845,0.704762,0.183099,0.533333,0.0,0.0,0.0,0.0,0.0,0.0,0.0,0.0,0.0,0.0,0.0,0.0,0.0,0.0,0.0,0.0,0.0,0.0,0.0,0.0,0.0,0.0,0.0,0.0,0.0,0.0,0.0,0.0,0.0,0.0,0.0,0.0,0.0,0.0,0.0,0.0,0.0,0.0,0.0,0.0,0.0,0.0,0.0,0.0,other,12.0
0.0,0.0,-0.415584,0.222222,-0.636364,0.633333,-0.532468,0.911111,-0.311688,1.055556,-0.558442,1.0,-0.623377,1.388889,-0.584416,1.244444,-0.545455,0.966667,-0.246753,1.033333,-0.324675,1.444444,-0.285714,1.233333,-0.285714,0.922222,0.090909,0.977778,0.012987,1.4,-0.012987,1.122222,-0.051948,0.811111,0.441558,0.855556,0.324675,1.033333,0.194805,0.788889,0.103896,0.544444,0.0,0.0,0.0,0.0,0.0,0.0,0.0,0.0,0.0,0.0,0.0,0.0,0.0,0.0,0.0,0.0,0.0,0.0,0.0,0.0,0.0,0.0,0.0,0.0,0.0,0.0,0.0,0.0,0.0,0.0,0.0,0.0,0.0,0.0,0.0,0.0,0.0,0.0,0.0,0.0,0.0,0.0,0.0,0.0,other,12.0
0.0,0.0,-0.392405,0.228261,-0.556962,0.641304,-0.341772,0.934783,-0.050633,1.119565,-0.506329,1.0,-0.56962,1.336957,-0.506329,1.141304,-0.43038,0.869565,-0.189873,1.01087,-0.265823,1.423913,-0.253165,1.163043,-0.227848,0.869565,0.151899,0.956522,0.075949,1.358696,0.037975,1.043478,-0.012658,0.75,0.493671,0.815217,0.35443,0.978261,0.227848,0.706522,0.151899,0.467391,0.0,0.0,0.0,0.0,0.0,0.0,0.0,0.0,0.0,0.0,0.0,0.0,0.0,0.0,0.0,0.0,0.0,0.0,0.0,0.0,0.0,0.0,0.0,0.0,0.0,0.0,0.0,0.0,0.0,0.0,0.0,0.0,0.0,0.0,0.0,0.0,0.0,0.0,0.0,0.0,0.0,0.0,0.0,0.0,other,12.0
0.0,0.0,-0.441558,0.252747,-0.61039,0.703297,-0.324675,0.978022,0.012987,1.098901,-0.506494,1.0,-0.623377,1.351648,-0.597403,1.153846,-0.545455,0.879121,-0.194805,1.010989,-0.298701,1.428571,-0.298701,1.175824,-0.272727,0.857143,0.142857,0.945055,0.064935,1.351648,0.012987,1.032967,-0.012987,0.714286,0.493506,0.824176,0.324675,1.010989,0.207792,0.747253,0.142857,0.494505,0.0,0.0,0.0,0.0,0.0,0.0,0.0,0.0,0.0,0.0,0.0,0.0,0.0,0.0,0.0,0.0,0.0,0.0,0.0,0.0,0.0,0.0,0.0,0.0,0.0,0.0,0.0,0.0,0.0,0.0,0.0,0.0,0.0,0.0,0.0,0.0,0.0,0.0,0.0,0.0,0.0,0.0,0.0,0.0,other,12.0
0.0,0.0,-0.96875,0.612903,-2.3125,0.677419,-3.5625,0.322581,-4.375,-0.032258,-2.59375,1.0,-4.25,0.741935,-5.125,0.677419,-5.875,0.741935,-2.375,0.483871,-4.0,-0.612903,-4.78125,-1.290323,-5.40625,-1.709677,-2.0,-0.225806,-3.28125,-1.290323,-2.78125,-1.096774,-2.28125,-0.774194,-1.59375,-1.0,-2.59375,-1.774194,-2.15625,-1.548387,-1.6875,-1.258065,0.0,0.0,0.0,0.0,0.0,0.0,0.0,0.0,0.0,0.0,0.0,0.0,0.0,0.0,0.0,0.0,0.0,0.0,0.0,0.0,0.0,0.0,0.0,0.0,0.0,0.0,0.0,0.0,0.0,0.0,0.0,0.0,0.0,0.0,0.0,0.0,0.0,0.0,0.0,0.0,0.0,0.0,0.0,0.0,other,13.0
0.0,0.0,-1.085714,0.441176,-2.285714,0.529412,-3.371429,0.294118,-4.171429,0.235294,-2.571429,1.0,-4.0,0.794118,-4.8,0.794118,-5.457143,0.852941,-2.285714,0.617647,-3.742857,-0.411765,-4.514286,-1.088235,-5.114286,-1.529412,-1.914286,0.0,-3.114286,-1.058824,-2.657143,-1.088235,-2.2,-0.852941,-1.571429,-0.705882,-2.542857,-1.529412,-2.171429,-1.5,-1.8,-1.264706,0.0,0.0,0.0,0.0,0.0,0.0,0.0,0.0,0.0,0.0,0.0,0.0,0.0,0.0,0.0,0.0,0.0,0.0,0.0,0.0,0.0,0.0,0.0,0.0,0.0,0.0,0.0,0.0,0.0,0.0,0.0,0.0,0.0,0.0,0.0,0.0,0.0,0.0,0.0,0.0,0.0,0.0,0.0,0.0,other,13.0
0.0,0.0,-1.030303,0.472222,-2.30303,0.638889,-3.454545,0.388889,-4.272727,0.222222,-2.666667,1.0,-4.181818,0.777778,-5.0,0.777778,-5.69697,0.805556,-2.363636,0.638889,-3.878788,-0.361111,-4.69697,-0.972222,-5.30303,-1.388889,-2.0,0.083333,-3.242424,-0.916667,-2.787879,-0.888889,-2.30303,-0.694444,-1.666667,-0.555556,-2.636364,-1.305556,-2.272727,-1.222222,-1.909091,-1.027778,0.0,0.0,0.0,0.0,0.0,0.0,0.0,0.0,0.0,0.0,0.0,0.0,0.0,0.0,0.0,0.0,0.0,0.0,0.0,0.0,0.0,0.0,0.0,0.0,0.0,0.0,0.0,0.0,0.0,0.0,0.0,0.0,0.0,0.0,0.0,0.0,0.0,0.0,0.0,0.0,0.0,0.0,0.0,0.0,other,13.0
0.0,0.0,-1.125,0.612903,-2.46875,0.709677,-3.71875,0.419355,-4.5625,0.129032,-2.8125,1.0,-4.46875,0.806452,-5.34375,0.774194,-6.09375,0.83871,-2.5625,0.548387,-4.21875,-0.580645,-5.0625,-1.225806,-5.6875,-1.645161,-2.21875,-0.096774,-3.53125,-1.258065,-3.03125,-1.193548,-2.53125,-0.903226,-1.8125,-0.83871,-2.84375,-1.741935,-2.4375,-1.612903,-2.0,-1.354839,0.0,0.0,0.0,0.0,0.0,0.0,0.0,0.0,0.0,0.0,0.0,0.0,0.0,0.0,0.0,0.0,0.0,0.0,0.0,0.0,0.0,0.0,0.0,0.0,0.0,0.0,0.0,0.0,0.0,0.0,0.0,0.0,0.0,0.0,0.0,0.0,0.0,0.0,0.0,0.0,0.0,0.0,0.0,0.0,other,13.0
0.0,0.0,-1.028571,0.394737,-2.228571,0.526316,-3.314286,0.368421,-4.114286,0.236842,-2.542857,1.0,-3.971429,0.815789,-4.742857,0.789474,-5.4,0.842105,-2.257143,0.684211,-3.685714,-0.236842,-4.485714,-0.842105,-5.085714,-1.236842,-1.885714,0.131579,-3.028571,-0.868421,-2.571429,-0.842105,-2.142857,-0.657895,-1.542857,-0.5,-2.457143,-1.236842,-2.085714,-1.210526,-1.714286,-1.0,0.0,0.0,0.0,0.0,0.0,0.0,0.0,0.0,0.0,0.0,0.0,0.0,0.0,0.0,0.0,0.0,0.0,0.0,0.0,0.0,0.0,0.0,0.0,0.0,0.0,0.0,0.0,0.0,0.0,0.0,0.0,0.0,0.0,0.0,0.0,0.0,0.0,0.0,0.0,0.0,0.0,0.0,0.0,0.0,other,13.0
0.0,0.0,-1.266667,0.625,-2.733333,0.6875,-4.1,0.3125,-5.133333,0.09375,-3.1,1.0,-4.933333,0.75,-5.933333,0.71875,-6.733333,0.75,-2.833333,0.46875,-4.633333,-0.59375,-5.6,-1.21875,-6.366667,-1.65625,-2.5,-0.21875,-3.9,-1.34375,-3.4,-1.25,-2.9,-1.0,-2.1,-0.96875,-3.233333,-1.8125,-2.833333,-1.6875,-2.433333,-1.4375,0.0,0.0,0.0,0.0,0.0,0.0,0.0,0.0,0.0,0.0,0.0,0.0,0.0,0.0,0.0,0.0,0.0,0.0,0.0,0.0,0.0,0.0,0.0,0.0,0.0,0.0,0.0,0.0,0.0,0.0,0.0,0.0,0.0,0.0,0.0,0.0,0.0,0.0,0.0,0.0,0.0,0.0,0.0,0.0,other,13.0
0.0,0.0,-1.090909,0.27451,-2.272727,0.45098,-3.363636,0.392157,-4.204545,0.411765,-2.568182,1.0,-4.0,0.843137,-4.818182,0.803922,-5.5,0.823529,-2.25,0.705882,-3.772727,-0.176471,-4.590909,-0.745098,-5.181818,-1.176471,-1.886364,0.196078,-3.090909,-0.803922,-2.659091,-0.862745,-2.25,-0.72549,-1.568182,-0.431373,-2.568182,-1.156863,-2.204545,-1.196078,-1.840909,-1.058824,0.0,0.0,0.0,0.0,0.0,0.0,0.0,0.0,0.0,0.0,0.0,0.0,0.0,0.0,0.0,0.0,0.0,0.0,0.0,0.0,0.0,0.0,0.0,0.0,0.0,0.0,0.0,0.0,0.0,0.0,0.0,0.0,0.0,0.0,0.0,0.0,0.0,0.0,0.0,0.0,0.0,0.0,0.0,0.0,other,13.0
0.0,0.0,-1.186047,0.307692,-2.465116,0.476923,-3.674419,0.369231,-4.581395,0.307692,-2.813953,1.0,-4.488372,0.892308,-5.418605,0.876923,-6.209302,0.923077,-2.488372,0.769231,-4.325581,0.0,-5.232558,-0.507692,-5.906977,-0.861538,-2.139535,0.353846,-3.534884,-0.523077,-3.023256,-0.630769,-2.534884,-0.538462,-1.813953,-0.138462,-2.837209,-0.8,-2.44186,-0.892308,-2.046512,-0.815385,0.0,0.0,0.0,0.0,0.0,0.0,0.0,0.0,0.0,0.0,0.0,0.0,0.0,0.0,0.0,0.0,0.0,0.0,0.0,0.0,0.0,0.0,0.0,0.0,0.0,0.0,0.0,0.0,0.0,0.0,0.0,0.0,0.0,0.0,0.0,0.0,0.0,0.0,0.0,0.0,0.0,0.0,0.0,0.0,other,13.0
0.0,0.0,-1.102041,0.328358,-2.326531,0.492537,-3.44898,0.402985,-4.285714,0.343284,-2.653061,1.0,-4.204082,0.880597,-5.040816,0.865672,-5.755102,0.880597,-2.326531,0.761194,-4.040816,0.014925,-4.918367,-0.507463,-5.55102,-0.865672,-1.979592,0.298507,-3.265306,-0.567164,-2.836735,-0.686567,-2.387755,-0.58209,-1.653061,-0.223881,-2.653061,-0.910448,-2.306122,-0.970149,-1.918367,-0.865672,0.0,0.0,0.0,0.0,0.0,0.0,0.0,0.0,0.0,0.0,0.0,0.0,0.0,0.0,0.0,0.0,0.0,0.0,0.0,0.0,0.0,0.0,0.0,0.0,0.0,0.0,0.0,0.0,0.0,0.0,0.0,0.0,0.0,0.0,0.0,0.0,0.0,0.0,0.0,0.0,0.0,0.0,0.0,0.0,other,13.0
0.0,0.0,-1.14,0.390625,-2.38,0.5625,-3.52,0.40625,-4.34,0.265625,-2.8,1.0,-4.4,0.828125,-5.24,0.84375,-5.96,0.890625,-2.5,0.75,-4.24,-0.109375,-5.06,-0.6875,-5.64,-1.0625,-2.14,0.28125,-3.36,-0.703125,-2.92,-0.8125,-2.46,-0.6875,-1.8,-0.28125,-2.7,-1.015625,-2.34,-1.109375,-1.98,-0.984375,0.0,0.0,0.0,0.0,0.0,0.0,0.0,0.0,0.0,0.0,0.0,0.0,0.0,0.0,0.0,0.0,0.0,0.0,0.0,0.0,0.0,0.0,0.0,0.0,0.0,0.0,0.0,0.0,0.0,0.0,0.0,0.0,0.0,0.0,0.0,0.0,0.0,0.0,0.0,0.0,0.0,0.0,0.0,0.0,other,13.0
0.0,0.0,-1.1,0.366197,-2.26,0.56338,-3.34,0.450704,-4.14,0.352113,-2.68,1.0,-4.18,0.873239,-5.02,0.859155,-5.74,0.887324,-2.36,0.788732,-4.0,0.028169,-4.8,-0.450704,-5.36,-0.774648,-2.02,0.394366,-3.2,-0.492958,-2.74,-0.577465,-2.3,-0.43662,-1.68,-0.070423,-2.54,-0.774648,-2.16,-0.830986,-1.82,-0.676056,0.0,0.0,0.0,0.0,0.0,0.0,0.0,0.0,0.0,0.0,0.0,0.0,0.0,0.0,0.0,0.0,0.0,0.0,0.0,0.0,0.0,0.0,0.0,0.0,0.0,0.0,0.0,0.0,0.0,0.0,0.0,0.0,0.0,0.0,0.0,0.0,0.0,0.0,0.0,0.0,0.0,0.0,0.0,0.0,other,13.0
0.0,0.0,-1.232558,0.328125,-2.627907,0.515625,-3.883721,0.4375,-4.767442,0.375,-3.0,1.0,-4.72093,0.890625,-5.604651,0.921875,-6.395349,0.984375,-2.697674,0.78125,-4.581395,0.015625,-5.55814,-0.515625,-6.27907,-0.875,-2.325581,0.359375,-3.767442,-0.5625,-3.255814,-0.71875,-2.744186,-0.640625,-2.0,-0.140625,-3.069767,-0.859375,-2.651163,-0.96875,-2.255814,-0.84375,0.0,0.0,0.0,0.0,0.0,0.0,0.0,0.0,0.0,0.0,0.0,0.0,0.0,0.0,0.0,0.0,0.0,0.0,0.0,0.0,0.0,0.0,0.0,0.0,0.0,0.0,0.0,0.0,0.0,0.0,0.0,0.0,0.0,0.0,0.0,0.0,0.0,0.0,0.0,0.0,0.0,0.0,0.0,0.0,other,13.0
0.0,0.0,-1.204545,0.292308,-2.477273,0.461538,-3.659091,0.384615,-4.545455,0.369231,-2.886364,1.0,-4.545455,0.876923,-5.431818,0.892308,-6.204545,0.938462,-2.568182,0.8,-4.363636,0.015385,-5.25,-0.523077,-5.909091,-0.861538,-2.204545,0.4,-3.590909,-0.538462,-3.090909,-0.692308,-2.613636,-0.615385,-1.886364,-0.092308,-2.931818,-0.815385,-2.545455,-0.907692,-2.181818,-0.784615,0.0,0.0,0.0,0.0,0.0,0.0,0.0,0.0,0.0,0.0,0.0,0.0,0.0,0.0,0.0,0.0,0.0,0.0,0.0,0.0,0.0,0.0,0.0,0.0,0.0,0.0,0.0,0.0,0.0,0.0,0.0,0.0,0.0,0.0,0.0,0.0,0.0,0.0,0.0,0.0,0.0,0.0,0.0,0.0,other,13.0
0.0,0.0,-1.25,0.349206,-2.65,0.52381,-3.975,0.412698,-4.975,0.380952,-3.125,1.0,-4.925,0.904762,-5.925,0.888889,-6.775,0.936508,-2.8,0.746032,-4.8,0.0,-5.775,-0.539683,-6.5,-0.904762,-2.45,0.301587,-3.925,-0.571429,-3.4,-0.714286,-2.875,-0.619048,-2.125,-0.222222,-3.2,-0.888889,-2.8,-0.968254,-2.4,-0.84127,0.0,0.0,0.0,0.0,0.0,0.0,0.0,0.0,0.0,0.0,0.0,0.0,0.0,0.0,0.0,0.0,0.0,0.0,0.0,0.0,0.0,0.0,0.0,0.0,0.0,0.0,0.0,0.0,0.0,0.0,0.0,0.0,0.0,0.0,0.0,0.0,0.0,0.0,0.0,0.0,0.0,0.0,0.0,0.0,other,13.0
0.0,0.0,-1.869565,0.517857,-4.043478,0.714286,-6.130435,0.589286,-7.521739,0.464286,-4.73913,1.0,-7.565217,0.910714,-9.043478,0.892857,-10.217391,0.928571,-4.478261,0.696429,-7.521739,0.017857,-8.869565,-0.428571,-9.782609,-0.714286,-4.086957,0.25,-6.217391,-0.535714,-5.434783,-0.678571,-4.652174,-0.589286,-3.73913,-0.267857,-5.391304,-0.803571,-4.652174,-0.910714,-3.956522,-0.839286,0.0,0.0,0.0,0.0,0.0,0.0,0.0,0.0,0.0,0.0,0.0,0.0,0.0,0.0,0.0,0.0,0.0,0.0,0.0,0.0,0.0,0.0,0.0,0.0,0.0,0.0,0.0,0.0,0.0,0.0,0.0,0.0,0.0,0.0,0.0,0.0,0.0,0.0,0.0,0.0,0.0,0.0,0.0,0.0,other,13.0
0.0,0.0,-2.333333,0.605263,-5.333333,0.789474,-7.8,0.552632,-9.333333,0.263158,-6.2,1.0,-9.8,0.868421,-11.666667,0.842105,-13.133333,0.842105,-6.066667,0.552632,-9.733333,-0.157895,-11.466667,-0.578947,-12.733333,-0.868421,-5.733333,-0.026316,-8.4,-0.815789,-7.333333,-0.815789,-6.266667,-0.710526,-5.2,-0.657895,-7.266667,-1.184211,-6.4,-1.184211,-5.4,-1.078947,0.0,0.0,0.0,0.0,0.0,0.0,0.0,0.0,0.0,0.0,0.0,0.0,0.0,0.0,0.0,0.0,0.0,0.0,0.0,0.0,0.0,0.0,0.0,0.0,0.0,0.0,0.0,0.0,0.0,0.0,0.0,0.0,0.0,0.0,0.0,0.0,0.0,0.0,0.0,0.0,0.0,0.0,0.0,0.0,other,13.0
0.0,0.0,-2.916667,0.577778,-6.5,0.733333,-9.666667,0.555556,-11.916667,0.4,-7.416667,1.0,-11.75,0.911111,-14.083333,0.888889,-15.916667,0.866667,-7.333333,0.6,-11.75,0.0,-13.916667,-0.333333,-15.5,-0.555556,-7.0,0.111111,-10.083333,-0.577778,-8.75,-0.577778,-7.416667,-0.466667,-6.416667,-0.444444,-8.666667,-0.866667,-7.5,-0.866667,-6.5,-0.777778,0.0,0.0,0.0,0.0,0.0,0.0,0.0,0.0,0.0,0.0,0.0,0.0,0.0,0.0,0.0,0.0,0.0,0.0,0.0,0.0,0.0,0.0,0.0,0.0,0.0,0.0,0.0,0.0,0.0,0.0,0.0,0.0,0.0,0.0,0.0,0.0,0.0,0.0,0.0,0.0,0.0,0.0,0.0,0.0,other,13.0
0.0,0.0,-3.3,0.55814,-7.6,0.790698,-11.6,0.604651,-14.3,0.372093,-8.8,1.0,-14.3,0.906977,-17.0,0.883721,-19.3,0.906977,-8.8,0.627907,-14.2,0.046512,-16.8,-0.325581,-18.7,-0.55814,-8.4,0.162791,-12.4,-0.581395,-10.7,-0.627907,-9.2,-0.534884,-7.8,-0.395349,-10.9,-0.906977,-9.4,-0.953488,-8.0,-0.837209,0.0,0.0,0.0,0.0,0.0,0.0,0.0,0.0,0.0,0.0,0.0,0.0,0.0,0.0,0.0,0.0,0.0,0.0,0.0,0.0,0.0,0.0,0.0,0.0,0.0,0.0,0.0,0.0,0.0,0.0,0.0,0.0,0.0,0.0,0.0,0.0,0.0,0.0,0.0,0.0,0.0,0.0,0.0,0.0,other,13.0
0.0,0.0,-4.125,0.520833,-9.5,0.708333,-14.375,0.5625,-17.875,0.416667,-10.75,1.0,-17.375,0.916667,-21.0,0.875,-23.875,0.854167,-10.75,0.6875,-17.5,0.104167,-20.625,-0.229167,-23.25,-0.416667,-10.375,0.270833,-15.25,-0.4375,-13.0,-0.5,-11.0,-0.416667,-9.75,-0.208333,-13.25,-0.729167,-11.375,-0.791667,-9.75,-0.708333,0.0,0.0,0.0,0.0,0.0,0.0,0.0,0.0,0.0,0.0,0.0,0.0,0.0,0.0,0.0,0.0,0.0,0.0,0.0,0.0,0.0,0.0,0.0,0.0,0.0,0.0,0.0,0.0,0.0,0.0,0.0,0.0,0.0,0.0,0.0,0.0,0.0,0.0,0.0,0.0,0.0,0.0,0.0,0.0,other,13.0
0.0,0.0,-1.636364,0.666667,-3.636364,0.787879,-5.409091,0.363636,-6.636364,0.030303,-4.136364,1.0,-6.5,0.727273,-7.818182,0.666667,-8.863636,0.666667,-3.909091,0.454545,-6.227273,-0.515152,-7.409091,-1.0,-8.363636,-1.30303,-3.545455,-0.181818,-5.318182,-1.181818,-4.636364,-1.151515,-3.909091,-0.969697,-3.136364,-0.878788,-4.5,-1.575758,-3.954545,-1.515152,-3.318182,-1.363636,0.0,0.0,0.0,0.0,0.0,0.0,0.0,0.0,0.0,0.0,0.0,0.0,0.0,0.0,0.0,0.0,0.0,0.0,0.0,0.0,0.0,0.0,0.0,0.0,0.0,0.0,0.0,0.0,0.0,0.0,0.0,0.0,0.0,0.0,0.0,0.0,0.0,0.0,0.0,0.0,0.0,0.0,0.0,0.0,other,13.0
0.0,0.0,-1.375,0.538462,-3.125,0.769231,-4.75,0.564103,-5.833333,0.358974,-3.666667,1.0,-5.833333,0.871795,-6.958333,0.897436,-7.875,0.948718,-3.416667,0.564103,-5.583333,-0.153846,-6.708333,-0.564103,-7.541667,-0.794872,-3.083333,0.0,-4.791667,-0.74359,-4.166667,-0.769231,-3.5,-0.615385,-2.666667,-0.615385,-4.083333,-1.153846,-3.583333,-1.153846,-2.958333,-1.051282,0.0,0.0,0.0,0.0,0.0,0.0,0.0,0.0,0.0,0.0,0.0,0.0,0.0,0.0,0.0,0.0,0.0,0.0,0.0,0.0,0.0,0.0,0.0,0.0,0.0,0.0,0.0,0.0,0.0,0.0,0.0,0.0,0.0,0.0,0.0,0.0,0.0,0.0,0.0,0.0,0.0,0.0,0.0,0.0,other,13.0
0.0,0.0,-1.346154,0.5,-3.038462,0.7,-4.5,0.5,-5.461538,0.25,-3.5,1.0,-5.423077,0.825,-6.461538,0.825,-7.346154,0.875,-3.230769,0.575,-5.192308,-0.15,-6.230769,-0.575,-7.076923,-0.825,-2.846154,0.025,-4.538462,-0.775,-4.0,-0.825,-3.346154,-0.7,-2.5,-0.6,-3.846154,-1.175,-3.384615,-1.175,-2.807692,-1.05,0.0,0.0,0.0,0.0,0.0,0.0,0.0,0.0,0.0,0.0,0.0,0.0,0.0,0.0,0.0,0.0,0.0,0.0,0.0,0.0,0.0,0.0,0.0,0.0,0.0,0.0,0.0,0.0,0.0,0.0,0.0,0.0,0.0,0.0,0.0,0.0,0.0,0.0,0.0,0.0,0.0,0.0,0.0,0.0,other,13.0
0.0,0.0,-1.681818,0.5,-3.681818,0.65,-5.5,0.425,-6.818182,0.25,-4.090909,1.0,-6.545455,0.75,-7.772727,0.75,-8.818182,0.8,-3.818182,0.55,-6.181818,-0.2,-7.409091,-0.65,-8.318182,-0.925,-3.454545,-0.025,-5.409091,-0.825,-4.727273,-0.85,-4.0,-0.75,-3.090909,-0.65,-4.681818,-1.2,-4.136364,-1.2,-3.545455,-1.075,0.0,0.0,0.0,0.0,0.0,0.0,0.0,0.0,0.0,0.0,0.0,0.0,0.0,0.0,0.0,0.0,0.0,0.0,0.0,0.0,0.0,0.0,0.0,0.0,0.0,0.0,0.0,0.0,0.0,0.0,0.0,0.0,0.0,0.0,0.0,0.0,0.0,0.0,0.0,0.0,0.0,0.0,0.0,0.0,other,13.0
0.0,0.0,-1.565217,0.605263,-3.391304,0.842105,-4.956522,0.526316,-5.913043,0.131579,-4.043478,1.0,-6.26087,0.736842,-7.434783,0.710526,-8.434783,0.736842,-3.826087,0.526316,-6.043478,-0.236842,-7.173913,-0.631579,-8.043478,-0.868421,-3.478261,-0.052632,-5.173913,-0.894737,-4.565217,-0.894737,-3.869565,-0.763158,-3.043478,-0.684211,-4.391304,-1.289474,-3.869565,-1.289474,-3.304348,-1.157895,0.0,0.0,0.0,0.0,0.0,0.0,0.0,0.0,0.0,0.0,0.0,0.0,0.0,0.0,0.0,0.0,0.0,0.0,0.0,0.0,0.0,0.0,0.0,0.0,0.0,0.0,0.0,0.0,0.0,0.0,0.0,0.0,0.0,0.0,0.0,0.0,0.0,0.0,0.0,0.0,0.0,0.0,0.0,0.0,other,13.0
0.0,0.0,-1.458333,0.552632,-3.208333,0.736842,-4.791667,0.473684,-5.875,0.210526,-3.791667,1.0,-5.916667,0.789474,-7.041667,0.763158,-7.958333,0.815789,-3.541667,0.578947,-5.666667,-0.236842,-6.708333,-0.684211,-7.583333,-0.947368,-3.166667,0.026316,-4.833333,-0.842105,-4.166667,-0.868421,-3.5,-0.684211,-2.791667,-0.578947,-4.041667,-1.263158,-3.5,-1.236842,-2.916667,-1.078947,0.0,0.0,0.0,0.0,0.0,0.0,0.0,0.0,0.0,0.0,0.0,0.0,0.0,0.0,0.0,0.0,0.0,0.0,0.0,0.0,0.0,0.0,0.0,0.0,0.0,0.0,0.0,0.0,0.0,0.0,0.0,0.0,0.0,0.0,0.0,0.0,0.0,0.0,0.0,0.0,0.0,0.0,0.0,0.0,other,13.0
0.0,0.0,-1.714286,0.594595,-3.714286,0.783784,-5.52381,0.459459,-6.666667,0.162162,-4.428571,1.0,-6.904762,0.783784,-8.190476,0.72973,-9.285714,0.756757,-4.190476,0.594595,-6.619048,-0.243243,-7.952381,-0.675676,-8.952381,-0.945946,-3.809524,0.027027,-5.714286,-0.945946,-5.0,-1.0,-4.238095,-0.864865,-3.428571,-0.594595,-4.904762,-1.324324,-4.285714,-1.378378,-3.619048,-1.243243,0.0,0.0,0.0,0.0,0.0,0.0,0.0,0.0,0.0,0.0,0.0,0.0,0.0,0.0,0.0,0.0,0.0,0.0,0.0,0.0,0.0,0.0,0.0,0.0,0.0,0.0,0.0,0.0,0.0,0.0,0.0,0.0,0.0,0.0,0.0,0.0,0.0,0.0,0.0,0.0,0.0,0.0,0.0,0.0,other,13.0
0.0,0.0,-1.4,0.511628,-3.08,0.72093,-4.64,0.534884,-5.68,0.325581,-3.6,1.0,-5.64,0.790698,-6.76,0.744186,-7.64,0.744186,-3.32,0.651163,-5.4,-0.093023,-6.48,-0.488372,-7.32,-0.72093,-2.96,0.162791,-4.64,-0.674419,-4.04,-0.72093,-3.4,-0.581395,-2.6,-0.372093,-3.92,-1.046512,-3.44,-1.046512,-2.88,-0.883721,0.0,0.0,0.0,0.0,0.0,0.0,0.0,0.0,0.0,0.0,0.0,0.0,0.0,0.0,0.0,0.0,0.0,0.0,0.0,0.0,0.0,0.0,0.0,0.0,0.0,0.0,0.0,0.0,0.0,0.0,0.0,0.0,0.0,0.0,0.0,0.0,0.0,0.0,0.0,0.0,0.0,0.0,0.0,0.0,other,13.0
0.0,0.0,0.492754,-1.0,0.956522,-4.5,1.130435,-10.5,1.217391,-16.333333,1.434783,1.0,1.985507,-3.833333,2.246377,-8.666667,2.405797,-12.5,1.173913,1.0,1.695652,-7.166667,1.565217,-11.0,1.405797,-12.0,0.826087,-0.5,1.188406,-9.833333,1.101449,-12.666667,0.985507,-12.5,0.434783,-3.166667,0.753623,-10.666667,0.681159,-11.833333,0.608696,-10.5,0.0,0.0,0.0,0.0,0.0,0.0,0.0,0.0,0.0,0.0,0.0,0.0,0.0,0.0,0.0,0.0,0.0,0.0,0.0,0.0,0.0,0.0,0.0,0.0,0.0,0.0,0.0,0.0,0.0,0.0,0.0,0.0,0.0,0.0,0.0,0.0,0.0,0.0,0.0,0.0,0.0,0.0,0.0,0.0,other,14.0
0.0,0.0,0.641791,-0.444444,1.223881,-2.666667,1.477612,-7.333333,1.537313,-12.0,1.746269,1.0,2.373134,-2.555556,2.552239,-5.888889,2.626866,-8.555556,1.492537,0.888889,2.044776,-5.222222,1.746269,-7.222222,1.507463,-7.111111,1.134328,0.0,1.492537,-6.333333,1.208955,-6.888889,1.044776,-5.444444,0.746269,-1.333333,1.029851,-6.333333,0.850746,-6.444444,0.716418,-4.777778,0.0,0.0,0.0,0.0,0.0,0.0,0.0,0.0,0.0,0.0,0.0,0.0,0.0,0.0,0.0,0.0,0.0,0.0,0.0,0.0,0.0,0.0,0.0,0.0,0.0,0.0,0.0,0.0,0.0,0.0,0.0,0.0,0.0,0.0,0.0,0.0,0.0,0.0,0.0,0.0,0.0,0.0,0.0,0.0,other,14.0
0.0,0.0,0.641791,0.222222,1.268657,-1.111111,1.58209,-4.555556,1.701493,-8.111111,1.671642,1.0,2.223881,-2.888889,2.41791,-6.111111,2.522388,-8.666667,1.402985,0.888889,1.910448,-5.444444,1.61194,-7.333333,1.38806,-7.333333,1.044776,-0.111111,1.373134,-6.444444,1.104478,-6.888889,0.970149,-5.555556,0.671642,-1.444444,0.895522,-6.444444,0.731343,-6.444444,0.626866,-4.888889,0.0,0.0,0.0,0.0,0.0,0.0,0.0,0.0,0.0,0.0,0.0,0.0,0.0,0.0,0.0,0.0,0.0,0.0,0.0,0.0,0.0,0.0,0.0,0.0,0.0,0.0,0.0,0.0,0.0,0.0,0.0,0.0,0.0,0.0,0.0,0.0,0.0,0.0,0.0,0.0,0.0,0.0,0.0,0.0,other,14.0
0.0,0.0,0.646154,-0.090909,1.230769,-1.545455,1.476923,-4.818182,1.538462,-8.272727,1.676923,1.0,2.230769,-2.090909,2.446154,-4.727273,2.553846,-6.818182,1.415385,0.909091,1.907692,-4.181818,1.646154,-5.909091,1.446154,-6.090909,1.061538,0.181818,1.4,-4.909091,1.184615,-5.454545,1.046154,-4.363636,0.676923,-0.909091,0.938462,-4.818182,0.815385,-5.0,0.707692,-3.909091,0.0,0.0,0.0,0.0,0.0,0.0,0.0,0.0,0.0,0.0,0.0,0.0,0.0,0.0,0.0,0.0,0.0,0.0,0.0,0.0,0.0,0.0,0.0,0.0,0.0,0.0,0.0,0.0,0.0,0.0,0.0,0.0,0.0,0.0,0.0,0.0,0.0,0.0,0.0,0.0,0.0,0.0,0.0,0.0,other,14.0
0.0,0.0,0.647059,-0.142857,1.220588,-1.214286,1.470588,-4.071429,1.5,-6.857143,1.691176,1.0,2.25,-1.5,2.470588,-3.571429,2.588235,-5.142857,1.426471,0.928571,1.941176,-3.285714,1.647059,-4.5,1.441176,-4.357143,1.073529,0.285714,1.411765,-4.0,1.176471,-4.285714,1.014706,-3.285714,0.691176,-0.714286,0.941176,-4.0,0.794118,-4.214286,0.676471,-3.214286,0.0,0.0,0.0,0.0,0.0,0.0,0.0,0.0,0.0,0.0,0.0,0.0,0.0,0.0,0.0,0.0,0.0,0.0,0.0,0.0,0.0,0.0,0.0,0.0,0.0,0.0,0.0,0.0,0.0,0.0,0.0,0.0,0.0,0.0,0.0,0.0,0.0,0.0,0.0,0.0,0.0,0.0,0.0,0.0,other,14.0
0.0,0.0,0.617647,0.066667,1.191176,-0.866667,1.470588,-3.333333,1.573529,-5.8,1.647059,1.0,2.205882,-1.333333,2.411765,-3.266667,2.544118,-4.8,1.367647,0.933333,1.882353,-2.933333,1.617647,-3.933333,1.411765,-3.8,1.014706,0.333333,1.352941,-3.533333,1.117647,-3.666667,0.970588,-2.733333,0.647059,-0.466667,0.897059,-3.466667,0.75,-3.466667,0.632353,-2.533333,0.0,0.0,0.0,0.0,0.0,0.0,0.0,0.0,0.0,0.0,0.0,0.0,0.0,0.0,0.0,0.0,0.0,0.0,0.0,0.0,0.0,0.0,0.0,0.0,0.0,0.0,0.0,0.0,0.0,0.0,0.0,0.0,0.0,0.0,0.0,0.0,0.0,0.0,0.0,0.0,0.0,0.0,0.0,0.0,other,14.0
0.0,0.0,0.617647,-0.769231,1.176471,-2.230769,1.397059,-5.153846,1.426471,-7.923077,1.661765,1.0,2.25,-1.461538,2.455882,-3.692308,2.573529,-5.615385,1.382353,1.153846,1.911765,-3.230769,1.617647,-4.615385,1.411765,-4.615385,1.044118,0.615385,1.397059,-4.0,1.132353,-4.230769,0.985294,-3.076923,0.661765,-0.384615,0.926471,-3.923077,0.75,-3.923077,0.632353,-2.692308,0.0,0.0,0.0,0.0,0.0,0.0,0.0,0.0,0.0,0.0,0.0,0.0,0.0,0.0,0.0,0.0,0.0,0.0,0.0,0.0,0.0,0.0,0.0,0.0,0.0,0.0,0.0,0.0,0.0,0.0,0.0,0.0,0.0,0.0,0.0,0.0,0.0,0.0,0.0,0.0,0.0,0.0,0.0,0.0,other,14.0
0.0,0.0,0.64557,-1.0,1.177215,-2.615385,1.392405,-6.076923,1.443038,-9.615385,1.721519,1.0,2.316456,-1.923077,2.518987,-4.692308,2.620253,-6.846154,1.455696,1.384615,2.0,-4.0,1.683544,-5.846154,1.468354,-5.846154,1.101266,0.846154,1.455696,-4.769231,1.189873,-5.461538,1.025316,-4.384615,0.721519,-0.076923,0.974684,-4.538462,0.797468,-5.0,0.670886,-3.769231,0.0,0.0,0.0,0.0,0.0,0.0,0.0,0.0,0.0,0.0,0.0,0.0,0.0,0.0,0.0,0.0,0.0,0.0,0.0,0.0,0.0,0.0,0.0,0.0,0.0,0.0,0.0,0.0,0.0,0.0,0.0,0.0,0.0,0.0,0.0,0.0,0.0,0.0,0.0,0.0,0.0,0.0,0.0,0.0,other,14.0
0.0,0.0,0.701299,-0.9375,1.324675,-1.8125,1.675325,-3.625,1.896104,-5.5625,1.857143,1.0,2.454545,-1.0625,2.74026,-3.125,2.909091,-4.75,1.597403,1.3125,2.168831,-2.8125,1.831169,-4.4375,1.571429,-4.4375,1.246753,0.9375,1.61039,-3.5,1.285714,-4.0625,1.116883,-3.125,0.857143,0.1875,1.090909,-3.5,0.87013,-3.8125,0.74026,-2.75,0.0,0.0,0.0,0.0,0.0,0.0,0.0,0.0,0.0,0.0,0.0,0.0,0.0,0.0,0.0,0.0,0.0,0.0,0.0,0.0,0.0,0.0,0.0,0.0,0.0,0.0,0.0,0.0,0.0,0.0,0.0,0.0,0.0,0.0,0.0,0.0,0.0,0.0,0.0,0.0,0.0,0.0,0.0,0.0,other,14.0
0.0,0.0,0.735849,-0.75,1.264151,-1.3,1.528302,-2.3,1.660377,-3.4,1.886792,1.0,2.509434,0.15,2.792453,-0.8,2.962264,-1.65,1.603774,1.35,2.188679,-0.65,1.867925,-1.65,1.603774,-1.9,1.264151,1.25,1.641509,-1.05,1.283019,-1.55,1.056604,-1.25,0.886792,0.85,1.132075,-0.9,0.90566,-1.3,0.735849,-0.9,0.0,0.0,0.0,0.0,0.0,0.0,0.0,0.0,0.0,0.0,0.0,0.0,0.0,0.0,0.0,0.0,0.0,0.0,0.0,0.0,0.0,0.0,0.0,0.0,0.0,0.0,0.0,0.0,0.0,0.0,0.0,0.0,0.0,0.0,0.0,0.0,0.0,0.0,0.0,0.0,0.0,0.0,0.0,0.0,other,14.0
0.0,0.0,0.702128,-0.318182,1.234043,-0.545455,1.553191,-1.0,1.787234,-1.590909,1.617021,1.0,2.148936,0.318182,2.425532,-0.363636,2.617021,-0.954545,1.340426,1.181818,1.829787,-0.090909,1.617021,-0.954545,1.404255,-1.272727,0.978723,1.090909,1.276596,-0.5,1.021277,-0.954545,0.829787,-0.772727,0.617021,0.818182,0.829787,-0.5,0.680851,-0.772727,0.553191,-0.545455,0.0,0.0,0.0,0.0,0.0,0.0,0.0,0.0,0.0,0.0,0.0,0.0,0.0,0.0,0.0,0.0,0.0,0.0,0.0,0.0,0.0,0.0,0.0,0.0,0.0,0.0,0.0,0.0,0.0,0.0,0.0,0.0,0.0,0.0,0.0,0.0,0.0,0.0,0.0,0.0,0.0,0.0,0.0,0.0,other,14.0
0.0,0.0,0.583333,-0.833333,1.0625,-1.75,1.208333,-3.583333,1.229167,-5.25,1.5625,1.0,2.083333,-1.0,2.270833,-2.583333,2.395833,-3.916667,1.270833,1.25,1.729167,-1.916667,1.479167,-2.916667,1.291667,-2.916667,0.916667,0.916667,1.1875,-2.416667,0.958333,-2.5,0.833333,-1.666667,0.5625,0.416667,0.770833,-2.25,0.625,-2.166667,0.5625,-1.333333,0.0,0.0,0.0,0.0,0.0,0.0,0.0,0.0,0.0,0.0,0.0,0.0,0.0,0.0,0.0,0.0,0.0,0.0,0.0,0.0,0.0,0.0,0.0,0.0,0.0,0.0,0.0,0.0,0.0,0.0,0.0,0.0,0.0,0.0,0.0,0.0,0.0,0.0,0.0,0.0,0.0,0.0,0.0,0.0,other,14.0
0.0,0.0,0.538462,-3.2,0.980769,-5.8,1.134615,-10.2,1.192308,-14.2,1.615385,1.0,2.115385,-4.6,2.134615,-9.4,2.038462,-12.4,1.346154,1.8,1.75,-6.4,1.461538,-9.2,1.269231,-9.2,1.0,1.6,1.211538,-7.2,0.942308,-8.0,0.826923,-6.2,0.615385,0.6,0.788462,-6.4,0.615385,-7.0,0.538462,-5.2,0.0,0.0,0.0,0.0,0.0,0.0,0.0,0.0,0.0,0.0,0.0,0.0,0.0,0.0,0.0,0.0,0.0,0.0,0.0,0.0,0.0,0.0,0.0,0.0,0.0,0.0,0.0,0.0,0.0,0.0,0.0,0.0,0.0,0.0,0.0,0.0,0.0,0.0,0.0,0.0,0.0,0.0,0.0,0.0,other,14.0
0.0,0.0,0.592593,-1.6,1.0,-2.8,1.12963,-5.0,1.111111,-6.8,1.555556,1.0,2.0,-1.7,2.0,-4.0,1.907407,-5.5,1.277778,1.5,1.666667,-2.2,1.37037,-3.7,1.185185,-3.8,0.907407,1.4,1.148148,-2.6,0.888889,-3.2,0.759259,-2.3,0.555556,0.8,0.722222,-2.2,0.574074,-2.6,0.5,-1.8,0.0,0.0,0.0,0.0,0.0,0.0,0.0,0.0,0.0,0.0,0.0,0.0,0.0,0.0,0.0,0.0,0.0,0.0,0.0,0.0,0.0,0.0,0.0,0.0,0.0,0.0,0.0,0.0,0.0,0.0,0.0,0.0,0.0,0.0,0.0,0.0,0.0,0.0,0.0,0.0,0.0,0.0,0.0,0.0,other,14.0
0.0,0.0,0.543478,-0.75,1.0,-1.5,1.173913,-2.916667,1.173913,-4.416667,1.5,1.0,2.0,-0.75,2.021739,-2.416667,1.913043,-3.5,1.23913,1.416667,1.652174,-1.166667,1.391304,-2.416667,1.173913,-2.416667,0.891304,1.333333,1.173913,-1.416667,0.913043,-2.166667,0.76087,-1.666667,0.5,1.0,0.73913,-1.166667,0.586957,-1.75,0.478261,-1.25,0.0,0.0,0.0,0.0,0.0,0.0,0.0,0.0,0.0,0.0,0.0,0.0,0.0,0.0,0.0,0.0,0.0,0.0,0.0,0.0,0.0,0.0,0.0,0.0,0.0,0.0,0.0,0.0,0.0,0.0,0.0,0.0,0.0,0.0,0.0,0.0,0.0,0.0,0.0,0.0,0.0,0.0,0.0,0.0,other,14.0
0.0,0.0,0.531915,-1.2,1.021277,-2.1,1.212766,-3.8,1.276596,-5.6,1.574468,1.0,2.085106,-0.9,2.148936,-2.8,2.042553,-4.2,1.319149,1.6,1.787234,-1.4,1.510638,-2.9,1.276596,-3.1,0.957447,1.6,1.255319,-1.8,0.978723,-2.7,0.808511,-2.2,0.574468,1.1,0.787234,-1.6,0.638298,-2.3,0.510638,-1.6,0.0,0.0,0.0,0.0,0.0,0.0,0.0,0.0,0.0,0.0,0.0,0.0,0.0,0.0,0.0,0.0,0.0,0.0,0.0,0.0,0.0,0.0,0.0,0.0,0.0,0.0,0.0,0.0,0.0,0.0,0.0,0.0,0.0,0.0,0.0,0.0,0.0,0.0,0.0,0.0,0.0,0.0,0.0,0.0,other,14.0
0.0,0.0,0.566038,-3.2,0.981132,-6.0,1.09434,-10.2,1.075472,-13.4,1.509434,1.0,1.943396,-5.0,1.90566,-9.6,1.792453,-12.4,1.226415,2.0,1.584906,-6.0,1.283019,-8.8,1.075472,-8.6,0.867925,2.0,1.037736,-6.2,0.792453,-7.4,0.679245,-5.6,0.509434,1.0,0.641509,-5.4,0.509434,-6.2,0.433962,-4.6,0.0,0.0,0.0,0.0,0.0,0.0,0.0,0.0,0.0,0.0,0.0,0.0,0.0,0.0,0.0,0.0,0.0,0.0,0.0,0.0,0.0,0.0,0.0,0.0,0.0,0.0,0.0,0.0,0.0,0.0,0.0,0.0,0.0,0.0,0.0,0.0,0.0,0.0,0.0,0.0,0.0,0.0,0.0,0.0,other,14.0
0.0,0.0,0.555556,-1.625,0.962963,-3.25,1.092593,-6.25,1.074074,-9.125,1.518519,1.0,1.925926,-2.75,1.925926,-5.75,1.814815,-7.75,1.240741,1.625,1.611111,-3.375,1.333333,-5.5,1.12963,-5.75,0.87037,1.5,1.092593,-3.875,0.833333,-4.75,0.722222,-3.625,0.518519,0.875,0.685185,-3.375,0.555556,-4.0,0.481481,-2.75,0.0,0.0,0.0,0.0,0.0,0.0,0.0,0.0,0.0,0.0,0.0,0.0,0.0,0.0,0.0,0.0,0.0,0.0,0.0,0.0,0.0,0.0,0.0,0.0,0.0,0.0,0.0,0.0,0.0,0.0,0.0,0.0,0.0,0.0,0.0,0.0,0.0,0.0,0.0,0.0,0.0,0.0,0.0,0.0,other,14.0
0.0,0.0,0.574074,-2.0,1.0,-4.0,1.111111,-7.428571,1.055556,-10.428571,1.537037,1.0,1.962963,-3.285714,1.944444,-6.571429,1.851852,-8.857143,1.259259,1.571429,1.611111,-4.285714,1.351852,-6.428571,1.148148,-6.714286,0.888889,1.285714,1.092593,-4.857143,0.851852,-5.571429,0.740741,-4.285714,0.537037,0.571429,0.685185,-4.285714,0.574074,-4.714286,0.5,-3.285714,0.0,0.0,0.0,0.0,0.0,0.0,0.0,0.0,0.0,0.0,0.0,0.0,0.0,0.0,0.0,0.0,0.0,0.0,0.0,0.0,0.0,0.0,0.0,0.0,0.0,0.0,0.0,0.0,0.0,0.0,0.0,0.0,0.0,0.0,0.0,0.0,0.0,0.0,0.0,0.0,0.0,0.0,0.0,0.0,other,14.0
0.0,0.0,0.555556,-2.8,1.0,-5.6,1.111111,-10.4,1.092593,-15.0,1.537037,1.0,2.0,-4.6,2.018519,-9.6,1.962963,-13.2,1.259259,2.2,1.62963,-6.0,1.351852,-8.8,1.166667,-9.0,0.907407,2.0,1.111111,-6.8,0.851852,-7.6,0.740741,-5.8,0.537037,1.2,0.703704,-5.8,0.574074,-6.2,0.518519,-4.4,0.0,0.0,0.0,0.0,0.0,0.0,0.0,0.0,0.0,0.0,0.0,0.0,0.0,0.0,0.0,0.0,0.0,0.0,0.0,0.0,0.0,0.0,0.0,0.0,0.0,0.0,0.0,0.0,0.0,0.0,0.0,0.0,0.0,0.0,0.0,0.0,0.0,0.0,0.0,0.0,0.0,0.0,0.0,0.0,other,14.0
0.0,0.0,0.574074,-2.166667,1.0,-4.333333,1.12963,-8.333333,1.092593,-12.0,1.537037,1.0,1.962963,-3.833333,2.0,-7.833333,1.944444,-10.666667,1.259259,1.833333,1.62963,-4.833333,1.333333,-7.5,1.148148,-7.833333,0.907407,1.666667,1.111111,-5.5,0.87037,-6.333333,0.759259,-4.833333,0.537037,0.833333,0.703704,-4.833333,0.574074,-5.5,0.518519,-3.833333,0.0,0.0,0.0,0.0,0.0,0.0,0.0,0.0,0.0,0.0,0.0,0.0,0.0,0.0,0.0,0.0,0.0,0.0,0.0,0.0,0.0,0.0,0.0,0.0,0.0,0.0,0.0,0.0,0.0,0.0,0.0,0.0,0.0,0.0,0.0,0.0,0.0,0.0,0.0,0.0,0.0,0.0,0.0,0.0,other,14.0
0.0,0.0,0.563636,-2.5,0.981818,-4.666667,1.127273,-8.666667,1.127273,-12.5,1.527273,1.0,1.963636,-4.0,1.981818,-8.0,1.909091,-10.666667,1.254545,2.0,1.618182,-4.666667,1.345455,-7.5,1.163636,-8.333333,0.890909,1.833333,1.109091,-5.333333,0.854545,-6.333333,0.727273,-5.166667,0.527273,1.0,0.690909,-4.5,0.563636,-5.333333,0.490909,-3.833333,0.0,0.0,0.0,0.0,0.0,0.0,0.0,0.0,0.0,0.0,0.0,0.0,0.0,0.0,0.0,0.0,0.0,0.0,0.0,0.0,0.0,0.0,0.0,0.0,0.0,0.0,0.0,0.0,0.0,0.0,0.0,0.0,0.0,0.0,0.0,0.0,0.0,0.0,0.0,0.0,0.0,0.0,0.0,0.0,other,14.0
0.0,0.0,0.54386,-1.444444,0.947368,-2.888889,1.070175,-5.555556,1.017544,-7.777778,1.438596,1.0,1.824561,-2.222222,1.842105,-4.666667,1.77193,-6.444444,1.157895,1.555556,1.508772,-3.0,1.263158,-4.555556,1.070175,-4.555556,0.807018,1.333333,1.017544,-3.333333,0.807018,-3.888889,0.701754,-2.888889,0.438596,0.777778,0.631579,-2.888889,0.526316,-3.222222,0.45614,-2.222222,0.0,0.0,0.0,0.0,0.0,0.0,0.0,0.0,0.0,0.0,0.0,0.0,0.0,0.0,0.0,0.0,0.0,0.0,0.0,0.0,0.0,0.0,0.0,0.0,0.0,0.0,0.0,0.0,0.0,0.0,0.0,0.0,0.0,0.0,0.0,0.0,0.0,0.0,0.0,0.0,0.0,0.0,0.0,0.0,other,14.0
0.0,0.0,0.553571,-1.857143,0.946429,-3.857143,1.053571,-7.428571,1.035714,-10.714286,1.446429,1.0,1.875,-3.285714,1.910714,-6.857143,1.839286,-9.285714,1.160714,1.714286,1.535714,-4.285714,1.267857,-6.571429,1.071429,-6.714286,0.803571,1.428571,1.035714,-4.714286,0.785714,-5.571429,0.678571,-4.142857,0.446429,0.714286,0.625,-4.142857,0.517857,-4.714286,0.464286,-3.428571,0.0,0.0,0.0,0.0,0.0,0.0,0.0,0.0,0.0,0.0,0.0,0.0,0.0,0.0,0.0,0.0,0.0,0.0,0.0,0.0,0.0,0.0,0.0,0.0,0.0,0.0,0.0,0.0,0.0,0.0,0.0,0.0,0.0,0.0,0.0,0.0,0.0,0.0,0.0,0.0,0.0,0.0,0.0,0.0,other,14.0
0.0,0.0,0.574074,-1.714286,1.0,-3.571429,1.12963,-7.142857,1.111111,-10.428571,1.5,1.0,1.925926,-3.0,1.962963,-6.428571,1.888889,-8.857143,1.222222,1.714286,1.592593,-4.0,1.333333,-6.142857,1.148148,-6.142857,0.87037,1.571429,1.074074,-4.571429,0.833333,-5.285714,0.722222,-3.857143,0.5,0.714286,0.685185,-4.0,0.555556,-4.571429,0.5,-3.142857,0.0,0.0,0.0,0.0,0.0,0.0,0.0,0.0,0.0,0.0,0.0,0.0,0.0,0.0,0.0,0.0,0.0,0.0,0.0,0.0,0.0,0.0,0.0,0.0,0.0,0.0,0.0,0.0,0.0,0.0,0.0,0.0,0.0,0.0,0.0,0.0,0.0,0.0,0.0,0.0,0.0,0.0,0.0,0.0,other,14.0
0.0,0.0,0.561404,-1.375,0.964912,-3.125,1.087719,-6.375,1.052632,-9.25,1.421053,1.0,1.824561,-2.75,1.859649,-5.75,1.807018,-7.875,1.122807,1.5,1.491228,-3.625,1.263158,-5.875,1.070175,-6.125,0.77193,1.25,0.964912,-4.125,0.77193,-4.875,0.649123,-3.75,0.421053,0.625,0.596491,-3.75,0.491228,-4.125,0.421053,-3.0,0.0,0.0,0.0,0.0,0.0,0.0,0.0,0.0,0.0,0.0,0.0,0.0,0.0,0.0,0.0,0.0,0.0,0.0,0.0,0.0,0.0,0.0,0.0,0.0,0.0,0.0,0.0,0.0,0.0,0.0,0.0,0.0,0.0,0.0,0.0,0.0,0.0,0.0,0.0,0.0,0.0,0.0,0.0,0.0,other,14.0
0.0,0.0,0.535714,-2.333333,0.964286,-4.666667,1.071429,-8.833333,1.053571,-12.833333,1.464286,1.0,1.892857,-3.833333,1.910714,-8.0,1.857143,-10.833333,1.178571,1.833333,1.517857,-5.166667,1.232143,-8.166667,1.035714,-8.833333,0.821429,1.666667,1.0,-5.666667,0.767857,-6.833333,0.642857,-5.5,0.464286,0.666667,0.625,-5.0,0.5,-5.833333,0.446429,-4.333333,0.0,0.0,0.0,0.0,0.0,0.0,0.0,0.0,0.0,0.0,0.0,0.0,0.0,0.0,0.0,0.0,0.0,0.0,0.0,0.0,0.0,0.0,0.0,0.0,0.0,0.0,0.0,0.0,0.0,0.0,0.0,0.0,0.0,0.0,0.0,0.0,0.0,0.0,0.0,0.0,0.0,0.0,0.0,0.0,other,14.0
0.0,0.0,-0.408451,0.094118,-0.690141,0.329412,-0.661972,0.588235,-0.309859,0.729412,-0.478873,1.0,-0.464789,1.494118,-0.478873,1.882353,-0.478873,2.188235,-0.126761,1.0,-0.042254,1.517647,-0.15493,1.388235,-0.267606,1.2,0.225352,0.894118,0.253521,1.270588,0.042254,1.0,-0.112676,0.729412,0.521127,0.694118,0.577465,1.023529,0.380282,0.894118,0.225352,0.694118,0.0,0.0,0.0,0.0,0.0,0.0,0.0,0.0,0.0,0.0,0.0,0.0,0.0,0.0,0.0,0.0,0.0,0.0,0.0,0.0,0.0,0.0,0.0,0.0,0.0,0.0,0.0,0.0,0.0,0.0,0.0,0.0,0.0,0.0,0.0,0.0,0.0,0.0,0.0,0.0,0.0,0.0,0.0,0.0,other,15.0
0.0,0.0,-0.481013,0.092593,-0.835443,0.342593,-0.721519,0.611111,-0.43038,0.796296,-0.822785,1.0,-0.860759,1.388889,-0.873418,1.657407,-0.886076,1.916667,-0.518987,1.074074,-0.734177,1.546296,-0.886076,1.805556,-1.050633,2.074074,-0.189873,1.027778,-0.278481,1.407407,-0.291139,1.064815,-0.303797,0.787037,0.177215,0.898148,0.139241,1.175926,0.063291,0.962963,0.0,0.740741,0.0,0.0,0.0,0.0,0.0,0.0,0.0,0.0,0.0,0.0,0.0,0.0,0.0,0.0,0.0,0.0,0.0,0.0,0.0,0.0,0.0,0.0,0.0,0.0,0.0,0.0,0.0,0.0,0.0,0.0,0.0,0.0,0.0,0.0,0.0,0.0,0.0,0.0,0.0,0.0,0.0,0.0,0.0,0.0,other,15.0
0.0,0.0,-0.481013,0.092593,-0.835443,0.351852,-0.746835,0.62963,-0.455696,0.824074,-0.797468,1.0,-0.848101,1.398148,-0.873418,1.675926,-0.898734,1.935185,-0.493671,1.064815,-0.696203,1.527778,-0.860759,1.796296,-1.012658,2.083333,-0.151899,1.018519,-0.21519,1.398148,-0.253165,1.064815,-0.303797,0.787037,0.202532,0.87963,0.164557,1.148148,0.088608,0.925926,0.0,0.712963,0.0,0.0,0.0,0.0,0.0,0.0,0.0,0.0,0.0,0.0,0.0,0.0,0.0,0.0,0.0,0.0,0.0,0.0,0.0,0.0,0.0,0.0,0.0,0.0,0.0,0.0,0.0,0.0,0.0,0.0,0.0,0.0,0.0,0.0,0.0,0.0,0.0,0.0,0.0,0.0,0.0,0.0,0.0,0.0,other,15.0
0.0,0.0,-0.469136,0.092593,-0.814815,0.342593,-0.728395,0.611111,-0.419753,0.787037,-0.802469,1.0,-0.864198,1.398148,-0.888889,1.657407,-0.91358,1.916667,-0.506173,1.064815,-0.728395,1.527778,-0.888889,1.777778,-1.049383,2.046296,-0.160494,1.018519,-0.234568,1.444444,-0.259259,1.111111,-0.283951,0.824074,0.197531,0.87037,0.160494,1.157407,0.098765,0.944444,0.037037,0.722222,0.0,0.0,0.0,0.0,0.0,0.0,0.0,0.0,0.0,0.0,0.0,0.0,0.0,0.0,0.0,0.0,0.0,0.0,0.0,0.0,0.0,0.0,0.0,0.0,0.0,0.0,0.0,0.0,0.0,0.0,0.0,0.0,0.0,0.0,0.0,0.0,0.0,0.0,0.0,0.0,0.0,0.0,0.0,0.0,other,15.0
0.0,0.0,-0.454545,0.28972,-0.681818,0.626168,-0.469697,0.925234,-0.075758,1.065421,-0.484848,1.0,-0.5,1.373832,-0.5,1.616822,-0.484848,1.841121,-0.151515,1.028037,-0.181818,1.392523,-0.272727,1.616822,-0.348485,1.813084,0.166667,0.971963,0.181818,1.308411,0.045455,1.224299,-0.030303,1.065421,0.515152,0.878505,0.545455,1.158879,0.409091,1.158879,0.287879,1.046729,0.0,0.0,0.0,0.0,0.0,0.0,0.0,0.0,0.0,0.0,0.0,0.0,0.0,0.0,0.0,0.0,0.0,0.0,0.0,0.0,0.0,0.0,0.0,0.0,0.0,0.0,0.0,0.0,0.0,0.0,0.0,0.0,0.0,0.0,0.0,0.0,0.0,0.0,0.0,0.0,0.0,0.0,0.0,0.0,other,15.0
0.0,0.0,-0.479452,0.161017,-0.753425,0.440678,-0.561644,0.686441,-0.219178,0.822034,-0.575342,1.0,-0.561644,1.355932,-0.520548,1.59322,-0.479452,1.830508,-0.260274,1.042373,-0.369863,1.474576,-0.479452,1.728814,-0.561644,1.966102,0.082192,0.966102,0.123288,1.364407,-0.013699,1.101695,-0.109589,0.855932,0.424658,0.805085,0.438356,1.084746,0.287671,0.898305,0.191781,0.694915,0.0,0.0,0.0,0.0,0.0,0.0,0.0,0.0,0.0,0.0,0.0,0.0,0.0,0.0,0.0,0.0,0.0,0.0,0.0,0.0,0.0,0.0,0.0,0.0,0.0,0.0,0.0,0.0,0.0,0.0,0.0,0.0,0.0,0.0,0.0,0.0,0.0,0.0,0.0,0.0,0.0,0.0,0.0,0.0,other,15.0
0.0,0.0,-0.486486,0.181034,-0.756757,0.465517,-0.635135,0.732759,-0.324324,0.896552,-0.675676,1.0,-0.702703,1.37069,-0.689189,1.62069,-0.662162,1.862069,-0.364865,1.043103,-0.486486,1.482759,-0.608108,1.732759,-0.716216,1.974138,-0.027027,0.991379,-0.013514,1.37931,-0.094595,1.094828,-0.162162,0.844828,0.324324,0.853448,0.324324,1.12931,0.202703,0.956897,0.067568,0.75,0.0,0.0,0.0,0.0,0.0,0.0,0.0,0.0,0.0,0.0,0.0,0.0,0.0,0.0,0.0,0.0,0.0,0.0,0.0,0.0,0.0,0.0,0.0,0.0,0.0,0.0,0.0,0.0,0.0,0.0,0.0,0.0,0.0,0.0,0.0,0.0,0.0,0.0,0.0,0.0,0.0,0.0,0.0,0.0,other,15.0
0.0,0.0,-0.493333,0.172414,-0.773333,0.456897,-0.666667,0.732759,-0.333333,0.87931,-0.693333,1.0,-0.746667,1.362069,-0.746667,1.612069,-0.733333,1.844828,-0.386667,1.043103,-0.533333,1.465517,-0.653333,1.706897,-0.733333,1.965517,-0.053333,0.991379,-0.026667,1.387931,-0.133333,1.112069,-0.213333,0.862069,0.306667,0.853448,0.28,1.12931,0.16,0.956897,0.053333,0.758621,0.0,0.0,0.0,0.0,0.0,0.0,0.0,0.0,0.0,0.0,0.0,0.0,0.0,0.0,0.0,0.0,0.0,0.0,0.0,0.0,0.0,0.0,0.0,0.0,0.0,0.0,0.0,0.0,0.0,0.0,0.0,0.0,0.0,0.0,0.0,0.0,0.0,0.0,0.0,0.0,0.0,0.0,0.0,0.0,other,15.0
0.0,0.0,-0.486842,0.163793,-0.776316,0.456897,-0.605263,0.724138,-0.25,0.87069,-0.644737,1.0,-0.671053,1.362069,-0.657895,1.603448,-0.631579,1.844828,-0.328947,1.051724,-0.473684,1.474138,-0.605263,1.715517,-0.697368,1.965517,0.0,0.991379,-0.013158,1.37069,-0.105263,1.068966,-0.171053,0.810345,0.355263,0.844828,0.263158,1.077586,0.144737,0.844828,0.078947,0.637931,0.0,0.0,0.0,0.0,0.0,0.0,0.0,0.0,0.0,0.0,0.0,0.0,0.0,0.0,0.0,0.0,0.0,0.0,0.0,0.0,0.0,0.0,0.0,0.0,0.0,0.0,0.0,0.0,0.0,0.0,0.0,0.0,0.0,0.0,0.0,0.0,0.0,0.0,0.0,0.0,0.0,0.0,0.0,0.0,other,15.0
0.0,0.0,-0.466667,0.168142,-0.72,0.451327,-0.533333,0.707965,-0.173333,0.849558,-0.64,1.0,-0.626667,1.362832,-0.586667,1.610619,-0.56,1.849558,-0.32,1.044248,-0.44,1.486726,-0.546667,1.743363,-0.64,2.0,0.013333,0.982301,-0.026667,1.353982,-0.133333,1.088496,-0.226667,0.858407,0.36,0.840708,0.293333,1.070796,0.173333,0.876106,0.106667,0.672566,0.0,0.0,0.0,0.0,0.0,0.0,0.0,0.0,0.0,0.0,0.0,0.0,0.0,0.0,0.0,0.0,0.0,0.0,0.0,0.0,0.0,0.0,0.0,0.0,0.0,0.0,0.0,0.0,0.0,0.0,0.0,0.0,0.0,0.0,0.0,0.0,0.0,0.0,0.0,0.0,0.0,0.0,0.0,0.0,other,15.0
0.0,0.0,-0.473684,0.159292,-0.723684,0.451327,-0.513158,0.699115,-0.171053,0.849558,-0.631579,1.0,-0.605263,1.362832,-0.578947,1.60177,-0.552632,1.831858,-0.315789,1.044248,-0.447368,1.486726,-0.578947,1.743363,-0.697368,2.0,0.026316,0.982301,-0.013158,1.309735,-0.118421,1.035398,-0.197368,0.79646,0.368421,0.849558,0.276316,1.00885,0.144737,0.787611,0.078947,0.59292,0.0,0.0,0.0,0.0,0.0,0.0,0.0,0.0,0.0,0.0,0.0,0.0,0.0,0.0,0.0,0.0,0.0,0.0,0.0,0.0,0.0,0.0,0.0,0.0,0.0,0.0,0.0,0.0,0.0,0.0,0.0,0.0,0.0,0.0,0.0,0.0,0.0,0.0,0.0,0.0,0.0,0.0,0.0,0.0,other,15.0
0.0,0.0,-0.460526,0.163793,-0.723684,0.465517,-0.526316,0.715517,-0.184211,0.87931,-0.631579,1.0,-0.618421,1.344828,-0.592105,1.577586,-0.552632,1.801724,-0.315789,1.034483,-0.473684,1.465517,-0.605263,1.715517,-0.710526,1.948276,0.013158,0.974138,-0.013158,1.327586,-0.144737,1.060345,-0.263158,0.827586,0.368421,0.836207,0.25,1.008621,0.118421,0.784483,0.013158,0.577586,0.0,0.0,0.0,0.0,0.0,0.0,0.0,0.0,0.0,0.0,0.0,0.0,0.0,0.0,0.0,0.0,0.0,0.0,0.0,0.0,0.0,0.0,0.0,0.0,0.0,0.0,0.0,0.0,0.0,0.0,0.0,0.0,0.0,0.0,0.0,0.0,0.0,0.0,0.0,0.0,0.0,0.0,0.0,0.0,other,15.0
0.0,0.0,-0.5,0.175439,-0.791667,0.482456,-0.597222,0.745614,-0.25,0.885965,-0.652778,1.0,-0.652778,1.342105,-0.625,1.570175,-0.597222,1.789474,-0.347222,1.04386,-0.486111,1.473684,-0.625,1.719298,-0.763889,1.95614,0.0,0.982456,-0.041667,1.342105,-0.180556,1.087719,-0.291667,0.850877,0.347222,0.842105,0.208333,1.0,0.055556,0.780702,0.0,0.587719,0.0,0.0,0.0,0.0,0.0,0.0,0.0,0.0,0.0,0.0,0.0,0.0,0.0,0.0,0.0,0.0,0.0,0.0,0.0,0.0,0.0,0.0,0.0,0.0,0.0,0.0,0.0,0.0,0.0,0.0,0.0,0.0,0.0,0.0,0.0,0.0,0.0,0.0,0.0,0.0,0.0,0.0,0.0,0.0,other,15.0
0.0,0.0,-0.5,0.153153,-0.791667,0.459459,-0.611111,0.720721,-0.291667,0.891892,-0.638889,1.0,-0.666667,1.36036,-0.652778,1.612613,-0.625,1.846847,-0.319444,1.036036,-0.513889,1.477477,-0.666667,1.72973,-0.791667,1.954955,0.027778,0.972973,-0.055556,1.315315,-0.208333,1.036036,-0.291667,0.783784,0.361111,0.81982,0.236111,1.027027,0.111111,0.801802,0.041667,0.585586,0.0,0.0,0.0,0.0,0.0,0.0,0.0,0.0,0.0,0.0,0.0,0.0,0.0,0.0,0.0,0.0,0.0,0.0,0.0,0.0,0.0,0.0,0.0,0.0,0.0,0.0,0.0,0.0,0.0,0.0,0.0,0.0,0.0,0.0,0.0,0.0,0.0,0.0,0.0,0.0,0.0,0.0,0.0,0.0,other,15.0
0.0,0.0,-0.428571,0.219298,-0.657143,0.54386,-0.371429,0.780702,0.071429,0.885965,-0.471429,1.0,-0.442857,1.342105,-0.371429,1.54386,-0.285714,1.719298,-0.085714,0.982456,0.057143,1.307018,0.014286,1.131579,-0.042857,0.938596,0.242857,0.894737,0.342857,1.114035,0.185714,0.859649,0.071429,0.631579,0.528571,0.754386,0.557143,0.912281,0.4,0.754386,0.285714,0.596491,0.0,0.0,0.0,0.0,0.0,0.0,0.0,0.0,0.0,0.0,0.0,0.0,0.0,0.0,0.0,0.0,0.0,0.0,0.0,0.0,0.0,0.0,0.0,0.0,0.0,0.0,0.0,0.0,0.0,0.0,0.0,0.0,0.0,0.0,0.0,0.0,0.0,0.0,0.0,0.0,0.0,0.0,0.0,0.0,other,15.0
0.0,0.0,-0.471429,0.219298,-0.671429,0.526316,-0.428571,0.789474,-0.057143,0.938596,-0.457143,1.0,-0.428571,1.359649,-0.371429,1.605263,-0.3,1.833333,-0.1,0.991228,-0.1,1.412281,-0.2,1.614035,-0.314286,1.77193,0.228571,0.903509,0.271429,1.149123,0.1,0.903509,-0.014286,0.675439,0.542857,0.754386,0.514286,0.938596,0.328571,0.763158,0.185714,0.570175,0.0,0.0,0.0,0.0,0.0,0.0,0.0,0.0,0.0,0.0,0.0,0.0,0.0,0.0,0.0,0.0,0.0,0.0,0.0,0.0,0.0,0.0,0.0,0.0,0.0,0.0,0.0,0.0,0.0,0.0,0.0,0.0,0.0,0.0,0.0,0.0,0.0,0.0,0.0,0.0,0.0,0.0,0.0,0.0,other,15.0
0.0,0.0,-0.476923,0.232759,-0.676923,0.551724,-0.353846,0.784483,0.076923,0.896552,-0.369231,1.0,-0.292308,1.336207,-0.215385,1.551724,-0.123077,1.75,0.0,0.974138,0.061538,1.37931,0.046154,1.603448,0.046154,1.810345,0.338462,0.87069,0.4,1.155172,0.215385,0.887931,0.092308,0.655172,0.630769,0.698276,0.646154,0.922414,0.446154,0.758621,0.292308,0.577586,0.0,0.0,0.0,0.0,0.0,0.0,0.0,0.0,0.0,0.0,0.0,0.0,0.0,0.0,0.0,0.0,0.0,0.0,0.0,0.0,0.0,0.0,0.0,0.0,0.0,0.0,0.0,0.0,0.0,0.0,0.0,0.0,0.0,0.0,0.0,0.0,0.0,0.0,0.0,0.0,0.0,0.0,0.0,0.0,other,15.0
0.0,0.0,-0.477612,0.211864,-0.716418,0.516949,-0.477612,0.779661,-0.104478,0.949153,-0.477612,1.0,-0.432836,1.355932,-0.373134,1.601695,-0.313433,1.813559,-0.089552,0.966102,0.029851,1.322034,-0.044776,1.152542,-0.119403,0.940678,0.238806,0.872881,0.343284,1.127119,0.19403,0.898305,0.089552,0.677966,0.522388,0.728814,0.522388,0.940678,0.328358,0.805085,0.19403,0.627119,0.0,0.0,0.0,0.0,0.0,0.0,0.0,0.0,0.0,0.0,0.0,0.0,0.0,0.0,0.0,0.0,0.0,0.0,0.0,0.0,0.0,0.0,0.0,0.0,0.0,0.0,0.0,0.0,0.0,0.0,0.0,0.0,0.0,0.0,0.0,0.0,0.0,0.0,0.0,0.0,0.0,0.0,0.0,0.0,other,15.0
0.0,0.0,-0.544118,0.206612,-0.823529,0.504132,-0.588235,0.760331,-0.205882,0.917355,-0.558824,1.0,-0.544118,1.347107,-0.514706,1.595041,-0.5,1.818182,-0.220588,0.991736,-0.294118,1.413223,-0.470588,1.644628,-0.632353,1.826446,0.117647,0.900826,0.073529,1.206612,-0.088235,0.975207,-0.161765,0.752066,0.441176,0.743802,0.352941,0.966942,0.176471,0.793388,0.073529,0.603306,0.0,0.0,0.0,0.0,0.0,0.0,0.0,0.0,0.0,0.0,0.0,0.0,0.0,0.0,0.0,0.0,0.0,0.0,0.0,0.0,0.0,0.0,0.0,0.0,0.0,0.0,0.0,0.0,0.0,0.0,0.0,0.0,0.0,0.0,0.0,0.0,0.0,0.0,0.0,0.0,0.0,0.0,0.0,0.0,other,15.0
0.0,0.0,-0.565217,0.152542,-0.898551,0.457627,-0.710145,0.728814,-0.376812,0.915254,-0.666667,1.0,-0.695652,1.338983,-0.681159,1.567797,-0.637681,1.779661,-0.333333,1.025424,-0.507246,1.457627,-0.666667,1.686441,-0.768116,1.898305,0.0,0.949153,-0.101449,1.29661,-0.246377,1.033898,-0.318841,0.805085,0.333333,0.779661,0.115942,0.983051,-0.043478,0.762712,-0.130435,0.550847,0.0,0.0,0.0,0.0,0.0,0.0,0.0,0.0,0.0,0.0,0.0,0.0,0.0,0.0,0.0,0.0,0.0,0.0,0.0,0.0,0.0,0.0,0.0,0.0,0.0,0.0,0.0,0.0,0.0,0.0,0.0,0.0,0.0,0.0,0.0,0.0,0.0,0.0,0.0,0.0,0.0,0.0,0.0,0.0,other,15.0
0.0,0.0,-0.513889,0.161017,-0.805556,0.466102,-0.597222,0.720339,-0.277778,0.90678,-0.625,1.0,-0.625,1.347458,-0.583333,1.584746,-0.527778,1.805085,-0.291667,1.025424,-0.486111,1.457627,-0.611111,1.711864,-0.694444,1.940678,0.041667,0.949153,-0.027778,1.288136,-0.166667,1.016949,-0.222222,0.788136,0.375,0.788136,0.208333,1.0,0.055556,0.762712,-0.027778,0.550847,0.0,0.0,0.0,0.0,0.0,0.0,0.0,0.0,0.0,0.0,0.0,0.0,0.0,0.0,0.0,0.0,0.0,0.0,0.0,0.0,0.0,0.0,0.0,0.0,0.0,0.0,0.0,0.0,0.0,0.0,0.0,0.0,0.0,0.0,0.0,0.0,0.0,0.0,0.0,0.0,0.0,0.0,0.0,0.0,other,15.0
0.0,0.0,-0.506849,0.151261,-0.808219,0.453782,-0.630137,0.722689,-0.315068,0.915966,-0.616438,1.0,-0.60274,1.344538,-0.575342,1.579832,-0.520548,1.798319,-0.287671,1.02521,-0.410959,1.453782,-0.534247,1.705882,-0.630137,1.932773,0.054795,0.941176,-0.041096,1.285714,-0.164384,1.02521,-0.232877,0.798319,0.383562,0.773109,0.232877,0.991597,0.068493,0.773109,-0.027397,0.563025,0.0,0.0,0.0,0.0,0.0,0.0,0.0,0.0,0.0,0.0,0.0,0.0,0.0,0.0,0.0,0.0,0.0,0.0,0.0,0.0,0.0,0.0,0.0,0.0,0.0,0.0,0.0,0.0,0.0,0.0,0.0,0.0,0.0,0.0,0.0,0.0,0.0,0.0,0.0,0.0,0.0,0.0,0.0,0.0,other,15.0
0.0,0.0,-0.506667,0.134454,-0.773333,0.462185,-0.56,0.731092,-0.226667,0.92437,-0.586667,1.0,-0.573333,1.344538,-0.546667,1.588235,-0.506667,1.815126,-0.253333,1.016807,-0.4,1.445378,-0.506667,1.689076,-0.6,1.915966,0.08,0.932773,0.013333,1.277311,-0.12,1.0,-0.2,0.764706,0.413333,0.773109,0.226667,0.941176,0.08,0.705882,-0.013333,0.495798,0.0,0.0,0.0,0.0,0.0,0.0,0.0,0.0,0.0,0.0,0.0,0.0,0.0,0.0,0.0,0.0,0.0,0.0,0.0,0.0,0.0,0.0,0.0,0.0,0.0,0.0,0.0,0.0,0.0,0.0,0.0,0.0,0.0,0.0,0.0,0.0,0.0,0.0,0.0,0.0,0.0,0.0,0.0,0.0,other,15.0
0.0,0.0,-0.5,0.168067,-0.742857,0.470588,-0.528571,0.714286,-0.185714,0.890756,-0.5,1.0,-0.471429,1.327731,-0.4,1.546218,-0.314286,1.747899,-0.171429,1.016807,-0.271429,1.453782,-0.385714,1.697479,-0.457143,1.915966,0.171429,0.915966,0.157143,1.260504,-0.042857,1.016807,-0.157143,0.798319,0.5,0.739496,0.371429,0.932773,0.157143,0.731092,0.014286,0.546218,0.0,0.0,0.0,0.0,0.0,0.0,0.0,0.0,0.0,0.0,0.0,0.0,0.0,0.0,0.0,0.0,0.0,0.0,0.0,0.0,0.0,0.0,0.0,0.0,0.0,0.0,0.0,0.0,0.0,0.0,0.0,0.0,0.0,0.0,0.0,0.0,0.0,0.0,0.0,0.0,0.0,0.0,0.0,0.0,other,15.0
0.0,0.0,-0.521739,0.158333,-0.826087,0.466667,-0.637681,0.716667,-0.289855,0.858333,-0.57971,1.0,-0.57971,1.325,-0.550725,1.541667,-0.507246,1.741667,-0.246377,1.016667,-0.362319,1.441667,-0.507246,1.675,-0.623188,1.883333,0.086957,0.925,0.043478,1.266667,-0.15942,1.033333,-0.275362,0.825,0.42029,0.741667,0.26087,0.958333,0.072464,0.741667,-0.043478,0.541667,0.0,0.0,0.0,0.0,0.0,0.0,0.0,0.0,0.0,0.0,0.0,0.0,0.0,0.0,0.0,0.0,0.0,0.0,0.0,0.0,0.0,0.0,0.0,0.0,0.0,0.0,0.0,0.0,0.0,0.0,0.0,0.0,0.0,0.0,0.0,0.0,0.0,0.0,0.0,0.0,0.0,0.0,0.0,0.0,other,15.0
0.0,0.0,-0.513889,0.158333,-0.777778,0.458333,-0.569444,0.7,-0.263889,0.866667,-0.527778,1.0,-0.513889,1.325,-0.486111,1.55,-0.430556,1.758333,-0.194444,1.016667,-0.305556,1.433333,-0.430556,1.675,-0.513889,1.891667,0.138889,0.916667,0.055556,1.25,-0.111111,0.983333,-0.194444,0.766667,0.472222,0.741667,0.291667,0.933333,0.097222,0.716667,-0.013889,0.516667,0.0,0.0,0.0,0.0,0.0,0.0,0.0,0.0,0.0,0.0,0.0,0.0,0.0,0.0,0.0,0.0,0.0,0.0,0.0,0.0,0.0,0.0,0.0,0.0,0.0,0.0,0.0,0.0,0.0,0.0,0.0,0.0,0.0,0.0,0.0,0.0,0.0,0.0,0.0,0.0,0.0,0.0,0.0,0.0,other,15.0
0.0,0.0,-0.521127,0.163934,-0.774648,0.467213,-0.591549,0.721311,-0.28169,0.893443,-0.521127,1.0,-0.521127,1.327869,-0.507042,1.54918,-0.464789,1.754098,-0.183099,1.0,-0.295775,1.42623,-0.43662,1.655738,-0.535211,1.860656,0.15493,0.901639,0.084507,1.245902,-0.112676,1.016393,-0.225352,0.811475,0.478873,0.729508,0.309859,0.92623,0.112676,0.721311,0.014085,0.532787,0.0,0.0,0.0,0.0,0.0,0.0,0.0,0.0,0.0,0.0,0.0,0.0,0.0,0.0,0.0,0.0,0.0,0.0,0.0,0.0,0.0,0.0,0.0,0.0,0.0,0.0,0.0,0.0,0.0,0.0,0.0,0.0,0.0,0.0,0.0,0.0,0.0,0.0,0.0,0.0,0.0,0.0,0.0,0.0,other,15.0
0.0,0.0,-0.402597,0.223077,-0.61039,0.607692,-0.558442,0.946154,-0.454545,1.192308,-0.402597,1.0,-0.38961,1.307692,-0.363636,1.4,-0.350649,1.423077,-0.077922,1.007692,-0.090909,1.3,-0.064935,1.361538,-0.064935,1.353846,0.246753,0.953846,0.272727,1.230769,0.25974,1.269231,0.246753,1.230769,0.597403,0.861538,0.61039,1.1,0.571429,1.146154,0.519481,1.130769,0.0,0.0,0.0,0.0,0.0,0.0,0.0,0.0,0.0,0.0,0.0,0.0,0.0,0.0,0.0,0.0,0.0,0.0,0.0,0.0,0.0,0.0,0.0,0.0,0.0,0.0,0.0,0.0,0.0,0.0,0.0,0.0,0.0,0.0,0.0,0.0,0.0,0.0,0.0,0.0,0.0,0.0,0.0,0.0,other,16.0
0.0,0.0,-0.473118,0.247619,-0.763441,0.666667,-0.666667,1.047619,-0.322581,1.2,-0.634409,1.0,-0.731183,1.352381,-0.634409,1.304762,-0.505376,1.142857,-0.311828,1.057143,-0.387097,1.447619,-0.376344,1.4,-0.333333,1.257143,0.021505,1.028571,0.0,1.371429,-0.043011,1.038095,-0.043011,0.714286,0.365591,0.942857,0.322581,1.228571,0.225806,1.0,0.182796,0.742857,0.0,0.0,0.0,0.0,0.0,0.0,0.0,0.0,0.0,0.0,0.0,0.0,0.0,0.0,0.0,0.0,0.0,0.0,0.0,0.0,0.0,0.0,0.0,0.0,0.0,0.0,0.0,0.0,0.0,0.0,0.0,0.0,0.0,0.0,0.0,0.0,0.0,0.0,0.0,0.0,0.0,0.0,0.0,0.0,other,16.0
0.0,0.0,-0.447619,0.25,-0.733333,0.601562,-0.67619,0.945312,-0.32381,1.085938,-0.590476,1.0,-0.619048,1.3125,-0.552381,1.210938,-0.495238,1.039062,-0.257143,1.007812,-0.257143,1.335938,-0.247619,1.09375,-0.266667,0.84375,0.07619,0.960938,0.085714,1.234375,0.019048,0.921875,-0.047619,0.664062,0.409524,0.859375,0.4,1.09375,0.285714,0.898438,0.190476,0.695312,0.0,0.0,0.0,0.0,0.0,0.0,0.0,0.0,0.0,0.0,0.0,0.0,0.0,0.0,0.0,0.0,0.0,0.0,0.0,0.0,0.0,0.0,0.0,0.0,0.0,0.0,0.0,0.0,0.0,0.0,0.0,0.0,0.0,0.0,0.0,0.0,0.0,0.0,0.0,0.0,0.0,0.0,0.0,0.0,other,16.0
0.0,0.0,-0.432692,0.231343,-0.75,0.58209,-0.701923,0.91791,-0.355769,1.014925,-0.557692,1.0,-0.596154,1.291045,-0.548077,1.134328,-0.5,0.955224,-0.221154,1.0,-0.240385,1.291045,-0.259615,0.992537,-0.278846,0.761194,0.115385,0.955224,0.115385,1.208955,0.028846,0.880597,-0.028846,0.634328,0.442308,0.843284,0.432692,1.074627,0.307692,0.865672,0.221154,0.671642,0.0,0.0,0.0,0.0,0.0,0.0,0.0,0.0,0.0,0.0,0.0,0.0,0.0,0.0,0.0,0.0,0.0,0.0,0.0,0.0,0.0,0.0,0.0,0.0,0.0,0.0,0.0,0.0,0.0,0.0,0.0,0.0,0.0,0.0,0.0,0.0,0.0,0.0,0.0,0.0,0.0,0.0,0.0,0.0,other,16.0
0.0,0.0,-0.444444,0.225806,-0.757576,0.580645,-0.717172,0.927419,-0.373737,1.040323,-0.555556,1.0,-0.585859,1.306452,-0.565657,1.129032,-0.535354,0.935484,-0.232323,1.008065,-0.252525,1.314516,-0.272727,1.008065,-0.282828,0.75,0.10101,0.959677,0.090909,1.233871,0.020202,0.91129,-0.020202,0.637097,0.444444,0.862903,0.414141,1.112903,0.313131,0.903226,0.262626,0.693548,0.0,0.0,0.0,0.0,0.0,0.0,0.0,0.0,0.0,0.0,0.0,0.0,0.0,0.0,0.0,0.0,0.0,0.0,0.0,0.0,0.0,0.0,0.0,0.0,0.0,0.0,0.0,0.0,0.0,0.0,0.0,0.0,0.0,0.0,0.0,0.0,0.0,0.0,0.0,0.0,0.0,0.0,0.0,0.0,other,16.0
0.0,0.0,-0.446809,0.243902,-0.765957,0.593496,-0.734043,0.926829,-0.393617,1.065041,-0.56383,1.0,-0.606383,1.300813,-0.585106,1.081301,-0.542553,0.878049,-0.234043,1.0,-0.255319,1.317073,-0.287234,1.0,-0.297872,0.756098,0.106383,0.95122,0.085106,1.252033,0.0,0.926829,-0.042553,0.666667,0.43617,0.853659,0.404255,1.105691,0.287234,0.894309,0.234043,0.691057,0.0,0.0,0.0,0.0,0.0,0.0,0.0,0.0,0.0,0.0,0.0,0.0,0.0,0.0,0.0,0.0,0.0,0.0,0.0,0.0,0.0,0.0,0.0,0.0,0.0,0.0,0.0,0.0,0.0,0.0,0.0,0.0,0.0,0.0,0.0,0.0,0.0,0.0,0.0,0.0,0.0,0.0,0.0,0.0,other,16.0
0.0,0.0,-0.460674,0.238938,-0.775281,0.59292,-0.719101,0.929204,-0.382022,1.070796,-0.539326,1.0,-0.573034,1.309735,-0.561798,1.088496,-0.52809,0.884956,-0.213483,1.00885,-0.235955,1.327434,-0.280899,1.017699,-0.280899,0.761062,0.11236,0.955752,0.089888,1.238938,0.0,0.911504,-0.033708,0.646018,0.460674,0.858407,0.426966,1.123894,0.303371,0.911504,0.247191,0.699115,0.0,0.0,0.0,0.0,0.0,0.0,0.0,0.0,0.0,0.0,0.0,0.0,0.0,0.0,0.0,0.0,0.0,0.0,0.0,0.0,0.0,0.0,0.0,0.0,0.0,0.0,0.0,0.0,0.0,0.0,0.0,0.0,0.0,0.0,0.0,0.0,0.0,0.0,0.0,0.0,0.0,0.0,0.0,0.0,other,16.0
0.0,0.0,-0.44086,0.235772,-0.763441,0.577236,-0.741935,0.918699,-0.387097,1.03252,-0.537634,1.0,-0.591398,1.308943,-0.569892,1.121951,-0.537634,0.926829,-0.215054,1.0,-0.236559,1.308943,-0.268817,1.01626,-0.27957,0.764228,0.11828,0.943089,0.107527,1.235772,0.021505,0.918699,-0.021505,0.658537,0.462366,0.837398,0.430108,1.089431,0.311828,0.894309,0.247312,0.691057,0.0,0.0,0.0,0.0,0.0,0.0,0.0,0.0,0.0,0.0,0.0,0.0,0.0,0.0,0.0,0.0,0.0,0.0,0.0,0.0,0.0,0.0,0.0,0.0,0.0,0.0,0.0,0.0,0.0,0.0,0.0,0.0,0.0,0.0,0.0,0.0,0.0,0.0,0.0,0.0,0.0,0.0,0.0,0.0,other,16.0
0.0,0.0,-0.39726,0.198895,-0.726027,0.552486,-0.726027,0.900552,-0.376712,1.0,-0.534247,1.0,-0.568493,1.287293,-0.547945,1.066298,-0.506849,0.878453,-0.19863,1.01105,-0.232877,1.309392,-0.273973,0.961326,-0.273973,0.718232,0.130137,0.961326,0.109589,1.220994,0.020548,0.861878,-0.013699,0.607735,0.465753,0.850829,0.424658,1.082873,0.30137,0.850829,0.232877,0.651934,0.0,0.0,0.0,0.0,0.0,0.0,0.0,0.0,0.0,0.0,0.0,0.0,0.0,0.0,0.0,0.0,0.0,0.0,0.0,0.0,0.0,0.0,0.0,0.0,0.0,0.0,0.0,0.0,0.0,0.0,0.0,0.0,0.0,0.0,0.0,0.0,0.0,0.0,0.0,0.0,0.0,0.0,0.0,0.0,other,16.0
0.0,0.0,-0.39375,0.218447,-0.7,0.572816,-0.68125,0.907767,-0.33125,0.975728,-0.50625,1.0,-0.5125,1.276699,-0.5,1.072816,-0.4875,0.88835,-0.16875,1.004854,-0.16875,1.281553,-0.21875,0.951456,-0.24375,0.723301,0.1625,0.946602,0.18125,1.18932,0.075,0.849515,0.01875,0.61165,0.49375,0.839806,0.5,1.058252,0.36875,0.849515,0.26875,0.665049,0.0,0.0,0.0,0.0,0.0,0.0,0.0,0.0,0.0,0.0,0.0,0.0,0.0,0.0,0.0,0.0,0.0,0.0,0.0,0.0,0.0,0.0,0.0,0.0,0.0,0.0,0.0,0.0,0.0,0.0,0.0,0.0,0.0,0.0,0.0,0.0,0.0,0.0,0.0,0.0,0.0,0.0,0.0,0.0,other,16.0
0.0,0.0,-0.4,0.226131,-0.670968,0.577889,-0.587097,0.874372,-0.232258,0.954774,-0.477419,1.0,-0.477419,1.276382,-0.483871,1.065327,-0.458065,0.874372,-0.141935,1.0,-0.148387,1.316583,-0.212903,1.060302,-0.225806,0.864322,0.187097,0.934673,0.206452,1.19598,0.090323,0.864322,0.025806,0.623116,0.522581,0.81407,0.522581,1.045226,0.374194,0.829146,0.270968,0.643216,0.0,0.0,0.0,0.0,0.0,0.0,0.0,0.0,0.0,0.0,0.0,0.0,0.0,0.0,0.0,0.0,0.0,0.0,0.0,0.0,0.0,0.0,0.0,0.0,0.0,0.0,0.0,0.0,0.0,0.0,0.0,0.0,0.0,0.0,0.0,0.0,0.0,0.0,0.0,0.0,0.0,0.0,0.0,0.0,other,16.0
0.0,0.0,-0.401316,0.22449,-0.690789,0.561224,-0.651316,0.877551,-0.309211,0.969388,-0.493421,1.0,-0.506579,1.270408,-0.506579,1.040816,-0.486842,0.857143,-0.157895,0.994898,-0.171053,1.290816,-0.223684,0.979592,-0.236842,0.765306,0.171053,0.928571,0.177632,1.183673,0.065789,0.846939,0.013158,0.612245,0.506579,0.816327,0.493421,1.040816,0.355263,0.826531,0.276316,0.637755,0.0,0.0,0.0,0.0,0.0,0.0,0.0,0.0,0.0,0.0,0.0,0.0,0.0,0.0,0.0,0.0,0.0,0.0,0.0,0.0,0.0,0.0,0.0,0.0,0.0,0.0,0.0,0.0,0.0,0.0,0.0,0.0,0.0,0.0,0.0,0.0,0.0,0.0,0.0,0.0,0.0,0.0,0.0,0.0,other,16.0
0.0,0.0,-0.40625,0.242775,-0.71875,0.583815,-0.710938,0.913295,-0.34375,0.988439,-0.46875,1.0,-0.515625,1.283237,-0.53125,1.086705,-0.507812,0.901734,-0.140625,0.99422,-0.164062,1.289017,-0.226562,0.976879,-0.234375,0.757225,0.195312,0.930636,0.179688,1.196532,0.046875,0.872832,0.007812,0.635838,0.53125,0.815029,0.492188,1.069364,0.351562,0.861272,0.289062,0.67052,0.0,0.0,0.0,0.0,0.0,0.0,0.0,0.0,0.0,0.0,0.0,0.0,0.0,0.0,0.0,0.0,0.0,0.0,0.0,0.0,0.0,0.0,0.0,0.0,0.0,0.0,0.0,0.0,0.0,0.0,0.0,0.0,0.0,0.0,0.0,0.0,0.0,0.0,0.0,0.0,0.0,0.0,0.0,0.0,other,16.0
0.0,0.0,-0.408,0.227545,-0.72,0.580838,-0.704,0.922156,-0.36,1.005988,-0.496,1.0,-0.528,1.287425,-0.536,1.071856,-0.504,0.88024,-0.168,0.988024,-0.184,1.293413,-0.24,0.964072,-0.24,0.736527,0.168,0.928144,0.152,1.197605,0.032,0.862275,0.0,0.622754,0.504,0.820359,0.472,1.077844,0.336,0.862275,0.264,0.664671,0.0,0.0,0.0,0.0,0.0,0.0,0.0,0.0,0.0,0.0,0.0,0.0,0.0,0.0,0.0,0.0,0.0,0.0,0.0,0.0,0.0,0.0,0.0,0.0,0.0,0.0,0.0,0.0,0.0,0.0,0.0,0.0,0.0,0.0,0.0,0.0,0.0,0.0,0.0,0.0,0.0,0.0,0.0,0.0,other,16.0
0.0,0.0,-0.414062,0.218182,-0.734375,0.563636,-0.71875,0.909091,-0.382812,1.006061,-0.515625,1.0,-0.5625,1.290909,-0.570312,1.090909,-0.539062,0.89697,-0.1875,1.0,-0.226562,1.309091,-0.273438,0.981818,-0.265625,0.745455,0.140625,0.951515,0.117188,1.224242,0.007812,0.884848,-0.015625,0.636364,0.484375,0.842424,0.445312,1.09697,0.3125,0.884848,0.242188,0.678788,0.0,0.0,0.0,0.0,0.0,0.0,0.0,0.0,0.0,0.0,0.0,0.0,0.0,0.0,0.0,0.0,0.0,0.0,0.0,0.0,0.0,0.0,0.0,0.0,0.0,0.0,0.0,0.0,0.0,0.0,0.0,0.0,0.0,0.0,0.0,0.0,0.0,0.0,0.0,0.0,0.0,0.0,0.0,0.0,other,16.0
0.0,0.0,-0.409449,0.212121,-0.740157,0.569697,-0.740157,0.915152,-0.393701,1.006061,-0.527559,1.0,-0.590551,1.290909,-0.582677,1.054545,-0.543307,0.872727,-0.19685,1.006061,-0.244094,1.30303,-0.283465,0.957576,-0.275591,0.739394,0.133858,0.951515,0.102362,1.218182,0.007874,0.866667,-0.015748,0.630303,0.472441,0.842424,0.425197,1.09697,0.299213,0.866667,0.244094,0.666667,0.0,0.0,0.0,0.0,0.0,0.0,0.0,0.0,0.0,0.0,0.0,0.0,0.0,0.0,0.0,0.0,0.0,0.0,0.0,0.0,0.0,0.0,0.0,0.0,0.0,0.0,0.0,0.0,0.0,0.0,0.0,0.0,0.0,0.0,0.0,0.0,0.0,0.0,0.0,0.0,0.0,0.0,0.0,0.0,other,16.0
0.0,0.0,-0.408,0.228395,-0.752,0.574074,-0.76,0.91358,-0.4,1.0,-0.512,1.0,-0.584,1.290123,-0.576,1.08642,-0.528,0.895062,-0.184,1.006173,-0.232,1.302469,-0.272,0.981481,-0.272,0.746914,0.152,0.95679,0.112,1.228395,0.016,0.888889,-0.016,0.635802,0.488,0.845679,0.448,1.104938,0.312,0.888889,0.24,0.679012,0.0,0.0,0.0,0.0,0.0,0.0,0.0,0.0,0.0,0.0,0.0,0.0,0.0,0.0,0.0,0.0,0.0,0.0,0.0,0.0,0.0,0.0,0.0,0.0,0.0,0.0,0.0,0.0,0.0,0.0,0.0,0.0,0.0,0.0,0.0,0.0,0.0,0.0,0.0,0.0,0.0,0.0,0.0,0.0,other,16.0
0.0,0.0,-0.408,0.224359,-0.744,0.557692,-0.792,0.891026,-0.44,1.019231,-0.544,1.0,-0.648,1.275641,-0.608,1.038462,-0.544,0.858974,-0.216,1.012821,-0.304,1.282051,-0.312,0.929487,-0.28,0.730769,0.112,0.967949,0.048,1.224359,-0.024,0.865385,-0.032,0.634615,0.456,0.871795,0.384,1.115385,0.272,0.884615,0.224,0.679487,0.0,0.0,0.0,0.0,0.0,0.0,0.0,0.0,0.0,0.0,0.0,0.0,0.0,0.0,0.0,0.0,0.0,0.0,0.0,0.0,0.0,0.0,0.0,0.0,0.0,0.0,0.0,0.0,0.0,0.0,0.0,0.0,0.0,0.0,0.0,0.0,0.0,0.0,0.0,0.0,0.0,0.0,0.0,0.0,other,16.0
0.0,0.0,-0.413223,0.235294,-0.727273,0.575163,-0.702479,0.895425,-0.421488,1.104575,-0.504132,1.0,-0.586777,1.261438,-0.545455,1.0,-0.495868,0.797386,-0.181818,1.0,-0.256198,1.267974,-0.264463,0.895425,-0.231405,0.69281,0.14876,0.960784,0.090909,1.215686,0.016529,0.843137,0.024793,0.614379,0.495868,0.862745,0.429752,1.117647,0.31405,0.869281,0.272727,0.673203,0.0,0.0,0.0,0.0,0.0,0.0,0.0,0.0,0.0,0.0,0.0,0.0,0.0,0.0,0.0,0.0,0.0,0.0,0.0,0.0,0.0,0.0,0.0,0.0,0.0,0.0,0.0,0.0,0.0,0.0,0.0,0.0,0.0,0.0,0.0,0.0,0.0,0.0,0.0,0.0,0.0,0.0,0.0,0.0,other,16.0
0.0,0.0,-0.416667,0.226667,-0.758333,0.566667,-0.783333,0.906667,-0.416667,1.053333,-0.5,1.0,-0.633333,1.253333,-0.6,0.973333,-0.525,0.806667,-0.183333,1.013333,-0.3,1.253333,-0.308333,0.88,-0.258333,0.7,0.15,0.973333,0.033333,1.226667,-0.025,0.846667,0.008333,0.62,0.5,0.88,0.383333,1.133333,0.275,0.88,0.275,0.68,0.0,0.0,0.0,0.0,0.0,0.0,0.0,0.0,0.0,0.0,0.0,0.0,0.0,0.0,0.0,0.0,0.0,0.0,0.0,0.0,0.0,0.0,0.0,0.0,0.0,0.0,0.0,0.0,0.0,0.0,0.0,0.0,0.0,0.0,0.0,0.0,0.0,0.0,0.0,0.0,0.0,0.0,0.0,0.0,other,16.0
0.0,0.0,-0.423729,0.22449,-0.762712,0.564626,-0.788136,0.897959,-0.415254,1.034014,-0.508475,1.0,-0.635593,1.251701,-0.601695,1.0,-0.525424,0.829932,-0.186441,1.020408,-0.305085,1.251701,-0.313559,0.904762,-0.262712,0.734694,0.144068,0.979592,0.033898,1.22449,-0.025424,0.85034,0.008475,0.639456,0.491525,0.891156,0.389831,1.14966,0.288136,0.904762,0.279661,0.714286,0.0,0.0,0.0,0.0,0.0,0.0,0.0,0.0,0.0,0.0,0.0,0.0,0.0,0.0,0.0,0.0,0.0,0.0,0.0,0.0,0.0,0.0,0.0,0.0,0.0,0.0,0.0,0.0,0.0,0.0,0.0,0.0,0.0,0.0,0.0,0.0,0.0,0.0,0.0,0.0,0.0,0.0,0.0,0.0,other,16.0
0.0,0.0,-0.405172,0.246575,-0.715517,0.589041,-0.698276,0.910959,-0.327586,1.041096,-0.448276,1.0,-0.551724,1.239726,-0.543103,0.979452,-0.5,0.808219,-0.12931,0.993151,-0.215517,1.226027,-0.25,0.869863,-0.215517,0.691781,0.198276,0.945205,0.103448,1.184932,0.025862,0.815068,0.051724,0.60274,0.551724,0.835616,0.439655,1.09589,0.327586,0.835616,0.318966,0.636986,0.0,0.0,0.0,0.0,0.0,0.0,0.0,0.0,0.0,0.0,0.0,0.0,0.0,0.0,0.0,0.0,0.0,0.0,0.0,0.0,0.0,0.0,0.0,0.0,0.0,0.0,0.0,0.0,0.0,0.0,0.0,0.0,0.0,0.0,0.0,0.0,0.0,0.0,0.0,0.0,0.0,0.0,0.0,0.0,other,16.0
0.0,0.0,-0.4375,0.272727,-0.739583,0.652893,-0.65625,1.016529,-0.260417,1.090909,-0.40625,1.0,-0.479167,1.31405,-0.489583,1.049587,-0.447917,0.867769,-0.09375,1.0,-0.145833,1.297521,-0.197917,0.942149,-0.166667,0.735537,0.239583,0.950413,0.166667,1.231405,0.072917,0.867769,0.083333,0.619835,0.59375,0.85124,0.520833,1.157025,0.385417,0.917355,0.354167,0.694215,0.0,0.0,0.0,0.0,0.0,0.0,0.0,0.0,0.0,0.0,0.0,0.0,0.0,0.0,0.0,0.0,0.0,0.0,0.0,0.0,0.0,0.0,0.0,0.0,0.0,0.0,0.0,0.0,0.0,0.0,0.0,0.0,0.0,0.0,0.0,0.0,0.0,0.0,0.0,0.0,0.0,0.0,0.0,0.0,other,16.0
0.0,0.0,-0.397849,0.247934,-0.709677,0.61157,-0.645161,0.950413,-0.236559,1.041322,-0.333333,1.0,-0.44086,1.264463,-0.451613,1.033058,-0.397849,0.859504,-0.010753,0.991736,-0.107527,1.231405,-0.172043,0.884298,-0.129032,0.68595,0.322581,0.92562,0.225806,1.181818,0.107527,0.826446,0.11828,0.586777,0.666667,0.818182,0.591398,1.099174,0.44086,0.876033,0.397849,0.661157,0.0,0.0,0.0,0.0,0.0,0.0,0.0,0.0,0.0,0.0,0.0,0.0,0.0,0.0,0.0,0.0,0.0,0.0,0.0,0.0,0.0,0.0,0.0,0.0,0.0,0.0,0.0,0.0,0.0,0.0,0.0,0.0,0.0,0.0,0.0,0.0,0.0,0.0,0.0,0.0,0.0,0.0,0.0,0.0,other,16.0
0.0,0.0,-0.375,0.224138,-0.697917,0.586207,-0.708333,0.948276,-0.354167,1.060345,-0.40625,1.0,-0.489583,1.275862,-0.489583,1.008621,-0.4375,0.818966,-0.09375,1.008621,-0.177083,1.258621,-0.229167,0.87931,-0.177083,0.663793,0.239583,0.956897,0.145833,1.224138,0.052083,0.844828,0.072917,0.603448,0.59375,0.853448,0.479167,1.12931,0.34375,0.87931,0.322917,0.663793,0.0,0.0,0.0,0.0,0.0,0.0,0.0,0.0,0.0,0.0,0.0,0.0,0.0,0.0,0.0,0.0,0.0,0.0,0.0,0.0,0.0,0.0,0.0,0.0,0.0,0.0,0.0,0.0,0.0,0.0,0.0,0.0,0.0,0.0,0.0,0.0,0.0,0.0,0.0,0.0,0.0,0.0,0.0,0.0,other,16.0
0.0,0.0,-0.412371,0.25,-0.731959,0.6,-0.731959,0.95,-0.360825,1.075,-0.43299,1.0,-0.556701,1.3,-0.546392,1.025,-0.474227,0.841667,-0.113402,1.0,-0.226804,1.283333,-0.257732,0.916667,-0.206186,0.708333,0.216495,0.95,0.103093,1.241667,0.010309,0.866667,0.051546,0.616667,0.56701,0.858333,0.463918,1.158333,0.329897,0.925,0.309278,0.7,0.0,0.0,0.0,0.0,0.0,0.0,0.0,0.0,0.0,0.0,0.0,0.0,0.0,0.0,0.0,0.0,0.0,0.0,0.0,0.0,0.0,0.0,0.0,0.0,0.0,0.0,0.0,0.0,0.0,0.0,0.0,0.0,0.0,0.0,0.0,0.0,0.0,0.0,0.0,0.0,0.0,0.0,0.0,0.0,other,16.0
0.0,0.0,-0.413043,0.241379,-0.728261,0.603448,-0.706522,0.956897,-0.315217,1.077586,-0.402174,1.0,-0.532609,1.284483,-0.532609,1.017241,-0.456522,0.836207,-0.086957,0.991379,-0.206522,1.25,-0.23913,0.887931,-0.173913,0.681034,0.23913,0.931034,0.119565,1.232759,0.032609,0.862069,0.076087,0.62069,0.597826,0.827586,0.478261,1.12931,0.336957,0.896552,0.315217,0.681034,0.0,0.0,0.0,0.0,0.0,0.0,0.0,0.0,0.0,0.0,0.0,0.0,0.0,0.0,0.0,0.0,0.0,0.0,0.0,0.0,0.0,0.0,0.0,0.0,0.0,0.0,0.0,0.0,0.0,0.0,0.0,0.0,0.0,0.0,0.0,0.0,0.0,0.0,0.0,0.0,0.0,0.0,0.0,0.0,other,16.0
0.0,0.0,-0.505376,0.256098,-0.827957,0.804878,-0.913978,1.329268,-0.913978,1.731707,-0.731183,1.0,-0.784946,1.585366,-0.817204,1.926829,-0.83871,2.207317,-0.408602,1.073171,-0.473118,1.621951,-0.462366,1.536585,-0.451613,1.365854,-0.064516,1.097561,-0.139785,1.597561,-0.150538,1.353659,-0.150538,1.085366,0.268817,1.097561,0.172043,1.512195,0.139785,1.341463,0.129032,1.121951,0.0,0.0,0.0,0.0,0.0,0.0,0.0,0.0,0.0,0.0,0.0,0.0,0.0,0.0,0.0,0.0,0.0,0.0,0.0,0.0,0.0,0.0,0.0,0.0,0.0,0.0,0.0,0.0,0.0,0.0,0.0,0.0,0.0,0.0,0.0,0.0,0.0,0.0,0.0,0.0,0.0,0.0,0.0,0.0,other,17.0
0.0,0.0,-0.470588,0.239583,-0.717647,0.625,-0.752941,0.989583,-0.764706,1.270833,-0.705882,1.0,-0.8,1.3125,-0.788235,1.40625,-0.741176,1.3125,-0.388235,1.03125,-0.447059,1.40625,-0.388235,1.125,-0.352941,0.854167,-0.058824,1.010417,-0.082353,1.302083,-0.082353,0.958333,-0.082353,0.677083,0.294118,0.916667,0.258824,1.1875,0.176471,0.9375,0.117647,0.697917,0.0,0.0,0.0,0.0,0.0,0.0,0.0,0.0,0.0,0.0,0.0,0.0,0.0,0.0,0.0,0.0,0.0,0.0,0.0,0.0,0.0,0.0,0.0,0.0,0.0,0.0,0.0,0.0,0.0,0.0,0.0,0.0,0.0,0.0,0.0,0.0,0.0,0.0,0.0,0.0,0.0,0.0,0.0,0.0,other,17.0
0.0,0.0,-0.443182,0.214286,-0.693182,0.632653,-0.681818,1.0,-0.590909,1.265306,-0.670455,1.0,-0.818182,1.326531,-0.761364,1.397959,-0.636364,1.244898,-0.352273,1.05102,-0.386364,1.44898,-0.340909,1.173469,-0.306818,0.867347,-0.022727,1.020408,-0.034091,1.336735,-0.056818,0.989796,-0.068182,0.693878,0.329545,0.918367,0.306818,1.193878,0.215909,0.94898,0.136364,0.704082,0.0,0.0,0.0,0.0,0.0,0.0,0.0,0.0,0.0,0.0,0.0,0.0,0.0,0.0,0.0,0.0,0.0,0.0,0.0,0.0,0.0,0.0,0.0,0.0,0.0,0.0,0.0,0.0,0.0,0.0,0.0,0.0,0.0,0.0,0.0,0.0,0.0,0.0,0.0,0.0,0.0,0.0,0.0,0.0,other,17.0
0.0,0.0,-0.471264,0.25,-0.712644,0.644231,-0.678161,0.990385,-0.54023,1.230769,-0.62069,1.0,-0.758621,1.307692,-0.735632,1.365385,-0.632184,1.201923,-0.298851,1.028846,-0.321839,1.403846,-0.310345,1.115385,-0.287356,0.817308,0.022989,0.980769,0.0,1.269231,-0.034483,0.932692,-0.045977,0.653846,0.37931,0.875,0.333333,1.153846,0.241379,0.913462,0.172414,0.692308,0.0,0.0,0.0,0.0,0.0,0.0,0.0,0.0,0.0,0.0,0.0,0.0,0.0,0.0,0.0,0.0,0.0,0.0,0.0,0.0,0.0,0.0,0.0,0.0,0.0,0.0,0.0,0.0,0.0,0.0,0.0,0.0,0.0,0.0,0.0,0.0,0.0,0.0,0.0,0.0,0.0,0.0,0.0,0.0,other,17.0
0.0,0.0,-0.418605,0.240741,-0.639535,0.638889,-0.581395,0.972222,-0.418605,1.203704,-0.5,1.0,-0.581395,1.333333,-0.55814,1.351852,-0.511628,1.148148,-0.162791,1.0,-0.186047,1.361111,-0.22093,1.101852,-0.244186,0.814815,0.162791,0.925926,0.139535,1.212963,0.046512,0.888889,0.0,0.62037,0.5,0.796296,0.476744,1.046296,0.348837,0.833333,0.255814,0.62963,0.0,0.0,0.0,0.0,0.0,0.0,0.0,0.0,0.0,0.0,0.0,0.0,0.0,0.0,0.0,0.0,0.0,0.0,0.0,0.0,0.0,0.0,0.0,0.0,0.0,0.0,0.0,0.0,0.0,0.0,0.0,0.0,0.0,0.0,0.0,0.0,0.0,0.0,0.0,0.0,0.0,0.0,0.0,0.0,other,17.0
0.0,0.0,-0.423529,0.230769,-0.658824,0.605769,-0.611765,0.942308,-0.447059,1.182692,-0.517647,1.0,-0.588235,1.336538,-0.564706,1.375,-0.517647,1.173077,-0.188235,0.990385,-0.188235,1.375,-0.235294,1.125,-0.258824,0.836538,0.141176,0.923077,0.129412,1.211538,0.035294,0.903846,-0.011765,0.634615,0.482353,0.798077,0.447059,1.067308,0.329412,0.846154,0.247059,0.634615,0.0,0.0,0.0,0.0,0.0,0.0,0.0,0.0,0.0,0.0,0.0,0.0,0.0,0.0,0.0,0.0,0.0,0.0,0.0,0.0,0.0,0.0,0.0,0.0,0.0,0.0,0.0,0.0,0.0,0.0,0.0,0.0,0.0,0.0,0.0,0.0,0.0,0.0,0.0,0.0,0.0,0.0,0.0,0.0,other,17.0
0.0,0.0,-0.470588,0.244444,-0.705882,0.622222,-0.676471,0.922222,-0.470588,1.1,-0.441176,1.0,-0.514706,1.333333,-0.558824,1.366667,-0.573529,1.211111,-0.132353,1.0,-0.205882,1.388889,-0.294118,1.155556,-0.308824,0.877778,0.191176,0.933333,0.117647,1.222222,0.0,0.911111,0.0,0.622222,0.558824,0.811111,0.455882,1.088889,0.308824,0.866667,0.264706,0.633333,0.0,0.0,0.0,0.0,0.0,0.0,0.0,0.0,0.0,0.0,0.0,0.0,0.0,0.0,0.0,0.0,0.0,0.0,0.0,0.0,0.0,0.0,0.0,0.0,0.0,0.0,0.0,0.0,0.0,0.0,0.0,0.0,0.0,0.0,0.0,0.0,0.0,0.0,0.0,0.0,0.0,0.0,0.0,0.0,other,17.0
0.0,0.0,-0.458333,0.228261,-0.708333,0.630435,-0.625,0.956522,-0.430556,1.141304,-0.458333,1.0,-0.555556,1.326087,-0.611111,1.380435,-0.611111,1.228261,-0.152778,1.01087,-0.208333,1.413043,-0.305556,1.206522,-0.333333,0.923913,0.180556,0.945652,0.097222,1.23913,-0.013889,0.913043,-0.027778,0.630435,0.541667,0.826087,0.430556,1.097826,0.291667,0.869565,0.25,0.641304,0.0,0.0,0.0,0.0,0.0,0.0,0.0,0.0,0.0,0.0,0.0,0.0,0.0,0.0,0.0,0.0,0.0,0.0,0.0,0.0,0.0,0.0,0.0,0.0,0.0,0.0,0.0,0.0,0.0,0.0,0.0,0.0,0.0,0.0,0.0,0.0,0.0,0.0,0.0,0.0,0.0,0.0,0.0,0.0,other,17.0
0.0,0.0,-0.401869,0.240602,-0.598131,0.654135,-0.514019,0.977444,-0.308411,1.150376,-0.373832,1.0,-0.420561,1.315789,-0.457944,1.368421,-0.495327,1.218045,-0.056075,0.992481,-0.065421,1.390977,-0.168224,1.142857,-0.205607,0.87218,0.271028,0.909774,0.233645,1.18797,0.102804,0.857143,0.056075,0.609023,0.626168,0.766917,0.560748,1.007519,0.411215,0.789474,0.345794,0.601504,0.0,0.0,0.0,0.0,0.0,0.0,0.0,0.0,0.0,0.0,0.0,0.0,0.0,0.0,0.0,0.0,0.0,0.0,0.0,0.0,0.0,0.0,0.0,0.0,0.0,0.0,0.0,0.0,0.0,0.0,0.0,0.0,0.0,0.0,0.0,0.0,0.0,0.0,0.0,0.0,0.0,0.0,0.0,0.0,other,17.0
0.0,0.0,-0.413223,0.260606,-0.545455,0.684848,-0.363636,1.006061,-0.165289,1.266667,-0.347107,1.0,-0.404959,1.30303,-0.429752,1.30303,-0.421488,1.133333,0.0,0.987879,0.057851,1.339394,-0.082645,1.042424,-0.140496,0.787879,0.330579,0.890909,0.355372,1.157576,0.165289,0.818182,0.082645,0.587879,0.652893,0.739394,0.661157,0.969697,0.471074,0.751515,0.347107,0.581818,0.0,0.0,0.0,0.0,0.0,0.0,0.0,0.0,0.0,0.0,0.0,0.0,0.0,0.0,0.0,0.0,0.0,0.0,0.0,0.0,0.0,0.0,0.0,0.0,0.0,0.0,0.0,0.0,0.0,0.0,0.0,0.0,0.0,0.0,0.0,0.0,0.0,0.0,0.0,0.0,0.0,0.0,0.0,0.0,other,17.0
0.0,0.0,-0.396694,0.253012,-0.53719,0.650602,-0.396694,0.957831,-0.165289,1.192771,-0.347107,1.0,-0.380165,1.277108,-0.404959,1.295181,-0.413223,1.126506,0.008264,0.981928,0.057851,1.307229,-0.07438,1.018072,-0.140496,0.771084,0.330579,0.885542,0.355372,1.120482,0.173554,0.795181,0.090909,0.572289,0.652893,0.728916,0.661157,0.951807,0.471074,0.722892,0.347107,0.554217,0.0,0.0,0.0,0.0,0.0,0.0,0.0,0.0,0.0,0.0,0.0,0.0,0.0,0.0,0.0,0.0,0.0,0.0,0.0,0.0,0.0,0.0,0.0,0.0,0.0,0.0,0.0,0.0,0.0,0.0,0.0,0.0,0.0,0.0,0.0,0.0,0.0,0.0,0.0,0.0,0.0,0.0,0.0,0.0,other,17.0
0.0,0.0,-0.428571,0.232704,-0.607143,0.622642,-0.571429,0.899371,-0.428571,1.106918,-0.348214,1.0,-0.401786,1.301887,-0.508929,1.283019,-0.580357,1.106918,-0.026786,0.981132,-0.089286,1.308176,-0.223214,1.031447,-0.232143,0.792453,0.303571,0.899371,0.205357,1.119497,0.0625,0.786164,0.044643,0.566038,0.651786,0.754717,0.535714,0.968553,0.366071,0.735849,0.330357,0.572327,0.0,0.0,0.0,0.0,0.0,0.0,0.0,0.0,0.0,0.0,0.0,0.0,0.0,0.0,0.0,0.0,0.0,0.0,0.0,0.0,0.0,0.0,0.0,0.0,0.0,0.0,0.0,0.0,0.0,0.0,0.0,0.0,0.0,0.0,0.0,0.0,0.0,0.0,0.0,0.0,0.0,0.0,0.0,0.0,other,17.0
0.0,0.0,-0.436364,0.231707,-0.654545,0.664634,-0.5,0.963415,-0.254545,1.091463,-0.354545,1.0,-0.463636,1.329268,-0.618182,1.243902,-0.7,1.02439,-0.027273,0.97561,-0.136364,1.292683,-0.290909,0.993902,-0.272727,0.762195,0.309091,0.878049,0.145455,1.097561,0.0,0.762195,0.018182,0.554878,0.645455,0.737805,0.472727,0.939024,0.3,0.70122,0.290909,0.54878,0.0,0.0,0.0,0.0,0.0,0.0,0.0,0.0,0.0,0.0,0.0,0.0,0.0,0.0,0.0,0.0,0.0,0.0,0.0,0.0,0.0,0.0,0.0,0.0,0.0,0.0,0.0,0.0,0.0,0.0,0.0,0.0,0.0,0.0,0.0,0.0,0.0,0.0,0.0,0.0,0.0,0.0,0.0,0.0,other,17.0
0.0,0.0,-0.434343,0.227586,-0.656566,0.627586,-0.606061,0.917241,-0.444444,1.096552,-0.40404,1.0,-0.515152,1.331034,-0.646465,1.248276,-0.69697,1.062069,-0.090909,0.97931,-0.20202,1.303448,-0.323232,0.986207,-0.282828,0.765517,0.252525,0.903448,0.10101,1.110345,-0.010101,0.758621,0.020202,0.565517,0.59596,0.772414,0.444444,0.972414,0.282828,0.724138,0.272727,0.572414,0.0,0.0,0.0,0.0,0.0,0.0,0.0,0.0,0.0,0.0,0.0,0.0,0.0,0.0,0.0,0.0,0.0,0.0,0.0,0.0,0.0,0.0,0.0,0.0,0.0,0.0,0.0,0.0,0.0,0.0,0.0,0.0,0.0,0.0,0.0,0.0,0.0,0.0,0.0,0.0,0.0,0.0,0.0,0.0,other,17.0
0.0,0.0,-0.43662,0.232323,-0.676056,0.575758,-0.647887,0.848485,-0.577465,1.060606,-0.464789,1.0,-0.591549,1.323232,-0.690141,1.282828,-0.71831,1.070707,-0.15493,0.989899,-0.28169,1.323232,-0.366197,1.040404,-0.323944,0.838384,0.183099,0.929293,0.056338,1.131313,-0.042254,0.808081,-0.014085,0.616162,0.535211,0.79798,0.422535,0.979798,0.267606,0.747475,0.253521,0.59596,0.0,0.0,0.0,0.0,0.0,0.0,0.0,0.0,0.0,0.0,0.0,0.0,0.0,0.0,0.0,0.0,0.0,0.0,0.0,0.0,0.0,0.0,0.0,0.0,0.0,0.0,0.0,0.0,0.0,0.0,0.0,0.0,0.0,0.0,0.0,0.0,0.0,0.0,0.0,0.0,0.0,0.0,0.0,0.0,other,17.0
0.0,0.0,-0.439394,0.25,-0.636364,0.613636,-0.545455,0.909091,-0.378788,1.113636,-0.439394,1.0,-0.545455,1.352273,-0.606061,1.295455,-0.606061,1.090909,-0.121212,0.988636,-0.151515,1.375,-0.242424,1.090909,-0.242424,0.829545,0.212121,0.909091,0.166667,1.170455,0.030303,0.829545,0.0,0.590909,0.560606,0.772727,0.484848,1.0,0.333333,0.761364,0.272727,0.579545,0.0,0.0,0.0,0.0,0.0,0.0,0.0,0.0,0.0,0.0,0.0,0.0,0.0,0.0,0.0,0.0,0.0,0.0,0.0,0.0,0.0,0.0,0.0,0.0,0.0,0.0,0.0,0.0,0.0,0.0,0.0,0.0,0.0,0.0,0.0,0.0,0.0,0.0,0.0,0.0,0.0,0.0,0.0,0.0,other,17.0
0.0,0.0,-0.432836,0.21978,-0.656716,0.604396,-0.567164,0.901099,-0.41791,1.098901,-0.432836,1.0,-0.522388,1.340659,-0.58209,1.274725,-0.61194,1.065934,-0.119403,0.989011,-0.179104,1.340659,-0.268657,1.021978,-0.253731,0.78022,0.208955,0.901099,0.134328,1.153846,0.014925,0.802198,0.0,0.593407,0.567164,0.758242,0.477612,0.978022,0.313433,0.736264,0.268657,0.571429,0.0,0.0,0.0,0.0,0.0,0.0,0.0,0.0,0.0,0.0,0.0,0.0,0.0,0.0,0.0,0.0,0.0,0.0,0.0,0.0,0.0,0.0,0.0,0.0,0.0,0.0,0.0,0.0,0.0,0.0,0.0,0.0,0.0,0.0,0.0,0.0,0.0,0.0,0.0,0.0,0.0,0.0,0.0,0.0,other,17.0
0.0,0.0,-0.482353,0.220183,-0.717647,0.642202,-0.670588,0.972477,-0.635294,1.229358,-0.6,1.0,-0.682353,1.33945,-0.752941,1.357798,-0.788235,1.201835,-0.282353,1.018349,-0.364706,1.394495,-0.423529,1.146789,-0.4,0.880734,0.047059,0.972477,-0.058824,1.238532,-0.129412,0.889908,-0.082353,0.614679,0.4,0.880734,0.282353,1.12844,0.176471,0.880734,0.164706,0.669725,0.0,0.0,0.0,0.0,0.0,0.0,0.0,0.0,0.0,0.0,0.0,0.0,0.0,0.0,0.0,0.0,0.0,0.0,0.0,0.0,0.0,0.0,0.0,0.0,0.0,0.0,0.0,0.0,0.0,0.0,0.0,0.0,0.0,0.0,0.0,0.0,0.0,0.0,0.0,0.0,0.0,0.0,0.0,0.0,other,17.0
0.0,0.0,-0.476744,0.221239,-0.697674,0.619469,-0.616279,0.946903,-0.511628,1.185841,-0.534884,1.0,-0.616279,1.309735,-0.674419,1.336283,-0.697674,1.176991,-0.209302,1.00885,-0.27907,1.380531,-0.360465,1.097345,-0.348837,0.831858,0.116279,0.946903,0.023256,1.19469,-0.069767,0.840708,-0.05814,0.60177,0.465116,0.831858,0.360465,1.061947,0.232558,0.814159,0.209302,0.637168,0.0,0.0,0.0,0.0,0.0,0.0,0.0,0.0,0.0,0.0,0.0,0.0,0.0,0.0,0.0,0.0,0.0,0.0,0.0,0.0,0.0,0.0,0.0,0.0,0.0,0.0,0.0,0.0,0.0,0.0,0.0,0.0,0.0,0.0,0.0,0.0,0.0,0.0,0.0,0.0,0.0,0.0,0.0,0.0,other,17.0
0.0,0.0,-0.421687,0.230088,-0.626506,0.619469,-0.590361,0.929204,-0.518072,1.185841,-0.457831,1.0,-0.578313,1.353982,-0.662651,1.318584,-0.662651,1.141593,-0.144578,1.00885,-0.216867,1.415929,-0.313253,1.115044,-0.289157,0.858407,0.192771,0.938053,0.096386,1.212389,-0.024096,0.858407,-0.012048,0.619469,0.542169,0.80531,0.433735,1.044248,0.277108,0.80531,0.240964,0.619469,0.0,0.0,0.0,0.0,0.0,0.0,0.0,0.0,0.0,0.0,0.0,0.0,0.0,0.0,0.0,0.0,0.0,0.0,0.0,0.0,0.0,0.0,0.0,0.0,0.0,0.0,0.0,0.0,0.0,0.0,0.0,0.0,0.0,0.0,0.0,0.0,0.0,0.0,0.0,0.0,0.0,0.0,0.0,0.0,other,17.0
0.0,0.0,-0.447059,0.223214,-0.635294,0.660714,-0.529412,1.008929,-0.388235,1.276786,-0.494118,1.0,-0.611765,1.348214,-0.682353,1.294643,-0.682353,1.089286,-0.176471,1.008929,-0.258824,1.410714,-0.341176,1.107143,-0.305882,0.848214,0.152941,0.946429,0.058824,1.214286,-0.047059,0.848214,-0.023529,0.607143,0.505882,0.830357,0.4,1.0625,0.258824,0.803571,0.235294,0.633929,0.0,0.0,0.0,0.0,0.0,0.0,0.0,0.0,0.0,0.0,0.0,0.0,0.0,0.0,0.0,0.0,0.0,0.0,0.0,0.0,0.0,0.0,0.0,0.0,0.0,0.0,0.0,0.0,0.0,0.0,0.0,0.0,0.0,0.0,0.0,0.0,0.0,0.0,0.0,0.0,0.0,0.0,0.0,0.0,other,17.0
0.0,0.0,-0.4375,0.222222,-0.65,0.601852,-0.6,0.916667,-0.5,1.148148,-0.5125,1.0,-0.5875,1.342593,-0.675,1.324074,-0.6875,1.138889,-0.1875,1.009259,-0.25,1.407407,-0.35,1.138889,-0.35,0.87037,0.1375,0.944444,0.0625,1.212963,-0.05,0.851852,-0.05,0.611111,0.4875,0.824074,0.375,1.055556,0.2375,0.796296,0.2125,0.611111,0.0,0.0,0.0,0.0,0.0,0.0,0.0,0.0,0.0,0.0,0.0,0.0,0.0,0.0,0.0,0.0,0.0,0.0,0.0,0.0,0.0,0.0,0.0,0.0,0.0,0.0,0.0,0.0,0.0,0.0,0.0,0.0,0.0,0.0,0.0,0.0,0.0,0.0,0.0,0.0,0.0,0.0,0.0,0.0,other,17.0
0.0,0.0,-0.478261,0.25,-0.710145,0.652174,-0.666667,0.978261,-0.57971,1.228261,-0.565217,1.0,-0.681159,1.315217,-0.753623,1.347826,-0.782609,1.206522,-0.26087,1.01087,-0.318841,1.413043,-0.405797,1.217391,-0.42029,0.967391,0.072464,0.967391,-0.014493,1.23913,-0.101449,0.913043,-0.101449,0.652174,0.434783,0.869565,0.318841,1.108696,0.202899,0.869565,0.173913,0.673913,0.0,0.0,0.0,0.0,0.0,0.0,0.0,0.0,0.0,0.0,0.0,0.0,0.0,0.0,0.0,0.0,0.0,0.0,0.0,0.0,0.0,0.0,0.0,0.0,0.0,0.0,0.0,0.0,0.0,0.0,0.0,0.0,0.0,0.0,0.0,0.0,0.0,0.0,0.0,0.0,0.0,0.0,0.0,0.0,other,17.0
0.0,0.0,-0.423729,0.22973,-0.627119,0.594595,-0.610169,0.905405,-0.542373,1.148649,-0.559322,1.0,-0.661017,1.283784,-0.694915,1.310811,-0.661017,1.162162,-0.237288,1.013514,-0.305085,1.378378,-0.322034,1.081081,-0.288136,0.810811,0.084746,0.959459,0.033898,1.189189,-0.033898,0.837838,-0.033898,0.608108,0.440678,0.837838,0.372881,1.067568,0.271186,0.810811,0.220339,0.621622,0.0,0.0,0.0,0.0,0.0,0.0,0.0,0.0,0.0,0.0,0.0,0.0,0.0,0.0,0.0,0.0,0.0,0.0,0.0,0.0,0.0,0.0,0.0,0.0,0.0,0.0,0.0,0.0,0.0,0.0,0.0,0.0,0.0,0.0,0.0,0.0,0.0,0.0,0.0,0.0,0.0,0.0,0.0,0.0,other,17.0
0.0,0.0,-0.384615,0.193548,-0.634615,0.516129,-0.711538,0.822581,-0.673077,1.096774,-0.596154,1.0,-0.730769,1.322581,-0.711538,1.370968,-0.653846,1.225806,-0.269231,1.032258,-0.346154,1.387097,-0.346154,1.129032,-0.346154,0.887097,0.057692,0.983871,0.038462,1.241935,-0.019231,0.903226,-0.057692,0.66129,0.403846,0.870968,0.384615,1.112903,0.269231,0.870968,0.192308,0.66129,0.0,0.0,0.0,0.0,0.0,0.0,0.0,0.0,0.0,0.0,0.0,0.0,0.0,0.0,0.0,0.0,0.0,0.0,0.0,0.0,0.0,0.0,0.0,0.0,0.0,0.0,0.0,0.0,0.0,0.0,0.0,0.0,0.0,0.0,0.0,0.0,0.0,0.0,0.0,0.0,0.0,0.0,0.0,0.0,other,17.0
0.0,0.0,-0.45098,0.241935,-0.666667,0.629032,-0.647059,0.951613,-0.588235,1.193548,-0.568627,1.0,-0.686275,1.306452,-0.72549,1.370968,-0.705882,1.241935,-0.254902,1.016129,-0.294118,1.419355,-0.352941,1.258065,-0.372549,0.983871,0.078431,0.967742,0.019608,1.241935,-0.058824,0.919355,-0.078431,0.66129,0.431373,0.83871,0.372549,1.112903,0.254902,0.887097,0.196078,0.66129,0.0,0.0,0.0,0.0,0.0,0.0,0.0,0.0,0.0,0.0,0.0,0.0,0.0,0.0,0.0,0.0,0.0,0.0,0.0,0.0,0.0,0.0,0.0,0.0,0.0,0.0,0.0,0.0,0.0,0.0,0.0,0.0,0.0,0.0,0.0,0.0,0.0,0.0,0.0,0.0,0.0,0.0,0.0,0.0,other,17.0
0.0,0.0,-0.45283,0.212121,-0.716981,0.575758,-0.735849,0.893939,-0.679245,1.136364,-0.603774,1.0,-0.754717,1.333333,-0.792453,1.378788,-0.773585,1.227273,-0.301887,1.015152,-0.377358,1.439394,-0.433962,1.227273,-0.433962,0.954545,0.037736,0.969697,-0.018868,1.272727,-0.09434,0.939394,-0.09434,0.666667,0.396226,0.848485,0.339623,1.121212,0.226415,0.863636,0.169811,0.651515,0.0,0.0,0.0,0.0,0.0,0.0,0.0,0.0,0.0,0.0,0.0,0.0,0.0,0.0,0.0,0.0,0.0,0.0,0.0,0.0,0.0,0.0,0.0,0.0,0.0,0.0,0.0,0.0,0.0,0.0,0.0,0.0,0.0,0.0,0.0,0.0,0.0,0.0,0.0,0.0,0.0,0.0,0.0,0.0,other,17.0
0.0,0.0,0.38806,0.170732,0.537313,0.585366,0.343284,0.914634,0.059701,1.121951,0.507463,1.0,0.522388,1.54878,0.492537,1.902439,0.432836,2.182927,0.179104,1.036585,0.164179,1.585366,0.179104,1.97561,0.179104,2.268293,-0.164179,0.97561,-0.208955,1.231707,-0.149254,0.987805,-0.089552,0.780488,-0.492537,0.853659,-0.492537,1.085366,-0.41791,0.926829,-0.373134,0.768293,0.0,0.0,0.0,0.0,0.0,0.0,0.0,0.0,0.0,0.0,0.0,0.0,0.0,0.0,0.0,0.0,0.0,0.0,0.0,0.0,0.0,0.0,0.0,0.0,0.0,0.0,0.0,0.0,0.0,0.0,0.0,0.0,0.0,0.0,0.0,0.0,0.0,0.0,0.0,0.0,0.0,0.0,0.0,0.0,other,18.0
0.0,0.0,0.451613,0.183908,0.66129,0.54023,0.290323,0.758621,-0.096774,0.862069,0.580645,1.0,0.629032,1.390805,0.612903,1.643678,0.580645,1.862069,0.225806,1.022989,0.290323,1.482759,0.306452,1.781609,0.306452,2.034483,-0.096774,0.942529,-0.145161,1.172414,-0.048387,0.91954,0.0,0.712644,-0.419355,0.781609,-0.387097,0.931034,-0.241935,0.735632,-0.16129,0.574713,0.0,0.0,0.0,0.0,0.0,0.0,0.0,0.0,0.0,0.0,0.0,0.0,0.0,0.0,0.0,0.0,0.0,0.0,0.0,0.0,0.0,0.0,0.0,0.0,0.0,0.0,0.0,0.0,0.0,0.0,0.0,0.0,0.0,0.0,0.0,0.0,0.0,0.0,0.0,0.0,0.0,0.0,0.0,0.0,other,18.0
0.0,0.0,0.444444,0.177778,0.650794,0.533333,0.285714,0.755556,-0.095238,0.855556,0.571429,1.0,0.619048,1.366667,0.619048,1.611111,0.603175,1.811111,0.222222,1.022222,0.285714,1.477778,0.301587,1.766667,0.301587,1.988889,-0.111111,0.944444,-0.142857,1.166667,-0.063492,0.9,-0.015873,0.688889,-0.428571,0.811111,-0.428571,0.988889,-0.301587,0.8,-0.238095,0.622222,0.0,0.0,0.0,0.0,0.0,0.0,0.0,0.0,0.0,0.0,0.0,0.0,0.0,0.0,0.0,0.0,0.0,0.0,0.0,0.0,0.0,0.0,0.0,0.0,0.0,0.0,0.0,0.0,0.0,0.0,0.0,0.0,0.0,0.0,0.0,0.0,0.0,0.0,0.0,0.0,0.0,0.0,0.0,0.0,other,18.0
0.0,0.0,0.45,0.176471,0.666667,0.552941,0.3,0.776471,-0.083333,0.858824,0.6,1.0,0.65,1.376471,0.65,1.623529,0.616667,1.835294,0.25,1.035294,0.316667,1.494118,0.333333,1.788235,0.35,2.035294,-0.066667,0.952941,-0.15,1.164706,-0.05,0.894118,0.016667,0.682353,-0.4,0.811765,-0.416667,1.0,-0.3,0.811765,-0.233333,0.647059,0.0,0.0,0.0,0.0,0.0,0.0,0.0,0.0,0.0,0.0,0.0,0.0,0.0,0.0,0.0,0.0,0.0,0.0,0.0,0.0,0.0,0.0,0.0,0.0,0.0,0.0,0.0,0.0,0.0,0.0,0.0,0.0,0.0,0.0,0.0,0.0,0.0,0.0,0.0,0.0,0.0,0.0,0.0,0.0,other,18.0
0.0,0.0,0.457627,0.185185,0.694915,0.580247,0.355932,0.864198,0.0,0.962963,0.644068,1.0,0.711864,1.395062,0.728814,1.666667,0.711864,1.876543,0.305085,1.037037,0.389831,1.518519,0.423729,1.82716,0.440678,2.074074,-0.016949,0.962963,-0.067797,1.222222,0.0,0.950617,0.033898,0.716049,-0.355932,0.839506,-0.372881,1.061728,-0.271186,0.864198,-0.20339,0.679012,0.0,0.0,0.0,0.0,0.0,0.0,0.0,0.0,0.0,0.0,0.0,0.0,0.0,0.0,0.0,0.0,0.0,0.0,0.0,0.0,0.0,0.0,0.0,0.0,0.0,0.0,0.0,0.0,0.0,0.0,0.0,0.0,0.0,0.0,0.0,0.0,0.0,0.0,0.0,0.0,0.0,0.0,0.0,0.0,other,18.0
0.0,0.0,0.433333,0.209877,0.666667,0.592593,0.333333,0.839506,-0.05,0.950617,0.6,1.0,0.683333,1.382716,0.683333,1.641975,0.666667,1.851852,0.25,1.037037,0.316667,1.506173,0.333333,1.802469,0.333333,2.049383,-0.066667,0.962963,-0.15,1.197531,-0.066667,0.925926,0.0,0.703704,-0.4,0.839506,-0.416667,1.024691,-0.3,0.839506,-0.216667,0.654321,0.0,0.0,0.0,0.0,0.0,0.0,0.0,0.0,0.0,0.0,0.0,0.0,0.0,0.0,0.0,0.0,0.0,0.0,0.0,0.0,0.0,0.0,0.0,0.0,0.0,0.0,0.0,0.0,0.0,0.0,0.0,0.0,0.0,0.0,0.0,0.0,0.0,0.0,0.0,0.0,0.0,0.0,0.0,0.0,other,18.0
0.0,0.0,0.442623,0.21519,0.622951,0.620253,0.262295,0.898734,-0.114754,0.987342,0.622951,1.0,0.655738,1.417722,0.639344,1.696203,0.590164,1.936709,0.262295,1.025316,0.295082,1.531646,0.311475,1.860759,0.311475,2.139241,-0.065574,0.962025,-0.196721,1.202532,-0.098361,0.936709,-0.032787,0.721519,-0.377049,0.848101,-0.442623,1.050633,-0.327869,0.873418,-0.245902,0.708861,0.0,0.0,0.0,0.0,0.0,0.0,0.0,0.0,0.0,0.0,0.0,0.0,0.0,0.0,0.0,0.0,0.0,0.0,0.0,0.0,0.0,0.0,0.0,0.0,0.0,0.0,0.0,0.0,0.0,0.0,0.0,0.0,0.0,0.0,0.0,0.0,0.0,0.0,0.0,0.0,0.0,0.0,0.0,0.0,other,18.0
0.0,0.0,0.451613,0.231707,0.645161,0.609756,0.33871,0.878049,-0.016129,0.963415,0.612903,1.0,0.677419,1.414634,0.66129,1.682927,0.612903,1.914634,0.274194,1.02439,0.290323,1.52439,0.290323,1.853659,0.290323,2.109756,-0.064516,0.963415,-0.129032,1.207317,-0.048387,0.95122,0.0,0.719512,-0.387097,0.853659,-0.403226,1.060976,-0.306452,0.890244,-0.241935,0.719512,0.0,0.0,0.0,0.0,0.0,0.0,0.0,0.0,0.0,0.0,0.0,0.0,0.0,0.0,0.0,0.0,0.0,0.0,0.0,0.0,0.0,0.0,0.0,0.0,0.0,0.0,0.0,0.0,0.0,0.0,0.0,0.0,0.0,0.0,0.0,0.0,0.0,0.0,0.0,0.0,0.0,0.0,0.0,0.0,other,18.0
0.0,0.0,0.448276,0.182927,0.655172,0.560976,0.293103,0.780488,-0.103448,0.853659,0.586207,1.0,0.637931,1.390244,0.62069,1.646341,0.586207,1.865854,0.224138,1.02439,0.258621,1.487805,0.275862,1.792683,0.275862,2.02439,-0.103448,0.939024,-0.172414,1.134146,-0.086207,0.865854,-0.017241,0.646341,-0.413793,0.804878,-0.431034,0.963415,-0.310345,0.768293,-0.224138,0.597561,0.0,0.0,0.0,0.0,0.0,0.0,0.0,0.0,0.0,0.0,0.0,0.0,0.0,0.0,0.0,0.0,0.0,0.0,0.0,0.0,0.0,0.0,0.0,0.0,0.0,0.0,0.0,0.0,0.0,0.0,0.0,0.0,0.0,0.0,0.0,0.0,0.0,0.0,0.0,0.0,0.0,0.0,0.0,0.0,other,18.0
0.0,0.0,0.45,0.178571,0.666667,0.535714,0.283333,0.761905,-0.116667,0.857143,0.583333,1.0,0.616667,1.380952,0.6,1.642857,0.583333,1.857143,0.233333,1.02381,0.25,1.488095,0.25,1.785714,0.25,2.02381,-0.1,0.940476,-0.183333,1.154762,-0.066667,0.869048,0.0,0.666667,-0.416667,0.797619,-0.433333,0.952381,-0.283333,0.75,-0.2,0.583333,0.0,0.0,0.0,0.0,0.0,0.0,0.0,0.0,0.0,0.0,0.0,0.0,0.0,0.0,0.0,0.0,0.0,0.0,0.0,0.0,0.0,0.0,0.0,0.0,0.0,0.0,0.0,0.0,0.0,0.0,0.0,0.0,0.0,0.0,0.0,0.0,0.0,0.0,0.0,0.0,0.0,0.0,0.0,0.0,other,18.0
0.0,0.0,0.459016,0.180723,0.721311,0.542169,0.409836,0.831325,0.04918,0.987952,0.688525,1.0,0.754098,1.373494,0.754098,1.638554,0.737705,1.843373,0.344262,1.024096,0.42623,1.481928,0.442623,1.783133,0.459016,2.024096,0.016393,0.951807,-0.04918,1.156627,0.032787,0.879518,0.081967,0.662651,-0.311475,0.819277,-0.295082,0.975904,-0.196721,0.746988,-0.114754,0.554217,0.0,0.0,0.0,0.0,0.0,0.0,0.0,0.0,0.0,0.0,0.0,0.0,0.0,0.0,0.0,0.0,0.0,0.0,0.0,0.0,0.0,0.0,0.0,0.0,0.0,0.0,0.0,0.0,0.0,0.0,0.0,0.0,0.0,0.0,0.0,0.0,0.0,0.0,0.0,0.0,0.0,0.0,0.0,0.0,other,18.0
0.0,0.0,0.474576,0.195122,0.728814,0.573171,0.389831,0.853659,0.016949,0.97561,0.644068,1.0,0.694915,1.365854,0.677966,1.609756,0.661017,1.817073,0.288136,1.012195,0.338983,1.47561,0.372881,1.756098,0.372881,1.97561,-0.033898,0.926829,-0.101695,1.134146,-0.016949,0.853659,0.050847,0.646341,-0.355932,0.792683,-0.355932,0.95122,-0.254237,0.743902,-0.186441,0.560976,0.0,0.0,0.0,0.0,0.0,0.0,0.0,0.0,0.0,0.0,0.0,0.0,0.0,0.0,0.0,0.0,0.0,0.0,0.0,0.0,0.0,0.0,0.0,0.0,0.0,0.0,0.0,0.0,0.0,0.0,0.0,0.0,0.0,0.0,0.0,0.0,0.0,0.0,0.0,0.0,0.0,0.0,0.0,0.0,other,18.0
0.0,0.0,0.438596,0.194805,0.719298,0.571429,0.421053,0.857143,0.052632,0.961039,0.649123,1.0,0.684211,1.402597,0.666667,1.662338,0.649123,1.87013,0.298246,1.025974,0.350877,1.506494,0.350877,1.805195,0.368421,2.051948,-0.035088,0.948052,-0.087719,1.168831,0.0,0.922078,0.052632,0.701299,-0.350877,0.805195,-0.368421,1.0,-0.263158,0.792208,-0.192982,0.61039,0.0,0.0,0.0,0.0,0.0,0.0,0.0,0.0,0.0,0.0,0.0,0.0,0.0,0.0,0.0,0.0,0.0,0.0,0.0,0.0,0.0,0.0,0.0,0.0,0.0,0.0,0.0,0.0,0.0,0.0,0.0,0.0,0.0,0.0,0.0,0.0,0.0,0.0,0.0,0.0,0.0,0.0,0.0,0.0,other,18.0
0.0,0.0,0.45614,0.202381,0.719298,0.547619,0.45614,0.77381,0.105263,0.869048,0.508772,1.0,0.561404,1.345238,0.578947,1.583333,0.561404,1.77381,0.157895,1.0,0.22807,1.452381,0.263158,1.72619,0.263158,1.940476,-0.157895,0.916667,-0.122807,1.119048,0.017544,0.869048,0.105263,0.666667,-0.491228,0.761905,-0.385965,0.940476,-0.210526,0.738095,-0.122807,0.535714,0.0,0.0,0.0,0.0,0.0,0.0,0.0,0.0,0.0,0.0,0.0,0.0,0.0,0.0,0.0,0.0,0.0,0.0,0.0,0.0,0.0,0.0,0.0,0.0,0.0,0.0,0.0,0.0,0.0,0.0,0.0,0.0,0.0,0.0,0.0,0.0,0.0,0.0,0.0,0.0,0.0,0.0,0.0,0.0,other,18.0
0.0,0.0,0.47541,0.188889,0.737705,0.555556,0.442623,0.811111,0.081967,0.922222,0.57377,1.0,0.639344,1.388889,0.639344,1.644444,0.622951,1.855556,0.213115,1.011111,0.295082,1.466667,0.311475,1.766667,0.327869,2.0,-0.098361,0.933333,-0.065574,1.177778,0.032787,0.922222,0.081967,0.688889,-0.42623,0.788889,-0.377049,0.988889,-0.245902,0.8,-0.163934,0.6,0.0,0.0,0.0,0.0,0.0,0.0,0.0,0.0,0.0,0.0,0.0,0.0,0.0,0.0,0.0,0.0,0.0,0.0,0.0,0.0,0.0,0.0,0.0,0.0,0.0,0.0,0.0,0.0,0.0,0.0,0.0,0.0,0.0,0.0,0.0,0.0,0.0,0.0,0.0,0.0,0.0,0.0,0.0,0.0,other,18.0
0.0,0.0,0.445946,0.203704,0.675676,0.611111,0.351351,0.87037,-0.040541,0.972222,0.472973,1.0,0.527027,1.388889,0.527027,1.638889,0.527027,1.851852,0.108108,1.018519,0.175676,1.490741,0.202703,1.787037,0.216216,2.027778,-0.216216,0.935185,-0.162162,1.175926,-0.040541,0.907407,0.027027,0.675926,-0.527027,0.805556,-0.472973,1.018519,-0.310811,0.805556,-0.22973,0.592593,0.0,0.0,0.0,0.0,0.0,0.0,0.0,0.0,0.0,0.0,0.0,0.0,0.0,0.0,0.0,0.0,0.0,0.0,0.0,0.0,0.0,0.0,0.0,0.0,0.0,0.0,0.0,0.0,0.0,0.0,0.0,0.0,0.0,0.0,0.0,0.0,0.0,0.0,0.0,0.0,0.0,0.0,0.0,0.0,other,18.0
0.0,0.0,0.438202,0.207143,0.662921,0.592857,0.325843,0.821429,-0.101124,0.9,0.41573,1.0,0.449438,1.357143,0.438202,1.578571,0.41573,1.778571,0.044944,1.0,0.078652,1.435714,0.089888,1.714286,0.078652,1.935714,-0.280899,0.914286,-0.258427,1.128571,-0.089888,0.85,0.0,0.628571,-0.58427,0.764286,-0.516854,0.942857,-0.325843,0.742857,-0.235955,0.55,0.0,0.0,0.0,0.0,0.0,0.0,0.0,0.0,0.0,0.0,0.0,0.0,0.0,0.0,0.0,0.0,0.0,0.0,0.0,0.0,0.0,0.0,0.0,0.0,0.0,0.0,0.0,0.0,0.0,0.0,0.0,0.0,0.0,0.0,0.0,0.0,0.0,0.0,0.0,0.0,0.0,0.0,0.0,0.0,other,18.0
0.0,0.0,0.455446,0.208861,0.663366,0.594937,0.336634,0.822785,-0.069307,0.905063,0.39604,1.0,0.445545,1.348101,0.455446,1.575949,0.445545,1.772152,0.039604,1.0,0.089109,1.436709,0.128713,1.71519,0.148515,1.93038,-0.287129,0.911392,-0.257426,1.139241,-0.079208,0.860759,0.009901,0.626582,-0.60396,0.765823,-0.524752,0.968354,-0.326733,0.765823,-0.237624,0.56962,0.0,0.0,0.0,0.0,0.0,0.0,0.0,0.0,0.0,0.0,0.0,0.0,0.0,0.0,0.0,0.0,0.0,0.0,0.0,0.0,0.0,0.0,0.0,0.0,0.0,0.0,0.0,0.0,0.0,0.0,0.0,0.0,0.0,0.0,0.0,0.0,0.0,0.0,0.0,0.0,0.0,0.0,0.0,0.0,other,18.0
0.0,0.0,0.466667,0.206522,0.683333,0.597826,0.358333,0.831522,-0.066667,0.907609,0.433333,1.0,0.508333,1.336957,0.508333,1.548913,0.483333,1.73913,0.083333,1.01087,0.141667,1.418478,0.175,1.690217,0.175,1.907609,-0.25,0.929348,-0.225,1.130435,-0.05,0.836957,0.033333,0.608696,-0.566667,0.793478,-0.508333,0.983696,-0.325,0.782609,-0.233333,0.592391,0.0,0.0,0.0,0.0,0.0,0.0,0.0,0.0,0.0,0.0,0.0,0.0,0.0,0.0,0.0,0.0,0.0,0.0,0.0,0.0,0.0,0.0,0.0,0.0,0.0,0.0,0.0,0.0,0.0,0.0,0.0,0.0,0.0,0.0,0.0,0.0,0.0,0.0,0.0,0.0,0.0,0.0,0.0,0.0,other,18.0
0.0,0.0,0.474576,0.209677,0.686441,0.602151,0.389831,0.844086,-0.025424,0.892473,0.381356,1.0,0.440678,1.33871,0.449153,1.553763,0.440678,1.747312,0.033898,1.010753,0.084746,1.424731,0.135593,1.698925,0.161017,1.919355,-0.29661,0.930108,-0.245763,1.134409,-0.059322,0.849462,0.042373,0.612903,-0.618644,0.790323,-0.533898,0.989247,-0.330508,0.795699,-0.220339,0.602151,0.0,0.0,0.0,0.0,0.0,0.0,0.0,0.0,0.0,0.0,0.0,0.0,0.0,0.0,0.0,0.0,0.0,0.0,0.0,0.0,0.0,0.0,0.0,0.0,0.0,0.0,0.0,0.0,0.0,0.0,0.0,0.0,0.0,0.0,0.0,0.0,0.0,0.0,0.0,0.0,0.0,0.0,0.0,0.0,other,18.0
0.0,0.0,0.490909,0.195652,0.727273,0.586957,0.427273,0.826087,0.027273,0.880435,0.363636,1.0,0.418182,1.347826,0.436364,1.565217,0.445455,1.755435,0.009091,1.005435,0.063636,1.434783,0.127273,1.711957,0.163636,1.929348,-0.318182,0.918478,-0.227273,1.152174,-0.036364,0.858696,0.063636,0.625,-0.636364,0.777174,-0.490909,0.978261,-0.290909,0.766304,-0.190909,0.559783,0.0,0.0,0.0,0.0,0.0,0.0,0.0,0.0,0.0,0.0,0.0,0.0,0.0,0.0,0.0,0.0,0.0,0.0,0.0,0.0,0.0,0.0,0.0,0.0,0.0,0.0,0.0,0.0,0.0,0.0,0.0,0.0,0.0,0.0,0.0,0.0,0.0,0.0,0.0,0.0,0.0,0.0,0.0,0.0,other,18.0
0.0,0.0,0.521277,0.222222,0.744681,0.620915,0.43617,0.882353,0.021277,0.928105,0.361702,1.0,0.414894,1.372549,0.425532,1.601307,0.43617,1.803922,0.010638,1.006536,0.053191,1.464052,0.117021,1.75817,0.159574,1.986928,-0.319149,0.934641,-0.234043,1.196078,-0.042553,0.901961,0.053191,0.653595,-0.638298,0.797386,-0.5,1.03268,-0.287234,0.823529,-0.180851,0.607843,0.0,0.0,0.0,0.0,0.0,0.0,0.0,0.0,0.0,0.0,0.0,0.0,0.0,0.0,0.0,0.0,0.0,0.0,0.0,0.0,0.0,0.0,0.0,0.0,0.0,0.0,0.0,0.0,0.0,0.0,0.0,0.0,0.0,0.0,0.0,0.0,0.0,0.0,0.0,0.0,0.0,0.0,0.0,0.0,other,18.0
0.0,0.0,0.527027,0.254098,0.756757,0.631148,0.418919,0.852459,-0.013514,0.860656,0.324324,1.0,0.378378,1.360656,0.391892,1.590164,0.391892,1.803279,-0.027027,1.0,0.013514,1.442623,0.081081,1.729508,0.121622,1.959016,-0.364865,0.909836,-0.243243,1.147541,-0.040541,0.860656,0.054054,0.622951,-0.675676,0.770492,-0.513514,1.016393,-0.324324,0.819672,-0.243243,0.614754,0.0,0.0,0.0,0.0,0.0,0.0,0.0,0.0,0.0,0.0,0.0,0.0,0.0,0.0,0.0,0.0,0.0,0.0,0.0,0.0,0.0,0.0,0.0,0.0,0.0,0.0,0.0,0.0,0.0,0.0,0.0,0.0,0.0,0.0,0.0,0.0,0.0,0.0,0.0,0.0,0.0,0.0,0.0,0.0,other,18.0
0.0,0.0,0.492537,0.226415,0.761194,0.575472,0.462687,0.792453,0.029851,0.839623,0.38806,1.0,0.447761,1.367925,0.432836,1.603774,0.432836,1.811321,0.029851,1.009434,0.089552,1.45283,0.134328,1.754717,0.149254,2.0,-0.298507,0.924528,-0.19403,1.141509,-0.014925,0.849057,0.089552,0.603774,-0.61194,0.773585,-0.477612,0.981132,-0.298507,0.783019,-0.19403,0.59434,0.0,0.0,0.0,0.0,0.0,0.0,0.0,0.0,0.0,0.0,0.0,0.0,0.0,0.0,0.0,0.0,0.0,0.0,0.0,0.0,0.0,0.0,0.0,0.0,0.0,0.0,0.0,0.0,0.0,0.0,0.0,0.0,0.0,0.0,0.0,0.0,0.0,0.0,0.0,0.0,0.0,0.0,0.0,0.0,other,18.0
0.0,0.0,0.477612,0.204082,0.731343,0.602041,0.447761,0.887755,0.029851,0.989796,0.537313,1.0,0.626866,1.387755,0.641791,1.632653,0.626866,1.857143,0.179104,1.030612,0.283582,1.489796,0.328358,1.795918,0.358209,2.040816,-0.149254,0.959184,-0.104478,1.183673,0.0,0.908163,0.044776,0.663265,-0.462687,0.836735,-0.41791,1.061224,-0.268657,0.877551,-0.19403,0.673469,0.0,0.0,0.0,0.0,0.0,0.0,0.0,0.0,0.0,0.0,0.0,0.0,0.0,0.0,0.0,0.0,0.0,0.0,0.0,0.0,0.0,0.0,0.0,0.0,0.0,0.0,0.0,0.0,0.0,0.0,0.0,0.0,0.0,0.0,0.0,0.0,0.0,0.0,0.0,0.0,0.0,0.0,0.0,0.0,other,18.0
0.0,0.0,0.471429,0.2,0.685714,0.61,0.314286,0.87,-0.1,0.94,0.485714,1.0,0.528571,1.38,0.5,1.63,0.471429,1.83,0.128571,1.0,0.157143,1.46,0.171429,1.77,0.157143,2.01,-0.2,0.91,-0.228571,1.15,-0.085714,0.88,-0.014286,0.65,-0.514286,0.76,-0.5,0.98,-0.328571,0.79,-0.228571,0.59,0.0,0.0,0.0,0.0,0.0,0.0,0.0,0.0,0.0,0.0,0.0,0.0,0.0,0.0,0.0,0.0,0.0,0.0,0.0,0.0,0.0,0.0,0.0,0.0,0.0,0.0,0.0,0.0,0.0,0.0,0.0,0.0,0.0,0.0,0.0,0.0,0.0,0.0,0.0,0.0,0.0,0.0,0.0,0.0,other,18.0
0.0,0.0,0.492537,0.245098,0.686567,0.627451,0.313433,0.862745,-0.134328,0.901961,0.402985,1.0,0.447761,1.352941,0.432836,1.588235,0.402985,1.784314,0.044776,1.0,0.089552,1.45098,0.104478,1.72549,0.089552,1.95098,-0.283582,0.901961,-0.283582,1.117647,-0.089552,0.852941,0.014925,0.637255,-0.597015,0.754902,-0.522388,0.95098,-0.328358,0.764706,-0.208955,0.578431,0.0,0.0,0.0,0.0,0.0,0.0,0.0,0.0,0.0,0.0,0.0,0.0,0.0,0.0,0.0,0.0,0.0,0.0,0.0,0.0,0.0,0.0,0.0,0.0,0.0,0.0,0.0,0.0,0.0,0.0,0.0,0.0,0.0,0.0,0.0,0.0,0.0,0.0,0.0,0.0,0.0,0.0,0.0,0.0,other,18.0
0.0,0.0,-0.455696,0.22549,-0.620253,0.696078,-0.518987,1.098039,-0.468354,1.392157,-0.405063,1.0,-0.417722,1.401961,-0.405063,1.705882,-0.379747,1.960784,-0.075949,1.009804,-0.101266,1.441176,-0.126582,1.676471,-0.126582,1.852941,0.265823,0.941176,0.303797,1.235294,0.177215,0.882353,0.113924,0.578431,0.594937,0.813725,0.556962,1.058824,0.43038,0.813725,0.379747,0.578431,0.0,0.0,0.0,0.0,0.0,0.0,0.0,0.0,0.0,0.0,0.0,0.0,0.0,0.0,0.0,0.0,0.0,0.0,0.0,0.0,0.0,0.0,0.0,0.0,0.0,0.0,0.0,0.0,0.0,0.0,0.0,0.0,0.0,0.0,0.0,0.0,0.0,0.0,0.0,0.0,0.0,0.0,0.0,0.0,other,19.0
0.0,0.0,-0.48,0.287356,-0.693333,0.735632,-0.626667,1.172414,-0.56,1.494253,-0.64,1.0,-0.853333,1.436782,-0.986667,1.735632,-1.066667,2.0,-0.293333,1.045977,-0.293333,1.54023,-0.28,1.896552,-0.226667,2.195402,0.04,0.977011,0.026667,1.275862,-0.013333,0.91954,-0.013333,0.62069,0.36,0.862069,0.293333,1.126437,0.226667,0.862069,0.213333,0.62069,0.0,0.0,0.0,0.0,0.0,0.0,0.0,0.0,0.0,0.0,0.0,0.0,0.0,0.0,0.0,0.0,0.0,0.0,0.0,0.0,0.0,0.0,0.0,0.0,0.0,0.0,0.0,0.0,0.0,0.0,0.0,0.0,0.0,0.0,0.0,0.0,0.0,0.0,0.0,0.0,0.0,0.0,0.0,0.0,other,19.0
0.0,0.0,-0.444444,0.278351,-0.625,0.721649,-0.458333,1.113402,-0.333333,1.402062,-0.513889,1.0,-0.638889,1.42268,-0.694444,1.701031,-0.736111,1.948454,-0.152778,1.0,-0.013889,1.453608,0.083333,1.773196,0.222222,2.030928,0.180556,0.886598,0.277778,1.113402,0.152778,0.793814,0.083333,0.525773,0.486111,0.742268,0.5,0.948454,0.375,0.71134,0.305556,0.494845,0.0,0.0,0.0,0.0,0.0,0.0,0.0,0.0,0.0,0.0,0.0,0.0,0.0,0.0,0.0,0.0,0.0,0.0,0.0,0.0,0.0,0.0,0.0,0.0,0.0,0.0,0.0,0.0,0.0,0.0,0.0,0.0,0.0,0.0,0.0,0.0,0.0,0.0,0.0,0.0,0.0,0.0,0.0,0.0,other,19.0
0.0,0.0,-0.416667,0.313725,-0.513889,0.754902,-0.333333,1.117647,-0.194444,1.372549,-0.430556,1.0,-0.527778,1.411765,-0.569444,1.696078,-0.569444,1.941176,-0.069444,0.970588,0.083333,1.372549,0.194444,1.686275,0.333333,1.941176,0.277778,0.852941,0.361111,1.098039,0.236111,0.784314,0.180556,0.519608,0.569444,0.696078,0.555556,0.901961,0.444444,0.666667,0.388889,0.460784,0.0,0.0,0.0,0.0,0.0,0.0,0.0,0.0,0.0,0.0,0.0,0.0,0.0,0.0,0.0,0.0,0.0,0.0,0.0,0.0,0.0,0.0,0.0,0.0,0.0,0.0,0.0,0.0,0.0,0.0,0.0,0.0,0.0,0.0,0.0,0.0,0.0,0.0,0.0,0.0,0.0,0.0,0.0,0.0,other,19.0
0.0,0.0,-0.447368,0.306931,-0.552632,0.762376,-0.381579,1.128713,-0.289474,1.415842,-0.460526,1.0,-0.539474,1.445545,-0.592105,1.722772,-0.605263,1.960396,-0.092105,0.980198,0.026316,1.415842,0.118421,1.742574,0.25,2.009901,0.236842,0.861386,0.289474,1.049505,0.184211,0.732673,0.144737,0.485149,0.539474,0.712871,0.526316,0.920792,0.434211,0.673267,0.394737,0.475248,0.0,0.0,0.0,0.0,0.0,0.0,0.0,0.0,0.0,0.0,0.0,0.0,0.0,0.0,0.0,0.0,0.0,0.0,0.0,0.0,0.0,0.0,0.0,0.0,0.0,0.0,0.0,0.0,0.0,0.0,0.0,0.0,0.0,0.0,0.0,0.0,0.0,0.0,0.0,0.0,0.0,0.0,0.0,0.0,other,19.0
0.0,0.0,-0.44,0.307692,-0.546667,0.759615,-0.36,1.115385,-0.24,1.384615,-0.426667,1.0,-0.533333,1.432692,-0.573333,1.711538,-0.586667,1.951923,-0.066667,0.971154,0.053333,1.413462,0.146667,1.740385,0.253333,2.009615,0.253333,0.865385,0.293333,1.038462,0.2,0.740385,0.16,0.490385,0.573333,0.721154,0.56,0.932692,0.453333,0.701923,0.413333,0.490385,0.0,0.0,0.0,0.0,0.0,0.0,0.0,0.0,0.0,0.0,0.0,0.0,0.0,0.0,0.0,0.0,0.0,0.0,0.0,0.0,0.0,0.0,0.0,0.0,0.0,0.0,0.0,0.0,0.0,0.0,0.0,0.0,0.0,0.0,0.0,0.0,0.0,0.0,0.0,0.0,0.0,0.0,0.0,0.0,other,19.0
0.0,0.0,-0.426829,0.287129,-0.597561,0.752475,-0.463415,1.148515,-0.353659,1.445545,-0.5,1.0,-0.670732,1.485149,-0.768293,1.772277,-0.829268,2.039604,-0.158537,1.019802,-0.097561,1.524752,-0.04878,1.871287,0.04878,2.168317,0.182927,0.940594,0.207317,1.148515,0.109756,0.80198,0.085366,0.554455,0.5,0.80198,0.463415,1.019802,0.353659,0.752475,0.317073,0.554455,0.0,0.0,0.0,0.0,0.0,0.0,0.0,0.0,0.0,0.0,0.0,0.0,0.0,0.0,0.0,0.0,0.0,0.0,0.0,0.0,0.0,0.0,0.0,0.0,0.0,0.0,0.0,0.0,0.0,0.0,0.0,0.0,0.0,0.0,0.0,0.0,0.0,0.0,0.0,0.0,0.0,0.0,0.0,0.0,other,19.0
0.0,0.0,-0.443548,0.265823,-0.58871,0.746835,-0.491935,1.14557,-0.403226,1.449367,-0.516129,1.0,-0.637097,1.455696,-0.709677,1.740506,-0.75,1.993671,-0.153226,1.0,-0.056452,1.443038,0.048387,1.778481,0.169355,2.075949,0.169355,0.905063,0.266129,1.088608,0.169355,0.727848,0.096774,0.462025,0.483871,0.772152,0.5,0.943038,0.403226,0.689873,0.322581,0.474684,0.0,0.0,0.0,0.0,0.0,0.0,0.0,0.0,0.0,0.0,0.0,0.0,0.0,0.0,0.0,0.0,0.0,0.0,0.0,0.0,0.0,0.0,0.0,0.0,0.0,0.0,0.0,0.0,0.0,0.0,0.0,0.0,0.0,0.0,0.0,0.0,0.0,0.0,0.0,0.0,0.0,0.0,0.0,0.0,other,19.0
0.0,0.0,-0.409836,0.279503,-0.508197,0.751553,-0.360656,1.136646,-0.270492,1.42236,-0.418033,1.0,-0.54918,1.453416,-0.614754,1.732919,-0.647541,1.981366,-0.04918,0.993789,0.032787,1.447205,0.122951,1.782609,0.237705,2.074534,0.270492,0.900621,0.344262,1.111801,0.245902,0.763975,0.180328,0.509317,0.581967,0.770186,0.606557,0.956522,0.491803,0.701863,0.42623,0.515528,0.0,0.0,0.0,0.0,0.0,0.0,0.0,0.0,0.0,0.0,0.0,0.0,0.0,0.0,0.0,0.0,0.0,0.0,0.0,0.0,0.0,0.0,0.0,0.0,0.0,0.0,0.0,0.0,0.0,0.0,0.0,0.0,0.0,0.0,0.0,0.0,0.0,0.0,0.0,0.0,0.0,0.0,0.0,0.0,other,19.0
0.0,0.0,-0.414634,0.284848,-0.520325,0.751515,-0.365854,1.121212,-0.252033,1.406061,-0.398374,1.0,-0.528455,1.436364,-0.593496,1.709091,-0.626016,1.963636,-0.03252,0.993939,0.04065,1.430303,0.138211,1.763636,0.260163,2.054545,0.284553,0.89697,0.317073,1.090909,0.219512,0.739394,0.154472,0.472727,0.601626,0.775758,0.601626,0.963636,0.479675,0.721212,0.414634,0.527273,0.0,0.0,0.0,0.0,0.0,0.0,0.0,0.0,0.0,0.0,0.0,0.0,0.0,0.0,0.0,0.0,0.0,0.0,0.0,0.0,0.0,0.0,0.0,0.0,0.0,0.0,0.0,0.0,0.0,0.0,0.0,0.0,0.0,0.0,0.0,0.0,0.0,0.0,0.0,0.0,0.0,0.0,0.0,0.0,other,19.0
0.0,0.0,-0.435897,0.282051,-0.547009,0.75,-0.384615,1.134615,-0.324786,1.423077,-0.376068,1.0,-0.504274,1.455128,-0.57265,1.737179,-0.615385,1.987179,-0.017094,0.987179,0.034188,1.435897,0.111111,1.775641,0.205128,2.057692,0.307692,0.891026,0.282051,1.076923,0.162393,0.75,0.102564,0.487179,0.623932,0.75641,0.547009,0.929487,0.401709,0.685897,0.324786,0.474359,0.0,0.0,0.0,0.0,0.0,0.0,0.0,0.0,0.0,0.0,0.0,0.0,0.0,0.0,0.0,0.0,0.0,0.0,0.0,0.0,0.0,0.0,0.0,0.0,0.0,0.0,0.0,0.0,0.0,0.0,0.0,0.0,0.0,0.0,0.0,0.0,0.0,0.0,0.0,0.0,0.0,0.0,0.0,0.0,other,19.0
0.0,0.0,-0.415254,0.291925,-0.508475,0.776398,-0.338983,1.142857,-0.262712,1.434783,-0.322034,1.0,-0.432203,1.42236,-0.508475,1.701863,-0.559322,1.950311,0.025424,0.987578,0.042373,1.440994,0.084746,1.776398,0.161017,2.068323,0.355932,0.89441,0.279661,1.093168,0.161017,0.776398,0.101695,0.521739,0.677966,0.763975,0.533898,0.950311,0.372881,0.708075,0.305085,0.503106,0.0,0.0,0.0,0.0,0.0,0.0,0.0,0.0,0.0,0.0,0.0,0.0,0.0,0.0,0.0,0.0,0.0,0.0,0.0,0.0,0.0,0.0,0.0,0.0,0.0,0.0,0.0,0.0,0.0,0.0,0.0,0.0,0.0,0.0,0.0,0.0,0.0,0.0,0.0,0.0,0.0,0.0,0.0,0.0,other,19.0
0.0,0.0,-0.470588,0.248447,-0.605042,0.73913,-0.403361,1.10559,-0.243697,1.372671,-0.361345,1.0,-0.487395,1.434783,-0.563025,1.720497,-0.613445,1.968944,-0.016807,0.981366,-0.033613,1.447205,-0.02521,1.776398,0.016807,2.055901,0.319328,0.881988,0.176471,1.074534,0.02521,0.745342,-0.05042,0.490683,0.638655,0.745342,0.453782,0.931677,0.277311,0.670807,0.176471,0.459627,0.0,0.0,0.0,0.0,0.0,0.0,0.0,0.0,0.0,0.0,0.0,0.0,0.0,0.0,0.0,0.0,0.0,0.0,0.0,0.0,0.0,0.0,0.0,0.0,0.0,0.0,0.0,0.0,0.0,0.0,0.0,0.0,0.0,0.0,0.0,0.0,0.0,0.0,0.0,0.0,0.0,0.0,0.0,0.0,other,19.0
0.0,0.0,-0.415929,0.285714,-0.530973,0.748299,-0.362832,1.122449,-0.274336,1.408163,-0.345133,1.0,-0.522124,1.408163,-0.637168,1.693878,-0.707965,1.938776,-0.00885,1.0,-0.035398,1.462585,-0.026549,1.802721,0.017699,2.081633,0.327434,0.918367,0.212389,1.108844,0.097345,0.782313,0.053097,0.517007,0.654867,0.782313,0.495575,0.979592,0.336283,0.727891,0.265487,0.496599,0.0,0.0,0.0,0.0,0.0,0.0,0.0,0.0,0.0,0.0,0.0,0.0,0.0,0.0,0.0,0.0,0.0,0.0,0.0,0.0,0.0,0.0,0.0,0.0,0.0,0.0,0.0,0.0,0.0,0.0,0.0,0.0,0.0,0.0,0.0,0.0,0.0,0.0,0.0,0.0,0.0,0.0,0.0,0.0,other,19.0
0.0,0.0,-0.463158,0.268293,-0.589474,0.723577,-0.4,1.113821,-0.326316,1.414634,-0.431579,1.0,-0.578947,1.439024,-0.663158,1.723577,-0.726316,1.97561,-0.063158,1.0,-0.042105,1.463415,0.0,1.796748,0.073684,2.073171,0.263158,0.910569,0.2,1.130081,0.084211,0.772358,0.042105,0.504065,0.568421,0.780488,0.442105,0.97561,0.315789,0.699187,0.263158,0.479675,0.0,0.0,0.0,0.0,0.0,0.0,0.0,0.0,0.0,0.0,0.0,0.0,0.0,0.0,0.0,0.0,0.0,0.0,0.0,0.0,0.0,0.0,0.0,0.0,0.0,0.0,0.0,0.0,0.0,0.0,0.0,0.0,0.0,0.0,0.0,0.0,0.0,0.0,0.0,0.0,0.0,0.0,0.0,0.0,other,19.0
0.0,0.0,-0.47561,0.288288,-0.597561,0.738739,-0.414634,1.117117,-0.341463,1.405405,-0.414634,1.0,-0.54878,1.414414,-0.634146,1.693694,-0.695122,1.936937,-0.060976,1.0,-0.060976,1.423423,-0.02439,1.747748,0.04878,2.018018,0.268293,0.900901,0.207317,1.144144,0.097561,0.801802,0.04878,0.531532,0.585366,0.774775,0.47561,0.981982,0.329268,0.720721,0.243902,0.504505,0.0,0.0,0.0,0.0,0.0,0.0,0.0,0.0,0.0,0.0,0.0,0.0,0.0,0.0,0.0,0.0,0.0,0.0,0.0,0.0,0.0,0.0,0.0,0.0,0.0,0.0,0.0,0.0,0.0,0.0,0.0,0.0,0.0,0.0,0.0,0.0,0.0,0.0,0.0,0.0,0.0,0.0,0.0,0.0,other,19.0
0.0,0.0,-0.453333,0.252632,-0.613333,0.705263,-0.48,1.105263,-0.44,1.410526,-0.506667,1.0,-0.666667,1.431579,-0.773333,1.715789,-0.84,1.968421,-0.146667,1.010526,-0.16,1.473684,-0.133333,1.810526,-0.066667,2.084211,0.173333,0.926316,0.146667,1.126316,0.08,0.778947,0.053333,0.494737,0.493333,0.8,0.426667,1.0,0.333333,0.726316,0.293333,0.494737,0.0,0.0,0.0,0.0,0.0,0.0,0.0,0.0,0.0,0.0,0.0,0.0,0.0,0.0,0.0,0.0,0.0,0.0,0.0,0.0,0.0,0.0,0.0,0.0,0.0,0.0,0.0,0.0,0.0,0.0,0.0,0.0,0.0,0.0,0.0,0.0,0.0,0.0,0.0,0.0,0.0,0.0,0.0,0.0,other,19.0
0.0,0.0,-0.445946,0.276596,-0.608108,0.712766,-0.486486,1.106383,-0.432432,1.404255,-0.486486,1.0,-0.635135,1.425532,-0.72973,1.691489,-0.797297,1.93617,-0.135135,1.0,-0.108108,1.468085,-0.081081,1.808511,0.0,2.085106,0.189189,0.904255,0.175676,1.106383,0.081081,0.776596,0.054054,0.510638,0.513514,0.776596,0.432432,0.978723,0.337838,0.734043,0.297297,0.521277,0.0,0.0,0.0,0.0,0.0,0.0,0.0,0.0,0.0,0.0,0.0,0.0,0.0,0.0,0.0,0.0,0.0,0.0,0.0,0.0,0.0,0.0,0.0,0.0,0.0,0.0,0.0,0.0,0.0,0.0,0.0,0.0,0.0,0.0,0.0,0.0,0.0,0.0,0.0,0.0,0.0,0.0,0.0,0.0,other,19.0
0.0,0.0,-0.418919,0.28866,-0.554054,0.742268,-0.418919,1.134021,-0.324324,1.43299,-0.459459,1.0,-0.594595,1.453608,-0.648649,1.742268,-0.675676,1.989691,-0.108108,1.0,-0.040541,1.474227,0.040541,1.793814,0.148649,2.041237,0.22973,0.907216,0.27027,1.103093,0.162162,0.773196,0.108108,0.515464,0.540541,0.762887,0.527027,0.969072,0.418919,0.721649,0.351351,0.505155,0.0,0.0,0.0,0.0,0.0,0.0,0.0,0.0,0.0,0.0,0.0,0.0,0.0,0.0,0.0,0.0,0.0,0.0,0.0,0.0,0.0,0.0,0.0,0.0,0.0,0.0,0.0,0.0,0.0,0.0,0.0,0.0,0.0,0.0,0.0,0.0,0.0,0.0,0.0,0.0,0.0,0.0,0.0,0.0,other,19.0
0.0,0.0,-0.43038,0.307692,-0.544304,0.711538,-0.379747,1.086538,-0.303797,1.384615,-0.455696,1.0,-0.544304,1.442308,-0.594937,1.721154,-0.594937,1.971154,-0.088608,0.980769,0.025316,1.432692,0.113924,1.759615,0.253165,2.028846,0.240506,0.865385,0.278481,1.076923,0.177215,0.740385,0.126582,0.480769,0.544304,0.721154,0.506329,0.932692,0.405063,0.682692,0.367089,0.480769,0.0,0.0,0.0,0.0,0.0,0.0,0.0,0.0,0.0,0.0,0.0,0.0,0.0,0.0,0.0,0.0,0.0,0.0,0.0,0.0,0.0,0.0,0.0,0.0,0.0,0.0,0.0,0.0,0.0,0.0,0.0,0.0,0.0,0.0,0.0,0.0,0.0,0.0,0.0,0.0,0.0,0.0,0.0,0.0,other,19.0
0.0,0.0,-0.425,0.298246,-0.5625,0.719298,-0.375,1.087719,-0.2625,1.368421,-0.4375,1.0,-0.5125,1.429825,-0.55,1.692982,-0.55,1.929825,-0.0625,0.964912,0.075,1.394737,0.2,1.710526,0.3625,1.973684,0.2625,0.850877,0.3375,1.035088,0.2125,0.72807,0.1625,0.482456,0.5625,0.710526,0.5625,0.903509,0.45,0.675439,0.4,0.482456,0.0,0.0,0.0,0.0,0.0,0.0,0.0,0.0,0.0,0.0,0.0,0.0,0.0,0.0,0.0,0.0,0.0,0.0,0.0,0.0,0.0,0.0,0.0,0.0,0.0,0.0,0.0,0.0,0.0,0.0,0.0,0.0,0.0,0.0,0.0,0.0,0.0,0.0,0.0,0.0,0.0,0.0,0.0,0.0,other,19.0
0.0,0.0,-0.414634,0.295652,-0.536585,0.704348,-0.365854,1.06087,-0.268293,1.33913,-0.45122,1.0,-0.512195,1.434783,-0.536585,1.695652,-0.52439,1.930435,-0.085366,0.973913,0.060976,1.391304,0.207317,1.704348,0.378049,1.965217,0.243902,0.852174,0.341463,1.034783,0.231707,0.704348,0.182927,0.452174,0.54878,0.704348,0.560976,0.878261,0.45122,0.643478,0.402439,0.443478,0.0,0.0,0.0,0.0,0.0,0.0,0.0,0.0,0.0,0.0,0.0,0.0,0.0,0.0,0.0,0.0,0.0,0.0,0.0,0.0,0.0,0.0,0.0,0.0,0.0,0.0,0.0,0.0,0.0,0.0,0.0,0.0,0.0,0.0,0.0,0.0,0.0,0.0,0.0,0.0,0.0,0.0,0.0,0.0,other,19.0
0.0,0.0,-0.407407,0.333333,-0.493827,0.77193,-0.296296,1.122807,-0.148148,1.385965,-0.345679,1.0,-0.419753,1.447368,-0.45679,1.72807,-0.45679,1.973684,0.024691,0.982456,0.160494,1.403509,0.283951,1.72807,0.419753,1.982456,0.358025,0.868421,0.419753,1.061404,0.283951,0.745614,0.209877,0.5,0.654321,0.710526,0.666667,0.903509,0.530864,0.675439,0.469136,0.464912,0.0,0.0,0.0,0.0,0.0,0.0,0.0,0.0,0.0,0.0,0.0,0.0,0.0,0.0,0.0,0.0,0.0,0.0,0.0,0.0,0.0,0.0,0.0,0.0,0.0,0.0,0.0,0.0,0.0,0.0,0.0,0.0,0.0,0.0,0.0,0.0,0.0,0.0,0.0,0.0,0.0,0.0,0.0,0.0,other,19.0
0.0,0.0,-0.473684,0.315315,-0.565789,0.72973,-0.368421,1.09009,-0.223684,1.369369,-0.394737,1.0,-0.486842,1.423423,-0.539474,1.684685,-0.565789,1.927928,-0.026316,0.981982,0.105263,1.369369,0.197368,1.693694,0.328947,1.954955,0.302632,0.873874,0.368421,1.036036,0.223684,0.720721,0.171053,0.459459,0.605263,0.747748,0.578947,0.900901,0.447368,0.648649,0.394737,0.432432,0.0,0.0,0.0,0.0,0.0,0.0,0.0,0.0,0.0,0.0,0.0,0.0,0.0,0.0,0.0,0.0,0.0,0.0,0.0,0.0,0.0,0.0,0.0,0.0,0.0,0.0,0.0,0.0,0.0,0.0,0.0,0.0,0.0,0.0,0.0,0.0,0.0,0.0,0.0,0.0,0.0,0.0,0.0,0.0,other,19.0
0.0,0.0,-0.43038,0.3,-0.531646,0.745455,-0.329114,1.109091,-0.202532,1.390909,-0.303797,1.0,-0.379747,1.436364,-0.443038,1.709091,-0.468354,1.954545,0.063291,0.963636,0.113924,1.4,0.164557,1.718182,0.240506,1.981818,0.379747,0.845455,0.329114,1.063636,0.151899,0.763636,0.063291,0.518182,0.696203,0.690909,0.594937,0.9,0.405063,0.672727,0.291139,0.472727,0.0,0.0,0.0,0.0,0.0,0.0,0.0,0.0,0.0,0.0,0.0,0.0,0.0,0.0,0.0,0.0,0.0,0.0,0.0,0.0,0.0,0.0,0.0,0.0,0.0,0.0,0.0,0.0,0.0,0.0,0.0,0.0,0.0,0.0,0.0,0.0,0.0,0.0,0.0,0.0,0.0,0.0,0.0,0.0,other,19.0
0.0,0.0,-0.460526,0.290909,-0.552632,0.745455,-0.342105,1.1,-0.210526,1.372727,-0.302632,1.0,-0.394737,1.427273,-0.460526,1.709091,-0.486842,1.954545,0.052632,0.972727,0.092105,1.390909,0.131579,1.709091,0.210526,1.972727,0.381579,0.854545,0.328947,1.063636,0.131579,0.763636,0.026316,0.527273,0.697368,0.709091,0.578947,0.9,0.368421,0.672727,0.236842,0.472727,0.0,0.0,0.0,0.0,0.0,0.0,0.0,0.0,0.0,0.0,0.0,0.0,0.0,0.0,0.0,0.0,0.0,0.0,0.0,0.0,0.0,0.0,0.0,0.0,0.0,0.0,0.0,0.0,0.0,0.0,0.0,0.0,0.0,0.0,0.0,0.0,0.0,0.0,0.0,0.0,0.0,0.0,0.0,0.0,other,19.0
0.0,0.0,-0.417722,0.279279,-0.481013,0.756757,-0.253165,1.108108,-0.126582,1.378378,-0.253165,1.0,-0.329114,1.405405,-0.379747,1.684685,-0.405063,1.90991,0.101266,0.963964,0.126582,1.387387,0.151899,1.693694,0.202532,1.954955,0.43038,0.855856,0.341772,1.045045,0.151899,0.738739,0.050633,0.495495,0.746835,0.711712,0.594937,0.891892,0.405063,0.657658,0.291139,0.468468,0.0,0.0,0.0,0.0,0.0,0.0,0.0,0.0,0.0,0.0,0.0,0.0,0.0,0.0,0.0,0.0,0.0,0.0,0.0,0.0,0.0,0.0,0.0,0.0,0.0,0.0,0.0,0.0,0.0,0.0,0.0,0.0,0.0,0.0,0.0,0.0,0.0,0.0,0.0,0.0,0.0,0.0,0.0,0.0,other,19.0
0.0,0.0,-0.717949,0.134021,-1.282051,0.463918,-1.615385,0.71134,-1.692308,0.948454,-0.641026,1.0,-0.769231,1.371134,-1.051282,1.587629,-1.410256,1.690722,-0.25641,1.010309,-0.282051,1.43299,-0.74359,1.597938,-1.230769,1.670103,0.076923,0.948454,-0.487179,1.175258,-0.846154,0.938144,-0.948718,0.731959,0.358974,0.814433,-0.205128,0.948454,-0.512821,0.783505,-0.564103,0.628866,0.0,0.0,0.0,0.0,0.0,0.0,0.0,0.0,0.0,0.0,0.0,0.0,0.0,0.0,0.0,0.0,0.0,0.0,0.0,0.0,0.0,0.0,0.0,0.0,0.0,0.0,0.0,0.0,0.0,0.0,0.0,0.0,0.0,0.0,0.0,0.0,0.0,0.0,0.0,0.0,0.0,0.0,0.0,0.0,other,20.0
0.0,0.0,-1.8,0.225,-2.68,0.475,-3.32,0.658333,-3.64,0.858333,-0.92,1.0,-1.12,1.308333,-2.04,1.458333,-2.84,1.516667,-0.2,0.975,-2.24,1.1,-2.76,0.816667,-2.28,0.716667,0.12,0.875,-2.2,0.908333,-2.4,0.65,-1.76,0.591667,0.08,0.725,-1.92,0.7,-2.0,0.525,-1.36,0.483333,0.0,0.0,0.0,0.0,0.0,0.0,0.0,0.0,0.0,0.0,0.0,0.0,0.0,0.0,0.0,0.0,0.0,0.0,0.0,0.0,0.0,0.0,0.0,0.0,0.0,0.0,0.0,0.0,0.0,0.0,0.0,0.0,0.0,0.0,0.0,0.0,0.0,0.0,0.0,0.0,0.0,0.0,0.0,0.0,other,20.0
0.0,0.0,-3.230769,0.237288,-4.846154,0.491525,-6.153846,0.669492,-6.769231,0.847458,-1.076923,1.0,-1.615385,1.305085,-3.461538,1.432203,-5.076923,1.474576,-0.076923,0.966102,-4.307692,1.101695,-5.076923,0.838983,-4.153846,0.737288,0.230769,0.872881,-4.384615,0.915254,-4.615385,0.677966,-3.461538,0.618644,-0.076923,0.728814,-4.0,0.720339,-4.076923,0.559322,-2.923077,0.508475,0.0,0.0,0.0,0.0,0.0,0.0,0.0,0.0,0.0,0.0,0.0,0.0,0.0,0.0,0.0,0.0,0.0,0.0,0.0,0.0,0.0,0.0,0.0,0.0,0.0,0.0,0.0,0.0,0.0,0.0,0.0,0.0,0.0,0.0,0.0,0.0,0.0,0.0,0.0,0.0,0.0,0.0,0.0,0.0,other,20.0
0.0,0.0,-2.928571,0.198198,-4.357143,0.459459,-5.5,0.648649,-6.071429,0.855856,-1.142857,1.0,-1.714286,1.306306,-3.285714,1.441441,-4.714286,1.486486,-0.285714,0.981982,-3.928571,1.108108,-4.642857,0.837838,-3.642857,0.756757,0.071429,0.900901,-3.857143,0.936937,-4.142857,0.684685,-3.0,0.63964,-0.142857,0.765766,-3.357143,0.747748,-3.428571,0.576577,-2.357143,0.531532,0.0,0.0,0.0,0.0,0.0,0.0,0.0,0.0,0.0,0.0,0.0,0.0,0.0,0.0,0.0,0.0,0.0,0.0,0.0,0.0,0.0,0.0,0.0,0.0,0.0,0.0,0.0,0.0,0.0,0.0,0.0,0.0,0.0,0.0,0.0,0.0,0.0,0.0,0.0,0.0,0.0,0.0,0.0,0.0,other,20.0
0.0,0.0,-1.952381,0.188034,-3.095238,0.444444,-4.0,0.641026,-4.285714,0.863248,-0.904762,1.0,-1.238095,1.290598,-2.333333,1.444444,-3.238095,1.504274,-0.238095,0.991453,-2.761905,1.136752,-3.428571,0.863248,-2.904762,0.760684,0.095238,0.905983,-2.666667,0.948718,-2.761905,0.675214,-1.952381,0.623932,0.095238,0.769231,-2.190476,0.74359,-2.238095,0.564103,-1.428571,0.521368,0.0,0.0,0.0,0.0,0.0,0.0,0.0,0.0,0.0,0.0,0.0,0.0,0.0,0.0,0.0,0.0,0.0,0.0,0.0,0.0,0.0,0.0,0.0,0.0,0.0,0.0,0.0,0.0,0.0,0.0,0.0,0.0,0.0,0.0,0.0,0.0,0.0,0.0,0.0,0.0,0.0,0.0,0.0,0.0,other,20.0
0.0,0.0,-1.387097,0.184615,-2.322581,0.453846,-2.967742,0.630769,-3.129032,0.830769,-0.774194,1.0,-0.903226,1.284615,-1.645161,1.430769,-2.322581,1.492308,-0.193548,0.984615,-1.83871,1.123077,-2.322581,0.823077,-1.935484,0.730769,0.16129,0.892308,-1.677419,0.938462,-1.870968,0.661538,-1.354839,0.607692,0.225806,0.746154,-1.354839,0.730769,-1.483871,0.546154,-0.903226,0.507692,0.0,0.0,0.0,0.0,0.0,0.0,0.0,0.0,0.0,0.0,0.0,0.0,0.0,0.0,0.0,0.0,0.0,0.0,0.0,0.0,0.0,0.0,0.0,0.0,0.0,0.0,0.0,0.0,0.0,0.0,0.0,0.0,0.0,0.0,0.0,0.0,0.0,0.0,0.0,0.0,0.0,0.0,0.0,0.0,other,20.0
0.0,0.0,-1.243243,0.21831,-2.081081,0.492958,-2.702703,0.683099,-2.756757,0.880282,-0.648649,1.0,-0.783784,1.295775,-1.459459,1.43662,-2.108108,1.5,-0.135135,0.985915,-1.594595,1.133803,-2.027027,0.830986,-1.702703,0.725352,0.216216,0.901408,-1.459459,0.950704,-1.594595,0.661972,-1.135135,0.605634,0.351351,0.753521,-1.135135,0.753521,-1.243243,0.56338,-0.72973,0.521127,0.0,0.0,0.0,0.0,0.0,0.0,0.0,0.0,0.0,0.0,0.0,0.0,0.0,0.0,0.0,0.0,0.0,0.0,0.0,0.0,0.0,0.0,0.0,0.0,0.0,0.0,0.0,0.0,0.0,0.0,0.0,0.0,0.0,0.0,0.0,0.0,0.0,0.0,0.0,0.0,0.0,0.0,0.0,0.0,other,20.0
0.0,0.0,-1.305556,0.20979,-2.138889,0.482517,-2.75,0.664336,-2.916667,0.86014,-0.694444,1.0,-0.861111,1.286713,-1.555556,1.426573,-2.222222,1.482517,-0.138889,0.986014,-1.694444,1.125874,-2.166667,0.832168,-1.833333,0.734266,0.194444,0.902098,-1.555556,0.944056,-1.722222,0.657343,-1.25,0.608392,0.305556,0.762238,-1.25,0.734266,-1.305556,0.552448,-0.805556,0.517483,0.0,0.0,0.0,0.0,0.0,0.0,0.0,0.0,0.0,0.0,0.0,0.0,0.0,0.0,0.0,0.0,0.0,0.0,0.0,0.0,0.0,0.0,0.0,0.0,0.0,0.0,0.0,0.0,0.0,0.0,0.0,0.0,0.0,0.0,0.0,0.0,0.0,0.0,0.0,0.0,0.0,0.0,0.0,0.0,other,20.0
0.0,0.0,-1.428571,0.188811,-2.4,0.468531,-3.057143,0.671329,-3.085714,0.867133,-0.942857,1.0,-1.114286,1.27972,-1.857143,1.412587,-2.514286,1.461538,-0.4,0.986014,-2.028571,1.104895,-2.428571,0.818182,-2.085714,0.713287,-0.057143,0.888112,-1.857143,0.916084,-1.971429,0.643357,-1.457143,0.587413,0.057143,0.741259,-1.514286,0.727273,-1.571429,0.538462,-1.028571,0.503497,0.0,0.0,0.0,0.0,0.0,0.0,0.0,0.0,0.0,0.0,0.0,0.0,0.0,0.0,0.0,0.0,0.0,0.0,0.0,0.0,0.0,0.0,0.0,0.0,0.0,0.0,0.0,0.0,0.0,0.0,0.0,0.0,0.0,0.0,0.0,0.0,0.0,0.0,0.0,0.0,0.0,0.0,0.0,0.0,other,20.0
0.0,0.0,-1.351351,0.191489,-2.216216,0.460993,-2.783784,0.652482,-2.918919,0.843972,-0.837838,1.0,-1.027027,1.297872,-1.702703,1.425532,-2.351351,1.468085,-0.297297,0.978723,-1.810811,1.113475,-2.216216,0.822695,-1.945946,0.70922,0.027027,0.879433,-1.648649,0.907801,-1.756757,0.631206,-1.297297,0.560284,0.162162,0.730496,-1.297297,0.70922,-1.351351,0.51773,-0.864865,0.468085,0.0,0.0,0.0,0.0,0.0,0.0,0.0,0.0,0.0,0.0,0.0,0.0,0.0,0.0,0.0,0.0,0.0,0.0,0.0,0.0,0.0,0.0,0.0,0.0,0.0,0.0,0.0,0.0,0.0,0.0,0.0,0.0,0.0,0.0,0.0,0.0,0.0,0.0,0.0,0.0,0.0,0.0,0.0,0.0,other,20.0
0.0,0.0,-1.305556,0.20979,-2.138889,0.475524,-2.694444,0.657343,-2.777778,0.853147,-0.638889,1.0,-0.833333,1.286713,-1.527778,1.412587,-2.166667,1.461538,-0.111111,0.986014,-1.694444,1.097902,-2.111111,0.818182,-1.833333,0.72028,0.222222,0.895105,-1.555556,0.902098,-1.638889,0.636364,-1.166667,0.573427,0.361111,0.748252,-1.194444,0.72028,-1.25,0.531469,-0.75,0.48951,0.0,0.0,0.0,0.0,0.0,0.0,0.0,0.0,0.0,0.0,0.0,0.0,0.0,0.0,0.0,0.0,0.0,0.0,0.0,0.0,0.0,0.0,0.0,0.0,0.0,0.0,0.0,0.0,0.0,0.0,0.0,0.0,0.0,0.0,0.0,0.0,0.0,0.0,0.0,0.0,0.0,0.0,0.0,0.0,other,20.0
0.0,0.0,-1.371429,0.192857,-2.257143,0.464286,-2.885714,0.657143,-2.971429,0.85,-0.771429,1.0,-0.971429,1.3,-1.714286,1.435714,-2.371429,1.492857,-0.228571,0.985714,-1.828571,1.114286,-2.228571,0.828571,-1.885714,0.721429,0.114286,0.892857,-1.685714,0.914286,-1.8,0.642857,-1.285714,0.578571,0.228571,0.75,-1.371429,0.707143,-1.428571,0.514286,-0.885714,0.478571,0.0,0.0,0.0,0.0,0.0,0.0,0.0,0.0,0.0,0.0,0.0,0.0,0.0,0.0,0.0,0.0,0.0,0.0,0.0,0.0,0.0,0.0,0.0,0.0,0.0,0.0,0.0,0.0,0.0,0.0,0.0,0.0,0.0,0.0,0.0,0.0,0.0,0.0,0.0,0.0,0.0,0.0,0.0,0.0,other,20.0
0.0,0.0,-1.454545,0.188811,-2.424242,0.461538,-3.060606,0.657343,-3.151515,0.846154,-0.818182,1.0,-1.121212,1.293706,-1.939394,1.412587,-2.636364,1.447552,-0.272727,0.979021,-2.060606,1.13986,-2.515152,0.853147,-2.151515,0.755245,0.060606,0.888112,-1.909091,0.916084,-2.030303,0.643357,-1.484848,0.601399,0.181818,0.741259,-1.515152,0.706294,-1.545455,0.524476,-1.0,0.496503,0.0,0.0,0.0,0.0,0.0,0.0,0.0,0.0,0.0,0.0,0.0,0.0,0.0,0.0,0.0,0.0,0.0,0.0,0.0,0.0,0.0,0.0,0.0,0.0,0.0,0.0,0.0,0.0,0.0,0.0,0.0,0.0,0.0,0.0,0.0,0.0,0.0,0.0,0.0,0.0,0.0,0.0,0.0,0.0,other,20.0
0.0,0.0,-2.47619,0.225352,-3.761905,0.471831,-4.714286,0.661972,-5.190476,0.852113,-1.0,1.0,-1.571429,1.288732,-2.857143,1.43662,-4.095238,1.507042,-0.142857,0.985915,-3.380952,1.098592,-3.857143,0.830986,-3.142857,0.732394,0.142857,0.901408,-3.333333,0.929577,-3.380952,0.676056,-2.47619,0.626761,0.0,0.767606,-3.0,0.725352,-2.904762,0.549296,-1.952381,0.507042,0.0,0.0,0.0,0.0,0.0,0.0,0.0,0.0,0.0,0.0,0.0,0.0,0.0,0.0,0.0,0.0,0.0,0.0,0.0,0.0,0.0,0.0,0.0,0.0,0.0,0.0,0.0,0.0,0.0,0.0,0.0,0.0,0.0,0.0,0.0,0.0,0.0,0.0,0.0,0.0,0.0,0.0,0.0,0.0,other,20.0
0.0,0.0,-2.619048,0.251748,-3.952381,0.48951,-5.0,0.664336,-5.47619,0.853147,-1.047619,1.0,-1.619048,1.286713,-2.952381,1.426573,-4.142857,1.475524,-0.142857,0.979021,-3.52381,1.104895,-4.142857,0.825175,-3.428571,0.734266,0.142857,0.888112,-3.52381,0.93007,-3.619048,0.664336,-2.714286,0.608392,-0.047619,0.748252,-3.142857,0.713287,-3.047619,0.531469,-2.095238,0.496503,0.0,0.0,0.0,0.0,0.0,0.0,0.0,0.0,0.0,0.0,0.0,0.0,0.0,0.0,0.0,0.0,0.0,0.0,0.0,0.0,0.0,0.0,0.0,0.0,0.0,0.0,0.0,0.0,0.0,0.0,0.0,0.0,0.0,0.0,0.0,0.0,0.0,0.0,0.0,0.0,0.0,0.0,0.0,0.0,other,20.0
0.0,0.0,-2.75,0.244898,-3.95,0.47619,-5.0,0.659864,-5.65,0.863946,-0.95,1.0,-1.4,1.292517,-2.85,1.421769,-4.15,1.462585,-0.05,0.979592,-3.5,1.115646,-4.15,0.843537,-3.35,0.741497,0.3,0.884354,-3.55,0.938776,-3.75,0.673469,-2.75,0.612245,0.05,0.741497,-3.2,0.714286,-3.25,0.537415,-2.25,0.489796,0.0,0.0,0.0,0.0,0.0,0.0,0.0,0.0,0.0,0.0,0.0,0.0,0.0,0.0,0.0,0.0,0.0,0.0,0.0,0.0,0.0,0.0,0.0,0.0,0.0,0.0,0.0,0.0,0.0,0.0,0.0,0.0,0.0,0.0,0.0,0.0,0.0,0.0,0.0,0.0,0.0,0.0,0.0,0.0,other,20.0
0.0,0.0,-3.052632,0.260274,-4.473684,0.5,-5.526316,0.684932,-6.0,0.869863,-1.210526,1.0,-1.789474,1.294521,-3.368421,1.417808,-4.789474,1.465753,-0.263158,0.979452,-4.0,1.10274,-4.473684,0.828767,-3.473684,0.739726,0.052632,0.876712,-4.105263,0.945205,-4.210526,0.671233,-3.052632,0.609589,-0.210526,0.719178,-3.789474,0.705479,-3.684211,0.527397,-2.578947,0.486301,0.0,0.0,0.0,0.0,0.0,0.0,0.0,0.0,0.0,0.0,0.0,0.0,0.0,0.0,0.0,0.0,0.0,0.0,0.0,0.0,0.0,0.0,0.0,0.0,0.0,0.0,0.0,0.0,0.0,0.0,0.0,0.0,0.0,0.0,0.0,0.0,0.0,0.0,0.0,0.0,0.0,0.0,0.0,0.0,other,20.0
0.0,0.0,-3.470588,0.243243,-5.058824,0.47973,-6.235294,0.682432,-6.705882,0.858108,-1.411765,1.0,-1.941176,1.277027,-3.647059,1.405405,-5.176471,1.452703,-0.352941,0.972973,-4.470588,1.094595,-5.0,0.824324,-4.0,0.72973,-0.058824,0.871622,-4.588235,0.925676,-4.705882,0.668919,-3.529412,0.594595,-0.411765,0.716216,-4.352941,0.682432,-4.352941,0.513514,-3.117647,0.466216,0.0,0.0,0.0,0.0,0.0,0.0,0.0,0.0,0.0,0.0,0.0,0.0,0.0,0.0,0.0,0.0,0.0,0.0,0.0,0.0,0.0,0.0,0.0,0.0,0.0,0.0,0.0,0.0,0.0,0.0,0.0,0.0,0.0,0.0,0.0,0.0,0.0,0.0,0.0,0.0,0.0,0.0,0.0,0.0,other,20.0
0.0,0.0,-2.894737,0.267606,-4.210526,0.492958,-5.210526,0.676056,-5.578947,0.873239,-0.894737,1.0,-1.421053,1.295775,-3.0,1.429577,-4.368421,1.464789,0.105263,0.964789,-3.631579,1.098592,-4.263158,0.816901,-3.315789,0.725352,0.421053,0.859155,-3.736842,0.929577,-3.947368,0.65493,-2.842105,0.591549,0.105263,0.711268,-3.473684,0.697183,-3.473684,0.507042,-2.368421,0.457746,0.0,0.0,0.0,0.0,0.0,0.0,0.0,0.0,0.0,0.0,0.0,0.0,0.0,0.0,0.0,0.0,0.0,0.0,0.0,0.0,0.0,0.0,0.0,0.0,0.0,0.0,0.0,0.0,0.0,0.0,0.0,0.0,0.0,0.0,0.0,0.0,0.0,0.0,0.0,0.0,0.0,0.0,0.0,0.0,other,20.0
0.0,0.0,-3.8,0.257143,-5.333333,0.492857,-6.533333,0.671429,-7.266667,0.878571,-1.2,1.0,-1.8,1.292857,-3.733333,1.428571,-5.4,1.478571,-0.133333,0.971429,-4.733333,1.114286,-5.466667,0.842857,-4.333333,0.742857,0.2,0.871429,-4.8,0.935714,-5.0,0.671429,-3.666667,0.607143,-0.2,0.728571,-4.466667,0.707143,-4.533333,0.528571,-3.266667,0.478571,0.0,0.0,0.0,0.0,0.0,0.0,0.0,0.0,0.0,0.0,0.0,0.0,0.0,0.0,0.0,0.0,0.0,0.0,0.0,0.0,0.0,0.0,0.0,0.0,0.0,0.0,0.0,0.0,0.0,0.0,0.0,0.0,0.0,0.0,0.0,0.0,0.0,0.0,0.0,0.0,0.0,0.0,0.0,0.0,other,20.0
0.0,0.0,-3.785714,0.304965,-5.428571,0.531915,-6.714286,0.716312,-7.357143,0.879433,-1.142857,1.0,-1.857143,1.269504,-3.714286,1.411348,-5.5,1.460993,0.071429,0.964539,-4.785714,1.099291,-5.5,0.836879,-4.428571,0.744681,0.357143,0.865248,-4.928571,0.929078,-5.0,0.673759,-3.642857,0.609929,-0.142857,0.723404,-4.571429,0.70922,-4.428571,0.539007,-3.0,0.496454,0.0,0.0,0.0,0.0,0.0,0.0,0.0,0.0,0.0,0.0,0.0,0.0,0.0,0.0,0.0,0.0,0.0,0.0,0.0,0.0,0.0,0.0,0.0,0.0,0.0,0.0,0.0,0.0,0.0,0.0,0.0,0.0,0.0,0.0,0.0,0.0,0.0,0.0,0.0,0.0,0.0,0.0,0.0,0.0,other,20.0
0.0,0.0,-2.6875,0.231405,-4.0,0.479339,-5.0,0.677686,-5.375,0.876033,-0.6875,1.0,-1.0625,1.305785,-2.5625,1.446281,-3.9375,1.495868,0.25,0.983471,-3.25,1.115702,-4.125,0.85124,-3.4375,0.760331,0.5625,0.892562,-3.25,0.942149,-3.625,0.694215,-2.6875,0.636364,0.3125,0.752066,-3.0,0.743802,-3.125,0.570248,-2.125,0.520661,0.0,0.0,0.0,0.0,0.0,0.0,0.0,0.0,0.0,0.0,0.0,0.0,0.0,0.0,0.0,0.0,0.0,0.0,0.0,0.0,0.0,0.0,0.0,0.0,0.0,0.0,0.0,0.0,0.0,0.0,0.0,0.0,0.0,0.0,0.0,0.0,0.0,0.0,0.0,0.0,0.0,0.0,0.0,0.0,other,20.0
0.0,0.0,-2.352941,0.22807,-3.647059,0.482456,-4.647059,0.684211,-5.058824,0.894737,-0.882353,1.0,-1.352941,1.298246,-2.647059,1.438596,-3.823529,1.508772,-0.117647,0.982456,-3.176471,1.131579,-3.764706,0.859649,-3.058824,0.763158,0.176471,0.903509,-3.117647,0.95614,-3.294118,0.692982,-2.411765,0.640351,0.117647,0.77193,-2.705882,0.780702,-2.764706,0.596491,-1.823529,0.54386,0.0,0.0,0.0,0.0,0.0,0.0,0.0,0.0,0.0,0.0,0.0,0.0,0.0,0.0,0.0,0.0,0.0,0.0,0.0,0.0,0.0,0.0,0.0,0.0,0.0,0.0,0.0,0.0,0.0,0.0,0.0,0.0,0.0,0.0,0.0,0.0,0.0,0.0,0.0,0.0,0.0,0.0,0.0,0.0,other,20.0
0.0,0.0,-2.533333,0.203704,-4.066667,0.462963,-5.133333,0.657407,-5.466667,0.861111,-1.066667,1.0,-1.666667,1.296296,-3.066667,1.425926,-4.4,1.472222,-0.266667,0.990741,-3.666667,1.101852,-4.133333,0.833333,-3.466667,0.740741,0.066667,0.907407,-3.533333,0.916667,-3.533333,0.666667,-2.666667,0.611111,-0.066667,0.777778,-3.0,0.75,-3.0,0.574074,-2.133333,0.527778,0.0,0.0,0.0,0.0,0.0,0.0,0.0,0.0,0.0,0.0,0.0,0.0,0.0,0.0,0.0,0.0,0.0,0.0,0.0,0.0,0.0,0.0,0.0,0.0,0.0,0.0,0.0,0.0,0.0,0.0,0.0,0.0,0.0,0.0,0.0,0.0,0.0,0.0,0.0,0.0,0.0,0.0,0.0,0.0,other,20.0
0.0,0.0,-1.894737,0.196078,-3.157895,0.460784,-3.947368,0.647059,-4.105263,0.852941,-1.0,1.0,-1.263158,1.303922,-2.315789,1.441176,-3.315789,1.5,-0.368421,0.990196,-2.631579,1.107843,-3.157895,0.833333,-2.631579,0.745098,0.0,0.901961,-2.526316,0.931373,-2.684211,0.676471,-2.0,0.627451,0.0,0.754902,-2.105263,0.754902,-2.157895,0.578431,-1.526316,0.529412,0.0,0.0,0.0,0.0,0.0,0.0,0.0,0.0,0.0,0.0,0.0,0.0,0.0,0.0,0.0,0.0,0.0,0.0,0.0,0.0,0.0,0.0,0.0,0.0,0.0,0.0,0.0,0.0,0.0,0.0,0.0,0.0,0.0,0.0,0.0,0.0,0.0,0.0,0.0,0.0,0.0,0.0,0.0,0.0,other,20.0
0.0,0.0,-1.842105,0.193878,-2.894737,0.44898,-3.684211,0.632653,-3.894737,0.857143,-0.894737,1.0,-1.157895,1.295918,-2.105263,1.44898,-2.947368,1.510204,-0.263158,0.979592,-2.473684,1.102041,-3.0,0.826531,-2.578947,0.72449,0.052632,0.908163,-2.368421,0.928571,-2.473684,0.663265,-1.842105,0.612245,0.105263,0.77551,-1.947368,0.744898,-1.947368,0.561224,-1.263158,0.520408,0.0,0.0,0.0,0.0,0.0,0.0,0.0,0.0,0.0,0.0,0.0,0.0,0.0,0.0,0.0,0.0,0.0,0.0,0.0,0.0,0.0,0.0,0.0,0.0,0.0,0.0,0.0,0.0,0.0,0.0,0.0,0.0,0.0,0.0,0.0,0.0,0.0,0.0,0.0,0.0,0.0,0.0,0.0,0.0,other,20.0
0.0,0.0,-1.833333,0.1875,-3.0,0.458333,-3.833333,0.65625,-4.055556,0.864583,-0.888889,1.0,-1.166667,1.333333,-2.222222,1.46875,-3.166667,1.53125,-0.222222,0.989583,-2.5,1.125,-3.055556,0.84375,-2.611111,0.75,0.111111,0.90625,-2.388889,0.947917,-2.555556,0.677083,-1.888889,0.625,0.111111,0.770833,-2.055556,0.770833,-2.055556,0.583333,-1.388889,0.541667,0.0,0.0,0.0,0.0,0.0,0.0,0.0,0.0,0.0,0.0,0.0,0.0,0.0,0.0,0.0,0.0,0.0,0.0,0.0,0.0,0.0,0.0,0.0,0.0,0.0,0.0,0.0,0.0,0.0,0.0,0.0,0.0,0.0,0.0,0.0,0.0,0.0,0.0,0.0,0.0,0.0,0.0,0.0,0.0,other,20.0
0.0,0.0,-0.206897,1.545455,-0.310345,2.727273,-0.275862,3.272727,-0.137931,3.363636,-0.413793,1.0,-0.068966,1.363636,0.310345,1.818182,0.62069,2.272727,-0.068966,-0.090909,0.482759,0.545455,0.931034,1.272727,1.206897,2.0,0.275862,-0.818182,0.758621,-0.363636,1.206897,0.454545,1.482759,1.090909,0.586207,-1.272727,0.965517,-0.909091,1.344828,-0.454545,1.586207,0.090909,0.0,0.0,0.0,0.0,0.0,0.0,0.0,0.0,0.0,0.0,0.0,0.0,0.0,0.0,0.0,0.0,0.0,0.0,0.0,0.0,0.0,0.0,0.0,0.0,0.0,0.0,0.0,0.0,0.0,0.0,0.0,0.0,0.0,0.0,0.0,0.0,0.0,0.0,0.0,0.0,0.0,0.0,0.0,0.0,other,21.0
0.0,0.0,0.516667,0.188406,0.966667,0.594203,1.333333,0.869565,1.666667,0.971014,0.65,1.0,0.75,1.217391,0.633333,0.913043,0.566667,0.652174,0.3,1.057971,0.383333,1.231884,0.333333,0.826087,0.283333,0.521739,-0.033333,1.072464,0.016667,1.217391,0.05,0.855072,0.066667,0.565217,-0.35,1.057971,-0.366667,1.478261,-0.383333,1.753623,-0.416667,2.014493,0.0,0.0,0.0,0.0,0.0,0.0,0.0,0.0,0.0,0.0,0.0,0.0,0.0,0.0,0.0,0.0,0.0,0.0,0.0,0.0,0.0,0.0,0.0,0.0,0.0,0.0,0.0,0.0,0.0,0.0,0.0,0.0,0.0,0.0,0.0,0.0,0.0,0.0,0.0,0.0,0.0,0.0,0.0,0.0,other,21.0
0.0,0.0,0.451613,0.24359,0.790323,0.653846,1.112903,0.961538,1.451613,1.089744,0.419355,1.0,0.435484,1.192308,0.387097,0.897436,0.387097,0.653846,0.064516,0.987179,0.080645,1.153846,0.112903,0.782051,0.145161,0.5,-0.258065,0.948718,-0.306452,1.076923,-0.177419,0.74359,-0.080645,0.5,-0.580645,0.884615,-0.758065,1.24359,-0.870968,1.461538,-0.967742,1.666667,0.0,0.0,0.0,0.0,0.0,0.0,0.0,0.0,0.0,0.0,0.0,0.0,0.0,0.0,0.0,0.0,0.0,0.0,0.0,0.0,0.0,0.0,0.0,0.0,0.0,0.0,0.0,0.0,0.0,0.0,0.0,0.0,0.0,0.0,0.0,0.0,0.0,0.0,0.0,0.0,0.0,0.0,0.0,0.0,other,21.0
0.0,0.0,0.41791,0.240964,0.716418,0.650602,1.0,0.987952,1.313433,1.168675,0.328358,1.0,0.358209,1.168675,0.313433,0.879518,0.298507,0.614458,-0.014925,0.987952,-0.029851,1.13253,0.014925,0.759036,0.074627,0.46988,-0.343284,0.927711,-0.402985,1.036145,-0.283582,0.73494,-0.149254,0.481928,-0.671642,0.843373,-0.835821,1.180723,-0.985075,1.385542,-1.104478,1.578313,0.0,0.0,0.0,0.0,0.0,0.0,0.0,0.0,0.0,0.0,0.0,0.0,0.0,0.0,0.0,0.0,0.0,0.0,0.0,0.0,0.0,0.0,0.0,0.0,0.0,0.0,0.0,0.0,0.0,0.0,0.0,0.0,0.0,0.0,0.0,0.0,0.0,0.0,0.0,0.0,0.0,0.0,0.0,0.0,other,21.0
0.0,0.0,0.447761,0.25,0.761194,0.642857,1.044776,0.964286,1.343284,1.154762,0.373134,1.0,0.38806,1.190476,0.358209,0.892857,0.358209,0.630952,0.029851,0.988095,0.029851,1.142857,0.089552,0.761905,0.149254,0.488095,-0.298507,0.928571,-0.343284,1.059524,-0.208955,0.738095,-0.089552,0.488095,-0.626866,0.857143,-0.80597,1.178571,-0.970149,1.380952,-1.119403,1.583333,0.0,0.0,0.0,0.0,0.0,0.0,0.0,0.0,0.0,0.0,0.0,0.0,0.0,0.0,0.0,0.0,0.0,0.0,0.0,0.0,0.0,0.0,0.0,0.0,0.0,0.0,0.0,0.0,0.0,0.0,0.0,0.0,0.0,0.0,0.0,0.0,0.0,0.0,0.0,0.0,0.0,0.0,0.0,0.0,other,21.0
0.0,0.0,0.461538,0.219512,0.815385,0.621951,1.092308,0.95122,1.384615,1.158537,0.476923,1.0,0.538462,1.195122,0.476923,0.890244,0.461538,0.621951,0.138462,1.0,0.184615,1.182927,0.184615,0.804878,0.2,0.52439,-0.2,0.963415,-0.184615,1.109756,-0.092308,0.768293,-0.015385,0.5,-0.523077,0.902439,-0.630769,1.280488,-0.692308,1.512195,-0.738462,1.731707,0.0,0.0,0.0,0.0,0.0,0.0,0.0,0.0,0.0,0.0,0.0,0.0,0.0,0.0,0.0,0.0,0.0,0.0,0.0,0.0,0.0,0.0,0.0,0.0,0.0,0.0,0.0,0.0,0.0,0.0,0.0,0.0,0.0,0.0,0.0,0.0,0.0,0.0,0.0,0.0,0.0,0.0,0.0,0.0,other,21.0
0.0,0.0,0.47541,0.222222,0.819672,0.62963,1.098361,0.975309,1.360656,1.197531,0.42623,1.0,0.52459,1.246914,0.508197,0.950617,0.491803,0.679012,0.098361,1.0,0.163934,1.222222,0.213115,0.839506,0.245902,0.555556,-0.245902,0.962963,-0.196721,1.123457,-0.081967,0.802469,0.0,0.54321,-0.57377,0.91358,-0.704918,1.283951,-0.786885,1.506173,-0.836066,1.716049,0.0,0.0,0.0,0.0,0.0,0.0,0.0,0.0,0.0,0.0,0.0,0.0,0.0,0.0,0.0,0.0,0.0,0.0,0.0,0.0,0.0,0.0,0.0,0.0,0.0,0.0,0.0,0.0,0.0,0.0,0.0,0.0,0.0,0.0,0.0,0.0,0.0,0.0,0.0,0.0,0.0,0.0,0.0,0.0,other,21.0
0.0,0.0,0.444444,0.2375,0.793651,0.65,1.063492,0.975,1.349206,1.1875,0.444444,1.0,0.52381,1.2375,0.47619,0.95,0.444444,0.6875,0.111111,1.0,0.174603,1.2,0.190476,0.8375,0.206349,0.55,-0.222222,0.95,-0.190476,1.125,-0.095238,0.8,-0.015873,0.55,-0.555556,0.8875,-0.666667,1.2375,-0.714286,1.425,-0.761905,1.6125,0.0,0.0,0.0,0.0,0.0,0.0,0.0,0.0,0.0,0.0,0.0,0.0,0.0,0.0,0.0,0.0,0.0,0.0,0.0,0.0,0.0,0.0,0.0,0.0,0.0,0.0,0.0,0.0,0.0,0.0,0.0,0.0,0.0,0.0,0.0,0.0,0.0,0.0,0.0,0.0,0.0,0.0,0.0,0.0,other,21.0
0.0,0.0,0.491803,0.217949,0.868852,0.628205,1.131148,0.961538,1.409836,1.166667,0.47541,1.0,0.57377,1.217949,0.52459,0.923077,0.47541,0.666667,0.131148,1.012821,0.229508,1.192308,0.229508,0.820513,0.229508,0.538462,-0.196721,0.974359,-0.163934,1.128205,-0.04918,0.794872,0.016393,0.538462,-0.52459,0.910256,-0.639344,1.25641,-0.688525,1.448718,-0.721311,1.641026,0.0,0.0,0.0,0.0,0.0,0.0,0.0,0.0,0.0,0.0,0.0,0.0,0.0,0.0,0.0,0.0,0.0,0.0,0.0,0.0,0.0,0.0,0.0,0.0,0.0,0.0,0.0,0.0,0.0,0.0,0.0,0.0,0.0,0.0,0.0,0.0,0.0,0.0,0.0,0.0,0.0,0.0,0.0,0.0,other,21.0
0.0,0.0,0.459016,0.226667,0.819672,0.626667,1.098361,0.96,1.377049,1.16,0.491803,1.0,0.557377,1.226667,0.491803,0.946667,0.459016,0.68,0.147541,1.013333,0.213115,1.213333,0.196721,0.84,0.196721,0.546667,-0.180328,0.986667,-0.163934,1.146667,-0.081967,0.813333,-0.016393,0.546667,-0.508197,0.92,-0.606557,1.266667,-0.672131,1.48,-0.721311,1.666667,0.0,0.0,0.0,0.0,0.0,0.0,0.0,0.0,0.0,0.0,0.0,0.0,0.0,0.0,0.0,0.0,0.0,0.0,0.0,0.0,0.0,0.0,0.0,0.0,0.0,0.0,0.0,0.0,0.0,0.0,0.0,0.0,0.0,0.0,0.0,0.0,0.0,0.0,0.0,0.0,0.0,0.0,0.0,0.0,other,21.0
0.0,0.0,0.483333,0.223684,0.866667,0.618421,1.15,0.947368,1.416667,1.157895,0.5,1.0,0.583333,1.223684,0.533333,0.907895,0.516667,0.657895,0.15,1.013158,0.233333,1.197368,0.25,0.815789,0.25,0.552632,-0.183333,0.986842,-0.133333,1.144737,-0.05,0.802632,0.033333,0.552632,-0.5,0.934211,-0.616667,1.276316,-0.666667,1.473684,-0.7,1.671053,0.0,0.0,0.0,0.0,0.0,0.0,0.0,0.0,0.0,0.0,0.0,0.0,0.0,0.0,0.0,0.0,0.0,0.0,0.0,0.0,0.0,0.0,0.0,0.0,0.0,0.0,0.0,0.0,0.0,0.0,0.0,0.0,0.0,0.0,0.0,0.0,0.0,0.0,0.0,0.0,0.0,0.0,0.0,0.0,other,21.0
0.0,0.0,0.483333,0.24359,0.85,0.641026,1.116667,0.974359,1.4,1.179487,0.483333,1.0,0.55,1.217949,0.5,0.923077,0.45,0.666667,0.133333,1.0,0.183333,1.179487,0.2,0.807692,0.2,0.538462,-0.2,0.961538,-0.2,1.115385,-0.083333,0.807692,-0.016667,0.564103,-0.516667,0.897436,-0.65,1.230769,-0.716667,1.423077,-0.783333,1.615385,0.0,0.0,0.0,0.0,0.0,0.0,0.0,0.0,0.0,0.0,0.0,0.0,0.0,0.0,0.0,0.0,0.0,0.0,0.0,0.0,0.0,0.0,0.0,0.0,0.0,0.0,0.0,0.0,0.0,0.0,0.0,0.0,0.0,0.0,0.0,0.0,0.0,0.0,0.0,0.0,0.0,0.0,0.0,0.0,other,21.0
0.0,0.0,0.483333,0.240506,0.85,0.64557,1.116667,0.974684,1.4,1.177215,0.466667,1.0,0.55,1.21519,0.5,0.924051,0.466667,0.670886,0.116667,1.0,0.183333,1.177215,0.2,0.810127,0.216667,0.544304,-0.216667,0.949367,-0.2,1.126582,-0.083333,0.797468,-0.016667,0.556962,-0.533333,0.886076,-0.666667,1.227848,-0.716667,1.43038,-0.766667,1.620253,0.0,0.0,0.0,0.0,0.0,0.0,0.0,0.0,0.0,0.0,0.0,0.0,0.0,0.0,0.0,0.0,0.0,0.0,0.0,0.0,0.0,0.0,0.0,0.0,0.0,0.0,0.0,0.0,0.0,0.0,0.0,0.0,0.0,0.0,0.0,0.0,0.0,0.0,0.0,0.0,0.0,0.0,0.0,0.0,other,21.0
0.0,0.0,0.451613,0.223684,0.806452,0.631579,1.080645,0.960526,1.33871,1.184211,0.451613,1.0,0.5,1.223684,0.451613,0.907895,0.419355,0.644737,0.096774,1.013158,0.16129,1.197368,0.16129,0.802632,0.177419,0.513158,-0.225806,0.973684,-0.225806,1.157895,-0.129032,0.815789,-0.048387,0.565789,-0.548387,0.907895,-0.66129,1.263158,-0.725806,1.460526,-0.774194,1.657895,0.0,0.0,0.0,0.0,0.0,0.0,0.0,0.0,0.0,0.0,0.0,0.0,0.0,0.0,0.0,0.0,0.0,0.0,0.0,0.0,0.0,0.0,0.0,0.0,0.0,0.0,0.0,0.0,0.0,0.0,0.0,0.0,0.0,0.0,0.0,0.0,0.0,0.0,0.0,0.0,0.0,0.0,0.0,0.0,other,21.0
0.0,0.0,0.491803,0.223684,0.852459,0.618421,1.163934,0.947368,1.459016,1.131579,0.52459,1.0,0.590164,1.223684,0.52459,0.934211,0.47541,0.684211,0.180328,1.013158,0.245902,1.210526,0.229508,0.828947,0.229508,0.552632,-0.147541,1.0,-0.131148,1.184211,-0.04918,0.855263,0.0,0.592105,-0.47541,0.947368,-0.57377,1.289474,-0.622951,1.486842,-0.639344,1.684211,0.0,0.0,0.0,0.0,0.0,0.0,0.0,0.0,0.0,0.0,0.0,0.0,0.0,0.0,0.0,0.0,0.0,0.0,0.0,0.0,0.0,0.0,0.0,0.0,0.0,0.0,0.0,0.0,0.0,0.0,0.0,0.0,0.0,0.0,0.0,0.0,0.0,0.0,0.0,0.0,0.0,0.0,0.0,0.0,other,21.0
0.0,0.0,0.5,0.2,0.887097,0.613333,1.193548,0.933333,1.516129,1.12,0.564516,1.0,0.629032,1.226667,0.548387,0.906667,0.483871,0.64,0.225806,1.026667,0.290323,1.2,0.258065,0.813333,0.241935,0.533333,-0.112903,1.0,-0.080645,1.173333,-0.032258,0.826667,0.016129,0.573333,-0.435484,0.946667,-0.516129,1.306667,-0.564516,1.533333,-0.596774,1.733333,0.0,0.0,0.0,0.0,0.0,0.0,0.0,0.0,0.0,0.0,0.0,0.0,0.0,0.0,0.0,0.0,0.0,0.0,0.0,0.0,0.0,0.0,0.0,0.0,0.0,0.0,0.0,0.0,0.0,0.0,0.0,0.0,0.0,0.0,0.0,0.0,0.0,0.0,0.0,0.0,0.0,0.0,0.0,0.0,other,21.0
0.0,0.0,0.483871,0.186667,0.887097,0.6,1.193548,0.92,1.516129,1.12,0.564516,1.0,0.612903,1.213333,0.532258,0.906667,0.483871,0.64,0.225806,1.026667,0.258065,1.2,0.225806,0.813333,0.209677,0.52,-0.112903,1.013333,-0.112903,1.186667,-0.064516,0.84,-0.016129,0.586667,-0.435484,0.96,-0.5,1.333333,-0.564516,1.546667,-0.612903,1.76,0.0,0.0,0.0,0.0,0.0,0.0,0.0,0.0,0.0,0.0,0.0,0.0,0.0,0.0,0.0,0.0,0.0,0.0,0.0,0.0,0.0,0.0,0.0,0.0,0.0,0.0,0.0,0.0,0.0,0.0,0.0,0.0,0.0,0.0,0.0,0.0,0.0,0.0,0.0,0.0,0.0,0.0,0.0,0.0,other,21.0
0.0,0.0,0.5,0.213333,0.883333,0.613333,1.183333,0.933333,1.483333,1.146667,0.533333,1.0,0.6,1.24,0.533333,0.933333,0.483333,0.666667,0.2,1.026667,0.25,1.213333,0.233333,0.826667,0.216667,0.533333,-0.15,1.0,-0.116667,1.173333,-0.05,0.826667,0.0,0.56,-0.466667,0.946667,-0.566667,1.306667,-0.633333,1.533333,-0.7,1.746667,0.0,0.0,0.0,0.0,0.0,0.0,0.0,0.0,0.0,0.0,0.0,0.0,0.0,0.0,0.0,0.0,0.0,0.0,0.0,0.0,0.0,0.0,0.0,0.0,0.0,0.0,0.0,0.0,0.0,0.0,0.0,0.0,0.0,0.0,0.0,0.0,0.0,0.0,0.0,0.0,0.0,0.0,0.0,0.0,other,21.0
0.0,0.0,0.47541,0.207792,0.868852,0.61039,1.163934,0.935065,1.459016,1.155844,0.52459,1.0,0.57377,1.194805,0.52459,0.896104,0.47541,0.636364,0.163934,1.012987,0.229508,1.181818,0.229508,0.792208,0.229508,0.506494,-0.163934,0.987013,-0.147541,1.142857,-0.065574,0.792208,0.0,0.532468,-0.47541,0.935065,-0.590164,1.298701,-0.672131,1.519481,-0.737705,1.727273,0.0,0.0,0.0,0.0,0.0,0.0,0.0,0.0,0.0,0.0,0.0,0.0,0.0,0.0,0.0,0.0,0.0,0.0,0.0,0.0,0.0,0.0,0.0,0.0,0.0,0.0,0.0,0.0,0.0,0.0,0.0,0.0,0.0,0.0,0.0,0.0,0.0,0.0,0.0,0.0,0.0,0.0,0.0,0.0,other,21.0
0.0,0.0,0.483333,0.210526,0.866667,0.618421,1.166667,0.947368,1.483333,1.157895,0.5,1.0,0.566667,1.223684,0.516667,0.934211,0.466667,0.671053,0.15,1.013158,0.233333,1.197368,0.233333,0.828947,0.216667,0.539474,-0.183333,0.986842,-0.133333,1.144737,-0.05,0.815789,0.016667,0.552632,-0.5,0.934211,-0.583333,1.302632,-0.666667,1.539474,-0.733333,1.763158,0.0,0.0,0.0,0.0,0.0,0.0,0.0,0.0,0.0,0.0,0.0,0.0,0.0,0.0,0.0,0.0,0.0,0.0,0.0,0.0,0.0,0.0,0.0,0.0,0.0,0.0,0.0,0.0,0.0,0.0,0.0,0.0,0.0,0.0,0.0,0.0,0.0,0.0,0.0,0.0,0.0,0.0,0.0,0.0,other,21.0
0.0,0.0,0.47541,0.217949,0.836066,0.628205,1.098361,0.961538,1.377049,1.179487,0.47541,1.0,0.52459,1.192308,0.459016,0.897436,0.42623,0.653846,0.131148,1.0,0.163934,1.153846,0.163934,0.794872,0.180328,0.525641,-0.213115,0.961538,-0.196721,1.102564,-0.114754,0.782051,-0.032787,0.538462,-0.52459,0.897436,-0.622951,1.25641,-0.721311,1.474359,-0.803279,1.679487,0.0,0.0,0.0,0.0,0.0,0.0,0.0,0.0,0.0,0.0,0.0,0.0,0.0,0.0,0.0,0.0,0.0,0.0,0.0,0.0,0.0,0.0,0.0,0.0,0.0,0.0,0.0,0.0,0.0,0.0,0.0,0.0,0.0,0.0,0.0,0.0,0.0,0.0,0.0,0.0,0.0,0.0,0.0,0.0,other,21.0
0.0,0.0,0.528571,0.236559,0.9,0.623656,1.171429,0.924731,1.442857,1.11828,0.471429,1.0,0.571429,1.193548,0.528571,0.903226,0.471429,0.634409,0.142857,1.021505,0.214286,1.204301,0.228571,0.849462,0.228571,0.569892,-0.185714,1.0,-0.142857,1.139785,-0.042857,0.827957,0.014286,0.569892,-0.528571,0.946237,-0.642857,1.311828,-0.728571,1.55914,-0.785714,1.774194,0.0,0.0,0.0,0.0,0.0,0.0,0.0,0.0,0.0,0.0,0.0,0.0,0.0,0.0,0.0,0.0,0.0,0.0,0.0,0.0,0.0,0.0,0.0,0.0,0.0,0.0,0.0,0.0,0.0,0.0,0.0,0.0,0.0,0.0,0.0,0.0,0.0,0.0,0.0,0.0,0.0,0.0,0.0,0.0,other,21.0
0.0,0.0,0.468085,0.251969,0.744681,0.677165,0.914894,0.984252,1.138298,1.181102,0.287234,1.0,0.404255,1.220472,0.43617,0.937008,0.43617,0.677165,-0.042553,0.984252,0.053191,1.19685,0.159574,0.84252,0.212766,0.559055,-0.37234,0.937008,-0.287234,1.086614,-0.106383,0.771654,-0.010638,0.511811,-0.712766,0.858268,-0.904255,1.23622,-0.989362,1.480315,-1.053191,1.700787,0.0,0.0,0.0,0.0,0.0,0.0,0.0,0.0,0.0,0.0,0.0,0.0,0.0,0.0,0.0,0.0,0.0,0.0,0.0,0.0,0.0,0.0,0.0,0.0,0.0,0.0,0.0,0.0,0.0,0.0,0.0,0.0,0.0,0.0,0.0,0.0,0.0,0.0,0.0,0.0,0.0,0.0,0.0,0.0,other,21.0
0.0,0.0,0.486726,0.211268,0.849558,0.626761,1.106195,0.93662,1.362832,1.105634,0.486726,1.0,0.59292,1.21831,0.530973,0.929577,0.460177,0.65493,0.150442,1.028169,0.238938,1.225352,0.247788,0.859155,0.247788,0.549296,-0.185841,1.014085,-0.132743,1.176056,-0.035398,0.838028,0.017699,0.556338,-0.513274,0.971831,-0.637168,1.359155,-0.699115,1.605634,-0.752212,1.838028,0.0,0.0,0.0,0.0,0.0,0.0,0.0,0.0,0.0,0.0,0.0,0.0,0.0,0.0,0.0,0.0,0.0,0.0,0.0,0.0,0.0,0.0,0.0,0.0,0.0,0.0,0.0,0.0,0.0,0.0,0.0,0.0,0.0,0.0,0.0,0.0,0.0,0.0,0.0,0.0,0.0,0.0,0.0,0.0,other,21.0
0.0,0.0,0.512821,0.198675,0.880342,0.622517,1.153846,0.933775,1.435897,1.099338,0.529915,1.0,0.641026,1.211921,0.57265,0.913907,0.504274,0.649007,0.196581,1.02649,0.299145,1.211921,0.290598,0.84106,0.273504,0.549669,-0.136752,1.013245,-0.076923,1.165563,0.008547,0.821192,0.051282,0.556291,-0.470085,0.986755,-0.57265,1.370861,-0.641026,1.615894,-0.692308,1.847682,0.0,0.0,0.0,0.0,0.0,0.0,0.0,0.0,0.0,0.0,0.0,0.0,0.0,0.0,0.0,0.0,0.0,0.0,0.0,0.0,0.0,0.0,0.0,0.0,0.0,0.0,0.0,0.0,0.0,0.0,0.0,0.0,0.0,0.0,0.0,0.0,0.0,0.0,0.0,0.0,0.0,0.0,0.0,0.0,other,21.0
0.0,0.0,0.504673,0.210145,0.878505,0.608696,1.168224,0.905797,1.439252,1.086957,0.514019,1.0,0.626168,1.217391,0.588785,0.942029,0.53271,0.673913,0.186916,1.028986,0.280374,1.224638,0.299065,0.876812,0.280374,0.586957,-0.149533,1.021739,-0.093458,1.181159,0.009346,0.862319,0.056075,0.594203,-0.485981,0.985507,-0.588785,1.384058,-0.635514,1.644928,-0.682243,1.876812,0.0,0.0,0.0,0.0,0.0,0.0,0.0,0.0,0.0,0.0,0.0,0.0,0.0,0.0,0.0,0.0,0.0,0.0,0.0,0.0,0.0,0.0,0.0,0.0,0.0,0.0,0.0,0.0,0.0,0.0,0.0,0.0,0.0,0.0,0.0,0.0,0.0,0.0,0.0,0.0,0.0,0.0,0.0,0.0,other,21.0
0.0,0.0,0.477778,0.229508,0.8,0.614754,1.022222,0.92623,1.222222,1.147541,0.366667,1.0,0.455556,1.204918,0.455556,0.934426,0.433333,0.680328,0.033333,1.008197,0.111111,1.188525,0.177778,0.852459,0.211111,0.57377,-0.3,0.967213,-0.255556,1.139344,-0.111111,0.836066,-0.022222,0.57377,-0.633333,0.901639,-0.833333,1.278689,-0.922222,1.516393,-1.0,1.729508,0.0,0.0,0.0,0.0,0.0,0.0,0.0,0.0,0.0,0.0,0.0,0.0,0.0,0.0,0.0,0.0,0.0,0.0,0.0,0.0,0.0,0.0,0.0,0.0,0.0,0.0,0.0,0.0,0.0,0.0,0.0,0.0,0.0,0.0,0.0,0.0,0.0,0.0,0.0,0.0,0.0,0.0,0.0,0.0,other,21.0
