h0x0,h0y0,h0x1,h0y1,h0x2,h0y2,h0x3,h0y3,h0x4,h0y4,h0x5,h0y5,h0x6,h0y6,h0x7,h0y7,h0x8,h0y8,h0x9,h0y9,h0x10,h0y10,h0x11,h0y11,h0x12,h0y12,h0x13,h0y13,h0x14,h0y14,h0x15,h0y15,h0x16,h0y16,h0x17,h0y17,h0x18,h0y18,h0x19,h0y19,h0x20,h0y20,h1x0,h1y0,h1x1,h1y1,h1x2,h1y2,h1x3,h1y3,h1x4,h1y4,h1x5,h1y5,h1x6,h1y6,h1x7,h1y7,h1x8,h1y8,h1x9,h1y9,h1x10,h1y10,h1x11,h1y11,h1x12,h1y12,h1x13,h1y13,h1x14,h1y14,h1x15,h1y15,h1x16,h1y16,h1x17,h1y17,h1x18,h1y18,h1x19,h1y19,h1x20,h1y20,dist_x,dist_y,label,clip_id
0.0,0.0,0.362205,0.037313,0.708661,0.276119,0.905512,0.507463,0.92126,0.776119,0.645669,1.0,0.976378,1.380597,1.251969,1.634328,1.425197,1.902985,0.307087,1.11194,0.716535,1.059701,0.637795,0.574627,0.472441,0.492537,-0.031496,1.052239,0.330709,0.850746,0.291339,0.432836,0.141732,0.41791,-0.354331,0.895522,-0.031496,0.738806,0.0,0.432836,-0.125984,0.41791,0.0,0.0,0.0,0.0,0.0,0.0,0.0,0.0,0.0,0.0,0.0,0.0,0.0,0.0,0.0,0.0,0.0,0.0,0.0,0.0,0.0,0.0,0.0,0.0,0.0,0.0,0.0,0.0,0.0,0.0,0.0,0.0,0.0,0.0,0.0,0.0,0.0,0.0,0.0,0.0,0.0,0.0,0.0,0.0,Z,0
0.0,0.0,0.511811,0.101351,0.88189,0.324324,1.07874,0.533784,1.110236,0.756757,0.850394,1.0,1.204724,1.351351,1.456693,1.594595,1.622047,1.817568,0.480315,1.101351,0.889764,1.040541,0.826772,0.608108,0.685039,0.513514,0.149606,1.054054,0.496063,0.824324,0.440945,0.472973,0.307087,0.472973,-0.149606,0.912162,0.133858,0.689189,0.149606,0.452703,0.03937,0.472973,0.0,0.0,0.0,0.0,0.0,0.0,0.0,0.0,0.0,0.0,0.0,0.0,0.0,0.0,0.0,0.0,0.0,0.0,0.0,0.0,0.0,0.0,0.0,0.0,0.0,0.0,0.0,0.0,0.0,0.0,0.0,0.0,0.0,0.0,0.0,0.0,0.0,0.0,0.0,0.0,0.0,0.0,0.0,0.0,Z,0
0.0,0.0,0.511628,0.100671,0.883721,0.328859,1.085271,0.536913,1.116279,0.771812,0.852713,1.0,1.20155,1.355705,1.44186,1.597315,1.596899,1.825503,0.496124,1.09396,0.875969,1.04698,0.829457,0.61745,0.705426,0.489933,0.162791,1.04698,0.496124,0.845638,0.457364,0.489933,0.333333,0.449664,-0.147287,0.912752,0.131783,0.718121,0.162791,0.469799,0.077519,0.456376,0.0,0.0,0.0,0.0,0.0,0.0,0.0,0.0,0.0,0.0,0.0,0.0,0.0,0.0,0.0,0.0,0.0,0.0,0.0,0.0,0.0,0.0,0.0,0.0,0.0,0.0,0.0,0.0,0.0,0.0,0.0,0.0,0.0,0.0,0.0,0.0,0.0,0.0,0.0,0.0,0.0,0.0,0.0,0.0,Z,0
0.0,0.0,0.511628,0.118421,0.883721,0.342105,1.093023,0.559211,1.100775,0.802632,0.844961,1.0,1.186047,1.355263,1.418605,1.605263,1.55814,1.842105,0.48062,1.085526,0.860465,1.059211,0.806202,0.631579,0.674419,0.519737,0.147287,1.039474,0.488372,0.848684,0.44186,0.493421,0.317829,0.467105,-0.155039,0.907895,0.131783,0.723684,0.162791,0.480263,0.054264,0.473684,0.0,0.0,0.0,0.0,0.0,0.0,0.0,0.0,0.0,0.0,0.0,0.0,0.0,0.0,0.0,0.0,0.0,0.0,0.0,0.0,0.0,0.0,0.0,0.0,0.0,0.0,0.0,0.0,0.0,0.0,0.0,0.0,0.0,0.0,0.0,0.0,0.0,0.0,0.0,0.0,0.0,0.0,0.0,0.0,Z,0
0.0,0.0,0.507692,0.118421,0.884615,0.355263,1.069231,0.565789,1.1,0.809211,0.869231,1.0,1.215385,1.368421,1.423077,1.631579,1.546154,1.875,0.507692,1.098684,0.884615,1.065789,0.823077,0.651316,0.7,0.539474,0.176923,1.052632,0.507692,0.855263,0.446154,0.506579,0.315385,0.486842,-0.130769,0.927632,0.153846,0.730263,0.169231,0.486842,0.061538,0.5,0.0,0.0,0.0,0.0,0.0,0.0,0.0,0.0,0.0,0.0,0.0,0.0,0.0,0.0,0.0,0.0,0.0,0.0,0.0,0.0,0.0,0.0,0.0,0.0,0.0,0.0,0.0,0.0,0.0,0.0,0.0,0.0,0.0,0.0,0.0,0.0,0.0,0.0,0.0,0.0,0.0,0.0,0.0,0.0,Z,0
0.0,0.0,0.483333,0.160494,0.85,0.382716,1.008333,0.598765,1.041667,0.802469,0.608333,1.0,0.766667,1.185185,0.925,1.154321,1.041667,1.141975,0.266667,1.006173,0.458333,0.981481,0.55,0.685185,0.575,0.635802,-0.066667,0.901235,0.075,0.851852,0.15,0.611111,0.158333,0.580247,-0.391667,0.746914,-0.425,0.808642,-0.366667,0.709877,-0.358333,0.697531,0.0,0.0,0.0,0.0,0.0,0.0,0.0,0.0,0.0,0.0,0.0,0.0,0.0,0.0,0.0,0.0,0.0,0.0,0.0,0.0,0.0,0.0,0.0,0.0,0.0,0.0,0.0,0.0,0.0,0.0,0.0,0.0,0.0,0.0,0.0,0.0,0.0,0.0,0.0,0.0,0.0,0.0,0.0,0.0,Z,0
0.0,0.0,0.468085,0.22,0.87234,0.613333,1.095745,0.893333,1.159574,1.086667,0.202128,1.0,0.180851,1.16,0.361702,0.993333,0.489362,0.88,-0.159574,0.933333,-0.095745,1.08,0.117021,0.86,0.202128,0.726667,-0.489362,0.813333,-0.393617,0.933333,-0.191489,0.72,-0.106383,0.58,-0.797872,0.633333,-0.691489,0.766667,-0.510638,0.613333,-0.414894,0.493333,0.0,0.0,0.0,0.0,0.0,0.0,0.0,0.0,0.0,0.0,0.0,0.0,0.0,0.0,0.0,0.0,0.0,0.0,0.0,0.0,0.0,0.0,0.0,0.0,0.0,0.0,0.0,0.0,0.0,0.0,0.0,0.0,0.0,0.0,0.0,0.0,0.0,0.0,0.0,0.0,0.0,0.0,0.0,0.0,Z,0
0.0,0.0,0.30303,0.202381,0.530303,0.52381,0.333333,0.72619,0.030303,0.803571,0.136364,1.0,0.098485,1.404762,0.037879,1.684524,-0.045455,1.940476,-0.25,0.964286,-0.348485,0.982143,-0.166667,0.613095,-0.05303,0.541667,-0.575758,0.857143,-0.613636,0.684524,-0.356061,0.404762,-0.219697,0.416667,-0.863636,0.696429,-0.871212,0.517857,-0.628788,0.321429,-0.492424,0.327381,0.0,0.0,0.0,0.0,0.0,0.0,0.0,0.0,0.0,0.0,0.0,0.0,0.0,0.0,0.0,0.0,0.0,0.0,0.0,0.0,0.0,0.0,0.0,0.0,0.0,0.0,0.0,0.0,0.0,0.0,0.0,0.0,0.0,0.0,0.0,0.0,0.0,0.0,0.0,0.0,0.0,0.0,0.0,0.0,Z,0
0.0,0.0,0.36,0.188571,0.624,0.491429,0.496,0.702857,0.192,0.777143,0.256,1.0,0.352,1.325714,0.392,1.548571,0.432,1.702857,-0.136,0.965714,-0.232,0.971429,-0.104,0.691429,0.048,0.508571,-0.464,0.828571,-0.576,0.811429,-0.408,0.588571,-0.232,0.434286,-0.744,0.645714,-0.888,0.651429,-0.712,0.491429,-0.536,0.388571,0.0,0.0,0.0,0.0,0.0,0.0,0.0,0.0,0.0,0.0,0.0,0.0,0.0,0.0,0.0,0.0,0.0,0.0,0.0,0.0,0.0,0.0,0.0,0.0,0.0,0.0,0.0,0.0,0.0,0.0,0.0,0.0,0.0,0.0,0.0,0.0,0.0,0.0,0.0,0.0,0.0,0.0,0.0,0.0,Z,0
0.0,0.0,0.491667,0.088757,0.916667,0.248521,1.183333,0.366864,1.341667,0.491124,0.65,1.0,1.0,0.863905,1.05,0.556213,1.041667,0.426036,0.291667,1.011834,0.708333,0.721893,0.733333,0.402367,0.683333,0.360947,-0.05,0.91716,0.391667,0.538462,0.4,0.278107,0.316667,0.272189,-0.35,0.757396,0.016667,0.431953,0.058333,0.236686,0.008333,0.218935,0.0,0.0,0.0,0.0,0.0,0.0,0.0,0.0,0.0,0.0,0.0,0.0,0.0,0.0,0.0,0.0,0.0,0.0,0.0,0.0,0.0,0.0,0.0,0.0,0.0,0.0,0.0,0.0,0.0,0.0,0.0,0.0,0.0,0.0,0.0,0.0,0.0,0.0,0.0,0.0,0.0,0.0,0.0,0.0,Z,0
0.0,0.0,0.557252,0.069767,0.977099,0.248062,1.198473,0.44186,1.091603,0.527132,0.877863,1.0,1.290076,1.232558,1.564885,1.418605,1.770992,1.612403,0.51145,1.139535,0.862595,0.728682,0.801527,0.310078,0.694656,0.255814,0.167939,1.03876,0.503817,0.449612,0.450382,0.155039,0.343511,0.232558,-0.122137,0.813953,0.122137,0.317829,0.160305,0.116279,0.091603,0.193798,0.0,0.0,0.0,0.0,0.0,0.0,0.0,0.0,0.0,0.0,0.0,0.0,0.0,0.0,0.0,0.0,0.0,0.0,0.0,0.0,0.0,0.0,0.0,0.0,0.0,0.0,0.0,0.0,0.0,0.0,0.0,0.0,0.0,0.0,0.0,0.0,0.0,0.0,0.0,0.0,0.0,0.0,0.0,0.0,Z,0
0.0,0.0,0.491935,0.109489,0.919355,0.29927,1.145161,0.474453,1.258065,0.620438,0.685484,1.0,1.080645,1.20438,1.362903,1.379562,1.58871,1.547445,0.290323,1.065693,0.604839,0.613139,0.645161,0.386861,0.58871,0.350365,-0.040323,0.919708,0.282258,0.394161,0.306452,0.270073,0.241935,0.321168,-0.314516,0.686131,-0.056452,0.262774,-0.024194,0.160584,-0.08871,0.20438,0.0,0.0,0.0,0.0,0.0,0.0,0.0,0.0,0.0,0.0,0.0,0.0,0.0,0.0,0.0,0.0,0.0,0.0,0.0,0.0,0.0,0.0,0.0,0.0,0.0,0.0,0.0,0.0,0.0,0.0,0.0,0.0,0.0,0.0,0.0,0.0,0.0,0.0,0.0,0.0,0.0,0.0,0.0,0.0,Z,0
0.0,0.0,0.410256,0.162162,0.74359,0.466216,0.880342,0.668919,0.871795,0.790541,0.307692,1.0,0.367521,0.972973,0.401709,0.817568,0.410256,0.790541,-0.08547,0.885135,0.059829,0.77027,0.136752,0.52027,0.145299,0.466216,-0.410256,0.689189,-0.25641,0.567568,-0.162393,0.344595,-0.162393,0.297297,-0.692308,0.466216,-0.564103,0.432432,-0.478632,0.263514,-0.478632,0.209459,0.0,0.0,0.0,0.0,0.0,0.0,0.0,0.0,0.0,0.0,0.0,0.0,0.0,0.0,0.0,0.0,0.0,0.0,0.0,0.0,0.0,0.0,0.0,0.0,0.0,0.0,0.0,0.0,0.0,0.0,0.0,0.0,0.0,0.0,0.0,0.0,0.0,0.0,0.0,0.0,0.0,0.0,0.0,0.0,Z,0
0.0,0.0,0.272059,0.176471,0.477941,0.457516,0.220588,0.607843,-0.132353,0.647059,0.051471,1.0,-0.036765,1.267974,-0.139706,1.48366,-0.25,1.699346,-0.352941,1.0,-0.514706,0.777778,-0.294118,0.424837,-0.139706,0.431373,-0.676471,0.869281,-0.794118,0.54902,-0.544118,0.281046,-0.389706,0.333333,-0.948529,0.673203,-1.014706,0.379085,-0.772059,0.189542,-0.610294,0.215686,0.0,0.0,0.0,0.0,0.0,0.0,0.0,0.0,0.0,0.0,0.0,0.0,0.0,0.0,0.0,0.0,0.0,0.0,0.0,0.0,0.0,0.0,0.0,0.0,0.0,0.0,0.0,0.0,0.0,0.0,0.0,0.0,0.0,0.0,0.0,0.0,0.0,0.0,0.0,0.0,0.0,0.0,0.0,0.0,Z,0
0.0,0.0,0.283333,0.202703,0.441667,0.506757,0.083333,0.560811,-0.3,0.554054,-0.125,1.0,-0.25,1.25,-0.391667,1.445946,-0.541667,1.662162,-0.55,0.959459,-0.741667,0.675676,-0.441667,0.358108,-0.225,0.358108,-0.883333,0.804054,-1.0,0.439189,-0.666667,0.202703,-0.483333,0.277027,-1.125,0.587838,-1.208333,0.304054,-0.916667,0.135135,-0.75,0.189189,0.0,0.0,0.0,0.0,0.0,0.0,0.0,0.0,0.0,0.0,0.0,0.0,0.0,0.0,0.0,0.0,0.0,0.0,0.0,0.0,0.0,0.0,0.0,0.0,0.0,0.0,0.0,0.0,0.0,0.0,0.0,0.0,0.0,0.0,0.0,0.0,0.0,0.0,0.0,0.0,0.0,0.0,0.0,0.0,Z,0
0.0,0.0,0.256198,0.180556,0.347107,0.472222,0.016529,0.555556,-0.396694,0.541667,-0.181818,1.0,-0.347107,1.263889,-0.512397,1.465278,-0.68595,1.694444,-0.61157,0.930556,-0.842975,0.708333,-0.512397,0.333333,-0.330579,0.388889,-0.942149,0.770833,-1.115702,0.451389,-0.760331,0.1875,-0.586777,0.298611,-1.181818,0.548611,-1.297521,0.277778,-0.991736,0.111111,-0.818182,0.180556,0.0,0.0,0.0,0.0,0.0,0.0,0.0,0.0,0.0,0.0,0.0,0.0,0.0,0.0,0.0,0.0,0.0,0.0,0.0,0.0,0.0,0.0,0.0,0.0,0.0,0.0,0.0,0.0,0.0,0.0,0.0,0.0,0.0,0.0,0.0,0.0,0.0,0.0,0.0,0.0,0.0,0.0,0.0,0.0,Z,0
0.0,0.0,0.277778,0.145833,0.412698,0.430556,0.119048,0.534722,-0.253968,0.5625,-0.087302,1.0,-0.253968,1.229167,-0.396825,1.430556,-0.547619,1.666667,-0.492063,0.958333,-0.714286,0.722222,-0.404762,0.319444,-0.230159,0.361111,-0.825397,0.805556,-0.97619,0.451389,-0.642857,0.159722,-0.47619,0.277778,-1.087302,0.597222,-1.166667,0.277778,-0.873016,0.097222,-0.706349,0.173611,0.0,0.0,0.0,0.0,0.0,0.0,0.0,0.0,0.0,0.0,0.0,0.0,0.0,0.0,0.0,0.0,0.0,0.0,0.0,0.0,0.0,0.0,0.0,0.0,0.0,0.0,0.0,0.0,0.0,0.0,0.0,0.0,0.0,0.0,0.0,0.0,0.0,0.0,0.0,0.0,0.0,0.0,0.0,0.0,Z,0
0.0,0.0,0.280303,0.143836,0.431818,0.438356,0.143939,0.582192,-0.257576,0.59589,-0.030303,1.0,-0.181818,1.260274,-0.310606,1.458904,-0.454545,1.69863,-0.439394,0.965753,-0.621212,0.732877,-0.333333,0.335616,-0.19697,0.39726,-0.765152,0.815068,-0.886364,0.472603,-0.575758,0.184932,-0.439394,0.294521,-1.030303,0.609589,-1.068182,0.287671,-0.795455,0.109589,-0.651515,0.191781,0.0,0.0,0.0,0.0,0.0,0.0,0.0,0.0,0.0,0.0,0.0,0.0,0.0,0.0,0.0,0.0,0.0,0.0,0.0,0.0,0.0,0.0,0.0,0.0,0.0,0.0,0.0,0.0,0.0,0.0,0.0,0.0,0.0,0.0,0.0,0.0,0.0,0.0,0.0,0.0,0.0,0.0,0.0,0.0,Z,0
0.0,0.0,0.275591,0.188312,0.417323,0.461039,0.133858,0.584416,-0.259843,0.590909,-0.086614,1.0,-0.220472,1.227273,-0.362205,1.415584,-0.488189,1.616883,-0.503937,0.961039,-0.653543,0.714286,-0.401575,0.37013,-0.244094,0.409091,-0.826772,0.811688,-0.929134,0.487013,-0.653543,0.220779,-0.496063,0.298701,-1.086614,0.603896,-1.125984,0.305195,-0.874016,0.136364,-0.716535,0.201299,0.0,0.0,0.0,0.0,0.0,0.0,0.0,0.0,0.0,0.0,0.0,0.0,0.0,0.0,0.0,0.0,0.0,0.0,0.0,0.0,0.0,0.0,0.0,0.0,0.0,0.0,0.0,0.0,0.0,0.0,0.0,0.0,0.0,0.0,0.0,0.0,0.0,0.0,0.0,0.0,0.0,0.0,0.0,0.0,Z,0
0.0,0.0,0.27907,0.167785,0.434109,0.442953,0.155039,0.583893,-0.232558,0.597315,-0.046512,1.0,-0.186047,1.241611,-0.325581,1.436242,-0.449612,1.644295,-0.457364,0.966443,-0.612403,0.718121,-0.356589,0.355705,-0.20155,0.395973,-0.775194,0.818792,-0.891473,0.483221,-0.612403,0.208054,-0.465116,0.288591,-1.046512,0.610738,-1.093023,0.302013,-0.829457,0.120805,-0.674419,0.187919,0.0,0.0,0.0,0.0,0.0,0.0,0.0,0.0,0.0,0.0,0.0,0.0,0.0,0.0,0.0,0.0,0.0,0.0,0.0,0.0,0.0,0.0,0.0,0.0,0.0,0.0,0.0,0.0,0.0,0.0,0.0,0.0,0.0,0.0,0.0,0.0,0.0,0.0,0.0,0.0,0.0,0.0,0.0,0.0,Z,0
0.0,0.0,0.278195,0.147651,0.451128,0.422819,0.195489,0.590604,-0.18797,0.624161,0.007519,1.0,-0.135338,1.241611,-0.263158,1.442953,-0.398496,1.657718,-0.390977,0.979866,-0.556391,0.718121,-0.293233,0.348993,-0.165414,0.409396,-0.714286,0.838926,-0.827068,0.483221,-0.548872,0.208054,-0.428571,0.308725,-0.992481,0.644295,-1.022556,0.308725,-0.774436,0.127517,-0.639098,0.208054,0.0,0.0,0.0,0.0,0.0,0.0,0.0,0.0,0.0,0.0,0.0,0.0,0.0,0.0,0.0,0.0,0.0,0.0,0.0,0.0,0.0,0.0,0.0,0.0,0.0,0.0,0.0,0.0,0.0,0.0,0.0,0.0,0.0,0.0,0.0,0.0,0.0,0.0,0.0,0.0,0.0,0.0,0.0,0.0,Z,0
0.0,0.0,0.282443,0.176871,0.480916,0.47619,0.19084,0.598639,-0.183206,0.605442,-0.022901,1.0,-0.160305,1.258503,-0.282443,1.455782,-0.419847,1.673469,-0.435115,0.993197,-0.59542,0.714286,-0.335878,0.367347,-0.183206,0.408163,-0.755725,0.85034,-0.870229,0.482993,-0.59542,0.22449,-0.435115,0.306122,-1.022901,0.639456,-1.068702,0.319728,-0.80916,0.142857,-0.648855,0.197279,0.0,0.0,0.0,0.0,0.0,0.0,0.0,0.0,0.0,0.0,0.0,0.0,0.0,0.0,0.0,0.0,0.0,0.0,0.0,0.0,0.0,0.0,0.0,0.0,0.0,0.0,0.0,0.0,0.0,0.0,0.0,0.0,0.0,0.0,0.0,0.0,0.0,0.0,0.0,0.0,0.0,0.0,0.0,0.0,Z,0
0.0,0.0,0.280303,0.196078,0.469697,0.496732,0.166667,0.607843,-0.219697,0.614379,-0.037879,1.0,-0.174242,1.24183,-0.295455,1.424837,-0.424242,1.647059,-0.454545,0.973856,-0.590909,0.72549,-0.325758,0.379085,-0.174242,0.424837,-0.780303,0.836601,-0.871212,0.496732,-0.568182,0.235294,-0.424242,0.320261,-1.037879,0.633987,-1.060606,0.320261,-0.780303,0.150327,-0.636364,0.20915,0.0,0.0,0.0,0.0,0.0,0.0,0.0,0.0,0.0,0.0,0.0,0.0,0.0,0.0,0.0,0.0,0.0,0.0,0.0,0.0,0.0,0.0,0.0,0.0,0.0,0.0,0.0,0.0,0.0,0.0,0.0,0.0,0.0,0.0,0.0,0.0,0.0,0.0,0.0,0.0,0.0,0.0,0.0,0.0,Z,0
0.0,0.0,0.291045,0.18543,0.492537,0.476821,0.231343,0.622517,-0.149254,0.635762,0.007463,1.0,-0.11194,1.251656,-0.223881,1.450331,-0.350746,1.675497,-0.402985,0.986755,-0.544776,0.735099,-0.283582,0.384106,-0.134328,0.430464,-0.723881,0.854305,-0.828358,0.516556,-0.544776,0.245033,-0.38806,0.317881,-0.992537,0.655629,-1.029851,0.350993,-0.768657,0.172185,-0.604478,0.225166,0.0,0.0,0.0,0.0,0.0,0.0,0.0,0.0,0.0,0.0,0.0,0.0,0.0,0.0,0.0,0.0,0.0,0.0,0.0,0.0,0.0,0.0,0.0,0.0,0.0,0.0,0.0,0.0,0.0,0.0,0.0,0.0,0.0,0.0,0.0,0.0,0.0,0.0,0.0,0.0,0.0,0.0,0.0,0.0,Z,0
0.0,0.0,0.291045,0.187919,0.5,0.489933,0.231343,0.61745,-0.156716,0.61745,0.0,1.0,-0.11194,1.261745,-0.223881,1.463087,-0.343284,1.677852,-0.41791,0.986577,-0.544776,0.751678,-0.283582,0.395973,-0.141791,0.422819,-0.738806,0.845638,-0.820896,0.516779,-0.529851,0.241611,-0.380597,0.302013,-1.0,0.637584,-1.014925,0.328859,-0.738806,0.147651,-0.58209,0.201342,0.0,0.0,0.0,0.0,0.0,0.0,0.0,0.0,0.0,0.0,0.0,0.0,0.0,0.0,0.0,0.0,0.0,0.0,0.0,0.0,0.0,0.0,0.0,0.0,0.0,0.0,0.0,0.0,0.0,0.0,0.0,0.0,0.0,0.0,0.0,0.0,0.0,0.0,0.0,0.0,0.0,0.0,0.0,0.0,Z,0
0.0,0.0,0.285714,0.187919,0.496241,0.489933,0.233083,0.61745,-0.157895,0.61745,-0.015038,1.0,-0.135338,1.261745,-0.24812,1.456376,-0.383459,1.671141,-0.428571,0.986577,-0.548872,0.738255,-0.285714,0.389262,-0.135338,0.422819,-0.744361,0.838926,-0.827068,0.503356,-0.533835,0.234899,-0.383459,0.302013,-1.015038,0.630872,-1.037594,0.328859,-0.766917,0.14094,-0.609023,0.194631,0.0,0.0,0.0,0.0,0.0,0.0,0.0,0.0,0.0,0.0,0.0,0.0,0.0,0.0,0.0,0.0,0.0,0.0,0.0,0.0,0.0,0.0,0.0,0.0,0.0,0.0,0.0,0.0,0.0,0.0,0.0,0.0,0.0,0.0,0.0,0.0,0.0,0.0,0.0,0.0,0.0,0.0,0.0,0.0,Z,0
0.0,0.0,0.272727,0.192053,0.492424,0.503311,0.204545,0.635762,-0.181818,0.635762,-0.030303,1.0,-0.151515,1.251656,-0.280303,1.437086,-0.424242,1.642384,-0.44697,0.993377,-0.560606,0.735099,-0.310606,0.403974,-0.151515,0.423841,-0.765152,0.854305,-0.840909,0.509934,-0.560606,0.251656,-0.393939,0.311258,-1.030303,0.649007,-1.05303,0.350993,-0.780303,0.172185,-0.613636,0.211921,0.0,0.0,0.0,0.0,0.0,0.0,0.0,0.0,0.0,0.0,0.0,0.0,0.0,0.0,0.0,0.0,0.0,0.0,0.0,0.0,0.0,0.0,0.0,0.0,0.0,0.0,0.0,0.0,0.0,0.0,0.0,0.0,0.0,0.0,0.0,0.0,0.0,0.0,0.0,0.0,0.0,0.0,0.0,0.0,Z,0
0.0,0.0,0.347518,0.071429,0.687943,0.307143,0.843972,0.6,0.893617,0.892857,0.673759,1.0,0.957447,1.414286,1.184397,1.721429,1.312057,2.007143,0.333333,1.121429,0.631206,1.185714,0.553191,0.692857,0.432624,0.621429,0.0,1.092857,0.234043,0.985714,0.205674,0.542857,0.099291,0.528571,-0.326241,0.957143,-0.141844,0.835714,-0.085106,0.514286,-0.141844,0.5,0.0,0.0,0.0,0.0,0.0,0.0,0.0,0.0,0.0,0.0,0.0,0.0,0.0,0.0,0.0,0.0,0.0,0.0,0.0,0.0,0.0,0.0,0.0,0.0,0.0,0.0,0.0,0.0,0.0,0.0,0.0,0.0,0.0,0.0,0.0,0.0,0.0,0.0,0.0,0.0,0.0,0.0,0.0,0.0,Z,1
0.0,0.0,0.407895,0.101911,0.730263,0.324841,0.855263,0.585987,0.868421,0.866242,0.717105,1.0,0.986842,1.382166,1.184211,1.656051,1.302632,1.88535,0.348684,1.070064,0.625,1.127389,0.572368,0.675159,0.480263,0.579618,0.019737,1.019108,0.256579,0.904459,0.236842,0.509554,0.144737,0.496815,-0.282895,0.898089,-0.078947,0.77707,-0.019737,0.484076,-0.078947,0.477707,0.0,0.0,0.0,0.0,0.0,0.0,0.0,0.0,0.0,0.0,0.0,0.0,0.0,0.0,0.0,0.0,0.0,0.0,0.0,0.0,0.0,0.0,0.0,0.0,0.0,0.0,0.0,0.0,0.0,0.0,0.0,0.0,0.0,0.0,0.0,0.0,0.0,0.0,0.0,0.0,0.0,0.0,0.0,0.0,Z,1
0.0,0.0,0.431373,0.111801,0.764706,0.329193,0.882353,0.596273,0.882353,0.875776,0.738562,1.0,1.0,1.372671,1.196078,1.639752,1.320261,1.875776,0.366013,1.074534,0.640523,1.130435,0.594771,0.68323,0.503268,0.602484,0.039216,1.024845,0.281046,0.900621,0.267974,0.521739,0.183007,0.515528,-0.261438,0.906832,-0.052288,0.770186,0.013072,0.490683,-0.045752,0.490683,0.0,0.0,0.0,0.0,0.0,0.0,0.0,0.0,0.0,0.0,0.0,0.0,0.0,0.0,0.0,0.0,0.0,0.0,0.0,0.0,0.0,0.0,0.0,0.0,0.0,0.0,0.0,0.0,0.0,0.0,0.0,0.0,0.0,0.0,0.0,0.0,0.0,0.0,0.0,0.0,0.0,0.0,0.0,0.0,Z,1
0.0,0.0,0.422078,0.11875,0.74026,0.3375,0.857143,0.60625,0.863636,0.8875,0.714286,1.0,0.987013,1.375,1.175325,1.64375,1.298701,1.875,0.350649,1.075,0.62987,1.13125,0.577922,0.6875,0.487013,0.6,0.025974,1.025,0.266234,0.91875,0.246753,0.53125,0.162338,0.51875,-0.285714,0.9125,-0.071429,0.7875,-0.006494,0.5,-0.058442,0.4875,0.0,0.0,0.0,0.0,0.0,0.0,0.0,0.0,0.0,0.0,0.0,0.0,0.0,0.0,0.0,0.0,0.0,0.0,0.0,0.0,0.0,0.0,0.0,0.0,0.0,0.0,0.0,0.0,0.0,0.0,0.0,0.0,0.0,0.0,0.0,0.0,0.0,0.0,0.0,0.0,0.0,0.0,0.0,0.0,Z,1
0.0,0.0,0.431373,0.117284,0.75817,0.345679,0.875817,0.611111,0.882353,0.888889,0.718954,1.0,1.0,1.364198,1.196078,1.623457,1.320261,1.851852,0.352941,1.061728,0.633987,1.123457,0.588235,0.679012,0.496732,0.598765,0.026144,1.012346,0.27451,0.919753,0.261438,0.530864,0.169935,0.518519,-0.281046,0.895062,-0.065359,0.808642,0.006536,0.518519,-0.045752,0.493827,0.0,0.0,0.0,0.0,0.0,0.0,0.0,0.0,0.0,0.0,0.0,0.0,0.0,0.0,0.0,0.0,0.0,0.0,0.0,0.0,0.0,0.0,0.0,0.0,0.0,0.0,0.0,0.0,0.0,0.0,0.0,0.0,0.0,0.0,0.0,0.0,0.0,0.0,0.0,0.0,0.0,0.0,0.0,0.0,Z,1
0.0,0.0,0.437086,0.118012,0.768212,0.341615,0.89404,0.608696,0.887417,0.888199,0.721854,1.0,1.006623,1.372671,1.211921,1.63354,1.344371,1.863354,0.350993,1.068323,0.649007,1.118012,0.602649,0.677019,0.496689,0.596273,0.02649,1.018634,0.291391,0.913043,0.264901,0.521739,0.165563,0.503106,-0.278146,0.89441,-0.059603,0.801242,0.013245,0.515528,-0.046358,0.490683,0.0,0.0,0.0,0.0,0.0,0.0,0.0,0.0,0.0,0.0,0.0,0.0,0.0,0.0,0.0,0.0,0.0,0.0,0.0,0.0,0.0,0.0,0.0,0.0,0.0,0.0,0.0,0.0,0.0,0.0,0.0,0.0,0.0,0.0,0.0,0.0,0.0,0.0,0.0,0.0,0.0,0.0,0.0,0.0,Z,1
0.0,0.0,0.414634,0.07438,0.804878,0.363636,0.910569,0.702479,0.886179,0.958678,0.601626,1.0,0.593496,1.297521,0.642276,1.330579,0.715447,1.297521,0.276423,1.024793,0.284553,1.272727,0.284553,1.082645,0.292683,0.909091,-0.056911,0.942149,-0.081301,1.140496,-0.065041,0.950413,-0.04878,0.809917,-0.398374,0.785124,-0.463415,0.966942,-0.430894,0.85124,-0.406504,0.752066,-0.048780487804878,0.1900826446280991,0.0,0.0,0.431818,0.134503,0.848485,0.397661,0.992424,0.678363,1.015152,0.918129,0.568182,1.0,0.765152,1.28655,0.893939,1.397661,0.984848,1.54386,0.212121,1.011696,0.431818,1.05848,0.469697,0.71345,0.431818,0.695906,-0.106061,0.935673,0.045455,0.918129,0.113636,0.596491,0.083333,0.573099,-0.431818,0.818713,-0.333333,0.807018,-0.19697,0.573099,-0.159091,0.508772,Z,1
0.0,0.0,0.379032,0.223464,0.564516,0.558659,0.403226,0.804469,0.080645,0.932961,0.290323,1.0,0.354839,1.424581,0.387097,1.709497,0.41129,1.960894,-0.072581,0.949721,-0.290323,1.134078,-0.25,0.910615,-0.153226,0.765363,-0.41129,0.821229,-0.580645,0.949721,-0.475806,0.743017,-0.362903,0.642458,-0.709677,0.659218,-0.830645,0.748603,-0.709677,0.614525,-0.596774,0.536313,0.0,0.0,0.0,0.0,0.0,0.0,0.0,0.0,0.0,0.0,0.0,0.0,0.0,0.0,0.0,0.0,0.0,0.0,0.0,0.0,0.0,0.0,0.0,0.0,0.0,0.0,0.0,0.0,0.0,0.0,0.0,0.0,0.0,0.0,0.0,0.0,0.0,0.0,0.0,0.0,0.0,0.0,0.0,0.0,Z,1
0.0,0.0,0.288,0.231579,0.4,0.536842,0.16,0.752632,-0.208,0.873684,-0.032,1.0,-0.056,1.4,-0.144,1.689474,-0.224,1.931579,-0.44,0.889474,-0.648,1.084211,-0.424,0.736842,-0.28,0.636842,-0.768,0.742105,-0.952,0.805263,-0.656,0.536842,-0.504,0.494737,-1.032,0.557895,-1.192,0.626316,-0.92,0.457895,-0.76,0.410526,0.0,0.0,0.0,0.0,0.0,0.0,0.0,0.0,0.0,0.0,0.0,0.0,0.0,0.0,0.0,0.0,0.0,0.0,0.0,0.0,0.0,0.0,0.0,0.0,0.0,0.0,0.0,0.0,0.0,0.0,0.0,0.0,0.0,0.0,0.0,0.0,0.0,0.0,0.0,0.0,0.0,0.0,0.0,0.0,Z,1
0.0,0.0,0.308333,0.252632,0.433333,0.568421,0.208333,0.8,-0.191667,0.894737,-0.016667,1.0,-0.075,1.421053,-0.166667,1.694737,-0.258333,1.936842,-0.416667,0.905263,-0.666667,1.1,-0.441667,0.773684,-0.25,0.642105,-0.75,0.763158,-0.966667,0.826316,-0.675,0.557895,-0.475,0.489474,-1.016667,0.573684,-1.208333,0.626316,-0.916667,0.457895,-0.716667,0.405263,0.0,0.0,0.0,0.0,0.0,0.0,0.0,0.0,0.0,0.0,0.0,0.0,0.0,0.0,0.0,0.0,0.0,0.0,0.0,0.0,0.0,0.0,0.0,0.0,0.0,0.0,0.0,0.0,0.0,0.0,0.0,0.0,0.0,0.0,0.0,0.0,0.0,0.0,0.0,0.0,0.0,0.0,0.0,0.0,Z,1
0.0,0.0,0.382114,0.259067,0.642276,0.53886,0.577236,0.751295,0.463415,0.891192,-0.056911,1.0,-0.154472,1.036269,0.0,0.818653,0.162602,0.658031,-0.455285,0.932642,-0.349593,0.823834,-0.073171,0.53886,0.154472,0.378238,-0.772358,0.787565,-0.658537,0.678756,-0.390244,0.440415,-0.162602,0.305699,-1.056911,0.61658,-1.04878,0.585492,-0.813008,0.419689,-0.601626,0.326425,0.0,0.0,0.0,0.0,0.0,0.0,0.0,0.0,0.0,0.0,0.0,0.0,0.0,0.0,0.0,0.0,0.0,0.0,0.0,0.0,0.0,0.0,0.0,0.0,0.0,0.0,0.0,0.0,0.0,0.0,0.0,0.0,0.0,0.0,0.0,0.0,0.0,0.0,0.0,0.0,0.0,0.0,0.0,0.0,Z,1
0.0,0.0,0.438849,0.0,0.81295,0.094017,1.043165,0.213675,1.244604,0.299145,0.928058,1.0,1.294964,1.0,1.597122,1.042735,1.856115,1.145299,0.604317,1.179487,0.928058,0.555556,0.841727,0.136752,0.741007,0.128205,0.266187,1.094017,0.553957,0.307692,0.460432,0.059829,0.374101,0.205128,-0.071942,0.888889,0.158273,0.290598,0.115108,0.08547,0.028777,0.205128,0.0,0.0,0.0,0.0,0.0,0.0,0.0,0.0,0.0,0.0,0.0,0.0,0.0,0.0,0.0,0.0,0.0,0.0,0.0,0.0,0.0,0.0,0.0,0.0,0.0,0.0,0.0,0.0,0.0,0.0,0.0,0.0,0.0,0.0,0.0,0.0,0.0,0.0,0.0,0.0,0.0,0.0,0.0,0.0,Z,1
0.0,0.0,0.452703,0.027778,0.858108,0.083333,1.114865,0.185185,1.114865,0.277778,0.932432,1.0,1.364865,1.055556,1.689189,1.148148,1.939189,1.296296,0.614865,1.222222,0.918919,0.435185,0.756757,-0.046296,0.601351,-0.027778,0.27027,1.148148,0.513514,0.231481,0.391892,-0.064815,0.277027,0.083333,-0.067568,0.944444,0.114865,0.268519,0.094595,0.018519,0.013514,0.12037,0.0,0.0,0.0,0.0,0.0,0.0,0.0,0.0,0.0,0.0,0.0,0.0,0.0,0.0,0.0,0.0,0.0,0.0,0.0,0.0,0.0,0.0,0.0,0.0,0.0,0.0,0.0,0.0,0.0,0.0,0.0,0.0,0.0,0.0,0.0,0.0,0.0,0.0,0.0,0.0,0.0,0.0,0.0,0.0,Z,1
0.0,0.0,0.438356,0.0,0.808219,0.080357,1.013699,0.196429,1.123288,0.258929,0.869863,1.0,1.287671,1.035714,1.59589,1.133929,1.863014,1.258929,0.547945,1.1875,0.739726,0.455357,0.678082,0.151786,0.589041,0.151786,0.19863,1.080357,0.390411,0.196429,0.328767,0.053571,0.246575,0.196429,-0.130137,0.848214,0.034247,0.178571,0.0,0.0625,-0.082192,0.196429,0.0,0.0,0.0,0.0,0.0,0.0,0.0,0.0,0.0,0.0,0.0,0.0,0.0,0.0,0.0,0.0,0.0,0.0,0.0,0.0,0.0,0.0,0.0,0.0,0.0,0.0,0.0,0.0,0.0,0.0,0.0,0.0,0.0,0.0,0.0,0.0,0.0,0.0,0.0,0.0,0.0,0.0,0.0,0.0,Z,1
0.0,0.0,0.077922,1.534884,-0.350649,2.627907,-1.064935,3.209302,-1.714286,3.930233,-0.558442,1.0,-1.506494,0.627907,-2.168831,0.697674,-2.584416,0.511628,-0.974026,0.27907,-1.961039,0.395349,-2.181818,1.27907,-2.025974,1.883721,-1.311688,-0.116279,-2.233766,0.069767,-2.519481,0.860465,-2.467532,1.488372,-1.558442,-0.27907,-2.220779,-0.186047,-2.519481,0.348837,-2.61039,0.72093,0.0,0.0,0.0,0.0,0.0,0.0,0.0,0.0,0.0,0.0,0.0,0.0,0.0,0.0,0.0,0.0,0.0,0.0,0.0,0.0,0.0,0.0,0.0,0.0,0.0,0.0,0.0,0.0,0.0,0.0,0.0,0.0,0.0,0.0,0.0,0.0,0.0,0.0,0.0,0.0,0.0,0.0,0.0,0.0,Z,1
0.0,0.0,0.244898,0.081633,0.278912,0.244898,0.034014,0.37415,-0.346939,0.442177,-0.068027,1.0,-0.292517,1.054422,-0.414966,1.22449,-0.598639,1.47619,-0.47619,1.0,-0.836735,0.503401,-0.462585,0.129252,-0.278912,0.258503,-0.802721,0.857143,-1.088435,0.367347,-0.734694,0.068027,-0.557823,0.163265,-1.068027,0.680272,-1.156463,0.265306,-0.891156,0.07483,-0.707483,0.142857,0.0,0.0,0.0,0.0,0.0,0.0,0.0,0.0,0.0,0.0,0.0,0.0,0.0,0.0,0.0,0.0,0.0,0.0,0.0,0.0,0.0,0.0,0.0,0.0,0.0,0.0,0.0,0.0,0.0,0.0,0.0,0.0,0.0,0.0,0.0,0.0,0.0,0.0,0.0,0.0,0.0,0.0,0.0,0.0,Z,1
0.0,0.0,0.237179,0.111111,0.288462,0.281046,0.057692,0.405229,-0.314103,0.470588,-0.025641,1.0,-0.230769,1.045752,-0.365385,1.189542,-0.532051,1.418301,-0.423077,0.993464,-0.711538,0.555556,-0.378205,0.176471,-0.211538,0.287582,-0.74359,0.875817,-0.967949,0.398693,-0.647436,0.091503,-0.519231,0.222222,-1.025641,0.712418,-1.108974,0.287582,-0.852564,0.091503,-0.705128,0.183007,0.0,0.0,0.0,0.0,0.0,0.0,0.0,0.0,0.0,0.0,0.0,0.0,0.0,0.0,0.0,0.0,0.0,0.0,0.0,0.0,0.0,0.0,0.0,0.0,0.0,0.0,0.0,0.0,0.0,0.0,0.0,0.0,0.0,0.0,0.0,0.0,0.0,0.0,0.0,0.0,0.0,0.0,0.0,0.0,Z,1
0.0,0.0,0.25974,0.101351,0.311688,0.304054,0.058442,0.425676,-0.331169,0.5,-0.006494,1.0,-0.227273,1.074324,-0.337662,1.209459,-0.506494,1.452703,-0.396104,1.0,-0.714286,0.594595,-0.376623,0.182432,-0.207792,0.283784,-0.727273,0.885135,-0.980519,0.425676,-0.649351,0.087838,-0.5,0.222973,-1.006494,0.722973,-1.116883,0.297297,-0.857143,0.081081,-0.707792,0.162162,0.0,0.0,0.0,0.0,0.0,0.0,0.0,0.0,0.0,0.0,0.0,0.0,0.0,0.0,0.0,0.0,0.0,0.0,0.0,0.0,0.0,0.0,0.0,0.0,0.0,0.0,0.0,0.0,0.0,0.0,0.0,0.0,0.0,0.0,0.0,0.0,0.0,0.0,0.0,0.0,0.0,0.0,0.0,0.0,Z,1
0.0,0.0,0.240506,0.098684,0.316456,0.296053,0.06962,0.434211,-0.303797,0.526316,0.006329,1.0,-0.227848,1.052632,-0.348101,1.171053,-0.512658,1.394737,-0.398734,1.006579,-0.696203,0.585526,-0.373418,0.190789,-0.202532,0.296053,-0.721519,0.894737,-0.943038,0.421053,-0.632911,0.098684,-0.487342,0.223684,-0.993671,0.736842,-1.082278,0.296053,-0.829114,0.092105,-0.677215,0.171053,0.0,0.0,0.0,0.0,0.0,0.0,0.0,0.0,0.0,0.0,0.0,0.0,0.0,0.0,0.0,0.0,0.0,0.0,0.0,0.0,0.0,0.0,0.0,0.0,0.0,0.0,0.0,0.0,0.0,0.0,0.0,0.0,0.0,0.0,0.0,0.0,0.0,0.0,0.0,0.0,0.0,0.0,0.0,0.0,Z,1
0.0,0.0,0.237179,0.096774,0.294872,0.264516,0.076923,0.393548,-0.294872,0.477419,0.0,1.0,-0.237179,1.032258,-0.346154,1.154839,-0.50641,1.374194,-0.397436,0.987097,-0.711538,0.580645,-0.365385,0.206452,-0.192308,0.322581,-0.724359,0.864516,-0.955128,0.412903,-0.621795,0.096774,-0.487179,0.232258,-1.0,0.709677,-1.083333,0.283871,-0.814103,0.083871,-0.673077,0.180645,0.0,0.0,0.0,0.0,0.0,0.0,0.0,0.0,0.0,0.0,0.0,0.0,0.0,0.0,0.0,0.0,0.0,0.0,0.0,0.0,0.0,0.0,0.0,0.0,0.0,0.0,0.0,0.0,0.0,0.0,0.0,0.0,0.0,0.0,0.0,0.0,0.0,0.0,0.0,0.0,0.0,0.0,0.0,0.0,Z,1
0.0,0.0,0.256579,0.101911,0.348684,0.286624,0.105263,0.407643,-0.256579,0.464968,-0.026316,1.0,-0.256579,1.012739,-0.381579,1.127389,-0.526316,1.33121,-0.434211,0.993631,-0.703947,0.547771,-0.381579,0.191083,-0.210526,0.312102,-0.756579,0.866242,-0.967105,0.388535,-0.657895,0.095541,-0.519737,0.229299,-1.026316,0.700637,-1.125,0.280255,-0.868421,0.101911,-0.717105,0.184713,0.0,0.0,0.0,0.0,0.0,0.0,0.0,0.0,0.0,0.0,0.0,0.0,0.0,0.0,0.0,0.0,0.0,0.0,0.0,0.0,0.0,0.0,0.0,0.0,0.0,0.0,0.0,0.0,0.0,0.0,0.0,0.0,0.0,0.0,0.0,0.0,0.0,0.0,0.0,0.0,0.0,0.0,0.0,0.0,Z,1
0.0,0.0,0.258278,0.096774,0.344371,0.303226,0.066225,0.4,-0.324503,0.43871,-0.066225,1.0,-0.331126,1.025806,-0.437086,1.122581,-0.576159,1.322581,-0.470199,0.974194,-0.754967,0.548387,-0.384106,0.167742,-0.211921,0.303226,-0.801325,0.845161,-1.019868,0.393548,-0.675497,0.077419,-0.543046,0.225806,-1.066225,0.677419,-1.178808,0.290323,-0.907285,0.103226,-0.761589,0.187097,0.0,0.0,0.0,0.0,0.0,0.0,0.0,0.0,0.0,0.0,0.0,0.0,0.0,0.0,0.0,0.0,0.0,0.0,0.0,0.0,0.0,0.0,0.0,0.0,0.0,0.0,0.0,0.0,0.0,0.0,0.0,0.0,0.0,0.0,0.0,0.0,0.0,0.0,0.0,0.0,0.0,0.0,0.0,0.0,Z,1
0.0,0.0,0.258278,0.096774,0.317881,0.296774,0.046358,0.4,-0.350993,0.458065,-0.059603,1.0,-0.304636,1.025806,-0.423841,1.129032,-0.576159,1.329032,-0.463576,0.974194,-0.741722,0.56129,-0.377483,0.167742,-0.205298,0.283871,-0.788079,0.851613,-1.013245,0.412903,-0.668874,0.083871,-0.529801,0.212903,-1.059603,0.690323,-1.165563,0.296774,-0.89404,0.096774,-0.741722,0.180645,0.0,0.0,0.0,0.0,0.0,0.0,0.0,0.0,0.0,0.0,0.0,0.0,0.0,0.0,0.0,0.0,0.0,0.0,0.0,0.0,0.0,0.0,0.0,0.0,0.0,0.0,0.0,0.0,0.0,0.0,0.0,0.0,0.0,0.0,0.0,0.0,0.0,0.0,0.0,0.0,0.0,0.0,0.0,0.0,Z,1
0.0,0.0,0.266667,0.09396,0.333333,0.268456,0.08,0.38255,-0.313333,0.442953,-0.066667,1.0,-0.313333,1.026846,-0.42,1.134228,-0.573333,1.342282,-0.466667,0.95302,-0.753333,0.530201,-0.366667,0.134228,-0.2,0.261745,-0.793333,0.818792,-1.02,0.362416,-0.653333,0.026846,-0.533333,0.181208,-1.066667,0.657718,-1.16,0.248322,-0.873333,0.04698,-0.733333,0.147651,0.0,0.0,0.0,0.0,0.0,0.0,0.0,0.0,0.0,0.0,0.0,0.0,0.0,0.0,0.0,0.0,0.0,0.0,0.0,0.0,0.0,0.0,0.0,0.0,0.0,0.0,0.0,0.0,0.0,0.0,0.0,0.0,0.0,0.0,0.0,0.0,0.0,0.0,0.0,0.0,0.0,0.0,0.0,0.0,Z,1
0.0,0.0,0.231788,0.107595,0.291391,0.272152,0.05298,0.405063,-0.344371,0.487342,-0.07947,1.0,-0.304636,1.006329,-0.437086,1.120253,-0.596026,1.316456,-0.483444,0.974684,-0.761589,0.544304,-0.410596,0.177215,-0.245033,0.297468,-0.807947,0.841772,-1.013245,0.379747,-0.682119,0.075949,-0.543046,0.208861,-1.07947,0.677215,-1.15894,0.278481,-0.89404,0.082278,-0.741722,0.170886,0.0,0.0,0.0,0.0,0.0,0.0,0.0,0.0,0.0,0.0,0.0,0.0,0.0,0.0,0.0,0.0,0.0,0.0,0.0,0.0,0.0,0.0,0.0,0.0,0.0,0.0,0.0,0.0,0.0,0.0,0.0,0.0,0.0,0.0,0.0,0.0,0.0,0.0,0.0,0.0,0.0,0.0,0.0,0.0,Z,1
0.0,0.0,0.236842,0.100671,0.335526,0.315436,0.065789,0.42953,-0.302632,0.469799,-0.078947,1.0,-0.289474,1.026846,-0.434211,1.147651,-0.611842,1.362416,-0.493421,1.0,-0.743421,0.536913,-0.401316,0.154362,-0.223684,0.275168,-0.815789,0.892617,-1.019737,0.395973,-0.690789,0.080537,-0.552632,0.214765,-1.078947,0.718121,-1.164474,0.281879,-0.901316,0.080537,-0.75,0.167785,0.0,0.0,0.0,0.0,0.0,0.0,0.0,0.0,0.0,0.0,0.0,0.0,0.0,0.0,0.0,0.0,0.0,0.0,0.0,0.0,0.0,0.0,0.0,0.0,0.0,0.0,0.0,0.0,0.0,0.0,0.0,0.0,0.0,0.0,0.0,0.0,0.0,0.0,0.0,0.0,0.0,0.0,0.0,0.0,Z,1
0.0,0.0,0.253333,0.093333,0.32,0.266667,0.093333,0.4,-0.32,0.466667,-0.06,1.0,-0.306667,1.013333,-0.42,1.126667,-0.58,1.346667,-0.453333,0.973333,-0.76,0.56,-0.393333,0.18,-0.226667,0.313333,-0.78,0.846667,-1.013333,0.393333,-0.666667,0.066667,-0.54,0.22,-1.06,0.693333,-1.16,0.273333,-0.88,0.073333,-0.726667,0.166667,0.0,0.0,0.0,0.0,0.0,0.0,0.0,0.0,0.0,0.0,0.0,0.0,0.0,0.0,0.0,0.0,0.0,0.0,0.0,0.0,0.0,0.0,0.0,0.0,0.0,0.0,0.0,0.0,0.0,0.0,0.0,0.0,0.0,0.0,0.0,0.0,0.0,0.0,0.0,0.0,0.0,0.0,0.0,0.0,Z,1
0.0,0.0,0.506667,0.117284,0.886667,0.358025,1.006667,0.604938,0.953333,0.82716,0.793333,1.0,1.066667,1.339506,1.233333,1.561728,1.353333,1.771605,0.42,1.080247,0.646667,1.098765,0.646667,0.660494,0.593333,0.561728,0.086667,1.018519,0.313333,0.790123,0.333333,0.444444,0.26,0.444444,-0.206667,0.882716,0.0,0.598765,0.08,0.364198,0.033333,0.395062,0.0,0.0,0.0,0.0,0.0,0.0,0.0,0.0,0.0,0.0,0.0,0.0,0.0,0.0,0.0,0.0,0.0,0.0,0.0,0.0,0.0,0.0,0.0,0.0,0.0,0.0,0.0,0.0,0.0,0.0,0.0,0.0,0.0,0.0,0.0,0.0,0.0,0.0,0.0,0.0,0.0,0.0,0.0,0.0,Z,2
0.0,0.0,0.5,0.139241,0.817568,0.373418,0.945946,0.620253,0.932432,0.867089,0.77027,1.0,1.033784,1.341772,1.216216,1.588608,1.310811,1.822785,0.391892,1.088608,0.641892,1.139241,0.628378,0.702532,0.547297,0.575949,0.060811,1.025316,0.283784,0.816456,0.290541,0.455696,0.216216,0.436709,-0.22973,0.886076,-0.027027,0.620253,0.040541,0.379747,-0.006757,0.405063,0.0,0.0,0.0,0.0,0.0,0.0,0.0,0.0,0.0,0.0,0.0,0.0,0.0,0.0,0.0,0.0,0.0,0.0,0.0,0.0,0.0,0.0,0.0,0.0,0.0,0.0,0.0,0.0,0.0,0.0,0.0,0.0,0.0,0.0,0.0,0.0,0.0,0.0,0.0,0.0,0.0,0.0,0.0,0.0,Z,2
0.0,0.0,0.550336,0.128834,0.865772,0.392638,0.939597,0.631902,0.919463,0.809816,0.798658,1.0,1.033557,1.325153,1.194631,1.558282,1.281879,1.779141,0.422819,1.07362,0.671141,1.08589,0.657718,0.644172,0.577181,0.533742,0.087248,1.0,0.308725,0.791411,0.322148,0.429448,0.241611,0.423313,-0.201342,0.852761,-0.013423,0.601227,0.053691,0.374233,-0.006711,0.411043,0.0,0.0,0.0,0.0,0.0,0.0,0.0,0.0,0.0,0.0,0.0,0.0,0.0,0.0,0.0,0.0,0.0,0.0,0.0,0.0,0.0,0.0,0.0,0.0,0.0,0.0,0.0,0.0,0.0,0.0,0.0,0.0,0.0,0.0,0.0,0.0,0.0,0.0,0.0,0.0,0.0,0.0,0.0,0.0,Z,2
0.0,0.0,0.555556,0.124224,0.881944,0.385093,0.972222,0.621118,1.006944,0.819876,0.847222,1.0,1.111111,1.347826,1.277778,1.590062,1.381944,1.826087,0.479167,1.080745,0.743056,1.124224,0.729167,0.68323,0.652778,0.565217,0.145833,1.024845,0.381944,0.838509,0.381944,0.459627,0.291667,0.434783,-0.152778,0.888199,0.048611,0.639752,0.111111,0.397516,0.055556,0.42236,0.0,0.0,0.0,0.0,0.0,0.0,0.0,0.0,0.0,0.0,0.0,0.0,0.0,0.0,0.0,0.0,0.0,0.0,0.0,0.0,0.0,0.0,0.0,0.0,0.0,0.0,0.0,0.0,0.0,0.0,0.0,0.0,0.0,0.0,0.0,0.0,0.0,0.0,0.0,0.0,0.0,0.0,0.0,0.0,Z,2
0.0,0.0,0.453947,0.152542,0.815789,0.384181,0.927632,0.59322,0.881579,0.745763,0.697368,1.0,0.960526,1.242938,1.131579,1.451977,1.243421,1.638418,0.328947,1.050847,0.578947,0.977401,0.598684,0.649718,0.526316,0.548023,-0.006579,0.960452,0.256579,0.757062,0.289474,0.485876,0.210526,0.451977,-0.302632,0.785311,-0.072368,0.615819,0.006579,0.429379,-0.026316,0.40113,0.0,0.0,0.0,0.0,0.0,0.0,0.0,0.0,0.0,0.0,0.0,0.0,0.0,0.0,0.0,0.0,0.0,0.0,0.0,0.0,0.0,0.0,0.0,0.0,0.0,0.0,0.0,0.0,0.0,0.0,0.0,0.0,0.0,0.0,0.0,0.0,0.0,0.0,0.0,0.0,0.0,0.0,0.0,0.0,Z,2
0.0,0.0,0.354331,0.223464,0.629921,0.608939,0.362205,0.877095,-0.062992,0.955307,0.173228,1.0,0.251969,1.391061,0.267717,1.659218,0.259843,1.899441,-0.220472,0.949721,-0.307087,1.139665,-0.141732,0.871508,-0.03937,0.687151,-0.543307,0.821229,-0.606299,0.871508,-0.385827,0.625698,-0.259843,0.50838,-0.826772,0.642458,-0.84252,0.653631,-0.622047,0.486034,-0.480315,0.413408,0.0,0.0,0.0,0.0,0.0,0.0,0.0,0.0,0.0,0.0,0.0,0.0,0.0,0.0,0.0,0.0,0.0,0.0,0.0,0.0,0.0,0.0,0.0,0.0,0.0,0.0,0.0,0.0,0.0,0.0,0.0,0.0,0.0,0.0,0.0,0.0,0.0,0.0,0.0,0.0,0.0,0.0,0.0,0.0,Z,2
0.0,0.0,0.311111,0.214689,0.518519,0.536723,0.340741,0.785311,0.02963,0.898305,0.140741,1.0,0.148148,1.389831,0.118519,1.638418,0.059259,1.864407,-0.244444,0.954802,-0.348148,1.158192,-0.162963,0.841808,-0.037037,0.677966,-0.57037,0.830508,-0.62963,0.853107,-0.4,0.587571,-0.266667,0.508475,-0.859259,0.655367,-0.874074,0.632768,-0.644444,0.463277,-0.511111,0.429379,0.0,0.0,0.0,0.0,0.0,0.0,0.0,0.0,0.0,0.0,0.0,0.0,0.0,0.0,0.0,0.0,0.0,0.0,0.0,0.0,0.0,0.0,0.0,0.0,0.0,0.0,0.0,0.0,0.0,0.0,0.0,0.0,0.0,0.0,0.0,0.0,0.0,0.0,0.0,0.0,0.0,0.0,0.0,0.0,Z,2
0.0,0.0,0.313869,0.116071,0.620438,0.267857,0.781022,0.392857,0.810219,0.535714,0.656934,1.0,1.0,1.339286,1.248175,1.580357,1.430657,1.8125,0.313869,1.160714,0.562044,0.848214,0.540146,0.4375,0.459854,0.294643,-0.021898,1.017857,0.19708,0.419643,0.167883,0.1875,0.072993,0.267857,-0.343066,0.75,-0.153285,0.1875,-0.138686,0.026786,-0.211679,0.125,0.0,0.0,0.0,0.0,0.0,0.0,0.0,0.0,0.0,0.0,0.0,0.0,0.0,0.0,0.0,0.0,0.0,0.0,0.0,0.0,0.0,0.0,0.0,0.0,0.0,0.0,0.0,0.0,0.0,0.0,0.0,0.0,0.0,0.0,0.0,0.0,0.0,0.0,0.0,0.0,0.0,0.0,0.0,0.0,Z,2
0.0,0.0,0.42029,0.085271,0.782609,0.24031,0.956522,0.410853,1.021739,0.542636,0.746377,1.0,1.137681,1.209302,1.427536,1.379845,1.630435,1.55814,0.376812,1.108527,0.710145,0.813953,0.717391,0.387597,0.652174,0.286822,0.036232,0.984496,0.355072,0.449612,0.369565,0.170543,0.289855,0.217054,-0.253623,0.744186,-0.007246,0.310078,0.036232,0.124031,-0.028986,0.186047,0.0,0.0,0.0,0.0,0.0,0.0,0.0,0.0,0.0,0.0,0.0,0.0,0.0,0.0,0.0,0.0,0.0,0.0,0.0,0.0,0.0,0.0,0.0,0.0,0.0,0.0,0.0,0.0,0.0,0.0,0.0,0.0,0.0,0.0,0.0,0.0,0.0,0.0,0.0,0.0,0.0,0.0,0.0,0.0,Z,2
0.0,0.0,0.740741,0.165563,1.320988,0.403974,1.617284,0.529801,1.716049,0.622517,0.864198,1.0,1.345679,1.099338,1.691358,1.119205,1.962963,1.119205,0.45679,0.933775,1.037037,0.768212,1.160494,0.589404,1.111111,0.509934,0.135802,0.761589,0.753086,0.569536,0.864198,0.443709,0.802469,0.397351,-0.135802,0.556291,0.444444,0.410596,0.555556,0.324503,0.530864,0.304636,0.0,0.0,0.0,0.0,0.0,0.0,0.0,0.0,0.0,0.0,0.0,0.0,0.0,0.0,0.0,0.0,0.0,0.0,0.0,0.0,0.0,0.0,0.0,0.0,0.0,0.0,0.0,0.0,0.0,0.0,0.0,0.0,0.0,0.0,0.0,0.0,0.0,0.0,0.0,0.0,0.0,0.0,0.0,0.0,Z,2
0.0,0.0,0.115385,0.931034,-0.012821,1.603448,-0.487179,1.758621,-0.910256,1.741379,0.807692,1.0,0.25641,1.086207,-0.217949,1.086207,-0.653846,1.137931,0.551282,0.224138,-0.448718,0.396552,-1.115385,0.517241,-1.551282,0.655172,0.179487,-0.362069,-0.807692,-0.051724,-1.307692,0.12069,-1.628205,0.327586,-0.192308,-0.724138,-0.974359,-0.396552,-1.320513,-0.172414,-1.564103,0.034483,0.0,0.0,0.0,0.0,0.0,0.0,0.0,0.0,0.0,0.0,0.0,0.0,0.0,0.0,0.0,0.0,0.0,0.0,0.0,0.0,0.0,0.0,0.0,0.0,0.0,0.0,0.0,0.0,0.0,0.0,0.0,0.0,0.0,0.0,0.0,0.0,0.0,0.0,0.0,0.0,0.0,0.0,0.0,0.0,Z,2
0.0,0.0,0.318966,0.235294,0.344828,0.5,-0.034483,0.610294,-0.474138,0.632353,-0.215517,1.0,-0.37931,1.176471,-0.508621,1.367647,-0.637931,1.632353,-0.655172,0.911765,-0.956897,0.808824,-0.586207,0.389706,-0.387931,0.382353,-0.991379,0.720588,-1.189655,0.455882,-0.810345,0.169118,-0.62069,0.242647,-1.215517,0.477941,-1.284483,0.235294,-0.982759,0.080882,-0.818966,0.169118,0.0,0.0,0.0,0.0,0.0,0.0,0.0,0.0,0.0,0.0,0.0,0.0,0.0,0.0,0.0,0.0,0.0,0.0,0.0,0.0,0.0,0.0,0.0,0.0,0.0,0.0,0.0,0.0,0.0,0.0,0.0,0.0,0.0,0.0,0.0,0.0,0.0,0.0,0.0,0.0,0.0,0.0,0.0,0.0,Z,2
0.0,0.0,0.289474,0.231788,0.368421,0.543046,-0.035088,0.642384,-0.491228,0.629139,-0.236842,1.0,-0.359649,1.198675,-0.508772,1.364238,-0.649123,1.576159,-0.657895,0.880795,-0.921053,0.821192,-0.570175,0.450331,-0.385965,0.463576,-0.982456,0.708609,-1.192982,0.523179,-0.815789,0.251656,-0.631579,0.311258,-1.236842,0.476821,-1.359649,0.291391,-1.026316,0.145695,-0.833333,0.198675,0.0,0.0,0.0,0.0,0.0,0.0,0.0,0.0,0.0,0.0,0.0,0.0,0.0,0.0,0.0,0.0,0.0,0.0,0.0,0.0,0.0,0.0,0.0,0.0,0.0,0.0,0.0,0.0,0.0,0.0,0.0,0.0,0.0,0.0,0.0,0.0,0.0,0.0,0.0,0.0,0.0,0.0,0.0,0.0,Z,2
0.0,0.0,0.241935,0.203947,0.330645,0.480263,0.032258,0.611842,-0.354839,0.631579,-0.177419,1.0,-0.266129,1.177632,-0.403226,1.348684,-0.532258,1.539474,-0.596774,0.921053,-0.798387,0.802632,-0.524194,0.447368,-0.354839,0.440789,-0.927419,0.75,-1.064516,0.519737,-0.758065,0.25,-0.604839,0.309211,-1.177419,0.519737,-1.241935,0.302632,-0.959677,0.138158,-0.790323,0.203947,0.0,0.0,0.0,0.0,0.0,0.0,0.0,0.0,0.0,0.0,0.0,0.0,0.0,0.0,0.0,0.0,0.0,0.0,0.0,0.0,0.0,0.0,0.0,0.0,0.0,0.0,0.0,0.0,0.0,0.0,0.0,0.0,0.0,0.0,0.0,0.0,0.0,0.0,0.0,0.0,0.0,0.0,0.0,0.0,Z,2
0.0,0.0,0.269841,0.216216,0.388889,0.493243,0.055556,0.587838,-0.293651,0.614865,-0.111111,1.0,-0.190476,1.202703,-0.325397,1.364865,-0.452381,1.554054,-0.539683,0.945946,-0.738095,0.831081,-0.515873,0.459459,-0.34127,0.412162,-0.873016,0.777027,-1.0,0.52027,-0.714286,0.236486,-0.531746,0.283784,-1.111111,0.554054,-1.198413,0.324324,-0.920635,0.148649,-0.738095,0.209459,0.0,0.0,0.0,0.0,0.0,0.0,0.0,0.0,0.0,0.0,0.0,0.0,0.0,0.0,0.0,0.0,0.0,0.0,0.0,0.0,0.0,0.0,0.0,0.0,0.0,0.0,0.0,0.0,0.0,0.0,0.0,0.0,0.0,0.0,0.0,0.0,0.0,0.0,0.0,0.0,0.0,0.0,0.0,0.0,Z,2
0.0,0.0,0.293651,0.178082,0.436508,0.472603,0.142857,0.59589,-0.230159,0.650685,-0.02381,1.0,-0.103175,1.212329,-0.206349,1.383562,-0.309524,1.589041,-0.428571,0.965753,-0.626984,0.808219,-0.420635,0.458904,-0.277778,0.452055,-0.761905,0.821918,-0.904762,0.541096,-0.626984,0.273973,-0.468254,0.342466,-1.02381,0.616438,-1.103175,0.363014,-0.84127,0.184932,-0.68254,0.246575,0.0,0.0,0.0,0.0,0.0,0.0,0.0,0.0,0.0,0.0,0.0,0.0,0.0,0.0,0.0,0.0,0.0,0.0,0.0,0.0,0.0,0.0,0.0,0.0,0.0,0.0,0.0,0.0,0.0,0.0,0.0,0.0,0.0,0.0,0.0,0.0,0.0,0.0,0.0,0.0,0.0,0.0,0.0,0.0,Z,2
0.0,0.0,0.296875,0.176871,0.46875,0.462585,0.171875,0.612245,-0.210938,0.653061,0.0,1.0,-0.0625,1.217687,-0.148438,1.387755,-0.234375,1.591837,-0.40625,0.979592,-0.578125,0.857143,-0.398438,0.47619,-0.265625,0.462585,-0.742188,0.843537,-0.875,0.585034,-0.609375,0.29932,-0.453125,0.360544,-1.0,0.646259,-1.09375,0.414966,-0.835938,0.22449,-0.679688,0.278912,0.0,0.0,0.0,0.0,0.0,0.0,0.0,0.0,0.0,0.0,0.0,0.0,0.0,0.0,0.0,0.0,0.0,0.0,0.0,0.0,0.0,0.0,0.0,0.0,0.0,0.0,0.0,0.0,0.0,0.0,0.0,0.0,0.0,0.0,0.0,0.0,0.0,0.0,0.0,0.0,0.0,0.0,0.0,0.0,Z,2
0.0,0.0,0.322835,0.182432,0.488189,0.466216,0.204724,0.614865,-0.173228,0.675676,0.062992,1.0,-0.023622,1.216216,-0.102362,1.371622,-0.173228,1.594595,-0.346457,0.966216,-0.543307,0.898649,-0.370079,0.5,-0.228346,0.466216,-0.677165,0.844595,-0.84252,0.614865,-0.582677,0.297297,-0.401575,0.344595,-0.937008,0.662162,-1.062992,0.439189,-0.80315,0.236486,-0.622047,0.290541,0.0,0.0,0.0,0.0,0.0,0.0,0.0,0.0,0.0,0.0,0.0,0.0,0.0,0.0,0.0,0.0,0.0,0.0,0.0,0.0,0.0,0.0,0.0,0.0,0.0,0.0,0.0,0.0,0.0,0.0,0.0,0.0,0.0,0.0,0.0,0.0,0.0,0.0,0.0,0.0,0.0,0.0,0.0,0.0,Z,2
0.0,0.0,0.296875,0.154362,0.429688,0.402685,0.179688,0.57047,-0.203125,0.657718,0.046875,1.0,-0.039062,1.181208,-0.109375,1.348993,-0.171875,1.57047,-0.34375,0.95302,-0.554688,0.865772,-0.351562,0.463087,-0.21875,0.47651,-0.671875,0.832215,-0.835938,0.610738,-0.570312,0.295302,-0.421875,0.375839,-0.953125,0.677852,-1.039062,0.436242,-0.789062,0.248322,-0.632812,0.315436,0.0,0.0,0.0,0.0,0.0,0.0,0.0,0.0,0.0,0.0,0.0,0.0,0.0,0.0,0.0,0.0,0.0,0.0,0.0,0.0,0.0,0.0,0.0,0.0,0.0,0.0,0.0,0.0,0.0,0.0,0.0,0.0,0.0,0.0,0.0,0.0,0.0,0.0,0.0,0.0,0.0,0.0,0.0,0.0,Z,2
0.0,0.0,0.275591,0.176871,0.425197,0.455782,0.15748,0.605442,-0.19685,0.666667,0.023622,1.0,-0.03937,1.217687,-0.125984,1.394558,-0.19685,1.605442,-0.377953,0.965986,-0.551181,0.918367,-0.385827,0.510204,-0.244094,0.47619,-0.708661,0.843537,-0.850394,0.653061,-0.606299,0.333333,-0.448819,0.367347,-0.976378,0.666667,-1.07874,0.469388,-0.834646,0.272109,-0.653543,0.319728,0.0,0.0,0.0,0.0,0.0,0.0,0.0,0.0,0.0,0.0,0.0,0.0,0.0,0.0,0.0,0.0,0.0,0.0,0.0,0.0,0.0,0.0,0.0,0.0,0.0,0.0,0.0,0.0,0.0,0.0,0.0,0.0,0.0,0.0,0.0,0.0,0.0,0.0,0.0,0.0,0.0,0.0,0.0,0.0,Z,2
0.0,0.0,0.291339,0.152318,0.433071,0.410596,0.173228,0.582781,-0.188976,0.675497,0.047244,1.0,-0.023622,1.192053,-0.110236,1.364238,-0.181102,1.569536,-0.346457,0.960265,-0.551181,0.900662,-0.370079,0.496689,-0.228346,0.483444,-0.677165,0.84106,-0.850394,0.649007,-0.606299,0.331126,-0.448819,0.377483,-0.952756,0.668874,-1.070866,0.463576,-0.826772,0.271523,-0.653543,0.317881,0.0,0.0,0.0,0.0,0.0,0.0,0.0,0.0,0.0,0.0,0.0,0.0,0.0,0.0,0.0,0.0,0.0,0.0,0.0,0.0,0.0,0.0,0.0,0.0,0.0,0.0,0.0,0.0,0.0,0.0,0.0,0.0,0.0,0.0,0.0,0.0,0.0,0.0,0.0,0.0,0.0,0.0,0.0,0.0,Z,2
0.0,0.0,0.289062,0.173333,0.429688,0.433333,0.1875,0.6,-0.179688,0.673333,0.03125,1.0,-0.03125,1.193333,-0.117188,1.38,-0.171875,1.586667,-0.367188,0.946667,-0.546875,0.913333,-0.382812,0.506667,-0.25,0.466667,-0.695312,0.826667,-0.851562,0.646667,-0.609375,0.32,-0.460938,0.36,-0.96875,0.653333,-1.078125,0.46,-0.84375,0.266667,-0.671875,0.313333,0.0,0.0,0.0,0.0,0.0,0.0,0.0,0.0,0.0,0.0,0.0,0.0,0.0,0.0,0.0,0.0,0.0,0.0,0.0,0.0,0.0,0.0,0.0,0.0,0.0,0.0,0.0,0.0,0.0,0.0,0.0,0.0,0.0,0.0,0.0,0.0,0.0,0.0,0.0,0.0,0.0,0.0,0.0,0.0,Z,2
0.0,0.0,0.307087,0.176871,0.464567,0.455782,0.181102,0.619048,-0.188976,0.693878,0.023622,1.0,-0.03937,1.22449,-0.133858,1.408163,-0.220472,1.62585,-0.385827,0.972789,-0.574803,0.931973,-0.409449,0.52381,-0.267717,0.47619,-0.716535,0.843537,-0.874016,0.646259,-0.629921,0.326531,-0.448819,0.360544,-0.976378,0.653061,-1.094488,0.462585,-0.850394,0.265306,-0.661417,0.306122,0.0,0.0,0.0,0.0,0.0,0.0,0.0,0.0,0.0,0.0,0.0,0.0,0.0,0.0,0.0,0.0,0.0,0.0,0.0,0.0,0.0,0.0,0.0,0.0,0.0,0.0,0.0,0.0,0.0,0.0,0.0,0.0,0.0,0.0,0.0,0.0,0.0,0.0,0.0,0.0,0.0,0.0,0.0,0.0,Z,2
0.0,0.0,0.31746,0.172185,0.460317,0.443709,0.18254,0.602649,-0.222222,0.668874,0.031746,1.0,-0.055556,1.198675,-0.142857,1.364238,-0.214286,1.569536,-0.373016,0.933775,-0.587302,0.900662,-0.388889,0.503311,-0.253968,0.496689,-0.698413,0.801325,-0.880952,0.629139,-0.619048,0.317881,-0.452381,0.377483,-0.968254,0.629139,-1.087302,0.437086,-0.833333,0.245033,-0.65873,0.304636,0.0,0.0,0.0,0.0,0.0,0.0,0.0,0.0,0.0,0.0,0.0,0.0,0.0,0.0,0.0,0.0,0.0,0.0,0.0,0.0,0.0,0.0,0.0,0.0,0.0,0.0,0.0,0.0,0.0,0.0,0.0,0.0,0.0,0.0,0.0,0.0,0.0,0.0,0.0,0.0,0.0,0.0,0.0,0.0,Z,2
0.0,0.0,0.291339,0.175676,0.440945,0.459459,0.15748,0.614865,-0.228346,0.662162,-0.007874,1.0,-0.062992,1.216216,-0.149606,1.391892,-0.228346,1.601351,-0.417323,0.952703,-0.590551,0.912162,-0.425197,0.506757,-0.307087,0.486486,-0.755906,0.817568,-0.889764,0.628378,-0.645669,0.310811,-0.496063,0.358108,-1.007874,0.628378,-1.11811,0.439189,-0.866142,0.243243,-0.700787,0.290541,0.0,0.0,0.0,0.0,0.0,0.0,0.0,0.0,0.0,0.0,0.0,0.0,0.0,0.0,0.0,0.0,0.0,0.0,0.0,0.0,0.0,0.0,0.0,0.0,0.0,0.0,0.0,0.0,0.0,0.0,0.0,0.0,0.0,0.0,0.0,0.0,0.0,0.0,0.0,0.0,0.0,0.0,0.0,0.0,Z,2
0.0,0.0,0.306452,0.181208,0.483871,0.469799,0.185484,0.61745,-0.185484,0.684564,0.016129,1.0,-0.040323,1.228188,-0.137097,1.402685,-0.217742,1.610738,-0.395161,0.966443,-0.572581,0.899329,-0.395161,0.510067,-0.25,0.47651,-0.725806,0.832215,-0.887097,0.637584,-0.645161,0.33557,-0.467742,0.362416,-0.983871,0.637584,-1.104839,0.449664,-0.854839,0.248322,-0.677419,0.281879,0.0,0.0,0.0,0.0,0.0,0.0,0.0,0.0,0.0,0.0,0.0,0.0,0.0,0.0,0.0,0.0,0.0,0.0,0.0,0.0,0.0,0.0,0.0,0.0,0.0,0.0,0.0,0.0,0.0,0.0,0.0,0.0,0.0,0.0,0.0,0.0,0.0,0.0,0.0,0.0,0.0,0.0,0.0,0.0,Z,2
0.0,0.0,0.27907,0.163399,0.426357,0.437908,0.162791,0.607843,-0.224806,0.673203,0.0,1.0,-0.069767,1.196078,-0.162791,1.366013,-0.24031,1.562092,-0.403101,0.941176,-0.596899,0.875817,-0.395349,0.496732,-0.263566,0.490196,-0.728682,0.803922,-0.883721,0.607843,-0.612403,0.320261,-0.465116,0.372549,-1.0,0.620915,-1.085271,0.418301,-0.829457,0.24183,-0.658915,0.287582,0.0,0.0,0.0,0.0,0.0,0.0,0.0,0.0,0.0,0.0,0.0,0.0,0.0,0.0,0.0,0.0,0.0,0.0,0.0,0.0,0.0,0.0,0.0,0.0,0.0,0.0,0.0,0.0,0.0,0.0,0.0,0.0,0.0,0.0,0.0,0.0,0.0,0.0,0.0,0.0,0.0,0.0,0.0,0.0,Z,2
0.0,0.0,0.387597,0.049645,0.75969,0.297872,0.922481,0.574468,0.945736,0.87234,0.55814,1.0,0.806202,1.333333,1.062016,1.531915,1.24031,1.758865,0.224806,1.092199,0.496124,1.078014,0.449612,0.588652,0.372093,0.531915,-0.108527,1.014184,0.116279,0.879433,0.147287,0.425532,0.085271,0.411348,-0.44186,0.865248,-0.271318,0.659574,-0.162791,0.333333,-0.20155,0.312057,0.0,0.0,0.0,0.0,0.0,0.0,0.0,0.0,0.0,0.0,0.0,0.0,0.0,0.0,0.0,0.0,0.0,0.0,0.0,0.0,0.0,0.0,0.0,0.0,0.0,0.0,0.0,0.0,0.0,0.0,0.0,0.0,0.0,0.0,0.0,0.0,0.0,0.0,0.0,0.0,0.0,0.0,0.0,0.0,Z,3
0.0,0.0,0.465753,0.12426,0.80137,0.331361,0.958904,0.556213,0.952055,0.792899,0.691781,1.0,1.013699,1.307692,1.260274,1.550296,1.438356,1.745562,0.321918,1.076923,0.664384,0.964497,0.616438,0.544379,0.513699,0.461538,-0.013699,1.005917,0.321918,0.751479,0.30137,0.402367,0.19863,0.378698,-0.308219,0.857988,-0.041096,0.627219,0.034247,0.360947,0.006849,0.337278,0.0,0.0,0.0,0.0,0.0,0.0,0.0,0.0,0.0,0.0,0.0,0.0,0.0,0.0,0.0,0.0,0.0,0.0,0.0,0.0,0.0,0.0,0.0,0.0,0.0,0.0,0.0,0.0,0.0,0.0,0.0,0.0,0.0,0.0,0.0,0.0,0.0,0.0,0.0,0.0,0.0,0.0,0.0,0.0,Z,3
0.0,0.0,0.475862,0.125749,0.827586,0.335329,0.986207,0.57485,0.951724,0.808383,0.731034,1.0,1.055172,1.323353,1.296552,1.562874,1.475862,1.766467,0.351724,1.095808,0.682759,0.976048,0.634483,0.562874,0.531034,0.491018,0.02069,1.035928,0.344828,0.772455,0.317241,0.42515,0.234483,0.407186,-0.268966,0.892216,-0.013793,0.646707,0.062069,0.383234,0.027586,0.371257,0.0,0.0,0.0,0.0,0.0,0.0,0.0,0.0,0.0,0.0,0.0,0.0,0.0,0.0,0.0,0.0,0.0,0.0,0.0,0.0,0.0,0.0,0.0,0.0,0.0,0.0,0.0,0.0,0.0,0.0,0.0,0.0,0.0,0.0,0.0,0.0,0.0,0.0,0.0,0.0,0.0,0.0,0.0,0.0,Z,3
0.0,0.0,0.475862,0.125,0.82069,0.345238,0.972414,0.589286,0.951724,0.827381,0.710345,1.0,1.048276,1.321429,1.289655,1.559524,1.468966,1.761905,0.344828,1.089286,0.675862,0.97619,0.627586,0.559524,0.524138,0.482143,0.013793,1.02381,0.337931,0.77381,0.317241,0.428571,0.234483,0.39881,-0.289655,0.880952,-0.027586,0.642857,0.055172,0.380952,0.041379,0.357143,0.0,0.0,0.0,0.0,0.0,0.0,0.0,0.0,0.0,0.0,0.0,0.0,0.0,0.0,0.0,0.0,0.0,0.0,0.0,0.0,0.0,0.0,0.0,0.0,0.0,0.0,0.0,0.0,0.0,0.0,0.0,0.0,0.0,0.0,0.0,0.0,0.0,0.0,0.0,0.0,0.0,0.0,0.0,0.0,Z,3
0.0,0.0,0.482759,0.129412,0.82069,0.335294,0.965517,0.564706,0.958621,0.805882,0.717241,1.0,1.048276,1.305882,1.296552,1.535294,1.475862,1.735294,0.344828,1.082353,0.675862,0.982353,0.634483,0.558824,0.537931,0.470588,0.02069,1.017647,0.337931,0.770588,0.317241,0.423529,0.234483,0.394118,-0.282759,0.870588,-0.02069,0.647059,0.055172,0.382353,0.034483,0.358824,0.0,0.0,0.0,0.0,0.0,0.0,0.0,0.0,0.0,0.0,0.0,0.0,0.0,0.0,0.0,0.0,0.0,0.0,0.0,0.0,0.0,0.0,0.0,0.0,0.0,0.0,0.0,0.0,0.0,0.0,0.0,0.0,0.0,0.0,0.0,0.0,0.0,0.0,0.0,0.0,0.0,0.0,0.0,0.0,Z,3
0.0,0.0,0.475862,0.125,0.82069,0.333333,0.972414,0.565476,0.958621,0.797619,0.724138,1.0,1.062069,1.309524,1.317241,1.541667,1.496552,1.732143,0.351724,1.089286,0.696552,0.982143,0.648276,0.559524,0.544828,0.47619,0.02069,1.02381,0.351724,0.767857,0.324138,0.422619,0.227586,0.404762,-0.275862,0.869048,-0.013793,0.630952,0.062069,0.375,0.02069,0.363095,0.0,0.0,0.0,0.0,0.0,0.0,0.0,0.0,0.0,0.0,0.0,0.0,0.0,0.0,0.0,0.0,0.0,0.0,0.0,0.0,0.0,0.0,0.0,0.0,0.0,0.0,0.0,0.0,0.0,0.0,0.0,0.0,0.0,0.0,0.0,0.0,0.0,0.0,0.0,0.0,0.0,0.0,0.0,0.0,Z,3
0.0,0.0,0.458904,0.113772,0.821918,0.317365,0.993151,0.538922,0.938356,0.748503,0.726027,1.0,1.061644,1.317365,1.335616,1.550898,1.520548,1.736527,0.349315,1.083832,0.678082,0.952096,0.623288,0.550898,0.513699,0.48503,0.020548,1.017964,0.342466,0.730539,0.315068,0.413174,0.219178,0.407186,-0.273973,0.868263,-0.006849,0.610778,0.054795,0.377246,0.020548,0.365269,0.0,0.0,0.0,0.0,0.0,0.0,0.0,0.0,0.0,0.0,0.0,0.0,0.0,0.0,0.0,0.0,0.0,0.0,0.0,0.0,0.0,0.0,0.0,0.0,0.0,0.0,0.0,0.0,0.0,0.0,0.0,0.0,0.0,0.0,0.0,0.0,0.0,0.0,0.0,0.0,0.0,0.0,0.0,0.0,Z,3
0.0,0.0,0.585586,0.161111,1.063063,0.461111,1.297297,0.705556,1.252252,0.877778,0.414414,1.0,0.747748,0.977778,0.927928,0.711111,0.954955,0.588889,0.027027,0.933333,0.396396,0.883333,0.612613,0.616667,0.657658,0.494444,-0.315315,0.788889,0.072072,0.7,0.261261,0.472222,0.261261,0.366667,-0.585586,0.6,-0.243243,0.55,-0.09009,0.388889,-0.072072,0.305556,0.0,0.0,0.0,0.0,0.0,0.0,0.0,0.0,0.0,0.0,0.0,0.0,0.0,0.0,0.0,0.0,0.0,0.0,0.0,0.0,0.0,0.0,0.0,0.0,0.0,0.0,0.0,0.0,0.0,0.0,0.0,0.0,0.0,0.0,0.0,0.0,0.0,0.0,0.0,0.0,0.0,0.0,0.0,0.0,Z,3
0.0,0.0,0.248,0.295699,0.272,0.655914,0.008,0.876344,-0.392,0.930108,-0.104,1.0,-0.128,1.387097,-0.16,1.672043,-0.232,1.924731,-0.496,0.903226,-0.696,1.043011,-0.416,0.752688,-0.208,0.612903,-0.824,0.736559,-1.008,0.817204,-0.712,0.575269,-0.536,0.483871,-1.104,0.526882,-1.272,0.612903,-1.0,0.473118,-0.84,0.397849,0.0,0.0,0.0,0.0,0.0,0.0,0.0,0.0,0.0,0.0,0.0,0.0,0.0,0.0,0.0,0.0,0.0,0.0,0.0,0.0,0.0,0.0,0.0,0.0,0.0,0.0,0.0,0.0,0.0,0.0,0.0,0.0,0.0,0.0,0.0,0.0,0.0,0.0,0.0,0.0,0.0,0.0,0.0,0.0,Z,3
0.0,0.0,0.299145,0.277487,0.34188,0.623037,0.051282,0.863874,-0.393162,0.931937,-0.111111,1.0,-0.222222,1.413613,-0.333333,1.691099,-0.444444,1.937173,-0.504274,0.91623,-0.786325,1.041885,-0.564103,0.753927,-0.324786,0.596859,-0.846154,0.774869,-1.068376,0.827225,-0.794872,0.60733,-0.555556,0.507853,-1.111111,0.591623,-1.316239,0.628272,-1.042735,0.502618,-0.820513,0.439791,0.0,0.0,0.0,0.0,0.0,0.0,0.0,0.0,0.0,0.0,0.0,0.0,0.0,0.0,0.0,0.0,0.0,0.0,0.0,0.0,0.0,0.0,0.0,0.0,0.0,0.0,0.0,0.0,0.0,0.0,0.0,0.0,0.0,0.0,0.0,0.0,0.0,0.0,0.0,0.0,0.0,0.0,0.0,0.0,Z,3
0.0,0.0,0.46,0.335196,0.66,0.675978,0.42,0.916201,0.0,0.977654,-0.24,1.0,-0.65,1.167598,-0.56,1.055866,-0.35,0.899441,-0.66,0.871508,-0.96,1.061453,-0.83,0.938547,-0.63,0.804469,-0.99,0.715084,-1.2,0.893855,-1.07,0.793296,-0.87,0.659218,-1.24,0.553073,-1.39,0.687151,-1.24,0.597765,-1.04,0.497207,0.0,0.0,0.0,0.0,0.0,0.0,0.0,0.0,0.0,0.0,0.0,0.0,0.0,0.0,0.0,0.0,0.0,0.0,0.0,0.0,0.0,0.0,0.0,0.0,0.0,0.0,0.0,0.0,0.0,0.0,0.0,0.0,0.0,0.0,0.0,0.0,0.0,0.0,0.0,0.0,0.0,0.0,0.0,0.0,Z,3
0.0,0.0,0.411348,0.114865,0.758865,0.236486,0.93617,0.364865,1.113475,0.452703,0.716312,1.0,1.085106,1.121622,1.390071,1.243243,1.64539,1.364865,0.340426,1.081081,0.716312,0.621622,0.716312,0.290541,0.631206,0.290541,0.014184,0.939189,0.375887,0.358108,0.390071,0.155405,0.319149,0.256757,-0.283688,0.702703,0.0,0.263514,0.042553,0.108108,-0.028369,0.175676,0.0,0.0,0.0,0.0,0.0,0.0,0.0,0.0,0.0,0.0,0.0,0.0,0.0,0.0,0.0,0.0,0.0,0.0,0.0,0.0,0.0,0.0,0.0,0.0,0.0,0.0,0.0,0.0,0.0,0.0,0.0,0.0,0.0,0.0,0.0,0.0,0.0,0.0,0.0,0.0,0.0,0.0,0.0,0.0,Z,3
0.0,0.0,0.472603,0.096296,0.917808,0.251852,1.150685,0.414815,1.041096,0.488889,0.739726,1.0,1.116438,1.103704,1.424658,1.185185,1.684932,1.318519,0.383562,1.133333,0.753425,0.496296,0.671233,0.111111,0.547945,0.148148,0.034247,0.992593,0.390411,0.251852,0.356164,0.022222,0.267123,0.177778,-0.260274,0.740741,0.0,0.207407,0.034247,0.014815,-0.047945,0.103704,0.0,0.0,0.0,0.0,0.0,0.0,0.0,0.0,0.0,0.0,0.0,0.0,0.0,0.0,0.0,0.0,0.0,0.0,0.0,0.0,0.0,0.0,0.0,0.0,0.0,0.0,0.0,0.0,0.0,0.0,0.0,0.0,0.0,0.0,0.0,0.0,0.0,0.0,0.0,0.0,0.0,0.0,0.0,0.0,Z,3
0.0,0.0,0.456693,0.090909,0.850394,0.295455,1.062992,0.454545,1.11811,0.5,0.653543,1.0,1.055118,1.143939,1.393701,1.257576,1.692913,1.386364,0.275591,1.075758,0.622047,0.545455,0.614173,0.242424,0.535433,0.227273,-0.062992,0.931818,0.291339,0.348485,0.307087,0.166667,0.251969,0.234848,-0.346457,0.69697,-0.062992,0.25,-0.015748,0.083333,-0.055118,0.113636,0.0,0.0,0.0,0.0,0.0,0.0,0.0,0.0,0.0,0.0,0.0,0.0,0.0,0.0,0.0,0.0,0.0,0.0,0.0,0.0,0.0,0.0,0.0,0.0,0.0,0.0,0.0,0.0,0.0,0.0,0.0,0.0,0.0,0.0,0.0,0.0,0.0,0.0,0.0,0.0,0.0,0.0,0.0,0.0,Z,3
0.0,0.0,0.244444,0.185629,0.281481,0.419162,-0.007407,0.54491,-0.444444,0.550898,-0.17037,1.0,-0.333333,1.095808,-0.392593,1.251497,-0.496296,1.48503,-0.562963,0.898204,-0.822222,0.634731,-0.42963,0.293413,-0.296296,0.413174,-0.888889,0.724551,-1.111111,0.42515,-0.718519,0.155689,-0.592593,0.281437,-1.17037,0.532934,-1.259259,0.269461,-0.97037,0.11976,-0.837037,0.191617,0.0,0.0,0.0,0.0,0.0,0.0,0.0,0.0,0.0,0.0,0.0,0.0,0.0,0.0,0.0,0.0,0.0,0.0,0.0,0.0,0.0,0.0,0.0,0.0,0.0,0.0,0.0,0.0,0.0,0.0,0.0,0.0,0.0,0.0,0.0,0.0,0.0,0.0,0.0,0.0,0.0,0.0,0.0,0.0,Z,3
0.0,0.0,0.265625,0.201183,0.296875,0.473373,-0.0625,0.60355,-0.53125,0.609467,-0.257812,1.0,-0.414062,1.118343,-0.484375,1.266272,-0.601562,1.47929,-0.6875,0.923077,-0.929688,0.627219,-0.539062,0.313609,-0.382812,0.414201,-1.007812,0.757396,-1.21875,0.43787,-0.8125,0.195266,-0.664062,0.301775,-1.257812,0.556213,-1.375,0.278107,-1.039062,0.142012,-0.867188,0.213018,0.0,0.0,0.0,0.0,0.0,0.0,0.0,0.0,0.0,0.0,0.0,0.0,0.0,0.0,0.0,0.0,0.0,0.0,0.0,0.0,0.0,0.0,0.0,0.0,0.0,0.0,0.0,0.0,0.0,0.0,0.0,0.0,0.0,0.0,0.0,0.0,0.0,0.0,0.0,0.0,0.0,0.0,0.0,0.0,Z,3
0.0,0.0,0.261538,0.208333,0.307692,0.458333,-0.023077,0.589286,-0.484615,0.577381,-0.246154,1.0,-0.376923,1.083333,-0.453846,1.232143,-0.569231,1.452381,-0.661538,0.910714,-0.876923,0.595238,-0.484615,0.279762,-0.338462,0.392857,-0.992308,0.738095,-1.161538,0.39881,-0.761538,0.160714,-0.638462,0.279762,-1.246154,0.535714,-1.323077,0.238095,-1.0,0.107143,-0.861538,0.190476,0.0,0.0,0.0,0.0,0.0,0.0,0.0,0.0,0.0,0.0,0.0,0.0,0.0,0.0,0.0,0.0,0.0,0.0,0.0,0.0,0.0,0.0,0.0,0.0,0.0,0.0,0.0,0.0,0.0,0.0,0.0,0.0,0.0,0.0,0.0,0.0,0.0,0.0,0.0,0.0,0.0,0.0,0.0,0.0,Z,3
0.0,0.0,0.267717,0.211765,0.307087,0.470588,-0.047244,0.588235,-0.519685,0.605882,-0.283465,1.0,-0.409449,1.088235,-0.480315,1.235294,-0.582677,1.447059,-0.708661,0.911765,-0.92126,0.594118,-0.511811,0.294118,-0.354331,0.411765,-1.031496,0.741176,-1.212598,0.4,-0.80315,0.170588,-0.661417,0.3,-1.283465,0.529412,-1.377953,0.247059,-1.055118,0.123529,-0.905512,0.205882,0.0,0.0,0.0,0.0,0.0,0.0,0.0,0.0,0.0,0.0,0.0,0.0,0.0,0.0,0.0,0.0,0.0,0.0,0.0,0.0,0.0,0.0,0.0,0.0,0.0,0.0,0.0,0.0,0.0,0.0,0.0,0.0,0.0,0.0,0.0,0.0,0.0,0.0,0.0,0.0,0.0,0.0,0.0,0.0,Z,3
0.0,0.0,0.269841,0.210526,0.301587,0.461988,-0.047619,0.573099,-0.531746,0.584795,-0.293651,1.0,-0.444444,1.081871,-0.492063,1.216374,-0.587302,1.426901,-0.706349,0.888889,-0.920635,0.596491,-0.5,0.28655,-0.349206,0.403509,-1.031746,0.719298,-1.206349,0.397661,-0.785714,0.157895,-0.666667,0.28655,-1.293651,0.520468,-1.373016,0.239766,-1.031746,0.111111,-0.896825,0.204678,0.0,0.0,0.0,0.0,0.0,0.0,0.0,0.0,0.0,0.0,0.0,0.0,0.0,0.0,0.0,0.0,0.0,0.0,0.0,0.0,0.0,0.0,0.0,0.0,0.0,0.0,0.0,0.0,0.0,0.0,0.0,0.0,0.0,0.0,0.0,0.0,0.0,0.0,0.0,0.0,0.0,0.0,0.0,0.0,Z,3
0.0,0.0,0.257812,0.206061,0.320312,0.490909,-0.054688,0.612121,-0.523438,0.593939,-0.273438,1.0,-0.40625,1.121212,-0.5,1.272727,-0.625,1.472727,-0.703125,0.921212,-0.898438,0.642424,-0.507812,0.327273,-0.34375,0.424242,-1.023438,0.757576,-1.195312,0.436364,-0.796875,0.2,-0.632812,0.315152,-1.273438,0.539394,-1.375,0.266667,-1.03125,0.133333,-0.859375,0.206061,0.0,0.0,0.0,0.0,0.0,0.0,0.0,0.0,0.0,0.0,0.0,0.0,0.0,0.0,0.0,0.0,0.0,0.0,0.0,0.0,0.0,0.0,0.0,0.0,0.0,0.0,0.0,0.0,0.0,0.0,0.0,0.0,0.0,0.0,0.0,0.0,0.0,0.0,0.0,0.0,0.0,0.0,0.0,0.0,Z,3
0.0,0.0,0.255814,0.217647,0.286822,0.482353,-0.069767,0.588235,-0.534884,0.576471,-0.27907,1.0,-0.410853,1.088235,-0.48062,1.229412,-0.589147,1.441176,-0.697674,0.905882,-0.891473,0.605882,-0.488372,0.294118,-0.348837,0.417647,-1.031008,0.741176,-1.20155,0.417647,-0.790698,0.182353,-0.658915,0.311765,-1.27907,0.535294,-1.372093,0.258824,-1.03876,0.135294,-0.891473,0.223529,0.0,0.0,0.0,0.0,0.0,0.0,0.0,0.0,0.0,0.0,0.0,0.0,0.0,0.0,0.0,0.0,0.0,0.0,0.0,0.0,0.0,0.0,0.0,0.0,0.0,0.0,0.0,0.0,0.0,0.0,0.0,0.0,0.0,0.0,0.0,0.0,0.0,0.0,0.0,0.0,0.0,0.0,0.0,0.0,Z,3
0.0,0.0,0.27907,0.194118,0.294574,0.435294,-0.015504,0.541176,-0.48062,0.564706,-0.24031,1.0,-0.403101,1.064706,-0.403101,1.205882,-0.488372,1.441176,-0.635659,0.882353,-0.883721,0.576471,-0.434109,0.258824,-0.286822,0.4,-0.968992,0.705882,-1.162791,0.376471,-0.728682,0.123529,-0.620155,0.276471,-1.24031,0.523529,-1.317829,0.223529,-0.976744,0.088235,-0.844961,0.188235,0.0,0.0,0.0,0.0,0.0,0.0,0.0,0.0,0.0,0.0,0.0,0.0,0.0,0.0,0.0,0.0,0.0,0.0,0.0,0.0,0.0,0.0,0.0,0.0,0.0,0.0,0.0,0.0,0.0,0.0,0.0,0.0,0.0,0.0,0.0,0.0,0.0,0.0,0.0,0.0,0.0,0.0,0.0,0.0,Z,3
0.0,0.0,0.255814,0.191617,0.294574,0.45509,-0.03876,0.598802,-0.496124,0.598802,-0.255814,1.0,-0.395349,1.095808,-0.472868,1.245509,-0.589147,1.45509,-0.682171,0.928144,-0.906977,0.598802,-0.496124,0.281437,-0.333333,0.39521,-1.007752,0.760479,-1.193798,0.407186,-0.782946,0.167665,-0.627907,0.281437,-1.255814,0.550898,-1.364341,0.251497,-1.031008,0.113772,-0.860465,0.191617,0.0,0.0,0.0,0.0,0.0,0.0,0.0,0.0,0.0,0.0,0.0,0.0,0.0,0.0,0.0,0.0,0.0,0.0,0.0,0.0,0.0,0.0,0.0,0.0,0.0,0.0,0.0,0.0,0.0,0.0,0.0,0.0,0.0,0.0,0.0,0.0,0.0,0.0,0.0,0.0,0.0,0.0,0.0,0.0,Z,3
0.0,0.0,0.263566,0.203593,0.310078,0.467066,-0.031008,0.586826,-0.48062,0.592814,-0.263566,1.0,-0.379845,1.08982,-0.449612,1.239521,-0.550388,1.449102,-0.682171,0.898204,-0.883721,0.592814,-0.488372,0.293413,-0.333333,0.413174,-1.015504,0.724551,-1.178295,0.389222,-0.775194,0.161677,-0.658915,0.299401,-1.263566,0.51497,-1.348837,0.227545,-1.023256,0.101796,-0.899225,0.191617,0.0,0.0,0.0,0.0,0.0,0.0,0.0,0.0,0.0,0.0,0.0,0.0,0.0,0.0,0.0,0.0,0.0,0.0,0.0,0.0,0.0,0.0,0.0,0.0,0.0,0.0,0.0,0.0,0.0,0.0,0.0,0.0,0.0,0.0,0.0,0.0,0.0,0.0,0.0,0.0,0.0,0.0,0.0,0.0,Z,3
0.0,0.0,0.251969,0.210526,0.291339,0.461988,-0.055118,0.561404,-0.527559,0.54386,-0.299213,1.0,-0.433071,1.070175,-0.480315,1.210526,-0.582677,1.415205,-0.716535,0.888889,-0.92126,0.578947,-0.496063,0.280702,-0.354331,0.403509,-1.03937,0.707602,-1.212598,0.380117,-0.787402,0.146199,-0.669291,0.280702,-1.299213,0.497076,-1.377953,0.216374,-1.047244,0.093567,-0.905512,0.187135,0.0,0.0,0.0,0.0,0.0,0.0,0.0,0.0,0.0,0.0,0.0,0.0,0.0,0.0,0.0,0.0,0.0,0.0,0.0,0.0,0.0,0.0,0.0,0.0,0.0,0.0,0.0,0.0,0.0,0.0,0.0,0.0,0.0,0.0,0.0,0.0,0.0,0.0,0.0,0.0,0.0,0.0,0.0,0.0,Z,3
0.0,0.0,0.255814,0.201183,0.302326,0.47929,-0.054264,0.597633,-0.51938,0.585799,-0.286822,1.0,-0.426357,1.100592,-0.488372,1.236686,-0.596899,1.443787,-0.713178,0.91716,-0.891473,0.60355,-0.488372,0.295858,-0.348837,0.426036,-1.03876,0.745562,-1.193798,0.408284,-0.782946,0.171598,-0.651163,0.307692,-1.286822,0.538462,-1.356589,0.248521,-1.031008,0.118343,-0.883721,0.207101,0.0,0.0,0.0,0.0,0.0,0.0,0.0,0.0,0.0,0.0,0.0,0.0,0.0,0.0,0.0,0.0,0.0,0.0,0.0,0.0,0.0,0.0,0.0,0.0,0.0,0.0,0.0,0.0,0.0,0.0,0.0,0.0,0.0,0.0,0.0,0.0,0.0,0.0,0.0,0.0,0.0,0.0,0.0,0.0,Z,3
0.0,0.0,0.263566,0.187879,0.348837,0.472727,-0.007752,0.606061,-0.48062,0.593939,-0.248062,1.0,-0.395349,1.10303,-0.457364,1.248485,-0.573643,1.460606,-0.682171,0.921212,-0.868217,0.6,-0.457364,0.284848,-0.317829,0.412121,-1.007752,0.751515,-1.178295,0.406061,-0.775194,0.169697,-0.635659,0.29697,-1.248062,0.539394,-1.341085,0.248485,-1.015504,0.109091,-0.860465,0.187879,0.0,0.0,0.0,0.0,0.0,0.0,0.0,0.0,0.0,0.0,0.0,0.0,0.0,0.0,0.0,0.0,0.0,0.0,0.0,0.0,0.0,0.0,0.0,0.0,0.0,0.0,0.0,0.0,0.0,0.0,0.0,0.0,0.0,0.0,0.0,0.0,0.0,0.0,0.0,0.0,0.0,0.0,0.0,0.0,Z,3
0.0,0.0,0.339623,0.06962,0.616352,0.265823,0.748428,0.537975,0.710692,0.822785,0.509434,1.0,0.773585,1.35443,0.993711,1.620253,1.132075,1.873418,0.144654,1.082278,0.415094,1.06962,0.389937,0.556962,0.308176,0.481013,-0.188679,0.981013,0.018868,0.791139,0.069182,0.373418,0.012579,0.35443,-0.490566,0.791139,-0.320755,0.594937,-0.213836,0.310127,-0.257862,0.316456,0.0,0.0,0.0,0.0,0.0,0.0,0.0,0.0,0.0,0.0,0.0,0.0,0.0,0.0,0.0,0.0,0.0,0.0,0.0,0.0,0.0,0.0,0.0,0.0,0.0,0.0,0.0,0.0,0.0,0.0,0.0,0.0,0.0,0.0,0.0,0.0,0.0,0.0,0.0,0.0,0.0,0.0,0.0,0.0,Z,4
0.0,0.0,0.37037,0.101796,0.685185,0.287425,0.808642,0.526946,0.771605,0.790419,0.604938,1.0,0.876543,1.39521,1.061728,1.688623,1.191358,1.934132,0.228395,1.083832,0.5,1.08982,0.487654,0.610778,0.407407,0.502994,-0.098765,1.011976,0.148148,0.796407,0.17284,0.407186,0.104938,0.383234,-0.395062,0.856287,-0.203704,0.60479,-0.092593,0.329341,-0.104938,0.347305,0.0,0.0,0.0,0.0,0.0,0.0,0.0,0.0,0.0,0.0,0.0,0.0,0.0,0.0,0.0,0.0,0.0,0.0,0.0,0.0,0.0,0.0,0.0,0.0,0.0,0.0,0.0,0.0,0.0,0.0,0.0,0.0,0.0,0.0,0.0,0.0,0.0,0.0,0.0,0.0,0.0,0.0,0.0,0.0,Z,4
0.0,0.0,0.440994,0.108571,0.770186,0.308571,0.857143,0.542857,0.807453,0.788571,0.664596,1.0,0.937888,1.371429,1.136646,1.645714,1.279503,1.88,0.285714,1.085714,0.565217,1.04,0.546584,0.605714,0.47205,0.514286,-0.043478,1.011429,0.217391,0.748571,0.229814,0.4,0.161491,0.4,-0.335404,0.857143,-0.130435,0.588571,-0.031056,0.348571,-0.043478,0.371429,0.0,0.0,0.0,0.0,0.0,0.0,0.0,0.0,0.0,0.0,0.0,0.0,0.0,0.0,0.0,0.0,0.0,0.0,0.0,0.0,0.0,0.0,0.0,0.0,0.0,0.0,0.0,0.0,0.0,0.0,0.0,0.0,0.0,0.0,0.0,0.0,0.0,0.0,0.0,0.0,0.0,0.0,0.0,0.0,Z,4
0.0,0.0,0.457317,0.126374,0.77439,0.32967,0.871951,0.554945,0.841463,0.78022,0.689024,1.0,0.963415,1.357143,1.146341,1.626374,1.27439,1.857143,0.310976,1.076923,0.573171,1.032967,0.554878,0.60989,0.487805,0.516484,-0.018293,1.005495,0.237805,0.774725,0.243902,0.428571,0.182927,0.412088,-0.310976,0.857143,-0.103659,0.598901,-0.006098,0.357143,-0.012195,0.368132,0.0,0.0,0.0,0.0,0.0,0.0,0.0,0.0,0.0,0.0,0.0,0.0,0.0,0.0,0.0,0.0,0.0,0.0,0.0,0.0,0.0,0.0,0.0,0.0,0.0,0.0,0.0,0.0,0.0,0.0,0.0,0.0,0.0,0.0,0.0,0.0,0.0,0.0,0.0,0.0,0.0,0.0,0.0,0.0,Z,4
0.0,0.0,0.460123,0.136612,0.779141,0.327869,0.883436,0.546448,0.840491,0.781421,0.699387,1.0,0.97546,1.349727,1.165644,1.617486,1.288344,1.84153,0.325153,1.081967,0.588957,1.043716,0.558282,0.617486,0.490798,0.530055,-0.01227,1.010929,0.251534,0.770492,0.251534,0.431694,0.177914,0.42623,-0.300613,0.863388,-0.092025,0.601093,0.0,0.36612,-0.01227,0.382514,0.0,0.0,0.0,0.0,0.0,0.0,0.0,0.0,0.0,0.0,0.0,0.0,0.0,0.0,0.0,0.0,0.0,0.0,0.0,0.0,0.0,0.0,0.0,0.0,0.0,0.0,0.0,0.0,0.0,0.0,0.0,0.0,0.0,0.0,0.0,0.0,0.0,0.0,0.0,0.0,0.0,0.0,0.0,0.0,Z,4
0.0,0.0,0.466258,0.13587,0.779141,0.336957,0.877301,0.559783,0.858896,0.788043,0.699387,1.0,0.97546,1.347826,1.171779,1.608696,1.294479,1.836957,0.325153,1.081522,0.595092,1.032609,0.570552,0.61413,0.496933,0.532609,-0.01227,1.01087,0.257669,0.766304,0.263804,0.423913,0.190184,0.418478,-0.300613,0.853261,-0.092025,0.597826,0.01227,0.36413,0.0,0.369565,0.0,0.0,0.0,0.0,0.0,0.0,0.0,0.0,0.0,0.0,0.0,0.0,0.0,0.0,0.0,0.0,0.0,0.0,0.0,0.0,0.0,0.0,0.0,0.0,0.0,0.0,0.0,0.0,0.0,0.0,0.0,0.0,0.0,0.0,0.0,0.0,0.0,0.0,0.0,0.0,0.0,0.0,0.0,0.0,Z,4
0.0,0.0,0.45122,0.13587,0.768293,0.336957,0.896341,0.543478,0.884146,0.766304,0.695122,1.0,0.969512,1.353261,1.164634,1.608696,1.292683,1.831522,0.317073,1.076087,0.585366,1.038043,0.573171,0.61413,0.5,0.527174,-0.012195,1.0,0.25,0.76087,0.256098,0.423913,0.189024,0.418478,-0.304878,0.842391,-0.091463,0.592391,0.006098,0.358696,-0.012195,0.369565,0.0,0.0,0.0,0.0,0.0,0.0,0.0,0.0,0.0,0.0,0.0,0.0,0.0,0.0,0.0,0.0,0.0,0.0,0.0,0.0,0.0,0.0,0.0,0.0,0.0,0.0,0.0,0.0,0.0,0.0,0.0,0.0,0.0,0.0,0.0,0.0,0.0,0.0,0.0,0.0,0.0,0.0,0.0,0.0,Z,4
0.0,0.0,0.460123,0.13587,0.766871,0.342391,0.865031,0.565217,0.852761,0.804348,0.693252,1.0,0.969325,1.353261,1.165644,1.603261,1.294479,1.826087,0.319018,1.086957,0.582822,1.043478,0.570552,0.625,0.496933,0.532609,-0.01227,1.016304,0.245399,0.75,0.257669,0.423913,0.190184,0.423913,-0.306748,0.86413,-0.09816,0.581522,0.0,0.358696,-0.01227,0.380435,0.0,0.0,0.0,0.0,0.0,0.0,0.0,0.0,0.0,0.0,0.0,0.0,0.0,0.0,0.0,0.0,0.0,0.0,0.0,0.0,0.0,0.0,0.0,0.0,0.0,0.0,0.0,0.0,0.0,0.0,0.0,0.0,0.0,0.0,0.0,0.0,0.0,0.0,0.0,0.0,0.0,0.0,0.0,0.0,Z,4
0.0,0.0,0.463415,0.13587,0.780488,0.347826,0.890244,0.559783,0.884146,0.782609,0.695122,1.0,0.969512,1.347826,1.164634,1.608696,1.292683,1.831522,0.317073,1.081522,0.579268,1.032609,0.567073,0.61413,0.5,0.51087,-0.012195,1.01087,0.243902,0.75,0.25,0.418478,0.189024,0.402174,-0.304878,0.853261,-0.097561,0.581522,0.0,0.347826,-0.006098,0.36413,0.0,0.0,0.0,0.0,0.0,0.0,0.0,0.0,0.0,0.0,0.0,0.0,0.0,0.0,0.0,0.0,0.0,0.0,0.0,0.0,0.0,0.0,0.0,0.0,0.0,0.0,0.0,0.0,0.0,0.0,0.0,0.0,0.0,0.0,0.0,0.0,0.0,0.0,0.0,0.0,0.0,0.0,0.0,0.0,Z,4
0.0,0.0,0.47561,0.140541,0.792683,0.345946,0.902439,0.567568,0.871951,0.8,0.70122,1.0,0.97561,1.340541,1.170732,1.594595,1.29878,1.816216,0.329268,1.075676,0.597561,1.037838,0.579268,0.610811,0.512195,0.513514,-0.006098,1.005405,0.262195,0.756757,0.268293,0.427027,0.20122,0.410811,-0.29878,0.848649,-0.085366,0.583784,0.018293,0.356757,0.006098,0.372973,0.0,0.0,0.0,0.0,0.0,0.0,0.0,0.0,0.0,0.0,0.0,0.0,0.0,0.0,0.0,0.0,0.0,0.0,0.0,0.0,0.0,0.0,0.0,0.0,0.0,0.0,0.0,0.0,0.0,0.0,0.0,0.0,0.0,0.0,0.0,0.0,0.0,0.0,0.0,0.0,0.0,0.0,0.0,0.0,Z,4
0.0,0.0,0.478528,0.145946,0.791411,0.351351,0.90184,0.572973,0.895706,0.805405,0.705521,1.0,0.98773,1.340541,1.190184,1.594595,1.325153,1.816216,0.331288,1.081081,0.607362,1.037838,0.595092,0.610811,0.527607,0.502703,0.0,1.005405,0.269939,0.767568,0.282209,0.427027,0.214724,0.4,-0.294479,0.848649,-0.079755,0.594595,0.018405,0.356757,0.018405,0.362162,0.0,0.0,0.0,0.0,0.0,0.0,0.0,0.0,0.0,0.0,0.0,0.0,0.0,0.0,0.0,0.0,0.0,0.0,0.0,0.0,0.0,0.0,0.0,0.0,0.0,0.0,0.0,0.0,0.0,0.0,0.0,0.0,0.0,0.0,0.0,0.0,0.0,0.0,0.0,0.0,0.0,0.0,0.0,0.0,Z,4
0.0,0.0,0.409639,0.145833,0.722892,0.348958,0.855422,0.5625,0.837349,0.78125,0.638554,1.0,0.927711,1.317708,1.138554,1.557292,1.271084,1.765625,0.253012,1.057292,0.536145,0.963542,0.524096,0.578125,0.433735,0.520833,-0.072289,0.96875,0.204819,0.71875,0.222892,0.421875,0.144578,0.427083,-0.361446,0.807292,-0.13253,0.578125,-0.036145,0.375,-0.066265,0.375,0.0,0.0,0.0,0.0,0.0,0.0,0.0,0.0,0.0,0.0,0.0,0.0,0.0,0.0,0.0,0.0,0.0,0.0,0.0,0.0,0.0,0.0,0.0,0.0,0.0,0.0,0.0,0.0,0.0,0.0,0.0,0.0,0.0,0.0,0.0,0.0,0.0,0.0,0.0,0.0,0.0,0.0,0.0,0.0,Z,4
0.0,0.0,0.427481,0.030303,0.854962,0.340909,1.053435,0.674242,1.068702,0.931818,0.671756,1.0,0.70229,1.325758,0.679389,1.25,0.679389,1.151515,0.351145,1.022727,0.335878,1.310606,0.320611,1.106061,0.328244,0.931818,0.015267,0.931818,-0.030534,1.143939,-0.007634,0.992424,0.022901,0.871212,-0.328244,0.765152,-0.374046,0.939394,-0.320611,0.818182,-0.267176,0.704545,0.0,0.1363636363636363,0.0,0.0,0.378882,0.116022,0.732919,0.331492,0.807453,0.552486,0.732919,0.767956,0.621118,1.0,0.913043,1.403315,1.136646,1.674033,1.304348,1.906077,0.248447,1.027624,0.403727,1.022099,0.428571,0.662983,0.397516,0.535912,-0.080745,0.928177,0.062112,0.834254,0.130435,0.541436,0.130435,0.458564,-0.378882,0.762431,-0.254658,0.685083,-0.130435,0.464088,-0.080745,0.39779,Z,4
0.0,0.0,0.491525,0.107595,0.932203,0.43038,1.152542,0.71519,1.177966,0.924051,0.542373,1.0,0.610169,1.158228,0.694915,0.911392,0.771186,0.746835,0.20339,0.987342,0.305085,1.107595,0.415254,0.822785,0.457627,0.651899,-0.135593,0.898734,-0.033898,0.974684,0.076271,0.727848,0.110169,0.56962,-0.457627,0.746835,-0.364407,0.822785,-0.245763,0.64557,-0.194915,0.512658,-0.0338983050847457,0.1075949367088607,0.0,0.0,0.464286,0.192893,0.921429,0.436548,0.907143,0.71066,0.557143,0.822335,0.435714,1.0,0.557143,1.116751,0.642857,0.857868,0.692857,0.741117,0.071429,0.969543,0.178571,0.984772,0.335714,0.715736,0.407143,0.609137,-0.25,0.857868,-0.221429,0.878173,-0.057143,0.64467,0.021429,0.522843,-0.564286,0.705584,-0.564286,0.741117,-0.414286,0.583756,-0.314286,0.492386,Z,4
0.0,0.0,0.542373,0.186335,0.974576,0.484472,1.09322,0.757764,0.838983,0.950311,0.228814,1.0,0.211864,1.180124,0.398305,1.099379,0.59322,1.0,-0.152542,0.956522,-0.050847,1.024845,0.237288,0.869565,0.474576,0.720497,-0.491525,0.801242,-0.372881,0.84472,-0.09322,0.689441,0.127119,0.552795,-0.771186,0.596273,-0.669492,0.658385,-0.423729,0.552795,-0.211864,0.447205,0.0,0.0,0.0,0.0,0.0,0.0,0.0,0.0,0.0,0.0,0.0,0.0,0.0,0.0,0.0,0.0,0.0,0.0,0.0,0.0,0.0,0.0,0.0,0.0,0.0,0.0,0.0,0.0,0.0,0.0,0.0,0.0,0.0,0.0,0.0,0.0,0.0,0.0,0.0,0.0,0.0,0.0,0.0,0.0,Z,4
0.0,0.0,0.324786,0.268293,0.435897,0.614634,0.179487,0.834146,-0.25641,0.882927,-0.076923,1.0,-0.051282,1.404878,-0.017094,1.687805,-0.034188,1.921951,-0.470085,0.897561,-0.649573,1.087805,-0.34188,0.892683,-0.128205,0.717073,-0.794872,0.736585,-0.931624,0.878049,-0.615385,0.707317,-0.418803,0.565854,-1.076923,0.536585,-1.145299,0.668293,-0.880342,0.565854,-0.700855,0.463415,0.0,0.0,0.0,0.0,0.0,0.0,0.0,0.0,0.0,0.0,0.0,0.0,0.0,0.0,0.0,0.0,0.0,0.0,0.0,0.0,0.0,0.0,0.0,0.0,0.0,0.0,0.0,0.0,0.0,0.0,0.0,0.0,0.0,0.0,0.0,0.0,0.0,0.0,0.0,0.0,0.0,0.0,0.0,0.0,Z,4
0.0,0.0,0.293233,0.239631,0.345865,0.539171,0.037594,0.732719,-0.43609,0.797235,-0.172932,1.0,-0.293233,1.345622,-0.458647,1.599078,-0.601504,1.829493,-0.571429,0.884793,-0.894737,0.976959,-0.593985,0.631336,-0.37594,0.571429,-0.909774,0.737327,-1.195489,0.741935,-0.842105,0.479263,-0.639098,0.479263,-1.172932,0.552995,-1.421053,0.543779,-1.082707,0.391705,-0.864662,0.37788,0.0,0.0,0.0,0.0,0.0,0.0,0.0,0.0,0.0,0.0,0.0,0.0,0.0,0.0,0.0,0.0,0.0,0.0,0.0,0.0,0.0,0.0,0.0,0.0,0.0,0.0,0.0,0.0,0.0,0.0,0.0,0.0,0.0,0.0,0.0,0.0,0.0,0.0,0.0,0.0,0.0,0.0,0.0,0.0,Z,4
0.0,0.0,0.293233,0.236111,0.338346,0.527778,0.022556,0.717593,-0.473684,0.782407,-0.180451,1.0,-0.338346,1.337963,-0.526316,1.601852,-0.669173,1.828704,-0.601504,0.865741,-0.902256,0.967593,-0.646617,0.625,-0.43609,0.564815,-0.924812,0.712963,-1.225564,0.717593,-0.909774,0.462963,-0.691729,0.453704,-1.180451,0.527778,-1.43609,0.518519,-1.135338,0.361111,-0.909774,0.342593,0.0,0.0,0.0,0.0,0.0,0.0,0.0,0.0,0.0,0.0,0.0,0.0,0.0,0.0,0.0,0.0,0.0,0.0,0.0,0.0,0.0,0.0,0.0,0.0,0.0,0.0,0.0,0.0,0.0,0.0,0.0,0.0,0.0,0.0,0.0,0.0,0.0,0.0,0.0,0.0,0.0,0.0,0.0,0.0,Z,4
0.0,0.0,0.300752,0.226852,0.360902,0.527778,0.067669,0.75463,-0.398496,0.814815,-0.142857,1.0,-0.300752,1.351852,-0.481203,1.611111,-0.631579,1.842593,-0.541353,0.898148,-0.887218,1.009259,-0.609023,0.671296,-0.383459,0.583333,-0.879699,0.75,-1.18797,0.777778,-0.879699,0.523148,-0.669173,0.490741,-1.142857,0.564815,-1.398496,0.569444,-1.112782,0.421296,-0.909774,0.375,0.0,0.0,0.0,0.0,0.0,0.0,0.0,0.0,0.0,0.0,0.0,0.0,0.0,0.0,0.0,0.0,0.0,0.0,0.0,0.0,0.0,0.0,0.0,0.0,0.0,0.0,0.0,0.0,0.0,0.0,0.0,0.0,0.0,0.0,0.0,0.0,0.0,0.0,0.0,0.0,0.0,0.0,0.0,0.0,Z,4
0.0,0.0,0.308271,0.266332,0.398496,0.58794,0.037594,0.773869,-0.383459,0.839196,-0.105263,1.0,-0.225564,1.39196,-0.338346,1.668342,-0.443609,1.899497,-0.518797,0.929648,-0.631579,0.994975,-0.383459,0.698492,-0.150376,0.507538,-0.849624,0.778894,-0.917293,0.748744,-0.616541,0.522613,-0.383459,0.39196,-1.105263,0.582915,-1.157895,0.547739,-0.879699,0.396985,-0.676692,0.321608,0.0,0.0,0.0,0.0,0.0,0.0,0.0,0.0,0.0,0.0,0.0,0.0,0.0,0.0,0.0,0.0,0.0,0.0,0.0,0.0,0.0,0.0,0.0,0.0,0.0,0.0,0.0,0.0,0.0,0.0,0.0,0.0,0.0,0.0,0.0,0.0,0.0,0.0,0.0,0.0,0.0,0.0,0.0,0.0,Z,4
0.0,0.0,0.526316,0.28125,0.947368,0.46875,1.245614,0.46875,1.491228,0.351562,0.719298,1.0,1.017544,0.929688,1.245614,0.796875,1.385965,0.703125,0.368421,0.890625,0.868421,0.570312,1.157895,0.195312,1.350877,-0.046875,0.017544,0.617188,0.464912,0.257812,0.657895,-0.007812,0.736842,-0.109375,-0.280702,0.28125,0.008772,0.054688,0.175439,-0.03125,0.245614,-0.007812,0.0,0.0,0.0,0.0,0.0,0.0,0.0,0.0,0.0,0.0,0.0,0.0,0.0,0.0,0.0,0.0,0.0,0.0,0.0,0.0,0.0,0.0,0.0,0.0,0.0,0.0,0.0,0.0,0.0,0.0,0.0,0.0,0.0,0.0,0.0,0.0,0.0,0.0,0.0,0.0,0.0,0.0,0.0,0.0,Z,4
0.0,0.0,0.343195,0.046667,0.710059,0.153333,0.893491,0.253333,0.816568,0.26,0.579882,1.0,0.881657,1.166667,1.08284,1.293333,1.248521,1.406667,0.201183,1.133333,0.497041,0.56,0.585799,0.12,0.621302,-0.04,-0.142012,0.993333,0.213018,0.28,0.260355,-0.006667,0.260355,-0.04,-0.420118,0.733333,-0.100592,0.166667,0.0,-0.08,0.029586,-0.133333,-0.1005917159763313,-0.1666666666666666,0.0,0.0,0.372727,0.115108,0.754545,0.323741,1.0,0.467626,1.190909,0.532374,0.636364,1.0,0.836364,0.870504,1.027273,0.697842,1.218182,0.532374,0.290909,1.028777,0.590909,0.733813,0.827273,0.359712,0.990909,0.057554,-0.054545,0.942446,0.281818,0.604317,0.454545,0.266187,0.545455,0.014388,-0.363636,0.755396,-0.036364,0.539568,0.118182,0.266187,0.209091,0.057554,Z,4
0.0,0.0,0.389222,0.0625,0.802395,0.145833,0.988024,0.25,0.904192,0.388889,0.640719,1.0,0.97006,1.104167,1.233533,1.229167,1.45509,1.395833,0.263473,1.152778,0.592814,0.486111,0.646707,0.069444,0.592814,0.020833,-0.071856,1.0,0.275449,0.222222,0.317365,-0.041667,0.263473,0.041667,-0.359281,0.736111,-0.077844,0.159722,0.017964,-0.076389,0.0,-0.055556,0.0,0.0,0.0,0.0,0.0,0.0,0.0,0.0,0.0,0.0,0.0,0.0,0.0,0.0,0.0,0.0,0.0,0.0,0.0,0.0,0.0,0.0,0.0,0.0,0.0,0.0,0.0,0.0,0.0,0.0,0.0,0.0,0.0,0.0,0.0,0.0,0.0,0.0,0.0,0.0,0.0,0.0,0.0,0.0,Z,4
0.0,0.0,0.4,0.059322,0.8,0.144068,1.006061,0.237288,0.890909,0.364407,0.660606,1.0,0.951515,1.186441,1.193939,1.355932,1.381818,1.584746,0.290909,1.161017,0.587879,0.432203,0.612121,-0.033898,0.527273,-0.042373,-0.054545,0.983051,0.242424,0.152542,0.290909,-0.101695,0.230303,0.042373,-0.339394,0.669492,-0.109091,0.050847,-0.012121,-0.152542,-0.054545,-0.076271,0.0,0.0,0.0,0.0,0.0,0.0,0.0,0.0,0.0,0.0,0.0,0.0,0.0,0.0,0.0,0.0,0.0,0.0,0.0,0.0,0.0,0.0,0.0,0.0,0.0,0.0,0.0,0.0,0.0,0.0,0.0,0.0,0.0,0.0,0.0,0.0,0.0,0.0,0.0,0.0,0.0,0.0,0.0,0.0,Z,4
0.0,0.0,0.371951,0.017094,0.756098,0.128205,0.981707,0.25641,0.969512,0.410256,0.652439,1.0,1.0,1.230769,1.243902,1.401709,1.439024,1.615385,0.29878,1.196581,0.54878,0.547009,0.560976,0.17094,0.5,0.128205,-0.042683,1.051282,0.20122,0.222222,0.231707,0.042735,0.189024,0.179487,-0.347561,0.769231,-0.152439,0.136752,-0.079268,-0.008547,-0.109756,0.076923,0.0,0.0,0.0,0.0,0.0,0.0,0.0,0.0,0.0,0.0,0.0,0.0,0.0,0.0,0.0,0.0,0.0,0.0,0.0,0.0,0.0,0.0,0.0,0.0,0.0,0.0,0.0,0.0,0.0,0.0,0.0,0.0,0.0,0.0,0.0,0.0,0.0,0.0,0.0,0.0,0.0,0.0,0.0,0.0,Z,4
0.0,0.0,0.460526,0.0,0.927632,0.139535,1.151316,0.333333,1.052632,0.527132,0.809211,1.0,1.157895,1.248062,1.421053,1.387597,1.638158,1.542636,0.460526,1.186047,0.697368,0.612403,0.644737,0.286822,0.559211,0.263566,0.118421,1.093023,0.375,0.395349,0.361842,0.209302,0.302632,0.317829,-0.190789,0.875969,0.065789,0.317829,0.078947,0.139535,0.006579,0.186047,0.0,0.0,0.0,0.0,0.0,0.0,0.0,0.0,0.0,0.0,0.0,0.0,0.0,0.0,0.0,0.0,0.0,0.0,0.0,0.0,0.0,0.0,0.0,0.0,0.0,0.0,0.0,0.0,0.0,0.0,0.0,0.0,0.0,0.0,0.0,0.0,0.0,0.0,0.0,0.0,0.0,0.0,0.0,0.0,Z,4
0.0,0.0,0.423841,0.098592,0.81457,0.253521,0.913907,0.380282,0.768212,0.478873,0.582781,1.0,0.927152,1.15493,1.198675,1.295775,1.417219,1.450704,0.211921,1.098592,0.443709,0.521127,0.437086,0.330986,0.357616,0.380282,-0.13245,0.950704,0.139073,0.330986,0.178808,0.260563,0.139073,0.408451,-0.417219,0.704225,-0.165563,0.225352,-0.10596,0.140845,-0.145695,0.21831,0.0,0.0,0.0,0.0,0.0,0.0,0.0,0.0,0.0,0.0,0.0,0.0,0.0,0.0,0.0,0.0,0.0,0.0,0.0,0.0,0.0,0.0,0.0,0.0,0.0,0.0,0.0,0.0,0.0,0.0,0.0,0.0,0.0,0.0,0.0,0.0,0.0,0.0,0.0,0.0,0.0,0.0,0.0,0.0,Z,4
0.0,0.0,0.509934,0.093168,0.827815,0.242236,1.033113,0.42236,1.07947,0.645963,0.781457,1.0,1.066225,1.347826,1.271523,1.63354,1.384106,1.881988,0.403974,1.093168,0.781457,0.881988,0.708609,0.447205,0.602649,0.403727,0.07947,1.012422,0.417219,0.701863,0.397351,0.354037,0.304636,0.372671,-0.218543,0.869565,0.046358,0.596273,0.112583,0.354037,0.059603,0.354037,0.0,0.0,0.0,0.0,0.0,0.0,0.0,0.0,0.0,0.0,0.0,0.0,0.0,0.0,0.0,0.0,0.0,0.0,0.0,0.0,0.0,0.0,0.0,0.0,0.0,0.0,0.0,0.0,0.0,0.0,0.0,0.0,0.0,0.0,0.0,0.0,0.0,0.0,0.0,0.0,0.0,0.0,0.0,0.0,Z,5
0.0,0.0,0.546667,0.092593,0.873333,0.240741,1.06,0.419753,1.106667,0.62963,0.806667,1.0,1.093333,1.345679,1.293333,1.62963,1.406667,1.876543,0.44,1.098765,0.82,0.876543,0.766667,0.450617,0.66,0.395062,0.106667,1.018519,0.46,0.660494,0.413333,0.333333,0.3,0.351852,-0.193333,0.851852,0.073333,0.54321,0.126667,0.302469,0.086667,0.314815,0.0,0.0,0.0,0.0,0.0,0.0,0.0,0.0,0.0,0.0,0.0,0.0,0.0,0.0,0.0,0.0,0.0,0.0,0.0,0.0,0.0,0.0,0.0,0.0,0.0,0.0,0.0,0.0,0.0,0.0,0.0,0.0,0.0,0.0,0.0,0.0,0.0,0.0,0.0,0.0,0.0,0.0,0.0,0.0,Z,5
0.0,0.0,0.543046,0.103659,0.874172,0.25,1.059603,0.414634,1.099338,0.609756,0.81457,1.0,1.099338,1.341463,1.284768,1.621951,1.397351,1.865854,0.443709,1.091463,0.827815,0.871951,0.774834,0.45122,0.675497,0.402439,0.112583,1.012195,0.463576,0.676829,0.423841,0.347561,0.317881,0.365854,-0.18543,0.853659,0.07947,0.554878,0.145695,0.310976,0.099338,0.317073,0.0,0.0,0.0,0.0,0.0,0.0,0.0,0.0,0.0,0.0,0.0,0.0,0.0,0.0,0.0,0.0,0.0,0.0,0.0,0.0,0.0,0.0,0.0,0.0,0.0,0.0,0.0,0.0,0.0,0.0,0.0,0.0,0.0,0.0,0.0,0.0,0.0,0.0,0.0,0.0,0.0,0.0,0.0,0.0,Z,5
0.0,0.0,0.559211,0.097561,0.881579,0.25,1.052632,0.420732,1.105263,0.621951,0.815789,1.0,1.092105,1.335366,1.282895,1.615854,1.394737,1.865854,0.447368,1.091463,0.822368,0.859756,0.782895,0.439024,0.690789,0.371951,0.118421,1.006098,0.473684,0.676829,0.447368,0.347561,0.348684,0.347561,-0.184211,0.841463,0.085526,0.54878,0.157895,0.304878,0.131579,0.29878,0.0,0.0,0.0,0.0,0.0,0.0,0.0,0.0,0.0,0.0,0.0,0.0,0.0,0.0,0.0,0.0,0.0,0.0,0.0,0.0,0.0,0.0,0.0,0.0,0.0,0.0,0.0,0.0,0.0,0.0,0.0,0.0,0.0,0.0,0.0,0.0,0.0,0.0,0.0,0.0,0.0,0.0,0.0,0.0,Z,5
0.0,0.0,0.562914,0.109091,0.887417,0.266667,1.066225,0.430303,1.10596,0.630303,0.801325,1.0,1.092715,1.333333,1.284768,1.612121,1.397351,1.860606,0.437086,1.090909,0.821192,0.860606,0.774834,0.442424,0.688742,0.375758,0.10596,1.006061,0.470199,0.678788,0.443709,0.351515,0.350993,0.351515,-0.198675,0.842424,0.086093,0.551515,0.152318,0.309091,0.125828,0.30303,0.0,0.0,0.0,0.0,0.0,0.0,0.0,0.0,0.0,0.0,0.0,0.0,0.0,0.0,0.0,0.0,0.0,0.0,0.0,0.0,0.0,0.0,0.0,0.0,0.0,0.0,0.0,0.0,0.0,0.0,0.0,0.0,0.0,0.0,0.0,0.0,0.0,0.0,0.0,0.0,0.0,0.0,0.0,0.0,Z,5
0.0,0.0,0.545455,0.09816,0.857143,0.251534,1.019481,0.411043,1.11039,0.619632,0.798701,1.0,1.077922,1.343558,1.266234,1.638037,1.376623,1.883436,0.435065,1.092025,0.792208,0.883436,0.75974,0.453988,0.675325,0.386503,0.103896,1.01227,0.448052,0.680982,0.428571,0.349693,0.344156,0.349693,-0.201299,0.846626,0.058442,0.558282,0.136364,0.306748,0.123377,0.300613,0.0,0.0,0.0,0.0,0.0,0.0,0.0,0.0,0.0,0.0,0.0,0.0,0.0,0.0,0.0,0.0,0.0,0.0,0.0,0.0,0.0,0.0,0.0,0.0,0.0,0.0,0.0,0.0,0.0,0.0,0.0,0.0,0.0,0.0,0.0,0.0,0.0,0.0,0.0,0.0,0.0,0.0,0.0,0.0,Z,5
0.0,0.0,0.551948,0.104938,0.87013,0.246914,1.051948,0.407407,1.11039,0.623457,0.805195,1.0,1.090909,1.351852,1.285714,1.641975,1.396104,1.895062,0.441558,1.092593,0.798701,0.864198,0.75974,0.432099,0.675325,0.382716,0.103896,1.006173,0.454545,0.67284,0.435065,0.339506,0.357143,0.351852,-0.194805,0.839506,0.071429,0.549383,0.142857,0.302469,0.123377,0.296296,0.0,0.0,0.0,0.0,0.0,0.0,0.0,0.0,0.0,0.0,0.0,0.0,0.0,0.0,0.0,0.0,0.0,0.0,0.0,0.0,0.0,0.0,0.0,0.0,0.0,0.0,0.0,0.0,0.0,0.0,0.0,0.0,0.0,0.0,0.0,0.0,0.0,0.0,0.0,0.0,0.0,0.0,0.0,0.0,Z,5
0.0,0.0,0.547771,0.10559,0.866242,0.26087,1.038217,0.453416,1.050955,0.677019,0.815287,1.0,1.095541,1.354037,1.292994,1.652174,1.407643,1.900621,0.44586,1.093168,0.789809,0.875776,0.738854,0.440994,0.649682,0.385093,0.11465,1.012422,0.44586,0.664596,0.426752,0.329193,0.343949,0.341615,-0.184713,0.850932,0.063694,0.546584,0.140127,0.291925,0.121019,0.298137,0.0,0.0,0.0,0.0,0.0,0.0,0.0,0.0,0.0,0.0,0.0,0.0,0.0,0.0,0.0,0.0,0.0,0.0,0.0,0.0,0.0,0.0,0.0,0.0,0.0,0.0,0.0,0.0,0.0,0.0,0.0,0.0,0.0,0.0,0.0,0.0,0.0,0.0,0.0,0.0,0.0,0.0,0.0,0.0,Z,5
0.0,0.0,0.538462,0.110429,0.858974,0.269939,1.025641,0.453988,1.064103,0.668712,0.826923,1.0,1.115385,1.355828,1.314103,1.638037,1.429487,1.883436,0.461538,1.09816,0.814103,0.907975,0.75641,0.466258,0.666667,0.404908,0.128205,1.02454,0.461538,0.680982,0.423077,0.337423,0.339744,0.349693,-0.173077,0.871166,0.076923,0.564417,0.134615,0.306748,0.102564,0.312883,0.0,0.0,0.0,0.0,0.0,0.0,0.0,0.0,0.0,0.0,0.0,0.0,0.0,0.0,0.0,0.0,0.0,0.0,0.0,0.0,0.0,0.0,0.0,0.0,0.0,0.0,0.0,0.0,0.0,0.0,0.0,0.0,0.0,0.0,0.0,0.0,0.0,0.0,0.0,0.0,0.0,0.0,0.0,0.0,Z,5
0.0,0.0,0.534591,0.115152,0.855346,0.272727,1.025157,0.442424,1.050314,0.660606,0.823899,1.0,1.100629,1.351515,1.295597,1.630303,1.408805,1.866667,0.459119,1.09697,0.805031,0.921212,0.754717,0.490909,0.660377,0.430303,0.125786,1.024242,0.446541,0.684848,0.421384,0.351515,0.333333,0.369697,-0.176101,0.866667,0.062893,0.569697,0.138365,0.321212,0.106918,0.327273,0.0,0.0,0.0,0.0,0.0,0.0,0.0,0.0,0.0,0.0,0.0,0.0,0.0,0.0,0.0,0.0,0.0,0.0,0.0,0.0,0.0,0.0,0.0,0.0,0.0,0.0,0.0,0.0,0.0,0.0,0.0,0.0,0.0,0.0,0.0,0.0,0.0,0.0,0.0,0.0,0.0,0.0,0.0,0.0,Z,5
0.0,0.0,0.546584,0.110429,0.863354,0.269939,1.018634,0.453988,1.049689,0.680982,0.826087,1.0,1.099379,1.349693,1.285714,1.638037,1.397516,1.883436,0.459627,1.104294,0.795031,0.944785,0.751553,0.496933,0.664596,0.417178,0.124224,1.02454,0.434783,0.699387,0.416149,0.349693,0.335404,0.355828,-0.173913,0.871166,0.055901,0.570552,0.130435,0.312883,0.111801,0.319018,0.0,0.0,0.0,0.0,0.0,0.0,0.0,0.0,0.0,0.0,0.0,0.0,0.0,0.0,0.0,0.0,0.0,0.0,0.0,0.0,0.0,0.0,0.0,0.0,0.0,0.0,0.0,0.0,0.0,0.0,0.0,0.0,0.0,0.0,0.0,0.0,0.0,0.0,0.0,0.0,0.0,0.0,0.0,0.0,Z,5
0.0,0.0,0.522013,0.103659,0.849057,0.256098,1.012579,0.439024,1.044025,0.664634,0.830189,1.0,1.113208,1.347561,1.308176,1.628049,1.415094,1.871951,0.459119,1.103659,0.786164,0.957317,0.754717,0.518293,0.679245,0.439024,0.125786,1.030488,0.421384,0.682927,0.408805,0.353659,0.339623,0.359756,-0.169811,0.865854,0.050314,0.54878,0.125786,0.310976,0.100629,0.323171,0.0,0.0,0.0,0.0,0.0,0.0,0.0,0.0,0.0,0.0,0.0,0.0,0.0,0.0,0.0,0.0,0.0,0.0,0.0,0.0,0.0,0.0,0.0,0.0,0.0,0.0,0.0,0.0,0.0,0.0,0.0,0.0,0.0,0.0,0.0,0.0,0.0,0.0,0.0,0.0,0.0,0.0,0.0,0.0,Z,5
0.0,0.0,0.490323,0.11976,0.845161,0.281437,1.025806,0.467066,1.077419,0.694611,0.780645,1.0,1.070968,1.341317,1.283871,1.60479,1.425806,1.844311,0.419355,1.101796,0.748387,0.91018,0.709677,0.526946,0.612903,0.461078,0.083871,1.02994,0.4,0.682635,0.380645,0.389222,0.290323,0.401198,-0.219355,0.862275,0.032258,0.538922,0.090323,0.329341,0.051613,0.347305,0.0,0.0,0.0,0.0,0.0,0.0,0.0,0.0,0.0,0.0,0.0,0.0,0.0,0.0,0.0,0.0,0.0,0.0,0.0,0.0,0.0,0.0,0.0,0.0,0.0,0.0,0.0,0.0,0.0,0.0,0.0,0.0,0.0,0.0,0.0,0.0,0.0,0.0,0.0,0.0,0.0,0.0,0.0,0.0,Z,5
0.0,0.0,0.460993,0.115607,0.836879,0.306358,1.070922,0.473988,1.219858,0.635838,0.659574,1.0,0.950355,1.34104,1.177305,1.612717,1.340426,1.820809,0.283688,1.040462,0.567376,0.884393,0.588652,0.572254,0.546099,0.479769,-0.049645,0.942197,0.198582,0.716763,0.241135,0.473988,0.205674,0.416185,-0.340426,0.786127,-0.156028,0.612717,-0.056738,0.416185,-0.035461,0.358382,0.0,0.0,0.0,0.0,0.0,0.0,0.0,0.0,0.0,0.0,0.0,0.0,0.0,0.0,0.0,0.0,0.0,0.0,0.0,0.0,0.0,0.0,0.0,0.0,0.0,0.0,0.0,0.0,0.0,0.0,0.0,0.0,0.0,0.0,0.0,0.0,0.0,0.0,0.0,0.0,0.0,0.0,0.0,0.0,Z,5
0.0,0.0,0.512,0.145946,0.904,0.410811,1.056,0.664865,0.92,0.832432,0.528,1.0,0.656,1.227027,0.72,1.12973,0.768,1.108108,0.152,0.972973,0.376,0.994595,0.512,0.713514,0.536,0.583784,-0.176,0.854054,0.008,0.827027,0.152,0.605405,0.184,0.486486,-0.472,0.691892,-0.288,0.675676,-0.128,0.524324,-0.064,0.437838,0.0,0.0,0.0,0.0,0.0,0.0,0.0,0.0,0.0,0.0,0.0,0.0,0.0,0.0,0.0,0.0,0.0,0.0,0.0,0.0,0.0,0.0,0.0,0.0,0.0,0.0,0.0,0.0,0.0,0.0,0.0,0.0,0.0,0.0,0.0,0.0,0.0,0.0,0.0,0.0,0.0,0.0,0.0,0.0,Z,5
0.0,0.0,0.488722,0.178571,0.954887,0.446429,1.090226,0.672619,0.947368,0.732143,0.481203,1.0,0.548872,1.107143,0.631579,0.880952,0.684211,0.75,0.120301,0.940476,0.210526,1.0,0.37594,0.767857,0.43609,0.625,-0.218045,0.803571,-0.157895,0.875,-0.030075,0.672619,0.007519,0.547619,-0.518797,0.630952,-0.548872,0.714286,-0.503759,0.595238,-0.488722,0.52381,0.0,0.0,0.0,0.0,0.0,0.0,0.0,0.0,0.0,0.0,0.0,0.0,0.0,0.0,0.0,0.0,0.0,0.0,0.0,0.0,0.0,0.0,0.0,0.0,0.0,0.0,0.0,0.0,0.0,0.0,0.0,0.0,0.0,0.0,0.0,0.0,0.0,0.0,0.0,0.0,0.0,0.0,0.0,0.0,Z,5
0.0,0.0,0.530201,0.159794,0.798658,0.484536,0.577181,0.726804,0.241611,0.871134,0.422819,1.0,0.214765,1.412371,0.053691,1.664948,-0.073826,1.92268,0.026846,0.948454,-0.107383,1.298969,-0.053691,1.365979,0.040268,1.479381,-0.302013,0.819588,-0.38255,0.958763,-0.194631,0.701031,-0.006711,0.597938,-0.577181,0.64433,-0.604027,0.701031,-0.442953,0.515464,-0.33557,0.43299,0.0,0.0,0.0,0.0,0.0,0.0,0.0,0.0,0.0,0.0,0.0,0.0,0.0,0.0,0.0,0.0,0.0,0.0,0.0,0.0,0.0,0.0,0.0,0.0,0.0,0.0,0.0,0.0,0.0,0.0,0.0,0.0,0.0,0.0,0.0,0.0,0.0,0.0,0.0,0.0,0.0,0.0,0.0,0.0,Z,5
0.0,0.0,0.310811,0.213198,0.527027,0.472081,0.337838,0.659898,0.0,0.771574,0.094595,1.0,-0.047297,1.370558,-0.189189,1.639594,-0.337838,1.873096,-0.317568,0.913706,-0.452703,1.045685,-0.290541,0.664975,-0.168919,0.558376,-0.635135,0.766497,-0.756757,0.741117,-0.513514,0.446701,-0.358108,0.426396,-0.905405,0.598985,-0.97973,0.527919,-0.722973,0.329949,-0.554054,0.319797,0.0,0.0,0.0,0.0,0.0,0.0,0.0,0.0,0.0,0.0,0.0,0.0,0.0,0.0,0.0,0.0,0.0,0.0,0.0,0.0,0.0,0.0,0.0,0.0,0.0,0.0,0.0,0.0,0.0,0.0,0.0,0.0,0.0,0.0,0.0,0.0,0.0,0.0,0.0,0.0,0.0,0.0,0.0,0.0,Z,5
0.0,0.0,0.328571,0.19171,0.55,0.492228,0.314286,0.668394,-0.035714,0.761658,0.078571,1.0,-0.071429,1.38342,-0.242857,1.642487,-0.414286,1.88601,-0.321429,0.917098,-0.521429,1.025907,-0.321429,0.668394,-0.121429,0.533679,-0.657143,0.772021,-0.842857,0.725389,-0.557143,0.430052,-0.314286,0.362694,-0.921429,0.580311,-1.064286,0.507772,-0.785714,0.295337,-0.55,0.26943,0.0,0.0,0.0,0.0,0.0,0.0,0.0,0.0,0.0,0.0,0.0,0.0,0.0,0.0,0.0,0.0,0.0,0.0,0.0,0.0,0.0,0.0,0.0,0.0,0.0,0.0,0.0,0.0,0.0,0.0,0.0,0.0,0.0,0.0,0.0,0.0,0.0,0.0,0.0,0.0,0.0,0.0,0.0,0.0,Z,5
0.0,0.0,0.352113,0.21466,0.598592,0.539267,0.366197,0.748691,0.021127,0.82199,0.105634,1.0,0.021127,1.371728,-0.105634,1.612565,-0.21831,1.827225,-0.28169,0.942408,-0.302817,0.968586,-0.070423,0.680628,0.133803,0.497382,-0.605634,0.806283,-0.591549,0.78534,-0.330986,0.549738,-0.119718,0.39267,-0.894366,0.633508,-0.859155,0.633508,-0.605634,0.471204,-0.415493,0.371728,0.0,0.0,0.0,0.0,0.0,0.0,0.0,0.0,0.0,0.0,0.0,0.0,0.0,0.0,0.0,0.0,0.0,0.0,0.0,0.0,0.0,0.0,0.0,0.0,0.0,0.0,0.0,0.0,0.0,0.0,0.0,0.0,0.0,0.0,0.0,0.0,0.0,0.0,0.0,0.0,0.0,0.0,0.0,0.0,Z,5
0.0,0.0,0.390411,0.054545,0.760274,0.145455,1.027397,0.145455,1.260274,0.109091,0.678082,1.0,1.0,0.872727,1.075342,0.563636,1.068493,0.393939,0.315068,1.024242,0.780822,0.539394,0.869863,0.084848,0.890411,-0.127273,-0.020548,0.860606,0.452055,0.218182,0.561644,-0.115152,0.589041,-0.212121,-0.321918,0.6,0.089041,0.060606,0.19863,-0.193939,0.226027,-0.272727,0.0,0.0,0.0,0.0,0.0,0.0,0.0,0.0,0.0,0.0,0.0,0.0,0.0,0.0,0.0,0.0,0.0,0.0,0.0,0.0,0.0,0.0,0.0,0.0,0.0,0.0,0.0,0.0,0.0,0.0,0.0,0.0,0.0,0.0,0.0,0.0,0.0,0.0,0.0,0.0,0.0,0.0,0.0,0.0,Z,5
0.0,0.0,0.395062,0.072,0.759259,0.152,0.95679,0.28,1.154321,0.312,0.833333,1.0,1.17284,1.296,1.382716,1.504,1.524691,1.728,0.481481,1.168,0.796296,0.792,0.833333,0.272,0.796296,0.128,0.141975,1.048,0.45679,0.344,0.487654,0.04,0.432099,0.104,-0.166667,0.8,0.08642,0.232,0.135802,0.0,0.080247,0.08,0.0,0.0,0.0,0.0,0.0,0.0,0.0,0.0,0.0,0.0,0.0,0.0,0.0,0.0,0.0,0.0,0.0,0.0,0.0,0.0,0.0,0.0,0.0,0.0,0.0,0.0,0.0,0.0,0.0,0.0,0.0,0.0,0.0,0.0,0.0,0.0,0.0,0.0,0.0,0.0,0.0,0.0,0.0,0.0,Z,5
0.0,0.0,0.443038,0.130081,0.810127,0.219512,1.044304,0.268293,1.132911,0.219512,0.810127,1.0,1.126582,1.211382,1.341772,1.373984,1.481013,1.601626,0.462025,1.146341,0.803797,0.715447,0.797468,0.146341,0.71519,0.03252,0.113924,0.99187,0.398734,0.317073,0.417722,-0.04065,0.335443,0.01626,-0.189873,0.731707,0.006329,0.162602,0.063291,-0.081301,0.0,0.01626,0.0,0.0,0.0,0.0,0.0,0.0,0.0,0.0,0.0,0.0,0.0,0.0,0.0,0.0,0.0,0.0,0.0,0.0,0.0,0.0,0.0,0.0,0.0,0.0,0.0,0.0,0.0,0.0,0.0,0.0,0.0,0.0,0.0,0.0,0.0,0.0,0.0,0.0,0.0,0.0,0.0,0.0,0.0,0.0,Z,5
0.0,0.0,0.446541,0.090909,0.823899,0.198347,1.056604,0.272727,1.044025,0.247934,0.779874,1.0,1.062893,1.190083,1.289308,1.347107,1.440252,1.578512,0.421384,1.14876,0.72327,0.661157,0.710692,0.132231,0.628931,0.082645,0.075472,0.991736,0.327044,0.256198,0.339623,-0.041322,0.257862,0.107438,-0.220126,0.719008,-0.031447,0.115702,0.012579,-0.082645,-0.062893,0.041322,0.0,0.0,0.0,0.0,0.0,0.0,0.0,0.0,0.0,0.0,0.0,0.0,0.0,0.0,0.0,0.0,0.0,0.0,0.0,0.0,0.0,0.0,0.0,0.0,0.0,0.0,0.0,0.0,0.0,0.0,0.0,0.0,0.0,0.0,0.0,0.0,0.0,0.0,0.0,0.0,0.0,0.0,0.0,0.0,Z,5
0.0,0.0,0.358491,0.008547,0.704403,0.128205,0.91195,0.273504,0.937107,0.34188,0.666667,1.0,0.968553,1.264957,1.163522,1.470085,1.308176,1.700855,0.308176,1.162393,0.477987,0.863248,0.528302,0.401709,0.528302,0.196581,-0.031447,1.034188,0.138365,0.401709,0.194969,0.136752,0.176101,0.153846,-0.333333,0.760684,-0.176101,0.205128,-0.119497,0.008547,-0.144654,0.051282,0.0,0.0,0.0,0.0,0.0,0.0,0.0,0.0,0.0,0.0,0.0,0.0,0.0,0.0,0.0,0.0,0.0,0.0,0.0,0.0,0.0,0.0,0.0,0.0,0.0,0.0,0.0,0.0,0.0,0.0,0.0,0.0,0.0,0.0,0.0,0.0,0.0,0.0,0.0,0.0,0.0,0.0,0.0,0.0,Z,5
0.0,0.0,0.391892,0.016,0.763514,0.144,0.952703,0.28,1.033784,0.392,0.668919,1.0,0.972973,1.248,1.189189,1.432,1.358108,1.6,0.304054,1.112,0.506757,0.68,0.533784,0.336,0.486486,0.248,-0.040541,0.976,0.175676,0.376,0.222973,0.176,0.195946,0.224,-0.331081,0.72,-0.141892,0.24,-0.081081,0.08,-0.108108,0.112,0.0,0.0,0.0,0.0,0.0,0.0,0.0,0.0,0.0,0.0,0.0,0.0,0.0,0.0,0.0,0.0,0.0,0.0,0.0,0.0,0.0,0.0,0.0,0.0,0.0,0.0,0.0,0.0,0.0,0.0,0.0,0.0,0.0,0.0,0.0,0.0,0.0,0.0,0.0,0.0,0.0,0.0,0.0,0.0,Z,5
0.0,0.0,0.484375,0.032258,0.921875,0.177419,1.148438,0.290323,1.257812,0.395161,0.789062,1.0,1.101562,1.25,1.328125,1.41129,1.5,1.564516,0.4375,1.096774,0.773438,0.879032,0.757812,0.580645,0.65625,0.491935,0.09375,0.991935,0.414062,0.564516,0.429688,0.33871,0.351562,0.354839,-0.210938,0.766129,0.070312,0.379032,0.109375,0.201613,0.046875,0.217742,0.0,0.0,0.0,0.0,0.0,0.0,0.0,0.0,0.0,0.0,0.0,0.0,0.0,0.0,0.0,0.0,0.0,0.0,0.0,0.0,0.0,0.0,0.0,0.0,0.0,0.0,0.0,0.0,0.0,0.0,0.0,0.0,0.0,0.0,0.0,0.0,0.0,0.0,0.0,0.0,0.0,0.0,0.0,0.0,Z,5
0.0,0.0,0.370629,0.090909,0.664336,0.318182,0.853147,0.551948,0.86014,0.811688,0.566434,1.0,0.888112,1.376623,1.132867,1.649351,1.286713,1.915584,0.20979,1.090909,0.615385,1.032468,0.566434,0.571429,0.447552,0.474026,-0.125874,1.019481,0.237762,0.811688,0.237762,0.422078,0.125874,0.383117,-0.433566,0.844156,-0.132867,0.675325,-0.048951,0.38961,-0.118881,0.344156,0.0,0.0,0.0,0.0,0.0,0.0,0.0,0.0,0.0,0.0,0.0,0.0,0.0,0.0,0.0,0.0,0.0,0.0,0.0,0.0,0.0,0.0,0.0,0.0,0.0,0.0,0.0,0.0,0.0,0.0,0.0,0.0,0.0,0.0,0.0,0.0,0.0,0.0,0.0,0.0,0.0,0.0,0.0,0.0,Z,6
0.0,0.0,0.5,0.08805,0.845588,0.27673,1.080882,0.503145,1.125,0.754717,0.801471,1.0,1.161765,1.371069,1.411765,1.654088,1.558824,1.886792,0.419118,1.09434,0.823529,1.025157,0.801471,0.591195,0.691176,0.471698,0.088235,1.031447,0.455882,0.742138,0.433824,0.389937,0.316176,0.358491,-0.198529,0.867925,0.088235,0.597484,0.132353,0.345912,0.058824,0.345912,0.0,0.0,0.0,0.0,0.0,0.0,0.0,0.0,0.0,0.0,0.0,0.0,0.0,0.0,0.0,0.0,0.0,0.0,0.0,0.0,0.0,0.0,0.0,0.0,0.0,0.0,0.0,0.0,0.0,0.0,0.0,0.0,0.0,0.0,0.0,0.0,0.0,0.0,0.0,0.0,0.0,0.0,0.0,0.0,Z,6
0.0,0.0,0.514286,0.09816,0.871429,0.300613,1.085714,0.496933,1.114286,0.736196,0.814286,1.0,1.164286,1.374233,1.407143,1.644172,1.55,1.889571,0.442857,1.092025,0.857143,1.01227,0.835714,0.570552,0.721429,0.435583,0.107143,1.02454,0.471429,0.754601,0.45,0.398773,0.328571,0.368098,-0.185714,0.865031,0.107143,0.595092,0.157143,0.355828,0.071429,0.361963,0.0,0.0,0.0,0.0,0.0,0.0,0.0,0.0,0.0,0.0,0.0,0.0,0.0,0.0,0.0,0.0,0.0,0.0,0.0,0.0,0.0,0.0,0.0,0.0,0.0,0.0,0.0,0.0,0.0,0.0,0.0,0.0,0.0,0.0,0.0,0.0,0.0,0.0,0.0,0.0,0.0,0.0,0.0,0.0,Z,6
0.0,0.0,0.51773,0.114458,0.865248,0.313253,1.078014,0.506024,1.099291,0.753012,0.822695,1.0,1.198582,1.361446,1.432624,1.626506,1.574468,1.86747,0.453901,1.090361,0.865248,1.018072,0.836879,0.590361,0.716312,0.463855,0.120567,1.024096,0.48227,0.753012,0.460993,0.409639,0.340426,0.385542,-0.177305,0.861446,0.12766,0.608434,0.170213,0.36747,0.078014,0.379518,0.0,0.0,0.0,0.0,0.0,0.0,0.0,0.0,0.0,0.0,0.0,0.0,0.0,0.0,0.0,0.0,0.0,0.0,0.0,0.0,0.0,0.0,0.0,0.0,0.0,0.0,0.0,0.0,0.0,0.0,0.0,0.0,0.0,0.0,0.0,0.0,0.0,0.0,0.0,0.0,0.0,0.0,0.0,0.0,Z,6
0.0,0.0,0.528169,0.113095,0.887324,0.321429,1.091549,0.511905,1.112676,0.75,0.823944,1.0,1.204225,1.35119,1.43662,1.607143,1.577465,1.845238,0.457746,1.089286,0.873239,1.017857,0.852113,0.589286,0.732394,0.452381,0.119718,1.017857,0.485915,0.767857,0.471831,0.422619,0.352113,0.386905,-0.176056,0.857143,0.126761,0.607143,0.190141,0.375,0.105634,0.375,0.0,0.0,0.0,0.0,0.0,0.0,0.0,0.0,0.0,0.0,0.0,0.0,0.0,0.0,0.0,0.0,0.0,0.0,0.0,0.0,0.0,0.0,0.0,0.0,0.0,0.0,0.0,0.0,0.0,0.0,0.0,0.0,0.0,0.0,0.0,0.0,0.0,0.0,0.0,0.0,0.0,0.0,0.0,0.0,Z,6
0.0,0.0,0.552448,0.114458,0.916084,0.319277,1.118881,0.524096,1.125874,0.771084,0.867133,1.0,1.251748,1.355422,1.496503,1.614458,1.643357,1.861446,0.503497,1.096386,0.888112,1.024096,0.874126,0.590361,0.755245,0.439759,0.160839,1.024096,0.51049,0.76506,0.503497,0.409639,0.391608,0.361446,-0.132867,0.86747,0.160839,0.614458,0.223776,0.373494,0.146853,0.361446,0.0,0.0,0.0,0.0,0.0,0.0,0.0,0.0,0.0,0.0,0.0,0.0,0.0,0.0,0.0,0.0,0.0,0.0,0.0,0.0,0.0,0.0,0.0,0.0,0.0,0.0,0.0,0.0,0.0,0.0,0.0,0.0,0.0,0.0,0.0,0.0,0.0,0.0,0.0,0.0,0.0,0.0,0.0,0.0,Z,6
0.0,0.0,0.541667,0.10303,0.902778,0.321212,1.104167,0.539394,1.097222,0.775758,0.854167,1.0,1.236111,1.363636,1.479167,1.624242,1.631944,1.872727,0.486111,1.10303,0.875,1.030303,0.847222,0.587879,0.729167,0.436364,0.152778,1.036364,0.493056,0.769697,0.486111,0.418182,0.368056,0.369697,-0.145833,0.872727,0.145833,0.612121,0.201389,0.375758,0.118056,0.375758,0.0,0.0,0.0,0.0,0.0,0.0,0.0,0.0,0.0,0.0,0.0,0.0,0.0,0.0,0.0,0.0,0.0,0.0,0.0,0.0,0.0,0.0,0.0,0.0,0.0,0.0,0.0,0.0,0.0,0.0,0.0,0.0,0.0,0.0,0.0,0.0,0.0,0.0,0.0,0.0,0.0,0.0,0.0,0.0,Z,6
0.0,0.0,0.534247,0.10303,0.89726,0.309091,1.09589,0.527273,1.09589,0.781818,0.869863,1.0,1.232877,1.363636,1.472603,1.624242,1.616438,1.872727,0.5,1.09697,0.863014,1.030303,0.835616,0.593939,0.712329,0.448485,0.164384,1.030303,0.479452,0.769697,0.479452,0.418182,0.363014,0.375758,-0.130137,0.872727,0.143836,0.606061,0.19863,0.369697,0.109589,0.381818,0.0,0.0,0.0,0.0,0.0,0.0,0.0,0.0,0.0,0.0,0.0,0.0,0.0,0.0,0.0,0.0,0.0,0.0,0.0,0.0,0.0,0.0,0.0,0.0,0.0,0.0,0.0,0.0,0.0,0.0,0.0,0.0,0.0,0.0,0.0,0.0,0.0,0.0,0.0,0.0,0.0,0.0,0.0,0.0,Z,6
0.0,0.0,0.510204,0.113772,0.863946,0.311377,1.061224,0.526946,1.07483,0.790419,0.85034,1.0,1.210884,1.365269,1.44898,1.628743,1.591837,1.88024,0.482993,1.101796,0.836735,1.02994,0.802721,0.610778,0.687075,0.479042,0.142857,1.035928,0.462585,0.748503,0.44898,0.407186,0.340136,0.377246,-0.14966,0.88024,0.115646,0.598802,0.170068,0.365269,0.088435,0.377246,0.0,0.0,0.0,0.0,0.0,0.0,0.0,0.0,0.0,0.0,0.0,0.0,0.0,0.0,0.0,0.0,0.0,0.0,0.0,0.0,0.0,0.0,0.0,0.0,0.0,0.0,0.0,0.0,0.0,0.0,0.0,0.0,0.0,0.0,0.0,0.0,0.0,0.0,0.0,0.0,0.0,0.0,0.0,0.0,Z,6
0.0,0.0,0.517007,0.120482,0.870748,0.319277,1.061224,0.536145,1.054422,0.789157,0.836735,1.0,1.197279,1.36747,1.428571,1.626506,1.571429,1.879518,0.469388,1.108434,0.816327,1.03012,0.789116,0.608434,0.673469,0.475904,0.129252,1.042169,0.442177,0.73494,0.428571,0.39759,0.333333,0.373494,-0.163265,0.879518,0.095238,0.578313,0.14966,0.349398,0.081633,0.36747,0.0,0.0,0.0,0.0,0.0,0.0,0.0,0.0,0.0,0.0,0.0,0.0,0.0,0.0,0.0,0.0,0.0,0.0,0.0,0.0,0.0,0.0,0.0,0.0,0.0,0.0,0.0,0.0,0.0,0.0,0.0,0.0,0.0,0.0,0.0,0.0,0.0,0.0,0.0,0.0,0.0,0.0,0.0,0.0,Z,6
0.0,0.0,0.503401,0.127168,0.85034,0.346821,1.020408,0.560694,1.013605,0.757225,0.802721,1.0,1.170068,1.33526,1.408163,1.572254,1.544218,1.803468,0.428571,1.092486,0.782313,0.976879,0.768707,0.595376,0.646259,0.50289,0.095238,1.023121,0.414966,0.710983,0.394558,0.421965,0.272109,0.427746,-0.197279,0.867052,0.068027,0.578035,0.115646,0.375723,0.027211,0.404624,0.0,0.0,0.0,0.0,0.0,0.0,0.0,0.0,0.0,0.0,0.0,0.0,0.0,0.0,0.0,0.0,0.0,0.0,0.0,0.0,0.0,0.0,0.0,0.0,0.0,0.0,0.0,0.0,0.0,0.0,0.0,0.0,0.0,0.0,0.0,0.0,0.0,0.0,0.0,0.0,0.0,0.0,0.0,0.0,Z,6
0.0,0.0,0.465409,0.132948,0.786164,0.352601,0.861635,0.572254,0.880503,0.774566,0.704403,1.0,0.993711,1.32948,1.18239,1.572254,1.314465,1.786127,0.333333,1.063584,0.610063,0.890173,0.628931,0.572254,0.566038,0.462428,0.0,0.971098,0.27044,0.693642,0.295597,0.445087,0.232704,0.421965,-0.295597,0.791908,-0.069182,0.578035,0.006289,0.393064,-0.031447,0.375723,0.0,0.0,0.0,0.0,0.0,0.0,0.0,0.0,0.0,0.0,0.0,0.0,0.0,0.0,0.0,0.0,0.0,0.0,0.0,0.0,0.0,0.0,0.0,0.0,0.0,0.0,0.0,0.0,0.0,0.0,0.0,0.0,0.0,0.0,0.0,0.0,0.0,0.0,0.0,0.0,0.0,0.0,0.0,0.0,Z,6
0.0,0.0,0.5,0.245399,0.8375,0.711656,0.9625,1.159509,1.0,1.484663,0.46875,1.0,0.6625,1.404908,0.85,1.668712,0.9875,1.883436,0.075,1.018405,0.26875,0.92638,0.3375,0.638037,0.3375,0.515337,-0.2625,0.90184,-0.03125,0.662577,0.05625,0.460123,0.075,0.392638,-0.53125,0.736196,-0.33125,0.564417,-0.225,0.386503,-0.20625,0.337423,0.0,0.0,0.0,0.0,0.0,0.0,0.0,0.0,0.0,0.0,0.0,0.0,0.0,0.0,0.0,0.0,0.0,0.0,0.0,0.0,0.0,0.0,0.0,0.0,0.0,0.0,0.0,0.0,0.0,0.0,0.0,0.0,0.0,0.0,0.0,0.0,0.0,0.0,0.0,0.0,0.0,0.0,0.0,0.0,Z,6
0.0,0.0,0.511811,0.150838,0.905512,0.407821,0.968504,0.648045,0.80315,0.810056,0.448819,1.0,0.590551,1.134078,0.692913,0.877095,0.732283,0.75419,0.062992,0.96648,0.291339,0.994413,0.417323,0.715084,0.417323,0.625698,-0.267717,0.837989,-0.007874,0.810056,0.110236,0.581006,0.094488,0.497207,-0.551181,0.653631,-0.307087,0.636872,-0.181102,0.486034,-0.165354,0.424581,0.0,0.0,0.0,0.0,0.0,0.0,0.0,0.0,0.0,0.0,0.0,0.0,0.0,0.0,0.0,0.0,0.0,0.0,0.0,0.0,0.0,0.0,0.0,0.0,0.0,0.0,0.0,0.0,0.0,0.0,0.0,0.0,0.0,0.0,0.0,0.0,0.0,0.0,0.0,0.0,0.0,0.0,0.0,0.0,Z,6
0.0,0.0,0.324324,0.190476,0.581081,0.52381,0.364865,0.746032,0.027027,0.846561,0.121622,1.0,0.094595,1.407407,0.047297,1.666667,-0.027027,1.920635,-0.27027,0.952381,-0.391892,1.005291,-0.168919,0.624339,-0.060811,0.571429,-0.594595,0.830688,-0.648649,0.708995,-0.371622,0.407407,-0.243243,0.428571,-0.878378,0.666667,-0.878378,0.507937,-0.608108,0.31746,-0.486486,0.338624,0.0,0.0,0.0,0.0,0.0,0.0,0.0,0.0,0.0,0.0,0.0,0.0,0.0,0.0,0.0,0.0,0.0,0.0,0.0,0.0,0.0,0.0,0.0,0.0,0.0,0.0,0.0,0.0,0.0,0.0,0.0,0.0,0.0,0.0,0.0,0.0,0.0,0.0,0.0,0.0,0.0,0.0,0.0,0.0,Z,6
0.0,0.0,0.312925,0.18617,0.578231,0.515957,0.387755,0.75,0.040816,0.851064,0.129252,1.0,0.136054,1.388298,0.081633,1.648936,0.006803,1.904255,-0.258503,0.984043,-0.353741,0.952128,-0.156463,0.601064,-0.040816,0.558511,-0.578231,0.87234,-0.646259,0.68617,-0.401361,0.409574,-0.272109,0.420213,-0.870748,0.707447,-0.918367,0.531915,-0.693878,0.329787,-0.564626,0.329787,0.0,0.0,0.0,0.0,0.0,0.0,0.0,0.0,0.0,0.0,0.0,0.0,0.0,0.0,0.0,0.0,0.0,0.0,0.0,0.0,0.0,0.0,0.0,0.0,0.0,0.0,0.0,0.0,0.0,0.0,0.0,0.0,0.0,0.0,0.0,0.0,0.0,0.0,0.0,0.0,0.0,0.0,0.0,0.0,Z,6
0.0,0.0,0.304054,0.203209,0.540541,0.518717,0.358108,0.748663,0.094595,0.871658,0.094595,1.0,0.114865,1.363636,0.067568,1.631016,0.02027,1.86631,-0.304054,0.97861,-0.297297,0.925134,-0.121622,0.59893,0.02027,0.438503,-0.628378,0.839572,-0.574324,0.716578,-0.371622,0.449198,-0.222973,0.331551,-0.905405,0.636364,-0.939189,0.604278,-0.756757,0.433155,-0.608108,0.358289,0.0,0.0,0.0,0.0,0.0,0.0,0.0,0.0,0.0,0.0,0.0,0.0,0.0,0.0,0.0,0.0,0.0,0.0,0.0,0.0,0.0,0.0,0.0,0.0,0.0,0.0,0.0,0.0,0.0,0.0,0.0,0.0,0.0,0.0,0.0,0.0,0.0,0.0,0.0,0.0,0.0,0.0,0.0,0.0,Z,6
0.0,0.0,0.41791,0.240223,0.723881,0.558659,0.574627,0.810056,0.246269,0.882682,0.141791,1.0,-0.044776,1.078212,0.067164,0.832402,0.216418,0.614525,-0.246269,0.916201,-0.455224,0.96648,-0.350746,0.782123,-0.19403,0.625698,-0.574627,0.77095,-0.768657,0.849162,-0.656716,0.709497,-0.5,0.564246,-0.858209,0.586592,-1.037313,0.698324,-0.925373,0.581006,-0.776119,0.47486,0.0,0.0,0.0,0.0,0.0,0.0,0.0,0.0,0.0,0.0,0.0,0.0,0.0,0.0,0.0,0.0,0.0,0.0,0.0,0.0,0.0,0.0,0.0,0.0,0.0,0.0,0.0,0.0,0.0,0.0,0.0,0.0,0.0,0.0,0.0,0.0,0.0,0.0,0.0,0.0,0.0,0.0,0.0,0.0,Z,6
0.0,0.0,0.408451,0.178771,0.71831,0.480447,0.669014,0.703911,0.366197,0.77095,0.267606,1.0,0.387324,0.921788,0.478873,0.659218,0.542254,0.49162,-0.126761,0.96648,0.070423,0.765363,0.225352,0.502793,0.338028,0.363128,-0.457746,0.832402,-0.260563,0.636872,-0.098592,0.396648,0.007042,0.256983,-0.732394,0.659218,-0.65493,0.547486,-0.521127,0.385475,-0.429577,0.301676,0.0,0.0,0.0,0.0,0.0,0.0,0.0,0.0,0.0,0.0,0.0,0.0,0.0,0.0,0.0,0.0,0.0,0.0,0.0,0.0,0.0,0.0,0.0,0.0,0.0,0.0,0.0,0.0,0.0,0.0,0.0,0.0,0.0,0.0,0.0,0.0,0.0,0.0,0.0,0.0,0.0,0.0,0.0,0.0,Z,6
0.0,0.0,0.438462,0.17801,0.784615,0.418848,0.915385,0.602094,0.869231,0.722513,0.392308,1.0,0.676923,0.848168,0.876923,0.602094,0.969231,0.486911,0.0,0.947644,0.423077,0.659686,0.646154,0.408377,0.723077,0.350785,-0.338462,0.790576,0.1,0.465969,0.276923,0.246073,0.292308,0.209424,-0.607692,0.581152,-0.253846,0.298429,-0.1,0.146597,-0.1,0.136126,0.0,0.0,0.0,0.0,0.0,0.0,0.0,0.0,0.0,0.0,0.0,0.0,0.0,0.0,0.0,0.0,0.0,0.0,0.0,0.0,0.0,0.0,0.0,0.0,0.0,0.0,0.0,0.0,0.0,0.0,0.0,0.0,0.0,0.0,0.0,0.0,0.0,0.0,0.0,0.0,0.0,0.0,0.0,0.0,Z,6
0.0,0.0,0.45,0.0875,0.864286,0.2375,1.121429,0.3375,1.292857,0.45,0.8,1.0,1.092857,1.1375,1.314286,1.26875,1.507143,1.3875,0.435714,1.0875,0.892857,0.6375,0.85,0.3375,0.735714,0.35625,0.107143,0.9875,0.557143,0.41875,0.485714,0.2125,0.371429,0.3,-0.2,0.8,0.15,0.325,0.128571,0.13125,0.035714,0.15625,0.0,0.0,0.0,0.0,0.0,0.0,0.0,0.0,0.0,0.0,0.0,0.0,0.0,0.0,0.0,0.0,0.0,0.0,0.0,0.0,0.0,0.0,0.0,0.0,0.0,0.0,0.0,0.0,0.0,0.0,0.0,0.0,0.0,0.0,0.0,0.0,0.0,0.0,0.0,0.0,0.0,0.0,0.0,0.0,Z,6
0.0,0.0,0.421053,0.154412,0.769737,0.242647,0.993421,0.279412,1.230263,0.316176,0.868421,1.0,1.296053,1.139706,1.611842,1.264706,1.875,1.389706,0.506579,1.088235,0.907895,0.551471,0.967105,0.227941,0.934211,0.169118,0.164474,0.933824,0.565789,0.242647,0.618421,0.044118,0.578947,0.125,-0.131579,0.661765,0.184211,0.132353,0.230263,0.0,0.184211,0.088235,0.0,0.0,0.0,0.0,0.0,0.0,0.0,0.0,0.0,0.0,0.0,0.0,0.0,0.0,0.0,0.0,0.0,0.0,0.0,0.0,0.0,0.0,0.0,0.0,0.0,0.0,0.0,0.0,0.0,0.0,0.0,0.0,0.0,0.0,0.0,0.0,0.0,0.0,0.0,0.0,0.0,0.0,0.0,0.0,Z,6
0.0,0.0,0.559441,0.198347,1.0,0.322314,1.300699,0.305785,1.412587,0.173554,1.034965,1.0,1.524476,1.07438,1.881119,1.181818,2.160839,1.347107,0.692308,1.082645,1.132867,0.380165,1.048951,0.008264,0.895105,0.0,0.342657,0.900826,0.741259,0.099174,0.685315,-0.107438,0.559441,0.041322,0.034965,0.61157,0.363636,0.016529,0.363636,-0.132231,0.251748,0.0,0.0,0.0,0.0,0.0,0.0,0.0,0.0,0.0,0.0,0.0,0.0,0.0,0.0,0.0,0.0,0.0,0.0,0.0,0.0,0.0,0.0,0.0,0.0,0.0,0.0,0.0,0.0,0.0,0.0,0.0,0.0,0.0,0.0,0.0,0.0,0.0,0.0,0.0,0.0,0.0,0.0,0.0,0.0,0.0,Z,6
0.0,0.0,0.559441,0.185841,0.979021,0.292035,1.286713,0.274336,1.405594,0.176991,1.062937,1.0,1.545455,1.088496,1.923077,1.212389,2.20979,1.380531,0.713287,1.088496,1.13986,0.362832,1.034965,-0.053097,0.881119,-0.061947,0.363636,0.902655,0.755245,0.044248,0.678322,-0.19469,0.545455,-0.026549,0.062937,0.619469,0.370629,-0.053097,0.356643,-0.212389,0.244755,-0.044248,0.0,0.0,0.0,0.0,0.0,0.0,0.0,0.0,0.0,0.0,0.0,0.0,0.0,0.0,0.0,0.0,0.0,0.0,0.0,0.0,0.0,0.0,0.0,0.0,0.0,0.0,0.0,0.0,0.0,0.0,0.0,0.0,0.0,0.0,0.0,0.0,0.0,0.0,0.0,0.0,0.0,0.0,0.0,0.0,Z,6
0.0,0.0,0.520833,0.196581,0.909722,0.316239,1.1875,0.290598,1.395833,0.222222,1.006944,1.0,1.506944,1.068376,1.868056,1.179487,2.145833,1.350427,0.652778,1.059829,1.090278,0.34188,1.006944,-0.017094,0.881944,-0.008547,0.3125,0.854701,0.708333,0.042735,0.652778,-0.153846,0.534722,0.017094,0.006944,0.564103,0.319444,-0.042735,0.3125,-0.188034,0.208333,-0.034188,0.0,0.0,0.0,0.0,0.0,0.0,0.0,0.0,0.0,0.0,0.0,0.0,0.0,0.0,0.0,0.0,0.0,0.0,0.0,0.0,0.0,0.0,0.0,0.0,0.0,0.0,0.0,0.0,0.0,0.0,0.0,0.0,0.0,0.0,0.0,0.0,0.0,0.0,0.0,0.0,0.0,0.0,0.0,0.0,Z,6
0.0,0.0,0.493151,0.082645,0.849315,0.190083,1.061644,0.256198,1.267123,0.330579,0.958904,1.0,1.445205,1.115702,1.773973,1.247934,2.027397,1.413223,0.59589,1.07438,0.856164,0.545455,0.863014,0.247934,0.815068,0.198347,0.253425,0.892562,0.541096,0.132231,0.568493,0.0,0.513699,0.140496,-0.041096,0.586777,0.239726,-0.024793,0.260274,-0.115702,0.184932,0.041322,0.0,0.0,0.0,0.0,0.0,0.0,0.0,0.0,0.0,0.0,0.0,0.0,0.0,0.0,0.0,0.0,0.0,0.0,0.0,0.0,0.0,0.0,0.0,0.0,0.0,0.0,0.0,0.0,0.0,0.0,0.0,0.0,0.0,0.0,0.0,0.0,0.0,0.0,0.0,0.0,0.0,0.0,0.0,0.0,Z,6
0.0,0.0,0.579365,0.081081,0.992063,0.189189,1.214286,0.261261,1.428571,0.333333,1.055556,1.0,1.579365,1.216216,1.896825,1.351351,2.150794,1.522523,0.690476,1.081081,1.103175,0.801802,1.253968,0.567568,1.31746,0.522523,0.34127,0.936937,0.738095,0.27027,0.833333,0.081081,0.825397,0.144144,0.055556,0.666667,0.428571,0.135135,0.52381,-0.018018,0.515873,0.045045,0.0,0.0,0.0,0.0,0.0,0.0,0.0,0.0,0.0,0.0,0.0,0.0,0.0,0.0,0.0,0.0,0.0,0.0,0.0,0.0,0.0,0.0,0.0,0.0,0.0,0.0,0.0,0.0,0.0,0.0,0.0,0.0,0.0,0.0,0.0,0.0,0.0,0.0,0.0,0.0,0.0,0.0,0.0,0.0,Z,6
0.0,0.0,0.36036,0.035714,0.783784,0.3125,0.981982,0.598214,0.981982,0.919643,0.738739,1.0,0.954955,1.392857,1.117117,1.660714,1.207207,1.946429,0.432432,1.116071,0.720721,1.241071,0.621622,0.767857,0.540541,0.651786,0.108108,1.098214,0.36036,1.098214,0.297297,0.625,0.198198,0.5625,-0.261261,1.008929,-0.018018,0.946429,0.018018,0.598214,-0.045045,0.535714,0.0,0.0,0.0,0.0,0.0,0.0,0.0,0.0,0.0,0.0,0.0,0.0,0.0,0.0,0.0,0.0,0.0,0.0,0.0,0.0,0.0,0.0,0.0,0.0,0.0,0.0,0.0,0.0,0.0,0.0,0.0,0.0,0.0,0.0,0.0,0.0,0.0,0.0,0.0,0.0,0.0,0.0,0.0,0.0,Z,7
0.0,0.0,0.513761,0.100775,0.93578,0.348837,1.146789,0.620155,1.183486,0.860465,0.862385,1.0,1.183486,1.325581,1.366972,1.565891,1.477064,1.790698,0.513761,1.093023,0.908257,1.186047,0.834862,0.751938,0.688073,0.627907,0.183486,1.077519,0.53211,1.007752,0.458716,0.620155,0.302752,0.581395,-0.137615,0.976744,0.174312,0.883721,0.174312,0.604651,0.055046,0.573643,0.0,0.0,0.0,0.0,0.0,0.0,0.0,0.0,0.0,0.0,0.0,0.0,0.0,0.0,0.0,0.0,0.0,0.0,0.0,0.0,0.0,0.0,0.0,0.0,0.0,0.0,0.0,0.0,0.0,0.0,0.0,0.0,0.0,0.0,0.0,0.0,0.0,0.0,0.0,0.0,0.0,0.0,0.0,0.0,Z,7
0.0,0.0,0.486726,0.093023,0.911504,0.356589,1.106195,0.658915,1.123894,0.914729,0.858407,1.0,1.159292,1.333333,1.327434,1.565891,1.424779,1.790698,0.504425,1.100775,0.849558,1.178295,0.769912,0.736434,0.637168,0.666667,0.176991,1.085271,0.486726,1.007752,0.424779,0.612403,0.283186,0.612403,-0.141593,0.992248,0.141593,0.899225,0.168142,0.620155,0.044248,0.604651,0.0,0.0,0.0,0.0,0.0,0.0,0.0,0.0,0.0,0.0,0.0,0.0,0.0,0.0,0.0,0.0,0.0,0.0,0.0,0.0,0.0,0.0,0.0,0.0,0.0,0.0,0.0,0.0,0.0,0.0,0.0,0.0,0.0,0.0,0.0,0.0,0.0,0.0,0.0,0.0,0.0,0.0,0.0,0.0,Z,7
0.0,0.0,0.365385,-0.036036,0.855769,0.27027,1.057692,0.594595,1.076923,0.900901,0.653846,1.0,0.865385,1.225225,0.884615,0.981982,0.836538,0.855856,0.336538,1.054054,0.548077,1.207207,0.528846,0.783784,0.442308,0.63964,0.009615,1.009009,0.192308,1.09009,0.211538,0.693694,0.144231,0.567568,-0.346154,0.900901,-0.163462,0.954955,-0.086538,0.657658,-0.115385,0.531532,-0.125,0.1171171171171171,0.0,0.0,0.486486,0.070866,0.90991,0.362205,1.072072,0.645669,1.081081,0.88189,0.828829,1.0,1.117117,1.362205,1.288288,1.598425,1.396396,1.818898,0.486486,1.07874,0.792793,1.173228,0.774775,0.779528,0.666667,0.637795,0.162162,1.055118,0.423423,1.007874,0.396396,0.637795,0.288288,0.582677,-0.171171,0.968504,0.072072,0.913386,0.108108,0.637795,0.036036,0.582677,Z,7
0.0,0.0,0.55914,0.174242,1.075269,0.5,1.150538,0.833333,0.935484,1.030303,0.645161,1.0,0.763441,1.265152,0.806452,0.984848,0.795699,0.878788,0.322581,0.992424,0.44086,1.181818,0.526882,0.863636,0.473118,0.795455,0.0,0.939394,0.107527,1.098485,0.204301,0.80303,0.182796,0.719697,-0.354839,0.840909,-0.225806,0.977273,-0.11828,0.780303,-0.129032,0.681818,0.0,0.0,0.0,0.0,0.0,0.0,0.0,0.0,0.0,0.0,0.0,0.0,0.0,0.0,0.0,0.0,0.0,0.0,0.0,0.0,0.0,0.0,0.0,0.0,0.0,0.0,0.0,0.0,0.0,0.0,0.0,0.0,0.0,0.0,0.0,0.0,0.0,0.0,0.0,0.0,0.0,0.0,0.0,0.0,Z,7
0.0,0.0,0.320755,0.182432,0.537736,0.506757,0.415094,0.817568,0.122642,1.006757,0.207547,1.0,0.198113,1.344595,0.122642,1.601351,0.028302,1.804054,-0.169811,0.932432,-0.283019,1.182432,-0.122642,0.851351,-0.018868,0.689189,-0.481132,0.804054,-0.59434,0.959459,-0.367925,0.682432,-0.273585,0.567568,-0.792453,0.621622,-0.867925,0.77027,-0.641509,0.581081,-0.528302,0.486486,0.0,0.0,0.0,0.0,0.0,0.0,0.0,0.0,0.0,0.0,0.0,0.0,0.0,0.0,0.0,0.0,0.0,0.0,0.0,0.0,0.0,0.0,0.0,0.0,0.0,0.0,0.0,0.0,0.0,0.0,0.0,0.0,0.0,0.0,0.0,0.0,0.0,0.0,0.0,0.0,0.0,0.0,0.0,0.0,Z,7
0.0,0.0,0.333333,0.240506,0.533333,0.550633,0.4,0.816456,0.085714,0.968354,0.171429,1.0,0.104762,1.348101,0.009524,1.588608,-0.104762,1.78481,-0.2,0.936709,-0.304762,1.164557,-0.114286,0.860759,0.009524,0.696203,-0.52381,0.810127,-0.619048,0.962025,-0.380952,0.689873,-0.266667,0.56962,-0.828571,0.632911,-0.904762,0.778481,-0.666667,0.601266,-0.552381,0.493671,0.0,0.0,0.0,0.0,0.0,0.0,0.0,0.0,0.0,0.0,0.0,0.0,0.0,0.0,0.0,0.0,0.0,0.0,0.0,0.0,0.0,0.0,0.0,0.0,0.0,0.0,0.0,0.0,0.0,0.0,0.0,0.0,0.0,0.0,0.0,0.0,0.0,0.0,0.0,0.0,0.0,0.0,0.0,0.0,Z,7
0.0,0.0,0.341667,0.210884,0.6,0.52381,0.525,0.809524,0.25,0.952381,0.266667,1.0,0.266667,1.414966,0.175,1.659864,0.091667,1.836735,-0.091667,0.972789,-0.1,1.034014,0.008333,0.714286,0.091667,0.571429,-0.416667,0.877551,-0.433333,0.918367,-0.3,0.646259,-0.2,0.47619,-0.733333,0.741497,-0.791667,0.829932,-0.625,0.632653,-0.5,0.482993,0.0,0.0,0.0,0.0,0.0,0.0,0.0,0.0,0.0,0.0,0.0,0.0,0.0,0.0,0.0,0.0,0.0,0.0,0.0,0.0,0.0,0.0,0.0,0.0,0.0,0.0,0.0,0.0,0.0,0.0,0.0,0.0,0.0,0.0,0.0,0.0,0.0,0.0,0.0,0.0,0.0,0.0,0.0,0.0,Z,7
0.0,0.0,0.429907,0.10596,0.775701,0.304636,0.934579,0.470199,1.0,0.596026,0.485981,1.0,0.747664,0.84106,0.738318,0.556291,0.682243,0.483444,0.121495,0.993377,0.485981,0.748344,0.514019,0.456954,0.476636,0.403974,-0.224299,0.900662,0.17757,0.622517,0.233645,0.350993,0.196262,0.298013,-0.514019,0.748344,-0.196262,0.536424,-0.093458,0.331126,-0.074766,0.271523,0.0,0.0,0.0,0.0,0.0,0.0,0.0,0.0,0.0,0.0,0.0,0.0,0.0,0.0,0.0,0.0,0.0,0.0,0.0,0.0,0.0,0.0,0.0,0.0,0.0,0.0,0.0,0.0,0.0,0.0,0.0,0.0,0.0,0.0,0.0,0.0,0.0,0.0,0.0,0.0,0.0,0.0,0.0,0.0,Z,7
0.0,0.0,0.453782,0.094488,0.823529,0.259843,1.0,0.480315,0.94958,0.685039,0.756303,1.0,1.092437,1.149606,1.310924,1.307087,1.470588,1.456693,0.411765,1.141732,0.714286,0.866142,0.638655,0.472441,0.529412,0.393701,0.07563,1.07874,0.361345,0.700787,0.327731,0.385827,0.260504,0.377953,-0.243697,0.913386,-0.008403,0.598425,0.042017,0.354331,0.02521,0.346457,0.0,0.0,0.0,0.0,0.0,0.0,0.0,0.0,0.0,0.0,0.0,0.0,0.0,0.0,0.0,0.0,0.0,0.0,0.0,0.0,0.0,0.0,0.0,0.0,0.0,0.0,0.0,0.0,0.0,0.0,0.0,0.0,0.0,0.0,0.0,0.0,0.0,0.0,0.0,0.0,0.0,0.0,0.0,0.0,Z,7
0.0,0.0,0.446281,0.075,0.859504,0.275,1.041322,0.533333,0.942149,0.7,0.710744,1.0,1.057851,1.125,1.297521,1.258333,1.487603,1.4,0.363636,1.125,0.61157,0.816667,0.578512,0.475,0.487603,0.375,0.024793,1.041667,0.264463,0.641667,0.239669,0.391667,0.173554,0.383333,-0.289256,0.858333,-0.099174,0.525,-0.041322,0.333333,-0.057851,0.333333,0.0,0.0,0.0,0.0,0.0,0.0,0.0,0.0,0.0,0.0,0.0,0.0,0.0,0.0,0.0,0.0,0.0,0.0,0.0,0.0,0.0,0.0,0.0,0.0,0.0,0.0,0.0,0.0,0.0,0.0,0.0,0.0,0.0,0.0,0.0,0.0,0.0,0.0,0.0,0.0,0.0,0.0,0.0,0.0,Z,7
0.0,0.0,0.575,0.328467,0.6625,0.824818,0.2625,1.218978,-0.2375,1.335766,-0.375,1.0,-0.1,1.291971,0.125,1.036496,0.175,0.832117,-0.825,0.927007,-0.45,1.094891,-0.2125,0.832117,-0.1625,0.678832,-1.1375,0.839416,-0.75,0.963504,-0.525,0.744526,-0.45,0.583942,-1.375,0.751825,-1.125,0.890511,-0.9,0.744526,-0.775,0.627737,0.0,0.0,0.0,0.0,0.0,0.0,0.0,0.0,0.0,0.0,0.0,0.0,0.0,0.0,0.0,0.0,0.0,0.0,0.0,0.0,0.0,0.0,0.0,0.0,0.0,0.0,0.0,0.0,0.0,0.0,0.0,0.0,0.0,0.0,0.0,0.0,0.0,0.0,0.0,0.0,0.0,0.0,0.0,0.0,Z,7
0.0,0.0,0.265487,0.183673,0.389381,0.482993,0.132743,0.666667,-0.212389,0.727891,0.00885,1.0,-0.141593,1.129252,-0.309735,1.258503,-0.460177,1.428571,-0.380531,0.986395,-0.628319,0.809524,-0.40708,0.482993,-0.230088,0.469388,-0.716814,0.863946,-0.929204,0.666667,-0.681416,0.394558,-0.495575,0.408163,-0.99115,0.680272,-1.132743,0.530612,-0.902655,0.360544,-0.716814,0.367347,0.0,0.0,0.0,0.0,0.0,0.0,0.0,0.0,0.0,0.0,0.0,0.0,0.0,0.0,0.0,0.0,0.0,0.0,0.0,0.0,0.0,0.0,0.0,0.0,0.0,0.0,0.0,0.0,0.0,0.0,0.0,0.0,0.0,0.0,0.0,0.0,0.0,0.0,0.0,0.0,0.0,0.0,0.0,0.0,Z,7
0.0,0.0,0.276786,0.165517,0.419643,0.441379,0.142857,0.634483,-0.241071,0.724138,0.008929,1.0,-0.142857,1.096552,-0.3125,1.213793,-0.482143,1.372414,-0.392857,0.972414,-0.642857,0.806897,-0.392857,0.462069,-0.241071,0.489655,-0.714286,0.862069,-0.946429,0.648276,-0.669643,0.372414,-0.508929,0.427586,-0.991071,0.682759,-1.142857,0.503448,-0.883929,0.337931,-0.723214,0.365517,0.0,0.0,0.0,0.0,0.0,0.0,0.0,0.0,0.0,0.0,0.0,0.0,0.0,0.0,0.0,0.0,0.0,0.0,0.0,0.0,0.0,0.0,0.0,0.0,0.0,0.0,0.0,0.0,0.0,0.0,0.0,0.0,0.0,0.0,0.0,0.0,0.0,0.0,0.0,0.0,0.0,0.0,0.0,0.0,Z,7
0.0,0.0,0.264957,0.178082,0.418803,0.438356,0.17094,0.636986,-0.205128,0.705479,0.025641,1.0,-0.111111,1.082192,-0.282051,1.191781,-0.444444,1.335616,-0.367521,0.979452,-0.589744,0.787671,-0.358974,0.458904,-0.205128,0.479452,-0.692308,0.863014,-0.888889,0.636986,-0.623932,0.376712,-0.478632,0.417808,-0.974359,0.684932,-1.08547,0.5,-0.837607,0.328767,-0.692308,0.356164,0.0,0.0,0.0,0.0,0.0,0.0,0.0,0.0,0.0,0.0,0.0,0.0,0.0,0.0,0.0,0.0,0.0,0.0,0.0,0.0,0.0,0.0,0.0,0.0,0.0,0.0,0.0,0.0,0.0,0.0,0.0,0.0,0.0,0.0,0.0,0.0,0.0,0.0,0.0,0.0,0.0,0.0,0.0,0.0,Z,7
0.0,0.0,0.298246,0.180556,0.45614,0.479167,0.149123,0.659722,-0.245614,0.694444,0.017544,1.0,-0.140351,1.076389,-0.315789,1.180556,-0.482456,1.326389,-0.385965,0.986111,-0.622807,0.729167,-0.403509,0.423611,-0.22807,0.409722,-0.710526,0.868056,-0.903509,0.583333,-0.649123,0.333333,-0.482456,0.361111,-0.982456,0.673611,-1.087719,0.472222,-0.842105,0.298611,-0.666667,0.319444,0.0,0.0,0.0,0.0,0.0,0.0,0.0,0.0,0.0,0.0,0.0,0.0,0.0,0.0,0.0,0.0,0.0,0.0,0.0,0.0,0.0,0.0,0.0,0.0,0.0,0.0,0.0,0.0,0.0,0.0,0.0,0.0,0.0,0.0,0.0,0.0,0.0,0.0,0.0,0.0,0.0,0.0,0.0,0.0,Z,7
0.0,0.0,0.278261,0.164384,0.426087,0.431507,0.147826,0.623288,-0.217391,0.69863,0.026087,1.0,-0.121739,1.041096,-0.278261,1.130137,-0.443478,1.267123,-0.382609,0.986301,-0.608696,0.739726,-0.382609,0.40411,-0.226087,0.438356,-0.713043,0.869863,-0.904348,0.609589,-0.652174,0.335616,-0.486957,0.376712,-0.973913,0.691781,-1.095652,0.493151,-0.869565,0.315068,-0.686957,0.335616,0.0,0.0,0.0,0.0,0.0,0.0,0.0,0.0,0.0,0.0,0.0,0.0,0.0,0.0,0.0,0.0,0.0,0.0,0.0,0.0,0.0,0.0,0.0,0.0,0.0,0.0,0.0,0.0,0.0,0.0,0.0,0.0,0.0,0.0,0.0,0.0,0.0,0.0,0.0,0.0,0.0,0.0,0.0,0.0,Z,7
0.0,0.0,0.263158,0.181818,0.403509,0.454545,0.114035,0.636364,-0.254386,0.692308,-0.017544,1.0,-0.166667,1.076923,-0.350877,1.174825,-0.535088,1.293706,-0.429825,0.972028,-0.649123,0.783217,-0.412281,0.440559,-0.254386,0.447552,-0.754386,0.853147,-0.947368,0.629371,-0.684211,0.363636,-0.508772,0.391608,-1.017544,0.664336,-1.149123,0.503497,-0.903509,0.328671,-0.72807,0.34965,0.0,0.0,0.0,0.0,0.0,0.0,0.0,0.0,0.0,0.0,0.0,0.0,0.0,0.0,0.0,0.0,0.0,0.0,0.0,0.0,0.0,0.0,0.0,0.0,0.0,0.0,0.0,0.0,0.0,0.0,0.0,0.0,0.0,0.0,0.0,0.0,0.0,0.0,0.0,0.0,0.0,0.0,0.0,0.0,Z,7
0.0,0.0,0.264957,0.168919,0.384615,0.425676,0.119658,0.621622,-0.247863,0.695946,0.025641,1.0,-0.136752,1.027027,-0.307692,1.108108,-0.470085,1.22973,-0.384615,0.959459,-0.615385,0.777027,-0.384615,0.432432,-0.230769,0.459459,-0.709402,0.844595,-0.91453,0.621622,-0.666667,0.351351,-0.504274,0.391892,-0.974359,0.668919,-1.094017,0.493243,-0.871795,0.324324,-0.709402,0.351351,0.0,0.0,0.0,0.0,0.0,0.0,0.0,0.0,0.0,0.0,0.0,0.0,0.0,0.0,0.0,0.0,0.0,0.0,0.0,0.0,0.0,0.0,0.0,0.0,0.0,0.0,0.0,0.0,0.0,0.0,0.0,0.0,0.0,0.0,0.0,0.0,0.0,0.0,0.0,0.0,0.0,0.0,0.0,0.0,Z,7
0.0,0.0,0.281818,0.188811,0.409091,0.482517,0.118182,0.678322,-0.272727,0.727273,-0.009091,1.0,-0.172727,1.055944,-0.345455,1.13986,-0.518182,1.265734,-0.427273,0.958042,-0.681818,0.811189,-0.463636,0.475524,-0.290909,0.468531,-0.754545,0.839161,-0.990909,0.65035,-0.736364,0.377622,-0.545455,0.391608,-1.009091,0.657343,-1.172727,0.517483,-0.945455,0.335664,-0.745455,0.342657,0.0,0.0,0.0,0.0,0.0,0.0,0.0,0.0,0.0,0.0,0.0,0.0,0.0,0.0,0.0,0.0,0.0,0.0,0.0,0.0,0.0,0.0,0.0,0.0,0.0,0.0,0.0,0.0,0.0,0.0,0.0,0.0,0.0,0.0,0.0,0.0,0.0,0.0,0.0,0.0,0.0,0.0,0.0,0.0,Z,7
0.0,0.0,0.279279,0.17931,0.414414,0.462069,0.126126,0.668966,-0.252252,0.737931,0.018018,1.0,-0.153153,1.041379,-0.297297,1.117241,-0.441441,1.234483,-0.396396,0.958621,-0.648649,0.841379,-0.432432,0.496552,-0.27027,0.510345,-0.720721,0.841379,-0.972973,0.682759,-0.720721,0.4,-0.540541,0.42069,-0.981982,0.655172,-1.162162,0.531034,-0.927928,0.358621,-0.756757,0.365517,0.0,0.0,0.0,0.0,0.0,0.0,0.0,0.0,0.0,0.0,0.0,0.0,0.0,0.0,0.0,0.0,0.0,0.0,0.0,0.0,0.0,0.0,0.0,0.0,0.0,0.0,0.0,0.0,0.0,0.0,0.0,0.0,0.0,0.0,0.0,0.0,0.0,0.0,0.0,0.0,0.0,0.0,0.0,0.0,Z,7
0.0,0.0,0.256637,0.182432,0.39823,0.452703,0.141593,0.668919,-0.238938,0.756757,0.035398,1.0,-0.123894,1.033784,-0.265487,1.101351,-0.415929,1.216216,-0.362832,0.959459,-0.619469,0.824324,-0.389381,0.47973,-0.247788,0.527027,-0.690265,0.844595,-0.938053,0.675676,-0.681416,0.398649,-0.522124,0.439189,-0.964602,0.682432,-1.123894,0.533784,-0.893805,0.364865,-0.725664,0.385135,0.0,0.0,0.0,0.0,0.0,0.0,0.0,0.0,0.0,0.0,0.0,0.0,0.0,0.0,0.0,0.0,0.0,0.0,0.0,0.0,0.0,0.0,0.0,0.0,0.0,0.0,0.0,0.0,0.0,0.0,0.0,0.0,0.0,0.0,0.0,0.0,0.0,0.0,0.0,0.0,0.0,0.0,0.0,0.0,Z,7
0.0,0.0,0.276786,0.180556,0.419643,0.465278,0.125,0.6875,-0.276786,0.75,0.035714,1.0,-0.133929,1.048611,-0.294643,1.118056,-0.446429,1.229167,-0.366071,0.965278,-0.616071,0.854167,-0.392857,0.506944,-0.232143,0.534722,-0.6875,0.854167,-0.9375,0.701389,-0.696429,0.423611,-0.526786,0.444444,-0.964286,0.673611,-1.133929,0.555556,-0.919643,0.381944,-0.75,0.395833,0.0,0.0,0.0,0.0,0.0,0.0,0.0,0.0,0.0,0.0,0.0,0.0,0.0,0.0,0.0,0.0,0.0,0.0,0.0,0.0,0.0,0.0,0.0,0.0,0.0,0.0,0.0,0.0,0.0,0.0,0.0,0.0,0.0,0.0,0.0,0.0,0.0,0.0,0.0,0.0,0.0,0.0,0.0,0.0,Z,7
0.0,0.0,0.256637,0.176871,0.389381,0.44898,0.123894,0.659864,-0.256637,0.727891,0.017699,1.0,-0.132743,1.020408,-0.265487,1.07483,-0.40708,1.190476,-0.389381,0.938776,-0.637168,0.823129,-0.39823,0.482993,-0.247788,0.517007,-0.707965,0.816327,-0.964602,0.666667,-0.699115,0.387755,-0.530973,0.421769,-0.982301,0.639456,-1.141593,0.517007,-0.911504,0.346939,-0.734513,0.360544,0.0,0.0,0.0,0.0,0.0,0.0,0.0,0.0,0.0,0.0,0.0,0.0,0.0,0.0,0.0,0.0,0.0,0.0,0.0,0.0,0.0,0.0,0.0,0.0,0.0,0.0,0.0,0.0,0.0,0.0,0.0,0.0,0.0,0.0,0.0,0.0,0.0,0.0,0.0,0.0,0.0,0.0,0.0,0.0,Z,7
0.0,0.0,0.256637,0.195946,0.353982,0.466216,0.079646,0.655405,-0.300885,0.702703,-0.017699,1.0,-0.176991,1.0,-0.309735,1.040541,-0.433628,1.128378,-0.433628,0.945946,-0.672566,0.817568,-0.460177,0.47973,-0.309735,0.493243,-0.761062,0.810811,-0.99115,0.648649,-0.743363,0.385135,-0.584071,0.405405,-1.017699,0.621622,-1.168142,0.493243,-0.946903,0.331081,-0.778761,0.351351,0.0,0.0,0.0,0.0,0.0,0.0,0.0,0.0,0.0,0.0,0.0,0.0,0.0,0.0,0.0,0.0,0.0,0.0,0.0,0.0,0.0,0.0,0.0,0.0,0.0,0.0,0.0,0.0,0.0,0.0,0.0,0.0,0.0,0.0,0.0,0.0,0.0,0.0,0.0,0.0,0.0,0.0,0.0,0.0,Z,7
0.0,0.0,0.281818,0.195946,0.4,0.47973,0.081818,0.675676,-0.318182,0.736486,0.009091,1.0,-0.181818,1.027027,-0.3,1.054054,-0.427273,1.135135,-0.409091,0.932432,-0.672727,0.844595,-0.445455,0.506757,-0.3,0.540541,-0.727273,0.804054,-1.009091,0.682432,-0.754545,0.412162,-0.572727,0.432432,-0.990909,0.621622,-1.190909,0.52027,-0.972727,0.358108,-0.781818,0.371622,0.0,0.0,0.0,0.0,0.0,0.0,0.0,0.0,0.0,0.0,0.0,0.0,0.0,0.0,0.0,0.0,0.0,0.0,0.0,0.0,0.0,0.0,0.0,0.0,0.0,0.0,0.0,0.0,0.0,0.0,0.0,0.0,0.0,0.0,0.0,0.0,0.0,0.0,0.0,0.0,0.0,0.0,0.0,0.0,Z,7
0.0,0.0,0.265487,0.175325,0.40708,0.441558,0.115044,0.636364,-0.309735,0.694805,0.017699,1.0,-0.159292,0.987013,-0.247788,1.0,-0.353982,1.090909,-0.389381,0.935065,-0.637168,0.792208,-0.380531,0.474026,-0.247788,0.545455,-0.707965,0.811688,-0.964602,0.649351,-0.699115,0.38961,-0.557522,0.441558,-0.982301,0.649351,-1.141593,0.506494,-0.920354,0.350649,-0.769912,0.38961,0.0,0.0,0.0,0.0,0.0,0.0,0.0,0.0,0.0,0.0,0.0,0.0,0.0,0.0,0.0,0.0,0.0,0.0,0.0,0.0,0.0,0.0,0.0,0.0,0.0,0.0,0.0,0.0,0.0,0.0,0.0,0.0,0.0,0.0,0.0,0.0,0.0,0.0,0.0,0.0,0.0,0.0,0.0,0.0,Z,7
0.0,0.0,0.315789,0.05303,0.675439,0.310606,0.850877,0.583333,0.859649,0.856061,0.473684,1.0,0.72807,1.356061,0.95614,1.606061,1.105263,1.848485,0.122807,1.060606,0.526316,1.068182,0.517544,0.606061,0.394737,0.522727,-0.201754,0.969697,0.184211,0.886364,0.22807,0.484848,0.114035,0.424242,-0.526316,0.795455,-0.192982,0.712121,-0.070175,0.401515,-0.131579,0.333333,0.0,0.0,0.0,0.0,0.0,0.0,0.0,0.0,0.0,0.0,0.0,0.0,0.0,0.0,0.0,0.0,0.0,0.0,0.0,0.0,0.0,0.0,0.0,0.0,0.0,0.0,0.0,0.0,0.0,0.0,0.0,0.0,0.0,0.0,0.0,0.0,0.0,0.0,0.0,0.0,0.0,0.0,0.0,0.0,Z,8
0.0,0.0,0.458333,0.112583,0.825,0.337748,1.008333,0.569536,1.016667,0.801325,0.675,1.0,0.966667,1.344371,1.175,1.589404,1.3,1.794702,0.3,1.039735,0.708333,1.099338,0.725,0.675497,0.616667,0.556291,-0.025,0.966887,0.375,0.887417,0.391667,0.529801,0.275,0.476821,-0.325,0.807947,0.025,0.715232,0.1,0.456954,0.025,0.417219,0.0,0.0,0.0,0.0,0.0,0.0,0.0,0.0,0.0,0.0,0.0,0.0,0.0,0.0,0.0,0.0,0.0,0.0,0.0,0.0,0.0,0.0,0.0,0.0,0.0,0.0,0.0,0.0,0.0,0.0,0.0,0.0,0.0,0.0,0.0,0.0,0.0,0.0,0.0,0.0,0.0,0.0,0.0,0.0,Z,8
0.0,0.0,0.459677,0.135484,0.830645,0.354839,1.008065,0.580645,0.975806,0.8,0.669355,1.0,0.959677,1.335484,1.16129,1.580645,1.282258,1.787097,0.298387,1.032258,0.685484,1.090323,0.685484,0.677419,0.580645,0.56129,-0.032258,0.954839,0.362903,0.896774,0.379032,0.535484,0.266129,0.470968,-0.330645,0.806452,0.016129,0.729032,0.112903,0.470968,0.048387,0.412903,0.0,0.0,0.0,0.0,0.0,0.0,0.0,0.0,0.0,0.0,0.0,0.0,0.0,0.0,0.0,0.0,0.0,0.0,0.0,0.0,0.0,0.0,0.0,0.0,0.0,0.0,0.0,0.0,0.0,0.0,0.0,0.0,0.0,0.0,0.0,0.0,0.0,0.0,0.0,0.0,0.0,0.0,0.0,0.0,Z,8
0.0,0.0,0.464,0.134615,0.808,0.352564,0.992,0.583333,0.952,0.807692,0.664,1.0,0.96,1.333333,1.16,1.576923,1.288,1.788462,0.288,1.032051,0.664,1.064103,0.656,0.653846,0.536,0.564103,-0.04,0.955128,0.336,0.878205,0.352,0.525641,0.24,0.474359,-0.336,0.807692,0.008,0.711538,0.096,0.461538,0.024,0.416667,0.0,0.0,0.0,0.0,0.0,0.0,0.0,0.0,0.0,0.0,0.0,0.0,0.0,0.0,0.0,0.0,0.0,0.0,0.0,0.0,0.0,0.0,0.0,0.0,0.0,0.0,0.0,0.0,0.0,0.0,0.0,0.0,0.0,0.0,0.0,0.0,0.0,0.0,0.0,0.0,0.0,0.0,0.0,0.0,Z,8
0.0,0.0,0.448,0.127389,0.8,0.356688,0.992,0.585987,1.024,0.789809,0.664,1.0,0.96,1.324841,1.168,1.56051,1.296,1.770701,0.288,1.031847,0.664,1.063694,0.672,0.66242,0.56,0.566879,-0.032,0.955414,0.328,0.872611,0.352,0.522293,0.248,0.477707,-0.336,0.802548,-0.008,0.713376,0.096,0.471338,0.032,0.426752,0.0,0.0,0.0,0.0,0.0,0.0,0.0,0.0,0.0,0.0,0.0,0.0,0.0,0.0,0.0,0.0,0.0,0.0,0.0,0.0,0.0,0.0,0.0,0.0,0.0,0.0,0.0,0.0,0.0,0.0,0.0,0.0,0.0,0.0,0.0,0.0,0.0,0.0,0.0,0.0,0.0,0.0,0.0,0.0,Z,8
0.0,0.0,0.420635,0.166667,0.857143,0.462963,0.84127,0.746914,0.571429,0.888889,0.531746,1.0,0.706349,1.32716,0.809524,1.45679,0.904762,1.604938,0.166667,0.975309,0.301587,1.092593,0.380952,0.777778,0.365079,0.703704,-0.150794,0.882716,-0.055556,0.938272,0.055556,0.648148,0.047619,0.567901,-0.468254,0.734568,-0.373016,0.771605,-0.214286,0.555556,-0.18254,0.469136,0.0,0.0,0.0,0.0,0.0,0.0,0.0,0.0,0.0,0.0,0.0,0.0,0.0,0.0,0.0,0.0,0.0,0.0,0.0,0.0,0.0,0.0,0.0,0.0,0.0,0.0,0.0,0.0,0.0,0.0,0.0,0.0,0.0,0.0,0.0,0.0,0.0,0.0,0.0,0.0,0.0,0.0,0.0,0.0,Z,8
0.0,0.0,0.338983,0.232143,0.635593,0.589286,0.466102,0.857143,0.09322,0.928571,0.161017,1.0,0.20339,1.404762,0.228814,1.672619,0.245763,1.886905,-0.211864,0.940476,-0.211864,1.10119,0.008475,0.863095,0.144068,0.708333,-0.525424,0.827381,-0.559322,0.946429,-0.347458,0.732143,-0.237288,0.583333,-0.838983,0.660714,-0.838983,0.75,-0.644068,0.607143,-0.533898,0.5,0.0,0.0,0.0,0.0,0.0,0.0,0.0,0.0,0.0,0.0,0.0,0.0,0.0,0.0,0.0,0.0,0.0,0.0,0.0,0.0,0.0,0.0,0.0,0.0,0.0,0.0,0.0,0.0,0.0,0.0,0.0,0.0,0.0,0.0,0.0,0.0,0.0,0.0,0.0,0.0,0.0,0.0,0.0,0.0,Z,8
0.0,0.0,0.342857,0.270115,0.504762,0.614943,0.238095,0.821839,-0.2,0.885057,-0.066667,1.0,-0.171429,1.390805,-0.27619,1.655172,-0.390476,1.885057,-0.485714,0.885057,-0.695238,1.091954,-0.419048,0.781609,-0.238095,0.62069,-0.8,0.712644,-1.009524,0.827586,-0.666667,0.58046,-0.495238,0.471264,-1.066667,0.5,-1.228571,0.609195,-0.904762,0.436782,-0.733333,0.362069,0.0,0.0,0.0,0.0,0.0,0.0,0.0,0.0,0.0,0.0,0.0,0.0,0.0,0.0,0.0,0.0,0.0,0.0,0.0,0.0,0.0,0.0,0.0,0.0,0.0,0.0,0.0,0.0,0.0,0.0,0.0,0.0,0.0,0.0,0.0,0.0,0.0,0.0,0.0,0.0,0.0,0.0,0.0,0.0,Z,8
0.0,0.0,0.327434,0.255682,0.477876,0.590909,0.256637,0.829545,-0.123894,0.903409,-0.026549,1.0,-0.115044,1.369318,-0.212389,1.625,-0.318584,1.852273,-0.424779,0.931818,-0.59292,1.085227,-0.318584,0.795455,-0.106195,0.613636,-0.752212,0.795455,-0.858407,0.846591,-0.548673,0.619318,-0.336283,0.5,-1.026549,0.602273,-1.088496,0.636364,-0.787611,0.5,-0.59292,0.426136,0.0,0.0,0.0,0.0,0.0,0.0,0.0,0.0,0.0,0.0,0.0,0.0,0.0,0.0,0.0,0.0,0.0,0.0,0.0,0.0,0.0,0.0,0.0,0.0,0.0,0.0,0.0,0.0,0.0,0.0,0.0,0.0,0.0,0.0,0.0,0.0,0.0,0.0,0.0,0.0,0.0,0.0,0.0,0.0,Z,8
0.0,0.0,0.46,0.267857,0.74,0.660714,0.61,0.97619,0.49,1.208333,0.0,1.0,-0.31,0.994048,-0.15,0.767857,0.08,0.613095,-0.4,0.910714,-0.64,0.892857,-0.47,0.684524,-0.24,0.565476,-0.72,0.767857,-0.93,0.761905,-0.73,0.571429,-0.5,0.446429,-1.0,0.595238,-1.26,0.642857,-1.09,0.488095,-0.86,0.380952,0.0,0.0,0.0,0.0,0.0,0.0,0.0,0.0,0.0,0.0,0.0,0.0,0.0,0.0,0.0,0.0,0.0,0.0,0.0,0.0,0.0,0.0,0.0,0.0,0.0,0.0,0.0,0.0,0.0,0.0,0.0,0.0,0.0,0.0,0.0,0.0,0.0,0.0,0.0,0.0,0.0,0.0,0.0,0.0,Z,8
0.0,0.0,0.308642,0.777778,0.37037,1.6,0.259259,2.333333,0.098765,2.866667,0.864198,1.0,0.814815,2.244444,0.716049,2.977778,0.641975,3.466667,0.679012,0.422222,0.271605,1.822222,-0.283951,2.688889,-0.666667,3.088889,0.320988,-0.044444,-0.17284,1.155556,-0.703704,2.066667,-1.049383,2.511111,-0.135802,-0.377778,-0.641975,0.533333,-1.0,1.244444,-1.209877,1.622222,-0.7037037037037037,0.8666666666666667,0.0,0.0,0.527778,0.169591,0.925926,0.374269,1.101852,0.526316,1.203704,0.643275,0.583333,1.0,0.898148,1.040936,1.111111,0.994152,1.259259,1.02924,0.185185,0.994152,0.666667,0.812865,0.759259,0.555556,0.685185,0.526316,-0.148148,0.853801,0.37037,0.596491,0.481481,0.368421,0.407407,0.350877,-0.416667,0.649123,0.0,0.403509,0.12963,0.263158,0.101852,0.269006,Z,8
0.0,0.0,0.635593,0.132353,1.101695,0.382353,1.347458,0.661765,1.423729,0.941176,0.822034,1.0,1.29661,1.161765,1.610169,1.294118,1.855932,1.433824,0.449153,1.058824,0.966102,0.742647,0.949153,0.330882,0.847458,0.235294,0.118644,0.926471,0.59322,0.492647,0.576271,0.183824,0.466102,0.191176,-0.177966,0.720588,0.161017,0.352941,0.245763,0.139706,0.194915,0.154412,0.0,0.0,0.0,0.0,0.0,0.0,0.0,0.0,0.0,0.0,0.0,0.0,0.0,0.0,0.0,0.0,0.0,0.0,0.0,0.0,0.0,0.0,0.0,0.0,0.0,0.0,0.0,0.0,0.0,0.0,0.0,0.0,0.0,0.0,0.0,0.0,0.0,0.0,0.0,0.0,0.0,0.0,0.0,0.0,Z,8
0.0,0.0,0.569106,0.108527,0.99187,0.27907,1.186992,0.449612,1.284553,0.604651,0.813008,1.0,1.252033,1.124031,1.569106,1.248062,1.821138,1.395349,0.439024,1.069767,0.918699,0.705426,0.853659,0.286822,0.739837,0.248062,0.105691,0.922481,0.544715,0.403101,0.504065,0.100775,0.398374,0.155039,-0.186992,0.682171,0.121951,0.286822,0.186992,0.062016,0.138211,0.093023,0.0,0.0,0.0,0.0,0.0,0.0,0.0,0.0,0.0,0.0,0.0,0.0,0.0,0.0,0.0,0.0,0.0,0.0,0.0,0.0,0.0,0.0,0.0,0.0,0.0,0.0,0.0,0.0,0.0,0.0,0.0,0.0,0.0,0.0,0.0,0.0,0.0,0.0,0.0,0.0,0.0,0.0,0.0,0.0,Z,8
0.0,0.0,0.433333,0.048387,0.833333,0.225806,1.066667,0.379032,1.208333,0.5,0.7,1.0,1.091667,1.193548,1.358333,1.322581,1.583333,1.467742,0.341667,1.072581,0.65,0.693548,0.6,0.403226,0.491667,0.379032,0.0,0.927419,0.3,0.467742,0.291667,0.25,0.2,0.274194,-0.3,0.693548,-0.058333,0.314516,-0.016667,0.137097,-0.075,0.153226,0.0,0.0,0.0,0.0,0.0,0.0,0.0,0.0,0.0,0.0,0.0,0.0,0.0,0.0,0.0,0.0,0.0,0.0,0.0,0.0,0.0,0.0,0.0,0.0,0.0,0.0,0.0,0.0,0.0,0.0,0.0,0.0,0.0,0.0,0.0,0.0,0.0,0.0,0.0,0.0,0.0,0.0,0.0,0.0,Z,8
0.0,0.0,0.364486,0.216418,0.448598,0.544776,0.018692,0.567164,-0.429907,0.447761,-0.336449,1.0,-0.448598,1.044776,-0.373832,1.134328,-0.46729,1.373134,-0.831776,0.910448,-0.906542,0.537313,-0.504673,0.283582,-0.383178,0.410448,-1.140187,0.701493,-1.158879,0.343284,-0.775701,0.141791,-0.626168,0.238806,-1.336449,0.462687,-1.336449,0.238806,-1.028037,0.089552,-0.869159,0.126866,0.0,0.0,0.0,0.0,0.0,0.0,0.0,0.0,0.0,0.0,0.0,0.0,0.0,0.0,0.0,0.0,0.0,0.0,0.0,0.0,0.0,0.0,0.0,0.0,0.0,0.0,0.0,0.0,0.0,0.0,0.0,0.0,0.0,0.0,0.0,0.0,0.0,0.0,0.0,0.0,0.0,0.0,0.0,0.0,Z,8
0.0,0.0,0.307087,0.225564,0.535433,0.578947,0.23622,0.646617,-0.149606,0.533835,-0.062992,1.0,-0.141732,1.142857,-0.251969,1.255639,-0.385827,1.428571,-0.496063,0.984962,-0.582677,0.631579,-0.307087,0.300752,-0.149606,0.323308,-0.818898,0.819549,-0.850394,0.390977,-0.535433,0.142857,-0.370079,0.218045,-1.062992,0.571429,-1.047244,0.218045,-0.748031,0.037594,-0.574803,0.090226,0.0,0.0,0.0,0.0,0.0,0.0,0.0,0.0,0.0,0.0,0.0,0.0,0.0,0.0,0.0,0.0,0.0,0.0,0.0,0.0,0.0,0.0,0.0,0.0,0.0,0.0,0.0,0.0,0.0,0.0,0.0,0.0,0.0,0.0,0.0,0.0,0.0,0.0,0.0,0.0,0.0,0.0,0.0,0.0,Z,8
0.0,0.0,0.312,0.210145,0.536,0.536232,0.248,0.601449,-0.136,0.528986,-0.056,1.0,-0.144,1.115942,-0.224,1.217391,-0.344,1.405797,-0.488,0.985507,-0.568,0.615942,-0.288,0.304348,-0.152,0.369565,-0.816,0.826087,-0.856,0.398551,-0.536,0.15942,-0.4,0.26087,-1.056,0.57971,-1.064,0.224638,-0.768,0.065217,-0.616,0.130435,0.0,0.0,0.0,0.0,0.0,0.0,0.0,0.0,0.0,0.0,0.0,0.0,0.0,0.0,0.0,0.0,0.0,0.0,0.0,0.0,0.0,0.0,0.0,0.0,0.0,0.0,0.0,0.0,0.0,0.0,0.0,0.0,0.0,0.0,0.0,0.0,0.0,0.0,0.0,0.0,0.0,0.0,0.0,0.0,Z,8
0.0,0.0,0.388889,0.025974,0.472222,0.155844,0.180556,0.272727,-0.25,0.246753,-0.111111,1.0,-0.333333,1.415584,-0.555556,1.727273,-0.777778,2.012987,-0.611111,1.025974,-1.027778,0.792208,-0.75,0.285714,-0.444444,0.116883,-0.944444,0.896104,-1.138889,0.454545,-0.805556,0.090909,-0.486111,0.025974,-1.111111,0.74026,-1.25,0.350649,-0.958333,0.038961,-0.694444,-0.051948,-0.2222222222222222,0.6623376623376623,0.0,0.0,0.314961,0.207143,0.582677,0.535714,0.299213,0.642857,-0.086614,0.585714,-0.007874,1.0,-0.070866,1.135714,-0.181102,1.257143,-0.314961,1.428571,-0.433071,0.985714,-0.511811,0.671429,-0.251969,0.342857,-0.102362,0.371429,-0.748031,0.828571,-0.80315,0.442857,-0.503937,0.192857,-0.354331,0.257143,-1.007874,0.6,-1.023622,0.285714,-0.740157,0.1,-0.590551,0.142857,Z,8
0.0,0.0,0.302326,0.195946,0.542636,0.506757,0.248062,0.628378,-0.162791,0.581081,-0.015504,1.0,-0.100775,1.121622,-0.186047,1.22973,-0.310078,1.432432,-0.426357,0.986486,-0.534884,0.689189,-0.255814,0.364865,-0.116279,0.432432,-0.751938,0.837838,-0.821705,0.47973,-0.511628,0.222973,-0.364341,0.317568,-1.015504,0.628378,-1.031008,0.310811,-0.744186,0.141892,-0.589147,0.202703,0.0,0.0,0.0,0.0,0.0,0.0,0.0,0.0,0.0,0.0,0.0,0.0,0.0,0.0,0.0,0.0,0.0,0.0,0.0,0.0,0.0,0.0,0.0,0.0,0.0,0.0,0.0,0.0,0.0,0.0,0.0,0.0,0.0,0.0,0.0,0.0,0.0,0.0,0.0,0.0,0.0,0.0,0.0,0.0,Z,8
0.0,0.0,0.412698,0.105263,0.349206,0.276316,-0.079365,0.368421,-0.539683,0.328947,-0.222222,1.0,-0.492063,1.407895,-0.761905,1.697368,-1.031746,1.947368,-0.714286,0.947368,-1.253968,0.907895,-1.253968,0.486842,-1.238095,0.25,-1.063492,0.789474,-1.206349,0.473684,-0.809524,0.184211,-0.539683,0.131579,-1.222222,0.592105,-1.31746,0.302632,-0.984127,0.105263,-0.730159,0.039474,-0.3015873015873015,0.881578947368421,0.0,0.0,0.286822,0.214765,0.527132,0.52349,0.255814,0.630872,-0.124031,0.590604,-0.015504,1.0,-0.085271,1.127517,-0.193798,1.248322,-0.325581,1.422819,-0.434109,0.986577,-0.542636,0.718121,-0.27907,0.38255,-0.124031,0.416107,-0.75969,0.845638,-0.821705,0.483221,-0.51938,0.228188,-0.364341,0.288591,-1.015504,0.624161,-1.023256,0.302013,-0.736434,0.127517,-0.581395,0.181208,Z,8
0.0,0.0,0.328,0.184932,0.6,0.520548,0.32,0.664384,-0.096,0.636986,-0.024,1.0,-0.096,1.150685,-0.184,1.267123,-0.312,1.458904,-0.448,0.979452,-0.552,0.705479,-0.256,0.376712,-0.104,0.431507,-0.768,0.828767,-0.856,0.486301,-0.52,0.219178,-0.344,0.294521,-1.024,0.609589,-1.056,0.308219,-0.744,0.130137,-0.56,0.184932,0.0,0.0,0.0,0.0,0.0,0.0,0.0,0.0,0.0,0.0,0.0,0.0,0.0,0.0,0.0,0.0,0.0,0.0,0.0,0.0,0.0,0.0,0.0,0.0,0.0,0.0,0.0,0.0,0.0,0.0,0.0,0.0,0.0,0.0,0.0,0.0,0.0,0.0,0.0,0.0,0.0,0.0,0.0,0.0,Z,8
0.0,0.0,0.304,0.205298,0.568,0.523179,0.28,0.655629,-0.128,0.629139,-0.016,1.0,-0.096,1.152318,-0.2,1.271523,-0.32,1.443709,-0.44,0.980132,-0.536,0.741722,-0.272,0.403974,-0.128,0.443709,-0.76,0.834437,-0.84,0.523179,-0.536,0.264901,-0.376,0.331126,-1.016,0.622517,-1.048,0.344371,-0.76,0.178808,-0.592,0.218543,0.0,0.0,0.0,0.0,0.0,0.0,0.0,0.0,0.0,0.0,0.0,0.0,0.0,0.0,0.0,0.0,0.0,0.0,0.0,0.0,0.0,0.0,0.0,0.0,0.0,0.0,0.0,0.0,0.0,0.0,0.0,0.0,0.0,0.0,0.0,0.0,0.0,0.0,0.0,0.0,0.0,0.0,0.0,0.0,Z,8
0.0,0.0,0.307087,0.193103,0.582677,0.503448,0.346457,0.648276,-0.047244,0.606897,0.007874,1.0,-0.070866,1.165517,-0.181102,1.310345,-0.307087,1.496552,-0.409449,0.965517,-0.511811,0.765517,-0.251969,0.413793,-0.110236,0.427586,-0.724409,0.813793,-0.811024,0.517241,-0.511811,0.248276,-0.354331,0.303448,-0.992126,0.6,-1.007874,0.324138,-0.732283,0.144828,-0.559055,0.193103,0.0,0.0,0.0,0.0,0.0,0.0,0.0,0.0,0.0,0.0,0.0,0.0,0.0,0.0,0.0,0.0,0.0,0.0,0.0,0.0,0.0,0.0,0.0,0.0,0.0,0.0,0.0,0.0,0.0,0.0,0.0,0.0,0.0,0.0,0.0,0.0,0.0,0.0,0.0,0.0,0.0,0.0,0.0,0.0,Z,8
0.0,0.0,0.306452,0.194631,0.58871,0.516779,0.322581,0.671141,-0.096774,0.637584,-0.008065,1.0,-0.080645,1.161074,-0.169355,1.288591,-0.290323,1.456376,-0.427419,0.973154,-0.524194,0.765101,-0.258065,0.416107,-0.112903,0.449664,-0.741935,0.825503,-0.822581,0.536913,-0.532258,0.275168,-0.370968,0.328859,-1.008065,0.610738,-1.032258,0.348993,-0.758065,0.174497,-0.58871,0.221477,0.0,0.0,0.0,0.0,0.0,0.0,0.0,0.0,0.0,0.0,0.0,0.0,0.0,0.0,0.0,0.0,0.0,0.0,0.0,0.0,0.0,0.0,0.0,0.0,0.0,0.0,0.0,0.0,0.0,0.0,0.0,0.0,0.0,0.0,0.0,0.0,0.0,0.0,0.0,0.0,0.0,0.0,0.0,0.0,Z,8
0.0,0.0,0.304688,0.194631,0.570312,0.516779,0.296875,0.657718,-0.109375,0.630872,-0.007812,1.0,-0.085938,1.174497,-0.1875,1.295302,-0.304688,1.456376,-0.429688,0.973154,-0.507812,0.758389,-0.25,0.42953,-0.117188,0.456376,-0.742188,0.825503,-0.804688,0.516779,-0.515625,0.261745,-0.367188,0.328859,-1.007812,0.604027,-1.007812,0.328859,-0.742188,0.161074,-0.59375,0.214765,0.0,0.0,0.0,0.0,0.0,0.0,0.0,0.0,0.0,0.0,0.0,0.0,0.0,0.0,0.0,0.0,0.0,0.0,0.0,0.0,0.0,0.0,0.0,0.0,0.0,0.0,0.0,0.0,0.0,0.0,0.0,0.0,0.0,0.0,0.0,0.0,0.0,0.0,0.0,0.0,0.0,0.0,0.0,0.0,Z,8
0.0,0.0,0.349515,0.022472,0.436893,0.179775,0.23301,0.41573,-0.116505,0.47191,0.038835,1.0,-0.07767,1.348315,-0.23301,1.662921,-0.398058,1.955056,-0.436893,1.05618,-0.669903,0.752809,-0.407767,0.247191,-0.23301,0.146067,-0.776699,0.932584,-0.834951,0.426966,-0.504854,0.05618,-0.320388,0.089888,-0.961165,0.730337,-0.951456,0.280899,-0.669903,0.011236,-0.485437,0.011236,-0.0388349514563106,0.550561797752809,0.0,0.0,0.301587,0.189189,0.571429,0.506757,0.325397,0.648649,-0.063492,0.628378,0.0,1.0,-0.079365,1.148649,-0.174603,1.277027,-0.293651,1.452703,-0.420635,0.97973,-0.531746,0.743243,-0.269841,0.412162,-0.119048,0.466216,-0.738095,0.837838,-0.825397,0.513514,-0.531746,0.256757,-0.373016,0.324324,-1.0,0.628378,-1.02381,0.337838,-0.746032,0.162162,-0.579365,0.216216,Z,8
0.0,0.0,0.322581,0.194631,0.58871,0.510067,0.290323,0.657718,-0.129032,0.637584,-0.016129,1.0,-0.096774,1.161074,-0.201613,1.281879,-0.330645,1.449664,-0.435484,0.979866,-0.548387,0.724832,-0.282258,0.395973,-0.129032,0.42953,-0.758065,0.832215,-0.854839,0.510067,-0.548387,0.255034,-0.379032,0.315436,-1.016129,0.610738,-1.064516,0.33557,-0.774194,0.167785,-0.604839,0.208054,0.0,0.0,0.0,0.0,0.0,0.0,0.0,0.0,0.0,0.0,0.0,0.0,0.0,0.0,0.0,0.0,0.0,0.0,0.0,0.0,0.0,0.0,0.0,0.0,0.0,0.0,0.0,0.0,0.0,0.0,0.0,0.0,0.0,0.0,0.0,0.0,0.0,0.0,0.0,0.0,0.0,0.0,0.0,0.0,Z,8
0.0,0.0,0.385714,0.068966,0.721429,0.317241,0.907143,0.57931,0.971429,0.868966,0.728571,1.0,1.05,1.4,1.285714,1.655172,1.421429,1.889655,0.392857,1.096552,0.685714,1.282759,0.671429,0.806897,0.557143,0.641379,0.057143,1.055172,0.307143,1.0,0.314286,0.558621,0.214286,0.489655,-0.271429,0.910345,-0.028571,0.786207,0.042857,0.489655,-0.035714,0.468966,0.0,0.0,0.0,0.0,0.0,0.0,0.0,0.0,0.0,0.0,0.0,0.0,0.0,0.0,0.0,0.0,0.0,0.0,0.0,0.0,0.0,0.0,0.0,0.0,0.0,0.0,0.0,0.0,0.0,0.0,0.0,0.0,0.0,0.0,0.0,0.0,0.0,0.0,0.0,0.0,0.0,0.0,0.0,0.0,Z,9
0.0,0.0,0.440559,0.132075,0.776224,0.358491,0.951049,0.610063,0.965035,0.893082,0.769231,1.0,1.083916,1.36478,1.328671,1.597484,1.482517,1.805031,0.412587,1.069182,0.706294,1.220126,0.678322,0.767296,0.573427,0.647799,0.083916,1.025157,0.363636,0.974843,0.34965,0.578616,0.244755,0.534591,-0.230769,0.90566,0.027972,0.798742,0.076923,0.522013,-0.013986,0.503145,0.0,0.0,0.0,0.0,0.0,0.0,0.0,0.0,0.0,0.0,0.0,0.0,0.0,0.0,0.0,0.0,0.0,0.0,0.0,0.0,0.0,0.0,0.0,0.0,0.0,0.0,0.0,0.0,0.0,0.0,0.0,0.0,0.0,0.0,0.0,0.0,0.0,0.0,0.0,0.0,0.0,0.0,0.0,0.0,Z,9
0.0,0.0,0.461538,0.126582,0.804196,0.348101,0.965035,0.607595,1.0,0.892405,0.79021,1.0,1.104895,1.35443,1.34965,1.582278,1.503497,1.78481,0.433566,1.06962,0.727273,1.21519,0.699301,0.778481,0.594406,0.64557,0.104895,1.031646,0.384615,0.968354,0.370629,0.575949,0.265734,0.531646,-0.20979,0.917722,0.055944,0.78481,0.104895,0.512658,0.013986,0.5,0.0,0.0,0.0,0.0,0.0,0.0,0.0,0.0,0.0,0.0,0.0,0.0,0.0,0.0,0.0,0.0,0.0,0.0,0.0,0.0,0.0,0.0,0.0,0.0,0.0,0.0,0.0,0.0,0.0,0.0,0.0,0.0,0.0,0.0,0.0,0.0,0.0,0.0,0.0,0.0,0.0,0.0,0.0,0.0,Z,9
0.0,0.0,0.464789,0.11465,0.795775,0.33121,0.971831,0.585987,1.028169,0.878981,0.809859,1.0,1.126761,1.350318,1.373239,1.585987,1.528169,1.789809,0.457746,1.082803,0.746479,1.242038,0.71831,0.808917,0.626761,0.643312,0.126761,1.044586,0.387324,0.980892,0.373239,0.592357,0.274648,0.535032,-0.190141,0.917197,0.049296,0.770701,0.098592,0.515924,0.021127,0.509554,0.0,0.0,0.0,0.0,0.0,0.0,0.0,0.0,0.0,0.0,0.0,0.0,0.0,0.0,0.0,0.0,0.0,0.0,0.0,0.0,0.0,0.0,0.0,0.0,0.0,0.0,0.0,0.0,0.0,0.0,0.0,0.0,0.0,0.0,0.0,0.0,0.0,0.0,0.0,0.0,0.0,0.0,0.0,0.0,Z,9
0.0,0.0,0.448276,0.126582,0.786207,0.35443,0.97931,0.601266,0.986207,0.879747,0.786207,1.0,1.103448,1.341772,1.337931,1.56962,1.482759,1.778481,0.434483,1.082278,0.717241,1.227848,0.682759,0.778481,0.57931,0.64557,0.096552,1.037975,0.358621,0.949367,0.337931,0.550633,0.234483,0.512658,-0.213793,0.905063,0.02069,0.753165,0.075862,0.487342,0.0,0.487342,0.0,0.0,0.0,0.0,0.0,0.0,0.0,0.0,0.0,0.0,0.0,0.0,0.0,0.0,0.0,0.0,0.0,0.0,0.0,0.0,0.0,0.0,0.0,0.0,0.0,0.0,0.0,0.0,0.0,0.0,0.0,0.0,0.0,0.0,0.0,0.0,0.0,0.0,0.0,0.0,0.0,0.0,0.0,0.0,Z,9
0.0,0.0,0.338843,0.008621,0.710744,0.310345,0.917355,0.586207,1.099174,0.836207,0.578512,1.0,0.735537,1.327586,0.917355,1.525862,1.057851,1.689655,0.264463,1.077586,0.355372,1.353448,0.429752,1.008621,0.471074,0.801724,-0.07438,0.991379,-0.049587,1.232759,0.033058,0.905172,0.057851,0.698276,-0.421488,0.810345,-0.438017,1.0,-0.338843,0.767241,-0.305785,0.603448,-0.1239669421487603,0.1810344827586207,0.0,0.0,0.373333,0.09697,0.766667,0.333333,0.893333,0.551515,0.846667,0.745455,0.693333,1.0,0.993333,1.333333,1.246667,1.539394,1.426667,1.739394,0.333333,1.048485,0.58,1.133333,0.573333,0.721212,0.493333,0.612121,0.006667,0.975758,0.226667,0.909091,0.253333,0.557576,0.173333,0.521212,-0.306667,0.824242,-0.106667,0.751515,-0.013333,0.50303,-0.04,0.478788,Z,9
0.0,0.0,0.495413,0.243902,0.880734,0.554878,1.082569,0.804878,1.110092,1.0,0.302752,1.0,0.33945,1.231707,0.477064,1.256098,0.623853,1.22561,-0.036697,0.97561,0.12844,1.085366,0.412844,1.006098,0.642202,0.908537,-0.376147,0.878049,-0.201835,0.969512,0.073394,0.914634,0.311927,0.829268,-0.697248,0.719512,-0.623853,0.841463,-0.431193,0.810976,-0.238532,0.756098,0.0,0.0,0.0,0.0,0.0,0.0,0.0,0.0,0.0,0.0,0.0,0.0,0.0,0.0,0.0,0.0,0.0,0.0,0.0,0.0,0.0,0.0,0.0,0.0,0.0,0.0,0.0,0.0,0.0,0.0,0.0,0.0,0.0,0.0,0.0,0.0,0.0,0.0,0.0,0.0,0.0,0.0,0.0,0.0,Z,9
0.0,0.0,0.335938,0.221622,0.507812,0.513514,0.34375,0.745946,0.0,0.881081,0.148438,1.0,0.210938,1.394595,0.210938,1.664865,0.195312,1.886486,-0.257812,0.92973,-0.414062,1.194595,-0.28125,0.848649,-0.164062,0.702703,-0.578125,0.789189,-0.734375,0.87027,-0.5,0.578378,-0.351562,0.502703,-0.851562,0.605405,-0.984375,0.664865,-0.734375,0.47027,-0.5625,0.421622,0.0,0.0,0.0,0.0,0.0,0.0,0.0,0.0,0.0,0.0,0.0,0.0,0.0,0.0,0.0,0.0,0.0,0.0,0.0,0.0,0.0,0.0,0.0,0.0,0.0,0.0,0.0,0.0,0.0,0.0,0.0,0.0,0.0,0.0,0.0,0.0,0.0,0.0,0.0,0.0,0.0,0.0,0.0,0.0,Z,9
0.0,0.0,0.318519,0.234973,0.511111,0.584699,0.274074,0.830601,-0.081481,0.907104,0.185185,1.0,0.207407,1.382514,0.2,1.639344,0.162963,1.852459,-0.192593,0.95082,-0.362963,1.180328,-0.162963,0.918033,0.014815,0.715847,-0.525926,0.830601,-0.614815,0.918033,-0.377778,0.68306,-0.214815,0.530055,-0.814815,0.661202,-0.896296,0.737705,-0.681481,0.590164,-0.525926,0.491803,0.0,0.0,0.0,0.0,0.0,0.0,0.0,0.0,0.0,0.0,0.0,0.0,0.0,0.0,0.0,0.0,0.0,0.0,0.0,0.0,0.0,0.0,0.0,0.0,0.0,0.0,0.0,0.0,0.0,0.0,0.0,0.0,0.0,0.0,0.0,0.0,0.0,0.0,0.0,0.0,0.0,0.0,0.0,0.0,Z,9
0.0,0.0,0.422764,0.155689,0.772358,0.556886,0.739837,0.874251,0.536585,1.047904,0.308943,1.0,0.382114,1.107784,0.528455,0.874251,0.642276,0.730539,-0.03252,0.976048,0.081301,0.958084,0.284553,0.658683,0.414634,0.51497,-0.365854,0.88024,-0.235772,0.838323,-0.03252,0.54491,0.065041,0.389222,-0.691057,0.742515,-0.626016,0.748503,-0.447154,0.532934,-0.349593,0.419162,0.0,0.0,0.0,0.0,0.0,0.0,0.0,0.0,0.0,0.0,0.0,0.0,0.0,0.0,0.0,0.0,0.0,0.0,0.0,0.0,0.0,0.0,0.0,0.0,0.0,0.0,0.0,0.0,0.0,0.0,0.0,0.0,0.0,0.0,0.0,0.0,0.0,0.0,0.0,0.0,0.0,0.0,0.0,0.0,Z,9
0.0,0.0,0.460993,0.046875,0.865248,0.140625,1.106383,0.296875,1.120567,0.476562,0.886525,1.0,1.312057,1.179688,1.624113,1.328125,1.851064,1.492188,0.531915,1.171875,0.836879,0.820312,0.751773,0.382812,0.64539,0.351562,0.191489,1.101562,0.453901,0.539062,0.390071,0.226562,0.29078,0.3125,-0.113475,0.90625,0.085106,0.4375,0.106383,0.210938,0.042553,0.273438,0.0,0.0,0.0,0.0,0.0,0.0,0.0,0.0,0.0,0.0,0.0,0.0,0.0,0.0,0.0,0.0,0.0,0.0,0.0,0.0,0.0,0.0,0.0,0.0,0.0,0.0,0.0,0.0,0.0,0.0,0.0,0.0,0.0,0.0,0.0,0.0,0.0,0.0,0.0,0.0,0.0,0.0,0.0,0.0,Z,9
0.0,0.0,0.46875,0.052239,0.890625,0.186567,1.09375,0.320896,1.195312,0.402985,0.835938,1.0,1.3125,1.171642,1.65625,1.283582,1.929688,1.41791,0.46875,1.097015,0.765625,0.716418,0.710938,0.447761,0.601562,0.425373,0.125,0.985075,0.414062,0.477612,0.382812,0.291045,0.28125,0.350746,-0.164062,0.776119,0.085938,0.358209,0.09375,0.19403,0.007812,0.238806,0.0,0.0,0.0,0.0,0.0,0.0,0.0,0.0,0.0,0.0,0.0,0.0,0.0,0.0,0.0,0.0,0.0,0.0,0.0,0.0,0.0,0.0,0.0,0.0,0.0,0.0,0.0,0.0,0.0,0.0,0.0,0.0,0.0,0.0,0.0,0.0,0.0,0.0,0.0,0.0,0.0,0.0,0.0,0.0,Z,9
0.0,0.0,0.326923,0.303571,0.163462,0.75,-0.240385,1.098214,-0.596154,1.455357,-0.451923,1.0,-0.875,1.035714,-0.509615,1.107143,-0.317308,1.3125,-0.855769,0.776786,-1.182692,0.723214,-0.663462,0.5,-0.538462,0.553571,-1.173077,0.553571,-1.346154,0.428571,-0.855769,0.3125,-0.682692,0.4375,-1.451923,0.357143,-1.557692,0.348214,-1.192308,0.285714,-1.009615,0.366071,0.0,0.0,0.0,0.0,0.0,0.0,0.0,0.0,0.0,0.0,0.0,0.0,0.0,0.0,0.0,0.0,0.0,0.0,0.0,0.0,0.0,0.0,0.0,0.0,0.0,0.0,0.0,0.0,0.0,0.0,0.0,0.0,0.0,0.0,0.0,0.0,0.0,0.0,0.0,0.0,0.0,0.0,0.0,0.0,Z,9
0.0,0.0,0.271429,0.134228,0.407143,0.362416,0.135714,0.503356,-0.235714,0.563758,0.05,1.0,-0.007143,1.174497,-0.071429,1.33557,-0.157143,1.563758,-0.35,1.0,-0.585714,0.798658,-0.371429,0.395973,-0.235714,0.449664,-0.671429,0.885906,-0.9,0.590604,-0.642857,0.281879,-0.485714,0.355705,-0.95,0.704698,-1.092857,0.42953,-0.857143,0.234899,-0.7,0.295302,0.0,0.0,0.0,0.0,0.0,0.0,0.0,0.0,0.0,0.0,0.0,0.0,0.0,0.0,0.0,0.0,0.0,0.0,0.0,0.0,0.0,0.0,0.0,0.0,0.0,0.0,0.0,0.0,0.0,0.0,0.0,0.0,0.0,0.0,0.0,0.0,0.0,0.0,0.0,0.0,0.0,0.0,0.0,0.0,Z,9
0.0,0.0,0.328125,0.1875,0.46875,0.451389,0.125,0.506944,-0.25,0.506944,-0.007812,1.0,-0.070312,1.1875,-0.140625,1.368056,-0.21875,1.583333,-0.421875,1.020833,-0.664062,0.736111,-0.429688,0.361111,-0.242188,0.388889,-0.757812,0.902778,-0.984375,0.5625,-0.703125,0.256944,-0.5,0.319444,-1.007812,0.701389,-1.1875,0.423611,-0.921875,0.222222,-0.734375,0.270833,0.0,0.0,0.0,0.0,0.0,0.0,0.0,0.0,0.0,0.0,0.0,0.0,0.0,0.0,0.0,0.0,0.0,0.0,0.0,0.0,0.0,0.0,0.0,0.0,0.0,0.0,0.0,0.0,0.0,0.0,0.0,0.0,0.0,0.0,0.0,0.0,0.0,0.0,0.0,0.0,0.0,0.0,0.0,0.0,Z,9
0.0,0.0,0.298387,0.194631,0.395161,0.449664,0.024194,0.503356,-0.379032,0.536913,-0.080645,1.0,-0.153226,1.161074,-0.233871,1.308725,-0.346774,1.550336,-0.491935,0.966443,-0.782258,0.738255,-0.483871,0.369128,-0.282258,0.436242,-0.830645,0.845638,-1.096774,0.557047,-0.758065,0.255034,-0.548387,0.355705,-1.080645,0.66443,-1.290323,0.422819,-1.008065,0.241611,-0.798387,0.302013,0.0,0.0,0.0,0.0,0.0,0.0,0.0,0.0,0.0,0.0,0.0,0.0,0.0,0.0,0.0,0.0,0.0,0.0,0.0,0.0,0.0,0.0,0.0,0.0,0.0,0.0,0.0,0.0,0.0,0.0,0.0,0.0,0.0,0.0,0.0,0.0,0.0,0.0,0.0,0.0,0.0,0.0,0.0,0.0,Z,9
0.0,0.0,0.296,0.152174,0.384,0.376812,0.056,0.456522,-0.336,0.528986,-0.032,1.0,-0.112,1.202899,-0.24,1.384058,-0.376,1.586957,-0.448,0.963768,-0.76,0.847826,-0.56,0.434783,-0.392,0.42029,-0.784,0.826087,-1.072,0.586957,-0.808,0.268116,-0.6,0.304348,-1.032,0.623188,-1.256,0.398551,-1.016,0.195652,-0.824,0.246377,0.0,0.0,0.0,0.0,0.0,0.0,0.0,0.0,0.0,0.0,0.0,0.0,0.0,0.0,0.0,0.0,0.0,0.0,0.0,0.0,0.0,0.0,0.0,0.0,0.0,0.0,0.0,0.0,0.0,0.0,0.0,0.0,0.0,0.0,0.0,0.0,0.0,0.0,0.0,0.0,0.0,0.0,0.0,0.0,Z,9
0.0,0.0,0.316667,0.184932,0.391667,0.445205,0.016667,0.486301,-0.383333,0.506849,-0.066667,1.0,-0.166667,1.178082,-0.283333,1.342466,-0.416667,1.561644,-0.491667,0.965753,-0.808333,0.773973,-0.525,0.390411,-0.308333,0.424658,-0.825,0.835616,-1.116667,0.568493,-0.775,0.246575,-0.558333,0.335616,-1.066667,0.643836,-1.3,0.410959,-1.016667,0.232877,-0.816667,0.294521,0.0,0.0,0.0,0.0,0.0,0.0,0.0,0.0,0.0,0.0,0.0,0.0,0.0,0.0,0.0,0.0,0.0,0.0,0.0,0.0,0.0,0.0,0.0,0.0,0.0,0.0,0.0,0.0,0.0,0.0,0.0,0.0,0.0,0.0,0.0,0.0,0.0,0.0,0.0,0.0,0.0,0.0,0.0,0.0,Z,9
0.0,0.0,0.308333,0.124088,0.3,0.343066,-0.016667,0.437956,-0.458333,0.525547,-0.05,1.0,-0.175,1.160584,-0.3,1.335766,-0.458333,1.59854,-0.441667,0.905109,-0.891667,0.817518,-0.583333,0.379562,-0.391667,0.394161,-0.783333,0.751825,-1.133333,0.532847,-0.733333,0.19708,-0.525,0.306569,-1.05,0.576642,-1.241667,0.335766,-0.933333,0.138686,-0.741667,0.233577,0.0,0.0,0.0,0.0,0.0,0.0,0.0,0.0,0.0,0.0,0.0,0.0,0.0,0.0,0.0,0.0,0.0,0.0,0.0,0.0,0.0,0.0,0.0,0.0,0.0,0.0,0.0,0.0,0.0,0.0,0.0,0.0,0.0,0.0,0.0,0.0,0.0,0.0,0.0,0.0,0.0,0.0,0.0,0.0,Z,9
0.0,0.0,0.310924,0.183824,0.378151,0.441176,-0.02521,0.507353,-0.470588,0.514706,-0.10084,1.0,-0.201681,1.213235,-0.352941,1.382353,-0.512605,1.588235,-0.521008,0.911765,-0.907563,0.852941,-0.647059,0.426471,-0.445378,0.382353,-0.865546,0.75,-1.159664,0.551471,-0.806723,0.227941,-0.571429,0.272059,-1.10084,0.544118,-1.310924,0.352941,-1.016807,0.147059,-0.823529,0.191176,0.0,0.0,0.0,0.0,0.0,0.0,0.0,0.0,0.0,0.0,0.0,0.0,0.0,0.0,0.0,0.0,0.0,0.0,0.0,0.0,0.0,0.0,0.0,0.0,0.0,0.0,0.0,0.0,0.0,0.0,0.0,0.0,0.0,0.0,0.0,0.0,0.0,0.0,0.0,0.0,0.0,0.0,0.0,0.0,Z,9
0.0,0.0,0.300885,0.183099,0.283186,0.401408,-0.088496,0.471831,-0.566372,0.507042,-0.159292,1.0,-0.300885,1.147887,-0.460177,1.295775,-0.628319,1.5,-0.566372,0.866197,-1.017699,0.809859,-0.699115,0.401408,-0.460177,0.394366,-0.911504,0.683099,-1.247788,0.5,-0.80531,0.190141,-0.557522,0.274648,-1.159292,0.485915,-1.39823,0.302817,-1.061947,0.126761,-0.858407,0.197183,0.0,0.0,0.0,0.0,0.0,0.0,0.0,0.0,0.0,0.0,0.0,0.0,0.0,0.0,0.0,0.0,0.0,0.0,0.0,0.0,0.0,0.0,0.0,0.0,0.0,0.0,0.0,0.0,0.0,0.0,0.0,0.0,0.0,0.0,0.0,0.0,0.0,0.0,0.0,0.0,0.0,0.0,0.0,0.0,Z,9
0.0,0.0,0.285714,0.158621,0.258929,0.37931,-0.080357,0.482759,-0.535714,0.558621,-0.116071,1.0,-0.267857,1.137931,-0.428571,1.282759,-0.580357,1.496552,-0.508929,0.868966,-1.0,0.855172,-0.705357,0.427586,-0.473214,0.441379,-0.848214,0.689655,-1.223214,0.565517,-0.857143,0.234483,-0.660714,0.324138,-1.116071,0.496552,-1.3125,0.317241,-1.044643,0.137931,-0.892857,0.206897,0.0,0.0,0.0,0.0,0.0,0.0,0.0,0.0,0.0,0.0,0.0,0.0,0.0,0.0,0.0,0.0,0.0,0.0,0.0,0.0,0.0,0.0,0.0,0.0,0.0,0.0,0.0,0.0,0.0,0.0,0.0,0.0,0.0,0.0,0.0,0.0,0.0,0.0,0.0,0.0,0.0,0.0,0.0,0.0,Z,9
0.0,0.0,0.342342,0.183824,0.36036,0.441176,-0.036036,0.507353,-0.513514,0.529412,-0.117117,1.0,-0.243243,1.176471,-0.414414,1.338235,-0.567568,1.558824,-0.531532,0.919118,-1.0,0.875,-0.756757,0.477941,-0.531532,0.411765,-0.873874,0.772059,-1.225225,0.566176,-0.846847,0.272059,-0.576577,0.316176,-1.117117,0.566176,-1.333333,0.367647,-1.045045,0.191176,-0.837838,0.242647,0.0,0.0,0.0,0.0,0.0,0.0,0.0,0.0,0.0,0.0,0.0,0.0,0.0,0.0,0.0,0.0,0.0,0.0,0.0,0.0,0.0,0.0,0.0,0.0,0.0,0.0,0.0,0.0,0.0,0.0,0.0,0.0,0.0,0.0,0.0,0.0,0.0,0.0,0.0,0.0,0.0,0.0,0.0,0.0,Z,9
0.0,0.0,0.299145,0.143836,0.333333,0.356164,0.008547,0.438356,-0.42735,0.513699,-0.128205,1.0,-0.264957,1.136986,-0.384615,1.267123,-0.512821,1.458904,-0.538462,0.89726,-0.940171,0.821918,-0.632479,0.40411,-0.435897,0.431507,-0.863248,0.732877,-1.213675,0.541096,-0.863248,0.219178,-0.65812,0.308219,-1.128205,0.547945,-1.34188,0.342466,-1.076923,0.157534,-0.897436,0.239726,0.0,0.0,0.0,0.0,0.0,0.0,0.0,0.0,0.0,0.0,0.0,0.0,0.0,0.0,0.0,0.0,0.0,0.0,0.0,0.0,0.0,0.0,0.0,0.0,0.0,0.0,0.0,0.0,0.0,0.0,0.0,0.0,0.0,0.0,0.0,0.0,0.0,0.0,0.0,0.0,0.0,0.0,0.0,0.0,Z,9
0.0,0.0,0.307692,0.171429,0.350427,0.4,-0.034188,0.471429,-0.461538,0.535714,-0.08547,1.0,-0.196581,1.178571,-0.384615,1.357143,-0.538462,1.535714,-0.521368,0.907143,-0.957265,0.871429,-0.74359,0.471429,-0.529915,0.421429,-0.854701,0.742857,-1.196581,0.557143,-0.880342,0.264286,-0.632479,0.307143,-1.08547,0.521429,-1.316239,0.35,-1.068376,0.171429,-0.871795,0.235714,0.0,0.0,0.0,0.0,0.0,0.0,0.0,0.0,0.0,0.0,0.0,0.0,0.0,0.0,0.0,0.0,0.0,0.0,0.0,0.0,0.0,0.0,0.0,0.0,0.0,0.0,0.0,0.0,0.0,0.0,0.0,0.0,0.0,0.0,0.0,0.0,0.0,0.0,0.0,0.0,0.0,0.0,0.0,0.0,Z,9
0.0,0.0,0.307692,0.172185,0.316239,0.397351,-0.042735,0.463576,-0.495726,0.516556,-0.145299,1.0,-0.264957,1.13245,-0.393162,1.278146,-0.529915,1.483444,-0.555556,0.907285,-0.982906,0.81457,-0.666667,0.423841,-0.444444,0.437086,-0.897436,0.748344,-1.205128,0.529801,-0.803419,0.225166,-0.598291,0.331126,-1.145299,0.556291,-1.367521,0.350993,-1.076923,0.18543,-0.897436,0.258278,0.0,0.0,0.0,0.0,0.0,0.0,0.0,0.0,0.0,0.0,0.0,0.0,0.0,0.0,0.0,0.0,0.0,0.0,0.0,0.0,0.0,0.0,0.0,0.0,0.0,0.0,0.0,0.0,0.0,0.0,0.0,0.0,0.0,0.0,0.0,0.0,0.0,0.0,0.0,0.0,0.0,0.0,0.0,0.0,Z,9
0.0,0.0,0.301724,0.174825,0.344828,0.412587,-0.008621,0.503497,-0.439655,0.58042,-0.094828,1.0,-0.215517,1.174825,-0.387931,1.328671,-0.543103,1.538462,-0.508621,0.888112,-0.939655,0.888112,-0.663793,0.468531,-0.465517,0.461538,-0.853448,0.72028,-1.215517,0.58042,-0.87069,0.272727,-0.655172,0.342657,-1.094828,0.503497,-1.344828,0.342657,-1.077586,0.174825,-0.87931,0.230769,0.0,0.0,0.0,0.0,0.0,0.0,0.0,0.0,0.0,0.0,0.0,0.0,0.0,0.0,0.0,0.0,0.0,0.0,0.0,0.0,0.0,0.0,0.0,0.0,0.0,0.0,0.0,0.0,0.0,0.0,0.0,0.0,0.0,0.0,0.0,0.0,0.0,0.0,0.0,0.0,0.0,0.0,0.0,0.0,Z,9
0.0,0.0,0.530303,0.123377,0.871212,0.376623,0.992424,0.636364,0.924242,0.876623,0.659091,1.0,0.939394,1.344156,1.143939,1.584416,1.272727,1.811688,0.280303,1.064935,0.628788,1.019481,0.628788,0.603896,0.530303,0.493506,-0.05303,0.980519,0.265152,0.772727,0.280303,0.441558,0.181818,0.415584,-0.340909,0.824675,-0.083333,0.584416,0.007576,0.363636,-0.045455,0.363636,0.0,0.0,0.0,0.0,0.0,0.0,0.0,0.0,0.0,0.0,0.0,0.0,0.0,0.0,0.0,0.0,0.0,0.0,0.0,0.0,0.0,0.0,0.0,0.0,0.0,0.0,0.0,0.0,0.0,0.0,0.0,0.0,0.0,0.0,0.0,0.0,0.0,0.0,0.0,0.0,0.0,0.0,0.0,0.0,Z,10
0.0,0.0,0.488722,0.12987,0.834586,0.376623,0.984962,0.623377,0.962406,0.87013,0.691729,1.0,0.969925,1.350649,1.180451,1.61039,1.315789,1.837662,0.323308,1.064935,0.654135,1.032468,0.661654,0.623377,0.578947,0.487013,-0.007519,0.993506,0.308271,0.772727,0.308271,0.441558,0.218045,0.402597,-0.308271,0.844156,-0.045113,0.603896,0.037594,0.376623,-0.007519,0.363636,0.0,0.0,0.0,0.0,0.0,0.0,0.0,0.0,0.0,0.0,0.0,0.0,0.0,0.0,0.0,0.0,0.0,0.0,0.0,0.0,0.0,0.0,0.0,0.0,0.0,0.0,0.0,0.0,0.0,0.0,0.0,0.0,0.0,0.0,0.0,0.0,0.0,0.0,0.0,0.0,0.0,0.0,0.0,0.0,Z,10
0.0,0.0,0.485294,0.135484,0.808824,0.341935,0.977941,0.56129,0.970588,0.812903,0.720588,1.0,0.992647,1.36129,1.198529,1.625806,1.323529,1.851613,0.345588,1.064516,0.661765,1.045161,0.654412,0.625806,0.551471,0.522581,0.014706,0.987097,0.308824,0.793548,0.323529,0.451613,0.220588,0.425806,-0.279412,0.83871,-0.029412,0.625806,0.058824,0.387097,0.0,0.374194,0.0,0.0,0.0,0.0,0.0,0.0,0.0,0.0,0.0,0.0,0.0,0.0,0.0,0.0,0.0,0.0,0.0,0.0,0.0,0.0,0.0,0.0,0.0,0.0,0.0,0.0,0.0,0.0,0.0,0.0,0.0,0.0,0.0,0.0,0.0,0.0,0.0,0.0,0.0,0.0,0.0,0.0,0.0,0.0,Z,10
0.0,0.0,0.478261,0.138365,0.818841,0.345912,0.992754,0.578616,0.963768,0.823899,0.702899,1.0,0.978261,1.327044,1.173913,1.578616,1.282609,1.805031,0.318841,1.056604,0.652174,1.025157,0.644928,0.610063,0.543478,0.534591,-0.007246,0.981132,0.297101,0.786164,0.304348,0.446541,0.202899,0.446541,-0.297101,0.823899,-0.043478,0.616352,0.036232,0.383648,-0.021739,0.389937,0.0,0.0,0.0,0.0,0.0,0.0,0.0,0.0,0.0,0.0,0.0,0.0,0.0,0.0,0.0,0.0,0.0,0.0,0.0,0.0,0.0,0.0,0.0,0.0,0.0,0.0,0.0,0.0,0.0,0.0,0.0,0.0,0.0,0.0,0.0,0.0,0.0,0.0,0.0,0.0,0.0,0.0,0.0,0.0,Z,10
0.0,0.0,0.5,0.139241,0.867647,0.373418,1.044118,0.613924,1.0,0.85443,0.713235,1.0,0.985294,1.35443,1.169118,1.613924,1.279412,1.841772,0.330882,1.063291,0.661765,1.031646,0.661765,0.626582,0.566176,0.531646,0.0,0.987342,0.308824,0.765823,0.308824,0.443038,0.213235,0.436709,-0.286765,0.835443,-0.036765,0.613924,0.044118,0.386076,-0.007353,0.386076,0.0,0.0,0.0,0.0,0.0,0.0,0.0,0.0,0.0,0.0,0.0,0.0,0.0,0.0,0.0,0.0,0.0,0.0,0.0,0.0,0.0,0.0,0.0,0.0,0.0,0.0,0.0,0.0,0.0,0.0,0.0,0.0,0.0,0.0,0.0,0.0,0.0,0.0,0.0,0.0,0.0,0.0,0.0,0.0,Z,10
0.0,0.0,0.485294,0.132911,0.830882,0.348101,1.014706,0.563291,0.963235,0.797468,0.698529,1.0,0.970588,1.367089,1.161765,1.626582,1.272059,1.85443,0.316176,1.050633,0.647059,1.037975,0.654412,0.632911,0.558824,0.512658,-0.007353,0.968354,0.294118,0.778481,0.308824,0.449367,0.213235,0.424051,-0.301471,0.816456,-0.051471,0.607595,0.036765,0.379747,-0.007353,0.360759,0.0,0.0,0.0,0.0,0.0,0.0,0.0,0.0,0.0,0.0,0.0,0.0,0.0,0.0,0.0,0.0,0.0,0.0,0.0,0.0,0.0,0.0,0.0,0.0,0.0,0.0,0.0,0.0,0.0,0.0,0.0,0.0,0.0,0.0,0.0,0.0,0.0,0.0,0.0,0.0,0.0,0.0,0.0,0.0,Z,10
0.0,0.0,0.442029,0.13253,0.76087,0.325301,0.92029,0.53012,0.891304,0.759036,0.637681,1.0,0.869565,1.337349,1.050725,1.596386,1.152174,1.813253,0.253623,1.036145,0.550725,1.066265,0.557971,0.650602,0.471014,0.548193,-0.07971,0.957831,0.217391,0.795181,0.231884,0.463855,0.144928,0.445783,-0.362319,0.801205,-0.123188,0.620482,-0.028986,0.391566,-0.065217,0.385542,0.0,0.0,0.0,0.0,0.0,0.0,0.0,0.0,0.0,0.0,0.0,0.0,0.0,0.0,0.0,0.0,0.0,0.0,0.0,0.0,0.0,0.0,0.0,0.0,0.0,0.0,0.0,0.0,0.0,0.0,0.0,0.0,0.0,0.0,0.0,0.0,0.0,0.0,0.0,0.0,0.0,0.0,0.0,0.0,Z,10
0.0,0.0,0.4375,0.115854,0.736111,0.304878,0.854167,0.506098,0.854167,0.743902,0.638889,1.0,0.833333,1.365854,0.986111,1.640244,1.076389,1.853659,0.256944,1.036585,0.520833,1.091463,0.520833,0.664634,0.451389,0.536585,-0.069444,0.957317,0.1875,0.810976,0.215278,0.47561,0.145833,0.432927,-0.361111,0.804878,-0.138889,0.628049,-0.034722,0.396341,-0.055556,0.390244,0.0,0.0,0.0,0.0,0.0,0.0,0.0,0.0,0.0,0.0,0.0,0.0,0.0,0.0,0.0,0.0,0.0,0.0,0.0,0.0,0.0,0.0,0.0,0.0,0.0,0.0,0.0,0.0,0.0,0.0,0.0,0.0,0.0,0.0,0.0,0.0,0.0,0.0,0.0,0.0,0.0,0.0,0.0,0.0,Z,10
0.0,0.0,0.464789,0.127273,0.795775,0.339394,0.866197,0.557576,0.809859,0.775758,0.633803,1.0,0.859155,1.357576,1.021127,1.624242,1.112676,1.836364,0.253521,1.036364,0.514085,1.078788,0.521127,0.684848,0.457746,0.551515,-0.077465,0.951515,0.190141,0.830303,0.225352,0.49697,0.15493,0.454545,-0.366197,0.806061,-0.133803,0.648485,-0.042254,0.412121,-0.06338,0.406061,0.0,0.0,0.0,0.0,0.0,0.0,0.0,0.0,0.0,0.0,0.0,0.0,0.0,0.0,0.0,0.0,0.0,0.0,0.0,0.0,0.0,0.0,0.0,0.0,0.0,0.0,0.0,0.0,0.0,0.0,0.0,0.0,0.0,0.0,0.0,0.0,0.0,0.0,0.0,0.0,0.0,0.0,0.0,0.0,Z,10
0.0,0.0,0.453901,0.134146,0.77305,0.359756,0.865248,0.567073,0.829787,0.77439,0.652482,1.0,0.900709,1.353659,1.06383,1.603659,1.163121,1.829268,0.283688,1.036585,0.546099,1.073171,0.560284,0.695122,0.496454,0.567073,-0.049645,0.957317,0.22695,0.823171,0.255319,0.5,0.184397,0.463415,-0.347518,0.804878,-0.106383,0.640244,-0.007092,0.414634,-0.028369,0.402439,0.0,0.0,0.0,0.0,0.0,0.0,0.0,0.0,0.0,0.0,0.0,0.0,0.0,0.0,0.0,0.0,0.0,0.0,0.0,0.0,0.0,0.0,0.0,0.0,0.0,0.0,0.0,0.0,0.0,0.0,0.0,0.0,0.0,0.0,0.0,0.0,0.0,0.0,0.0,0.0,0.0,0.0,0.0,0.0,Z,10
0.0,0.0,0.395683,0.152941,0.784173,0.376471,0.81295,0.552941,0.683453,0.670588,0.546763,1.0,0.776978,1.317647,0.94964,1.541176,1.057554,1.747059,0.165468,1.011765,0.410072,1.047059,0.47482,0.705882,0.410072,0.617647,-0.158273,0.905882,0.071942,0.829412,0.151079,0.535294,0.086331,0.505882,-0.453237,0.735294,-0.273381,0.670588,-0.158273,0.476471,-0.179856,0.452941,0.0,0.0,0.0,0.0,0.0,0.0,0.0,0.0,0.0,0.0,0.0,0.0,0.0,0.0,0.0,0.0,0.0,0.0,0.0,0.0,0.0,0.0,0.0,0.0,0.0,0.0,0.0,0.0,0.0,0.0,0.0,0.0,0.0,0.0,0.0,0.0,0.0,0.0,0.0,0.0,0.0,0.0,0.0,0.0,Z,10
0.0,0.0,0.37931,0.035088,0.758621,0.394737,0.939655,0.719298,0.991379,1.035088,0.543103,1.0,0.62069,1.307018,0.732759,1.45614,0.844828,1.526316,0.232759,1.052632,0.310345,1.359649,0.422414,1.385965,0.551724,1.403509,-0.103448,0.964912,-0.077586,1.184211,0.008621,1.052632,0.077586,0.947368,-0.456897,0.789474,-0.448276,0.991228,-0.37069,0.894737,-0.327586,0.780702,0.0086206896551724,0.1403508771929824,0.0,0.0,0.419847,0.123529,0.793893,0.417647,0.862595,0.664706,0.778626,0.858824,0.480916,1.0,0.740458,1.329412,0.954198,1.541176,1.114504,1.735294,0.10687,1.0,0.381679,1.035294,0.435115,0.711765,0.374046,0.594118,-0.21374,0.894118,0.053435,0.835294,0.122137,0.535294,0.076336,0.452941,-0.519084,0.735294,-0.29771,0.694118,-0.152672,0.470588,-0.137405,0.394118,Z,10
0.0,0.0,0.46281,0.265823,0.826446,0.588608,0.958678,0.848101,0.900826,0.949367,0.347107,1.0,0.338843,1.291139,0.438017,1.139241,0.471074,0.987342,0.008264,0.949367,0.066116,1.132911,0.206612,0.924051,0.247934,0.772152,-0.322314,0.835443,-0.247934,0.981013,-0.115702,0.797468,-0.066116,0.658228,-0.652893,0.683544,-0.628099,0.829114,-0.495868,0.702532,-0.429752,0.588608,0.0,0.0,0.0,0.0,0.0,0.0,0.0,0.0,0.0,0.0,0.0,0.0,0.0,0.0,0.0,0.0,0.0,0.0,0.0,0.0,0.0,0.0,0.0,0.0,0.0,0.0,0.0,0.0,0.0,0.0,0.0,0.0,0.0,0.0,0.0,0.0,0.0,0.0,0.0,0.0,0.0,0.0,0.0,0.0,Z,10
0.0,0.0,0.5,0.229299,0.844444,0.522293,0.944444,0.726115,0.944444,0.872611,0.133333,1.0,-0.011111,1.254777,0.133333,1.33121,0.3,1.324841,-0.255556,0.923567,-0.3,1.10828,0.044444,1.025478,0.322222,0.904459,-0.588889,0.77707,-0.588889,0.917197,-0.244444,0.853503,0.033333,0.745223,-0.866667,0.566879,-0.844444,0.694268,-0.577778,0.66879,-0.333333,0.605096,0.0,0.0,0.0,0.0,0.0,0.0,0.0,0.0,0.0,0.0,0.0,0.0,0.0,0.0,0.0,0.0,0.0,0.0,0.0,0.0,0.0,0.0,0.0,0.0,0.0,0.0,0.0,0.0,0.0,0.0,0.0,0.0,0.0,0.0,0.0,0.0,0.0,0.0,0.0,0.0,0.0,0.0,0.0,0.0,Z,10
0.0,0.0,0.383178,0.236842,0.495327,0.697368,0.242991,1.019737,-0.158879,1.184211,0.140187,1.0,0.17757,1.348684,0.233645,1.644737,0.271028,1.875,-0.224299,0.921053,-0.439252,1.131579,-0.158879,0.934211,0.093458,0.756579,-0.560748,0.756579,-0.738318,0.940789,-0.457944,0.769737,-0.261682,0.611842,-0.859813,0.532895,-0.943925,0.717105,-0.691589,0.611842,-0.523364,0.493421,0.0,0.0,0.0,0.0,0.0,0.0,0.0,0.0,0.0,0.0,0.0,0.0,0.0,0.0,0.0,0.0,0.0,0.0,0.0,0.0,0.0,0.0,0.0,0.0,0.0,0.0,0.0,0.0,0.0,0.0,0.0,0.0,0.0,0.0,0.0,0.0,0.0,0.0,0.0,0.0,0.0,0.0,0.0,0.0,Z,10
0.0,0.0,0.318584,0.220238,0.433628,0.577381,0.115044,0.75,-0.318584,0.785714,-0.070796,1.0,-0.168142,1.404762,-0.265487,1.684524,-0.371681,1.916667,-0.486726,0.875,-0.761062,1.065476,-0.469027,0.785714,-0.247788,0.613095,-0.814159,0.684524,-1.035398,0.77381,-0.699115,0.541667,-0.495575,0.416667,-1.070796,0.446429,-1.247788,0.547619,-0.938053,0.392857,-0.752212,0.309524,0.0,0.0,0.0,0.0,0.0,0.0,0.0,0.0,0.0,0.0,0.0,0.0,0.0,0.0,0.0,0.0,0.0,0.0,0.0,0.0,0.0,0.0,0.0,0.0,0.0,0.0,0.0,0.0,0.0,0.0,0.0,0.0,0.0,0.0,0.0,0.0,0.0,0.0,0.0,0.0,0.0,0.0,0.0,0.0,Z,10
0.0,0.0,0.336449,0.254237,0.429907,0.576271,0.130841,0.745763,-0.317757,0.79661,-0.186916,1.0,-0.299065,1.39548,-0.420561,1.672316,-0.560748,1.909605,-0.616822,0.864407,-0.878505,1.033898,-0.560748,0.717514,-0.35514,0.60452,-0.943925,0.694915,-1.196262,0.757062,-0.794393,0.502825,-0.579439,0.451977,-1.186916,0.480226,-1.392523,0.542373,-1.028037,0.389831,-0.82243,0.344633,0.0,0.0,0.0,0.0,0.0,0.0,0.0,0.0,0.0,0.0,0.0,0.0,0.0,0.0,0.0,0.0,0.0,0.0,0.0,0.0,0.0,0.0,0.0,0.0,0.0,0.0,0.0,0.0,0.0,0.0,0.0,0.0,0.0,0.0,0.0,0.0,0.0,0.0,0.0,0.0,0.0,0.0,0.0,0.0,Z,10
0.0,0.0,0.300885,0.268156,0.40708,0.597765,0.123894,0.782123,-0.318584,0.826816,-0.115044,1.0,-0.247788,1.396648,-0.389381,1.670391,-0.530973,1.910615,-0.530973,0.882682,-0.80531,1.03352,-0.495575,0.726257,-0.256637,0.592179,-0.858407,0.72067,-1.097345,0.765363,-0.734513,0.52514,-0.477876,0.446927,-1.115044,0.519553,-1.292035,0.553073,-0.982301,0.402235,-0.752212,0.357542,0.0,0.0,0.0,0.0,0.0,0.0,0.0,0.0,0.0,0.0,0.0,0.0,0.0,0.0,0.0,0.0,0.0,0.0,0.0,0.0,0.0,0.0,0.0,0.0,0.0,0.0,0.0,0.0,0.0,0.0,0.0,0.0,0.0,0.0,0.0,0.0,0.0,0.0,0.0,0.0,0.0,0.0,0.0,0.0,Z,10
0.0,0.0,0.29661,0.303371,0.355932,0.662921,0.008475,0.808989,-0.381356,0.808989,-0.101695,1.0,-0.20339,1.393258,-0.29661,1.668539,-0.40678,1.904494,-0.525424,0.91573,-0.627119,1.005618,-0.355932,0.747191,-0.144068,0.58427,-0.855932,0.764045,-0.915254,0.741573,-0.59322,0.533708,-0.372881,0.426966,-1.101695,0.567416,-1.118644,0.533708,-0.838983,0.398876,-0.661017,0.353933,0.0,0.0,0.0,0.0,0.0,0.0,0.0,0.0,0.0,0.0,0.0,0.0,0.0,0.0,0.0,0.0,0.0,0.0,0.0,0.0,0.0,0.0,0.0,0.0,0.0,0.0,0.0,0.0,0.0,0.0,0.0,0.0,0.0,0.0,0.0,0.0,0.0,0.0,0.0,0.0,0.0,0.0,0.0,0.0,Z,10
0.0,0.0,0.361345,0.232955,0.596639,0.613636,0.521008,0.892045,0.411765,1.090909,-0.134454,1.0,-0.352941,1.181818,-0.285714,1.130682,-0.151261,1.085227,-0.537815,0.931818,-0.403361,0.829545,-0.033613,0.573864,0.252101,0.4375,-0.848739,0.784091,-0.588235,0.613636,-0.243697,0.386364,-0.008403,0.267045,-1.134454,0.602273,-0.941176,0.5,-0.672269,0.323864,-0.495798,0.244318,0.0,0.0,0.0,0.0,0.0,0.0,0.0,0.0,0.0,0.0,0.0,0.0,0.0,0.0,0.0,0.0,0.0,0.0,0.0,0.0,0.0,0.0,0.0,0.0,0.0,0.0,0.0,0.0,0.0,0.0,0.0,0.0,0.0,0.0,0.0,0.0,0.0,0.0,0.0,0.0,0.0,0.0,0.0,0.0,Z,10
0.0,0.0,0.4,0.102041,0.8,0.22449,1.05,0.234694,1.225,0.234694,0.833333,1.0,1.166667,0.908163,1.25,0.642857,1.258333,0.489796,0.508333,1.040816,0.866667,0.438776,0.866667,0.091837,0.816667,-0.030612,0.158333,0.867347,0.475,0.132653,0.466667,-0.132653,0.425,-0.173469,-0.166667,0.591837,0.083333,-0.040816,0.108333,-0.234694,0.091667,-0.255102,0.0,0.0,0.0,0.0,0.0,0.0,0.0,0.0,0.0,0.0,0.0,0.0,0.0,0.0,0.0,0.0,0.0,0.0,0.0,0.0,0.0,0.0,0.0,0.0,0.0,0.0,0.0,0.0,0.0,0.0,0.0,0.0,0.0,0.0,0.0,0.0,0.0,0.0,0.0,0.0,0.0,0.0,0.0,0.0,Z,10
0.0,0.0,0.409722,0.028037,0.791667,0.084112,1.020833,0.17757,1.090278,0.336449,0.805556,1.0,1.180556,1.196262,1.451389,1.35514,1.673611,1.551402,0.465278,1.224299,0.756944,0.672897,0.736111,0.205607,0.666667,0.130841,0.125,1.121495,0.381944,0.261682,0.361111,0.009346,0.298611,0.158879,-0.194444,0.869159,0.006944,0.214953,0.048611,0.009346,0.0,0.140187,0.0,0.0,0.0,0.0,0.0,0.0,0.0,0.0,0.0,0.0,0.0,0.0,0.0,0.0,0.0,0.0,0.0,0.0,0.0,0.0,0.0,0.0,0.0,0.0,0.0,0.0,0.0,0.0,0.0,0.0,0.0,0.0,0.0,0.0,0.0,0.0,0.0,0.0,0.0,0.0,0.0,0.0,0.0,0.0,Z,10
0.0,0.0,0.412587,0.045872,0.818182,0.110092,1.048951,0.229358,0.979021,0.330275,0.755245,1.0,1.125874,1.183486,1.405594,1.330275,1.608392,1.513761,0.405594,1.201835,0.699301,0.669725,0.65035,0.174312,0.545455,0.091743,0.055944,1.091743,0.314685,0.33945,0.307692,0.036697,0.230769,0.12844,-0.244755,0.834862,-0.048951,0.256881,0.0,0.027523,-0.06993,0.110092,0.0,0.0,0.0,0.0,0.0,0.0,0.0,0.0,0.0,0.0,0.0,0.0,0.0,0.0,0.0,0.0,0.0,0.0,0.0,0.0,0.0,0.0,0.0,0.0,0.0,0.0,0.0,0.0,0.0,0.0,0.0,0.0,0.0,0.0,0.0,0.0,0.0,0.0,0.0,0.0,0.0,0.0,0.0,0.0,Z,10
0.0,0.0,0.430556,0.044643,0.854167,0.178571,1.083333,0.321429,1.0,0.348214,0.756944,1.0,1.125,1.169643,1.388889,1.294643,1.597222,1.482143,0.402778,1.178571,0.680556,0.660714,0.638889,0.232143,0.541667,0.196429,0.055556,1.0625,0.326389,0.321429,0.3125,0.089286,0.229167,0.241071,-0.243056,0.8125,-0.034722,0.232143,-0.013889,0.044643,-0.097222,0.151786,0.0,0.0,0.0,0.0,0.0,0.0,0.0,0.0,0.0,0.0,0.0,0.0,0.0,0.0,0.0,0.0,0.0,0.0,0.0,0.0,0.0,0.0,0.0,0.0,0.0,0.0,0.0,0.0,0.0,0.0,0.0,0.0,0.0,0.0,0.0,0.0,0.0,0.0,0.0,0.0,0.0,0.0,0.0,0.0,Z,10
0.0,0.0,0.378378,0.018519,0.756757,0.148148,0.959459,0.268519,0.918919,0.37037,0.682432,1.0,1.027027,1.212963,1.256757,1.342593,1.452703,1.518519,0.331081,1.175926,0.554054,0.740741,0.547297,0.305556,0.47973,0.194444,-0.013514,1.055556,0.182432,0.472222,0.216216,0.203704,0.168919,0.222222,-0.317568,0.796296,-0.175676,0.333333,-0.114865,0.111111,-0.141892,0.101852,0.0,0.0,0.0,0.0,0.0,0.0,0.0,0.0,0.0,0.0,0.0,0.0,0.0,0.0,0.0,0.0,0.0,0.0,0.0,0.0,0.0,0.0,0.0,0.0,0.0,0.0,0.0,0.0,0.0,0.0,0.0,0.0,0.0,0.0,0.0,0.0,0.0,0.0,0.0,0.0,0.0,0.0,0.0,0.0,Z,10
0.0,0.0,0.575758,0.015625,1.121212,0.171875,1.356061,0.3125,1.439394,0.414062,0.863636,1.0,1.257576,1.125,1.537879,1.21875,1.765152,1.3125,0.5,1.171875,0.727273,0.664062,0.681818,0.382812,0.575758,0.328125,0.166667,1.109375,0.393939,0.546875,0.393939,0.335938,0.325758,0.335938,-0.136364,0.945312,0.121212,0.515625,0.174242,0.296875,0.166667,0.21875,0.0,0.0,0.0,0.0,0.0,0.0,0.0,0.0,0.0,0.0,0.0,0.0,0.0,0.0,0.0,0.0,0.0,0.0,0.0,0.0,0.0,0.0,0.0,0.0,0.0,0.0,0.0,0.0,0.0,0.0,0.0,0.0,0.0,0.0,0.0,0.0,0.0,0.0,0.0,0.0,0.0,0.0,0.0,0.0,Z,10
0.0,0.0,0.532787,0.071942,0.92623,0.18705,1.131148,0.266187,1.172131,0.410072,0.778689,1.0,1.155738,1.143885,1.42623,1.23741,1.631148,1.323741,0.393443,1.064748,0.647541,0.856115,0.713115,0.604317,0.688525,0.52518,0.040984,0.928058,0.327869,0.589928,0.418033,0.402878,0.409836,0.388489,-0.221311,0.690647,0.07377,0.374101,0.172131,0.230216,0.163934,0.23741,0.0,0.0,0.0,0.0,0.0,0.0,0.0,0.0,0.0,0.0,0.0,0.0,0.0,0.0,0.0,0.0,0.0,0.0,0.0,0.0,0.0,0.0,0.0,0.0,0.0,0.0,0.0,0.0,0.0,0.0,0.0,0.0,0.0,0.0,0.0,0.0,0.0,0.0,0.0,0.0,0.0,0.0,0.0,0.0,Z,10
0.0,0.0,0.321101,0.024194,0.715596,0.306452,0.87156,0.596774,0.899083,0.879032,0.486239,1.0,0.688073,1.322581,0.889908,1.564516,1.018349,1.782258,0.146789,1.072581,0.486239,1.129032,0.522936,0.701613,0.440367,0.524194,-0.192661,0.991935,0.146789,0.959677,0.220183,0.556452,0.165138,0.41129,-0.513761,0.822581,-0.201835,0.741935,-0.055046,0.41129,-0.055046,0.266129,0.0,0.0,0.0,0.0,0.0,0.0,0.0,0.0,0.0,0.0,0.0,0.0,0.0,0.0,0.0,0.0,0.0,0.0,0.0,0.0,0.0,0.0,0.0,0.0,0.0,0.0,0.0,0.0,0.0,0.0,0.0,0.0,0.0,0.0,0.0,0.0,0.0,0.0,0.0,0.0,0.0,0.0,0.0,0.0,Z,11
0.0,0.0,0.434783,0.109589,0.817391,0.369863,0.956522,0.630137,0.947826,0.863014,0.608696,1.0,0.895652,1.363014,1.113043,1.623288,1.252174,1.842466,0.234783,1.027397,0.634783,1.082192,0.669565,0.678082,0.556522,0.547945,-0.086957,0.938356,0.304348,0.890411,0.356522,0.534247,0.252174,0.445205,-0.391304,0.767123,-0.06087,0.691781,0.069565,0.424658,0.043478,0.349315,0.0,0.0,0.0,0.0,0.0,0.0,0.0,0.0,0.0,0.0,0.0,0.0,0.0,0.0,0.0,0.0,0.0,0.0,0.0,0.0,0.0,0.0,0.0,0.0,0.0,0.0,0.0,0.0,0.0,0.0,0.0,0.0,0.0,0.0,0.0,0.0,0.0,0.0,0.0,0.0,0.0,0.0,0.0,0.0,Z,11
0.0,0.0,0.482456,0.134228,0.859649,0.38255,0.991228,0.624161,0.982456,0.852349,0.640351,1.0,0.938596,1.362416,1.157895,1.61745,1.289474,1.832215,0.254386,1.020134,0.666667,1.073826,0.701754,0.671141,0.587719,0.550336,-0.070175,0.932886,0.324561,0.885906,0.385965,0.516779,0.280702,0.42953,-0.359649,0.771812,-0.008772,0.677852,0.105263,0.422819,0.052632,0.355705,0.0,0.0,0.0,0.0,0.0,0.0,0.0,0.0,0.0,0.0,0.0,0.0,0.0,0.0,0.0,0.0,0.0,0.0,0.0,0.0,0.0,0.0,0.0,0.0,0.0,0.0,0.0,0.0,0.0,0.0,0.0,0.0,0.0,0.0,0.0,0.0,0.0,0.0,0.0,0.0,0.0,0.0,0.0,0.0,Z,11
0.0,0.0,0.486957,0.137255,0.86087,0.385621,1.017391,0.620915,0.991304,0.856209,0.652174,1.0,0.93913,1.352941,1.156522,1.601307,1.286957,1.803922,0.269565,1.019608,0.66087,1.071895,0.704348,0.679739,0.582609,0.568627,-0.052174,0.928105,0.321739,0.882353,0.382609,0.522876,0.269565,0.437908,-0.347826,0.764706,-0.017391,0.686275,0.113043,0.431373,0.043478,0.366013,0.0,0.0,0.0,0.0,0.0,0.0,0.0,0.0,0.0,0.0,0.0,0.0,0.0,0.0,0.0,0.0,0.0,0.0,0.0,0.0,0.0,0.0,0.0,0.0,0.0,0.0,0.0,0.0,0.0,0.0,0.0,0.0,0.0,0.0,0.0,0.0,0.0,0.0,0.0,0.0,0.0,0.0,0.0,0.0,Z,11
0.0,0.0,0.474138,0.12987,0.844828,0.376623,1.0,0.616883,1.0,0.850649,0.663793,1.0,0.956897,1.350649,1.163793,1.590909,1.284483,1.798701,0.284483,1.025974,0.663793,1.084416,0.689655,0.694805,0.586207,0.577922,-0.043103,0.941558,0.327586,0.883117,0.37931,0.525974,0.275862,0.441558,-0.336207,0.785714,0.0,0.688312,0.112069,0.435065,0.060345,0.37013,0.0,0.0,0.0,0.0,0.0,0.0,0.0,0.0,0.0,0.0,0.0,0.0,0.0,0.0,0.0,0.0,0.0,0.0,0.0,0.0,0.0,0.0,0.0,0.0,0.0,0.0,0.0,0.0,0.0,0.0,0.0,0.0,0.0,0.0,0.0,0.0,0.0,0.0,0.0,0.0,0.0,0.0,0.0,0.0,Z,11
0.0,0.0,0.482759,0.125,0.853448,0.368421,1.008621,0.598684,1.025862,0.822368,0.681034,1.0,0.965517,1.361842,1.172414,1.611842,1.284483,1.822368,0.301724,1.026316,0.672414,1.085526,0.715517,0.710526,0.62069,0.585526,-0.025862,0.947368,0.336207,0.894737,0.405172,0.552632,0.318966,0.467105,-0.318966,0.796053,0.017241,0.690789,0.12931,0.447368,0.086207,0.388158,0.0,0.0,0.0,0.0,0.0,0.0,0.0,0.0,0.0,0.0,0.0,0.0,0.0,0.0,0.0,0.0,0.0,0.0,0.0,0.0,0.0,0.0,0.0,0.0,0.0,0.0,0.0,0.0,0.0,0.0,0.0,0.0,0.0,0.0,0.0,0.0,0.0,0.0,0.0,0.0,0.0,0.0,0.0,0.0,Z,11
0.0,0.0,0.474138,0.130719,0.836207,0.372549,0.991379,0.601307,0.982759,0.830065,0.681034,1.0,0.956897,1.359477,1.163793,1.601307,1.267241,1.810458,0.301724,1.026144,0.672414,1.084967,0.715517,0.699346,0.612069,0.601307,-0.025862,0.947712,0.327586,0.882353,0.396552,0.529412,0.301724,0.470588,-0.318966,0.797386,0.008621,0.686275,0.112069,0.444444,0.051724,0.405229,0.0,0.0,0.0,0.0,0.0,0.0,0.0,0.0,0.0,0.0,0.0,0.0,0.0,0.0,0.0,0.0,0.0,0.0,0.0,0.0,0.0,0.0,0.0,0.0,0.0,0.0,0.0,0.0,0.0,0.0,0.0,0.0,0.0,0.0,0.0,0.0,0.0,0.0,0.0,0.0,0.0,0.0,0.0,0.0,Z,11
0.0,0.0,0.474576,0.124183,0.822034,0.359477,0.983051,0.581699,0.974576,0.816993,0.677966,1.0,0.966102,1.359477,1.161017,1.601307,1.262712,1.810458,0.29661,1.026144,0.669492,1.078431,0.711864,0.699346,0.618644,0.594771,-0.025424,0.941176,0.330508,0.888889,0.398305,0.535948,0.313559,0.457516,-0.322034,0.784314,0.016949,0.69281,0.127119,0.444444,0.076271,0.398693,0.0,0.0,0.0,0.0,0.0,0.0,0.0,0.0,0.0,0.0,0.0,0.0,0.0,0.0,0.0,0.0,0.0,0.0,0.0,0.0,0.0,0.0,0.0,0.0,0.0,0.0,0.0,0.0,0.0,0.0,0.0,0.0,0.0,0.0,0.0,0.0,0.0,0.0,0.0,0.0,0.0,0.0,0.0,0.0,Z,11
0.0,0.0,0.438017,0.141935,0.768595,0.380645,0.933884,0.6,0.92562,0.832258,0.652893,1.0,0.933884,1.348387,1.132231,1.587097,1.231405,1.8,0.280992,1.025806,0.644628,1.070968,0.669421,0.683871,0.553719,0.580645,-0.049587,0.941935,0.305785,0.877419,0.355372,0.529032,0.264463,0.458065,-0.347107,0.780645,-0.024793,0.683871,0.099174,0.43871,0.049587,0.380645,0.0,0.0,0.0,0.0,0.0,0.0,0.0,0.0,0.0,0.0,0.0,0.0,0.0,0.0,0.0,0.0,0.0,0.0,0.0,0.0,0.0,0.0,0.0,0.0,0.0,0.0,0.0,0.0,0.0,0.0,0.0,0.0,0.0,0.0,0.0,0.0,0.0,0.0,0.0,0.0,0.0,0.0,0.0,0.0,Z,11
0.0,0.0,0.429752,0.12963,0.785124,0.41358,0.867769,0.660494,0.85124,0.876543,0.603306,1.0,0.892562,1.320988,1.082645,1.537037,1.206612,1.746914,0.22314,1.012346,0.545455,1.024691,0.578512,0.703704,0.487603,0.617284,-0.099174,0.919753,0.239669,0.858025,0.297521,0.549383,0.22314,0.487654,-0.396694,0.759259,-0.123967,0.728395,0.024793,0.5,0.041322,0.419753,0.0,0.0,0.0,0.0,0.0,0.0,0.0,0.0,0.0,0.0,0.0,0.0,0.0,0.0,0.0,0.0,0.0,0.0,0.0,0.0,0.0,0.0,0.0,0.0,0.0,0.0,0.0,0.0,0.0,0.0,0.0,0.0,0.0,0.0,0.0,0.0,0.0,0.0,0.0,0.0,0.0,0.0,0.0,0.0,Z,11
0.0,0.0,0.357798,0.04065,0.770642,0.406504,0.87156,0.747967,0.844037,1.04065,0.46789,1.0,0.642202,1.341463,0.807339,1.609756,0.93578,1.829268,0.146789,1.04065,0.302752,1.219512,0.422018,1.04878,0.477064,0.934959,-0.192661,0.95935,-0.045872,1.04065,0.100917,0.756098,0.137615,0.585366,-0.53211,0.788618,-0.385321,0.837398,-0.229358,0.593496,-0.174312,0.406504,-0.073394495412844,0.1219512195121951,0.0,0.0,0.422764,0.100629,0.821138,0.396226,0.845528,0.666667,0.756098,0.893082,0.552846,1.0,0.829268,1.352201,1.01626,1.559748,1.138211,1.767296,0.178862,1.006289,0.479675,1.069182,0.520325,0.735849,0.430894,0.654088,-0.146341,0.918239,0.146341,0.899371,0.227642,0.572327,0.138211,0.503145,-0.447154,0.773585,-0.195122,0.767296,-0.056911,0.515723,-0.081301,0.421384,Z,11
0.0,0.0,0.572816,0.217105,1.019417,0.486842,1.07767,0.730263,0.970874,0.888158,0.553398,1.0,0.650485,1.296053,0.737864,1.098684,0.786408,0.947368,0.203883,0.960526,0.339806,1.125,0.495146,0.861842,0.543689,0.717105,-0.126214,0.861842,-0.019417,0.967105,0.126214,0.723684,0.194175,0.585526,-0.446602,0.710526,-0.330097,0.796053,-0.174757,0.625,-0.097087,0.519737,0.0,0.0,0.0,0.0,0.0,0.0,0.0,0.0,0.0,0.0,0.0,0.0,0.0,0.0,0.0,0.0,0.0,0.0,0.0,0.0,0.0,0.0,0.0,0.0,0.0,0.0,0.0,0.0,0.0,0.0,0.0,0.0,0.0,0.0,0.0,0.0,0.0,0.0,0.0,0.0,0.0,0.0,0.0,0.0,Z,11
0.0,0.0,0.483516,0.228188,0.769231,0.577181,0.78022,0.852349,0.714286,1.020134,0.230769,1.0,0.21978,1.241611,0.428571,1.067114,0.56044,0.932886,-0.10989,0.939597,-0.054945,1.167785,0.230769,0.959732,0.373626,0.812081,-0.43956,0.818792,-0.384615,1.026846,-0.076923,0.832215,0.076923,0.671141,-0.769231,0.644295,-0.659341,0.818792,-0.384615,0.704698,-0.21978,0.583893,0.0,0.0,0.0,0.0,0.0,0.0,0.0,0.0,0.0,0.0,0.0,0.0,0.0,0.0,0.0,0.0,0.0,0.0,0.0,0.0,0.0,0.0,0.0,0.0,0.0,0.0,0.0,0.0,0.0,0.0,0.0,0.0,0.0,0.0,0.0,0.0,0.0,0.0,0.0,0.0,0.0,0.0,0.0,0.0,Z,11
0.0,0.0,0.32381,0.272189,0.438095,0.627219,0.152381,0.810651,-0.219048,0.863905,-0.066667,1.0,-0.104762,1.420118,-0.114286,1.698225,-0.161905,1.940828,-0.485714,0.887574,-0.657143,1.112426,-0.352381,0.869822,-0.133333,0.662722,-0.809524,0.715976,-0.942857,0.863905,-0.571429,0.650888,-0.361905,0.497041,-1.066667,0.485207,-1.161905,0.639053,-0.838095,0.497041,-0.638095,0.384615,0.0,0.0,0.0,0.0,0.0,0.0,0.0,0.0,0.0,0.0,0.0,0.0,0.0,0.0,0.0,0.0,0.0,0.0,0.0,0.0,0.0,0.0,0.0,0.0,0.0,0.0,0.0,0.0,0.0,0.0,0.0,0.0,0.0,0.0,0.0,0.0,0.0,0.0,0.0,0.0,0.0,0.0,0.0,0.0,Z,11
0.0,0.0,0.307692,0.273256,0.432692,0.604651,0.153846,0.802326,-0.240385,0.883721,-0.057692,1.0,-0.096154,1.418605,-0.163462,1.697674,-0.269231,1.930233,-0.480769,0.877907,-0.663462,1.098837,-0.375,0.77907,-0.230769,0.627907,-0.798077,0.709302,-0.990385,0.843023,-0.625,0.575581,-0.480769,0.465116,-1.057692,0.494186,-1.201923,0.610465,-0.865385,0.447674,-0.721154,0.372093,0.0,0.0,0.0,0.0,0.0,0.0,0.0,0.0,0.0,0.0,0.0,0.0,0.0,0.0,0.0,0.0,0.0,0.0,0.0,0.0,0.0,0.0,0.0,0.0,0.0,0.0,0.0,0.0,0.0,0.0,0.0,0.0,0.0,0.0,0.0,0.0,0.0,0.0,0.0,0.0,0.0,0.0,0.0,0.0,Z,11
0.0,0.0,0.300971,0.261628,0.417476,0.575581,0.165049,0.77907,-0.223301,0.877907,-0.087379,1.0,-0.15534,1.401163,-0.242718,1.674419,-0.349515,1.901163,-0.504854,0.883721,-0.747573,1.093023,-0.475728,0.77907,-0.291262,0.639535,-0.834951,0.715116,-1.048544,0.813953,-0.708738,0.55814,-0.524272,0.465116,-1.087379,0.5,-1.281553,0.587209,-0.980583,0.430233,-0.796117,0.366279,0.0,0.0,0.0,0.0,0.0,0.0,0.0,0.0,0.0,0.0,0.0,0.0,0.0,0.0,0.0,0.0,0.0,0.0,0.0,0.0,0.0,0.0,0.0,0.0,0.0,0.0,0.0,0.0,0.0,0.0,0.0,0.0,0.0,0.0,0.0,0.0,0.0,0.0,0.0,0.0,0.0,0.0,0.0,0.0,Z,11
0.0,0.0,0.311927,0.288235,0.422018,0.611765,0.201835,0.823529,-0.165138,0.882353,-0.036697,1.0,-0.091743,1.411765,-0.165138,1.688235,-0.238532,1.923529,-0.431193,0.929412,-0.587156,1.088235,-0.33945,0.835294,-0.110092,0.647059,-0.770642,0.788235,-0.844037,0.852941,-0.541284,0.641176,-0.311927,0.494118,-1.036697,0.594118,-1.082569,0.623529,-0.816514,0.494118,-0.605505,0.405882,0.0,0.0,0.0,0.0,0.0,0.0,0.0,0.0,0.0,0.0,0.0,0.0,0.0,0.0,0.0,0.0,0.0,0.0,0.0,0.0,0.0,0.0,0.0,0.0,0.0,0.0,0.0,0.0,0.0,0.0,0.0,0.0,0.0,0.0,0.0,0.0,0.0,0.0,0.0,0.0,0.0,0.0,0.0,0.0,Z,11
0.0,0.0,0.330435,0.242938,0.565217,0.559322,0.486957,0.774011,0.286957,0.909605,-0.052174,1.0,-0.156522,1.056497,-0.078261,0.915254,0.034783,0.80226,-0.46087,0.949153,-0.373913,0.870056,-0.104348,0.60452,0.121739,0.446328,-0.782609,0.80791,-0.66087,0.694915,-0.408696,0.485876,-0.2,0.355932,-1.052174,0.621469,-1.052174,0.610169,-0.834783,0.457627,-0.643478,0.367232,0.0,0.0,0.0,0.0,0.0,0.0,0.0,0.0,0.0,0.0,0.0,0.0,0.0,0.0,0.0,0.0,0.0,0.0,0.0,0.0,0.0,0.0,0.0,0.0,0.0,0.0,0.0,0.0,0.0,0.0,0.0,0.0,0.0,0.0,0.0,0.0,0.0,0.0,0.0,0.0,0.0,0.0,0.0,0.0,Z,11
0.0,0.0,0.33945,0.592593,0.458716,1.259259,0.293578,1.802469,0.018349,2.148148,0.614679,1.0,0.211009,1.777778,-0.110092,2.259259,-0.293578,2.567901,0.348624,0.604938,-0.100917,1.419753,-0.449541,1.938272,-0.688073,2.17284,-0.009174,0.296296,-0.440367,1.08642,-0.706422,1.604938,-0.862385,1.814815,-0.385321,0.098765,-0.743119,0.728395,-0.93578,1.197531,-1.073394,1.444444,0.0,0.0,0.0,0.0,0.0,0.0,0.0,0.0,0.0,0.0,0.0,0.0,0.0,0.0,0.0,0.0,0.0,0.0,0.0,0.0,0.0,0.0,0.0,0.0,0.0,0.0,0.0,0.0,0.0,0.0,0.0,0.0,0.0,0.0,0.0,0.0,0.0,0.0,0.0,0.0,0.0,0.0,0.0,0.0,Z,11
0.0,0.0,0.387755,0.201835,0.693878,0.522936,0.867347,0.770642,1.010204,0.917431,0.55102,1.0,0.632653,1.229358,0.714286,1.321101,0.816327,1.394495,0.244898,0.981651,0.234694,1.302752,0.265306,1.229358,0.316327,1.155963,-0.091837,0.853211,-0.193878,1.119266,-0.163265,1.036697,-0.091837,0.963303,-0.44898,0.642202,-0.683673,0.917431,-0.642857,0.87156,-0.55102,0.816514,0.0,0.0,0.0,0.0,0.0,0.0,0.0,0.0,0.0,0.0,0.0,0.0,0.0,0.0,0.0,0.0,0.0,0.0,0.0,0.0,0.0,0.0,0.0,0.0,0.0,0.0,0.0,0.0,0.0,0.0,0.0,0.0,0.0,0.0,0.0,0.0,0.0,0.0,0.0,0.0,0.0,0.0,0.0,0.0,Z,11
0.0,0.0,0.407407,0.087591,0.787037,0.233577,1.018519,0.321168,1.194444,0.357664,0.712963,1.0,1.111111,0.861314,1.305556,0.562044,1.398148,0.394161,0.37963,1.036496,0.851852,0.832117,1.055556,0.437956,1.12963,0.29927,0.037037,0.927007,0.518519,0.649635,0.62037,0.277372,0.574074,0.175182,-0.287037,0.722628,0.083333,0.423358,0.194444,0.182482,0.175926,0.138686,0.0,0.0,0.0,0.0,0.0,0.0,0.0,0.0,0.0,0.0,0.0,0.0,0.0,0.0,0.0,0.0,0.0,0.0,0.0,0.0,0.0,0.0,0.0,0.0,0.0,0.0,0.0,0.0,0.0,0.0,0.0,0.0,0.0,0.0,0.0,0.0,0.0,0.0,0.0,0.0,0.0,0.0,0.0,0.0,Z,11
0.0,0.0,0.377953,0.048,0.76378,0.224,0.92126,0.416,0.913386,0.584,0.629921,1.0,0.952756,1.256,1.23622,1.464,1.464567,1.672,0.267717,1.104,0.606299,0.8,0.614173,0.368,0.543307,0.272,-0.062992,0.992,0.275591,0.536,0.307087,0.216,0.244094,0.216,-0.370079,0.752,-0.102362,0.352,0.0,0.12,0.0,0.136,0.0,0.0,0.0,0.0,0.0,0.0,0.0,0.0,0.0,0.0,0.0,0.0,0.0,0.0,0.0,0.0,0.0,0.0,0.0,0.0,0.0,0.0,0.0,0.0,0.0,0.0,0.0,0.0,0.0,0.0,0.0,0.0,0.0,0.0,0.0,0.0,0.0,0.0,0.0,0.0,0.0,0.0,0.0,0.0,Z,11
0.0,0.0,0.40625,0.083969,0.765625,0.244275,0.929688,0.419847,0.898438,0.587786,0.625,1.0,0.976562,1.259542,1.242188,1.473282,1.429688,1.671756,0.257812,1.099237,0.632812,0.839695,0.632812,0.412214,0.546875,0.328244,-0.078125,0.984733,0.28125,0.541985,0.289062,0.244275,0.203125,0.259542,-0.375,0.755725,-0.101562,0.374046,-0.007812,0.152672,-0.03125,0.167939,0.0,0.0,0.0,0.0,0.0,0.0,0.0,0.0,0.0,0.0,0.0,0.0,0.0,0.0,0.0,0.0,0.0,0.0,0.0,0.0,0.0,0.0,0.0,0.0,0.0,0.0,0.0,0.0,0.0,0.0,0.0,0.0,0.0,0.0,0.0,0.0,0.0,0.0,0.0,0.0,0.0,0.0,0.0,0.0,Z,11
0.0,0.0,0.412214,0.069767,0.78626,0.255814,0.908397,0.44186,0.908397,0.627907,0.648855,1.0,1.0,1.27907,1.267176,1.488372,1.450382,1.689922,0.274809,1.108527,0.610687,0.837209,0.625954,0.410853,0.549618,0.348837,-0.061069,0.992248,0.282443,0.527132,0.305344,0.217054,0.236641,0.255814,-0.351145,0.775194,-0.099237,0.379845,0.0,0.162791,-0.007634,0.193798,0.0,0.0,0.0,0.0,0.0,0.0,0.0,0.0,0.0,0.0,0.0,0.0,0.0,0.0,0.0,0.0,0.0,0.0,0.0,0.0,0.0,0.0,0.0,0.0,0.0,0.0,0.0,0.0,0.0,0.0,0.0,0.0,0.0,0.0,0.0,0.0,0.0,0.0,0.0,0.0,0.0,0.0,0.0,0.0,Z,11
0.0,0.0,0.460938,0.076923,0.882812,0.284615,1.132812,0.453846,1.265625,0.623077,0.65625,1.0,1.0,1.269231,1.257812,1.461538,1.460938,1.669231,0.28125,1.084615,0.617188,0.738462,0.601562,0.361538,0.507812,0.330769,-0.054688,0.961538,0.289062,0.5,0.289062,0.238462,0.203125,0.292308,-0.34375,0.730769,-0.09375,0.338462,-0.046875,0.146154,-0.101562,0.184615,0.0,0.0,0.0,0.0,0.0,0.0,0.0,0.0,0.0,0.0,0.0,0.0,0.0,0.0,0.0,0.0,0.0,0.0,0.0,0.0,0.0,0.0,0.0,0.0,0.0,0.0,0.0,0.0,0.0,0.0,0.0,0.0,0.0,0.0,0.0,0.0,0.0,0.0,0.0,0.0,0.0,0.0,0.0,0.0,Z,11
0.0,0.0,0.491525,0.087302,0.847458,0.277778,0.991525,0.404762,1.135593,0.515873,0.686441,1.0,1.042373,1.293651,1.279661,1.484127,1.457627,1.666667,0.305085,1.047619,0.559322,0.960317,0.59322,0.698413,0.533898,0.603175,-0.033898,0.920635,0.262712,0.579365,0.338983,0.357143,0.288136,0.34127,-0.313559,0.690476,-0.008475,0.373016,0.09322,0.198413,0.076271,0.174603,0.0,0.0,0.0,0.0,0.0,0.0,0.0,0.0,0.0,0.0,0.0,0.0,0.0,0.0,0.0,0.0,0.0,0.0,0.0,0.0,0.0,0.0,0.0,0.0,0.0,0.0,0.0,0.0,0.0,0.0,0.0,0.0,0.0,0.0,0.0,0.0,0.0,0.0,0.0,0.0,0.0,0.0,0.0,0.0,Z,11
0.0,0.0,0.370079,0.088889,0.700787,0.311111,0.708661,0.459259,0.543307,0.525926,0.409449,1.0,0.677165,1.274074,0.88189,1.466667,1.023622,1.637037,0.015748,1.014815,0.259843,0.925926,0.338583,0.6,0.314961,0.474074,-0.314961,0.859259,-0.047244,0.637037,0.047244,0.37037,0.023622,0.318519,-0.590551,0.637037,-0.346457,0.466667,-0.251969,0.274074,-0.267717,0.237037,0.0,0.0,0.0,0.0,0.0,0.0,0.0,0.0,0.0,0.0,0.0,0.0,0.0,0.0,0.0,0.0,0.0,0.0,0.0,0.0,0.0,0.0,0.0,0.0,0.0,0.0,0.0,0.0,0.0,0.0,0.0,0.0,0.0,0.0,0.0,0.0,0.0,0.0,0.0,0.0,0.0,0.0,0.0,0.0,Z,11
0.0,0.0,0.390411,0.089172,0.712329,0.312102,0.89726,0.547771,0.972603,0.847134,0.732877,1.0,0.979452,1.394904,1.184932,1.649682,1.294521,1.89172,0.383562,1.082803,0.712329,1.165605,0.657534,0.719745,0.541096,0.649682,0.061644,1.031847,0.342466,0.993631,0.328767,0.579618,0.219178,0.573248,-0.267123,0.910828,-0.006849,0.789809,0.054795,0.496815,-0.041096,0.496815,0.0,0.0,0.0,0.0,0.0,0.0,0.0,0.0,0.0,0.0,0.0,0.0,0.0,0.0,0.0,0.0,0.0,0.0,0.0,0.0,0.0,0.0,0.0,0.0,0.0,0.0,0.0,0.0,0.0,0.0,0.0,0.0,0.0,0.0,0.0,0.0,0.0,0.0,0.0,0.0,0.0,0.0,0.0,0.0,Z,12
0.0,0.0,0.479167,0.080745,0.861111,0.310559,1.027778,0.57764,1.0,0.84472,0.819444,1.0,1.104167,1.378882,1.305556,1.63354,1.416667,1.875776,0.465278,1.068323,0.784722,1.118012,0.736111,0.68323,0.604167,0.596273,0.138889,1.024845,0.430556,0.968944,0.423611,0.571429,0.291667,0.534161,-0.180556,0.906832,0.097222,0.751553,0.138889,0.484472,0.027778,0.47205,0.0,0.0,0.0,0.0,0.0,0.0,0.0,0.0,0.0,0.0,0.0,0.0,0.0,0.0,0.0,0.0,0.0,0.0,0.0,0.0,0.0,0.0,0.0,0.0,0.0,0.0,0.0,0.0,0.0,0.0,0.0,0.0,0.0,0.0,0.0,0.0,0.0,0.0,0.0,0.0,0.0,0.0,0.0,0.0,Z,12
0.0,0.0,0.492958,0.086957,0.887324,0.322981,1.077465,0.590062,1.06338,0.875776,0.84507,1.0,1.133803,1.385093,1.338028,1.645963,1.450704,1.875776,0.492958,1.068323,0.823944,1.149068,0.774648,0.720497,0.633803,0.621118,0.169014,1.024845,0.464789,0.987578,0.450704,0.596273,0.316901,0.552795,-0.15493,0.913043,0.119718,0.776398,0.169014,0.509317,0.06338,0.490683,0.0,0.0,0.0,0.0,0.0,0.0,0.0,0.0,0.0,0.0,0.0,0.0,0.0,0.0,0.0,0.0,0.0,0.0,0.0,0.0,0.0,0.0,0.0,0.0,0.0,0.0,0.0,0.0,0.0,0.0,0.0,0.0,0.0,0.0,0.0,0.0,0.0,0.0,0.0,0.0,0.0,0.0,0.0,0.0,Z,12
0.0,0.0,0.5,0.114458,0.875,0.343373,1.041667,0.590361,1.013889,0.849398,0.826389,1.0,1.118056,1.361446,1.319444,1.614458,1.430556,1.843373,0.472222,1.060241,0.798611,1.114458,0.756944,0.698795,0.625,0.60241,0.138889,1.012048,0.444444,0.963855,0.430556,0.584337,0.305556,0.542169,-0.173611,0.885542,0.104167,0.777108,0.159722,0.506024,0.069444,0.46988,0.0,0.0,0.0,0.0,0.0,0.0,0.0,0.0,0.0,0.0,0.0,0.0,0.0,0.0,0.0,0.0,0.0,0.0,0.0,0.0,0.0,0.0,0.0,0.0,0.0,0.0,0.0,0.0,0.0,0.0,0.0,0.0,0.0,0.0,0.0,0.0,0.0,0.0,0.0,0.0,0.0,0.0,0.0,0.0,Z,12
0.0,0.0,0.475862,0.113772,0.855172,0.341317,1.006897,0.592814,0.986207,0.850299,0.793103,1.0,1.075862,1.359281,1.268966,1.610778,1.37931,1.838323,0.434483,1.05988,0.751724,1.125749,0.724138,0.706587,0.6,0.598802,0.110345,1.005988,0.4,0.982036,0.4,0.598802,0.282759,0.532934,-0.206897,0.88024,0.068966,0.778443,0.131034,0.502994,0.048276,0.461078,0.0,0.0,0.0,0.0,0.0,0.0,0.0,0.0,0.0,0.0,0.0,0.0,0.0,0.0,0.0,0.0,0.0,0.0,0.0,0.0,0.0,0.0,0.0,0.0,0.0,0.0,0.0,0.0,0.0,0.0,0.0,0.0,0.0,0.0,0.0,0.0,0.0,0.0,0.0,0.0,0.0,0.0,0.0,0.0,Z,12
0.0,0.0,0.479452,0.10303,0.849315,0.309091,1.0,0.569697,1.0,0.848485,0.794521,1.0,1.068493,1.369697,1.260274,1.624242,1.363014,1.854545,0.438356,1.054545,0.760274,1.133333,0.732877,0.70303,0.60274,0.6,0.109589,1.0,0.39726,0.981818,0.40411,0.587879,0.287671,0.533333,-0.205479,0.872727,0.054795,0.781818,0.130137,0.50303,0.054795,0.460606,0.0,0.0,0.0,0.0,0.0,0.0,0.0,0.0,0.0,0.0,0.0,0.0,0.0,0.0,0.0,0.0,0.0,0.0,0.0,0.0,0.0,0.0,0.0,0.0,0.0,0.0,0.0,0.0,0.0,0.0,0.0,0.0,0.0,0.0,0.0,0.0,0.0,0.0,0.0,0.0,0.0,0.0,0.0,0.0,Z,12
0.0,0.0,0.482759,0.090909,0.868966,0.321212,1.006897,0.6,0.965517,0.860606,0.813793,1.0,1.089655,1.363636,1.282759,1.618182,1.386207,1.848485,0.448276,1.054545,0.751724,1.121212,0.717241,0.69697,0.6,0.630303,0.124138,1.006061,0.406897,0.981818,0.413793,0.593939,0.296552,0.563636,-0.186207,0.884848,0.082759,0.781818,0.131034,0.509091,0.034483,0.484848,0.0,0.0,0.0,0.0,0.0,0.0,0.0,0.0,0.0,0.0,0.0,0.0,0.0,0.0,0.0,0.0,0.0,0.0,0.0,0.0,0.0,0.0,0.0,0.0,0.0,0.0,0.0,0.0,0.0,0.0,0.0,0.0,0.0,0.0,0.0,0.0,0.0,0.0,0.0,0.0,0.0,0.0,0.0,0.0,Z,12
0.0,0.0,0.482759,0.086957,0.862069,0.310559,1.013793,0.57764,1.013793,0.869565,0.827586,1.0,1.103448,1.385093,1.296552,1.652174,1.4,1.888199,0.475862,1.068323,0.772414,1.136646,0.731034,0.714286,0.613793,0.621118,0.151724,1.024845,0.427586,1.0,0.42069,0.608696,0.310345,0.559006,-0.172414,0.906832,0.089655,0.78882,0.144828,0.515528,0.062069,0.484472,0.0,0.0,0.0,0.0,0.0,0.0,0.0,0.0,0.0,0.0,0.0,0.0,0.0,0.0,0.0,0.0,0.0,0.0,0.0,0.0,0.0,0.0,0.0,0.0,0.0,0.0,0.0,0.0,0.0,0.0,0.0,0.0,0.0,0.0,0.0,0.0,0.0,0.0,0.0,0.0,0.0,0.0,0.0,0.0,Z,12
0.0,0.0,0.482759,0.096386,0.862069,0.325301,1.013793,0.578313,1.006897,0.855422,0.806897,1.0,1.089655,1.361446,1.275862,1.608434,1.386207,1.831325,0.455172,1.060241,0.765517,1.120482,0.724138,0.710843,0.6,0.608434,0.124138,1.012048,0.413793,0.975904,0.406897,0.596386,0.289655,0.542169,-0.193103,0.885542,0.082759,0.777108,0.144828,0.506024,0.062069,0.463855,0.0,0.0,0.0,0.0,0.0,0.0,0.0,0.0,0.0,0.0,0.0,0.0,0.0,0.0,0.0,0.0,0.0,0.0,0.0,0.0,0.0,0.0,0.0,0.0,0.0,0.0,0.0,0.0,0.0,0.0,0.0,0.0,0.0,0.0,0.0,0.0,0.0,0.0,0.0,0.0,0.0,0.0,0.0,0.0,Z,12
0.0,0.0,0.486301,0.10241,0.876712,0.337349,1.013699,0.608434,0.965753,0.873494,0.808219,1.0,1.075342,1.355422,1.267123,1.60241,1.363014,1.831325,0.445205,1.060241,0.760274,1.126506,0.726027,0.704819,0.59589,0.626506,0.123288,1.012048,0.39726,0.96988,0.40411,0.590361,0.280822,0.554217,-0.191781,0.885542,0.068493,0.753012,0.123288,0.493976,0.027397,0.481928,0.0,0.0,0.0,0.0,0.0,0.0,0.0,0.0,0.0,0.0,0.0,0.0,0.0,0.0,0.0,0.0,0.0,0.0,0.0,0.0,0.0,0.0,0.0,0.0,0.0,0.0,0.0,0.0,0.0,0.0,0.0,0.0,0.0,0.0,0.0,0.0,0.0,0.0,0.0,0.0,0.0,0.0,0.0,0.0,Z,12
0.0,0.0,0.469799,0.10303,0.85906,0.333333,0.986577,0.606061,0.932886,0.872727,0.778523,1.0,1.033557,1.363636,1.214765,1.618182,1.308725,1.848485,0.422819,1.060606,0.724832,1.139394,0.691275,0.70303,0.563758,0.606061,0.09396,1.012121,0.362416,0.975758,0.362416,0.581818,0.248322,0.539394,-0.221477,0.884848,0.033557,0.763636,0.087248,0.490909,0.0,0.478788,0.0,0.0,0.0,0.0,0.0,0.0,0.0,0.0,0.0,0.0,0.0,0.0,0.0,0.0,0.0,0.0,0.0,0.0,0.0,0.0,0.0,0.0,0.0,0.0,0.0,0.0,0.0,0.0,0.0,0.0,0.0,0.0,0.0,0.0,0.0,0.0,0.0,0.0,0.0,0.0,0.0,0.0,0.0,0.0,Z,12
0.0,0.0,0.434483,0.104046,0.813793,0.317919,0.965517,0.531792,0.937931,0.763006,0.717241,1.0,1.0,1.323699,1.213793,1.566474,1.337931,1.763006,0.344828,1.028902,0.6,1.109827,0.613793,0.734104,0.544828,0.635838,0.02069,0.959538,0.275862,0.913295,0.310345,0.572254,0.22069,0.526012,-0.282759,0.820809,-0.027586,0.757225,0.062069,0.514451,0.006897,0.468208,0.0,0.0,0.0,0.0,0.0,0.0,0.0,0.0,0.0,0.0,0.0,0.0,0.0,0.0,0.0,0.0,0.0,0.0,0.0,0.0,0.0,0.0,0.0,0.0,0.0,0.0,0.0,0.0,0.0,0.0,0.0,0.0,0.0,0.0,0.0,0.0,0.0,0.0,0.0,0.0,0.0,0.0,0.0,0.0,Z,12
0.0,0.0,0.443662,0.098266,0.830986,0.346821,0.971831,0.583815,0.964789,0.83815,0.683099,1.0,0.964789,1.346821,1.176056,1.578035,1.302817,1.786127,0.316901,1.0,0.577465,1.092486,0.619718,0.710983,0.549296,0.630058,0.0,0.919075,0.239437,0.907514,0.316901,0.566474,0.239437,0.520231,-0.316901,0.763006,-0.105634,0.768786,0.021127,0.520231,-0.007042,0.462428,0.0,0.0,0.0,0.0,0.0,0.0,0.0,0.0,0.0,0.0,0.0,0.0,0.0,0.0,0.0,0.0,0.0,0.0,0.0,0.0,0.0,0.0,0.0,0.0,0.0,0.0,0.0,0.0,0.0,0.0,0.0,0.0,0.0,0.0,0.0,0.0,0.0,0.0,0.0,0.0,0.0,0.0,0.0,0.0,Z,12
0.0,0.0,0.496241,0.111111,0.954887,0.326797,1.157895,0.529412,1.225564,0.686275,0.609023,1.0,0.691729,1.359477,0.759398,1.228758,0.81203,1.143791,0.270677,0.993464,0.37594,1.169935,0.473684,0.882353,0.488722,0.751634,-0.06015,0.901961,0.045113,1.019608,0.135338,0.751634,0.142857,0.620915,-0.390977,0.75817,-0.285714,0.843137,-0.172932,0.660131,-0.135338,0.555556,0.0,0.0,0.0,0.0,0.0,0.0,0.0,0.0,0.0,0.0,0.0,0.0,0.0,0.0,0.0,0.0,0.0,0.0,0.0,0.0,0.0,0.0,0.0,0.0,0.0,0.0,0.0,0.0,0.0,0.0,0.0,0.0,0.0,0.0,0.0,0.0,0.0,0.0,0.0,0.0,0.0,0.0,0.0,0.0,Z,12
0.0,0.0,0.347458,0.271277,0.525424,0.611702,0.29661,0.829787,-0.084746,0.914894,0.008475,1.0,0.025424,1.414894,0.050847,1.702128,0.025424,1.952128,-0.364407,0.909574,-0.491525,1.143617,-0.288136,0.888298,-0.177966,0.68617,-0.686441,0.755319,-0.822034,0.962766,-0.550847,0.739362,-0.415254,0.574468,-0.991525,0.553191,-1.101695,0.744681,-0.847458,0.606383,-0.694915,0.473404,0.0,0.0,0.0,0.0,0.0,0.0,0.0,0.0,0.0,0.0,0.0,0.0,0.0,0.0,0.0,0.0,0.0,0.0,0.0,0.0,0.0,0.0,0.0,0.0,0.0,0.0,0.0,0.0,0.0,0.0,0.0,0.0,0.0,0.0,0.0,0.0,0.0,0.0,0.0,0.0,0.0,0.0,0.0,0.0,Z,12
0.0,0.0,0.305785,0.253886,0.471074,0.580311,0.289256,0.797927,-0.07438,0.891192,0.033058,1.0,0.0,1.398964,-0.033058,1.668394,-0.107438,1.906736,-0.371901,0.901554,-0.520661,1.108808,-0.305785,0.792746,-0.181818,0.647668,-0.694215,0.746114,-0.876033,0.891192,-0.603306,0.637306,-0.479339,0.544041,-0.966942,0.53886,-1.099174,0.65285,-0.826446,0.487047,-0.677686,0.419689,0.0,0.0,0.0,0.0,0.0,0.0,0.0,0.0,0.0,0.0,0.0,0.0,0.0,0.0,0.0,0.0,0.0,0.0,0.0,0.0,0.0,0.0,0.0,0.0,0.0,0.0,0.0,0.0,0.0,0.0,0.0,0.0,0.0,0.0,0.0,0.0,0.0,0.0,0.0,0.0,0.0,0.0,0.0,0.0,Z,12
0.0,0.0,0.316667,0.25,0.475,0.56383,0.308333,0.792553,-0.075,0.904255,0.0,1.0,-0.075,1.404255,-0.158333,1.680851,-0.275,1.914894,-0.391667,0.898936,-0.541667,1.090426,-0.3,0.765957,-0.141667,0.595745,-0.725,0.739362,-0.9,0.87234,-0.583333,0.601064,-0.4,0.468085,-1.0,0.521277,-1.15,0.62766,-0.833333,0.462766,-0.633333,0.37766,0.0,0.0,0.0,0.0,0.0,0.0,0.0,0.0,0.0,0.0,0.0,0.0,0.0,0.0,0.0,0.0,0.0,0.0,0.0,0.0,0.0,0.0,0.0,0.0,0.0,0.0,0.0,0.0,0.0,0.0,0.0,0.0,0.0,0.0,0.0,0.0,0.0,0.0,0.0,0.0,0.0,0.0,0.0,0.0,Z,12
0.0,0.0,0.342105,0.271277,0.482456,0.601064,0.289474,0.835106,-0.105263,0.925532,0.017544,1.0,-0.061404,1.404255,-0.131579,1.675532,-0.219298,1.909574,-0.394737,0.904255,-0.570175,1.132979,-0.298246,0.840426,-0.096491,0.632979,-0.72807,0.734043,-0.912281,0.898936,-0.578947,0.659574,-0.368421,0.505319,-0.982456,0.510638,-1.122807,0.654255,-0.815789,0.510638,-0.622807,0.398936,0.0,0.0,0.0,0.0,0.0,0.0,0.0,0.0,0.0,0.0,0.0,0.0,0.0,0.0,0.0,0.0,0.0,0.0,0.0,0.0,0.0,0.0,0.0,0.0,0.0,0.0,0.0,0.0,0.0,0.0,0.0,0.0,0.0,0.0,0.0,0.0,0.0,0.0,0.0,0.0,0.0,0.0,0.0,0.0,Z,12
0.0,0.0,0.343066,0.198925,0.613139,0.510753,0.49635,0.709677,0.277372,0.795699,0.080292,1.0,0.080292,1.311828,0.058394,1.548387,0.051095,1.736559,-0.313869,0.951613,-0.240876,0.951613,-0.007299,0.650538,0.160584,0.489247,-0.642336,0.817204,-0.540146,0.758065,-0.306569,0.505376,-0.145985,0.365591,-0.919708,0.61828,-0.839416,0.575269,-0.59854,0.392473,-0.430657,0.311828,0.0,0.0,0.0,0.0,0.0,0.0,0.0,0.0,0.0,0.0,0.0,0.0,0.0,0.0,0.0,0.0,0.0,0.0,0.0,0.0,0.0,0.0,0.0,0.0,0.0,0.0,0.0,0.0,0.0,0.0,0.0,0.0,0.0,0.0,0.0,0.0,0.0,0.0,0.0,0.0,0.0,0.0,0.0,0.0,Z,12
0.0,0.0,0.401408,0.164706,0.697183,0.464706,0.690141,0.717647,0.443662,0.823529,0.415493,1.0,0.366197,1.317647,0.359155,1.394118,0.394366,1.388235,0.06338,0.970588,-0.042254,1.076471,0.049296,0.858824,0.183099,0.670588,-0.28169,0.847059,-0.394366,0.970588,-0.288732,0.8,-0.15493,0.623529,-0.584507,0.682353,-0.711268,0.788235,-0.591549,0.664706,-0.457746,0.541176,0.0,0.0,0.0,0.0,0.0,0.0,0.0,0.0,0.0,0.0,0.0,0.0,0.0,0.0,0.0,0.0,0.0,0.0,0.0,0.0,0.0,0.0,0.0,0.0,0.0,0.0,0.0,0.0,0.0,0.0,0.0,0.0,0.0,0.0,0.0,0.0,0.0,0.0,0.0,0.0,0.0,0.0,0.0,0.0,Z,12
0.0,0.0,0.317881,0.168421,0.629139,0.352632,0.728477,0.505263,0.602649,0.589474,0.331126,1.0,0.543046,1.063158,0.649007,1.047368,0.715232,1.068421,-0.05298,1.031579,0.284768,0.8,0.410596,0.478947,0.417219,0.394737,-0.390728,0.915789,-0.006623,0.642105,0.112583,0.368421,0.086093,0.321053,-0.668874,0.726316,-0.357616,0.531579,-0.231788,0.326316,-0.251656,0.284211,0.0,0.0,0.0,0.0,0.0,0.0,0.0,0.0,0.0,0.0,0.0,0.0,0.0,0.0,0.0,0.0,0.0,0.0,0.0,0.0,0.0,0.0,0.0,0.0,0.0,0.0,0.0,0.0,0.0,0.0,0.0,0.0,0.0,0.0,0.0,0.0,0.0,0.0,0.0,0.0,0.0,0.0,0.0,0.0,Z,12
0.0,0.0,0.468531,0.065789,0.888112,0.243421,1.132867,0.381579,1.300699,0.519737,0.776224,1.0,1.125874,1.171053,1.41958,1.322368,1.671329,1.467105,0.433566,1.085526,0.811189,0.776316,0.888112,0.394737,0.867133,0.256579,0.097902,0.993421,0.475524,0.585526,0.51049,0.282895,0.461538,0.236842,-0.223776,0.802632,0.083916,0.447368,0.13986,0.223684,0.097902,0.203947,0.0,0.0,0.0,0.0,0.0,0.0,0.0,0.0,0.0,0.0,0.0,0.0,0.0,0.0,0.0,0.0,0.0,0.0,0.0,0.0,0.0,0.0,0.0,0.0,0.0,0.0,0.0,0.0,0.0,0.0,0.0,0.0,0.0,0.0,0.0,0.0,0.0,0.0,0.0,0.0,0.0,0.0,0.0,0.0,Z,12
0.0,0.0,0.517483,0.090278,0.916084,0.25,1.118881,0.395833,1.230769,0.541667,0.825175,1.0,1.237762,1.159722,1.496503,1.319444,1.685315,1.5,0.468531,1.111111,0.846154,0.791667,0.811189,0.368056,0.706294,0.3125,0.13986,1.006944,0.468531,0.590278,0.454545,0.256944,0.356643,0.263889,-0.174825,0.805556,0.062937,0.465278,0.153846,0.222222,0.125874,0.215278,0.0,0.0,0.0,0.0,0.0,0.0,0.0,0.0,0.0,0.0,0.0,0.0,0.0,0.0,0.0,0.0,0.0,0.0,0.0,0.0,0.0,0.0,0.0,0.0,0.0,0.0,0.0,0.0,0.0,0.0,0.0,0.0,0.0,0.0,0.0,0.0,0.0,0.0,0.0,0.0,0.0,0.0,0.0,0.0,Z,12
0.0,0.0,0.520548,0.112676,0.89726,0.260563,1.116438,0.415493,1.089041,0.521127,0.849315,1.0,1.260274,1.15493,1.520548,1.316901,1.69863,1.485915,0.493151,1.105634,0.849315,0.809859,0.80137,0.359155,0.719178,0.288732,0.150685,1.0,0.479452,0.549296,0.438356,0.211268,0.342466,0.21831,-0.150685,0.802817,0.089041,0.422535,0.150685,0.183099,0.109589,0.197183,0.0,0.0,0.0,0.0,0.0,0.0,0.0,0.0,0.0,0.0,0.0,0.0,0.0,0.0,0.0,0.0,0.0,0.0,0.0,0.0,0.0,0.0,0.0,0.0,0.0,0.0,0.0,0.0,0.0,0.0,0.0,0.0,0.0,0.0,0.0,0.0,0.0,0.0,0.0,0.0,0.0,0.0,0.0,0.0,Z,12
0.0,0.0,0.507246,0.121019,0.963768,0.414013,1.246377,0.713376,1.391304,0.987261,0.644928,1.0,1.050725,1.121019,1.347826,1.235669,1.572464,1.375796,0.275362,1.089172,0.644928,0.738854,0.615942,0.382166,0.5,0.350318,-0.057971,0.980892,0.282609,0.515924,0.26087,0.267516,0.152174,0.33121,-0.355072,0.77707,-0.108696,0.388535,-0.086957,0.22293,-0.188406,0.280255,0.0,0.0,0.0,0.0,0.0,0.0,0.0,0.0,0.0,0.0,0.0,0.0,0.0,0.0,0.0,0.0,0.0,0.0,0.0,0.0,0.0,0.0,0.0,0.0,0.0,0.0,0.0,0.0,0.0,0.0,0.0,0.0,0.0,0.0,0.0,0.0,0.0,0.0,0.0,0.0,0.0,0.0,0.0,0.0,Z,12
0.0,0.0,0.525926,0.047619,1.022222,0.306122,1.340741,0.537415,1.525926,0.734694,0.785185,1.0,1.185185,1.163265,1.474074,1.306122,1.711111,1.442177,0.437037,1.115646,0.785185,0.77551,0.740741,0.428571,0.622222,0.312925,0.103704,1.054422,0.422222,0.632653,0.385185,0.346939,0.281481,0.278912,-0.214815,0.911565,0.044444,0.571429,0.066667,0.333333,0.014815,0.258503,0.0,0.0,0.0,0.0,0.0,0.0,0.0,0.0,0.0,0.0,0.0,0.0,0.0,0.0,0.0,0.0,0.0,0.0,0.0,0.0,0.0,0.0,0.0,0.0,0.0,0.0,0.0,0.0,0.0,0.0,0.0,0.0,0.0,0.0,0.0,0.0,0.0,0.0,0.0,0.0,0.0,0.0,0.0,0.0,Z,12
0.0,0.0,0.384058,0.117647,0.717391,0.300654,0.782609,0.431373,0.695652,0.522876,0.471014,1.0,0.717391,1.111111,0.884058,1.183007,1.0,1.27451,0.086957,1.013072,0.34058,0.869281,0.434783,0.568627,0.434783,0.464052,-0.246377,0.869281,0.028986,0.581699,0.101449,0.339869,0.065217,0.300654,-0.528986,0.647059,-0.275362,0.411765,-0.195652,0.24183,-0.217391,0.222222,0.0,0.0,0.0,0.0,0.0,0.0,0.0,0.0,0.0,0.0,0.0,0.0,0.0,0.0,0.0,0.0,0.0,0.0,0.0,0.0,0.0,0.0,0.0,0.0,0.0,0.0,0.0,0.0,0.0,0.0,0.0,0.0,0.0,0.0,0.0,0.0,0.0,0.0,0.0,0.0,0.0,0.0,0.0,0.0,Z,12
0.0,0.0,0.333333,0.067227,0.733333,0.386555,0.885714,0.705882,0.847619,0.97479,0.52381,1.0,0.67619,1.369748,0.838095,1.630252,0.92381,1.882353,0.190476,1.084034,0.571429,1.084034,0.533333,0.647059,0.371429,0.546218,-0.142857,1.02521,0.228571,0.941176,0.219048,0.529412,0.07619,0.478992,-0.47619,0.882353,-0.142857,0.815126,-0.085714,0.512605,-0.2,0.462185,0.0,0.0,0.0,0.0,0.0,0.0,0.0,0.0,0.0,0.0,0.0,0.0,0.0,0.0,0.0,0.0,0.0,0.0,0.0,0.0,0.0,0.0,0.0,0.0,0.0,0.0,0.0,0.0,0.0,0.0,0.0,0.0,0.0,0.0,0.0,0.0,0.0,0.0,0.0,0.0,0.0,0.0,0.0,0.0,Z,13
0.0,0.0,0.529412,0.116788,0.960784,0.372263,1.176471,0.635036,1.147059,0.890511,0.784314,1.0,1.058824,1.364964,1.254902,1.627737,1.362745,1.861314,0.421569,1.051095,0.843137,1.058394,0.794118,0.656934,0.627451,0.591241,0.098039,1.007299,0.5,0.905109,0.45098,0.540146,0.284314,0.50365,-0.215686,0.890511,0.137255,0.80292,0.166667,0.532847,0.029412,0.49635,0.0,0.0,0.0,0.0,0.0,0.0,0.0,0.0,0.0,0.0,0.0,0.0,0.0,0.0,0.0,0.0,0.0,0.0,0.0,0.0,0.0,0.0,0.0,0.0,0.0,0.0,0.0,0.0,0.0,0.0,0.0,0.0,0.0,0.0,0.0,0.0,0.0,0.0,0.0,0.0,0.0,0.0,0.0,0.0,Z,13
0.0,0.0,0.543689,0.108696,0.990291,0.362319,1.213592,0.623188,1.213592,0.876812,0.84466,1.0,1.116505,1.362319,1.31068,1.615942,1.427184,1.84058,0.485437,1.065217,0.893204,1.07971,0.834951,0.695652,0.68932,0.608696,0.15534,1.021739,0.543689,0.913043,0.475728,0.572464,0.320388,0.528986,-0.15534,0.927536,0.194175,0.833333,0.203883,0.586957,0.07767,0.550725,0.0,0.0,0.0,0.0,0.0,0.0,0.0,0.0,0.0,0.0,0.0,0.0,0.0,0.0,0.0,0.0,0.0,0.0,0.0,0.0,0.0,0.0,0.0,0.0,0.0,0.0,0.0,0.0,0.0,0.0,0.0,0.0,0.0,0.0,0.0,0.0,0.0,0.0,0.0,0.0,0.0,0.0,0.0,0.0,Z,13
0.0,0.0,0.52381,0.116788,0.952381,0.372263,1.171429,0.627737,1.142857,0.883212,0.819048,1.0,1.104762,1.372263,1.304762,1.620438,1.409524,1.854015,0.466667,1.072993,0.838095,1.087591,0.761905,0.693431,0.609524,0.605839,0.142857,1.029197,0.495238,0.941606,0.428571,0.583942,0.27619,0.532847,-0.180952,0.934307,0.133333,0.854015,0.161905,0.591241,0.057143,0.540146,0.0,0.0,0.0,0.0,0.0,0.0,0.0,0.0,0.0,0.0,0.0,0.0,0.0,0.0,0.0,0.0,0.0,0.0,0.0,0.0,0.0,0.0,0.0,0.0,0.0,0.0,0.0,0.0,0.0,0.0,0.0,0.0,0.0,0.0,0.0,0.0,0.0,0.0,0.0,0.0,0.0,0.0,0.0,0.0,Z,13
0.0,0.0,0.486239,0.100719,0.899083,0.366906,1.12844,0.625899,1.110092,0.877698,0.807339,1.0,1.110092,1.352518,1.302752,1.604317,1.40367,1.827338,0.458716,1.064748,0.798165,1.086331,0.733945,0.697842,0.587156,0.625899,0.12844,1.028777,0.46789,0.935252,0.40367,0.589928,0.256881,0.568345,-0.192661,0.935252,0.12844,0.848921,0.146789,0.597122,0.036697,0.568345,0.0,0.0,0.0,0.0,0.0,0.0,0.0,0.0,0.0,0.0,0.0,0.0,0.0,0.0,0.0,0.0,0.0,0.0,0.0,0.0,0.0,0.0,0.0,0.0,0.0,0.0,0.0,0.0,0.0,0.0,0.0,0.0,0.0,0.0,0.0,0.0,0.0,0.0,0.0,0.0,0.0,0.0,0.0,0.0,Z,13
0.0,0.0,0.438776,0.142857,0.816327,0.537815,0.897959,0.882353,0.826531,1.10084,0.530612,1.0,0.571429,1.226891,0.602041,0.966387,0.642857,0.789916,0.204082,0.97479,0.234694,1.168067,0.316327,0.865546,0.336735,0.689076,-0.122449,0.890756,-0.102041,1.067227,-0.010204,0.781513,0.010204,0.605042,-0.469388,0.756303,-0.397959,0.92437,-0.306122,0.722689,-0.295918,0.571429,-0.1020408163265306,0.1596638655462184,0.0,0.0,0.53271,0.174825,0.962617,0.48951,1.018692,0.776224,0.943925,0.972028,0.616822,1.0,0.766355,1.370629,0.841121,1.34965,0.915888,1.34965,0.280374,0.979021,0.429907,1.167832,0.542056,0.881119,0.560748,0.748252,-0.046729,0.895105,0.074766,1.048951,0.17757,0.783217,0.17757,0.657343,-0.383178,0.769231,-0.242991,0.888112,-0.130841,0.706294,-0.130841,0.601399,Z,13
0.0,0.0,0.376238,0.170213,0.594059,0.531915,0.534653,0.822695,0.29703,0.985816,0.207921,1.0,0.277228,1.397163,0.336634,1.680851,0.336634,1.907801,-0.148515,0.950355,-0.148515,1.234043,0.029703,0.971631,0.09901,0.77305,-0.475248,0.822695,-0.415842,0.971631,-0.207921,0.723404,-0.158416,0.58156,-0.792079,0.64539,-0.70297,0.794326,-0.50495,0.624113,-0.455446,0.503546,0.0,0.0,0.0,0.0,0.0,0.0,0.0,0.0,0.0,0.0,0.0,0.0,0.0,0.0,0.0,0.0,0.0,0.0,0.0,0.0,0.0,0.0,0.0,0.0,0.0,0.0,0.0,0.0,0.0,0.0,0.0,0.0,0.0,0.0,0.0,0.0,0.0,0.0,0.0,0.0,0.0,0.0,0.0,0.0,Z,13
0.0,0.0,0.355769,0.228758,0.567308,0.555556,0.403846,0.823529,0.115385,0.993464,0.173077,1.0,0.182692,1.359477,0.125,1.607843,0.057692,1.816993,-0.201923,0.928105,-0.307692,1.176471,-0.163462,0.856209,-0.076923,0.72549,-0.528846,0.797386,-0.625,0.921569,-0.413462,0.627451,-0.326923,0.54902,-0.826923,0.614379,-0.903846,0.732026,-0.682692,0.542484,-0.576923,0.470588,0.0,0.0,0.0,0.0,0.0,0.0,0.0,0.0,0.0,0.0,0.0,0.0,0.0,0.0,0.0,0.0,0.0,0.0,0.0,0.0,0.0,0.0,0.0,0.0,0.0,0.0,0.0,0.0,0.0,0.0,0.0,0.0,0.0,0.0,0.0,0.0,0.0,0.0,0.0,0.0,0.0,0.0,0.0,0.0,Z,13
0.0,0.0,0.383178,0.192053,0.626168,0.536424,0.495327,0.807947,0.168224,0.92053,0.242991,1.0,0.196262,1.350993,0.149533,1.589404,0.102804,1.801325,-0.121495,0.986755,-0.158879,1.05298,-0.009346,0.761589,0.121495,0.589404,-0.448598,0.874172,-0.457944,0.86755,-0.261682,0.622517,-0.130841,0.483444,-0.757009,0.715232,-0.738318,0.701987,-0.551402,0.529801,-0.429907,0.443709,0.0,0.0,0.0,0.0,0.0,0.0,0.0,0.0,0.0,0.0,0.0,0.0,0.0,0.0,0.0,0.0,0.0,0.0,0.0,0.0,0.0,0.0,0.0,0.0,0.0,0.0,0.0,0.0,0.0,0.0,0.0,0.0,0.0,0.0,0.0,0.0,0.0,0.0,0.0,0.0,0.0,0.0,0.0,0.0,Z,13
0.0,0.0,0.353448,0.109489,0.715517,0.335766,0.836207,0.569343,0.741379,0.751825,0.482759,1.0,0.741379,1.109489,0.948276,1.19708,1.112069,1.291971,0.103448,1.072993,0.396552,0.963504,0.482759,0.620438,0.465517,0.49635,-0.232759,0.985401,0.094828,0.722628,0.155172,0.445255,0.12931,0.408759,-0.517241,0.810219,-0.232759,0.547445,-0.146552,0.350365,-0.172414,0.335766,0.0,0.0,0.0,0.0,0.0,0.0,0.0,0.0,0.0,0.0,0.0,0.0,0.0,0.0,0.0,0.0,0.0,0.0,0.0,0.0,0.0,0.0,0.0,0.0,0.0,0.0,0.0,0.0,0.0,0.0,0.0,0.0,0.0,0.0,0.0,0.0,0.0,0.0,0.0,0.0,0.0,0.0,0.0,0.0,Z,13
0.0,0.0,0.410256,0.083333,0.777778,0.295455,0.880342,0.537879,0.811966,0.765152,0.615385,1.0,0.923077,1.181818,1.119658,1.340909,1.25641,1.5,0.247863,1.098485,0.529915,0.916667,0.529915,0.537879,0.461538,0.416667,-0.08547,1.007576,0.196581,0.666667,0.213675,0.378788,0.162393,0.363636,-0.384615,0.825758,-0.145299,0.515152,-0.068376,0.30303,-0.094017,0.318182,0.0,0.0,0.0,0.0,0.0,0.0,0.0,0.0,0.0,0.0,0.0,0.0,0.0,0.0,0.0,0.0,0.0,0.0,0.0,0.0,0.0,0.0,0.0,0.0,0.0,0.0,0.0,0.0,0.0,0.0,0.0,0.0,0.0,0.0,0.0,0.0,0.0,0.0,0.0,0.0,0.0,0.0,0.0,0.0,Z,13
0.0,0.0,0.385965,0.085938,0.807018,0.320312,0.947368,0.554688,0.938596,0.773438,0.596491,1.0,0.903509,1.179688,1.131579,1.335938,1.324561,1.484375,0.22807,1.101562,0.526316,0.835938,0.5,0.53125,0.403509,0.445312,-0.105263,1.0,0.201754,0.640625,0.192982,0.390625,0.131579,0.375,-0.403509,0.804688,-0.157895,0.492188,-0.105263,0.304688,-0.140351,0.304688,0.0,0.0,0.0,0.0,0.0,0.0,0.0,0.0,0.0,0.0,0.0,0.0,0.0,0.0,0.0,0.0,0.0,0.0,0.0,0.0,0.0,0.0,0.0,0.0,0.0,0.0,0.0,0.0,0.0,0.0,0.0,0.0,0.0,0.0,0.0,0.0,0.0,0.0,0.0,0.0,0.0,0.0,0.0,0.0,Z,13
0.0,0.0,0.125,0.490566,-0.2,1.084906,-0.7375,1.433962,-1.0875,1.754717,-0.425,1.0,-0.75,1.311321,-1.0,1.509434,-1.225,1.669811,-0.825,0.773585,-1.35,0.896226,-0.875,0.773585,-0.425,0.698113,-1.1625,0.509434,-1.625,0.603774,-1.0875,0.518868,-0.6625,0.462264,-1.425,0.235849,-1.85,0.377358,-1.4375,0.330189,-1.0875,0.292453,0.0,0.0,0.0,0.0,0.0,0.0,0.0,0.0,0.0,0.0,0.0,0.0,0.0,0.0,0.0,0.0,0.0,0.0,0.0,0.0,0.0,0.0,0.0,0.0,0.0,0.0,0.0,0.0,0.0,0.0,0.0,0.0,0.0,0.0,0.0,0.0,0.0,0.0,0.0,0.0,0.0,0.0,0.0,0.0,Z,13
0.0,0.0,0.257732,0.273973,0.247423,0.568493,-0.134021,0.726027,-0.608247,0.739726,-0.247423,1.0,-0.443299,1.150685,-0.670103,1.267123,-0.886598,1.417808,-0.670103,0.869863,-0.979381,0.890411,-0.649485,0.561644,-0.443299,0.554795,-1.0,0.69863,-1.247423,0.636986,-0.876289,0.39726,-0.690722,0.424658,-1.247423,0.493151,-1.42268,0.438356,-1.123711,0.321918,-0.927835,0.335616,0.0,0.0,0.0,0.0,0.0,0.0,0.0,0.0,0.0,0.0,0.0,0.0,0.0,0.0,0.0,0.0,0.0,0.0,0.0,0.0,0.0,0.0,0.0,0.0,0.0,0.0,0.0,0.0,0.0,0.0,0.0,0.0,0.0,0.0,0.0,0.0,0.0,0.0,0.0,0.0,0.0,0.0,0.0,0.0,Z,13
0.0,0.0,0.27551,0.267606,0.306122,0.56338,-0.061224,0.711268,-0.479592,0.725352,-0.183673,1.0,-0.367347,1.176056,-0.602041,1.309859,-0.795918,1.464789,-0.622449,0.901408,-0.908163,0.908451,-0.683673,0.570423,-0.469388,0.492958,-0.94898,0.746479,-1.163265,0.633803,-0.867347,0.380282,-0.642857,0.373239,-1.183673,0.542254,-1.367347,0.457746,-1.091837,0.302817,-0.867347,0.302817,0.0,0.0,0.0,0.0,0.0,0.0,0.0,0.0,0.0,0.0,0.0,0.0,0.0,0.0,0.0,0.0,0.0,0.0,0.0,0.0,0.0,0.0,0.0,0.0,0.0,0.0,0.0,0.0,0.0,0.0,0.0,0.0,0.0,0.0,0.0,0.0,0.0,0.0,0.0,0.0,0.0,0.0,0.0,0.0,Z,13
0.0,0.0,0.242718,0.258993,0.300971,0.546763,-0.029126,0.726619,-0.446602,0.755396,-0.15534,1.0,-0.330097,1.179856,-0.543689,1.323741,-0.747573,1.496403,-0.572816,0.913669,-0.873786,0.935252,-0.592233,0.582734,-0.398058,0.546763,-0.902913,0.76259,-1.135922,0.669065,-0.815534,0.410072,-0.631068,0.431655,-1.15534,0.546763,-1.320388,0.460432,-1.038835,0.316547,-0.854369,0.338129,0.0,0.0,0.0,0.0,0.0,0.0,0.0,0.0,0.0,0.0,0.0,0.0,0.0,0.0,0.0,0.0,0.0,0.0,0.0,0.0,0.0,0.0,0.0,0.0,0.0,0.0,0.0,0.0,0.0,0.0,0.0,0.0,0.0,0.0,0.0,0.0,0.0,0.0,0.0,0.0,0.0,0.0,0.0,0.0,Z,13
0.0,0.0,0.25,0.260274,0.29,0.561644,-0.04,0.705479,-0.46,0.719178,-0.25,1.0,-0.4,1.157534,-0.59,1.30137,-0.76,1.445205,-0.68,0.910959,-0.89,0.876712,-0.62,0.561644,-0.42,0.527397,-1.0,0.746575,-1.14,0.616438,-0.82,0.390411,-0.63,0.410959,-1.25,0.527397,-1.35,0.445205,-1.05,0.308219,-0.86,0.328767,0.0,0.0,0.0,0.0,0.0,0.0,0.0,0.0,0.0,0.0,0.0,0.0,0.0,0.0,0.0,0.0,0.0,0.0,0.0,0.0,0.0,0.0,0.0,0.0,0.0,0.0,0.0,0.0,0.0,0.0,0.0,0.0,0.0,0.0,0.0,0.0,0.0,0.0,0.0,0.0,0.0,0.0,0.0,0.0,Z,13
0.0,0.0,0.283019,0.240602,0.396226,0.56391,0.066038,0.729323,-0.311321,0.766917,-0.04717,1.0,-0.207547,1.225564,-0.396226,1.390977,-0.584906,1.578947,-0.462264,0.93985,-0.735849,0.93985,-0.481132,0.586466,-0.301887,0.548872,-0.792453,0.796992,-1.0,0.661654,-0.707547,0.406015,-0.537736,0.428571,-1.04717,0.586466,-1.188679,0.473684,-0.924528,0.308271,-0.754717,0.330827,0.0,0.0,0.0,0.0,0.0,0.0,0.0,0.0,0.0,0.0,0.0,0.0,0.0,0.0,0.0,0.0,0.0,0.0,0.0,0.0,0.0,0.0,0.0,0.0,0.0,0.0,0.0,0.0,0.0,0.0,0.0,0.0,0.0,0.0,0.0,0.0,0.0,0.0,0.0,0.0,0.0,0.0,0.0,0.0,Z,13
0.0,0.0,0.276596,0.298611,0.287234,0.652778,-0.138298,0.791667,-0.574468,0.756944,-0.255319,1.0,-0.382979,1.173611,-0.553191,1.319444,-0.712766,1.479167,-0.691489,0.895833,-0.882979,0.923611,-0.553191,0.611111,-0.361702,0.541667,-1.021277,0.722222,-1.180851,0.666667,-0.797872,0.4375,-0.617021,0.423611,-1.255319,0.493056,-1.37234,0.465278,-1.031915,0.326389,-0.851064,0.326389,0.0,0.0,0.0,0.0,0.0,0.0,0.0,0.0,0.0,0.0,0.0,0.0,0.0,0.0,0.0,0.0,0.0,0.0,0.0,0.0,0.0,0.0,0.0,0.0,0.0,0.0,0.0,0.0,0.0,0.0,0.0,0.0,0.0,0.0,0.0,0.0,0.0,0.0,0.0,0.0,0.0,0.0,0.0,0.0,Z,13
0.0,0.0,0.287129,0.235294,0.376238,0.558824,0.089109,0.735294,-0.306931,0.772059,-0.089109,1.0,-0.217822,1.220588,-0.376238,1.389706,-0.544554,1.580882,-0.514851,0.919118,-0.712871,0.948529,-0.455446,0.602941,-0.287129,0.551471,-0.841584,0.764706,-0.990099,0.683824,-0.683168,0.411765,-0.50495,0.411765,-1.089109,0.558824,-1.19802,0.485294,-0.910891,0.316176,-0.722772,0.323529,0.0,0.0,0.0,0.0,0.0,0.0,0.0,0.0,0.0,0.0,0.0,0.0,0.0,0.0,0.0,0.0,0.0,0.0,0.0,0.0,0.0,0.0,0.0,0.0,0.0,0.0,0.0,0.0,0.0,0.0,0.0,0.0,0.0,0.0,0.0,0.0,0.0,0.0,0.0,0.0,0.0,0.0,0.0,0.0,Z,13
0.0,0.0,0.333333,0.268116,0.40625,0.623188,0.083333,0.811594,-0.322917,0.818841,-0.0625,1.0,-0.1875,1.246377,-0.364583,1.42029,-0.520833,1.608696,-0.479167,0.913043,-0.729167,1.028986,-0.510417,0.695652,-0.333333,0.57971,-0.8125,0.76087,-1.0,0.746377,-0.708333,0.485507,-0.541667,0.442029,-1.0625,0.550725,-1.208333,0.543478,-0.927083,0.391304,-0.760417,0.362319,0.0,0.0,0.0,0.0,0.0,0.0,0.0,0.0,0.0,0.0,0.0,0.0,0.0,0.0,0.0,0.0,0.0,0.0,0.0,0.0,0.0,0.0,0.0,0.0,0.0,0.0,0.0,0.0,0.0,0.0,0.0,0.0,0.0,0.0,0.0,0.0,0.0,0.0,0.0,0.0,0.0,0.0,0.0,0.0,Z,13
0.0,0.0,0.313725,0.231884,0.460784,0.594203,0.127451,0.797101,-0.294118,0.855072,-0.009804,1.0,-0.147059,1.253623,-0.303922,1.413043,-0.460784,1.608696,-0.411765,0.934783,-0.647059,1.028986,-0.401961,0.673913,-0.245098,0.623188,-0.745098,0.804348,-0.931373,0.775362,-0.637255,0.5,-0.490196,0.5,-1.009804,0.615942,-1.127451,0.572464,-0.852941,0.398551,-0.705882,0.391304,0.0,0.0,0.0,0.0,0.0,0.0,0.0,0.0,0.0,0.0,0.0,0.0,0.0,0.0,0.0,0.0,0.0,0.0,0.0,0.0,0.0,0.0,0.0,0.0,0.0,0.0,0.0,0.0,0.0,0.0,0.0,0.0,0.0,0.0,0.0,0.0,0.0,0.0,0.0,0.0,0.0,0.0,0.0,0.0,Z,13
0.0,0.0,0.28,0.278571,0.39,0.621429,0.06,0.792857,-0.35,0.8,-0.08,1.0,-0.19,1.242857,-0.33,1.407143,-0.46,1.592857,-0.5,0.921429,-0.7,1.035714,-0.45,0.685714,-0.32,0.614286,-0.83,0.778571,-0.99,0.757143,-0.68,0.485714,-0.54,0.478571,-1.08,0.571429,-1.2,0.542857,-0.92,0.385714,-0.78,0.378571,0.0,0.0,0.0,0.0,0.0,0.0,0.0,0.0,0.0,0.0,0.0,0.0,0.0,0.0,0.0,0.0,0.0,0.0,0.0,0.0,0.0,0.0,0.0,0.0,0.0,0.0,0.0,0.0,0.0,0.0,0.0,0.0,0.0,0.0,0.0,0.0,0.0,0.0,0.0,0.0,0.0,0.0,0.0,0.0,Z,13
0.0,0.0,0.313725,0.23913,0.431373,0.608696,0.107843,0.818841,-0.284314,0.862319,0.0,1.0,-0.117647,1.268116,-0.245098,1.434783,-0.382353,1.630435,-0.401961,0.942029,-0.607843,1.043478,-0.401961,0.695652,-0.264706,0.623188,-0.735294,0.826087,-0.901961,0.782609,-0.627451,0.5,-0.470588,0.492754,-1.0,0.644928,-1.107843,0.586957,-0.833333,0.405797,-0.686275,0.398551,0.0,0.0,0.0,0.0,0.0,0.0,0.0,0.0,0.0,0.0,0.0,0.0,0.0,0.0,0.0,0.0,0.0,0.0,0.0,0.0,0.0,0.0,0.0,0.0,0.0,0.0,0.0,0.0,0.0,0.0,0.0,0.0,0.0,0.0,0.0,0.0,0.0,0.0,0.0,0.0,0.0,0.0,0.0,0.0,Z,13
0.0,0.0,0.30303,0.228571,0.454545,0.564286,0.161616,0.792857,-0.262626,0.842857,-0.040404,1.0,-0.141414,1.242857,-0.282828,1.414286,-0.40404,1.6,-0.454545,0.935714,-0.646465,1.035714,-0.424242,0.678571,-0.272727,0.628571,-0.777778,0.8,-0.949495,0.764286,-0.656566,0.485714,-0.494949,0.478571,-1.040404,0.614286,-1.161616,0.564286,-0.858586,0.4,-0.69697,0.4,0.0,0.0,0.0,0.0,0.0,0.0,0.0,0.0,0.0,0.0,0.0,0.0,0.0,0.0,0.0,0.0,0.0,0.0,0.0,0.0,0.0,0.0,0.0,0.0,0.0,0.0,0.0,0.0,0.0,0.0,0.0,0.0,0.0,0.0,0.0,0.0,0.0,0.0,0.0,0.0,0.0,0.0,0.0,0.0,Z,13
0.0,0.0,0.29703,0.241135,0.415842,0.588652,0.118812,0.787234,-0.257426,0.829787,-0.009901,1.0,-0.128713,1.241135,-0.277228,1.404255,-0.415842,1.588652,-0.415842,0.943262,-0.643564,1.028369,-0.455446,0.673759,-0.287129,0.595745,-0.742574,0.815603,-0.930693,0.751773,-0.653465,0.475177,-0.465347,0.468085,-1.009901,0.64539,-1.138614,0.574468,-0.861386,0.382979,-0.673267,0.382979,0.0,0.0,0.0,0.0,0.0,0.0,0.0,0.0,0.0,0.0,0.0,0.0,0.0,0.0,0.0,0.0,0.0,0.0,0.0,0.0,0.0,0.0,0.0,0.0,0.0,0.0,0.0,0.0,0.0,0.0,0.0,0.0,0.0,0.0,0.0,0.0,0.0,0.0,0.0,0.0,0.0,0.0,0.0,0.0,Z,13
0.0,0.0,0.303922,0.219858,0.431373,0.560284,0.117647,0.780142,-0.284314,0.851064,-0.009804,1.0,-0.127451,1.234043,-0.254902,1.397163,-0.372549,1.588652,-0.411765,0.93617,-0.617647,1.014184,-0.372549,0.659574,-0.245098,0.638298,-0.735294,0.815603,-0.921569,0.77305,-0.617647,0.496454,-0.470588,0.51773,-1.009804,0.64539,-1.098039,0.574468,-0.813725,0.404255,-0.656863,0.411348,0.0,0.0,0.0,0.0,0.0,0.0,0.0,0.0,0.0,0.0,0.0,0.0,0.0,0.0,0.0,0.0,0.0,0.0,0.0,0.0,0.0,0.0,0.0,0.0,0.0,0.0,0.0,0.0,0.0,0.0,0.0,0.0,0.0,0.0,0.0,0.0,0.0,0.0,0.0,0.0,0.0,0.0,0.0,0.0,Z,13
0.0,0.0,0.380282,0.179775,0.690141,0.483146,0.71831,0.775281,0.521127,1.011236,0.492958,1.0,0.661972,1.370787,0.732394,1.617978,0.774648,1.842697,0.126761,0.977528,0.239437,1.146067,0.239437,0.752809,0.197183,0.707865,-0.183099,0.910112,-0.098592,0.988764,-0.014085,0.629213,-0.042254,0.629213,-0.507042,0.797753,-0.408451,0.853933,-0.28169,0.617978,-0.28169,0.573034,0.0,0.0,0.0,0.0,0.0,0.0,0.0,0.0,0.0,0.0,0.0,0.0,0.0,0.0,0.0,0.0,0.0,0.0,0.0,0.0,0.0,0.0,0.0,0.0,0.0,0.0,0.0,0.0,0.0,0.0,0.0,0.0,0.0,0.0,0.0,0.0,0.0,0.0,0.0,0.0,0.0,0.0,0.0,0.0,Z,14
0.0,0.0,0.376812,0.174419,0.724638,0.465116,0.753623,0.790698,0.536232,1.034884,0.492754,1.0,0.666667,1.372093,0.753623,1.616279,0.811594,1.872093,0.130435,0.988372,0.231884,1.139535,0.246377,0.732558,0.217391,0.697674,-0.188406,0.918605,-0.115942,1.0,-0.043478,0.639535,-0.057971,0.639535,-0.507246,0.813953,-0.434783,0.860465,-0.289855,0.616279,-0.275362,0.569767,0.0,0.0,0.0,0.0,0.0,0.0,0.0,0.0,0.0,0.0,0.0,0.0,0.0,0.0,0.0,0.0,0.0,0.0,0.0,0.0,0.0,0.0,0.0,0.0,0.0,0.0,0.0,0.0,0.0,0.0,0.0,0.0,0.0,0.0,0.0,0.0,0.0,0.0,0.0,0.0,0.0,0.0,0.0,0.0,Z,14
0.0,0.0,0.397059,0.164706,0.735294,0.458824,0.764706,0.788235,0.529412,1.035294,0.485294,1.0,0.647059,1.4,0.75,1.658824,0.779412,1.905882,0.117647,0.976471,0.220588,1.152941,0.25,0.741176,0.220588,0.694118,-0.205882,0.905882,-0.117647,0.988235,-0.029412,0.623529,-0.058824,0.623529,-0.514706,0.8,-0.426471,0.858824,-0.279412,0.611765,-0.264706,0.552941,0.0,0.0,0.0,0.0,0.0,0.0,0.0,0.0,0.0,0.0,0.0,0.0,0.0,0.0,0.0,0.0,0.0,0.0,0.0,0.0,0.0,0.0,0.0,0.0,0.0,0.0,0.0,0.0,0.0,0.0,0.0,0.0,0.0,0.0,0.0,0.0,0.0,0.0,0.0,0.0,0.0,0.0,0.0,0.0,Z,14
0.0,0.0,0.397059,0.156627,0.720588,0.46988,0.75,0.807229,0.485294,1.036145,0.485294,1.0,0.647059,1.433735,0.720588,1.686747,0.764706,1.951807,0.132353,0.963855,0.220588,1.13253,0.25,0.722892,0.220588,0.686747,-0.205882,0.891566,-0.147059,1.0,-0.044118,0.614458,-0.058824,0.614458,-0.514706,0.795181,-0.455882,0.86747,-0.294118,0.614458,-0.279412,0.554217,0.0,0.0,0.0,0.0,0.0,0.0,0.0,0.0,0.0,0.0,0.0,0.0,0.0,0.0,0.0,0.0,0.0,0.0,0.0,0.0,0.0,0.0,0.0,0.0,0.0,0.0,0.0,0.0,0.0,0.0,0.0,0.0,0.0,0.0,0.0,0.0,0.0,0.0,0.0,0.0,0.0,0.0,0.0,0.0,Z,14
0.0,0.0,0.366667,0.173913,0.566667,0.467391,0.45,0.706522,0.083333,0.847826,0.15,1.0,-0.1,1.358696,-0.333333,1.586957,-0.566667,1.804348,-0.216667,0.913043,-0.316667,0.98913,-0.1,0.619565,-0.016667,0.586957,-0.55,0.804348,-0.65,0.836957,-0.416667,0.521739,-0.316667,0.521739,-0.85,0.684783,-0.916667,0.706522,-0.65,0.5,-0.533333,0.456522,0.0,0.0,0.0,0.0,0.0,0.0,0.0,0.0,0.0,0.0,0.0,0.0,0.0,0.0,0.0,0.0,0.0,0.0,0.0,0.0,0.0,0.0,0.0,0.0,0.0,0.0,0.0,0.0,0.0,0.0,0.0,0.0,0.0,0.0,0.0,0.0,0.0,0.0,0.0,0.0,0.0,0.0,0.0,0.0,Z,14
0.0,0.0,0.372881,0.170213,0.559322,0.446809,0.423729,0.691489,0.016949,0.819149,0.101695,1.0,-0.20339,1.340426,-0.474576,1.56383,-0.728814,1.755319,-0.271186,0.882979,-0.423729,0.957447,-0.220339,0.595745,-0.084746,0.56383,-0.59322,0.776596,-0.762712,0.797872,-0.525424,0.5,-0.372881,0.510638,-0.898305,0.648936,-1.033898,0.670213,-0.779661,0.478723,-0.610169,0.43617,0.0,0.0,0.0,0.0,0.0,0.0,0.0,0.0,0.0,0.0,0.0,0.0,0.0,0.0,0.0,0.0,0.0,0.0,0.0,0.0,0.0,0.0,0.0,0.0,0.0,0.0,0.0,0.0,0.0,0.0,0.0,0.0,0.0,0.0,0.0,0.0,0.0,0.0,0.0,0.0,0.0,0.0,0.0,0.0,Z,14
0.0,0.0,0.33871,0.166667,0.532258,0.427083,0.403226,0.645833,0.0,0.78125,0.096774,1.0,-0.225806,1.3125,-0.516129,1.541667,-0.758065,1.71875,-0.274194,0.90625,-0.451613,0.927083,-0.225806,0.5625,-0.064516,0.53125,-0.596774,0.802083,-0.774194,0.770833,-0.532258,0.479167,-0.354839,0.479167,-0.903226,0.6875,-1.032258,0.645833,-0.774194,0.447917,-0.564516,0.416667,0.0,0.0,0.0,0.0,0.0,0.0,0.0,0.0,0.0,0.0,0.0,0.0,0.0,0.0,0.0,0.0,0.0,0.0,0.0,0.0,0.0,0.0,0.0,0.0,0.0,0.0,0.0,0.0,0.0,0.0,0.0,0.0,0.0,0.0,0.0,0.0,0.0,0.0,0.0,0.0,0.0,0.0,0.0,0.0,Z,14
0.0,0.0,0.352113,0.116279,0.647887,0.383721,0.535211,0.581395,0.239437,0.662791,0.267606,1.0,0.070423,1.313953,-0.140845,1.534884,-0.338028,1.744186,-0.098592,1.023256,-0.211268,0.837209,-0.084507,0.465116,0.042254,0.337209,-0.43662,0.930233,-0.492958,0.697674,-0.338028,0.395349,-0.183099,0.313953,-0.732394,0.77907,-0.732394,0.616279,-0.549296,0.372093,-0.380282,0.302326,0.0,0.0,0.0,0.0,0.0,0.0,0.0,0.0,0.0,0.0,0.0,0.0,0.0,0.0,0.0,0.0,0.0,0.0,0.0,0.0,0.0,0.0,0.0,0.0,0.0,0.0,0.0,0.0,0.0,0.0,0.0,0.0,0.0,0.0,0.0,0.0,0.0,0.0,0.0,0.0,0.0,0.0,0.0,0.0,Z,14
0.0,0.0,0.333333,0.031746,0.679487,0.142857,0.858974,0.222222,0.807692,0.333333,0.615385,1.0,0.666667,1.126984,0.692308,1.142857,0.679487,1.206349,0.25641,1.15873,0.410256,0.52381,0.423077,0.079365,0.371795,0.111111,-0.076923,1.047619,0.089744,0.301587,0.141026,0.047619,0.102564,0.190476,-0.384615,0.84127,-0.24359,0.269841,-0.153846,0.031746,-0.153846,0.095238,0.0,0.0,0.0,0.0,0.0,0.0,0.0,0.0,0.0,0.0,0.0,0.0,0.0,0.0,0.0,0.0,0.0,0.0,0.0,0.0,0.0,0.0,0.0,0.0,0.0,0.0,0.0,0.0,0.0,0.0,0.0,0.0,0.0,0.0,0.0,0.0,0.0,0.0,0.0,0.0,0.0,0.0,0.0,0.0,Z,14
0.0,0.0,0.4,0.066667,0.813333,0.2,0.986667,0.266667,0.813333,0.25,0.666667,1.0,0.813333,1.016667,0.933333,1.1,1.04,1.266667,0.333333,1.183333,0.573333,0.433333,0.506667,0.0,0.426667,0.016667,-0.013333,1.083333,0.226667,0.233333,0.213333,-0.05,0.173333,0.1,-0.333333,0.833333,-0.133333,0.233333,-0.066667,0.0,-0.093333,0.066667,0.0,0.0,0.0,0.0,0.0,0.0,0.0,0.0,0.0,0.0,0.0,0.0,0.0,0.0,0.0,0.0,0.0,0.0,0.0,0.0,0.0,0.0,0.0,0.0,0.0,0.0,0.0,0.0,0.0,0.0,0.0,0.0,0.0,0.0,0.0,0.0,0.0,0.0,0.0,0.0,0.0,0.0,0.0,0.0,Z,14
0.0,0.0,0.307692,0.0,0.653846,0.042553,0.730769,0.0,0.576923,0.0,0.576923,1.0,0.705128,1.085106,0.794872,1.276596,0.897436,1.468085,0.25641,1.340426,0.230769,0.276596,0.25641,-0.12766,0.282051,-0.170213,-0.089744,1.276596,-0.076923,0.085106,-0.025641,-0.06383,0.012821,0.106383,-0.423077,1.021277,-0.397436,0.170213,-0.333333,-0.042553,-0.307692,0.085106,0.0,0.0,0.0,0.0,0.0,0.0,0.0,0.0,0.0,0.0,0.0,0.0,0.0,0.0,0.0,0.0,0.0,0.0,0.0,0.0,0.0,0.0,0.0,0.0,0.0,0.0,0.0,0.0,0.0,0.0,0.0,0.0,0.0,0.0,0.0,0.0,0.0,0.0,0.0,0.0,0.0,0.0,0.0,0.0,Z,14
0.0,0.0,0.35,0.087719,0.675,0.22807,0.6625,0.175439,0.4625,0.070175,0.6,1.0,0.4625,1.157895,0.3,1.315789,0.1625,1.491228,0.25,1.263158,0.0625,0.438596,0.15,0.0,0.2625,-0.070175,-0.1,1.22807,-0.2125,0.298246,-0.1,0.017544,0.025,0.017544,-0.4,1.070175,-0.4625,0.350877,-0.325,0.070175,-0.175,0.052632,0.0,0.0,0.0,0.0,0.0,0.0,0.0,0.0,0.0,0.0,0.0,0.0,0.0,0.0,0.0,0.0,0.0,0.0,0.0,0.0,0.0,0.0,0.0,0.0,0.0,0.0,0.0,0.0,0.0,0.0,0.0,0.0,0.0,0.0,0.0,0.0,0.0,0.0,0.0,0.0,0.0,0.0,0.0,0.0,Z,14
0.0,0.0,0.291667,-0.666667,0.333333,-1.277778,0.180556,-1.611111,-0.055556,-1.888889,0.041667,1.0,-0.263889,0.611111,-0.388889,0.944444,-0.569444,1.666667,-0.416667,1.277778,-0.722222,-1.055556,-0.513889,-2.555556,-0.402778,-2.555556,-0.736111,1.0,-0.958333,-1.5,-0.736111,-2.722222,-0.555556,-2.555556,-0.958333,0.5,-1.013889,-1.388889,-0.833333,-2.388889,-0.680556,-2.277778,-0.1805555555555555,2.7777777777777777,0.0,0.0,0.411765,0.080645,0.691176,0.193548,0.426471,0.193548,0.088235,0.129032,0.367647,1.0,-0.029412,1.16129,-0.323529,1.274194,-0.544118,1.451613,-0.029412,1.112903,-0.308824,0.483871,-0.132353,0.080645,0.044118,0.080645,-0.367647,1.048387,-0.573529,0.33871,-0.338235,0.048387,-0.147059,0.080645,-0.632353,0.919355,-0.779412,0.403226,-0.602941,0.145161,-0.455882,0.145161,Z,14
0.0,0.0,0.373333,0.054545,0.693333,0.2,0.44,0.181818,0.106667,0.109091,0.32,1.0,-0.026667,1.2,-0.293333,1.345455,-0.506667,1.6,-0.066667,1.2,-0.28,0.4,-0.053333,-0.054545,0.16,0.018182,-0.4,1.181818,-0.56,0.272727,-0.333333,-0.054545,-0.146667,0.054545,-0.68,1.036364,-0.76,0.309091,-0.56,0.018182,-0.386667,0.0,0.0,0.0,0.0,0.0,0.0,0.0,0.0,0.0,0.0,0.0,0.0,0.0,0.0,0.0,0.0,0.0,0.0,0.0,0.0,0.0,0.0,0.0,0.0,0.0,0.0,0.0,0.0,0.0,0.0,0.0,0.0,0.0,0.0,0.0,0.0,0.0,0.0,0.0,0.0,0.0,0.0,0.0,0.0,0.0,Z,14
0.0,0.0,0.373333,0.038462,0.666667,0.230769,0.426667,0.153846,0.12,0.076923,0.293333,1.0,-0.04,1.211538,-0.306667,1.365385,-0.52,1.596154,-0.093333,1.230769,-0.306667,0.346154,-0.08,-0.115385,0.106667,-0.057692,-0.426667,1.192308,-0.573333,0.230769,-0.36,-0.115385,-0.186667,-0.019231,-0.706667,1.019231,-0.773333,0.25,-0.573333,-0.038462,-0.4,-0.038462,0.0,0.0,0.0,0.0,0.0,0.0,0.0,0.0,0.0,0.0,0.0,0.0,0.0,0.0,0.0,0.0,0.0,0.0,0.0,0.0,0.0,0.0,0.0,0.0,0.0,0.0,0.0,0.0,0.0,0.0,0.0,0.0,0.0,0.0,0.0,0.0,0.0,0.0,0.0,0.0,0.0,0.0,0.0,0.0,Z,14
0.0,0.0,0.355263,0.037736,0.710526,0.207547,0.552632,0.207547,0.236842,0.150943,0.355263,1.0,0.039474,1.207547,-0.236842,1.358491,-0.447368,1.584906,-0.039474,1.264151,-0.223684,0.358491,-0.013158,-0.113208,0.171053,-0.037736,-0.368421,1.226415,-0.486842,0.264151,-0.302632,-0.075472,-0.131579,0.018868,-0.644737,1.056604,-0.723684,0.301887,-0.539474,0.018868,-0.381579,0.037736,0.0,0.0,0.0,0.0,0.0,0.0,0.0,0.0,0.0,0.0,0.0,0.0,0.0,0.0,0.0,0.0,0.0,0.0,0.0,0.0,0.0,0.0,0.0,0.0,0.0,0.0,0.0,0.0,0.0,0.0,0.0,0.0,0.0,0.0,0.0,0.0,0.0,0.0,0.0,0.0,0.0,0.0,0.0,0.0,Z,14
0.0,0.0,0.358974,0.053571,0.692308,0.196429,0.525641,0.196429,0.230769,0.160714,0.346154,1.0,0.025641,1.160714,-0.230769,1.285714,-0.423077,1.517857,-0.051282,1.196429,-0.24359,0.357143,-0.012821,-0.053571,0.179487,0.0,-0.384615,1.178571,-0.512821,0.285714,-0.307692,-0.035714,-0.128205,0.053571,-0.653846,1.035714,-0.717949,0.339286,-0.512821,0.053571,-0.371795,0.035714,0.0,0.0,0.0,0.0,0.0,0.0,0.0,0.0,0.0,0.0,0.0,0.0,0.0,0.0,0.0,0.0,0.0,0.0,0.0,0.0,0.0,0.0,0.0,0.0,0.0,0.0,0.0,0.0,0.0,0.0,0.0,0.0,0.0,0.0,0.0,0.0,0.0,0.0,0.0,0.0,0.0,0.0,0.0,0.0,Z,14
0.0,0.0,0.371795,0.038462,0.717949,0.192308,0.551282,0.211538,0.230769,0.134615,0.371795,1.0,0.051282,1.211538,-0.205128,1.384615,-0.423077,1.634615,-0.025641,1.25,-0.230769,0.365385,0.0,-0.057692,0.192308,0.0,-0.358974,1.211538,-0.5,0.288462,-0.307692,-0.038462,-0.141026,0.038462,-0.628205,1.076923,-0.717949,0.307692,-0.512821,0.019231,-0.346154,0.038462,0.0,0.0,0.0,0.0,0.0,0.0,0.0,0.0,0.0,0.0,0.0,0.0,0.0,0.0,0.0,0.0,0.0,0.0,0.0,0.0,0.0,0.0,0.0,0.0,0.0,0.0,0.0,0.0,0.0,0.0,0.0,0.0,0.0,0.0,0.0,0.0,0.0,0.0,0.0,0.0,0.0,0.0,0.0,0.0,Z,14
0.0,0.0,0.371795,0.019608,0.717949,0.156863,0.564103,0.176471,0.269231,0.117647,0.410256,1.0,0.076923,1.196078,-0.179487,1.372549,-0.384615,1.627451,0.025641,1.254902,-0.217949,0.352941,0.0,-0.098039,0.205128,-0.058824,-0.320513,1.235294,-0.487179,0.254902,-0.282051,-0.078431,-0.089744,-0.019608,-0.589744,1.117647,-0.705128,0.333333,-0.5,0.0,-0.320513,-0.039216,0.0,0.0,0.0,0.0,0.0,0.0,0.0,0.0,0.0,0.0,0.0,0.0,0.0,0.0,0.0,0.0,0.0,0.0,0.0,0.0,0.0,0.0,0.0,0.0,0.0,0.0,0.0,0.0,0.0,0.0,0.0,0.0,0.0,0.0,0.0,0.0,0.0,0.0,0.0,0.0,0.0,0.0,0.0,0.0,Z,14
0.0,0.0,0.3625,0.072727,0.6875,0.254545,0.5125,0.254545,0.2125,0.163636,0.3625,1.0,0.05,1.2,-0.1875,1.327273,-0.3875,1.563636,-0.0375,1.236364,-0.2125,0.381818,0.0,-0.054545,0.1875,0.018182,-0.375,1.2,-0.4875,0.290909,-0.2875,-0.018182,-0.1125,0.054545,-0.6375,1.054545,-0.7,0.309091,-0.4875,0.036364,-0.3375,0.018182,0.0,0.0,0.0,0.0,0.0,0.0,0.0,0.0,0.0,0.0,0.0,0.0,0.0,0.0,0.0,0.0,0.0,0.0,0.0,0.0,0.0,0.0,0.0,0.0,0.0,0.0,0.0,0.0,0.0,0.0,0.0,0.0,0.0,0.0,0.0,0.0,0.0,0.0,0.0,0.0,0.0,0.0,0.0,0.0,Z,14
0.0,0.0,0.333333,0.037736,0.679487,0.207547,0.551282,0.188679,0.25641,0.150943,0.346154,1.0,0.012821,1.188679,-0.24359,1.339623,-0.435897,1.584906,-0.038462,1.207547,-0.24359,0.377358,-0.025641,-0.075472,0.179487,0.018868,-0.384615,1.169811,-0.512821,0.283019,-0.307692,-0.037736,-0.141026,0.056604,-0.653846,1.037736,-0.730769,0.320755,-0.538462,0.018868,-0.384615,0.056604,0.0,0.0,0.0,0.0,0.0,0.0,0.0,0.0,0.0,0.0,0.0,0.0,0.0,0.0,0.0,0.0,0.0,0.0,0.0,0.0,0.0,0.0,0.0,0.0,0.0,0.0,0.0,0.0,0.0,0.0,0.0,0.0,0.0,0.0,0.0,0.0,0.0,0.0,0.0,0.0,0.0,0.0,0.0,0.0,Z,14
0.0,0.0,0.329114,0.053571,0.670886,0.25,0.493671,0.25,0.202532,0.196429,0.329114,1.0,0.012658,1.196429,-0.240506,1.321429,-0.443038,1.553571,-0.063291,1.196429,-0.240506,0.410714,-0.037975,-0.035714,0.164557,0.035714,-0.392405,1.160714,-0.518987,0.321429,-0.329114,0.0,-0.151899,0.089286,-0.670886,1.035714,-0.746835,0.375,-0.544304,0.089286,-0.392405,0.089286,0.0,0.0,0.0,0.0,0.0,0.0,0.0,0.0,0.0,0.0,0.0,0.0,0.0,0.0,0.0,0.0,0.0,0.0,0.0,0.0,0.0,0.0,0.0,0.0,0.0,0.0,0.0,0.0,0.0,0.0,0.0,0.0,0.0,0.0,0.0,0.0,0.0,0.0,0.0,0.0,0.0,0.0,0.0,0.0,Z,14
0.0,0.0,0.371795,0.037037,0.717949,0.185185,0.576923,0.203704,0.25641,0.12963,0.371795,1.0,0.038462,1.166667,-0.217949,1.314815,-0.410256,1.574074,-0.025641,1.222222,-0.24359,0.37037,-0.025641,-0.074074,0.166667,0.0,-0.358974,1.185185,-0.512821,0.296296,-0.307692,-0.037037,-0.128205,0.037037,-0.628205,1.037037,-0.717949,0.333333,-0.512821,0.018519,-0.346154,0.0,0.0,0.0,0.0,0.0,0.0,0.0,0.0,0.0,0.0,0.0,0.0,0.0,0.0,0.0,0.0,0.0,0.0,0.0,0.0,0.0,0.0,0.0,0.0,0.0,0.0,0.0,0.0,0.0,0.0,0.0,0.0,0.0,0.0,0.0,0.0,0.0,0.0,0.0,0.0,0.0,0.0,0.0,0.0,0.0,Z,14
0.0,0.0,0.346154,0.037736,0.717949,0.169811,0.589744,0.169811,0.294872,0.132075,0.384615,1.0,0.089744,1.188679,-0.179487,1.320755,-0.384615,1.54717,0.0,1.226415,-0.192308,0.358491,0.012821,-0.113208,0.217949,-0.018868,-0.333333,1.188679,-0.474359,0.245283,-0.282051,-0.09434,-0.115385,0.0,-0.615385,1.037736,-0.692308,0.264151,-0.5,-0.037736,-0.346154,-0.018868,0.0,0.0,0.0,0.0,0.0,0.0,0.0,0.0,0.0,0.0,0.0,0.0,0.0,0.0,0.0,0.0,0.0,0.0,0.0,0.0,0.0,0.0,0.0,0.0,0.0,0.0,0.0,0.0,0.0,0.0,0.0,0.0,0.0,0.0,0.0,0.0,0.0,0.0,0.0,0.0,0.0,0.0,0.0,0.0,Z,14
0.0,0.0,0.371795,0.038462,0.717949,0.211538,0.564103,0.211538,0.25641,0.115385,0.384615,1.0,0.051282,1.192308,-0.192308,1.346154,-0.397436,1.615385,0.0,1.25,-0.230769,0.384615,-0.012821,-0.076923,0.179487,0.0,-0.346154,1.230769,-0.512821,0.269231,-0.294872,-0.057692,-0.115385,0.019231,-0.615385,1.096154,-0.705128,0.326923,-0.512821,0.0,-0.346154,-0.019231,0.0,0.0,0.0,0.0,0.0,0.0,0.0,0.0,0.0,0.0,0.0,0.0,0.0,0.0,0.0,0.0,0.0,0.0,0.0,0.0,0.0,0.0,0.0,0.0,0.0,0.0,0.0,0.0,0.0,0.0,0.0,0.0,0.0,0.0,0.0,0.0,0.0,0.0,0.0,0.0,0.0,0.0,0.0,0.0,Z,14
0.0,0.0,0.333333,0.019231,0.692308,0.173077,0.564103,0.192308,0.25641,0.153846,0.371795,1.0,0.064103,1.211538,-0.192308,1.346154,-0.397436,1.576923,-0.012821,1.192308,-0.192308,0.403846,0.012821,-0.076923,0.205128,0.0,-0.346154,1.153846,-0.474359,0.288462,-0.282051,-0.076923,-0.115385,0.0,-0.628205,1.019231,-0.717949,0.288462,-0.512821,-0.019231,-0.358974,-0.019231,0.0,0.0,0.0,0.0,0.0,0.0,0.0,0.0,0.0,0.0,0.0,0.0,0.0,0.0,0.0,0.0,0.0,0.0,0.0,0.0,0.0,0.0,0.0,0.0,0.0,0.0,0.0,0.0,0.0,0.0,0.0,0.0,0.0,0.0,0.0,0.0,0.0,0.0,0.0,0.0,0.0,0.0,0.0,0.0,Z,14
0.0,0.0,0.346154,0.038462,0.666667,0.230769,0.5,0.211538,0.192308,0.153846,0.333333,1.0,0.012821,1.211538,-0.230769,1.346154,-0.435897,1.596154,-0.064103,1.230769,-0.24359,0.384615,-0.025641,-0.076923,0.179487,-0.019231,-0.397436,1.192308,-0.525641,0.288462,-0.320513,-0.076923,-0.141026,0.019231,-0.666667,1.038462,-0.74359,0.288462,-0.538462,-0.019231,-0.371795,0.0,0.0,0.0,0.0,0.0,0.0,0.0,0.0,0.0,0.0,0.0,0.0,0.0,0.0,0.0,0.0,0.0,0.0,0.0,0.0,0.0,0.0,0.0,0.0,0.0,0.0,0.0,0.0,0.0,0.0,0.0,0.0,0.0,0.0,0.0,0.0,0.0,0.0,0.0,0.0,0.0,0.0,0.0,0.0,0.0,Z,14
0.0,0.0,0.388889,0.149425,0.722222,0.436782,0.847222,0.724138,0.75,0.988506,0.527778,1.0,0.708333,1.37931,0.791667,1.632184,0.805556,1.873563,0.166667,1.022989,0.416667,1.149425,0.416667,0.724138,0.333333,0.655172,-0.152778,0.965517,0.055556,1.045977,0.111111,0.62069,0.027778,0.586207,-0.472222,0.827586,-0.277778,0.885057,-0.138889,0.597701,-0.208333,0.528736,0.0,0.0,0.0,0.0,0.0,0.0,0.0,0.0,0.0,0.0,0.0,0.0,0.0,0.0,0.0,0.0,0.0,0.0,0.0,0.0,0.0,0.0,0.0,0.0,0.0,0.0,0.0,0.0,0.0,0.0,0.0,0.0,0.0,0.0,0.0,0.0,0.0,0.0,0.0,0.0,0.0,0.0,0.0,0.0,Z,15
0.0,0.0,0.444444,0.155556,0.791667,0.433333,0.916667,0.722222,0.777778,0.966667,0.569444,1.0,0.75,1.355556,0.819444,1.611111,0.833333,1.833333,0.208333,1.0,0.472222,1.144444,0.472222,0.722222,0.375,0.633333,-0.111111,0.933333,0.111111,1.022222,0.166667,0.633333,0.055556,0.566667,-0.430556,0.811111,-0.208333,0.888889,-0.083333,0.6,-0.138889,0.511111,0.0,0.0,0.0,0.0,0.0,0.0,0.0,0.0,0.0,0.0,0.0,0.0,0.0,0.0,0.0,0.0,0.0,0.0,0.0,0.0,0.0,0.0,0.0,0.0,0.0,0.0,0.0,0.0,0.0,0.0,0.0,0.0,0.0,0.0,0.0,0.0,0.0,0.0,0.0,0.0,0.0,0.0,0.0,0.0,Z,15
0.0,0.0,0.444444,0.146067,0.805556,0.438202,0.930556,0.741573,0.777778,0.966292,0.555556,1.0,0.75,1.359551,0.819444,1.606742,0.833333,1.842697,0.194444,1.011236,0.458333,1.134831,0.472222,0.707865,0.361111,0.629213,-0.125,0.94382,0.111111,1.011236,0.166667,0.617978,0.055556,0.561798,-0.444444,0.820225,-0.208333,0.876404,-0.083333,0.595506,-0.138889,0.505618,0.0,0.0,0.0,0.0,0.0,0.0,0.0,0.0,0.0,0.0,0.0,0.0,0.0,0.0,0.0,0.0,0.0,0.0,0.0,0.0,0.0,0.0,0.0,0.0,0.0,0.0,0.0,0.0,0.0,0.0,0.0,0.0,0.0,0.0,0.0,0.0,0.0,0.0,0.0,0.0,0.0,0.0,0.0,0.0,Z,15
0.0,0.0,0.452055,0.155556,0.794521,0.433333,0.917808,0.733333,0.780822,0.977778,0.561644,1.0,0.739726,1.355556,0.821918,1.6,0.835616,1.833333,0.205479,1.011111,0.479452,1.122222,0.465753,0.7,0.356164,0.622222,-0.123288,0.944444,0.123288,0.988889,0.164384,0.6,0.054795,0.555556,-0.438356,0.811111,-0.205479,0.866667,-0.082192,0.588889,-0.150685,0.511111,0.0,0.0,0.0,0.0,0.0,0.0,0.0,0.0,0.0,0.0,0.0,0.0,0.0,0.0,0.0,0.0,0.0,0.0,0.0,0.0,0.0,0.0,0.0,0.0,0.0,0.0,0.0,0.0,0.0,0.0,0.0,0.0,0.0,0.0,0.0,0.0,0.0,0.0,0.0,0.0,0.0,0.0,0.0,0.0,Z,15
0.0,0.0,0.424658,0.153846,0.753425,0.43956,0.849315,0.725275,0.69863,0.923077,0.493151,1.0,0.630137,1.384615,0.684932,1.637363,0.69863,1.879121,0.136986,0.989011,0.356164,1.087912,0.369863,0.703297,0.287671,0.637363,-0.191781,0.912088,0.0,0.967033,0.068493,0.615385,0.0,0.56044,-0.506849,0.78022,-0.328767,0.835165,-0.178082,0.582418,-0.191781,0.505495,0.0,0.0,0.0,0.0,0.0,0.0,0.0,0.0,0.0,0.0,0.0,0.0,0.0,0.0,0.0,0.0,0.0,0.0,0.0,0.0,0.0,0.0,0.0,0.0,0.0,0.0,0.0,0.0,0.0,0.0,0.0,0.0,0.0,0.0,0.0,0.0,0.0,0.0,0.0,0.0,0.0,0.0,0.0,0.0,Z,15
0.0,0.0,0.416667,0.168421,0.75,0.463158,0.805556,0.747368,0.597222,0.947368,0.416667,1.0,0.5,1.378947,0.527778,1.621053,0.513889,1.852632,0.055556,0.957895,0.208333,1.094737,0.263889,0.705263,0.208333,0.663158,-0.263889,0.863158,-0.138889,0.957895,-0.041667,0.610526,-0.097222,0.578947,-0.583333,0.736842,-0.472222,0.8,-0.305556,0.568421,-0.319444,0.505263,0.0,0.0,0.0,0.0,0.0,0.0,0.0,0.0,0.0,0.0,0.0,0.0,0.0,0.0,0.0,0.0,0.0,0.0,0.0,0.0,0.0,0.0,0.0,0.0,0.0,0.0,0.0,0.0,0.0,0.0,0.0,0.0,0.0,0.0,0.0,0.0,0.0,0.0,0.0,0.0,0.0,0.0,0.0,0.0,Z,15
0.0,0.0,0.369863,0.185567,0.671233,0.484536,0.671233,0.762887,0.410959,0.948454,0.315068,1.0,0.328767,1.381443,0.287671,1.649485,0.232877,1.886598,-0.041096,0.927835,0.041096,1.092784,0.136986,0.701031,0.123288,0.639175,-0.356164,0.814433,-0.30137,0.938144,-0.164384,0.597938,-0.178082,0.556701,-0.684932,0.659794,-0.630137,0.762887,-0.438356,0.536082,-0.410959,0.463918,0.0,0.0,0.0,0.0,0.0,0.0,0.0,0.0,0.0,0.0,0.0,0.0,0.0,0.0,0.0,0.0,0.0,0.0,0.0,0.0,0.0,0.0,0.0,0.0,0.0,0.0,0.0,0.0,0.0,0.0,0.0,0.0,0.0,0.0,0.0,0.0,0.0,0.0,0.0,0.0,0.0,0.0,0.0,0.0,Z,15
0.0,0.0,0.356164,0.207921,0.630137,0.50495,0.575342,0.792079,0.232877,0.940594,0.219178,1.0,0.109589,1.376238,-0.013699,1.613861,-0.150685,1.821782,-0.136986,0.910891,-0.150685,1.079208,0.0,0.70297,0.027397,0.643564,-0.465753,0.792079,-0.506849,0.930693,-0.315068,0.60396,-0.260274,0.554455,-0.780822,0.653465,-0.808219,0.752475,-0.575342,0.534653,-0.479452,0.455446,0.0,0.0,0.0,0.0,0.0,0.0,0.0,0.0,0.0,0.0,0.0,0.0,0.0,0.0,0.0,0.0,0.0,0.0,0.0,0.0,0.0,0.0,0.0,0.0,0.0,0.0,0.0,0.0,0.0,0.0,0.0,0.0,0.0,0.0,0.0,0.0,0.0,0.0,0.0,0.0,0.0,0.0,0.0,0.0,Z,15
0.0,0.0,0.342857,0.205882,0.6,0.509804,0.542857,0.794118,0.185714,0.931373,0.171429,1.0,0.042857,1.362745,-0.114286,1.598039,-0.271429,1.803922,-0.2,0.901961,-0.228571,1.068627,-0.071429,0.705882,-0.028571,0.647059,-0.514286,0.784314,-0.571429,0.911765,-0.371429,0.598039,-0.314286,0.54902,-0.828571,0.627451,-0.885714,0.735294,-0.657143,0.529412,-0.557143,0.45098,0.0,0.0,0.0,0.0,0.0,0.0,0.0,0.0,0.0,0.0,0.0,0.0,0.0,0.0,0.0,0.0,0.0,0.0,0.0,0.0,0.0,0.0,0.0,0.0,0.0,0.0,0.0,0.0,0.0,0.0,0.0,0.0,0.0,0.0,0.0,0.0,0.0,0.0,0.0,0.0,0.0,0.0,0.0,0.0,Z,15
0.0,0.0,0.356164,0.191919,0.630137,0.505051,0.60274,0.808081,0.260274,0.959596,0.205479,1.0,0.068493,1.383838,-0.082192,1.606061,-0.232877,1.838384,-0.136986,0.909091,-0.178082,1.030303,-0.013699,0.646465,0.041096,0.616162,-0.465753,0.808081,-0.547945,0.919192,-0.328767,0.575758,-0.246575,0.545455,-0.794521,0.676768,-0.849315,0.757576,-0.616438,0.535354,-0.493151,0.454545,0.0,0.0,0.0,0.0,0.0,0.0,0.0,0.0,0.0,0.0,0.0,0.0,0.0,0.0,0.0,0.0,0.0,0.0,0.0,0.0,0.0,0.0,0.0,0.0,0.0,0.0,0.0,0.0,0.0,0.0,0.0,0.0,0.0,0.0,0.0,0.0,0.0,0.0,0.0,0.0,0.0,0.0,0.0,0.0,Z,15
0.0,0.0,0.320988,0.156863,0.62963,0.401961,0.604938,0.666667,0.358025,0.823529,0.296296,1.0,0.234568,1.294118,0.111111,1.519608,0.012346,1.715686,-0.074074,1.029412,0.024691,0.911765,0.098765,0.54902,0.111111,0.490196,-0.407407,0.931373,-0.296296,0.77451,-0.197531,0.490196,-0.160494,0.460784,-0.703704,0.77451,-0.617284,0.647059,-0.444444,0.45098,-0.395062,0.401961,0.0,0.0,0.0,0.0,0.0,0.0,0.0,0.0,0.0,0.0,0.0,0.0,0.0,0.0,0.0,0.0,0.0,0.0,0.0,0.0,0.0,0.0,0.0,0.0,0.0,0.0,0.0,0.0,0.0,0.0,0.0,0.0,0.0,0.0,0.0,0.0,0.0,0.0,0.0,0.0,0.0,0.0,0.0,0.0,Z,15
0.0,0.0,0.321429,0.141414,0.654762,0.383838,0.654762,0.616162,0.440476,0.787879,0.357143,1.0,0.309524,1.272727,0.214286,1.505051,0.119048,1.69697,-0.011905,1.060606,0.083333,0.89899,0.142857,0.545455,0.154762,0.474747,-0.345238,0.969697,-0.238095,0.757576,-0.142857,0.474747,-0.095238,0.444444,-0.642857,0.818182,-0.547619,0.626263,-0.392857,0.414141,-0.321429,0.393939,0.0,0.0,0.0,0.0,0.0,0.0,0.0,0.0,0.0,0.0,0.0,0.0,0.0,0.0,0.0,0.0,0.0,0.0,0.0,0.0,0.0,0.0,0.0,0.0,0.0,0.0,0.0,0.0,0.0,0.0,0.0,0.0,0.0,0.0,0.0,0.0,0.0,0.0,0.0,0.0,0.0,0.0,0.0,0.0,Z,15
0.0,0.0,0.345238,0.123711,0.666667,0.350515,0.72619,0.587629,0.52381,0.762887,0.404762,1.0,0.380952,1.257732,0.333333,1.494845,0.285714,1.680412,0.035714,1.072165,0.154762,0.876289,0.202381,0.515464,0.202381,0.43299,-0.285714,0.979381,-0.154762,0.731959,-0.083333,0.453608,-0.059524,0.42268,-0.595238,0.824742,-0.47619,0.597938,-0.321429,0.391753,-0.25,0.371134,0.0,0.0,0.0,0.0,0.0,0.0,0.0,0.0,0.0,0.0,0.0,0.0,0.0,0.0,0.0,0.0,0.0,0.0,0.0,0.0,0.0,0.0,0.0,0.0,0.0,0.0,0.0,0.0,0.0,0.0,0.0,0.0,0.0,0.0,0.0,0.0,0.0,0.0,0.0,0.0,0.0,0.0,0.0,0.0,Z,15
0.0,0.0,0.352941,0.098901,0.682353,0.285714,0.835294,0.483516,0.752941,0.648352,0.529412,1.0,0.623529,1.230769,0.647059,1.43956,0.682353,1.648352,0.176471,1.120879,0.352941,0.824176,0.329412,0.461538,0.294118,0.362637,-0.164706,1.043956,0.047059,0.659341,0.058824,0.384615,0.058824,0.340659,-0.470588,0.879121,-0.294118,0.571429,-0.188235,0.340659,-0.129412,0.307692,0.0,0.0,0.0,0.0,0.0,0.0,0.0,0.0,0.0,0.0,0.0,0.0,0.0,0.0,0.0,0.0,0.0,0.0,0.0,0.0,0.0,0.0,0.0,0.0,0.0,0.0,0.0,0.0,0.0,0.0,0.0,0.0,0.0,0.0,0.0,0.0,0.0,0.0,0.0,0.0,0.0,0.0,0.0,0.0,Z,15
0.0,0.0,0.373494,0.068182,0.771084,0.25,0.975904,0.431818,0.891566,0.568182,0.662651,1.0,0.86747,1.181818,0.987952,1.340909,1.096386,1.534091,0.313253,1.147727,0.614458,0.715909,0.53012,0.352273,0.445783,0.295455,-0.024096,1.079545,0.26506,0.568182,0.228916,0.306818,0.192771,0.329545,-0.337349,0.909091,-0.13253,0.511364,-0.060241,0.284091,-0.036145,0.261364,0.0,0.0,0.0,0.0,0.0,0.0,0.0,0.0,0.0,0.0,0.0,0.0,0.0,0.0,0.0,0.0,0.0,0.0,0.0,0.0,0.0,0.0,0.0,0.0,0.0,0.0,0.0,0.0,0.0,0.0,0.0,0.0,0.0,0.0,0.0,0.0,0.0,0.0,0.0,0.0,0.0,0.0,0.0,0.0,Z,15
0.0,0.0,0.390244,0.072289,0.756098,0.216867,0.97561,0.361446,0.963415,0.506024,0.695122,1.0,0.914634,1.156627,1.073171,1.313253,1.219512,1.481928,0.365854,1.180723,0.646341,0.686747,0.54878,0.313253,0.439024,0.253012,0.02439,1.120482,0.280488,0.506024,0.219512,0.253012,0.158537,0.289157,-0.304878,0.927711,-0.097561,0.445783,-0.060976,0.228916,-0.085366,0.253012,0.0,0.0,0.0,0.0,0.0,0.0,0.0,0.0,0.0,0.0,0.0,0.0,0.0,0.0,0.0,0.0,0.0,0.0,0.0,0.0,0.0,0.0,0.0,0.0,0.0,0.0,0.0,0.0,0.0,0.0,0.0,0.0,0.0,0.0,0.0,0.0,0.0,0.0,0.0,0.0,0.0,0.0,0.0,0.0,Z,15
0.0,0.0,0.349398,0.072289,0.722892,0.240964,0.939759,0.409639,0.891566,0.506024,0.674699,1.0,0.843373,1.168675,0.975904,1.325301,1.096386,1.506024,0.337349,1.180723,0.614458,0.698795,0.53012,0.337349,0.421687,0.289157,0.0,1.108434,0.240964,0.542169,0.192771,0.277108,0.13253,0.337349,-0.325301,0.915663,-0.144578,0.457831,-0.108434,0.240964,-0.13253,0.277108,0.0,0.0,0.0,0.0,0.0,0.0,0.0,0.0,0.0,0.0,0.0,0.0,0.0,0.0,0.0,0.0,0.0,0.0,0.0,0.0,0.0,0.0,0.0,0.0,0.0,0.0,0.0,0.0,0.0,0.0,0.0,0.0,0.0,0.0,0.0,0.0,0.0,0.0,0.0,0.0,0.0,0.0,0.0,0.0,Z,15
0.0,0.0,0.348837,0.060241,0.709302,0.228916,0.895349,0.385542,0.825581,0.53012,0.639535,1.0,0.77907,1.192771,0.848837,1.373494,0.918605,1.566265,0.302326,1.180723,0.511628,0.698795,0.44186,0.337349,0.348837,0.26506,-0.046512,1.120482,0.151163,0.518072,0.116279,0.277108,0.069767,0.301205,-0.360465,0.939759,-0.22093,0.445783,-0.162791,0.216867,-0.139535,0.228916,0.0,0.0,0.0,0.0,0.0,0.0,0.0,0.0,0.0,0.0,0.0,0.0,0.0,0.0,0.0,0.0,0.0,0.0,0.0,0.0,0.0,0.0,0.0,0.0,0.0,0.0,0.0,0.0,0.0,0.0,0.0,0.0,0.0,0.0,0.0,0.0,0.0,0.0,0.0,0.0,0.0,0.0,0.0,0.0,Z,15
0.0,0.0,0.318182,0.082353,0.670455,0.247059,0.840909,0.411765,0.761364,0.529412,0.590909,1.0,0.681818,1.176471,0.704545,1.364706,0.738636,1.564706,0.25,1.188235,0.431818,0.717647,0.375,0.352941,0.318182,0.294118,-0.090909,1.117647,0.090909,0.552941,0.079545,0.294118,0.056818,0.329412,-0.409091,0.941176,-0.261364,0.470588,-0.181818,0.247059,-0.170455,0.258824,0.0,0.0,0.0,0.0,0.0,0.0,0.0,0.0,0.0,0.0,0.0,0.0,0.0,0.0,0.0,0.0,0.0,0.0,0.0,0.0,0.0,0.0,0.0,0.0,0.0,0.0,0.0,0.0,0.0,0.0,0.0,0.0,0.0,0.0,0.0,0.0,0.0,0.0,0.0,0.0,0.0,0.0,0.0,0.0,Z,15
0.0,0.0,0.290323,0.0375,0.612903,0.2,0.774194,0.375,0.677419,0.4875,0.548387,1.0,0.591398,1.2375,0.569892,1.4125,0.526882,1.6125,0.193548,1.2,0.311828,0.6375,0.301075,0.2625,0.27957,0.175,-0.139785,1.1125,-0.010753,0.45,0.032258,0.2,0.053763,0.2375,-0.451613,0.9,-0.333333,0.3875,-0.247312,0.1625,-0.204301,0.1625,0.0,0.0,0.0,0.0,0.0,0.0,0.0,0.0,0.0,0.0,0.0,0.0,0.0,0.0,0.0,0.0,0.0,0.0,0.0,0.0,0.0,0.0,0.0,0.0,0.0,0.0,0.0,0.0,0.0,0.0,0.0,0.0,0.0,0.0,0.0,0.0,0.0,0.0,0.0,0.0,0.0,0.0,0.0,0.0,Z,15
0.0,0.0,0.270833,0.060241,0.5625,0.204819,0.65625,0.361446,0.520833,0.46988,0.46875,1.0,0.458333,1.180723,0.375,1.373494,0.291667,1.566265,0.114583,1.156627,0.15625,0.674699,0.208333,0.253012,0.239583,0.108434,-0.229167,1.072289,-0.135417,0.445783,-0.052083,0.168675,0.010417,0.144578,-0.53125,0.86747,-0.447917,0.361446,-0.322917,0.120482,-0.229167,0.096386,0.0,0.0,0.0,0.0,0.0,0.0,0.0,0.0,0.0,0.0,0.0,0.0,0.0,0.0,0.0,0.0,0.0,0.0,0.0,0.0,0.0,0.0,0.0,0.0,0.0,0.0,0.0,0.0,0.0,0.0,0.0,0.0,0.0,0.0,0.0,0.0,0.0,0.0,0.0,0.0,0.0,0.0,0.0,0.0,Z,15
0.0,0.0,0.344086,-0.018519,0.623656,0.092593,0.612903,0.074074,0.408602,0.018519,0.44086,1.0,0.311828,1.148148,0.193548,1.296296,0.043011,1.574074,0.032258,1.12963,0.010753,0.185185,0.172043,-0.481481,0.301075,-0.481481,-0.301075,0.981481,-0.301075,0.037037,-0.096774,-0.518519,0.032258,-0.462963,-0.55914,0.759259,-0.526882,-0.074074,-0.354839,-0.518519,-0.215054,-0.518519,0.010752688172043,0.6111111111111112,0.0,0.0,0.29,0.063291,0.61,0.253165,0.64,0.392405,0.43,0.417722,0.44,1.0,0.34,1.189873,0.2,1.367089,0.07,1.594937,0.07,1.177215,0.06,0.56962,0.17,0.177215,0.26,0.177215,-0.26,1.101266,-0.26,0.392405,-0.11,0.088608,0.0,0.126582,-0.56,0.911392,-0.53,0.367089,-0.37,0.101266,-0.25,0.113924,Z,15
0.0,0.0,0.309278,0.101266,0.639175,0.35443,0.57732,0.417722,0.350515,0.341772,0.391753,1.0,0.257732,1.202532,0.092784,1.35443,-0.092784,1.556962,0.010309,1.177215,-0.030928,0.556962,0.134021,0.164557,0.247423,0.139241,-0.319588,1.088608,-0.319588,0.379747,-0.134021,0.063291,0.010309,0.075949,-0.608247,0.911392,-0.57732,0.329114,-0.381443,0.037975,-0.237113,0.037975,0.0,0.0,0.0,0.0,0.0,0.0,0.0,0.0,0.0,0.0,0.0,0.0,0.0,0.0,0.0,0.0,0.0,0.0,0.0,0.0,0.0,0.0,0.0,0.0,0.0,0.0,0.0,0.0,0.0,0.0,0.0,0.0,0.0,0.0,0.0,0.0,0.0,0.0,0.0,0.0,0.0,0.0,0.0,0.0,Z,15
0.0,0.0,0.306122,0.102564,0.632653,0.333333,0.530612,0.397436,0.295918,0.346154,0.357143,1.0,0.173469,1.205128,-0.010204,1.346154,-0.193878,1.564103,-0.030612,1.166667,-0.112245,0.538462,0.071429,0.153846,0.214286,0.141026,-0.367347,1.089744,-0.397959,0.358974,-0.193878,0.038462,-0.030612,0.051282,-0.642857,0.897436,-0.632653,0.307692,-0.428571,0.0,-0.27551,-0.012821,0.0,0.0,0.0,0.0,0.0,0.0,0.0,0.0,0.0,0.0,0.0,0.0,0.0,0.0,0.0,0.0,0.0,0.0,0.0,0.0,0.0,0.0,0.0,0.0,0.0,0.0,0.0,0.0,0.0,0.0,0.0,0.0,0.0,0.0,0.0,0.0,0.0,0.0,0.0,0.0,0.0,0.0,0.0,0.0,Z,15
0.0,0.0,0.3125,0.097561,0.635417,0.353659,0.520833,0.463415,0.25,0.414634,0.34375,1.0,0.15625,1.195122,-0.041667,1.329268,-0.239583,1.536585,-0.041667,1.170732,-0.135417,0.585366,0.052083,0.182927,0.197917,0.182927,-0.375,1.097561,-0.427083,0.426829,-0.208333,0.121951,-0.052083,0.134146,-0.65625,0.926829,-0.666667,0.390244,-0.458333,0.109756,-0.302083,0.097561,0.0,0.0,0.0,0.0,0.0,0.0,0.0,0.0,0.0,0.0,0.0,0.0,0.0,0.0,0.0,0.0,0.0,0.0,0.0,0.0,0.0,0.0,0.0,0.0,0.0,0.0,0.0,0.0,0.0,0.0,0.0,0.0,0.0,0.0,0.0,0.0,0.0,0.0,0.0,0.0,0.0,0.0,0.0,0.0,Z,15
0.0,0.0,0.319588,0.11236,0.639175,0.337079,0.505155,0.449438,0.237113,0.426966,0.319588,1.0,0.103093,1.157303,-0.103093,1.269663,-0.309278,1.460674,-0.072165,1.146067,-0.175258,0.573034,0.010309,0.179775,0.154639,0.191011,-0.402062,1.078652,-0.463918,0.438202,-0.247423,0.134831,-0.103093,0.157303,-0.680412,0.910112,-0.690722,0.404494,-0.494845,0.146067,-0.360825,0.134831,0.0,0.0,0.0,0.0,0.0,0.0,0.0,0.0,0.0,0.0,0.0,0.0,0.0,0.0,0.0,0.0,0.0,0.0,0.0,0.0,0.0,0.0,0.0,0.0,0.0,0.0,0.0,0.0,0.0,0.0,0.0,0.0,0.0,0.0,0.0,0.0,0.0,0.0,0.0,0.0,0.0,0.0,0.0,0.0,Z,15
0.0,0.0,0.315789,0.147368,0.631579,0.410526,0.484211,0.526316,0.2,0.484211,0.326316,1.0,0.073684,1.157895,-0.147368,1.252632,-0.368421,1.431579,-0.063158,1.126316,-0.221053,0.621053,-0.021053,0.263158,0.136842,0.284211,-0.4,1.063158,-0.505263,0.494737,-0.284211,0.210526,-0.136842,0.242105,-0.673684,0.915789,-0.726316,0.442105,-0.536842,0.2,-0.4,0.210526,0.0,0.0,0.0,0.0,0.0,0.0,0.0,0.0,0.0,0.0,0.0,0.0,0.0,0.0,0.0,0.0,0.0,0.0,0.0,0.0,0.0,0.0,0.0,0.0,0.0,0.0,0.0,0.0,0.0,0.0,0.0,0.0,0.0,0.0,0.0,0.0,0.0,0.0,0.0,0.0,0.0,0.0,0.0,0.0,Z,15
0.0,0.0,0.369863,0.16092,0.684932,0.45977,0.767123,0.793103,0.616438,1.057471,0.520548,1.0,0.753425,1.37931,0.917808,1.62069,0.986301,1.862069,0.164384,1.034483,0.356164,1.172414,0.315068,0.747126,0.232877,0.701149,-0.164384,0.977011,0.0,1.034483,0.027397,0.643678,-0.041096,0.632184,-0.479452,0.862069,-0.342466,0.908046,-0.219178,0.632184,-0.260274,0.586207,0.0,0.0,0.0,0.0,0.0,0.0,0.0,0.0,0.0,0.0,0.0,0.0,0.0,0.0,0.0,0.0,0.0,0.0,0.0,0.0,0.0,0.0,0.0,0.0,0.0,0.0,0.0,0.0,0.0,0.0,0.0,0.0,0.0,0.0,0.0,0.0,0.0,0.0,0.0,0.0,0.0,0.0,0.0,0.0,Z,16
0.0,0.0,0.376623,0.16092,0.714286,0.448276,0.779221,0.781609,0.623377,1.045977,0.545455,1.0,0.766234,1.37931,0.896104,1.632184,0.974026,1.873563,0.194805,1.034483,0.38961,1.16092,0.350649,0.724138,0.246753,0.666667,-0.12987,0.988506,0.038961,1.022989,0.064935,0.632184,-0.025974,0.62069,-0.454545,0.873563,-0.285714,0.896552,-0.168831,0.632184,-0.207792,0.586207,0.0,0.0,0.0,0.0,0.0,0.0,0.0,0.0,0.0,0.0,0.0,0.0,0.0,0.0,0.0,0.0,0.0,0.0,0.0,0.0,0.0,0.0,0.0,0.0,0.0,0.0,0.0,0.0,0.0,0.0,0.0,0.0,0.0,0.0,0.0,0.0,0.0,0.0,0.0,0.0,0.0,0.0,0.0,0.0,Z,16
0.0,0.0,0.386667,0.162791,0.72,0.465116,0.773333,0.802326,0.626667,1.081395,0.546667,1.0,0.773333,1.395349,0.906667,1.662791,0.986667,1.918605,0.2,1.034884,0.386667,1.186047,0.36,0.744186,0.266667,0.686047,-0.133333,0.976744,0.04,1.034884,0.066667,0.639535,-0.013333,0.616279,-0.453333,0.872093,-0.293333,0.918605,-0.173333,0.639535,-0.213333,0.581395,0.0,0.0,0.0,0.0,0.0,0.0,0.0,0.0,0.0,0.0,0.0,0.0,0.0,0.0,0.0,0.0,0.0,0.0,0.0,0.0,0.0,0.0,0.0,0.0,0.0,0.0,0.0,0.0,0.0,0.0,0.0,0.0,0.0,0.0,0.0,0.0,0.0,0.0,0.0,0.0,0.0,0.0,0.0,0.0,Z,16
0.0,0.0,0.373333,0.174419,0.706667,0.488372,0.76,0.825581,0.626667,1.104651,0.546667,1.0,0.786667,1.406977,0.92,1.674419,1.013333,1.930233,0.186667,1.034884,0.386667,1.186047,0.346667,0.755814,0.253333,0.697674,-0.133333,0.988372,0.026667,1.011628,0.053333,0.627907,-0.013333,0.627907,-0.453333,0.883721,-0.32,0.930233,-0.186667,0.651163,-0.213333,0.604651,0.0,0.0,0.0,0.0,0.0,0.0,0.0,0.0,0.0,0.0,0.0,0.0,0.0,0.0,0.0,0.0,0.0,0.0,0.0,0.0,0.0,0.0,0.0,0.0,0.0,0.0,0.0,0.0,0.0,0.0,0.0,0.0,0.0,0.0,0.0,0.0,0.0,0.0,0.0,0.0,0.0,0.0,0.0,0.0,Z,16
0.0,0.0,0.376812,0.195652,0.681159,0.51087,0.666667,0.815217,0.434783,1.043478,0.405797,1.0,0.565217,1.434783,0.652174,1.717391,0.666667,1.967391,0.057971,0.956522,0.144928,1.108696,0.202899,0.728261,0.173913,0.652174,-0.26087,0.869565,-0.202899,0.98913,-0.086957,0.652174,-0.101449,0.586957,-0.594203,0.728261,-0.521739,0.858696,-0.362319,0.619565,-0.333333,0.51087,0.0,0.0,0.0,0.0,0.0,0.0,0.0,0.0,0.0,0.0,0.0,0.0,0.0,0.0,0.0,0.0,0.0,0.0,0.0,0.0,0.0,0.0,0.0,0.0,0.0,0.0,0.0,0.0,0.0,0.0,0.0,0.0,0.0,0.0,0.0,0.0,0.0,0.0,0.0,0.0,0.0,0.0,0.0,0.0,Z,16
0.0,0.0,0.343284,0.216495,0.58209,0.546392,0.462687,0.85567,0.059701,1.010309,0.268657,1.0,0.268657,1.412371,0.223881,1.690722,0.149254,1.927835,-0.104478,0.948454,-0.208955,1.113402,-0.149254,0.742268,-0.089552,0.639175,-0.432836,0.85567,-0.567164,0.938144,-0.402985,0.639175,-0.313433,0.587629,-0.731343,0.721649,-0.820896,0.783505,-0.626866,0.57732,-0.537313,0.515464,0.0,0.0,0.0,0.0,0.0,0.0,0.0,0.0,0.0,0.0,0.0,0.0,0.0,0.0,0.0,0.0,0.0,0.0,0.0,0.0,0.0,0.0,0.0,0.0,0.0,0.0,0.0,0.0,0.0,0.0,0.0,0.0,0.0,0.0,0.0,0.0,0.0,0.0,0.0,0.0,0.0,0.0,0.0,0.0,Z,16
0.0,0.0,0.328125,0.227723,0.5,0.554455,0.3125,0.831683,-0.078125,1.0,0.140625,1.0,0.078125,1.39604,0.0,1.653465,-0.09375,1.881188,-0.25,0.920792,-0.375,1.09901,-0.234375,0.742574,-0.15625,0.663366,-0.578125,0.80198,-0.6875,0.891089,-0.46875,0.594059,-0.375,0.574257,-0.859375,0.643564,-0.96875,0.732673,-0.75,0.554455,-0.625,0.49505,0.0,0.0,0.0,0.0,0.0,0.0,0.0,0.0,0.0,0.0,0.0,0.0,0.0,0.0,0.0,0.0,0.0,0.0,0.0,0.0,0.0,0.0,0.0,0.0,0.0,0.0,0.0,0.0,0.0,0.0,0.0,0.0,0.0,0.0,0.0,0.0,0.0,0.0,0.0,0.0,0.0,0.0,0.0,0.0,Z,16
0.0,0.0,0.319444,0.173469,0.583333,0.479592,0.486111,0.785714,0.138889,0.959184,0.305556,1.0,0.305556,1.387755,0.222222,1.653061,0.138889,1.887755,-0.069444,0.969388,-0.208333,1.081633,-0.111111,0.683673,0.0,0.602041,-0.388889,0.887755,-0.555556,0.918367,-0.402778,0.591837,-0.263889,0.540816,-0.694444,0.765306,-0.833333,0.795918,-0.666667,0.55102,-0.527778,0.469388,0.0,0.0,0.0,0.0,0.0,0.0,0.0,0.0,0.0,0.0,0.0,0.0,0.0,0.0,0.0,0.0,0.0,0.0,0.0,0.0,0.0,0.0,0.0,0.0,0.0,0.0,0.0,0.0,0.0,0.0,0.0,0.0,0.0,0.0,0.0,0.0,0.0,0.0,0.0,0.0,0.0,0.0,0.0,0.0,Z,16
0.0,0.0,0.333333,0.152174,0.666667,0.445652,0.602564,0.75,0.333333,0.934783,0.423077,1.0,0.474359,1.358696,0.448718,1.630435,0.410256,1.869565,0.076923,1.032609,-0.012821,1.054348,0.051282,0.663043,0.128205,0.597826,-0.25641,0.978261,-0.371795,0.934783,-0.24359,0.597826,-0.141026,0.554348,-0.576923,0.858696,-0.679487,0.815217,-0.512821,0.565217,-0.410256,0.48913,0.0,0.0,0.0,0.0,0.0,0.0,0.0,0.0,0.0,0.0,0.0,0.0,0.0,0.0,0.0,0.0,0.0,0.0,0.0,0.0,0.0,0.0,0.0,0.0,0.0,0.0,0.0,0.0,0.0,0.0,0.0,0.0,0.0,0.0,0.0,0.0,0.0,0.0,0.0,0.0,0.0,0.0,0.0,0.0,Z,16
0.0,0.0,0.329268,0.108696,0.670732,0.369565,0.646341,0.673913,0.426829,0.869565,0.463415,1.0,0.573171,1.304348,0.597561,1.532609,0.621951,1.728261,0.109756,1.086957,0.146341,0.98913,0.170732,0.608696,0.182927,0.51087,-0.219512,1.032609,-0.195122,0.847826,-0.121951,0.532609,-0.073171,0.478261,-0.536585,0.913043,-0.5,0.73913,-0.365854,0.5,-0.292683,0.445652,0.0,0.0,0.0,0.0,0.0,0.0,0.0,0.0,0.0,0.0,0.0,0.0,0.0,0.0,0.0,0.0,0.0,0.0,0.0,0.0,0.0,0.0,0.0,0.0,0.0,0.0,0.0,0.0,0.0,0.0,0.0,0.0,0.0,0.0,0.0,0.0,0.0,0.0,0.0,0.0,0.0,0.0,0.0,0.0,Z,16
0.0,0.0,0.345238,0.098901,0.702381,0.318681,0.785714,0.571429,0.630952,0.747253,0.547619,1.0,0.738095,1.186813,0.845238,1.362637,0.940476,1.538462,0.202381,1.120879,0.333333,0.901099,0.297619,0.527473,0.27381,0.406593,-0.130952,1.065934,-0.011905,0.758242,0.02381,0.450549,0.047619,0.395604,-0.452381,0.934066,-0.345238,0.681319,-0.238095,0.43956,-0.178571,0.384615,0.0,0.0,0.0,0.0,0.0,0.0,0.0,0.0,0.0,0.0,0.0,0.0,0.0,0.0,0.0,0.0,0.0,0.0,0.0,0.0,0.0,0.0,0.0,0.0,0.0,0.0,0.0,0.0,0.0,0.0,0.0,0.0,0.0,0.0,0.0,0.0,0.0,0.0,0.0,0.0,0.0,0.0,0.0,0.0,Z,16
0.0,0.0,0.352941,0.070588,0.717647,0.282353,0.823529,0.529412,0.705882,0.717647,0.611765,1.0,0.835294,1.188235,0.964706,1.364706,1.082353,1.552941,0.270588,1.164706,0.4,0.894118,0.352941,0.505882,0.317647,0.376471,-0.070588,1.129412,0.058824,0.752941,0.070588,0.435294,0.082353,0.376471,-0.388235,0.988235,-0.282353,0.694118,-0.176471,0.435294,-0.117647,0.388235,0.0,0.0,0.0,0.0,0.0,0.0,0.0,0.0,0.0,0.0,0.0,0.0,0.0,0.0,0.0,0.0,0.0,0.0,0.0,0.0,0.0,0.0,0.0,0.0,0.0,0.0,0.0,0.0,0.0,0.0,0.0,0.0,0.0,0.0,0.0,0.0,0.0,0.0,0.0,0.0,0.0,0.0,0.0,0.0,Z,16
0.0,0.0,0.357143,0.072289,0.72619,0.277108,0.869048,0.518072,0.77381,0.710843,0.654762,1.0,0.892857,1.144578,1.047619,1.301205,1.190476,1.481928,0.321429,1.156627,0.47619,0.891566,0.416667,0.493976,0.357143,0.385542,-0.011905,1.13253,0.130952,0.746988,0.119048,0.421687,0.119048,0.39759,-0.345238,0.987952,-0.22619,0.674699,-0.154762,0.421687,-0.107143,0.39759,0.0,0.0,0.0,0.0,0.0,0.0,0.0,0.0,0.0,0.0,0.0,0.0,0.0,0.0,0.0,0.0,0.0,0.0,0.0,0.0,0.0,0.0,0.0,0.0,0.0,0.0,0.0,0.0,0.0,0.0,0.0,0.0,0.0,0.0,0.0,0.0,0.0,0.0,0.0,0.0,0.0,0.0,0.0,0.0,Z,16
0.0,0.0,0.345238,0.070588,0.714286,0.305882,0.797619,0.6,0.630952,0.776471,0.571429,1.0,0.72619,1.141176,0.845238,1.282353,0.964286,1.423529,0.238095,1.141176,0.369048,0.905882,0.333333,0.529412,0.285714,0.411765,-0.107143,1.082353,0.02381,0.752941,0.035714,0.458824,0.059524,0.423529,-0.428571,0.941176,-0.321429,0.658824,-0.238095,0.411765,-0.190476,0.376471,0.0,0.0,0.0,0.0,0.0,0.0,0.0,0.0,0.0,0.0,0.0,0.0,0.0,0.0,0.0,0.0,0.0,0.0,0.0,0.0,0.0,0.0,0.0,0.0,0.0,0.0,0.0,0.0,0.0,0.0,0.0,0.0,0.0,0.0,0.0,0.0,0.0,0.0,0.0,0.0,0.0,0.0,0.0,0.0,Z,16
0.0,0.0,0.305882,0.070588,0.682353,0.305882,0.694118,0.588235,0.517647,0.788235,0.517647,1.0,0.635294,1.141176,0.705882,1.282353,0.776471,1.447059,0.176471,1.129412,0.247059,0.929412,0.235294,0.552941,0.223529,0.447059,-0.152941,1.070588,-0.082353,0.823529,-0.047059,0.505882,-0.023529,0.447059,-0.482353,0.917647,-0.411765,0.741176,-0.317647,0.482353,-0.270588,0.435294,0.0,0.0,0.0,0.0,0.0,0.0,0.0,0.0,0.0,0.0,0.0,0.0,0.0,0.0,0.0,0.0,0.0,0.0,0.0,0.0,0.0,0.0,0.0,0.0,0.0,0.0,0.0,0.0,0.0,0.0,0.0,0.0,0.0,0.0,0.0,0.0,0.0,0.0,0.0,0.0,0.0,0.0,0.0,0.0,Z,16
0.0,0.0,0.302326,0.096386,0.593023,0.349398,0.534884,0.662651,0.255814,0.855422,0.453488,1.0,0.453488,1.13253,0.395349,1.301205,0.348837,1.493976,0.104651,1.084337,-0.023256,1.048193,-0.011628,0.650602,0.05814,0.506024,-0.22093,1.036145,-0.348837,0.951807,-0.267442,0.60241,-0.162791,0.493976,-0.546512,0.891566,-0.616279,0.831325,-0.5,0.566265,-0.395349,0.46988,0.0,0.0,0.0,0.0,0.0,0.0,0.0,0.0,0.0,0.0,0.0,0.0,0.0,0.0,0.0,0.0,0.0,0.0,0.0,0.0,0.0,0.0,0.0,0.0,0.0,0.0,0.0,0.0,0.0,0.0,0.0,0.0,0.0,0.0,0.0,0.0,0.0,0.0,0.0,0.0,0.0,0.0,0.0,0.0,Z,16
0.0,0.0,0.267442,0.106383,0.581395,0.340426,0.546512,0.62766,0.267442,0.787234,0.383721,1.0,0.348837,1.06383,0.255814,1.180851,0.174419,1.351064,0.023256,1.106383,-0.104651,0.840426,-0.034884,0.478723,0.046512,0.478723,-0.313953,1.06383,-0.44186,0.755319,-0.302326,0.457447,-0.174419,0.457447,-0.616279,0.925532,-0.686047,0.670213,-0.534884,0.43617,-0.383721,0.414894,0.0,0.0,0.0,0.0,0.0,0.0,0.0,0.0,0.0,0.0,0.0,0.0,0.0,0.0,0.0,0.0,0.0,0.0,0.0,0.0,0.0,0.0,0.0,0.0,0.0,0.0,0.0,0.0,0.0,0.0,0.0,0.0,0.0,0.0,0.0,0.0,0.0,0.0,0.0,0.0,0.0,0.0,0.0,0.0,Z,16
0.0,0.0,0.272727,0.096774,0.556818,0.354839,0.454545,0.655914,0.147727,0.784946,0.363636,1.0,0.284091,1.043011,0.170455,1.16129,0.068182,1.344086,-0.011364,1.107527,-0.147727,0.827957,-0.079545,0.451613,0.022727,0.44086,-0.340909,1.064516,-0.488636,0.774194,-0.340909,0.451613,-0.215909,0.44086,-0.636364,0.935484,-0.704545,0.688172,-0.556818,0.451613,-0.409091,0.430108,0.0,0.0,0.0,0.0,0.0,0.0,0.0,0.0,0.0,0.0,0.0,0.0,0.0,0.0,0.0,0.0,0.0,0.0,0.0,0.0,0.0,0.0,0.0,0.0,0.0,0.0,0.0,0.0,0.0,0.0,0.0,0.0,0.0,0.0,0.0,0.0,0.0,0.0,0.0,0.0,0.0,0.0,0.0,0.0,Z,16
0.0,0.0,0.258427,0.113402,0.516854,0.371134,0.404494,0.649485,0.089888,0.762887,0.303371,1.0,0.202247,1.030928,0.078652,1.134021,-0.022472,1.309278,-0.078652,1.072165,-0.213483,0.804124,-0.123596,0.43299,-0.011236,0.443299,-0.404494,1.010309,-0.561798,0.752577,-0.404494,0.443299,-0.258427,0.443299,-0.696629,0.865979,-0.786517,0.649485,-0.617978,0.43299,-0.47191,0.42268,0.0,0.0,0.0,0.0,0.0,0.0,0.0,0.0,0.0,0.0,0.0,0.0,0.0,0.0,0.0,0.0,0.0,0.0,0.0,0.0,0.0,0.0,0.0,0.0,0.0,0.0,0.0,0.0,0.0,0.0,0.0,0.0,0.0,0.0,0.0,0.0,0.0,0.0,0.0,0.0,0.0,0.0,0.0,0.0,Z,16
0.0,0.0,0.290698,0.114583,0.569767,0.375,0.44186,0.65625,0.093023,0.770833,0.290698,1.0,0.186047,1.052083,0.069767,1.135417,-0.046512,1.302083,-0.093023,1.072917,-0.255814,0.8125,-0.139535,0.427083,-0.011628,0.458333,-0.418605,1.010417,-0.604651,0.739583,-0.418605,0.416667,-0.267442,0.427083,-0.709302,0.864583,-0.813953,0.645833,-0.639535,0.416667,-0.488372,0.40625,0.0,0.0,0.0,0.0,0.0,0.0,0.0,0.0,0.0,0.0,0.0,0.0,0.0,0.0,0.0,0.0,0.0,0.0,0.0,0.0,0.0,0.0,0.0,0.0,0.0,0.0,0.0,0.0,0.0,0.0,0.0,0.0,0.0,0.0,0.0,0.0,0.0,0.0,0.0,0.0,0.0,0.0,0.0,0.0,Z,16
0.0,0.0,0.290698,0.111111,0.55814,0.373737,0.418605,0.626263,0.069767,0.727273,0.244186,1.0,0.116279,1.030303,-0.011628,1.111111,-0.139535,1.252525,-0.151163,1.060606,-0.325581,0.787879,-0.197674,0.424242,-0.081395,0.424242,-0.476744,0.989899,-0.651163,0.717172,-0.476744,0.414141,-0.325581,0.414141,-0.755814,0.848485,-0.860465,0.626263,-0.674419,0.414141,-0.523256,0.40404,0.0,0.0,0.0,0.0,0.0,0.0,0.0,0.0,0.0,0.0,0.0,0.0,0.0,0.0,0.0,0.0,0.0,0.0,0.0,0.0,0.0,0.0,0.0,0.0,0.0,0.0,0.0,0.0,0.0,0.0,0.0,0.0,0.0,0.0,0.0,0.0,0.0,0.0,0.0,0.0,0.0,0.0,0.0,0.0,Z,16
0.0,0.0,0.313953,0.13,0.593023,0.39,0.406977,0.66,0.023256,0.73,0.232558,1.0,0.104651,1.03,-0.023256,1.09,-0.139535,1.23,-0.162791,1.06,-0.348837,0.79,-0.197674,0.42,-0.069767,0.43,-0.488372,0.99,-0.674419,0.71,-0.465116,0.4,-0.302326,0.41,-0.767442,0.84,-0.860465,0.62,-0.674419,0.41,-0.523256,0.4,0.0,0.0,0.0,0.0,0.0,0.0,0.0,0.0,0.0,0.0,0.0,0.0,0.0,0.0,0.0,0.0,0.0,0.0,0.0,0.0,0.0,0.0,0.0,0.0,0.0,0.0,0.0,0.0,0.0,0.0,0.0,0.0,0.0,0.0,0.0,0.0,0.0,0.0,0.0,0.0,0.0,0.0,0.0,0.0,Z,16
0.0,0.0,0.317647,0.13,0.611765,0.4,0.435294,0.65,0.058824,0.74,0.235294,1.0,0.105882,1.03,-0.011765,1.09,-0.141176,1.24,-0.152941,1.07,-0.352941,0.77,-0.188235,0.41,-0.070588,0.45,-0.494118,1.0,-0.670588,0.7,-0.458824,0.4,-0.294118,0.42,-0.764706,0.85,-0.858824,0.61,-0.658824,0.41,-0.505882,0.4,0.0,0.0,0.0,0.0,0.0,0.0,0.0,0.0,0.0,0.0,0.0,0.0,0.0,0.0,0.0,0.0,0.0,0.0,0.0,0.0,0.0,0.0,0.0,0.0,0.0,0.0,0.0,0.0,0.0,0.0,0.0,0.0,0.0,0.0,0.0,0.0,0.0,0.0,0.0,0.0,0.0,0.0,0.0,0.0,Z,16
0.0,0.0,0.297619,0.128713,0.571429,0.386139,0.428571,0.643564,0.071429,0.732673,0.214286,1.0,0.095238,1.009901,-0.011905,1.069307,-0.119048,1.188119,-0.178571,1.059406,-0.333333,0.772277,-0.202381,0.415842,-0.083333,0.445545,-0.511905,0.980198,-0.666667,0.693069,-0.47619,0.405941,-0.333333,0.425743,-0.785714,0.841584,-0.869048,0.613861,-0.702381,0.415842,-0.559524,0.415842,0.0,0.0,0.0,0.0,0.0,0.0,0.0,0.0,0.0,0.0,0.0,0.0,0.0,0.0,0.0,0.0,0.0,0.0,0.0,0.0,0.0,0.0,0.0,0.0,0.0,0.0,0.0,0.0,0.0,0.0,0.0,0.0,0.0,0.0,0.0,0.0,0.0,0.0,0.0,0.0,0.0,0.0,0.0,0.0,Z,16
0.0,0.0,0.317647,0.121212,0.6,0.393939,0.411765,0.636364,0.047059,0.717172,0.235294,1.0,0.105882,1.0,0.011765,1.050505,-0.094118,1.171717,-0.164706,1.050505,-0.352941,0.767677,-0.2,0.414141,-0.070588,0.393939,-0.494118,0.979798,-0.658824,0.686869,-0.458824,0.383838,-0.294118,0.373737,-0.764706,0.838384,-0.847059,0.606061,-0.658824,0.383838,-0.505882,0.363636,0.0,0.0,0.0,0.0,0.0,0.0,0.0,0.0,0.0,0.0,0.0,0.0,0.0,0.0,0.0,0.0,0.0,0.0,0.0,0.0,0.0,0.0,0.0,0.0,0.0,0.0,0.0,0.0,0.0,0.0,0.0,0.0,0.0,0.0,0.0,0.0,0.0,0.0,0.0,0.0,0.0,0.0,0.0,0.0,Z,16
0.0,0.0,0.317647,0.132653,0.611765,0.408163,0.423529,0.653061,0.047059,0.734694,0.223529,1.0,0.105882,1.030612,0.011765,1.081633,-0.117647,1.22449,-0.176471,1.05102,-0.341176,0.77551,-0.188235,0.418367,-0.070588,0.44898,-0.494118,0.989796,-0.670588,0.704082,-0.447059,0.397959,-0.294118,0.428571,-0.776471,0.836735,-0.858824,0.612245,-0.658824,0.397959,-0.517647,0.397959,0.0,0.0,0.0,0.0,0.0,0.0,0.0,0.0,0.0,0.0,0.0,0.0,0.0,0.0,0.0,0.0,0.0,0.0,0.0,0.0,0.0,0.0,0.0,0.0,0.0,0.0,0.0,0.0,0.0,0.0,0.0,0.0,0.0,0.0,0.0,0.0,0.0,0.0,0.0,0.0,0.0,0.0,0.0,0.0,Z,16
0.0,0.0,0.325301,0.123711,0.638554,0.402062,0.457831,0.659794,0.072289,0.742268,0.216867,1.0,0.108434,1.030928,0.012048,1.082474,-0.096386,1.226804,-0.180723,1.061856,-0.349398,0.773196,-0.204819,0.42268,-0.084337,0.443299,-0.506024,1.0,-0.674699,0.701031,-0.46988,0.402062,-0.313253,0.412371,-0.783133,0.845361,-0.86747,0.618557,-0.686747,0.402062,-0.53012,0.381443,0.0,0.0,0.0,0.0,0.0,0.0,0.0,0.0,0.0,0.0,0.0,0.0,0.0,0.0,0.0,0.0,0.0,0.0,0.0,0.0,0.0,0.0,0.0,0.0,0.0,0.0,0.0,0.0,0.0,0.0,0.0,0.0,0.0,0.0,0.0,0.0,0.0,0.0,0.0,0.0,0.0,0.0,0.0,0.0,Z,16
0.0,0.0,0.373333,0.125,0.72,0.409091,0.866667,0.693182,0.8,0.943182,0.573333,1.0,0.893333,1.352273,1.106667,1.602273,1.213333,1.852273,0.213333,1.045455,0.56,1.125,0.546667,0.670455,0.4,0.579545,-0.12,0.988636,0.213333,0.943182,0.226667,0.534091,0.093333,0.488636,-0.426667,0.840909,-0.133333,0.818182,-0.026667,0.534091,-0.106667,0.465909,0.0,0.0,0.0,0.0,0.0,0.0,0.0,0.0,0.0,0.0,0.0,0.0,0.0,0.0,0.0,0.0,0.0,0.0,0.0,0.0,0.0,0.0,0.0,0.0,0.0,0.0,0.0,0.0,0.0,0.0,0.0,0.0,0.0,0.0,0.0,0.0,0.0,0.0,0.0,0.0,0.0,0.0,0.0,0.0,Z,17
0.0,0.0,0.472973,0.168421,0.824324,0.431579,0.959459,0.684211,0.905405,0.936842,0.648649,1.0,0.986486,1.336842,1.189189,1.578947,1.324324,1.8,0.27027,1.021053,0.648649,1.094737,0.621622,0.694737,0.486486,0.610526,-0.054054,0.957895,0.297297,0.947368,0.297297,0.578947,0.162162,0.536842,-0.351351,0.831579,-0.027027,0.821053,0.054054,0.557895,-0.067568,0.515789,0.0,0.0,0.0,0.0,0.0,0.0,0.0,0.0,0.0,0.0,0.0,0.0,0.0,0.0,0.0,0.0,0.0,0.0,0.0,0.0,0.0,0.0,0.0,0.0,0.0,0.0,0.0,0.0,0.0,0.0,0.0,0.0,0.0,0.0,0.0,0.0,0.0,0.0,0.0,0.0,0.0,0.0,0.0,0.0,Z,17
0.0,0.0,0.453333,0.168421,0.813333,0.431579,0.96,0.694737,0.893333,0.947368,0.653333,1.0,0.973333,1.347368,1.186667,1.578947,1.306667,1.8,0.293333,1.031579,0.64,1.094737,0.613333,0.705263,0.493333,0.610526,-0.04,0.968421,0.293333,0.957895,0.293333,0.6,0.16,0.557895,-0.346667,0.831579,-0.04,0.810526,0.04,0.557895,-0.053333,0.515789,0.0,0.0,0.0,0.0,0.0,0.0,0.0,0.0,0.0,0.0,0.0,0.0,0.0,0.0,0.0,0.0,0.0,0.0,0.0,0.0,0.0,0.0,0.0,0.0,0.0,0.0,0.0,0.0,0.0,0.0,0.0,0.0,0.0,0.0,0.0,0.0,0.0,0.0,0.0,0.0,0.0,0.0,0.0,0.0,Z,17
0.0,0.0,0.397436,0.164948,0.717949,0.443299,0.846154,0.701031,0.846154,0.938144,0.602564,1.0,0.910256,1.329897,1.102564,1.57732,1.217949,1.793814,0.25641,1.030928,0.538462,1.082474,0.512821,0.690722,0.397436,0.618557,-0.076923,0.958763,0.205128,0.927835,0.205128,0.57732,0.089744,0.536082,-0.397436,0.824742,-0.153846,0.804124,-0.051282,0.546392,-0.128205,0.494845,0.0,0.0,0.0,0.0,0.0,0.0,0.0,0.0,0.0,0.0,0.0,0.0,0.0,0.0,0.0,0.0,0.0,0.0,0.0,0.0,0.0,0.0,0.0,0.0,0.0,0.0,0.0,0.0,0.0,0.0,0.0,0.0,0.0,0.0,0.0,0.0,0.0,0.0,0.0,0.0,0.0,0.0,0.0,0.0,Z,17
0.0,0.0,0.358025,0.170213,0.691358,0.457447,0.765432,0.744681,0.679012,1.0,0.518519,1.0,0.790123,1.382979,0.962963,1.62766,1.074074,1.851064,0.148148,1.031915,0.407407,1.12766,0.395062,0.712766,0.283951,0.595745,-0.17284,0.957447,0.08642,0.925532,0.111111,0.553191,0.0,0.5,-0.481481,0.819149,-0.222222,0.808511,-0.123457,0.542553,-0.185185,0.478723,0.0,0.0,0.0,0.0,0.0,0.0,0.0,0.0,0.0,0.0,0.0,0.0,0.0,0.0,0.0,0.0,0.0,0.0,0.0,0.0,0.0,0.0,0.0,0.0,0.0,0.0,0.0,0.0,0.0,0.0,0.0,0.0,0.0,0.0,0.0,0.0,0.0,0.0,0.0,0.0,0.0,0.0,0.0,0.0,Z,17
0.0,0.0,0.341772,0.153061,0.658228,0.44898,0.708861,0.72449,0.594937,0.938776,0.455696,1.0,0.670886,1.377551,0.810127,1.632653,0.898734,1.867347,0.088608,0.989796,0.265823,1.102041,0.303797,0.693878,0.227848,0.632653,-0.240506,0.908163,-0.075949,0.928571,0.025316,0.581633,-0.037975,0.540816,-0.544304,0.755102,-0.392405,0.795918,-0.240506,0.55102,-0.253165,0.489796,0.0,0.0,0.0,0.0,0.0,0.0,0.0,0.0,0.0,0.0,0.0,0.0,0.0,0.0,0.0,0.0,0.0,0.0,0.0,0.0,0.0,0.0,0.0,0.0,0.0,0.0,0.0,0.0,0.0,0.0,0.0,0.0,0.0,0.0,0.0,0.0,0.0,0.0,0.0,0.0,0.0,0.0,0.0,0.0,Z,17
0.0,0.0,0.329114,0.175258,0.607595,0.463918,0.632911,0.752577,0.43038,0.979381,0.417722,1.0,0.56962,1.391753,0.658228,1.659794,0.683544,1.896907,0.050633,0.979381,0.113924,1.113402,0.164557,0.721649,0.151899,0.659794,-0.265823,0.896907,-0.240506,0.958763,-0.113924,0.608247,-0.101266,0.57732,-0.582278,0.762887,-0.556962,0.793814,-0.367089,0.556701,-0.316456,0.494845,0.0,0.0,0.0,0.0,0.0,0.0,0.0,0.0,0.0,0.0,0.0,0.0,0.0,0.0,0.0,0.0,0.0,0.0,0.0,0.0,0.0,0.0,0.0,0.0,0.0,0.0,0.0,0.0,0.0,0.0,0.0,0.0,0.0,0.0,0.0,0.0,0.0,0.0,0.0,0.0,0.0,0.0,0.0,0.0,Z,17
0.0,0.0,0.35,0.166667,0.6375,0.458333,0.65,0.760417,0.425,0.96875,0.4,1.0,0.525,1.40625,0.5875,1.6875,0.6125,1.927083,0.025,0.989583,0.0875,1.125,0.15,0.71875,0.15,0.614583,-0.2875,0.90625,-0.25,0.947917,-0.125,0.59375,-0.1,0.53125,-0.6,0.760417,-0.5625,0.78125,-0.375,0.541667,-0.3125,0.46875,0.0,0.0,0.0,0.0,0.0,0.0,0.0,0.0,0.0,0.0,0.0,0.0,0.0,0.0,0.0,0.0,0.0,0.0,0.0,0.0,0.0,0.0,0.0,0.0,0.0,0.0,0.0,0.0,0.0,0.0,0.0,0.0,0.0,0.0,0.0,0.0,0.0,0.0,0.0,0.0,0.0,0.0,0.0,0.0,Z,17
0.0,0.0,0.341463,0.132653,0.658537,0.387755,0.658537,0.673469,0.463415,0.867347,0.390244,1.0,0.54878,1.336735,0.609756,1.591837,0.646341,1.816327,0.012195,1.05102,0.170732,0.989796,0.219512,0.602041,0.182927,0.530612,-0.317073,0.959184,-0.158537,0.795918,-0.04878,0.489796,-0.060976,0.44898,-0.609756,0.795918,-0.463415,0.632653,-0.292683,0.408163,-0.243902,0.387755,0.0,0.0,0.0,0.0,0.0,0.0,0.0,0.0,0.0,0.0,0.0,0.0,0.0,0.0,0.0,0.0,0.0,0.0,0.0,0.0,0.0,0.0,0.0,0.0,0.0,0.0,0.0,0.0,0.0,0.0,0.0,0.0,0.0,0.0,0.0,0.0,0.0,0.0,0.0,0.0,0.0,0.0,0.0,0.0,Z,17
0.0,0.0,0.375,0.106383,0.725,0.319149,0.85,0.521277,0.7875,0.702128,0.4875,1.0,0.7875,1.276596,0.9875,1.489362,1.15,1.680851,0.1125,1.074468,0.3875,0.87234,0.4375,0.510638,0.4125,0.361702,-0.2125,0.989362,0.075,0.691489,0.1375,0.393617,0.1375,0.308511,-0.5125,0.819149,-0.275,0.606383,-0.1375,0.37234,-0.0625,0.297872,0.0,0.0,0.0,0.0,0.0,0.0,0.0,0.0,0.0,0.0,0.0,0.0,0.0,0.0,0.0,0.0,0.0,0.0,0.0,0.0,0.0,0.0,0.0,0.0,0.0,0.0,0.0,0.0,0.0,0.0,0.0,0.0,0.0,0.0,0.0,0.0,0.0,0.0,0.0,0.0,0.0,0.0,0.0,0.0,Z,17
0.0,0.0,0.4625,0.083333,0.8625,0.261905,1.0625,0.452381,1.0,0.642857,0.75,1.0,1.1875,1.083333,1.5125,1.178571,1.7875,1.27381,0.4125,1.107143,0.8,0.702381,0.75,0.297619,0.6625,0.190476,0.075,1.011905,0.4375,0.52381,0.4,0.214286,0.325,0.190476,-0.25,0.821429,0.05,0.488095,0.125,0.22619,0.1125,0.190476,0.0,0.0,0.0,0.0,0.0,0.0,0.0,0.0,0.0,0.0,0.0,0.0,0.0,0.0,0.0,0.0,0.0,0.0,0.0,0.0,0.0,0.0,0.0,0.0,0.0,0.0,0.0,0.0,0.0,0.0,0.0,0.0,0.0,0.0,0.0,0.0,0.0,0.0,0.0,0.0,0.0,0.0,0.0,0.0,Z,17
0.0,0.0,0.481013,0.088608,0.886076,0.227848,1.113924,0.392405,1.113924,0.582278,0.822785,1.0,1.303797,1.050633,1.64557,1.126582,1.924051,1.21519,0.493671,1.126582,0.924051,0.64557,0.822785,0.202532,0.658228,0.113924,0.151899,1.037975,0.531646,0.468354,0.455696,0.139241,0.329114,0.151899,-0.177215,0.848101,0.126582,0.417722,0.164557,0.151899,0.113924,0.139241,0.0,0.0,0.0,0.0,0.0,0.0,0.0,0.0,0.0,0.0,0.0,0.0,0.0,0.0,0.0,0.0,0.0,0.0,0.0,0.0,0.0,0.0,0.0,0.0,0.0,0.0,0.0,0.0,0.0,0.0,0.0,0.0,0.0,0.0,0.0,0.0,0.0,0.0,0.0,0.0,0.0,0.0,0.0,0.0,Z,17
0.0,0.0,0.4625,0.084507,0.8625,0.183099,1.1,0.267606,1.075,0.366197,0.875,1.0,1.35,1.0,1.725,1.042254,2.025,1.112676,0.5375,1.140845,0.9125,0.492958,0.775,0.056338,0.625,0.0,0.2,1.042254,0.5125,0.309859,0.4125,-0.014085,0.2875,0.056338,-0.125,0.816901,0.125,0.295775,0.15,0.042254,0.075,0.070423,0.0,0.0,0.0,0.0,0.0,0.0,0.0,0.0,0.0,0.0,0.0,0.0,0.0,0.0,0.0,0.0,0.0,0.0,0.0,0.0,0.0,0.0,0.0,0.0,0.0,0.0,0.0,0.0,0.0,0.0,0.0,0.0,0.0,0.0,0.0,0.0,0.0,0.0,0.0,0.0,0.0,0.0,0.0,0.0,Z,17
0.0,0.0,0.4375,0.083333,0.8375,0.180556,1.075,0.277778,1.05,0.388889,0.85,1.0,1.325,1.0,1.7,1.041667,2.0,1.111111,0.525,1.138889,0.9,0.5,0.7625,0.069444,0.6,0.027778,0.175,1.027778,0.5,0.333333,0.4125,0.027778,0.2875,0.083333,-0.15,0.805556,0.1125,0.305556,0.1375,0.055556,0.075,0.083333,0.0,0.0,0.0,0.0,0.0,0.0,0.0,0.0,0.0,0.0,0.0,0.0,0.0,0.0,0.0,0.0,0.0,0.0,0.0,0.0,0.0,0.0,0.0,0.0,0.0,0.0,0.0,0.0,0.0,0.0,0.0,0.0,0.0,0.0,0.0,0.0,0.0,0.0,0.0,0.0,0.0,0.0,0.0,0.0,Z,17
0.0,0.0,0.321429,0.1,0.630952,0.266667,0.654762,0.2,0.47619,0.116667,0.488095,1.0,0.702381,1.233333,0.869048,1.433333,1.011905,1.65,0.119048,1.216667,0.107143,0.35,0.142857,-0.133333,0.166667,-0.25,-0.22619,1.1,-0.166667,0.083333,-0.059524,-0.166667,0.011905,-0.083333,-0.511905,0.833333,-0.440476,0.166667,-0.297619,-0.1,-0.190476,-0.133333,0.0,0.0,0.0,0.0,0.0,0.0,0.0,0.0,0.0,0.0,0.0,0.0,0.0,0.0,0.0,0.0,0.0,0.0,0.0,0.0,0.0,0.0,0.0,0.0,0.0,0.0,0.0,0.0,0.0,0.0,0.0,0.0,0.0,0.0,0.0,0.0,0.0,0.0,0.0,0.0,0.0,0.0,0.0,0.0,Z,17
0.0,0.0,0.284091,0.064516,0.590909,0.193548,0.545455,0.177419,0.340909,0.112903,0.477273,1.0,0.568182,1.241935,0.613636,1.483871,0.647727,1.758065,0.102273,1.258065,0.022727,0.370968,0.090909,-0.129032,0.170455,-0.290323,-0.25,1.16129,-0.284091,0.177419,-0.113636,-0.129032,0.034091,-0.16129,-0.522727,0.935484,-0.545455,0.241935,-0.386364,-0.064516,-0.227273,-0.112903,0.0,0.0,0.0,0.0,0.0,0.0,0.0,0.0,0.0,0.0,0.0,0.0,0.0,0.0,0.0,0.0,0.0,0.0,0.0,0.0,0.0,0.0,0.0,0.0,0.0,0.0,0.0,0.0,0.0,0.0,0.0,0.0,0.0,0.0,0.0,0.0,0.0,0.0,0.0,0.0,0.0,0.0,0.0,0.0,Z,17
0.0,0.0,0.27907,0.0625,0.593023,0.203125,0.523256,0.203125,0.325581,0.15625,0.430233,1.0,0.453488,1.265625,0.44186,1.5,0.430233,1.8125,0.046512,1.265625,-0.05814,0.421875,0.05814,-0.046875,0.174419,-0.109375,-0.302326,1.1875,-0.360465,0.25,-0.162791,-0.0625,0.0,-0.046875,-0.569767,0.984375,-0.604651,0.28125,-0.430233,-0.015625,-0.267442,-0.015625,0.0,0.0,0.0,0.0,0.0,0.0,0.0,0.0,0.0,0.0,0.0,0.0,0.0,0.0,0.0,0.0,0.0,0.0,0.0,0.0,0.0,0.0,0.0,0.0,0.0,0.0,0.0,0.0,0.0,0.0,0.0,0.0,0.0,0.0,0.0,0.0,0.0,0.0,0.0,0.0,0.0,0.0,0.0,0.0,Z,17
0.0,0.0,0.305882,0.035088,0.611765,0.175439,0.517647,0.122807,0.317647,0.052632,0.435294,1.0,0.447059,1.263158,0.435294,1.54386,0.411765,1.912281,0.047059,1.298246,-0.058824,0.333333,0.070588,-0.175439,0.2,-0.22807,-0.294118,1.22807,-0.341176,0.157895,-0.129412,-0.175439,0.058824,-0.175439,-0.564706,1.0,-0.588235,0.175439,-0.4,-0.157895,-0.211765,-0.175439,0.0,0.0,0.0,0.0,0.0,0.0,0.0,0.0,0.0,0.0,0.0,0.0,0.0,0.0,0.0,0.0,0.0,0.0,0.0,0.0,0.0,0.0,0.0,0.0,0.0,0.0,0.0,0.0,0.0,0.0,0.0,0.0,0.0,0.0,0.0,0.0,0.0,0.0,0.0,0.0,0.0,0.0,0.0,0.0,Z,17
0.0,0.0,0.305882,0.04918,0.623529,0.196721,0.494118,0.163934,0.282353,0.114754,0.423529,1.0,0.447059,1.245902,0.411765,1.491803,0.376471,1.803279,0.035294,1.278689,-0.094118,0.327869,0.035294,-0.147541,0.164706,-0.163934,-0.305882,1.196721,-0.376471,0.163934,-0.164706,-0.147541,0.011765,-0.114754,-0.576471,0.983607,-0.623529,0.213115,-0.435294,-0.114754,-0.258824,-0.114754,0.0,0.0,0.0,0.0,0.0,0.0,0.0,0.0,0.0,0.0,0.0,0.0,0.0,0.0,0.0,0.0,0.0,0.0,0.0,0.0,0.0,0.0,0.0,0.0,0.0,0.0,0.0,0.0,0.0,0.0,0.0,0.0,0.0,0.0,0.0,0.0,0.0,0.0,0.0,0.0,0.0,0.0,0.0,0.0,Z,17
0.0,0.0,0.302326,0.065574,0.627907,0.245902,0.5,0.180328,0.267442,0.081967,0.406977,1.0,0.418605,1.262295,0.383721,1.491803,0.337209,1.803279,0.011628,1.278689,-0.093023,0.393443,0.05814,-0.098361,0.197674,-0.114754,-0.325581,1.196721,-0.372093,0.196721,-0.162791,-0.114754,0.0,-0.065574,-0.593023,1.0,-0.627907,0.213115,-0.44186,-0.098361,-0.27907,-0.065574,0.0,0.0,0.0,0.0,0.0,0.0,0.0,0.0,0.0,0.0,0.0,0.0,0.0,0.0,0.0,0.0,0.0,0.0,0.0,0.0,0.0,0.0,0.0,0.0,0.0,0.0,0.0,0.0,0.0,0.0,0.0,0.0,0.0,0.0,0.0,0.0,0.0,0.0,0.0,0.0,0.0,0.0,0.0,0.0,Z,17
0.0,0.0,0.287356,0.04918,0.609195,0.196721,0.505747,0.163934,0.298851,0.098361,0.436782,1.0,0.436782,1.278689,0.390805,1.491803,0.356322,1.786885,0.045977,1.278689,-0.068966,0.377049,0.068966,-0.114754,0.183908,-0.147541,-0.298851,1.196721,-0.344828,0.180328,-0.126437,-0.147541,0.034483,-0.098361,-0.563218,0.983607,-0.586207,0.229508,-0.390805,-0.098361,-0.218391,-0.098361,0.0,0.0,0.0,0.0,0.0,0.0,0.0,0.0,0.0,0.0,0.0,0.0,0.0,0.0,0.0,0.0,0.0,0.0,0.0,0.0,0.0,0.0,0.0,0.0,0.0,0.0,0.0,0.0,0.0,0.0,0.0,0.0,0.0,0.0,0.0,0.0,0.0,0.0,0.0,0.0,0.0,0.0,0.0,0.0,Z,17
0.0,0.0,0.290698,0.050847,0.616279,0.169492,0.511628,0.118644,0.302326,0.050847,0.453488,1.0,0.465116,1.237288,0.430233,1.474576,0.395349,1.79661,0.05814,1.271186,-0.05814,0.338983,0.069767,-0.169492,0.186047,-0.20339,-0.27907,1.20339,-0.337209,0.152542,-0.139535,-0.169492,0.034884,-0.152542,-0.546512,0.983051,-0.593023,0.20339,-0.406977,-0.135593,-0.244186,-0.135593,0.0,0.0,0.0,0.0,0.0,0.0,0.0,0.0,0.0,0.0,0.0,0.0,0.0,0.0,0.0,0.0,0.0,0.0,0.0,0.0,0.0,0.0,0.0,0.0,0.0,0.0,0.0,0.0,0.0,0.0,0.0,0.0,0.0,0.0,0.0,0.0,0.0,0.0,0.0,0.0,0.0,0.0,0.0,0.0,Z,17
0.0,0.0,0.280899,0.034483,0.595506,0.172414,0.516854,0.103448,0.314607,0.017241,0.449438,1.0,0.449438,1.258621,0.41573,1.482759,0.382022,1.758621,0.05618,1.293103,-0.067416,0.327586,0.067416,-0.206897,0.191011,-0.206897,-0.280899,1.224138,-0.337079,0.12069,-0.134831,-0.224138,0.033708,-0.155172,-0.550562,1.017241,-0.573034,0.155172,-0.393258,-0.172414,-0.235955,-0.155172,0.0,0.0,0.0,0.0,0.0,0.0,0.0,0.0,0.0,0.0,0.0,0.0,0.0,0.0,0.0,0.0,0.0,0.0,0.0,0.0,0.0,0.0,0.0,0.0,0.0,0.0,0.0,0.0,0.0,0.0,0.0,0.0,0.0,0.0,0.0,0.0,0.0,0.0,0.0,0.0,0.0,0.0,0.0,0.0,Z,17
0.0,0.0,0.287356,0.037037,0.597701,0.203704,0.482759,0.111111,0.252874,-0.037037,0.390805,1.0,0.390805,1.259259,0.356322,1.518519,0.321839,1.833333,-0.011494,1.314815,-0.114943,0.240741,0.034483,-0.259259,0.16092,-0.277778,-0.344828,1.259259,-0.37931,0.055556,-0.172414,-0.259259,0.011494,-0.203704,-0.609195,1.037037,-0.62069,0.111111,-0.425287,-0.222222,-0.241379,-0.222222,0.0,0.0,0.0,0.0,0.0,0.0,0.0,0.0,0.0,0.0,0.0,0.0,0.0,0.0,0.0,0.0,0.0,0.0,0.0,0.0,0.0,0.0,0.0,0.0,0.0,0.0,0.0,0.0,0.0,0.0,0.0,0.0,0.0,0.0,0.0,0.0,0.0,0.0,0.0,0.0,0.0,0.0,0.0,0.0,Z,17
0.0,0.0,0.298851,0.051724,0.632184,0.241379,0.494253,0.155172,0.252874,0.017241,0.402299,1.0,0.402299,1.241379,0.344828,1.448276,0.298851,1.706897,0.011494,1.275862,-0.114943,0.327586,0.045977,-0.155172,0.195402,-0.172414,-0.321839,1.206897,-0.390805,0.137931,-0.172414,-0.189655,0.0,-0.137931,-0.597701,1.017241,-0.62069,0.172414,-0.425287,-0.155172,-0.241379,-0.12069,0.0,0.0,0.0,0.0,0.0,0.0,0.0,0.0,0.0,0.0,0.0,0.0,0.0,0.0,0.0,0.0,0.0,0.0,0.0,0.0,0.0,0.0,0.0,0.0,0.0,0.0,0.0,0.0,0.0,0.0,0.0,0.0,0.0,0.0,0.0,0.0,0.0,0.0,0.0,0.0,0.0,0.0,0.0,0.0,Z,17
0.0,0.0,0.306818,0.096774,0.613636,0.258065,0.454545,0.177419,0.227273,0.080645,0.397727,1.0,0.386364,1.209677,0.352273,1.403226,0.306818,1.66129,0.0,1.258065,-0.102273,0.354839,0.056818,-0.096774,0.181818,-0.112903,-0.340909,1.177419,-0.375,0.16129,-0.170455,-0.129032,0.0,-0.064516,-0.602273,0.983871,-0.613636,0.193548,-0.420455,-0.112903,-0.25,-0.080645,0.0,0.0,0.0,0.0,0.0,0.0,0.0,0.0,0.0,0.0,0.0,0.0,0.0,0.0,0.0,0.0,0.0,0.0,0.0,0.0,0.0,0.0,0.0,0.0,0.0,0.0,0.0,0.0,0.0,0.0,0.0,0.0,0.0,0.0,0.0,0.0,0.0,0.0,0.0,0.0,0.0,0.0,0.0,0.0,Z,17
0.0,0.0,0.290698,0.111111,0.604651,0.301587,0.488372,0.269841,0.27907,0.15873,0.372093,1.0,0.395349,1.206349,0.372093,1.412698,0.360465,1.68254,-0.023256,1.253968,-0.139535,0.412698,0.023256,-0.047619,0.162791,-0.095238,-0.360465,1.190476,-0.418605,0.238095,-0.209302,-0.079365,-0.023256,-0.063492,-0.627907,0.984127,-0.662791,0.253968,-0.465116,-0.063492,-0.27907,-0.063492,0.0,0.0,0.0,0.0,0.0,0.0,0.0,0.0,0.0,0.0,0.0,0.0,0.0,0.0,0.0,0.0,0.0,0.0,0.0,0.0,0.0,0.0,0.0,0.0,0.0,0.0,0.0,0.0,0.0,0.0,0.0,0.0,0.0,0.0,0.0,0.0,0.0,0.0,0.0,0.0,0.0,0.0,0.0,0.0,Z,17
0.0,0.0,0.323944,0.107143,0.676056,0.428571,0.802817,0.75,0.704225,1.047619,0.478873,1.0,0.732394,1.380952,0.957746,1.630952,1.098592,1.869048,0.15493,1.047619,0.43662,1.309524,0.43662,0.845238,0.309859,0.72619,-0.183099,0.988095,0.042254,1.107143,0.098592,0.678571,-0.028169,0.607143,-0.521127,0.857143,-0.309859,0.928571,-0.183099,0.630952,-0.28169,0.571429,0.0,0.0,0.0,0.0,0.0,0.0,0.0,0.0,0.0,0.0,0.0,0.0,0.0,0.0,0.0,0.0,0.0,0.0,0.0,0.0,0.0,0.0,0.0,0.0,0.0,0.0,0.0,0.0,0.0,0.0,0.0,0.0,0.0,0.0,0.0,0.0,0.0,0.0,0.0,0.0,0.0,0.0,0.0,0.0,Z,18
0.0,0.0,0.432432,0.173469,0.783784,0.469388,0.891892,0.744898,0.797297,0.989796,0.567568,1.0,0.851351,1.357143,1.067568,1.591837,1.202703,1.795918,0.202703,1.010204,0.5,1.214286,0.513514,0.816327,0.391892,0.693878,-0.121622,0.938776,0.121622,1.030612,0.189189,0.673469,0.067568,0.622449,-0.432432,0.806122,-0.202703,0.897959,-0.067568,0.642857,-0.135135,0.571429,0.0,0.0,0.0,0.0,0.0,0.0,0.0,0.0,0.0,0.0,0.0,0.0,0.0,0.0,0.0,0.0,0.0,0.0,0.0,0.0,0.0,0.0,0.0,0.0,0.0,0.0,0.0,0.0,0.0,0.0,0.0,0.0,0.0,0.0,0.0,0.0,0.0,0.0,0.0,0.0,0.0,0.0,0.0,0.0,Z,18
0.0,0.0,0.445946,0.173469,0.783784,0.459184,0.891892,0.734694,0.824324,0.989796,0.581081,1.0,0.864865,1.346939,1.081081,1.581633,1.216216,1.785714,0.216216,1.010204,0.527027,1.214286,0.527027,0.816327,0.418919,0.693878,-0.108108,0.938776,0.148649,1.040816,0.189189,0.673469,0.094595,0.612245,-0.418919,0.806122,-0.189189,0.887755,-0.067568,0.642857,-0.121622,0.561224,0.0,0.0,0.0,0.0,0.0,0.0,0.0,0.0,0.0,0.0,0.0,0.0,0.0,0.0,0.0,0.0,0.0,0.0,0.0,0.0,0.0,0.0,0.0,0.0,0.0,0.0,0.0,0.0,0.0,0.0,0.0,0.0,0.0,0.0,0.0,0.0,0.0,0.0,0.0,0.0,0.0,0.0,0.0,0.0,Z,18
0.0,0.0,0.44,0.175258,0.773333,0.463918,0.88,0.731959,0.813333,0.989691,0.586667,1.0,0.866667,1.350515,1.08,1.587629,1.213333,1.793814,0.226667,1.0,0.506667,1.216495,0.52,0.814433,0.4,0.690722,-0.093333,0.927835,0.146667,1.030928,0.2,0.670103,0.093333,0.608247,-0.413333,0.793814,-0.186667,0.876289,-0.053333,0.628866,-0.12,0.56701,0.0,0.0,0.0,0.0,0.0,0.0,0.0,0.0,0.0,0.0,0.0,0.0,0.0,0.0,0.0,0.0,0.0,0.0,0.0,0.0,0.0,0.0,0.0,0.0,0.0,0.0,0.0,0.0,0.0,0.0,0.0,0.0,0.0,0.0,0.0,0.0,0.0,0.0,0.0,0.0,0.0,0.0,0.0,0.0,Z,18
0.0,0.0,0.418919,0.20202,0.72973,0.515152,0.810811,0.787879,0.635135,0.979798,0.554054,1.0,0.837838,1.363636,1.054054,1.59596,1.189189,1.818182,0.202703,1.0,0.405405,1.191919,0.405405,0.828283,0.324324,0.69697,-0.121622,0.919192,0.081081,1.030303,0.135135,0.686869,0.054054,0.606061,-0.445946,0.777778,-0.243243,0.868687,-0.121622,0.636364,-0.189189,0.565657,0.0,0.0,0.0,0.0,0.0,0.0,0.0,0.0,0.0,0.0,0.0,0.0,0.0,0.0,0.0,0.0,0.0,0.0,0.0,0.0,0.0,0.0,0.0,0.0,0.0,0.0,0.0,0.0,0.0,0.0,0.0,0.0,0.0,0.0,0.0,0.0,0.0,0.0,0.0,0.0,0.0,0.0,0.0,0.0,Z,18
0.0,0.0,0.4,0.223301,0.666667,0.572816,0.68,0.84466,0.56,1.019417,0.48,1.0,0.693333,1.368932,0.826667,1.61165,0.893333,1.834951,0.12,0.970874,0.186667,1.203883,0.253333,0.873786,0.213333,0.699029,-0.213333,0.873786,-0.12,1.038835,0.0,0.718447,-0.026667,0.601942,-0.52,0.708738,-0.4,0.84466,-0.253333,0.631068,-0.253333,0.543689,0.0,0.0,0.0,0.0,0.0,0.0,0.0,0.0,0.0,0.0,0.0,0.0,0.0,0.0,0.0,0.0,0.0,0.0,0.0,0.0,0.0,0.0,0.0,0.0,0.0,0.0,0.0,0.0,0.0,0.0,0.0,0.0,0.0,0.0,0.0,0.0,0.0,0.0,0.0,0.0,0.0,0.0,0.0,0.0,Z,18
0.0,0.0,0.380282,0.240385,0.619718,0.576923,0.507042,0.846154,0.225352,1.009615,0.338028,1.0,0.450704,1.394231,0.507042,1.663462,0.521127,1.884615,-0.028169,0.951923,-0.084507,1.221154,-0.028169,0.903846,0.028169,0.711538,-0.366197,0.836538,-0.408451,1.009615,-0.267606,0.721154,-0.211268,0.586538,-0.661972,0.673077,-0.676056,0.826923,-0.507042,0.634615,-0.43662,0.528846,0.0,0.0,0.0,0.0,0.0,0.0,0.0,0.0,0.0,0.0,0.0,0.0,0.0,0.0,0.0,0.0,0.0,0.0,0.0,0.0,0.0,0.0,0.0,0.0,0.0,0.0,0.0,0.0,0.0,0.0,0.0,0.0,0.0,0.0,0.0,0.0,0.0,0.0,0.0,0.0,0.0,0.0,0.0,0.0,Z,18
0.0,0.0,0.338235,0.226415,0.544118,0.556604,0.441176,0.858491,0.058824,1.018868,0.205882,1.0,0.191176,1.358491,0.117647,1.613208,0.044118,1.849057,-0.176471,0.933962,-0.323529,1.188679,-0.205882,0.858491,-0.088235,0.735849,-0.5,0.820755,-0.661765,1.0,-0.470588,0.707547,-0.338235,0.622642,-0.794118,0.669811,-0.911765,0.811321,-0.705882,0.613208,-0.573529,0.528302,0.0,0.0,0.0,0.0,0.0,0.0,0.0,0.0,0.0,0.0,0.0,0.0,0.0,0.0,0.0,0.0,0.0,0.0,0.0,0.0,0.0,0.0,0.0,0.0,0.0,0.0,0.0,0.0,0.0,0.0,0.0,0.0,0.0,0.0,0.0,0.0,0.0,0.0,0.0,0.0,0.0,0.0,0.0,0.0,Z,18
0.0,0.0,0.323944,0.233645,0.549296,0.53271,0.478873,0.841121,0.112676,0.981308,0.225352,1.0,0.211268,1.327103,0.126761,1.570093,0.042254,1.785047,-0.15493,0.943925,-0.253521,1.186916,-0.140845,0.850467,-0.056338,0.738318,-0.478873,0.82243,-0.605634,1.0,-0.422535,0.728972,-0.338028,0.654206,-0.774648,0.663551,-0.873239,0.813084,-0.676056,0.635514,-0.577465,0.551402,0.0,0.0,0.0,0.0,0.0,0.0,0.0,0.0,0.0,0.0,0.0,0.0,0.0,0.0,0.0,0.0,0.0,0.0,0.0,0.0,0.0,0.0,0.0,0.0,0.0,0.0,0.0,0.0,0.0,0.0,0.0,0.0,0.0,0.0,0.0,0.0,0.0,0.0,0.0,0.0,0.0,0.0,0.0,0.0,Z,18
0.0,0.0,0.352113,0.211538,0.619718,0.519231,0.56338,0.826923,0.211268,1.0,0.267606,1.0,0.28169,1.317308,0.239437,1.557692,0.169014,1.769231,-0.112676,0.942308,-0.15493,1.201923,-0.056338,0.846154,-0.014085,0.740385,-0.43662,0.836538,-0.492958,1.0,-0.338028,0.692308,-0.295775,0.634615,-0.732394,0.682692,-0.788732,0.826923,-0.577465,0.625,-0.507042,0.548077,0.0,0.0,0.0,0.0,0.0,0.0,0.0,0.0,0.0,0.0,0.0,0.0,0.0,0.0,0.0,0.0,0.0,0.0,0.0,0.0,0.0,0.0,0.0,0.0,0.0,0.0,0.0,0.0,0.0,0.0,0.0,0.0,0.0,0.0,0.0,0.0,0.0,0.0,0.0,0.0,0.0,0.0,0.0,0.0,Z,18
0.0,0.0,0.345238,0.158416,0.678571,0.415842,0.714286,0.70297,0.488095,0.891089,0.440476,1.0,0.595238,1.19802,0.654762,1.366337,0.702381,1.514851,0.083333,1.029703,0.190476,1.108911,0.214286,0.722772,0.202381,0.643564,-0.238095,0.970297,-0.142857,0.940594,-0.059524,0.613861,-0.047619,0.574257,-0.559524,0.831683,-0.464286,0.80198,-0.309524,0.564356,-0.27381,0.514851,0.0,0.0,0.0,0.0,0.0,0.0,0.0,0.0,0.0,0.0,0.0,0.0,0.0,0.0,0.0,0.0,0.0,0.0,0.0,0.0,0.0,0.0,0.0,0.0,0.0,0.0,0.0,0.0,0.0,0.0,0.0,0.0,0.0,0.0,0.0,0.0,0.0,0.0,0.0,0.0,0.0,0.0,0.0,0.0,Z,18
0.0,0.0,0.378049,0.115789,0.780488,0.336842,0.865854,0.610526,0.658537,0.778947,0.560976,1.0,0.756098,1.084211,0.865854,1.210526,0.97561,1.336842,0.219512,1.094737,0.378049,1.021053,0.365854,0.642105,0.317073,0.547368,-0.109756,1.052632,0.036585,0.873684,0.073171,0.557895,0.060976,0.515789,-0.439024,0.915789,-0.292683,0.736842,-0.170732,0.505263,-0.134146,0.473684,0.0,0.0,0.0,0.0,0.0,0.0,0.0,0.0,0.0,0.0,0.0,0.0,0.0,0.0,0.0,0.0,0.0,0.0,0.0,0.0,0.0,0.0,0.0,0.0,0.0,0.0,0.0,0.0,0.0,0.0,0.0,0.0,0.0,0.0,0.0,0.0,0.0,0.0,0.0,0.0,0.0,0.0,0.0,0.0,Z,18
0.0,0.0,0.475,0.088889,0.8875,0.266667,1.05,0.455556,0.95,0.588889,0.7125,1.0,1.025,0.911111,1.2875,0.877778,1.5625,0.877778,0.375,1.1,0.725,0.811111,0.65,0.433333,0.575,0.322222,0.0375,1.055556,0.3625,0.677778,0.3125,0.377778,0.2625,0.355556,-0.2875,0.911111,-0.0375,0.588889,0.0125,0.355556,0.0125,0.333333,0.0,0.0,0.0,0.0,0.0,0.0,0.0,0.0,0.0,0.0,0.0,0.0,0.0,0.0,0.0,0.0,0.0,0.0,0.0,0.0,0.0,0.0,0.0,0.0,0.0,0.0,0.0,0.0,0.0,0.0,0.0,0.0,0.0,0.0,0.0,0.0,0.0,0.0,0.0,0.0,0.0,0.0,0.0,0.0,Z,18
0.0,0.0,0.4875,0.069767,0.9375,0.22093,1.15,0.383721,1.05,0.534884,0.8,1.0,1.2,0.872093,1.5,0.825581,1.8,0.825581,0.475,1.116279,0.85,0.744186,0.75,0.337209,0.6375,0.209302,0.1375,1.05814,0.475,0.639535,0.4,0.313953,0.3375,0.27907,-0.2,0.918605,0.05,0.581395,0.1125,0.313953,0.125,0.255814,0.0,0.0,0.0,0.0,0.0,0.0,0.0,0.0,0.0,0.0,0.0,0.0,0.0,0.0,0.0,0.0,0.0,0.0,0.0,0.0,0.0,0.0,0.0,0.0,0.0,0.0,0.0,0.0,0.0,0.0,0.0,0.0,0.0,0.0,0.0,0.0,0.0,0.0,0.0,0.0,0.0,0.0,0.0,0.0,Z,18
0.0,0.0,0.4625,0.119048,0.8875,0.261905,1.125,0.392857,1.0625,0.52381,0.8125,1.0,1.275,0.904762,1.6,0.892857,1.9125,0.928571,0.475,1.130952,0.875,0.738095,0.75,0.345238,0.6125,0.25,0.1375,1.071429,0.4875,0.619048,0.4,0.285714,0.325,0.27381,-0.1875,0.928571,0.075,0.559524,0.1125,0.285714,0.1125,0.261905,0.0,0.0,0.0,0.0,0.0,0.0,0.0,0.0,0.0,0.0,0.0,0.0,0.0,0.0,0.0,0.0,0.0,0.0,0.0,0.0,0.0,0.0,0.0,0.0,0.0,0.0,0.0,0.0,0.0,0.0,0.0,0.0,0.0,0.0,0.0,0.0,0.0,0.0,0.0,0.0,0.0,0.0,0.0,0.0,Z,18
0.0,0.0,0.493671,0.084337,0.924051,0.228916,1.164557,0.361446,1.088608,0.493976,0.822785,1.0,1.291139,0.891566,1.620253,0.879518,1.949367,0.891566,0.493671,1.13253,0.911392,0.710843,0.78481,0.313253,0.658228,0.216867,0.151899,1.072289,0.531646,0.590361,0.443038,0.26506,0.35443,0.240964,-0.177215,0.903614,0.113924,0.554217,0.151899,0.277108,0.151899,0.228916,0.0,0.0,0.0,0.0,0.0,0.0,0.0,0.0,0.0,0.0,0.0,0.0,0.0,0.0,0.0,0.0,0.0,0.0,0.0,0.0,0.0,0.0,0.0,0.0,0.0,0.0,0.0,0.0,0.0,0.0,0.0,0.0,0.0,0.0,0.0,0.0,0.0,0.0,0.0,0.0,0.0,0.0,0.0,0.0,Z,18
0.0,0.0,0.392857,0.075949,0.809524,0.253165,0.904762,0.443038,0.714286,0.556962,0.583333,1.0,0.845238,0.949367,1.083333,0.949367,1.333333,0.987342,0.238095,1.126582,0.404762,0.64557,0.369048,0.278481,0.333333,0.202532,-0.107143,1.037975,0.059524,0.518987,0.071429,0.227848,0.083333,0.227848,-0.416667,0.860759,-0.297619,0.481013,-0.214286,0.227848,-0.178571,0.189873,0.0,0.0,0.0,0.0,0.0,0.0,0.0,0.0,0.0,0.0,0.0,0.0,0.0,0.0,0.0,0.0,0.0,0.0,0.0,0.0,0.0,0.0,0.0,0.0,0.0,0.0,0.0,0.0,0.0,0.0,0.0,0.0,0.0,0.0,0.0,0.0,0.0,0.0,0.0,0.0,0.0,0.0,0.0,0.0,Z,18
0.0,0.0,0.345238,0.063291,0.714286,0.240506,0.75,0.443038,0.547619,0.556962,0.452381,1.0,0.535714,0.962025,0.654762,0.949367,0.797619,0.974684,0.083333,1.126582,0.119048,0.658228,0.178571,0.316456,0.238095,0.177215,-0.261905,1.037975,-0.190476,0.443038,-0.095238,0.177215,-0.02381,0.126582,-0.547619,0.848101,-0.47619,0.417722,-0.357143,0.164557,-0.261905,0.101266,0.0,0.0,0.0,0.0,0.0,0.0,0.0,0.0,0.0,0.0,0.0,0.0,0.0,0.0,0.0,0.0,0.0,0.0,0.0,0.0,0.0,0.0,0.0,0.0,0.0,0.0,0.0,0.0,0.0,0.0,0.0,0.0,0.0,0.0,0.0,0.0,0.0,0.0,0.0,0.0,0.0,0.0,0.0,0.0,Z,18
0.0,0.0,0.295455,0.089744,0.579545,0.25641,0.375,0.358974,0.056818,0.358974,0.306818,1.0,0.261364,0.948718,0.227273,0.884615,0.170455,0.910256,-0.090909,1.128205,-0.261364,0.538462,-0.090909,0.205128,0.056818,0.205128,-0.420455,1.038462,-0.534091,0.371795,-0.340909,0.089744,-0.193182,0.128205,-0.693182,0.846154,-0.75,0.346154,-0.556818,0.089744,-0.420455,0.089744,0.0,0.0,0.0,0.0,0.0,0.0,0.0,0.0,0.0,0.0,0.0,0.0,0.0,0.0,0.0,0.0,0.0,0.0,0.0,0.0,0.0,0.0,0.0,0.0,0.0,0.0,0.0,0.0,0.0,0.0,0.0,0.0,0.0,0.0,0.0,0.0,0.0,0.0,0.0,0.0,0.0,0.0,0.0,0.0,Z,18
0.0,0.0,0.329412,0.101266,0.6,0.316456,0.352941,0.392405,-0.011765,0.367089,0.258824,1.0,0.211765,0.949367,0.152941,0.898734,0.058824,0.898734,-0.152941,1.113924,-0.317647,0.531646,-0.129412,0.177215,0.011765,0.164557,-0.470588,1.012658,-0.623529,0.417722,-0.388235,0.113924,-0.223529,0.139241,-0.741176,0.822785,-0.847059,0.35443,-0.635294,0.101266,-0.470588,0.139241,0.0,0.0,0.0,0.0,0.0,0.0,0.0,0.0,0.0,0.0,0.0,0.0,0.0,0.0,0.0,0.0,0.0,0.0,0.0,0.0,0.0,0.0,0.0,0.0,0.0,0.0,0.0,0.0,0.0,0.0,0.0,0.0,0.0,0.0,0.0,0.0,0.0,0.0,0.0,0.0,0.0,0.0,0.0,0.0,Z,18
0.0,0.0,0.317647,0.102564,0.576471,0.307692,0.329412,0.371795,-0.023529,0.320513,0.235294,1.0,0.164706,0.871795,0.105882,0.807692,0.023529,0.833333,-0.176471,1.102564,-0.352941,0.487179,-0.164706,0.128205,-0.011765,0.128205,-0.505882,1.0,-0.647059,0.384615,-0.411765,0.064103,-0.247059,0.089744,-0.764706,0.807692,-0.847059,0.307692,-0.635294,0.051282,-0.470588,0.076923,0.0,0.0,0.0,0.0,0.0,0.0,0.0,0.0,0.0,0.0,0.0,0.0,0.0,0.0,0.0,0.0,0.0,0.0,0.0,0.0,0.0,0.0,0.0,0.0,0.0,0.0,0.0,0.0,0.0,0.0,0.0,0.0,0.0,0.0,0.0,0.0,0.0,0.0,0.0,0.0,0.0,0.0,0.0,0.0,Z,18
0.0,0.0,0.317647,0.111111,0.541176,0.308642,0.282353,0.345679,-0.082353,0.308642,0.211765,1.0,0.129412,0.814815,0.082353,0.740741,0.011765,0.777778,-0.2,1.074074,-0.376471,0.469136,-0.176471,0.135802,-0.035294,0.148148,-0.529412,0.962963,-0.670588,0.37037,-0.435294,0.074074,-0.270588,0.098765,-0.788235,0.765432,-0.858824,0.283951,-0.647059,0.037037,-0.494118,0.074074,0.0,0.0,0.0,0.0,0.0,0.0,0.0,0.0,0.0,0.0,0.0,0.0,0.0,0.0,0.0,0.0,0.0,0.0,0.0,0.0,0.0,0.0,0.0,0.0,0.0,0.0,0.0,0.0,0.0,0.0,0.0,0.0,0.0,0.0,0.0,0.0,0.0,0.0,0.0,0.0,0.0,0.0,0.0,0.0,Z,18
0.0,0.0,0.305882,0.102564,0.552941,0.320513,0.294118,0.371795,-0.082353,0.320513,0.211765,1.0,0.141176,0.858974,0.058824,0.807692,-0.035294,0.858974,-0.211765,1.089744,-0.376471,0.474359,-0.2,0.115385,-0.035294,0.102564,-0.541176,0.987179,-0.670588,0.371795,-0.447059,0.051282,-0.258824,0.076923,-0.788235,0.794872,-0.858824,0.294872,-0.647059,0.038462,-0.470588,0.064103,0.0,0.0,0.0,0.0,0.0,0.0,0.0,0.0,0.0,0.0,0.0,0.0,0.0,0.0,0.0,0.0,0.0,0.0,0.0,0.0,0.0,0.0,0.0,0.0,0.0,0.0,0.0,0.0,0.0,0.0,0.0,0.0,0.0,0.0,0.0,0.0,0.0,0.0,0.0,0.0,0.0,0.0,0.0,0.0,Z,18
0.0,0.0,0.313953,0.101266,0.55814,0.329114,0.313953,0.392405,-0.05814,0.379747,0.232558,1.0,0.162791,0.860759,0.104651,0.78481,0.011628,0.822785,-0.174419,1.088608,-0.348837,0.481013,-0.162791,0.139241,-0.023256,0.164557,-0.5,0.987342,-0.651163,0.392405,-0.418605,0.075949,-0.267442,0.126582,-0.767442,0.797468,-0.848837,0.303797,-0.639535,0.050633,-0.476744,0.088608,0.0,0.0,0.0,0.0,0.0,0.0,0.0,0.0,0.0,0.0,0.0,0.0,0.0,0.0,0.0,0.0,0.0,0.0,0.0,0.0,0.0,0.0,0.0,0.0,0.0,0.0,0.0,0.0,0.0,0.0,0.0,0.0,0.0,0.0,0.0,0.0,0.0,0.0,0.0,0.0,0.0,0.0,0.0,0.0,Z,18
0.0,0.0,0.313953,0.1125,0.55814,0.3125,0.313953,0.375,-0.046512,0.3375,0.232558,1.0,0.151163,0.8875,0.093023,0.8125,0.011628,0.8125,-0.174419,1.0875,-0.348837,0.5,-0.151163,0.1625,0.0,0.175,-0.5,0.9875,-0.627907,0.3875,-0.406977,0.0875,-0.244186,0.1125,-0.767442,0.8,-0.837209,0.3125,-0.627907,0.0625,-0.476744,0.1,0.0,0.0,0.0,0.0,0.0,0.0,0.0,0.0,0.0,0.0,0.0,0.0,0.0,0.0,0.0,0.0,0.0,0.0,0.0,0.0,0.0,0.0,0.0,0.0,0.0,0.0,0.0,0.0,0.0,0.0,0.0,0.0,0.0,0.0,0.0,0.0,0.0,0.0,0.0,0.0,0.0,0.0,0.0,0.0,Z,18
0.0,0.0,0.310345,0.101266,0.563218,0.316456,0.333333,0.392405,-0.034483,0.367089,0.241379,1.0,0.16092,0.873418,0.114943,0.78481,0.034483,0.810127,-0.172414,1.075949,-0.333333,0.455696,-0.137931,0.113924,0.0,0.151899,-0.494253,0.974684,-0.62069,0.35443,-0.402299,0.050633,-0.241379,0.101266,-0.758621,0.797468,-0.827586,0.291139,-0.632184,0.037975,-0.482759,0.075949,0.0,0.0,0.0,0.0,0.0,0.0,0.0,0.0,0.0,0.0,0.0,0.0,0.0,0.0,0.0,0.0,0.0,0.0,0.0,0.0,0.0,0.0,0.0,0.0,0.0,0.0,0.0,0.0,0.0,0.0,0.0,0.0,0.0,0.0,0.0,0.0,0.0,0.0,0.0,0.0,0.0,0.0,0.0,0.0,Z,18
0.0,0.0,0.333333,0.102564,0.571429,0.307692,0.285714,0.346154,-0.095238,0.307692,0.22619,1.0,0.142857,0.833333,0.071429,0.75641,-0.011905,0.782051,-0.202381,1.076923,-0.369048,0.474359,-0.178571,0.115385,-0.035714,0.115385,-0.52381,0.974359,-0.666667,0.358974,-0.440476,0.051282,-0.261905,0.076923,-0.77381,0.75641,-0.869048,0.269231,-0.642857,0.012821,-0.47619,0.038462,0.0,0.0,0.0,0.0,0.0,0.0,0.0,0.0,0.0,0.0,0.0,0.0,0.0,0.0,0.0,0.0,0.0,0.0,0.0,0.0,0.0,0.0,0.0,0.0,0.0,0.0,0.0,0.0,0.0,0.0,0.0,0.0,0.0,0.0,0.0,0.0,0.0,0.0,0.0,0.0,0.0,0.0,0.0,0.0,Z,18
0.0,0.0,0.385542,0.169811,0.746988,0.471698,0.915663,0.754717,0.819277,1.009434,0.590361,1.0,0.879518,1.358491,1.084337,1.584906,1.192771,1.820755,0.240964,1.028302,0.53012,1.216981,0.506024,0.811321,0.385542,0.726415,-0.072289,0.981132,0.156627,1.132075,0.192771,0.745283,0.084337,0.688679,-0.409639,0.877358,-0.180723,0.95283,-0.084337,0.698113,-0.168675,0.632075,0.0,0.0,0.0,0.0,0.0,0.0,0.0,0.0,0.0,0.0,0.0,0.0,0.0,0.0,0.0,0.0,0.0,0.0,0.0,0.0,0.0,0.0,0.0,0.0,0.0,0.0,0.0,0.0,0.0,0.0,0.0,0.0,0.0,0.0,0.0,0.0,0.0,0.0,0.0,0.0,0.0,0.0,0.0,0.0,Z,19
0.0,0.0,0.445783,0.179245,0.819277,0.481132,0.987952,0.764151,0.86747,1.0,0.626506,1.0,0.915663,1.377358,1.108434,1.613208,1.228916,1.839623,0.277108,1.009434,0.566265,1.264151,0.578313,0.858491,0.457831,0.726415,-0.048193,0.95283,0.180723,1.132075,0.240964,0.754717,0.13253,0.669811,-0.373494,0.830189,-0.13253,0.943396,-0.012048,0.688679,-0.096386,0.603774,0.0,0.0,0.0,0.0,0.0,0.0,0.0,0.0,0.0,0.0,0.0,0.0,0.0,0.0,0.0,0.0,0.0,0.0,0.0,0.0,0.0,0.0,0.0,0.0,0.0,0.0,0.0,0.0,0.0,0.0,0.0,0.0,0.0,0.0,0.0,0.0,0.0,0.0,0.0,0.0,0.0,0.0,0.0,0.0,Z,19
0.0,0.0,0.481928,0.196078,0.843373,0.509804,1.012048,0.794118,0.903614,1.039216,0.626506,1.0,0.927711,1.421569,1.13253,1.666667,1.26506,1.892157,0.301205,1.019608,0.614458,1.313725,0.626506,0.911765,0.506024,0.715686,-0.024096,0.980392,0.253012,1.196078,0.301205,0.833333,0.168675,0.696078,-0.373494,0.892157,-0.084337,1.0,0.024096,0.764706,-0.060241,0.666667,0.0,0.0,0.0,0.0,0.0,0.0,0.0,0.0,0.0,0.0,0.0,0.0,0.0,0.0,0.0,0.0,0.0,0.0,0.0,0.0,0.0,0.0,0.0,0.0,0.0,0.0,0.0,0.0,0.0,0.0,0.0,0.0,0.0,0.0,0.0,0.0,0.0,0.0,0.0,0.0,0.0,0.0,0.0,0.0,Z,19
0.0,0.0,0.390805,0.175926,0.724138,0.472222,0.850575,0.740741,0.735632,0.990741,0.563218,1.0,0.827586,1.351852,1.0,1.592593,1.103448,1.805556,0.229885,1.018519,0.471264,1.212963,0.436782,0.824074,0.321839,0.731481,-0.091954,0.953704,0.103448,1.092593,0.126437,0.731481,0.011494,0.685185,-0.436782,0.833333,-0.241379,0.916667,-0.137931,0.666667,-0.206897,0.611111,0.0,0.0,0.0,0.0,0.0,0.0,0.0,0.0,0.0,0.0,0.0,0.0,0.0,0.0,0.0,0.0,0.0,0.0,0.0,0.0,0.0,0.0,0.0,0.0,0.0,0.0,0.0,0.0,0.0,0.0,0.0,0.0,0.0,0.0,0.0,0.0,0.0,0.0,0.0,0.0,0.0,0.0,0.0,0.0,Z,19
0.0,0.0,0.363636,0.172727,0.681818,0.490909,0.602273,0.772727,0.375,0.945455,0.465909,1.0,0.681818,1.363636,0.818182,1.609091,0.886364,1.836364,0.102273,0.981818,0.227273,1.172727,0.25,0.836364,0.193182,0.745455,-0.215909,0.9,-0.102273,1.036364,-0.022727,0.709091,-0.079545,0.654545,-0.534091,0.754545,-0.409091,0.872727,-0.272727,0.645455,-0.284091,0.572727,0.0,0.0,0.0,0.0,0.0,0.0,0.0,0.0,0.0,0.0,0.0,0.0,0.0,0.0,0.0,0.0,0.0,0.0,0.0,0.0,0.0,0.0,0.0,0.0,0.0,0.0,0.0,0.0,0.0,0.0,0.0,0.0,0.0,0.0,0.0,0.0,0.0,0.0,0.0,0.0,0.0,0.0,0.0,0.0,Z,19
0.0,0.0,0.341772,0.181818,0.632911,0.5,0.531646,0.827273,0.101266,0.963636,0.303797,1.0,0.341772,1.418182,0.316456,1.7,0.265823,1.945455,-0.088608,0.954545,-0.189873,1.127273,-0.088608,0.736364,-0.012658,0.654545,-0.405063,0.845455,-0.544304,0.945455,-0.35443,0.627273,-0.253165,0.572727,-0.696203,0.7,-0.772152,0.772727,-0.56962,0.563636,-0.455696,0.5,0.0,0.0,0.0,0.0,0.0,0.0,0.0,0.0,0.0,0.0,0.0,0.0,0.0,0.0,0.0,0.0,0.0,0.0,0.0,0.0,0.0,0.0,0.0,0.0,0.0,0.0,0.0,0.0,0.0,0.0,0.0,0.0,0.0,0.0,0.0,0.0,0.0,0.0,0.0,0.0,0.0,0.0,0.0,0.0,Z,19
0.0,0.0,0.363636,0.181818,0.623377,0.509091,0.467532,0.809091,0.038961,0.936364,0.220779,1.0,0.207792,1.418182,0.142857,1.690909,0.064935,1.927273,-0.168831,0.936364,-0.324675,1.1,-0.181818,0.727273,-0.077922,0.654545,-0.493506,0.827273,-0.662338,0.936364,-0.454545,0.636364,-0.337662,0.590909,-0.779221,0.672727,-0.896104,0.763636,-0.688312,0.572727,-0.571429,0.509091,0.0,0.0,0.0,0.0,0.0,0.0,0.0,0.0,0.0,0.0,0.0,0.0,0.0,0.0,0.0,0.0,0.0,0.0,0.0,0.0,0.0,0.0,0.0,0.0,0.0,0.0,0.0,0.0,0.0,0.0,0.0,0.0,0.0,0.0,0.0,0.0,0.0,0.0,0.0,0.0,0.0,0.0,0.0,0.0,Z,19
0.0,0.0,0.346667,0.207207,0.586667,0.531532,0.386667,0.837838,-0.066667,0.954955,0.146667,1.0,0.066667,1.396396,-0.053333,1.675676,-0.16,1.900901,-0.253333,0.936937,-0.426667,1.099099,-0.266667,0.72973,-0.133333,0.612613,-0.573333,0.801802,-0.746667,0.936937,-0.52,0.63964,-0.4,0.558559,-0.853333,0.621622,-0.986667,0.693694,-0.786667,0.522523,-0.666667,0.468468,0.0,0.0,0.0,0.0,0.0,0.0,0.0,0.0,0.0,0.0,0.0,0.0,0.0,0.0,0.0,0.0,0.0,0.0,0.0,0.0,0.0,0.0,0.0,0.0,0.0,0.0,0.0,0.0,0.0,0.0,0.0,0.0,0.0,0.0,0.0,0.0,0.0,0.0,0.0,0.0,0.0,0.0,0.0,0.0,Z,19
0.0,0.0,0.348315,0.134615,0.685393,0.432692,0.539326,0.692308,0.202247,0.807692,0.303371,1.0,0.337079,1.346154,0.303371,1.586538,0.258427,1.817308,-0.089888,1.028846,-0.157303,0.961538,-0.022472,0.567308,0.089888,0.471154,-0.41573,0.932692,-0.494382,0.807692,-0.303371,0.490385,-0.157303,0.423077,-0.696629,0.759615,-0.764045,0.682692,-0.550562,0.442308,-0.382022,0.375,0.0,0.0,0.0,0.0,0.0,0.0,0.0,0.0,0.0,0.0,0.0,0.0,0.0,0.0,0.0,0.0,0.0,0.0,0.0,0.0,0.0,0.0,0.0,0.0,0.0,0.0,0.0,0.0,0.0,0.0,0.0,0.0,0.0,0.0,0.0,0.0,0.0,0.0,0.0,0.0,0.0,0.0,0.0,0.0,Z,19
0.0,0.0,0.294737,0.10101,0.631579,0.343434,0.526316,0.565657,0.252632,0.676768,0.336842,1.0,0.442105,1.222222,0.442105,1.424242,0.452632,1.646465,-0.031579,1.090909,-0.073684,0.838384,0.031579,0.464646,0.126316,0.383838,-0.368421,1.0,-0.4,0.69697,-0.242105,0.393939,-0.094737,0.343434,-0.663158,0.828283,-0.684211,0.606061,-0.505263,0.363636,-0.357895,0.313131,0.0,0.0,0.0,0.0,0.0,0.0,0.0,0.0,0.0,0.0,0.0,0.0,0.0,0.0,0.0,0.0,0.0,0.0,0.0,0.0,0.0,0.0,0.0,0.0,0.0,0.0,0.0,0.0,0.0,0.0,0.0,0.0,0.0,0.0,0.0,0.0,0.0,0.0,0.0,0.0,0.0,0.0,0.0,0.0,Z,19
0.0,0.0,0.322917,0.025974,0.6875,0.168831,0.770833,0.324675,0.614583,0.480519,0.510417,1.0,0.6875,1.051948,0.854167,1.194805,1.020833,1.363636,0.15625,1.168831,0.28125,0.675325,0.302083,0.194805,0.333333,0.064935,-0.1875,1.090909,-0.052083,0.519481,0.020833,0.155844,0.083333,0.116883,-0.489583,0.896104,-0.385417,0.480519,-0.208333,0.155844,-0.09375,0.090909,0.0,0.0,0.0,0.0,0.0,0.0,0.0,0.0,0.0,0.0,0.0,0.0,0.0,0.0,0.0,0.0,0.0,0.0,0.0,0.0,0.0,0.0,0.0,0.0,0.0,0.0,0.0,0.0,0.0,0.0,0.0,0.0,0.0,0.0,0.0,0.0,0.0,0.0,0.0,0.0,0.0,0.0,0.0,0.0,Z,19
0.0,0.0,0.333333,0.028169,0.698925,0.098592,0.83871,0.169014,0.731183,0.323944,0.612903,1.0,0.870968,0.957746,1.139785,0.985915,1.408602,1.070423,0.268817,1.183099,0.473118,0.492958,0.451613,0.014085,0.430108,0.0,-0.075269,1.098592,0.11828,0.366197,0.150538,-0.014085,0.16129,0.028169,-0.387097,0.887324,-0.247312,0.366197,-0.107527,0.014085,-0.010753,-0.070423,0.0,0.0,0.0,0.0,0.0,0.0,0.0,0.0,0.0,0.0,0.0,0.0,0.0,0.0,0.0,0.0,0.0,0.0,0.0,0.0,0.0,0.0,0.0,0.0,0.0,0.0,0.0,0.0,0.0,0.0,0.0,0.0,0.0,0.0,0.0,0.0,0.0,0.0,0.0,0.0,0.0,0.0,0.0,0.0,Z,19
0.0,0.0,0.347826,0.048387,0.706522,0.080645,0.891304,0.0,0.836957,0.032258,0.73913,1.0,1.032609,0.790323,1.347826,0.693548,1.652174,0.645161,0.413043,1.177419,0.619565,0.209677,0.543478,-0.290323,0.478261,-0.258065,0.065217,1.096774,0.26087,0.112903,0.228261,-0.209677,0.195652,-0.032258,-0.26087,0.903226,-0.119565,0.241935,-0.043478,-0.080645,0.0,-0.080645,0.0,0.0,0.0,0.0,0.0,0.0,0.0,0.0,0.0,0.0,0.0,0.0,0.0,0.0,0.0,0.0,0.0,0.0,0.0,0.0,0.0,0.0,0.0,0.0,0.0,0.0,0.0,0.0,0.0,0.0,0.0,0.0,0.0,0.0,0.0,0.0,0.0,0.0,0.0,0.0,0.0,0.0,0.0,0.0,Z,19
0.0,0.0,0.340909,0.016949,0.681818,0.084746,0.886364,0.016949,0.954545,0.067797,0.693182,1.0,0.954545,0.813559,1.238636,0.694915,1.534091,0.610169,0.375,1.186441,0.5,0.186441,0.443182,-0.271186,0.397727,-0.254237,0.022727,1.118644,0.125,0.067797,0.090909,-0.169492,0.079545,0.016949,-0.306818,0.949153,-0.227273,0.186441,-0.193182,-0.101695,-0.181818,-0.050847,0.0,0.0,0.0,0.0,0.0,0.0,0.0,0.0,0.0,0.0,0.0,0.0,0.0,0.0,0.0,0.0,0.0,0.0,0.0,0.0,0.0,0.0,0.0,0.0,0.0,0.0,0.0,0.0,0.0,0.0,0.0,0.0,0.0,0.0,0.0,0.0,0.0,0.0,0.0,0.0,0.0,0.0,0.0,0.0,Z,19
0.0,0.0,0.362637,0.053333,0.692308,0.253333,0.901099,0.373333,1.087912,0.506667,0.538462,1.0,0.626374,0.84,0.714286,0.653333,0.824176,0.573333,0.197802,1.106667,0.230769,0.306667,0.263736,-0.04,0.274725,-0.013333,-0.153846,0.986667,-0.10989,0.16,-0.054945,-0.093333,-0.032967,0.0,-0.461538,0.813333,-0.428571,0.2,-0.351648,-0.026667,-0.32967,0.04,0.0,0.0,0.0,0.0,0.0,0.0,0.0,0.0,0.0,0.0,0.0,0.0,0.0,0.0,0.0,0.0,0.0,0.0,0.0,0.0,0.0,0.0,0.0,0.0,0.0,0.0,0.0,0.0,0.0,0.0,0.0,0.0,0.0,0.0,0.0,0.0,0.0,0.0,0.0,0.0,0.0,0.0,0.0,0.0,Z,19
0.0,0.0,0.329897,0.021053,0.649485,0.157895,0.463918,0.336842,0.14433,0.473684,0.412371,1.0,0.257732,0.684211,0.268041,0.357895,0.298969,0.347368,0.020619,1.084211,-0.237113,0.431579,-0.103093,0.126316,0.010309,0.221053,-0.298969,1.0,-0.546392,0.357895,-0.371134,0.126316,-0.247423,0.221053,-0.587629,0.842105,-0.731959,0.378947,-0.57732,0.178947,-0.453608,0.242105,0.0,0.0,0.0,0.0,0.0,0.0,0.0,0.0,0.0,0.0,0.0,0.0,0.0,0.0,0.0,0.0,0.0,0.0,0.0,0.0,0.0,0.0,0.0,0.0,0.0,0.0,0.0,0.0,0.0,0.0,0.0,0.0,0.0,0.0,0.0,0.0,0.0,0.0,0.0,0.0,0.0,0.0,0.0,0.0,Z,19
0.0,0.0,0.344086,0.123711,0.580645,0.381443,0.204301,0.474227,-0.215054,0.453608,0.139785,1.0,-0.021505,0.628866,0.032258,0.329897,0.043011,0.350515,-0.27957,1.030928,-0.473118,0.453608,-0.268817,0.195876,-0.16129,0.28866,-0.602151,0.927835,-0.741935,0.340206,-0.526882,0.134021,-0.419355,0.257732,-0.860215,0.762887,-0.946237,0.329897,-0.752688,0.14433,-0.645161,0.216495,0.0,0.0,0.0,0.0,0.0,0.0,0.0,0.0,0.0,0.0,0.0,0.0,0.0,0.0,0.0,0.0,0.0,0.0,0.0,0.0,0.0,0.0,0.0,0.0,0.0,0.0,0.0,0.0,0.0,0.0,0.0,0.0,0.0,0.0,0.0,0.0,0.0,0.0,0.0,0.0,0.0,0.0,0.0,0.0,Z,19
0.0,0.0,0.351648,0.130435,0.549451,0.445652,0.142857,0.532609,-0.296703,0.467391,0.098901,1.0,-0.120879,0.663043,-0.10989,0.391304,-0.164835,0.423913,-0.32967,1.043478,-0.571429,0.391304,-0.296703,0.141304,-0.153846,0.282609,-0.659341,0.956522,-0.868132,0.315217,-0.582418,0.097826,-0.450549,0.23913,-0.901099,0.771739,-1.021978,0.271739,-0.78022,0.108696,-0.659341,0.217391,0.0,0.0,0.0,0.0,0.0,0.0,0.0,0.0,0.0,0.0,0.0,0.0,0.0,0.0,0.0,0.0,0.0,0.0,0.0,0.0,0.0,0.0,0.0,0.0,0.0,0.0,0.0,0.0,0.0,0.0,0.0,0.0,0.0,0.0,0.0,0.0,0.0,0.0,0.0,0.0,0.0,0.0,0.0,0.0,Z,19
0.0,0.0,0.351648,0.111111,0.538462,0.4,0.153846,0.511111,-0.296703,0.488889,0.098901,1.0,-0.032967,0.777778,-0.043956,0.511111,-0.120879,0.455556,-0.32967,1.044444,-0.538462,0.411111,-0.263736,0.133333,-0.120879,0.255556,-0.659341,0.955556,-0.835165,0.311111,-0.549451,0.1,-0.417582,0.244444,-0.901099,0.777778,-1.032967,0.288889,-0.791209,0.122222,-0.659341,0.211111,0.0,0.0,0.0,0.0,0.0,0.0,0.0,0.0,0.0,0.0,0.0,0.0,0.0,0.0,0.0,0.0,0.0,0.0,0.0,0.0,0.0,0.0,0.0,0.0,0.0,0.0,0.0,0.0,0.0,0.0,0.0,0.0,0.0,0.0,0.0,0.0,0.0,0.0,0.0,0.0,0.0,0.0,0.0,0.0,Z,19
0.0,0.0,0.333333,0.11236,0.548387,0.359551,0.193548,0.404494,-0.225806,0.337079,0.139785,1.0,0.0,0.808989,-0.064516,0.483146,-0.182796,0.348315,-0.290323,1.05618,-0.526882,0.438202,-0.27957,0.179775,-0.139785,0.235955,-0.612903,0.94382,-0.795699,0.303371,-0.516129,0.101124,-0.376344,0.213483,-0.860215,0.752809,-0.967742,0.258427,-0.72043,0.101124,-0.580645,0.179775,0.0,0.0,0.0,0.0,0.0,0.0,0.0,0.0,0.0,0.0,0.0,0.0,0.0,0.0,0.0,0.0,0.0,0.0,0.0,0.0,0.0,0.0,0.0,0.0,0.0,0.0,0.0,0.0,0.0,0.0,0.0,0.0,0.0,0.0,0.0,0.0,0.0,0.0,0.0,0.0,0.0,0.0,0.0,0.0,Z,19
0.0,0.0,0.344444,0.105263,0.522222,0.368421,0.122222,0.410526,-0.311111,0.357895,0.1,1.0,-0.055556,0.684211,-0.077778,0.4,-0.166667,0.347368,-0.333333,1.042105,-0.555556,0.421053,-0.288889,0.178947,-0.144444,0.273684,-0.666667,0.936842,-0.833333,0.305263,-0.544444,0.115789,-0.411111,0.242105,-0.9,0.757895,-1.011111,0.273684,-0.766667,0.126316,-0.644444,0.189474,0.0,0.0,0.0,0.0,0.0,0.0,0.0,0.0,0.0,0.0,0.0,0.0,0.0,0.0,0.0,0.0,0.0,0.0,0.0,0.0,0.0,0.0,0.0,0.0,0.0,0.0,0.0,0.0,0.0,0.0,0.0,0.0,0.0,0.0,0.0,0.0,0.0,0.0,0.0,0.0,0.0,0.0,0.0,0.0,Z,19
0.0,0.0,0.370787,0.13,0.539326,0.38,0.089888,0.41,-0.382022,0.36,0.089888,1.0,-0.134831,0.68,-0.089888,0.44,-0.089888,0.43,-0.348315,1.02,-0.573034,0.45,-0.303371,0.22,-0.146067,0.3,-0.662921,0.91,-0.853933,0.34,-0.561798,0.15,-0.41573,0.27,-0.910112,0.73,-1.022472,0.3,-0.764045,0.15,-0.640449,0.23,0.0,0.0,0.0,0.0,0.0,0.0,0.0,0.0,0.0,0.0,0.0,0.0,0.0,0.0,0.0,0.0,0.0,0.0,0.0,0.0,0.0,0.0,0.0,0.0,0.0,0.0,0.0,0.0,0.0,0.0,0.0,0.0,0.0,0.0,0.0,0.0,0.0,0.0,0.0,0.0,0.0,0.0,0.0,0.0,Z,19
0.0,0.0,0.351648,0.117647,0.549451,0.411765,0.186813,0.482353,-0.241758,0.423529,0.120879,1.0,-0.032967,0.788235,-0.032967,0.482353,-0.087912,0.388235,-0.307692,1.070588,-0.549451,0.423529,-0.274725,0.164706,-0.131868,0.247059,-0.637363,0.976471,-0.824176,0.305882,-0.538462,0.094118,-0.384615,0.211765,-0.879121,0.788235,-1.010989,0.270588,-0.747253,0.105882,-0.593407,0.176471,0.0,0.0,0.0,0.0,0.0,0.0,0.0,0.0,0.0,0.0,0.0,0.0,0.0,0.0,0.0,0.0,0.0,0.0,0.0,0.0,0.0,0.0,0.0,0.0,0.0,0.0,0.0,0.0,0.0,0.0,0.0,0.0,0.0,0.0,0.0,0.0,0.0,0.0,0.0,0.0,0.0,0.0,0.0,0.0,Z,19
0.0,0.0,0.370787,0.122449,0.561798,0.377551,0.134831,0.428571,-0.359551,0.387755,0.11236,1.0,-0.101124,0.693878,-0.067416,0.428571,-0.089888,0.387755,-0.337079,1.030612,-0.561798,0.44898,-0.303371,0.204082,-0.157303,0.285714,-0.651685,0.918367,-0.853933,0.336735,-0.573034,0.142857,-0.438202,0.255102,-0.88764,0.72449,-1.022472,0.295918,-0.775281,0.153061,-0.640449,0.22449,0.0,0.0,0.0,0.0,0.0,0.0,0.0,0.0,0.0,0.0,0.0,0.0,0.0,0.0,0.0,0.0,0.0,0.0,0.0,0.0,0.0,0.0,0.0,0.0,0.0,0.0,0.0,0.0,0.0,0.0,0.0,0.0,0.0,0.0,0.0,0.0,0.0,0.0,0.0,0.0,0.0,0.0,0.0,0.0,Z,19
0.0,0.0,0.365591,0.117021,0.548387,0.37234,0.129032,0.404255,-0.311828,0.340426,0.107527,1.0,-0.053763,0.691489,-0.032258,0.404255,-0.096774,0.37234,-0.333333,1.031915,-0.537634,0.425532,-0.258065,0.191489,-0.139785,0.287234,-0.655914,0.925532,-0.817204,0.308511,-0.548387,0.117021,-0.44086,0.244681,-0.892473,0.734043,-0.978495,0.244681,-0.741935,0.095745,-0.623656,0.191489,0.0,0.0,0.0,0.0,0.0,0.0,0.0,0.0,0.0,0.0,0.0,0.0,0.0,0.0,0.0,0.0,0.0,0.0,0.0,0.0,0.0,0.0,0.0,0.0,0.0,0.0,0.0,0.0,0.0,0.0,0.0,0.0,0.0,0.0,0.0,0.0,0.0,0.0,0.0,0.0,0.0,0.0,0.0,0.0,Z,19
0.0,0.0,0.366667,0.131313,0.566667,0.393939,0.177778,0.464646,-0.288889,0.424242,0.111111,1.0,-0.1,0.676768,-0.044444,0.424242,-0.033333,0.40404,-0.322222,1.030303,-0.544444,0.454545,-0.277778,0.212121,-0.122222,0.30303,-0.644444,0.919192,-0.833333,0.343434,-0.555556,0.151515,-0.411111,0.262626,-0.888889,0.737374,-1.011111,0.313131,-0.766667,0.161616,-0.633333,0.232323,0.0,0.0,0.0,0.0,0.0,0.0,0.0,0.0,0.0,0.0,0.0,0.0,0.0,0.0,0.0,0.0,0.0,0.0,0.0,0.0,0.0,0.0,0.0,0.0,0.0,0.0,0.0,0.0,0.0,0.0,0.0,0.0,0.0,0.0,0.0,0.0,0.0,0.0,0.0,0.0,0.0,0.0,0.0,0.0,Z,19
0.0,0.0,0.362637,0.089888,0.571429,0.382022,0.164835,0.426966,-0.296703,0.382022,0.10989,1.0,-0.021978,0.730337,0.0,0.41573,-0.065934,0.370787,-0.32967,1.044944,-0.527473,0.438202,-0.241758,0.191011,-0.10989,0.314607,-0.648352,0.94382,-0.824176,0.325843,-0.538462,0.123596,-0.417582,0.258427,-0.89011,0.764045,-0.989011,0.269663,-0.736264,0.11236,-0.615385,0.202247,0.0,0.0,0.0,0.0,0.0,0.0,0.0,0.0,0.0,0.0,0.0,0.0,0.0,0.0,0.0,0.0,0.0,0.0,0.0,0.0,0.0,0.0,0.0,0.0,0.0,0.0,0.0,0.0,0.0,0.0,0.0,0.0,0.0,0.0,0.0,0.0,0.0,0.0,0.0,0.0,0.0,0.0,0.0,0.0,Z,19
0.0,0.0,0.396552,0.057971,0.965517,0.376812,1.241379,0.710145,1.068966,0.956522,0.706897,1.0,0.931034,1.318841,1.155172,1.492754,1.396552,1.623188,0.396552,1.072464,0.758621,1.188406,0.689655,0.724638,0.551724,0.42029,0.068966,1.072464,0.396552,1.072464,0.344828,0.623188,0.206897,0.362319,-0.293103,1.0,0.034483,1.130435,0.068966,0.84058,-0.017241,0.637681,0.0,0.0,0.0,0.0,0.0,0.0,0.0,0.0,0.0,0.0,0.0,0.0,0.0,0.0,0.0,0.0,0.0,0.0,0.0,0.0,0.0,0.0,0.0,0.0,0.0,0.0,0.0,0.0,0.0,0.0,0.0,0.0,0.0,0.0,0.0,0.0,0.0,0.0,0.0,0.0,0.0,0.0,0.0,0.0,Z,20
0.0,0.0,0.473684,0.085714,1.035088,0.428571,1.280702,0.757143,1.105263,1.014286,0.789474,1.0,1.035088,1.342857,1.263158,1.5,1.473684,1.642857,0.473684,1.057143,0.842105,1.185714,0.719298,0.728571,0.578947,0.428571,0.140351,1.057143,0.473684,1.1,0.368421,0.657143,0.22807,0.4,-0.210526,1.028571,0.087719,1.185714,0.105263,0.9,0.017544,0.7,0.0,0.0,0.0,0.0,0.0,0.0,0.0,0.0,0.0,0.0,0.0,0.0,0.0,0.0,0.0,0.0,0.0,0.0,0.0,0.0,0.0,0.0,0.0,0.0,0.0,0.0,0.0,0.0,0.0,0.0,0.0,0.0,0.0,0.0,0.0,0.0,0.0,0.0,0.0,0.0,0.0,0.0,0.0,0.0,Z,20
0.0,0.0,0.491228,0.098592,1.035088,0.422535,1.280702,0.732394,1.140351,0.957746,0.77193,1.0,1.017544,1.352113,1.210526,1.507042,1.421053,1.633803,0.473684,1.070423,0.842105,1.197183,0.736842,0.746479,0.596491,0.422535,0.122807,1.084507,0.45614,1.112676,0.333333,0.676056,0.210526,0.43662,-0.22807,1.056338,0.070175,1.183099,0.070175,0.901408,-0.017544,0.704225,0.0,0.0,0.0,0.0,0.0,0.0,0.0,0.0,0.0,0.0,0.0,0.0,0.0,0.0,0.0,0.0,0.0,0.0,0.0,0.0,0.0,0.0,0.0,0.0,0.0,0.0,0.0,0.0,0.0,0.0,0.0,0.0,0.0,0.0,0.0,0.0,0.0,0.0,0.0,0.0,0.0,0.0,0.0,0.0,Z,20
0.0,0.0,0.467742,0.138889,0.951613,0.472222,1.064516,0.847222,0.822581,1.055556,0.709677,1.0,0.854839,1.333333,1.016129,1.486111,1.177419,1.597222,0.387097,1.055556,0.612903,1.208333,0.516129,0.791667,0.419355,0.5,0.080645,1.041667,0.274194,1.138889,0.209677,0.722222,0.129032,0.472222,-0.290323,1.013889,-0.080645,1.166667,-0.048387,0.888889,-0.112903,0.680556,0.0,0.0,0.0,0.0,0.0,0.0,0.0,0.0,0.0,0.0,0.0,0.0,0.0,0.0,0.0,0.0,0.0,0.0,0.0,0.0,0.0,0.0,0.0,0.0,0.0,0.0,0.0,0.0,0.0,0.0,0.0,0.0,0.0,0.0,0.0,0.0,0.0,0.0,0.0,0.0,0.0,0.0,0.0,0.0,Z,20
0.0,0.0,0.421875,0.114286,0.890625,0.442857,0.921875,0.814286,0.640625,1.057143,0.6875,1.0,0.765625,1.442857,0.734375,1.5,0.6875,1.442857,0.375,1.042857,0.40625,1.271429,0.328125,0.828571,0.296875,0.542857,0.046875,1.028571,0.0625,1.2,0.03125,0.771429,0.015625,0.528571,-0.3125,1.0,-0.25,1.228571,-0.21875,0.928571,-0.234375,0.728571,0.0,0.0,0.0,0.0,0.0,0.0,0.0,0.0,0.0,0.0,0.0,0.0,0.0,0.0,0.0,0.0,0.0,0.0,0.0,0.0,0.0,0.0,0.0,0.0,0.0,0.0,0.0,0.0,0.0,0.0,0.0,0.0,0.0,0.0,0.0,0.0,0.0,0.0,0.0,0.0,0.0,0.0,0.0,0.0,Z,20
0.0,0.0,0.415385,0.114286,0.876923,0.428571,0.907692,0.842857,0.6,1.085714,0.661538,1.0,0.707692,1.414286,0.707692,1.471429,0.646154,1.342857,0.323077,1.028571,0.369231,1.271429,0.323077,0.814286,0.307692,0.528571,0.015385,1.014286,0.030769,1.185714,0.030769,0.757143,0.015385,0.528571,-0.338462,0.985714,-0.276923,1.214286,-0.246154,0.942857,-0.230769,0.742857,0.0,0.0,0.0,0.0,0.0,0.0,0.0,0.0,0.0,0.0,0.0,0.0,0.0,0.0,0.0,0.0,0.0,0.0,0.0,0.0,0.0,0.0,0.0,0.0,0.0,0.0,0.0,0.0,0.0,0.0,0.0,0.0,0.0,0.0,0.0,0.0,0.0,0.0,0.0,0.0,0.0,0.0,0.0,0.0,Z,20
0.0,0.0,0.460317,0.119403,0.952381,0.432836,1.015873,0.820896,0.714286,1.044776,0.698413,1.0,0.809524,1.328358,0.84127,1.41791,0.84127,1.373134,0.380952,1.074627,0.492063,1.268657,0.428571,0.895522,0.380952,0.597015,0.063492,1.089552,0.15873,1.223881,0.126984,0.865672,0.095238,0.61194,-0.301587,1.059701,-0.15873,1.223881,-0.142857,0.955224,-0.15873,0.761194,0.0,0.0,0.0,0.0,0.0,0.0,0.0,0.0,0.0,0.0,0.0,0.0,0.0,0.0,0.0,0.0,0.0,0.0,0.0,0.0,0.0,0.0,0.0,0.0,0.0,0.0,0.0,0.0,0.0,0.0,0.0,0.0,0.0,0.0,0.0,0.0,0.0,0.0,0.0,0.0,0.0,0.0,0.0,0.0,Z,20
0.0,0.0,0.529412,0.078125,1.137255,0.375,1.45098,0.6875,1.352941,0.96875,0.921569,1.0,1.137255,1.3125,1.372549,1.34375,1.568627,1.265625,0.627451,1.0625,1.019608,1.1875,0.843137,0.78125,0.627451,0.53125,0.294118,1.09375,0.666667,1.15625,0.509804,0.765625,0.313725,0.5625,-0.078431,1.109375,0.27451,1.234375,0.254902,0.96875,0.117647,0.828125,0.0,0.0,0.0,0.0,0.0,0.0,0.0,0.0,0.0,0.0,0.0,0.0,0.0,0.0,0.0,0.0,0.0,0.0,0.0,0.0,0.0,0.0,0.0,0.0,0.0,0.0,0.0,0.0,0.0,0.0,0.0,0.0,0.0,0.0,0.0,0.0,0.0,0.0,0.0,0.0,0.0,0.0,0.0,0.0,Z,20
0.0,0.0,0.538462,0.079365,1.134615,0.428571,1.480769,0.761905,1.346154,1.031746,0.961538,1.0,1.230769,1.380952,1.461538,1.380952,1.634615,1.269841,0.653846,1.063492,1.096154,1.206349,0.884615,0.761905,0.653846,0.507937,0.326923,1.111111,0.75,1.206349,0.557692,0.777778,0.346154,0.571429,-0.038462,1.126984,0.346154,1.285714,0.326923,1.015873,0.153846,0.84127,0.0,0.0,0.0,0.0,0.0,0.0,0.0,0.0,0.0,0.0,0.0,0.0,0.0,0.0,0.0,0.0,0.0,0.0,0.0,0.0,0.0,0.0,0.0,0.0,0.0,0.0,0.0,0.0,0.0,0.0,0.0,0.0,0.0,0.0,0.0,0.0,0.0,0.0,0.0,0.0,0.0,0.0,0.0,0.0,Z,20
0.0,0.0,0.576923,0.089552,1.192308,0.402985,1.519231,0.701493,1.403846,0.940299,1.0,1.0,1.25,1.283582,1.480769,1.283582,1.673077,1.179104,0.711538,1.089552,1.134615,1.149254,0.923077,0.731343,0.673077,0.492537,0.384615,1.119403,0.807692,1.134328,0.596154,0.731343,0.365385,0.522388,0.0,1.134328,0.403846,1.208955,0.346154,0.925373,0.192308,0.761194,0.0,0.0,0.0,0.0,0.0,0.0,0.0,0.0,0.0,0.0,0.0,0.0,0.0,0.0,0.0,0.0,0.0,0.0,0.0,0.0,0.0,0.0,0.0,0.0,0.0,0.0,0.0,0.0,0.0,0.0,0.0,0.0,0.0,0.0,0.0,0.0,0.0,0.0,0.0,0.0,0.0,0.0,0.0,0.0,Z,20
0.0,0.0,0.584906,0.060606,1.207547,0.348485,1.54717,0.606061,1.471698,0.848485,1.018868,1.0,1.301887,1.257576,1.54717,1.227273,1.754717,1.121212,0.716981,1.090909,1.150943,1.075758,0.924528,0.681818,0.679245,0.439394,0.396226,1.136364,0.811321,1.090909,0.603774,0.69697,0.377358,0.5,0.018868,1.136364,0.433962,1.166667,0.358491,0.893939,0.188679,0.742424,0.0,0.0,0.0,0.0,0.0,0.0,0.0,0.0,0.0,0.0,0.0,0.0,0.0,0.0,0.0,0.0,0.0,0.0,0.0,0.0,0.0,0.0,0.0,0.0,0.0,0.0,0.0,0.0,0.0,0.0,0.0,0.0,0.0,0.0,0.0,0.0,0.0,0.0,0.0,0.0,0.0,0.0,0.0,0.0,Z,20
0.0,0.0,0.553571,0.089552,1.142857,0.328358,1.482143,0.58209,1.321429,0.776119,0.857143,1.0,1.160714,1.223881,1.267857,1.074627,1.285714,0.925373,0.553571,1.074627,0.892857,1.104478,0.75,0.746269,0.553571,0.656716,0.232143,1.089552,0.589286,1.119403,0.464286,0.791045,0.285714,0.701493,-0.142857,1.074627,0.214286,1.089552,0.178571,0.820896,0.035714,0.731343,0.0,0.0,0.0,0.0,0.0,0.0,0.0,0.0,0.0,0.0,0.0,0.0,0.0,0.0,0.0,0.0,0.0,0.0,0.0,0.0,0.0,0.0,0.0,0.0,0.0,0.0,0.0,0.0,0.0,0.0,0.0,0.0,0.0,0.0,0.0,0.0,0.0,0.0,0.0,0.0,0.0,0.0,0.0,0.0,Z,20
0.0,0.0,0.4375,0.057143,0.890625,0.214286,1.046875,0.442857,0.828125,0.571429,0.703125,1.0,0.765625,1.114286,0.6875,0.957143,0.609375,0.757143,0.390625,1.128571,0.375,1.042857,0.3125,0.685714,0.296875,0.457143,0.046875,1.128571,0.03125,0.928571,0.03125,0.628571,0.078125,0.485714,-0.296875,1.057143,-0.3125,0.871429,-0.234375,0.628571,-0.171875,0.542857,0.0,0.0,0.0,0.0,0.0,0.0,0.0,0.0,0.0,0.0,0.0,0.0,0.0,0.0,0.0,0.0,0.0,0.0,0.0,0.0,0.0,0.0,0.0,0.0,0.0,0.0,0.0,0.0,0.0,0.0,0.0,0.0,0.0,0.0,0.0,0.0,0.0,0.0,0.0,0.0,0.0,0.0,0.0,0.0,Z,20
0.0,0.0,0.428571,0.072464,0.873016,0.202899,1.047619,0.405797,0.904762,0.565217,0.714286,1.0,0.730159,1.144928,0.619048,1.043478,0.52381,0.869565,0.396825,1.130435,0.349206,1.072464,0.285714,0.710145,0.285714,0.521739,0.047619,1.130435,0.0,0.971014,0.0,0.652174,0.063492,0.536232,-0.285714,1.072464,-0.333333,0.898551,-0.269841,0.652174,-0.174603,0.594203,0.0,0.0,0.0,0.0,0.0,0.0,0.0,0.0,0.0,0.0,0.0,0.0,0.0,0.0,0.0,0.0,0.0,0.0,0.0,0.0,0.0,0.0,0.0,0.0,0.0,0.0,0.0,0.0,0.0,0.0,0.0,0.0,0.0,0.0,0.0,0.0,0.0,0.0,0.0,0.0,0.0,0.0,0.0,0.0,Z,20
0.0,0.0,0.415385,0.076923,0.861538,0.230769,0.953846,0.461538,0.723077,0.6,0.676923,1.0,0.692308,1.2,0.584615,1.123077,0.476923,0.938462,0.353846,1.092308,0.338462,1.2,0.246154,0.769231,0.261538,0.523077,0.015385,1.107692,0.0,1.138462,-0.015385,0.769231,0.015385,0.569231,-0.323077,1.046154,-0.323077,1.076923,-0.276923,0.815385,-0.215385,0.676923,0.0,0.0,0.0,0.0,0.0,0.0,0.0,0.0,0.0,0.0,0.0,0.0,0.0,0.0,0.0,0.0,0.0,0.0,0.0,0.0,0.0,0.0,0.0,0.0,0.0,0.0,0.0,0.0,0.0,0.0,0.0,0.0,0.0,0.0,0.0,0.0,0.0,0.0,0.0,0.0,0.0,0.0,0.0,0.0,Z,20
0.0,0.0,0.421875,0.070423,0.890625,0.211268,1.0,0.43662,0.75,0.549296,0.71875,1.0,0.734375,1.084507,0.625,0.971831,0.546875,0.84507,0.390625,1.140845,0.359375,0.985915,0.28125,0.633803,0.296875,0.478873,0.0625,1.140845,0.015625,0.901408,0.015625,0.605634,0.0625,0.521127,-0.28125,1.070423,-0.296875,0.859155,-0.234375,0.619718,-0.15625,0.56338,0.0,0.0,0.0,0.0,0.0,0.0,0.0,0.0,0.0,0.0,0.0,0.0,0.0,0.0,0.0,0.0,0.0,0.0,0.0,0.0,0.0,0.0,0.0,0.0,0.0,0.0,0.0,0.0,0.0,0.0,0.0,0.0,0.0,0.0,0.0,0.0,0.0,0.0,0.0,0.0,0.0,0.0,0.0,0.0,Z,20
0.0,0.0,0.415385,0.075758,0.861538,0.212121,0.953846,0.454545,0.707692,0.590909,0.692308,1.0,0.707692,1.19697,0.6,1.106061,0.492308,0.924242,0.353846,1.106061,0.338462,1.151515,0.276923,0.727273,0.276923,0.5,0.030769,1.106061,0.015385,1.060606,0.015385,0.69697,0.046154,0.515152,-0.307692,1.030303,-0.323077,1.030303,-0.261538,0.787879,-0.2,0.666667,0.0,0.0,0.0,0.0,0.0,0.0,0.0,0.0,0.0,0.0,0.0,0.0,0.0,0.0,0.0,0.0,0.0,0.0,0.0,0.0,0.0,0.0,0.0,0.0,0.0,0.0,0.0,0.0,0.0,0.0,0.0,0.0,0.0,0.0,0.0,0.0,0.0,0.0,0.0,0.0,0.0,0.0,0.0,0.0,Z,20
0.0,0.0,0.430769,0.086957,0.892308,0.275362,0.892308,0.536232,0.584615,0.652174,0.692308,1.0,0.692308,1.130435,0.569231,1.014493,0.476923,0.855072,0.353846,1.115942,0.323077,1.086957,0.261538,0.666667,0.292308,0.492754,0.015385,1.101449,-0.015385,1.0,0.0,0.637681,0.046154,0.521739,-0.307692,1.028986,-0.323077,0.971014,-0.276923,0.724638,-0.215385,0.637681,0.0,0.0,0.0,0.0,0.0,0.0,0.0,0.0,0.0,0.0,0.0,0.0,0.0,0.0,0.0,0.0,0.0,0.0,0.0,0.0,0.0,0.0,0.0,0.0,0.0,0.0,0.0,0.0,0.0,0.0,0.0,0.0,0.0,0.0,0.0,0.0,0.0,0.0,0.0,0.0,0.0,0.0,0.0,0.0,Z,20
0.0,0.0,0.446154,0.102941,0.876923,0.294118,0.892308,0.529412,0.6,0.617647,0.661538,1.0,0.661538,1.147059,0.553846,1.029412,0.430769,0.838235,0.323077,1.088235,0.307692,1.147059,0.246154,0.75,0.230769,0.485294,0.0,1.088235,-0.015385,1.088235,-0.030769,0.75,0.0,0.514706,-0.338462,1.014706,-0.338462,1.0,-0.276923,0.75,-0.2,0.588235,0.0,0.0,0.0,0.0,0.0,0.0,0.0,0.0,0.0,0.0,0.0,0.0,0.0,0.0,0.0,0.0,0.0,0.0,0.0,0.0,0.0,0.0,0.0,0.0,0.0,0.0,0.0,0.0,0.0,0.0,0.0,0.0,0.0,0.0,0.0,0.0,0.0,0.0,0.0,0.0,0.0,0.0,0.0,0.0,Z,20
0.0,0.0,0.444444,0.072464,0.904762,0.275362,0.968254,0.521739,0.698413,0.594203,0.698413,1.0,0.714286,1.130435,0.587302,1.028986,0.47619,0.869565,0.365079,1.130435,0.31746,1.043478,0.253968,0.681159,0.269841,0.463768,0.031746,1.115942,-0.015873,0.971014,-0.015873,0.652174,0.047619,0.478261,-0.301587,1.043478,-0.349206,0.956522,-0.285714,0.710145,-0.190476,0.57971,0.0,0.0,0.0,0.0,0.0,0.0,0.0,0.0,0.0,0.0,0.0,0.0,0.0,0.0,0.0,0.0,0.0,0.0,0.0,0.0,0.0,0.0,0.0,0.0,0.0,0.0,0.0,0.0,0.0,0.0,0.0,0.0,0.0,0.0,0.0,0.0,0.0,0.0,0.0,0.0,0.0,0.0,0.0,0.0,Z,20
0.0,0.0,0.4,0.086957,0.830769,0.26087,0.938462,0.449275,0.753846,0.565217,0.661538,1.0,0.661538,1.101449,0.569231,1.043478,0.461538,0.913043,0.323077,1.130435,0.292308,0.985507,0.230769,0.623188,0.246154,0.463768,-0.015385,1.130435,-0.030769,0.927536,-0.046154,0.623188,0.015385,0.492754,-0.338462,1.043478,-0.353846,0.942029,-0.307692,0.695652,-0.230769,0.57971,0.0,0.0,0.0,0.0,0.0,0.0,0.0,0.0,0.0,0.0,0.0,0.0,0.0,0.0,0.0,0.0,0.0,0.0,0.0,0.0,0.0,0.0,0.0,0.0,0.0,0.0,0.0,0.0,0.0,0.0,0.0,0.0,0.0,0.0,0.0,0.0,0.0,0.0,0.0,0.0,0.0,0.0,0.0,0.0,Z,20
0.0,0.0,0.4,0.073529,0.846154,0.235294,0.938462,0.470588,0.738462,0.617647,0.692308,1.0,0.692308,1.132353,0.553846,1.058824,0.446154,0.882353,0.353846,1.132353,0.307692,1.058824,0.230769,0.676471,0.246154,0.455882,0.030769,1.147059,-0.015385,0.970588,-0.030769,0.647059,0.030769,0.485294,-0.307692,1.073529,-0.338462,0.926471,-0.276923,0.676471,-0.184615,0.558824,0.0,0.0,0.0,0.0,0.0,0.0,0.0,0.0,0.0,0.0,0.0,0.0,0.0,0.0,0.0,0.0,0.0,0.0,0.0,0.0,0.0,0.0,0.0,0.0,0.0,0.0,0.0,0.0,0.0,0.0,0.0,0.0,0.0,0.0,0.0,0.0,0.0,0.0,0.0,0.0,0.0,0.0,0.0,0.0,Z,20
0.0,0.0,0.40625,0.072464,0.859375,0.246377,0.953125,0.463768,0.71875,0.57971,0.671875,1.0,0.671875,1.101449,0.5625,1.014493,0.46875,0.855072,0.34375,1.115942,0.3125,1.043478,0.25,0.666667,0.265625,0.463768,0.0,1.101449,-0.015625,0.985507,-0.015625,0.666667,0.03125,0.492754,-0.328125,1.014493,-0.359375,0.985507,-0.296875,0.768116,-0.21875,0.652174,0.0,0.0,0.0,0.0,0.0,0.0,0.0,0.0,0.0,0.0,0.0,0.0,0.0,0.0,0.0,0.0,0.0,0.0,0.0,0.0,0.0,0.0,0.0,0.0,0.0,0.0,0.0,0.0,0.0,0.0,0.0,0.0,0.0,0.0,0.0,0.0,0.0,0.0,0.0,0.0,0.0,0.0,0.0,0.0,Z,20
0.0,0.0,0.424242,0.109589,0.848485,0.273973,0.893939,0.465753,0.666667,0.534247,0.651515,1.0,0.666667,1.082192,0.545455,0.972603,0.424242,0.821918,0.30303,1.123288,0.272727,0.945205,0.227273,0.589041,0.242424,0.424658,-0.030303,1.123288,-0.045455,0.849315,-0.030303,0.561644,0.015152,0.452055,-0.348485,1.041096,-0.363636,0.835616,-0.30303,0.60274,-0.212121,0.520548,0.0,0.0,0.0,0.0,0.0,0.0,0.0,0.0,0.0,0.0,0.0,0.0,0.0,0.0,0.0,0.0,0.0,0.0,0.0,0.0,0.0,0.0,0.0,0.0,0.0,0.0,0.0,0.0,0.0,0.0,0.0,0.0,0.0,0.0,0.0,0.0,0.0,0.0,0.0,0.0,0.0,0.0,0.0,0.0,Z,20
0.0,0.0,0.396825,0.072464,0.857143,0.231884,0.968254,0.449275,0.746032,0.57971,0.68254,1.0,0.68254,1.130435,0.52381,1.014493,0.412698,0.84058,0.365079,1.115942,0.301587,1.072464,0.206349,0.681159,0.222222,0.478261,0.015873,1.115942,-0.047619,0.985507,-0.063492,0.666667,0.0,0.507246,-0.31746,1.057971,-0.365079,0.942029,-0.31746,0.710145,-0.222222,0.608696,0.0,0.0,0.0,0.0,0.0,0.0,0.0,0.0,0.0,0.0,0.0,0.0,0.0,0.0,0.0,0.0,0.0,0.0,0.0,0.0,0.0,0.0,0.0,0.0,0.0,0.0,0.0,0.0,0.0,0.0,0.0,0.0,0.0,0.0,0.0,0.0,0.0,0.0,0.0,0.0,0.0,0.0,0.0,0.0,Z,20
0.0,0.0,0.390625,0.089552,0.8125,0.253731,0.921875,0.462687,0.71875,0.58209,0.625,1.0,0.59375,1.164179,0.46875,1.059701,0.375,0.865672,0.28125,1.089552,0.25,1.119403,0.171875,0.701493,0.1875,0.462687,-0.046875,1.074627,-0.078125,1.074627,-0.09375,0.701493,-0.03125,0.492537,-0.375,1.0,-0.421875,1.044776,-0.359375,0.791045,-0.265625,0.626866,0.0,0.0,0.0,0.0,0.0,0.0,0.0,0.0,0.0,0.0,0.0,0.0,0.0,0.0,0.0,0.0,0.0,0.0,0.0,0.0,0.0,0.0,0.0,0.0,0.0,0.0,0.0,0.0,0.0,0.0,0.0,0.0,0.0,0.0,0.0,0.0,0.0,0.0,0.0,0.0,0.0,0.0,0.0,0.0,Z,20
0.0,0.0,0.40625,0.085714,0.859375,0.271429,0.90625,0.471429,0.65625,0.528571,0.625,1.0,0.609375,1.1,0.46875,1.028571,0.34375,0.885714,0.28125,1.128571,0.203125,0.928571,0.171875,0.585714,0.21875,0.371429,-0.0625,1.114286,-0.109375,0.857143,-0.078125,0.571429,0.0,0.414286,-0.375,1.014286,-0.4375,0.9,-0.359375,0.7,-0.25,0.571429,0.0,0.0,0.0,0.0,0.0,0.0,0.0,0.0,0.0,0.0,0.0,0.0,0.0,0.0,0.0,0.0,0.0,0.0,0.0,0.0,0.0,0.0,0.0,0.0,0.0,0.0,0.0,0.0,0.0,0.0,0.0,0.0,0.0,0.0,0.0,0.0,0.0,0.0,0.0,0.0,0.0,0.0,0.0,0.0,Z,20
0.0,0.0,0.45098,0.185185,0.901961,0.506173,1.0,0.839506,0.686275,1.037037,0.431373,1.0,0.54902,1.271605,0.784314,1.407407,1.0,1.481481,0.098039,1.0,0.490196,1.222222,0.509804,0.82716,0.352941,0.679012,-0.215686,0.950617,0.176471,1.08642,0.215686,0.728395,0.019608,0.617284,-0.568627,0.839506,-0.156863,1.0,-0.078431,0.765432,-0.235294,0.666667,0.0,0.0,0.0,0.0,0.0,0.0,0.0,0.0,0.0,0.0,0.0,0.0,0.0,0.0,0.0,0.0,0.0,0.0,0.0,0.0,0.0,0.0,0.0,0.0,0.0,0.0,0.0,0.0,0.0,0.0,0.0,0.0,0.0,0.0,0.0,0.0,0.0,0.0,0.0,0.0,0.0,0.0,0.0,0.0,Z,21
0.0,0.0,0.509804,0.192771,0.921569,0.53012,0.980392,0.843373,0.647059,1.036145,0.431373,1.0,0.54902,1.253012,0.784314,1.385542,1.0,1.457831,0.078431,0.975904,0.490196,1.168675,0.509804,0.771084,0.372549,0.614458,-0.215686,0.927711,0.196078,1.048193,0.235294,0.686747,0.039216,0.566265,-0.568627,0.831325,-0.156863,0.975904,-0.078431,0.73494,-0.254902,0.638554,0.0,0.0,0.0,0.0,0.0,0.0,0.0,0.0,0.0,0.0,0.0,0.0,0.0,0.0,0.0,0.0,0.0,0.0,0.0,0.0,0.0,0.0,0.0,0.0,0.0,0.0,0.0,0.0,0.0,0.0,0.0,0.0,0.0,0.0,0.0,0.0,0.0,0.0,0.0,0.0,0.0,0.0,0.0,0.0,Z,21
0.0,0.0,0.5,0.204819,0.923077,0.518072,0.980769,0.831325,0.653846,1.024096,0.480769,1.0,0.557692,1.26506,0.807692,1.39759,1.019231,1.445783,0.134615,0.987952,0.5,1.180723,0.519231,0.783133,0.365385,0.614458,-0.173077,0.927711,0.192308,1.060241,0.230769,0.710843,0.057692,0.590361,-0.519231,0.831325,-0.153846,0.975904,-0.057692,0.759036,-0.211538,0.662651,0.0,0.0,0.0,0.0,0.0,0.0,0.0,0.0,0.0,0.0,0.0,0.0,0.0,0.0,0.0,0.0,0.0,0.0,0.0,0.0,0.0,0.0,0.0,0.0,0.0,0.0,0.0,0.0,0.0,0.0,0.0,0.0,0.0,0.0,0.0,0.0,0.0,0.0,0.0,0.0,0.0,0.0,0.0,0.0,Z,21
0.0,0.0,0.470588,0.189873,0.901961,0.556962,0.941176,0.886076,0.54902,1.037975,0.411765,1.0,0.509804,1.291139,0.72549,1.43038,0.941176,1.506329,0.058824,0.987342,0.392157,1.202532,0.470588,0.835443,0.372549,0.658228,-0.254902,0.924051,0.098039,1.063291,0.176471,0.734177,0.039216,0.582278,-0.588235,0.810127,-0.235294,0.987342,-0.137255,0.759494,-0.27451,0.64557,0.0,0.0,0.0,0.0,0.0,0.0,0.0,0.0,0.0,0.0,0.0,0.0,0.0,0.0,0.0,0.0,0.0,0.0,0.0,0.0,0.0,0.0,0.0,0.0,0.0,0.0,0.0,0.0,0.0,0.0,0.0,0.0,0.0,0.0,0.0,0.0,0.0,0.0,0.0,0.0,0.0,0.0,0.0,0.0,Z,21
0.0,0.0,0.392857,0.197368,0.75,0.605263,0.589286,0.973684,0.178571,1.118421,0.357143,1.0,0.339286,1.236842,0.375,1.434211,0.410714,1.592105,0.017857,0.973684,0.125,1.263158,0.25,0.907895,0.232143,0.697368,-0.285714,0.907895,-0.160714,1.105263,-0.017857,0.75,-0.071429,0.565789,-0.642857,0.789474,-0.482143,1.013158,-0.357143,0.776316,-0.428571,0.644737,0.0,0.0,0.0,0.0,0.0,0.0,0.0,0.0,0.0,0.0,0.0,0.0,0.0,0.0,0.0,0.0,0.0,0.0,0.0,0.0,0.0,0.0,0.0,0.0,0.0,0.0,0.0,0.0,0.0,0.0,0.0,0.0,0.0,0.0,0.0,0.0,0.0,0.0,0.0,0.0,0.0,0.0,0.0,0.0,Z,21
0.0,0.0,0.37931,0.192308,0.689655,0.615385,0.5,0.987179,0.068966,1.141026,0.344828,1.0,0.275862,1.230769,0.258621,1.448718,0.258621,1.576923,0.0,0.974359,0.068966,1.269231,0.172414,0.884615,0.155172,0.679487,-0.310345,0.897436,-0.224138,1.102564,-0.086207,0.74359,-0.12069,0.564103,-0.655172,0.769231,-0.551724,1.012821,-0.396552,0.769231,-0.431034,0.628205,0.0,0.0,0.0,0.0,0.0,0.0,0.0,0.0,0.0,0.0,0.0,0.0,0.0,0.0,0.0,0.0,0.0,0.0,0.0,0.0,0.0,0.0,0.0,0.0,0.0,0.0,0.0,0.0,0.0,0.0,0.0,0.0,0.0,0.0,0.0,0.0,0.0,0.0,0.0,0.0,0.0,0.0,0.0,0.0,Z,21
0.0,0.0,0.333333,0.202532,0.666667,0.620253,0.526316,0.962025,0.122807,1.088608,0.315789,1.0,0.280702,1.227848,0.245614,1.417722,0.22807,1.556962,-0.035088,0.974684,0.035088,1.265823,0.157895,0.911392,0.175439,0.696203,-0.350877,0.898734,-0.263158,1.113924,-0.105263,0.759494,-0.105263,0.56962,-0.684211,0.78481,-0.596491,1.037975,-0.438596,0.822785,-0.438596,0.670886,0.0,0.0,0.0,0.0,0.0,0.0,0.0,0.0,0.0,0.0,0.0,0.0,0.0,0.0,0.0,0.0,0.0,0.0,0.0,0.0,0.0,0.0,0.0,0.0,0.0,0.0,0.0,0.0,0.0,0.0,0.0,0.0,0.0,0.0,0.0,0.0,0.0,0.0,0.0,0.0,0.0,0.0,0.0,0.0,Z,21
0.0,0.0,0.444444,0.186667,0.833333,0.586667,0.703704,0.96,0.296296,1.106667,0.333333,1.0,0.351852,1.253333,0.518519,1.4,0.666667,1.48,0.0,0.973333,0.166667,1.24,0.333333,0.96,0.333333,0.773333,-0.314815,0.906667,-0.111111,1.093333,0.037037,0.773333,-0.037037,0.613333,-0.666667,0.773333,-0.462963,1.013333,-0.296296,0.786667,-0.351852,0.64,0.0,0.0,0.0,0.0,0.0,0.0,0.0,0.0,0.0,0.0,0.0,0.0,0.0,0.0,0.0,0.0,0.0,0.0,0.0,0.0,0.0,0.0,0.0,0.0,0.0,0.0,0.0,0.0,0.0,0.0,0.0,0.0,0.0,0.0,0.0,0.0,0.0,0.0,0.0,0.0,0.0,0.0,0.0,0.0,Z,21
0.0,0.0,0.565217,0.170732,1.086957,0.47561,1.173913,0.756098,0.826087,0.890244,0.478261,1.0,0.717391,1.219512,1.065217,1.256098,1.347826,1.243902,0.130435,1.0,0.608696,1.073171,0.652174,0.756098,0.521739,0.609756,-0.195652,0.939024,0.304348,0.987805,0.347826,0.695122,0.195652,0.573171,-0.521739,0.829268,-0.065217,0.926829,0.065217,0.707317,-0.021739,0.585366,0.0,0.0,0.0,0.0,0.0,0.0,0.0,0.0,0.0,0.0,0.0,0.0,0.0,0.0,0.0,0.0,0.0,0.0,0.0,0.0,0.0,0.0,0.0,0.0,0.0,0.0,0.0,0.0,0.0,0.0,0.0,0.0,0.0,0.0,0.0,0.0,0.0,0.0,0.0,0.0,0.0,0.0,0.0,0.0,Z,21
0.0,0.0,0.553191,0.152941,1.06383,0.423529,1.297872,0.670588,1.042553,0.835294,0.553191,1.0,0.914894,1.164706,1.276596,1.176471,1.553191,1.141176,0.191489,1.035294,0.787234,1.0,0.723404,0.658824,0.531915,0.564706,-0.12766,0.976471,0.489362,0.917647,0.446809,0.623529,0.234043,0.529412,-0.446809,0.858824,0.106383,0.858824,0.170213,0.647059,0.021277,0.564706,0.0,0.0,0.0,0.0,0.0,0.0,0.0,0.0,0.0,0.0,0.0,0.0,0.0,0.0,0.0,0.0,0.0,0.0,0.0,0.0,0.0,0.0,0.0,0.0,0.0,0.0,0.0,0.0,0.0,0.0,0.0,0.0,0.0,0.0,0.0,0.0,0.0,0.0,0.0,0.0,0.0,0.0,0.0,0.0,Z,21
0.0,0.0,0.583333,0.164706,1.125,0.423529,1.291667,0.682353,1.0,0.847059,0.583333,1.0,0.9375,1.152941,1.25,1.152941,1.541667,1.129412,0.208333,1.023529,0.770833,1.011765,0.708333,0.670588,0.520833,0.564706,-0.104167,0.964706,0.479167,0.917647,0.416667,0.611765,0.229167,0.529412,-0.416667,0.847059,0.125,0.858824,0.145833,0.647059,-0.020833,0.564706,0.0,0.0,0.0,0.0,0.0,0.0,0.0,0.0,0.0,0.0,0.0,0.0,0.0,0.0,0.0,0.0,0.0,0.0,0.0,0.0,0.0,0.0,0.0,0.0,0.0,0.0,0.0,0.0,0.0,0.0,0.0,0.0,0.0,0.0,0.0,0.0,0.0,0.0,0.0,0.0,0.0,0.0,0.0,0.0,Z,21
0.0,0.0,0.5,0.190476,0.961538,0.5,1.0,0.761905,0.673077,0.880952,0.519231,1.0,0.711538,1.214286,1.0,1.214286,1.25,1.166667,0.153846,1.0,0.557692,1.047619,0.596154,0.75,0.480769,0.642857,-0.153846,0.940476,0.230769,0.940476,0.269231,0.666667,0.134615,0.583333,-0.480769,0.821429,-0.115385,0.857143,-0.038462,0.654762,-0.153846,0.583333,0.0,0.0,0.0,0.0,0.0,0.0,0.0,0.0,0.0,0.0,0.0,0.0,0.0,0.0,0.0,0.0,0.0,0.0,0.0,0.0,0.0,0.0,0.0,0.0,0.0,0.0,0.0,0.0,0.0,0.0,0.0,0.0,0.0,0.0,0.0,0.0,0.0,0.0,0.0,0.0,0.0,0.0,0.0,0.0,Z,21
0.0,0.0,0.35,0.2125,0.666667,0.5625,0.416667,0.8625,0.033333,1.0,0.5,1.0,0.533333,1.225,0.45,1.3,0.283333,1.3375,0.15,1.0125,0.183333,1.1875,0.233333,0.85,0.233333,0.7125,-0.166667,0.95,-0.2,1.0625,-0.066667,0.7375,-0.05,0.625,-0.5,0.85,-0.483333,0.9875,-0.383333,0.775,-0.383333,0.675,0.0,0.0,0.0,0.0,0.0,0.0,0.0,0.0,0.0,0.0,0.0,0.0,0.0,0.0,0.0,0.0,0.0,0.0,0.0,0.0,0.0,0.0,0.0,0.0,0.0,0.0,0.0,0.0,0.0,0.0,0.0,0.0,0.0,0.0,0.0,0.0,0.0,0.0,0.0,0.0,0.0,0.0,0.0,0.0,Z,21
0.0,0.0,0.355932,0.2125,0.59322,0.5375,0.338983,0.8125,-0.050847,0.975,0.40678,1.0,0.372881,1.225,0.271186,1.3,0.169492,1.3,0.050847,0.9625,0.033898,1.175,0.118644,0.825,0.152542,0.6875,-0.271186,0.8875,-0.305085,1.0125,-0.169492,0.6875,-0.118644,0.575,-0.59322,0.775,-0.59322,0.925,-0.457627,0.7,-0.440678,0.5875,0.0,0.0,0.0,0.0,0.0,0.0,0.0,0.0,0.0,0.0,0.0,0.0,0.0,0.0,0.0,0.0,0.0,0.0,0.0,0.0,0.0,0.0,0.0,0.0,0.0,0.0,0.0,0.0,0.0,0.0,0.0,0.0,0.0,0.0,0.0,0.0,0.0,0.0,0.0,0.0,0.0,0.0,0.0,0.0,Z,21
0.0,0.0,0.35,0.2,0.6,0.525,0.35,0.8,-0.033333,0.975,0.416667,1.0,0.383333,1.225,0.283333,1.3,0.15,1.2875,0.05,0.975,0.05,1.1625,0.133333,0.8,0.15,0.6875,-0.25,0.9,-0.283333,1.0,-0.15,0.675,-0.133333,0.5875,-0.583333,0.7875,-0.566667,0.9375,-0.433333,0.7125,-0.416667,0.625,0.0,0.0,0.0,0.0,0.0,0.0,0.0,0.0,0.0,0.0,0.0,0.0,0.0,0.0,0.0,0.0,0.0,0.0,0.0,0.0,0.0,0.0,0.0,0.0,0.0,0.0,0.0,0.0,0.0,0.0,0.0,0.0,0.0,0.0,0.0,0.0,0.0,0.0,0.0,0.0,0.0,0.0,0.0,0.0,Z,21
0.0,0.0,0.344262,0.202532,0.606557,0.544304,0.327869,0.822785,-0.032787,0.974684,0.409836,1.0,0.360656,1.265823,0.262295,1.35443,0.147541,1.316456,0.04918,0.974684,0.04918,1.177215,0.114754,0.810127,0.147541,0.683544,-0.262295,0.898734,-0.278689,1.025316,-0.163934,0.696203,-0.131148,0.582278,-0.590164,0.772152,-0.590164,0.962025,-0.47541,0.772152,-0.459016,0.670886,0.0,0.0,0.0,0.0,0.0,0.0,0.0,0.0,0.0,0.0,0.0,0.0,0.0,0.0,0.0,0.0,0.0,0.0,0.0,0.0,0.0,0.0,0.0,0.0,0.0,0.0,0.0,0.0,0.0,0.0,0.0,0.0,0.0,0.0,0.0,0.0,0.0,0.0,0.0,0.0,0.0,0.0,0.0,0.0,Z,21
0.0,0.0,0.316667,0.2,0.583333,0.525,0.366667,0.8125,-0.033333,0.95,0.383333,1.0,0.366667,1.225,0.266667,1.3125,0.15,1.2875,0.033333,0.9625,0.033333,1.175,0.1,0.8375,0.116667,0.7125,-0.283333,0.8875,-0.3,1.0125,-0.166667,0.6875,-0.15,0.5875,-0.616667,0.775,-0.583333,0.925,-0.45,0.7125,-0.433333,0.625,0.0,0.0,0.0,0.0,0.0,0.0,0.0,0.0,0.0,0.0,0.0,0.0,0.0,0.0,0.0,0.0,0.0,0.0,0.0,0.0,0.0,0.0,0.0,0.0,0.0,0.0,0.0,0.0,0.0,0.0,0.0,0.0,0.0,0.0,0.0,0.0,0.0,0.0,0.0,0.0,0.0,0.0,0.0,0.0,Z,21
0.0,0.0,0.333333,0.177215,0.616667,0.531646,0.366667,0.822785,-0.016667,0.987342,0.4,1.0,0.366667,1.253165,0.283333,1.329114,0.2,1.316456,0.05,0.962025,0.033333,1.177215,0.116667,0.822785,0.15,0.696203,-0.266667,0.886076,-0.3,1.012658,-0.15,0.683544,-0.133333,0.56962,-0.6,0.772152,-0.583333,0.924051,-0.45,0.696203,-0.433333,0.607595,0.0,0.0,0.0,0.0,0.0,0.0,0.0,0.0,0.0,0.0,0.0,0.0,0.0,0.0,0.0,0.0,0.0,0.0,0.0,0.0,0.0,0.0,0.0,0.0,0.0,0.0,0.0,0.0,0.0,0.0,0.0,0.0,0.0,0.0,0.0,0.0,0.0,0.0,0.0,0.0,0.0,0.0,0.0,0.0,Z,21
0.0,0.0,0.35,0.21519,0.616667,0.556962,0.35,0.848101,-0.033333,1.0,0.4,1.0,0.383333,1.253165,0.283333,1.341772,0.183333,1.329114,0.05,0.974684,0.05,1.21519,0.116667,0.886076,0.15,0.721519,-0.266667,0.898734,-0.283333,1.050633,-0.15,0.734177,-0.133333,0.582278,-0.6,0.772152,-0.583333,0.962025,-0.45,0.746835,-0.416667,0.620253,0.0,0.0,0.0,0.0,0.0,0.0,0.0,0.0,0.0,0.0,0.0,0.0,0.0,0.0,0.0,0.0,0.0,0.0,0.0,0.0,0.0,0.0,0.0,0.0,0.0,0.0,0.0,0.0,0.0,0.0,0.0,0.0,0.0,0.0,0.0,0.0,0.0,0.0,0.0,0.0,0.0,0.0,0.0,0.0,Z,21
0.0,0.0,0.35,0.1875,0.616667,0.5375,0.366667,0.825,-0.033333,0.9375,0.4,1.0,0.366667,1.25,0.25,1.3,0.133333,1.25,0.033333,0.975,0.033333,1.1625,0.116667,0.8,0.133333,0.675,-0.266667,0.8875,-0.3,1.0,-0.166667,0.675,-0.15,0.575,-0.6,0.775,-0.6,0.925,-0.483333,0.7125,-0.466667,0.6375,0.0,0.0,0.0,0.0,0.0,0.0,0.0,0.0,0.0,0.0,0.0,0.0,0.0,0.0,0.0,0.0,0.0,0.0,0.0,0.0,0.0,0.0,0.0,0.0,0.0,0.0,0.0,0.0,0.0,0.0,0.0,0.0,0.0,0.0,0.0,0.0,0.0,0.0,0.0,0.0,0.0,0.0,0.0,0.0,Z,21
0.0,0.0,0.333333,0.189873,0.616667,0.544304,0.4,0.835443,0.0,0.949367,0.4,1.0,0.366667,1.240506,0.266667,1.329114,0.166667,1.316456,0.033333,0.974684,0.016667,1.189873,0.1,0.848101,0.133333,0.683544,-0.283333,0.898734,-0.3,1.025316,-0.166667,0.708861,-0.116667,0.56962,-0.6,0.772152,-0.616667,0.936709,-0.466667,0.721519,-0.416667,0.607595,0.0,0.0,0.0,0.0,0.0,0.0,0.0,0.0,0.0,0.0,0.0,0.0,0.0,0.0,0.0,0.0,0.0,0.0,0.0,0.0,0.0,0.0,0.0,0.0,0.0,0.0,0.0,0.0,0.0,0.0,0.0,0.0,0.0,0.0,0.0,0.0,0.0,0.0,0.0,0.0,0.0,0.0,0.0,0.0,Z,21
0.0,0.0,0.327869,0.189873,0.606557,0.531646,0.344262,0.822785,-0.065574,0.962025,0.377049,1.0,0.344262,1.253165,0.229508,1.329114,0.114754,1.291139,0.016393,0.974684,0.0,1.177215,0.081967,0.822785,0.114754,0.683544,-0.295082,0.886076,-0.344262,1.012658,-0.196721,0.683544,-0.163934,0.556962,-0.622951,0.759494,-0.622951,0.924051,-0.491803,0.708861,-0.442623,0.620253,0.0,0.0,0.0,0.0,0.0,0.0,0.0,0.0,0.0,0.0,0.0,0.0,0.0,0.0,0.0,0.0,0.0,0.0,0.0,0.0,0.0,0.0,0.0,0.0,0.0,0.0,0.0,0.0,0.0,0.0,0.0,0.0,0.0,0.0,0.0,0.0,0.0,0.0,0.0,0.0,0.0,0.0,0.0,0.0,Z,21
0.0,0.0,0.327869,0.197531,0.590164,0.530864,0.327869,0.790123,-0.04918,0.938272,0.377049,1.0,0.311475,1.259259,0.229508,1.296296,0.147541,1.246914,0.016393,0.962963,0.0,1.17284,0.065574,0.82716,0.098361,0.679012,-0.295082,0.876543,-0.327869,1.0,-0.196721,0.679012,-0.163934,0.555556,-0.622951,0.753086,-0.606557,0.901235,-0.47541,0.679012,-0.442623,0.580247,0.0,0.0,0.0,0.0,0.0,0.0,0.0,0.0,0.0,0.0,0.0,0.0,0.0,0.0,0.0,0.0,0.0,0.0,0.0,0.0,0.0,0.0,0.0,0.0,0.0,0.0,0.0,0.0,0.0,0.0,0.0,0.0,0.0,0.0,0.0,0.0,0.0,0.0,0.0,0.0,0.0,0.0,0.0,0.0,Z,21
0.0,0.0,0.327869,0.197531,0.57377,0.518519,0.344262,0.790123,-0.04918,0.950617,0.377049,1.0,0.344262,1.234568,0.229508,1.308642,0.114754,1.271605,0.016393,0.950617,0.0,1.160494,0.081967,0.814815,0.114754,0.679012,-0.295082,0.864198,-0.327869,1.0,-0.180328,0.666667,-0.147541,0.567901,-0.622951,0.740741,-0.622951,0.888889,-0.47541,0.679012,-0.442623,0.580247,0.0,0.0,0.0,0.0,0.0,0.0,0.0,0.0,0.0,0.0,0.0,0.0,0.0,0.0,0.0,0.0,0.0,0.0,0.0,0.0,0.0,0.0,0.0,0.0,0.0,0.0,0.0,0.0,0.0,0.0,0.0,0.0,0.0,0.0,0.0,0.0,0.0,0.0,0.0,0.0,0.0,0.0,0.0,0.0,Z,21
0.0,0.0,0.316667,0.182927,0.566667,0.52439,0.316667,0.804878,-0.083333,0.95122,0.35,1.0,0.333333,1.243902,0.233333,1.292683,0.1,1.268293,0.0,0.963415,-0.033333,1.158537,0.083333,0.817073,0.1,0.707317,-0.316667,0.890244,-0.35,0.987805,-0.183333,0.658537,-0.166667,0.573171,-0.65,0.756098,-0.633333,0.890244,-0.466667,0.670732,-0.45,0.585366,0.0,0.0,0.0,0.0,0.0,0.0,0.0,0.0,0.0,0.0,0.0,0.0,0.0,0.0,0.0,0.0,0.0,0.0,0.0,0.0,0.0,0.0,0.0,0.0,0.0,0.0,0.0,0.0,0.0,0.0,0.0,0.0,0.0,0.0,0.0,0.0,0.0,0.0,0.0,0.0,0.0,0.0,0.0,0.0,Z,21
0.0,0.0,0.322581,0.1875,0.548387,0.525,0.290323,0.8125,-0.064516,0.9875,0.387097,1.0,0.354839,1.225,0.258065,1.3,0.145161,1.325,0.032258,0.975,0.0,1.175,0.080645,0.8375,0.129032,0.75,-0.290323,0.8875,-0.306452,1.0125,-0.177419,0.6875,-0.16129,0.6125,-0.612903,0.7625,-0.596774,0.9125,-0.467742,0.6875,-0.435484,0.6,0.0,0.0,0.0,0.0,0.0,0.0,0.0,0.0,0.0,0.0,0.0,0.0,0.0,0.0,0.0,0.0,0.0,0.0,0.0,0.0,0.0,0.0,0.0,0.0,0.0,0.0,0.0,0.0,0.0,0.0,0.0,0.0,0.0,0.0,0.0,0.0,0.0,0.0,0.0,0.0,0.0,0.0,0.0,0.0,Z,21
0.0,0.0,0.333333,0.207317,0.583333,0.560976,0.3,0.829268,-0.1,0.97561,0.383333,1.0,0.366667,1.219512,0.25,1.292683,0.133333,1.317073,0.033333,0.97561,0.0,1.182927,0.066667,0.853659,0.116667,0.719512,-0.283333,0.902439,-0.333333,1.012195,-0.183333,0.695122,-0.15,0.573171,-0.616667,0.780488,-0.616667,0.926829,-0.483333,0.707317,-0.45,0.609756,0.0,0.0,0.0,0.0,0.0,0.0,0.0,0.0,0.0,0.0,0.0,0.0,0.0,0.0,0.0,0.0,0.0,0.0,0.0,0.0,0.0,0.0,0.0,0.0,0.0,0.0,0.0,0.0,0.0,0.0,0.0,0.0,0.0,0.0,0.0,0.0,0.0,0.0,0.0,0.0,0.0,0.0,0.0,0.0,Z,21
