h0x0,h0y0,h0x1,h0y1,h0x2,h0y2,h0x3,h0y3,h0x4,h0y4,h0x5,h0y5,h0x6,h0y6,h0x7,h0y7,h0x8,h0y8,h0x9,h0y9,h0x10,h0y10,h0x11,h0y11,h0x12,h0y12,h0x13,h0y13,h0x14,h0y14,h0x15,h0y15,h0x16,h0y16,h0x17,h0y17,h0x18,h0y18,h0x19,h0y19,h0x20,h0y20,h1x0,h1y0,h1x1,h1y1,h1x2,h1y2,h1x3,h1y3,h1x4,h1y4,h1x5,h1y5,h1x6,h1y6,h1x7,h1y7,h1x8,h1y8,h1x9,h1y9,h1x10,h1y10,h1x11,h1y11,h1x12,h1y12,h1x13,h1y13,h1x14,h1y14,h1x15,h1y15,h1x16,h1y16,h1x17,h1y17,h1x18,h1y18,h1x19,h1y19,h1x20,h1y20,dist_x,dist_y,label,clip_id
0.0,0.0,0.362205,0.037313,0.708661,0.276119,0.905512,0.507463,0.92126,0.776119,0.645669,1.0,0.976378,1.380597,1.251969,1.634328,1.425197,1.902985,0.307087,1.11194,0.716535,1.059701,0.637795,0.574627,0.472441,0.492537,-0.031496,1.052239,0.330709,0.850746,0.291339,0.432836,0.141732,0.41791,-0.354331,0.895522,-0.031496,0.738806,0.0,0.432836,-0.125984,0.41791,0,0,0.0,0.0,0.0,0.0,0.0,0.0,0.0,0.0,0.0,0.0,0.0,0.0,0.0,0.0,0.0,0.0,0.0,0.0,0.0,0.0,0.0,0.0,0.0,0.0,0.0,0.0,0.0,0.0,0.0,0.0,0.0,0.0,0.0,0.0,0.0,0.0,0.0,0.0,0.0,0.0,0.0,0.0,Z,0
0.0,0.0,0.475806,0.076923,0.830645,0.27972,1.056452,0.496503,1.112903,0.748252,0.814516,1.0,1.169355,1.356643,1.435484,1.615385,1.620968,1.832168,0.451613,1.104895,0.854839,1.027972,0.798387,0.594406,0.677419,0.503497,0.120968,1.048951,0.475806,0.783217,0.41129,0.433566,0.282258,0.440559,-0.185484,0.902098,0.08871,0.664336,0.104839,0.41958,0.016129,0.440559,0,0,0.0,0.0,0.0,0.0,0.0,0.0,0.0,0.0,0.0,0.0,0.0,0.0,0.0,0.0,0.0,0.0,0.0,0.0,0.0,0.0,0.0,0.0,0.0,0.0,0.0,0.0,0.0,0.0,0.0,0.0,0.0,0.0,0.0,0.0,0.0,0.0,0.0,0.0,0.0,0.0,0.0,0.0,Z,0
0.0,0.0,0.5,0.089655,0.873016,0.303448,1.079365,0.510345,1.119048,0.737931,0.84127,1.0,1.198413,1.358621,1.452381,1.606897,1.619048,1.827586,0.47619,1.103448,0.888889,1.041379,0.825397,0.6,0.68254,0.496552,0.142857,1.048276,0.492063,0.813793,0.436508,0.455172,0.301587,0.448276,-0.15873,0.910345,0.126984,0.675862,0.142857,0.434483,0.039683,0.455172,0,0,0.0,0.0,0.0,0.0,0.0,0.0,0.0,0.0,0.0,0.0,0.0,0.0,0.0,0.0,0.0,0.0,0.0,0.0,0.0,0.0,0.0,0.0,0.0,0.0,0.0,0.0,0.0,0.0,0.0,0.0,0.0,0.0,0.0,0.0,0.0,0.0,0.0,0.0,0.0,0.0,0.0,0.0,Z,0
0.0,0.0,0.511811,0.101351,0.88189,0.324324,1.07874,0.533784,1.110236,0.756757,0.850394,1.0,1.204724,1.351351,1.456693,1.594595,1.622047,1.817568,0.480315,1.101351,0.889764,1.040541,0.826772,0.608108,0.685039,0.513514,0.149606,1.054054,0.496063,0.824324,0.440945,0.472973,0.307087,0.472973,-0.149606,0.912162,0.133858,0.689189,0.149606,0.452703,0.03937,0.472973,0,0,0.0,0.0,0.0,0.0,0.0,0.0,0.0,0.0,0.0,0.0,0.0,0.0,0.0,0.0,0.0,0.0,0.0,0.0,0.0,0.0,0.0,0.0,0.0,0.0,0.0,0.0,0.0,0.0,0.0,0.0,0.0,0.0,0.0,0.0,0.0,0.0,0.0,0.0,0.0,0.0,0.0,0.0,Z,0
0.0,0.0,0.515625,0.101351,0.890625,0.331081,1.09375,0.547297,1.132812,0.777027,0.859375,1.0,1.210938,1.364865,1.460938,1.608108,1.625,1.837838,0.5,1.094595,0.898438,1.060811,0.835938,0.621622,0.695312,0.513514,0.164062,1.047297,0.507812,0.844595,0.445312,0.47973,0.3125,0.472973,-0.140625,0.918919,0.140625,0.709459,0.15625,0.466216,0.046875,0.47973,0,0,0.0,0.0,0.0,0.0,0.0,0.0,0.0,0.0,0.0,0.0,0.0,0.0,0.0,0.0,0.0,0.0,0.0,0.0,0.0,0.0,0.0,0.0,0.0,0.0,0.0,0.0,0.0,0.0,0.0,0.0,0.0,0.0,0.0,0.0,0.0,0.0,0.0,0.0,0.0,0.0,0.0,0.0,Z,0
0.0,0.0,0.515385,0.107383,0.884615,0.328859,1.069231,0.543624,1.092308,0.778523,0.846154,1.0,1.192308,1.355705,1.430769,1.597315,1.592308,1.825503,0.492308,1.09396,0.876923,1.04698,0.823077,0.61745,0.684615,0.496644,0.153846,1.040268,0.492308,0.852349,0.446154,0.489933,0.323077,0.463087,-0.153846,0.912752,0.130769,0.731544,0.161538,0.47651,0.053846,0.469799,0,0,0.0,0.0,0.0,0.0,0.0,0.0,0.0,0.0,0.0,0.0,0.0,0.0,0.0,0.0,0.0,0.0,0.0,0.0,0.0,0.0,0.0,0.0,0.0,0.0,0.0,0.0,0.0,0.0,0.0,0.0,0.0,0.0,0.0,0.0,0.0,0.0,0.0,0.0,0.0,0.0,0.0,0.0,Z,0
0.0,0.0,0.511628,0.100671,0.883721,0.328859,1.085271,0.536913,1.116279,0.771812,0.852713,1.0,1.20155,1.355705,1.44186,1.597315,1.596899,1.825503,0.496124,1.09396,0.875969,1.04698,0.829457,0.61745,0.705426,0.489933,0.162791,1.04698,0.496124,0.845638,0.457364,0.489933,0.333333,0.449664,-0.147287,0.912752,0.131783,0.718121,0.162791,0.469799,0.077519,0.456376,0,0,0.0,0.0,0.0,0.0,0.0,0.0,0.0,0.0,0.0,0.0,0.0,0.0,0.0,0.0,0.0,0.0,0.0,0.0,0.0,0.0,0.0,0.0,0.0,0.0,0.0,0.0,0.0,0.0,0.0,0.0,0.0,0.0,0.0,0.0,0.0,0.0,0.0,0.0,0.0,0.0,0.0,0.0,Z,0
0.0,0.0,0.5,0.106667,0.876923,0.333333,1.076923,0.553333,1.084615,0.793333,0.830769,1.0,1.176923,1.36,1.415385,1.606667,1.561538,1.84,0.469231,1.093333,0.846154,1.053333,0.8,0.62,0.676923,0.506667,0.138462,1.04,0.469231,0.846667,0.430769,0.486667,0.315385,0.453333,-0.169231,0.913333,0.115385,0.72,0.146154,0.466667,0.053846,0.46,0,0,0.0,0.0,0.0,0.0,0.0,0.0,0.0,0.0,0.0,0.0,0.0,0.0,0.0,0.0,0.0,0.0,0.0,0.0,0.0,0.0,0.0,0.0,0.0,0.0,0.0,0.0,0.0,0.0,0.0,0.0,0.0,0.0,0.0,0.0,0.0,0.0,0.0,0.0,0.0,0.0,0.0,0.0,Z,0
0.0,0.0,0.492308,0.119205,0.853846,0.344371,1.061538,0.562914,1.069231,0.794702,0.823077,1.0,1.161538,1.364238,1.392308,1.609272,1.538462,1.847682,0.461538,1.086093,0.838462,1.059603,0.792308,0.629139,0.653846,0.509934,0.130769,1.039735,0.461538,0.854305,0.423077,0.490066,0.292308,0.456954,-0.176923,0.913907,0.107692,0.728477,0.138462,0.470199,0.038462,0.463576,0,0,0.0,0.0,0.0,0.0,0.0,0.0,0.0,0.0,0.0,0.0,0.0,0.0,0.0,0.0,0.0,0.0,0.0,0.0,0.0,0.0,0.0,0.0,0.0,0.0,0.0,0.0,0.0,0.0,0.0,0.0,0.0,0.0,0.0,0.0,0.0,0.0,0.0,0.0,0.0,0.0,0.0,0.0,Z,0
0.0,0.0,0.511628,0.118421,0.883721,0.342105,1.093023,0.559211,1.100775,0.802632,0.844961,1.0,1.186047,1.355263,1.418605,1.605263,1.55814,1.842105,0.48062,1.085526,0.860465,1.059211,0.806202,0.631579,0.674419,0.519737,0.147287,1.039474,0.488372,0.848684,0.44186,0.493421,0.317829,0.467105,-0.155039,0.907895,0.131783,0.723684,0.162791,0.480263,0.054264,0.473684,0,0,0.0,0.0,0.0,0.0,0.0,0.0,0.0,0.0,0.0,0.0,0.0,0.0,0.0,0.0,0.0,0.0,0.0,0.0,0.0,0.0,0.0,0.0,0.0,0.0,0.0,0.0,0.0,0.0,0.0,0.0,0.0,0.0,0.0,0.0,0.0,0.0,0.0,0.0,0.0,0.0,0.0,0.0,Z,0
0.0,0.0,0.503876,0.118421,0.875969,0.335526,1.085271,0.552632,1.100775,0.802632,0.844961,1.0,1.178295,1.368421,1.403101,1.625,1.527132,1.861842,0.488372,1.085526,0.860465,1.059211,0.79845,0.638158,0.658915,0.532895,0.155039,1.039474,0.488372,0.855263,0.44186,0.5,0.310078,0.480263,-0.155039,0.907895,0.139535,0.736842,0.162791,0.486842,0.046512,0.486842,0,0,0.0,0.0,0.0,0.0,0.0,0.0,0.0,0.0,0.0,0.0,0.0,0.0,0.0,0.0,0.0,0.0,0.0,0.0,0.0,0.0,0.0,0.0,0.0,0.0,0.0,0.0,0.0,0.0,0.0,0.0,0.0,0.0,0.0,0.0,0.0,0.0,0.0,0.0,0.0,0.0,0.0,0.0,Z,0
0.0,0.0,0.515625,0.118421,0.898438,0.342105,1.109375,0.565789,1.117188,0.822368,0.859375,1.0,1.195312,1.375,1.421875,1.638158,1.546875,1.881579,0.5,1.085526,0.882812,1.065789,0.828125,0.644737,0.6875,0.532895,0.164062,1.046053,0.515625,0.861842,0.460938,0.506579,0.328125,0.480263,-0.140625,0.921053,0.164062,0.736842,0.179688,0.493421,0.070312,0.486842,0,0,0.0,0.0,0.0,0.0,0.0,0.0,0.0,0.0,0.0,0.0,0.0,0.0,0.0,0.0,0.0,0.0,0.0,0.0,0.0,0.0,0.0,0.0,0.0,0.0,0.0,0.0,0.0,0.0,0.0,0.0,0.0,0.0,0.0,0.0,0.0,0.0,0.0,0.0,0.0,0.0,0.0,0.0,Z,0
0.0,0.0,0.511628,0.118421,0.883721,0.342105,1.085271,0.565789,1.108527,0.815789,0.860465,1.0,1.193798,1.375,1.410853,1.638158,1.534884,1.881579,0.503876,1.085526,0.883721,1.072368,0.837209,0.651316,0.705426,0.539474,0.170543,1.046053,0.511628,0.868421,0.465116,0.513158,0.333333,0.480263,-0.139535,0.927632,0.155039,0.743421,0.178295,0.493421,0.069767,0.486842,0,0,0.0,0.0,0.0,0.0,0.0,0.0,0.0,0.0,0.0,0.0,0.0,0.0,0.0,0.0,0.0,0.0,0.0,0.0,0.0,0.0,0.0,0.0,0.0,0.0,0.0,0.0,0.0,0.0,0.0,0.0,0.0,0.0,0.0,0.0,0.0,0.0,0.0,0.0,0.0,0.0,0.0,0.0,Z,0
0.0,0.0,0.507692,0.118421,0.884615,0.355263,1.069231,0.565789,1.1,0.809211,0.869231,1.0,1.215385,1.368421,1.423077,1.631579,1.546154,1.875,0.507692,1.098684,0.884615,1.065789,0.823077,0.651316,0.7,0.539474,0.176923,1.052632,0.507692,0.855263,0.446154,0.506579,0.315385,0.486842,-0.130769,0.927632,0.153846,0.730263,0.169231,0.486842,0.061538,0.5,0,0,0.0,0.0,0.0,0.0,0.0,0.0,0.0,0.0,0.0,0.0,0.0,0.0,0.0,0.0,0.0,0.0,0.0,0.0,0.0,0.0,0.0,0.0,0.0,0.0,0.0,0.0,0.0,0.0,0.0,0.0,0.0,0.0,0.0,0.0,0.0,0.0,0.0,0.0,0.0,0.0,0.0,0.0,Z,0
0.0,0.0,0.305344,0.022727,0.664122,0.310606,0.793893,0.606061,0.78626,0.871212,0.519084,1.0,0.80916,1.340909,1.030534,1.621212,1.152672,1.893939,0.145038,1.098485,0.458015,1.022727,0.389313,0.575758,0.251908,0.55303,-0.183206,1.030303,0.122137,0.848485,0.10687,0.469697,-0.007634,0.484848,-0.480916,0.878788,-0.21374,0.75,-0.167939,0.454545,-0.267176,0.431818,-0.22900763358778625,0.12878787878787878,0.0,0.0,0.481481,0.135484,0.837037,0.4,0.962963,0.619355,0.985185,0.832258,0.8,1.0,1.148148,1.341935,1.340741,1.593548,1.451852,1.832258,0.437037,1.083871,0.785185,1.006452,0.725926,0.619355,0.6,0.567742,0.111111,1.032258,0.42963,0.812903,0.37037,0.483871,0.237037,0.509677,-0.2,0.890323,0.074074,0.703226,0.096296,0.483871,-0.014815,0.496774,Z,0
0.0,0.0,0.47482,0.135484,0.856115,0.367742,1.014388,0.567742,1.028777,0.76129,0.741007,1.0,1.007194,1.36129,1.18705,1.606452,1.323741,1.819355,0.374101,1.070968,0.640288,0.922581,0.604317,0.587097,0.52518,0.548387,0.043165,1.006452,0.316547,0.806452,0.294964,0.509677,0.201439,0.522581,-0.258993,0.858065,-0.035971,0.690323,0.021583,0.477419,-0.035971,0.464516,0,0,0.0,0.0,0.0,0.0,0.0,0.0,0.0,0.0,0.0,0.0,0.0,0.0,0.0,0.0,0.0,0.0,0.0,0.0,0.0,0.0,0.0,0.0,0.0,0.0,0.0,0.0,0.0,0.0,0.0,0.0,0.0,0.0,0.0,0.0,0.0,0.0,0.0,0.0,0.0,0.0,0.0,0.0,Z,0
0.0,0.0,0.483333,0.160494,0.85,0.382716,1.008333,0.598765,1.041667,0.802469,0.608333,1.0,0.766667,1.185185,0.925,1.154321,1.041667,1.141975,0.266667,1.006173,0.458333,0.981481,0.55,0.685185,0.575,0.635802,-0.066667,0.901235,0.075,0.851852,0.15,0.611111,0.158333,0.580247,-0.391667,0.746914,-0.425,0.808642,-0.366667,0.709877,-0.358333,0.697531,0,0,0.0,0.0,0.0,0.0,0.0,0.0,0.0,0.0,0.0,0.0,0.0,0.0,0.0,0.0,0.0,0.0,0.0,0.0,0.0,0.0,0.0,0.0,0.0,0.0,0.0,0.0,0.0,0.0,0.0,0.0,0.0,0.0,0.0,0.0,0.0,0.0,0.0,0.0,0.0,0.0,0.0,0.0,Z,0
0.0,0.0,0.555556,0.171975,1.0,0.464968,1.121212,0.732484,1.010101,0.910828,0.535354,1.0,0.727273,1.178344,0.818182,0.917197,0.808081,0.77707,0.171717,0.961783,0.444444,1.11465,0.565657,0.847134,0.535354,0.726115,-0.161616,0.859873,0.090909,0.961783,0.222222,0.738854,0.191919,0.624204,-0.464646,0.700637,-0.232323,0.789809,-0.111111,0.636943,-0.111111,0.535032,0,0,0.0,0.0,0.0,0.0,0.0,0.0,0.0,0.0,0.0,0.0,0.0,0.0,0.0,0.0,0.0,0.0,0.0,0.0,0.0,0.0,0.0,0.0,0.0,0.0,0.0,0.0,0.0,0.0,0.0,0.0,0.0,0.0,0.0,0.0,0.0,0.0,0.0,0.0,0.0,0.0,0.0,0.0,Z,0
0.0,0.0,0.505051,0.222222,0.949495,0.530864,1.070707,0.790123,0.79798,0.919753,0.272727,1.0,0.515152,1.104938,0.737374,0.87037,0.848485,0.722222,-0.10101,0.950617,0.161616,1.024691,0.444444,0.802469,0.565657,0.666667,-0.434343,0.814815,-0.20202,0.87037,0.040404,0.666667,0.111111,0.54321,-0.727273,0.62963,-0.545455,0.703704,-0.343434,0.561728,-0.272727,0.450617,0,0,0.0,0.0,0.0,0.0,0.0,0.0,0.0,0.0,0.0,0.0,0.0,0.0,0.0,0.0,0.0,0.0,0.0,0.0,0.0,0.0,0.0,0.0,0.0,0.0,0.0,0.0,0.0,0.0,0.0,0.0,0.0,0.0,0.0,0.0,0.0,0.0,0.0,0.0,0.0,0.0,0.0,0.0,Z,0
0.0,0.0,0.468085,0.22,0.87234,0.613333,1.095745,0.893333,1.159574,1.086667,0.202128,1.0,0.180851,1.16,0.361702,0.993333,0.489362,0.88,-0.159574,0.933333,-0.095745,1.08,0.117021,0.86,0.202128,0.726667,-0.489362,0.813333,-0.393617,0.933333,-0.191489,0.72,-0.106383,0.58,-0.797872,0.633333,-0.691489,0.766667,-0.510638,0.613333,-0.414894,0.493333,0,0,0.0,0.0,0.0,0.0,0.0,0.0,0.0,0.0,0.0,0.0,0.0,0.0,0.0,0.0,0.0,0.0,0.0,0.0,0.0,0.0,0.0,0.0,0.0,0.0,0.0,0.0,0.0,0.0,0.0,0.0,0.0,0.0,0.0,0.0,0.0,0.0,0.0,0.0,0.0,0.0,0.0,0.0,Z,0
0.0,0.0,0.519231,0.159722,0.817308,0.527778,0.721154,0.819444,0.442308,0.965278,0.336538,1.0,0.240385,1.354167,0.211538,1.631944,0.201923,1.833333,-0.019231,0.944444,-0.038462,1.145833,0.096154,0.875,0.153846,0.680556,-0.355769,0.8125,-0.336538,0.951389,-0.211538,0.708333,-0.163462,0.5625,-0.663462,0.625,-0.625,0.763889,-0.490385,0.590278,-0.423077,0.472222,0,0,0.0,0.0,0.0,0.0,0.0,0.0,0.0,0.0,0.0,0.0,0.0,0.0,0.0,0.0,0.0,0.0,0.0,0.0,0.0,0.0,0.0,0.0,0.0,0.0,0.0,0.0,0.0,0.0,0.0,0.0,0.0,0.0,0.0,0.0,0.0,0.0,0.0,0.0,0.0,0.0,0.0,0.0,Z,0
0.0,0.0,0.325203,0.16,0.585366,0.486667,0.504065,0.74,0.178862,0.806667,0.130081,1.0,0.081301,1.46,0.04878,1.793333,-0.01626,2.086667,-0.235772,0.926667,-0.341463,1.08,-0.178862,0.706667,-0.089431,0.533333,-0.569106,0.76,-0.626016,0.806667,-0.406504,0.506667,-0.276423,0.386667,-0.869919,0.54,-0.910569,0.593333,-0.666667,0.366667,-0.528455,0.28,0,0,0.0,0.0,0.0,0.0,0.0,0.0,0.0,0.0,0.0,0.0,0.0,0.0,0.0,0.0,0.0,0.0,0.0,0.0,0.0,0.0,0.0,0.0,0.0,0.0,0.0,0.0,0.0,0.0,0.0,0.0,0.0,0.0,0.0,0.0,0.0,0.0,0.0,0.0,0.0,0.0,0.0,0.0,Z,0
0.0,0.0,0.30303,0.202381,0.530303,0.52381,0.333333,0.72619,0.030303,0.803571,0.136364,1.0,0.098485,1.404762,0.037879,1.684524,-0.045455,1.940476,-0.25,0.964286,-0.348485,0.982143,-0.166667,0.613095,-0.05303,0.541667,-0.575758,0.857143,-0.613636,0.684524,-0.356061,0.404762,-0.219697,0.416667,-0.863636,0.696429,-0.871212,0.517857,-0.628788,0.321429,-0.492424,0.327381,0,0,0.0,0.0,0.0,0.0,0.0,0.0,0.0,0.0,0.0,0.0,0.0,0.0,0.0,0.0,0.0,0.0,0.0,0.0,0.0,0.0,0.0,0.0,0.0,0.0,0.0,0.0,0.0,0.0,0.0,0.0,0.0,0.0,0.0,0.0,0.0,0.0,0.0,0.0,0.0,0.0,0.0,0.0,Z,0
0.0,0.0,0.328,0.197605,0.568,0.520958,0.416,0.754491,0.088,0.850299,0.168,1.0,0.16,1.401198,0.112,1.682635,0.056,1.922156,-0.208,0.982036,-0.28,0.94012,-0.136,0.622754,-0.008,0.51497,-0.536,0.874251,-0.592,0.724551,-0.4,0.473054,-0.248,0.413174,-0.832,0.712575,-0.88,0.580838,-0.664,0.383234,-0.496,0.335329,0,0,0.0,0.0,0.0,0.0,0.0,0.0,0.0,0.0,0.0,0.0,0.0,0.0,0.0,0.0,0.0,0.0,0.0,0.0,0.0,0.0,0.0,0.0,0.0,0.0,0.0,0.0,0.0,0.0,0.0,0.0,0.0,0.0,0.0,0.0,0.0,0.0,0.0,0.0,0.0,0.0,0.0,0.0,Z,0
0.0,0.0,0.307692,0.2,0.512821,0.490909,0.393162,0.727273,0.08547,0.848485,0.076923,1.0,0.094017,1.381818,0.094017,1.660606,0.094017,1.866667,-0.307692,0.927273,-0.307692,0.963636,-0.102564,0.666667,0.051282,0.49697,-0.632479,0.775758,-0.606838,0.787879,-0.384615,0.563636,-0.222222,0.4,-0.923077,0.581818,-0.982906,0.666667,-0.803419,0.515152,-0.65812,0.387879,0,0,0.0,0.0,0.0,0.0,0.0,0.0,0.0,0.0,0.0,0.0,0.0,0.0,0.0,0.0,0.0,0.0,0.0,0.0,0.0,0.0,0.0,0.0,0.0,0.0,0.0,0.0,0.0,0.0,0.0,0.0,0.0,0.0,0.0,0.0,0.0,0.0,0.0,0.0,0.0,0.0,0.0,0.0,Z,0
0.0,0.0,0.36,0.188571,0.624,0.491429,0.496,0.702857,0.192,0.777143,0.256,1.0,0.352,1.325714,0.392,1.548571,0.432,1.702857,-0.136,0.965714,-0.232,0.971429,-0.104,0.691429,0.048,0.508571,-0.464,0.828571,-0.576,0.811429,-0.408,0.588571,-0.232,0.434286,-0.744,0.645714,-0.888,0.651429,-0.712,0.491429,-0.536,0.388571,0,0,0.0,0.0,0.0,0.0,0.0,0.0,0.0,0.0,0.0,0.0,0.0,0.0,0.0,0.0,0.0,0.0,0.0,0.0,0.0,0.0,0.0,0.0,0.0,0.0,0.0,0.0,0.0,0.0,0.0,0.0,0.0,0.0,0.0,0.0,0.0,0.0,0.0,0.0,0.0,0.0,0.0,0.0,Z,0
0.0,0.0,0.376923,0.163743,0.684615,0.438596,0.638462,0.672515,0.353846,0.754386,0.323077,1.0,0.476923,1.298246,0.523077,1.532164,0.553846,1.74269,-0.084615,1.023392,0.153846,0.847953,0.269231,0.567251,0.315385,0.438596,-0.407692,0.894737,-0.153846,0.666667,-0.023077,0.444444,0.030769,0.362573,-0.676923,0.719298,-0.492308,0.538012,-0.346154,0.362573,-0.284615,0.315789,0,0,0.0,0.0,0.0,0.0,0.0,0.0,0.0,0.0,0.0,0.0,0.0,0.0,0.0,0.0,0.0,0.0,0.0,0.0,0.0,0.0,0.0,0.0,0.0,0.0,0.0,0.0,0.0,0.0,0.0,0.0,0.0,0.0,0.0,0.0,0.0,0.0,0.0,0.0,0.0,0.0,0.0,0.0,Z,0
0.0,0.0,0.46281,0.092593,0.801653,0.388889,0.92562,0.638889,0.917355,0.824074,0.636364,1.0,0.628099,1.157407,0.702479,0.87037,0.768595,0.583333,0.297521,0.953704,0.289256,1.12037,0.404959,0.759259,0.495868,0.444444,-0.049587,0.777778,-0.049587,0.87037,0.099174,0.555556,0.198347,0.287037,-0.363636,0.5,-0.31405,0.481481,-0.165289,0.277778,-0.066116,0.101852,0.008264462809917356,0.35185185185185186,0.0,0.0,0.48,0.152941,0.864,0.382353,0.976,0.576471,0.936,0.735294,0.512,1.0,0.76,0.976471,0.88,0.747059,0.92,0.641176,0.128,0.994118,0.472,0.8,0.608,0.523529,0.624,0.441176,-0.208,0.870588,0.16,0.594118,0.296,0.364706,0.296,0.323529,-0.488,0.688235,-0.168,0.423529,-0.056,0.270588,-0.072,0.270588,Z,0
0.0,0.0,0.491667,0.088757,0.916667,0.248521,1.183333,0.366864,1.341667,0.491124,0.65,1.0,1.0,0.863905,1.05,0.556213,1.041667,0.426036,0.291667,1.011834,0.708333,0.721893,0.733333,0.402367,0.683333,0.360947,-0.05,0.91716,0.391667,0.538462,0.4,0.278107,0.316667,0.272189,-0.35,0.757396,0.016667,0.431953,0.058333,0.236686,0.008333,0.218935,0,0,0.0,0.0,0.0,0.0,0.0,0.0,0.0,0.0,0.0,0.0,0.0,0.0,0.0,0.0,0.0,0.0,0.0,0.0,0.0,0.0,0.0,0.0,0.0,0.0,0.0,0.0,0.0,0.0,0.0,0.0,0.0,0.0,0.0,0.0,0.0,0.0,0.0,0.0,0.0,0.0,0.0,0.0,Z,0
0.0,0.0,0.401515,0.09589,0.742424,0.30137,0.863636,0.513699,0.94697,0.671233,0.628788,1.0,0.954545,1.226027,1.219697,1.40411,1.44697,1.59589,0.25,1.082192,0.659091,0.732877,0.681818,0.383562,0.621212,0.321918,-0.075758,0.965753,0.348485,0.452055,0.348485,0.219178,0.272727,0.253425,-0.371212,0.753425,-0.068182,0.356164,-0.037879,0.184932,-0.128788,0.232877,0,0,0.0,0.0,0.0,0.0,0.0,0.0,0.0,0.0,0.0,0.0,0.0,0.0,0.0,0.0,0.0,0.0,0.0,0.0,0.0,0.0,0.0,0.0,0.0,0.0,0.0,0.0,0.0,0.0,0.0,0.0,0.0,0.0,0.0,0.0,0.0,0.0,0.0,0.0,0.0,0.0,0.0,0.0,Z,0
0.0,0.0,0.462121,0.101449,0.825758,0.23913,1.007576,0.384058,1.060606,0.521739,0.75,1.0,1.121212,1.246377,1.378788,1.449275,1.568182,1.65942,0.371212,1.115942,0.734848,0.797101,0.75,0.398551,0.674242,0.297101,0.037879,1.007246,0.409091,0.507246,0.416667,0.23913,0.325758,0.26087,-0.25,0.782609,0.045455,0.369565,0.098485,0.188406,0.022727,0.23913,0,0,0.0,0.0,0.0,0.0,0.0,0.0,0.0,0.0,0.0,0.0,0.0,0.0,0.0,0.0,0.0,0.0,0.0,0.0,0.0,0.0,0.0,0.0,0.0,0.0,0.0,0.0,0.0,0.0,0.0,0.0,0.0,0.0,0.0,0.0,0.0,0.0,0.0,0.0,0.0,0.0,0.0,0.0,Z,0
0.0,0.0,0.496241,0.083333,0.909774,0.227273,1.112782,0.424242,1.015038,0.522727,0.804511,1.0,1.180451,1.257576,1.43609,1.44697,1.639098,1.643939,0.43609,1.143939,0.781955,0.757576,0.75188,0.348485,0.661654,0.280303,0.097744,1.045455,0.428571,0.477273,0.413534,0.204545,0.338346,0.257576,-0.195489,0.840909,0.06015,0.386364,0.112782,0.181818,0.06015,0.219697,0,0,0.0,0.0,0.0,0.0,0.0,0.0,0.0,0.0,0.0,0.0,0.0,0.0,0.0,0.0,0.0,0.0,0.0,0.0,0.0,0.0,0.0,0.0,0.0,0.0,0.0,0.0,0.0,0.0,0.0,0.0,0.0,0.0,0.0,0.0,0.0,0.0,0.0,0.0,0.0,0.0,0.0,0.0,Z,0
0.0,0.0,0.557252,0.069767,0.977099,0.248062,1.198473,0.44186,1.091603,0.527132,0.877863,1.0,1.290076,1.232558,1.564885,1.418605,1.770992,1.612403,0.51145,1.139535,0.862595,0.728682,0.801527,0.310078,0.694656,0.255814,0.167939,1.03876,0.503817,0.449612,0.450382,0.155039,0.343511,0.232558,-0.122137,0.813953,0.122137,0.317829,0.160305,0.116279,0.091603,0.193798,0,0,0.0,0.0,0.0,0.0,0.0,0.0,0.0,0.0,0.0,0.0,0.0,0.0,0.0,0.0,0.0,0.0,0.0,0.0,0.0,0.0,0.0,0.0,0.0,0.0,0.0,0.0,0.0,0.0,0.0,0.0,0.0,0.0,0.0,0.0,0.0,0.0,0.0,0.0,0.0,0.0,0.0,0.0,Z,0
0.0,0.0,0.5,0.083969,0.901515,0.236641,1.106061,0.412214,1.045455,0.526718,0.825758,1.0,1.234848,1.229008,1.507576,1.419847,1.719697,1.618321,0.462121,1.122137,0.795455,0.717557,0.765152,0.312977,0.674242,0.206107,0.113636,1.007634,0.44697,0.427481,0.409091,0.167939,0.318182,0.198473,-0.174242,0.78626,0.083333,0.312977,0.098485,0.129771,0.030303,0.183206,0,0,0.0,0.0,0.0,0.0,0.0,0.0,0.0,0.0,0.0,0.0,0.0,0.0,0.0,0.0,0.0,0.0,0.0,0.0,0.0,0.0,0.0,0.0,0.0,0.0,0.0,0.0,0.0,0.0,0.0,0.0,0.0,0.0,0.0,0.0,0.0,0.0,0.0,0.0,0.0,0.0,0.0,0.0,Z,0
0.0,0.0,0.480916,0.106061,0.854962,0.25,1.030534,0.401515,1.114504,0.530303,0.770992,1.0,1.19084,1.227273,1.465649,1.416667,1.687023,1.621212,0.40458,1.113636,0.687023,0.674242,0.694656,0.386364,0.633588,0.310606,0.061069,0.984848,0.366412,0.393939,0.366412,0.227273,0.290076,0.280303,-0.229008,0.757576,0.015267,0.295455,0.038168,0.174242,-0.022901,0.242424,0,0,0.0,0.0,0.0,0.0,0.0,0.0,0.0,0.0,0.0,0.0,0.0,0.0,0.0,0.0,0.0,0.0,0.0,0.0,0.0,0.0,0.0,0.0,0.0,0.0,0.0,0.0,0.0,0.0,0.0,0.0,0.0,0.0,0.0,0.0,0.0,0.0,0.0,0.0,0.0,0.0,0.0,0.0,Z,0
0.0,0.0,0.491935,0.109489,0.919355,0.29927,1.145161,0.474453,1.258065,0.620438,0.685484,1.0,1.080645,1.20438,1.362903,1.379562,1.58871,1.547445,0.290323,1.065693,0.604839,0.613139,0.645161,0.386861,0.58871,0.350365,-0.040323,0.919708,0.282258,0.394161,0.306452,0.270073,0.241935,0.321168,-0.314516,0.686131,-0.056452,0.262774,-0.024194,0.160584,-0.08871,0.20438,0,0,0.0,0.0,0.0,0.0,0.0,0.0,0.0,0.0,0.0,0.0,0.0,0.0,0.0,0.0,0.0,0.0,0.0,0.0,0.0,0.0,0.0,0.0,0.0,0.0,0.0,0.0,0.0,0.0,0.0,0.0,0.0,0.0,0.0,0.0,0.0,0.0,0.0,0.0,0.0,0.0,0.0,0.0,Z,0
0.0,0.0,0.508621,0.070423,0.965517,0.232394,1.163793,0.394366,1.112069,0.535211,0.698276,1.0,1.155172,1.133803,1.474138,1.274648,1.715517,1.422535,0.310345,1.049296,0.655172,0.704225,0.62931,0.422535,0.517241,0.415493,-0.025862,0.922535,0.353448,0.492958,0.327586,0.274648,0.215517,0.316901,-0.301724,0.732394,0.034483,0.366197,0.051724,0.183099,-0.034483,0.190141,0,0,0.0,0.0,0.0,0.0,0.0,0.0,0.0,0.0,0.0,0.0,0.0,0.0,0.0,0.0,0.0,0.0,0.0,0.0,0.0,0.0,0.0,0.0,0.0,0.0,0.0,0.0,0.0,0.0,0.0,0.0,0.0,0.0,0.0,0.0,0.0,0.0,0.0,0.0,0.0,0.0,0.0,0.0,Z,0
0.0,0.0,0.53211,0.072464,0.944954,0.231884,1.12844,0.369565,1.12844,0.456522,0.688073,1.0,0.990826,1.137681,1.174312,1.253623,1.311927,1.369565,0.293578,1.050725,0.614679,0.811594,0.669725,0.557971,0.614679,0.463768,-0.045872,0.913043,0.321101,0.57971,0.385321,0.391304,0.330275,0.355072,-0.311927,0.688406,0.055046,0.398551,0.12844,0.253623,0.082569,0.224638,0,0,0.0,0.0,0.0,0.0,0.0,0.0,0.0,0.0,0.0,0.0,0.0,0.0,0.0,0.0,0.0,0.0,0.0,0.0,0.0,0.0,0.0,0.0,0.0,0.0,0.0,0.0,0.0,0.0,0.0,0.0,0.0,0.0,0.0,0.0,0.0,0.0,0.0,0.0,0.0,0.0,0.0,0.0,Z,0
0.0,0.0,0.410256,0.162162,0.74359,0.466216,0.880342,0.668919,0.871795,0.790541,0.307692,1.0,0.367521,0.972973,0.401709,0.817568,0.410256,0.790541,-0.08547,0.885135,0.059829,0.77027,0.136752,0.52027,0.145299,0.466216,-0.410256,0.689189,-0.25641,0.567568,-0.162393,0.344595,-0.162393,0.297297,-0.692308,0.466216,-0.564103,0.432432,-0.478632,0.263514,-0.478632,0.209459,0,0,0.0,0.0,0.0,0.0,0.0,0.0,0.0,0.0,0.0,0.0,0.0,0.0,0.0,0.0,0.0,0.0,0.0,0.0,0.0,0.0,0.0,0.0,0.0,0.0,0.0,0.0,0.0,0.0,0.0,0.0,0.0,0.0,0.0,0.0,0.0,0.0,0.0,0.0,0.0,0.0,0.0,0.0,Z,0
0.0,0.0,0.304965,0.045802,0.361702,0.290076,0.12766,0.480916,-0.234043,0.496183,0.014184,1.0,-0.085106,1.206107,-0.148936,1.473282,-0.248227,1.816794,-0.41844,0.923664,-0.560284,0.648855,-0.255319,0.198473,-0.170213,0.244275,-0.744681,0.709924,-0.836879,0.320611,-0.524823,0.007634,-0.41844,0.099237,-0.985816,0.458015,-0.929078,0.122137,-0.673759,-0.068702,-0.560284,0.030534,0,0,0.0,0.0,0.0,0.0,0.0,0.0,0.0,0.0,0.0,0.0,0.0,0.0,0.0,0.0,0.0,0.0,0.0,0.0,0.0,0.0,0.0,0.0,0.0,0.0,0.0,0.0,0.0,0.0,0.0,0.0,0.0,0.0,0.0,0.0,0.0,0.0,0.0,0.0,0.0,0.0,0.0,0.0,Z,0
0.0,0.0,0.263889,0.108108,0.465278,0.371622,0.243056,0.567568,-0.104167,0.608108,0.104167,1.0,-0.006944,1.25,-0.118056,1.466216,-0.208333,1.702703,-0.305556,1.0,-0.458333,0.763514,-0.243056,0.364865,-0.111111,0.391892,-0.625,0.871622,-0.729167,0.52027,-0.493056,0.222973,-0.340278,0.283784,-0.895833,0.675676,-0.923611,0.364865,-0.708333,0.168919,-0.555556,0.216216,0,0,0.0,0.0,0.0,0.0,0.0,0.0,0.0,0.0,0.0,0.0,0.0,0.0,0.0,0.0,0.0,0.0,0.0,0.0,0.0,0.0,0.0,0.0,0.0,0.0,0.0,0.0,0.0,0.0,0.0,0.0,0.0,0.0,0.0,0.0,0.0,0.0,0.0,0.0,0.0,0.0,0.0,0.0,Z,0
0.0,0.0,0.272059,0.176471,0.477941,0.457516,0.220588,0.607843,-0.132353,0.647059,0.051471,1.0,-0.036765,1.267974,-0.139706,1.48366,-0.25,1.699346,-0.352941,1.0,-0.514706,0.777778,-0.294118,0.424837,-0.139706,0.431373,-0.676471,0.869281,-0.794118,0.54902,-0.544118,0.281046,-0.389706,0.333333,-0.948529,0.673203,-1.014706,0.379085,-0.772059,0.189542,-0.610294,0.215686,0,0,0.0,0.0,0.0,0.0,0.0,0.0,0.0,0.0,0.0,0.0,0.0,0.0,0.0,0.0,0.0,0.0,0.0,0.0,0.0,0.0,0.0,0.0,0.0,0.0,0.0,0.0,0.0,0.0,0.0,0.0,0.0,0.0,0.0,0.0,0.0,0.0,0.0,0.0,0.0,0.0,0.0,0.0,Z,0
0.0,0.0,0.267176,0.194805,0.442748,0.487013,0.152672,0.590909,-0.183206,0.603896,0.015267,1.0,-0.061069,1.272727,-0.175573,1.487013,-0.305344,1.714286,-0.381679,0.993506,-0.572519,0.779221,-0.335878,0.448052,-0.160305,0.435065,-0.709924,0.863636,-0.854962,0.564935,-0.580153,0.311688,-0.412214,0.363636,-0.984733,0.668831,-1.061069,0.415584,-0.80916,0.233766,-0.648855,0.272727,0,0,0.0,0.0,0.0,0.0,0.0,0.0,0.0,0.0,0.0,0.0,0.0,0.0,0.0,0.0,0.0,0.0,0.0,0.0,0.0,0.0,0.0,0.0,0.0,0.0,0.0,0.0,0.0,0.0,0.0,0.0,0.0,0.0,0.0,0.0,0.0,0.0,0.0,0.0,0.0,0.0,0.0,0.0,Z,0
0.0,0.0,0.288,0.198675,0.408,0.496689,0.064,0.543046,-0.296,0.543046,-0.056,1.0,-0.176,1.238411,-0.296,1.450331,-0.456,1.682119,-0.464,0.97351,-0.704,0.728477,-0.4,0.410596,-0.168,0.384106,-0.8,0.821192,-0.976,0.490066,-0.632,0.258278,-0.424,0.317881,-1.056,0.602649,-1.168,0.344371,-0.872,0.172185,-0.672,0.218543,0,0,0.0,0.0,0.0,0.0,0.0,0.0,0.0,0.0,0.0,0.0,0.0,0.0,0.0,0.0,0.0,0.0,0.0,0.0,0.0,0.0,0.0,0.0,0.0,0.0,0.0,0.0,0.0,0.0,0.0,0.0,0.0,0.0,0.0,0.0,0.0,0.0,0.0,0.0,0.0,0.0,0.0,0.0,Z,0
0.0,0.0,0.283333,0.202703,0.441667,0.506757,0.083333,0.560811,-0.3,0.554054,-0.125,1.0,-0.25,1.25,-0.391667,1.445946,-0.541667,1.662162,-0.55,0.959459,-0.741667,0.675676,-0.441667,0.358108,-0.225,0.358108,-0.883333,0.804054,-1.0,0.439189,-0.666667,0.202703,-0.483333,0.277027,-1.125,0.587838,-1.208333,0.304054,-0.916667,0.135135,-0.75,0.189189,0,0,0.0,0.0,0.0,0.0,0.0,0.0,0.0,0.0,0.0,0.0,0.0,0.0,0.0,0.0,0.0,0.0,0.0,0.0,0.0,0.0,0.0,0.0,0.0,0.0,0.0,0.0,0.0,0.0,0.0,0.0,0.0,0.0,0.0,0.0,0.0,0.0,0.0,0.0,0.0,0.0,0.0,0.0,Z,0
0.0,0.0,0.264463,0.210884,0.371901,0.510204,0.008264,0.55102,-0.38843,0.537415,-0.181818,1.0,-0.31405,1.244898,-0.454545,1.44898,-0.628099,1.673469,-0.61157,0.952381,-0.801653,0.687075,-0.46281,0.333333,-0.264463,0.37415,-0.942149,0.795918,-1.07438,0.44898,-0.710744,0.190476,-0.545455,0.292517,-1.181818,0.571429,-1.272727,0.278912,-0.966942,0.122449,-0.801653,0.183673,0,0,0.0,0.0,0.0,0.0,0.0,0.0,0.0,0.0,0.0,0.0,0.0,0.0,0.0,0.0,0.0,0.0,0.0,0.0,0.0,0.0,0.0,0.0,0.0,0.0,0.0,0.0,0.0,0.0,0.0,0.0,0.0,0.0,0.0,0.0,0.0,0.0,0.0,0.0,0.0,0.0,0.0,0.0,Z,0
0.0,0.0,0.266667,0.194631,0.341667,0.489933,-0.008333,0.543624,-0.425,0.52349,-0.233333,1.0,-0.383333,1.221477,-0.525,1.416107,-0.7,1.644295,-0.65,0.919463,-0.858333,0.677852,-0.475,0.322148,-0.291667,0.395973,-0.991667,0.751678,-1.125,0.422819,-0.733333,0.161074,-0.575,0.288591,-1.233333,0.543624,-1.333333,0.261745,-1.008333,0.100671,-0.833333,0.181208,0,0,0.0,0.0,0.0,0.0,0.0,0.0,0.0,0.0,0.0,0.0,0.0,0.0,0.0,0.0,0.0,0.0,0.0,0.0,0.0,0.0,0.0,0.0,0.0,0.0,0.0,0.0,0.0,0.0,0.0,0.0,0.0,0.0,0.0,0.0,0.0,0.0,0.0,0.0,0.0,0.0,0.0,0.0,Z,0
0.0,0.0,0.256198,0.180556,0.347107,0.472222,0.016529,0.555556,-0.396694,0.541667,-0.181818,1.0,-0.347107,1.263889,-0.512397,1.465278,-0.68595,1.694444,-0.61157,0.930556,-0.842975,0.708333,-0.512397,0.333333,-0.330579,0.388889,-0.942149,0.770833,-1.115702,0.451389,-0.760331,0.1875,-0.586777,0.298611,-1.181818,0.548611,-1.297521,0.277778,-0.991736,0.111111,-0.818182,0.180556,0,0,0.0,0.0,0.0,0.0,0.0,0.0,0.0,0.0,0.0,0.0,0.0,0.0,0.0,0.0,0.0,0.0,0.0,0.0,0.0,0.0,0.0,0.0,0.0,0.0,0.0,0.0,0.0,0.0,0.0,0.0,0.0,0.0,0.0,0.0,0.0,0.0,0.0,0.0,0.0,0.0,0.0,0.0,Z,0
0.0,0.0,0.270492,0.167832,0.418033,0.454545,0.106557,0.538462,-0.286885,0.552448,-0.122951,1.0,-0.270492,1.244755,-0.42623,1.461538,-0.598361,1.678322,-0.54918,0.951049,-0.754098,0.685315,-0.418033,0.328671,-0.245902,0.405594,-0.877049,0.79021,-1.02459,0.426573,-0.672131,0.181818,-0.516393,0.293706,-1.122951,0.559441,-1.213115,0.258741,-0.901639,0.090909,-0.729508,0.167832,0,0,0.0,0.0,0.0,0.0,0.0,0.0,0.0,0.0,0.0,0.0,0.0,0.0,0.0,0.0,0.0,0.0,0.0,0.0,0.0,0.0,0.0,0.0,0.0,0.0,0.0,0.0,0.0,0.0,0.0,0.0,0.0,0.0,0.0,0.0,0.0,0.0,0.0,0.0,0.0,0.0,0.0,0.0,Z,0
0.0,0.0,0.274194,0.167832,0.419355,0.454545,0.120968,0.545455,-0.258065,0.573427,-0.096774,1.0,-0.258065,1.258741,-0.419355,1.475524,-0.580645,1.699301,-0.516129,0.965035,-0.717742,0.713287,-0.395161,0.328671,-0.225806,0.377622,-0.846774,0.811189,-0.983871,0.447552,-0.637097,0.174825,-0.467742,0.27972,-1.096774,0.594406,-1.177419,0.272727,-0.870968,0.097902,-0.693548,0.167832,0,0,0.0,0.0,0.0,0.0,0.0,0.0,0.0,0.0,0.0,0.0,0.0,0.0,0.0,0.0,0.0,0.0,0.0,0.0,0.0,0.0,0.0,0.0,0.0,0.0,0.0,0.0,0.0,0.0,0.0,0.0,0.0,0.0,0.0,0.0,0.0,0.0,0.0,0.0,0.0,0.0,0.0,0.0,Z,0
0.0,0.0,0.277778,0.145833,0.412698,0.430556,0.119048,0.534722,-0.253968,0.5625,-0.087302,1.0,-0.253968,1.229167,-0.396825,1.430556,-0.547619,1.666667,-0.492063,0.958333,-0.714286,0.722222,-0.404762,0.319444,-0.230159,0.361111,-0.825397,0.805556,-0.97619,0.451389,-0.642857,0.159722,-0.47619,0.277778,-1.087302,0.597222,-1.166667,0.277778,-0.873016,0.097222,-0.706349,0.173611,0,0,0.0,0.0,0.0,0.0,0.0,0.0,0.0,0.0,0.0,0.0,0.0,0.0,0.0,0.0,0.0,0.0,0.0,0.0,0.0,0.0,0.0,0.0,0.0,0.0,0.0,0.0,0.0,0.0,0.0,0.0,0.0,0.0,0.0,0.0,0.0,0.0,0.0,0.0,0.0,0.0,0.0,0.0,Z,0
0.0,0.0,0.261905,0.162162,0.388889,0.439189,0.103175,0.547297,-0.269841,0.574324,-0.103175,1.0,-0.253968,1.22973,-0.396825,1.432432,-0.539683,1.648649,-0.507937,0.952703,-0.698413,0.709459,-0.404762,0.337838,-0.230159,0.371622,-0.84127,0.797297,-0.968254,0.459459,-0.650794,0.182432,-0.492063,0.277027,-1.103175,0.587838,-1.15873,0.290541,-0.880952,0.108108,-0.722222,0.175676,0,0,0.0,0.0,0.0,0.0,0.0,0.0,0.0,0.0,0.0,0.0,0.0,0.0,0.0,0.0,0.0,0.0,0.0,0.0,0.0,0.0,0.0,0.0,0.0,0.0,0.0,0.0,0.0,0.0,0.0,0.0,0.0,0.0,0.0,0.0,0.0,0.0,0.0,0.0,0.0,0.0,0.0,0.0,Z,0
0.0,0.0,0.258065,0.157895,0.403226,0.434211,0.120968,0.559211,-0.266129,0.578947,-0.112903,1.0,-0.266129,1.223684,-0.395161,1.414474,-0.532258,1.625,-0.524194,0.953947,-0.717742,0.717105,-0.395161,0.355263,-0.225806,0.407895,-0.846774,0.796053,-0.975806,0.467105,-0.653226,0.197368,-0.5,0.302632,-1.112903,0.592105,-1.185484,0.302632,-0.903226,0.131579,-0.75,0.197368,0,0,0.0,0.0,0.0,0.0,0.0,0.0,0.0,0.0,0.0,0.0,0.0,0.0,0.0,0.0,0.0,0.0,0.0,0.0,0.0,0.0,0.0,0.0,0.0,0.0,0.0,0.0,0.0,0.0,0.0,0.0,0.0,0.0,0.0,0.0,0.0,0.0,0.0,0.0,0.0,0.0,0.0,0.0,Z,0
0.0,0.0,0.253968,0.166667,0.404762,0.446667,0.126984,0.566667,-0.246032,0.58,-0.103175,1.0,-0.246032,1.24,-0.380952,1.44,-0.515873,1.646667,-0.515873,0.96,-0.690476,0.733333,-0.404762,0.366667,-0.238095,0.406667,-0.84127,0.8,-0.960317,0.48,-0.65873,0.213333,-0.507937,0.3,-1.103175,0.586667,-1.150794,0.3,-0.888889,0.133333,-0.738095,0.193333,0,0,0.0,0.0,0.0,0.0,0.0,0.0,0.0,0.0,0.0,0.0,0.0,0.0,0.0,0.0,0.0,0.0,0.0,0.0,0.0,0.0,0.0,0.0,0.0,0.0,0.0,0.0,0.0,0.0,0.0,0.0,0.0,0.0,0.0,0.0,0.0,0.0,0.0,0.0,0.0,0.0,0.0,0.0,Z,0
0.0,0.0,0.280303,0.143836,0.431818,0.438356,0.143939,0.582192,-0.257576,0.59589,-0.030303,1.0,-0.181818,1.260274,-0.310606,1.458904,-0.454545,1.69863,-0.439394,0.965753,-0.621212,0.732877,-0.333333,0.335616,-0.19697,0.39726,-0.765152,0.815068,-0.886364,0.472603,-0.575758,0.184932,-0.439394,0.294521,-1.030303,0.609589,-1.068182,0.287671,-0.795455,0.109589,-0.651515,0.191781,0,0,0.0,0.0,0.0,0.0,0.0,0.0,0.0,0.0,0.0,0.0,0.0,0.0,0.0,0.0,0.0,0.0,0.0,0.0,0.0,0.0,0.0,0.0,0.0,0.0,0.0,0.0,0.0,0.0,0.0,0.0,0.0,0.0,0.0,0.0,0.0,0.0,0.0,0.0,0.0,0.0,0.0,0.0,Z,0
0.0,0.0,0.289062,0.184932,0.445312,0.479452,0.132812,0.589041,-0.257812,0.59589,-0.0625,1.0,-0.203125,1.267123,-0.335938,1.472603,-0.476562,1.691781,-0.476562,0.972603,-0.648438,0.732877,-0.367188,0.363014,-0.195312,0.40411,-0.804688,0.821918,-0.921875,0.486301,-0.617188,0.212329,-0.460938,0.294521,-1.0625,0.609589,-1.117188,0.308219,-0.84375,0.136986,-0.6875,0.191781,0,0,0.0,0.0,0.0,0.0,0.0,0.0,0.0,0.0,0.0,0.0,0.0,0.0,0.0,0.0,0.0,0.0,0.0,0.0,0.0,0.0,0.0,0.0,0.0,0.0,0.0,0.0,0.0,0.0,0.0,0.0,0.0,0.0,0.0,0.0,0.0,0.0,0.0,0.0,0.0,0.0,0.0,0.0,Z,0
0.0,0.0,0.283465,0.195946,0.433071,0.5,0.110236,0.594595,-0.283465,0.581081,-0.102362,1.0,-0.23622,1.25,-0.370079,1.445946,-0.503937,1.655405,-0.519685,0.966216,-0.669291,0.722973,-0.393701,0.364865,-0.228346,0.405405,-0.84252,0.810811,-0.944882,0.472973,-0.645669,0.209459,-0.488189,0.283784,-1.102362,0.594595,-1.141732,0.290541,-0.874016,0.114865,-0.716535,0.175676,0,0,0.0,0.0,0.0,0.0,0.0,0.0,0.0,0.0,0.0,0.0,0.0,0.0,0.0,0.0,0.0,0.0,0.0,0.0,0.0,0.0,0.0,0.0,0.0,0.0,0.0,0.0,0.0,0.0,0.0,0.0,0.0,0.0,0.0,0.0,0.0,0.0,0.0,0.0,0.0,0.0,0.0,0.0,Z,0
0.0,0.0,0.275591,0.188312,0.417323,0.461039,0.133858,0.584416,-0.259843,0.590909,-0.086614,1.0,-0.220472,1.227273,-0.362205,1.415584,-0.488189,1.616883,-0.503937,0.961039,-0.653543,0.714286,-0.401575,0.37013,-0.244094,0.409091,-0.826772,0.811688,-0.929134,0.487013,-0.653543,0.220779,-0.496063,0.298701,-1.086614,0.603896,-1.125984,0.305195,-0.874016,0.136364,-0.716535,0.201299,0,0,0.0,0.0,0.0,0.0,0.0,0.0,0.0,0.0,0.0,0.0,0.0,0.0,0.0,0.0,0.0,0.0,0.0,0.0,0.0,0.0,0.0,0.0,0.0,0.0,0.0,0.0,0.0,0.0,0.0,0.0,0.0,0.0,0.0,0.0,0.0,0.0,0.0,0.0,0.0,0.0,0.0,0.0,Z,0
0.0,0.0,0.27907,0.172414,0.426357,0.468966,0.139535,0.593103,-0.248062,0.6,-0.062016,1.0,-0.20155,1.255172,-0.341085,1.468966,-0.472868,1.682759,-0.48062,0.972414,-0.627907,0.724138,-0.372093,0.358621,-0.209302,0.393103,-0.79845,0.82069,-0.906977,0.482759,-0.620155,0.206897,-0.449612,0.282759,-1.062016,0.606897,-1.108527,0.303448,-0.844961,0.124138,-0.666667,0.172414,0,0,0.0,0.0,0.0,0.0,0.0,0.0,0.0,0.0,0.0,0.0,0.0,0.0,0.0,0.0,0.0,0.0,0.0,0.0,0.0,0.0,0.0,0.0,0.0,0.0,0.0,0.0,0.0,0.0,0.0,0.0,0.0,0.0,0.0,0.0,0.0,0.0,0.0,0.0,0.0,0.0,0.0,0.0,Z,0
0.0,0.0,0.273438,0.18,0.421875,0.453333,0.125,0.573333,-0.265625,0.58,-0.085938,1.0,-0.21875,1.233333,-0.34375,1.433333,-0.476562,1.633333,-0.5,0.966667,-0.648438,0.713333,-0.382812,0.36,-0.226562,0.406667,-0.820312,0.806667,-0.929688,0.48,-0.640625,0.213333,-0.484375,0.293333,-1.085938,0.6,-1.125,0.293333,-0.859375,0.12,-0.695312,0.186667,0,0,0.0,0.0,0.0,0.0,0.0,0.0,0.0,0.0,0.0,0.0,0.0,0.0,0.0,0.0,0.0,0.0,0.0,0.0,0.0,0.0,0.0,0.0,0.0,0.0,0.0,0.0,0.0,0.0,0.0,0.0,0.0,0.0,0.0,0.0,0.0,0.0,0.0,0.0,0.0,0.0,0.0,0.0,Z,0
0.0,0.0,0.27907,0.167785,0.434109,0.442953,0.155039,0.583893,-0.232558,0.597315,-0.046512,1.0,-0.186047,1.241611,-0.325581,1.436242,-0.449612,1.644295,-0.457364,0.966443,-0.612403,0.718121,-0.356589,0.355705,-0.20155,0.395973,-0.775194,0.818792,-0.891473,0.483221,-0.612403,0.208054,-0.465116,0.288591,-1.046512,0.610738,-1.093023,0.302013,-0.829457,0.120805,-0.674419,0.187919,0,0,0.0,0.0,0.0,0.0,0.0,0.0,0.0,0.0,0.0,0.0,0.0,0.0,0.0,0.0,0.0,0.0,0.0,0.0,0.0,0.0,0.0,0.0,0.0,0.0,0.0,0.0,0.0,0.0,0.0,0.0,0.0,0.0,0.0,0.0,0.0,0.0,0.0,0.0,0.0,0.0,0.0,0.0,Z,0
0.0,0.0,0.284615,0.164384,0.446154,0.452055,0.176923,0.589041,-0.207692,0.60274,-0.023077,1.0,-0.161538,1.260274,-0.292308,1.458904,-0.430769,1.678082,-0.438462,0.965753,-0.607692,0.732877,-0.330769,0.356164,-0.169231,0.390411,-0.761538,0.821918,-0.876923,0.486301,-0.576923,0.19863,-0.415385,0.273973,-1.023077,0.616438,-1.076923,0.308219,-0.8,0.116438,-0.630769,0.178082,0,0,0.0,0.0,0.0,0.0,0.0,0.0,0.0,0.0,0.0,0.0,0.0,0.0,0.0,0.0,0.0,0.0,0.0,0.0,0.0,0.0,0.0,0.0,0.0,0.0,0.0,0.0,0.0,0.0,0.0,0.0,0.0,0.0,0.0,0.0,0.0,0.0,0.0,0.0,0.0,0.0,0.0,0.0,Z,0
0.0,0.0,0.263566,0.176871,0.418605,0.455782,0.131783,0.578231,-0.248062,0.598639,-0.069767,1.0,-0.20155,1.251701,-0.333333,1.455782,-0.457364,1.659864,-0.48062,0.972789,-0.635659,0.727891,-0.364341,0.353741,-0.20155,0.387755,-0.79845,0.823129,-0.899225,0.47619,-0.604651,0.204082,-0.449612,0.278912,-1.069767,0.612245,-1.108527,0.29932,-0.829457,0.115646,-0.666667,0.176871,0,0,0.0,0.0,0.0,0.0,0.0,0.0,0.0,0.0,0.0,0.0,0.0,0.0,0.0,0.0,0.0,0.0,0.0,0.0,0.0,0.0,0.0,0.0,0.0,0.0,0.0,0.0,0.0,0.0,0.0,0.0,0.0,0.0,0.0,0.0,0.0,0.0,0.0,0.0,0.0,0.0,0.0,0.0,Z,0
0.0,0.0,0.278195,0.147651,0.451128,0.422819,0.195489,0.590604,-0.18797,0.624161,0.007519,1.0,-0.135338,1.241611,-0.263158,1.442953,-0.398496,1.657718,-0.390977,0.979866,-0.556391,0.718121,-0.293233,0.348993,-0.165414,0.409396,-0.714286,0.838926,-0.827068,0.483221,-0.548872,0.208054,-0.428571,0.308725,-0.992481,0.644295,-1.022556,0.308725,-0.774436,0.127517,-0.639098,0.208054,0,0,0.0,0.0,0.0,0.0,0.0,0.0,0.0,0.0,0.0,0.0,0.0,0.0,0.0,0.0,0.0,0.0,0.0,0.0,0.0,0.0,0.0,0.0,0.0,0.0,0.0,0.0,0.0,0.0,0.0,0.0,0.0,0.0,0.0,0.0,0.0,0.0,0.0,0.0,0.0,0.0,0.0,0.0,Z,0
0.0,0.0,0.274809,0.167832,0.473282,0.468531,0.19084,0.594406,-0.183206,0.615385,-0.015267,1.0,-0.145038,1.27972,-0.267176,1.482517,-0.412214,1.713287,-0.427481,0.986014,-0.587786,0.741259,-0.320611,0.363636,-0.160305,0.391608,-0.755725,0.846154,-0.854962,0.496503,-0.572519,0.20979,-0.419847,0.293706,-1.015267,0.636364,-1.068702,0.335664,-0.80916,0.13986,-0.656489,0.188811,0,0,0.0,0.0,0.0,0.0,0.0,0.0,0.0,0.0,0.0,0.0,0.0,0.0,0.0,0.0,0.0,0.0,0.0,0.0,0.0,0.0,0.0,0.0,0.0,0.0,0.0,0.0,0.0,0.0,0.0,0.0,0.0,0.0,0.0,0.0,0.0,0.0,0.0,0.0,0.0,0.0,0.0,0.0,Z,0
0.0,0.0,0.282443,0.184932,0.465649,0.486301,0.175573,0.60274,-0.198473,0.609589,-0.030534,1.0,-0.160305,1.260274,-0.282443,1.458904,-0.427481,1.684932,-0.442748,0.986301,-0.59542,0.719178,-0.335878,0.369863,-0.175573,0.410959,-0.770992,0.842466,-0.877863,0.486301,-0.587786,0.226027,-0.435115,0.308219,-1.030534,0.630137,-1.068702,0.308219,-0.793893,0.136986,-0.641221,0.19863,0,0,0.0,0.0,0.0,0.0,0.0,0.0,0.0,0.0,0.0,0.0,0.0,0.0,0.0,0.0,0.0,0.0,0.0,0.0,0.0,0.0,0.0,0.0,0.0,0.0,0.0,0.0,0.0,0.0,0.0,0.0,0.0,0.0,0.0,0.0,0.0,0.0,0.0,0.0,0.0,0.0,0.0,0.0,Z,0
0.0,0.0,0.282443,0.176871,0.480916,0.47619,0.19084,0.598639,-0.183206,0.605442,-0.022901,1.0,-0.160305,1.258503,-0.282443,1.455782,-0.419847,1.673469,-0.435115,0.993197,-0.59542,0.714286,-0.335878,0.367347,-0.183206,0.408163,-0.755725,0.85034,-0.870229,0.482993,-0.59542,0.22449,-0.435115,0.306122,-1.022901,0.639456,-1.068702,0.319728,-0.80916,0.142857,-0.648855,0.197279,0,0,0.0,0.0,0.0,0.0,0.0,0.0,0.0,0.0,0.0,0.0,0.0,0.0,0.0,0.0,0.0,0.0,0.0,0.0,0.0,0.0,0.0,0.0,0.0,0.0,0.0,0.0,0.0,0.0,0.0,0.0,0.0,0.0,0.0,0.0,0.0,0.0,0.0,0.0,0.0,0.0,0.0,0.0,Z,0
0.0,0.0,0.290076,0.176871,0.48855,0.482993,0.198473,0.612245,-0.19084,0.619048,-0.022901,1.0,-0.152672,1.258503,-0.274809,1.462585,-0.412214,1.687075,-0.435115,0.979592,-0.59542,0.721088,-0.328244,0.367347,-0.167939,0.401361,-0.755725,0.836735,-0.862595,0.47619,-0.564885,0.210884,-0.412214,0.292517,-1.022901,0.62585,-1.061069,0.29932,-0.78626,0.122449,-0.625954,0.176871,0,0,0.0,0.0,0.0,0.0,0.0,0.0,0.0,0.0,0.0,0.0,0.0,0.0,0.0,0.0,0.0,0.0,0.0,0.0,0.0,0.0,0.0,0.0,0.0,0.0,0.0,0.0,0.0,0.0,0.0,0.0,0.0,0.0,0.0,0.0,0.0,0.0,0.0,0.0,0.0,0.0,0.0,0.0,Z,0
0.0,0.0,0.286822,0.201342,0.488372,0.516779,0.178295,0.624161,-0.209302,0.61745,-0.046512,1.0,-0.170543,1.261745,-0.294574,1.456376,-0.426357,1.677852,-0.465116,0.986577,-0.604651,0.724832,-0.333333,0.38255,-0.178295,0.416107,-0.790698,0.838926,-0.891473,0.496644,-0.589147,0.234899,-0.434109,0.315436,-1.046512,0.630872,-1.085271,0.322148,-0.79845,0.147651,-0.635659,0.194631,0,0,0.0,0.0,0.0,0.0,0.0,0.0,0.0,0.0,0.0,0.0,0.0,0.0,0.0,0.0,0.0,0.0,0.0,0.0,0.0,0.0,0.0,0.0,0.0,0.0,0.0,0.0,0.0,0.0,0.0,0.0,0.0,0.0,0.0,0.0,0.0,0.0,0.0,0.0,0.0,0.0,0.0,0.0,Z,0
0.0,0.0,0.280303,0.196078,0.469697,0.496732,0.166667,0.607843,-0.219697,0.614379,-0.037879,1.0,-0.174242,1.24183,-0.295455,1.424837,-0.424242,1.647059,-0.454545,0.973856,-0.590909,0.72549,-0.325758,0.379085,-0.174242,0.424837,-0.780303,0.836601,-0.871212,0.496732,-0.568182,0.235294,-0.424242,0.320261,-1.037879,0.633987,-1.060606,0.320261,-0.780303,0.150327,-0.636364,0.20915,0,0,0.0,0.0,0.0,0.0,0.0,0.0,0.0,0.0,0.0,0.0,0.0,0.0,0.0,0.0,0.0,0.0,0.0,0.0,0.0,0.0,0.0,0.0,0.0,0.0,0.0,0.0,0.0,0.0,0.0,0.0,0.0,0.0,0.0,0.0,0.0,0.0,0.0,0.0,0.0,0.0,0.0,0.0,Z,0
0.0,0.0,0.293233,0.182432,0.503759,0.5,0.210526,0.614865,-0.165414,0.614865,0.0,1.0,-0.135338,1.27027,-0.263158,1.459459,-0.398496,1.682432,-0.421053,0.97973,-0.556391,0.743243,-0.308271,0.378378,-0.157895,0.398649,-0.744361,0.831081,-0.827068,0.493243,-0.548872,0.216216,-0.398496,0.290541,-1.0,0.621622,-1.022556,0.324324,-0.766917,0.141892,-0.62406,0.195946,0,0,0.0,0.0,0.0,0.0,0.0,0.0,0.0,0.0,0.0,0.0,0.0,0.0,0.0,0.0,0.0,0.0,0.0,0.0,0.0,0.0,0.0,0.0,0.0,0.0,0.0,0.0,0.0,0.0,0.0,0.0,0.0,0.0,0.0,0.0,0.0,0.0,0.0,0.0,0.0,0.0,0.0,0.0,Z,0
0.0,0.0,0.287879,0.187919,0.492424,0.503356,0.19697,0.624161,-0.189394,0.624161,-0.022727,1.0,-0.143939,1.261745,-0.272727,1.463087,-0.416667,1.684564,-0.439394,0.993289,-0.583333,0.738255,-0.333333,0.395973,-0.166667,0.409396,-0.765152,0.852349,-0.848485,0.503356,-0.568182,0.234899,-0.401515,0.302013,-1.022727,0.644295,-1.045455,0.328859,-0.772727,0.147651,-0.613636,0.194631,0,0,0.0,0.0,0.0,0.0,0.0,0.0,0.0,0.0,0.0,0.0,0.0,0.0,0.0,0.0,0.0,0.0,0.0,0.0,0.0,0.0,0.0,0.0,0.0,0.0,0.0,0.0,0.0,0.0,0.0,0.0,0.0,0.0,0.0,0.0,0.0,0.0,0.0,0.0,0.0,0.0,0.0,0.0,Z,0
0.0,0.0,0.280303,0.203947,0.477273,0.513158,0.181818,0.631579,-0.204545,0.625,-0.030303,1.0,-0.151515,1.263158,-0.272727,1.453947,-0.401515,1.657895,-0.44697,0.980263,-0.575758,0.763158,-0.333333,0.414474,-0.181818,0.421053,-0.765152,0.835526,-0.848485,0.526316,-0.575758,0.256579,-0.416667,0.315789,-1.030303,0.631579,-1.05303,0.348684,-0.795455,0.171053,-0.636364,0.217105,0,0,0.0,0.0,0.0,0.0,0.0,0.0,0.0,0.0,0.0,0.0,0.0,0.0,0.0,0.0,0.0,0.0,0.0,0.0,0.0,0.0,0.0,0.0,0.0,0.0,0.0,0.0,0.0,0.0,0.0,0.0,0.0,0.0,0.0,0.0,0.0,0.0,0.0,0.0,0.0,0.0,0.0,0.0,Z,0
0.0,0.0,0.291045,0.18543,0.492537,0.476821,0.231343,0.622517,-0.149254,0.635762,0.007463,1.0,-0.11194,1.251656,-0.223881,1.450331,-0.350746,1.675497,-0.402985,0.986755,-0.544776,0.735099,-0.283582,0.384106,-0.134328,0.430464,-0.723881,0.854305,-0.828358,0.516556,-0.544776,0.245033,-0.38806,0.317881,-0.992537,0.655629,-1.029851,0.350993,-0.768657,0.172185,-0.604478,0.225166,0,0,0.0,0.0,0.0,0.0,0.0,0.0,0.0,0.0,0.0,0.0,0.0,0.0,0.0,0.0,0.0,0.0,0.0,0.0,0.0,0.0,0.0,0.0,0.0,0.0,0.0,0.0,0.0,0.0,0.0,0.0,0.0,0.0,0.0,0.0,0.0,0.0,0.0,0.0,0.0,0.0,0.0,0.0,Z,0
0.0,0.0,0.278195,0.176871,0.496241,0.496599,0.218045,0.62585,-0.157895,0.62585,-0.015038,1.0,-0.12782,1.272109,-0.240602,1.462585,-0.37594,1.687075,-0.428571,0.993197,-0.541353,0.734694,-0.285714,0.380952,-0.12782,0.408163,-0.75188,0.85034,-0.819549,0.496599,-0.533835,0.22449,-0.368421,0.292517,-1.015038,0.646259,-1.030075,0.326531,-0.759398,0.142857,-0.601504,0.183673,0,0,0.0,0.0,0.0,0.0,0.0,0.0,0.0,0.0,0.0,0.0,0.0,0.0,0.0,0.0,0.0,0.0,0.0,0.0,0.0,0.0,0.0,0.0,0.0,0.0,0.0,0.0,0.0,0.0,0.0,0.0,0.0,0.0,0.0,0.0,0.0,0.0,0.0,0.0,0.0,0.0,0.0,0.0,Z,0
0.0,0.0,0.278195,0.181208,0.488722,0.483221,0.218045,0.61745,-0.165414,0.61745,-0.022556,1.0,-0.12782,1.261745,-0.24812,1.463087,-0.368421,1.677852,-0.43609,0.993289,-0.548872,0.731544,-0.300752,0.389262,-0.150376,0.416107,-0.759398,0.852349,-0.834586,0.503356,-0.556391,0.241611,-0.398496,0.308725,-1.022556,0.644295,-1.037594,0.328859,-0.766917,0.154362,-0.609023,0.201342,0,0,0.0,0.0,0.0,0.0,0.0,0.0,0.0,0.0,0.0,0.0,0.0,0.0,0.0,0.0,0.0,0.0,0.0,0.0,0.0,0.0,0.0,0.0,0.0,0.0,0.0,0.0,0.0,0.0,0.0,0.0,0.0,0.0,0.0,0.0,0.0,0.0,0.0,0.0,0.0,0.0,0.0,0.0,Z,0
0.0,0.0,0.291045,0.187919,0.5,0.489933,0.231343,0.61745,-0.156716,0.61745,0.0,1.0,-0.11194,1.261745,-0.223881,1.463087,-0.343284,1.677852,-0.41791,0.986577,-0.544776,0.751678,-0.283582,0.395973,-0.141791,0.422819,-0.738806,0.845638,-0.820896,0.516779,-0.529851,0.241611,-0.380597,0.302013,-1.0,0.637584,-1.014925,0.328859,-0.738806,0.147651,-0.58209,0.201342,0,0,0.0,0.0,0.0,0.0,0.0,0.0,0.0,0.0,0.0,0.0,0.0,0.0,0.0,0.0,0.0,0.0,0.0,0.0,0.0,0.0,0.0,0.0,0.0,0.0,0.0,0.0,0.0,0.0,0.0,0.0,0.0,0.0,0.0,0.0,0.0,0.0,0.0,0.0,0.0,0.0,0.0,0.0,Z,0
0.0,0.0,0.278195,0.189189,0.496241,0.5,0.225564,0.635135,-0.157895,0.628378,-0.015038,1.0,-0.12782,1.277027,-0.24812,1.47973,-0.37594,1.689189,-0.428571,0.986486,-0.556391,0.756757,-0.300752,0.412162,-0.150376,0.425676,-0.75188,0.844595,-0.834586,0.52027,-0.541353,0.25,-0.37594,0.304054,-1.015038,0.635135,-1.037594,0.337838,-0.766917,0.155405,-0.593985,0.195946,0,0,0.0,0.0,0.0,0.0,0.0,0.0,0.0,0.0,0.0,0.0,0.0,0.0,0.0,0.0,0.0,0.0,0.0,0.0,0.0,0.0,0.0,0.0,0.0,0.0,0.0,0.0,0.0,0.0,0.0,0.0,0.0,0.0,0.0,0.0,0.0,0.0,0.0,0.0,0.0,0.0,0.0,0.0,Z,0
0.0,0.0,0.274809,0.198675,0.48855,0.503311,0.21374,0.635762,-0.175573,0.629139,-0.045802,1.0,-0.160305,1.258278,-0.274809,1.450331,-0.40458,1.655629,-0.465649,0.986755,-0.572519,0.735099,-0.305344,0.397351,-0.160305,0.430464,-0.78626,0.84106,-0.854962,0.503311,-0.557252,0.245033,-0.40458,0.311258,-1.045802,0.629139,-1.061069,0.324503,-0.78626,0.152318,-0.618321,0.198675,0,0,0.0,0.0,0.0,0.0,0.0,0.0,0.0,0.0,0.0,0.0,0.0,0.0,0.0,0.0,0.0,0.0,0.0,0.0,0.0,0.0,0.0,0.0,0.0,0.0,0.0,0.0,0.0,0.0,0.0,0.0,0.0,0.0,0.0,0.0,0.0,0.0,0.0,0.0,0.0,0.0,0.0,0.0,Z,0
0.0,0.0,0.285714,0.187919,0.496241,0.489933,0.233083,0.61745,-0.157895,0.61745,-0.015038,1.0,-0.135338,1.261745,-0.24812,1.456376,-0.383459,1.671141,-0.428571,0.986577,-0.548872,0.738255,-0.285714,0.389262,-0.135338,0.422819,-0.744361,0.838926,-0.827068,0.503356,-0.533835,0.234899,-0.383459,0.302013,-1.015038,0.630872,-1.037594,0.328859,-0.766917,0.14094,-0.609023,0.194631,0,0,0.0,0.0,0.0,0.0,0.0,0.0,0.0,0.0,0.0,0.0,0.0,0.0,0.0,0.0,0.0,0.0,0.0,0.0,0.0,0.0,0.0,0.0,0.0,0.0,0.0,0.0,0.0,0.0,0.0,0.0,0.0,0.0,0.0,0.0,0.0,0.0,0.0,0.0,0.0,0.0,0.0,0.0,Z,0
0.0,0.0,0.285714,0.181208,0.496241,0.496644,0.225564,0.624161,-0.157895,0.624161,-0.015038,1.0,-0.135338,1.255034,-0.255639,1.449664,-0.398496,1.671141,-0.428571,0.993289,-0.548872,0.744966,-0.285714,0.395973,-0.135338,0.422819,-0.75188,0.85906,-0.834586,0.510067,-0.541353,0.241611,-0.37594,0.308725,-1.015038,0.651007,-1.037594,0.342282,-0.766917,0.154362,-0.609023,0.194631,0,0,0.0,0.0,0.0,0.0,0.0,0.0,0.0,0.0,0.0,0.0,0.0,0.0,0.0,0.0,0.0,0.0,0.0,0.0,0.0,0.0,0.0,0.0,0.0,0.0,0.0,0.0,0.0,0.0,0.0,0.0,0.0,0.0,0.0,0.0,0.0,0.0,0.0,0.0,0.0,0.0,0.0,0.0,Z,0
0.0,0.0,0.278195,0.181208,0.503759,0.496644,0.233083,0.630872,-0.157895,0.630872,-0.015038,1.0,-0.12782,1.268456,-0.255639,1.456376,-0.390977,1.671141,-0.428571,0.993289,-0.541353,0.744966,-0.285714,0.395973,-0.135338,0.409396,-0.75188,0.852349,-0.827068,0.516779,-0.548872,0.248322,-0.383459,0.302013,-1.015038,0.644295,-1.037594,0.348993,-0.774436,0.161074,-0.609023,0.201342,0,0,0.0,0.0,0.0,0.0,0.0,0.0,0.0,0.0,0.0,0.0,0.0,0.0,0.0,0.0,0.0,0.0,0.0,0.0,0.0,0.0,0.0,0.0,0.0,0.0,0.0,0.0,0.0,0.0,0.0,0.0,0.0,0.0,0.0,0.0,0.0,0.0,0.0,0.0,0.0,0.0,0.0,0.0,Z,0
0.0,0.0,0.272727,0.192053,0.492424,0.503311,0.204545,0.635762,-0.181818,0.635762,-0.030303,1.0,-0.151515,1.251656,-0.280303,1.437086,-0.424242,1.642384,-0.44697,0.993377,-0.560606,0.735099,-0.310606,0.403974,-0.151515,0.423841,-0.765152,0.854305,-0.840909,0.509934,-0.560606,0.251656,-0.393939,0.311258,-1.030303,0.649007,-1.05303,0.350993,-0.780303,0.172185,-0.613636,0.211921,0,0,0.0,0.0,0.0,0.0,0.0,0.0,0.0,0.0,0.0,0.0,0.0,0.0,0.0,0.0,0.0,0.0,0.0,0.0,0.0,0.0,0.0,0.0,0.0,0.0,0.0,0.0,0.0,0.0,0.0,0.0,0.0,0.0,0.0,0.0,0.0,0.0,0.0,0.0,0.0,0.0,0.0,0.0,Z,0
0.0,0.0,0.347518,0.071429,0.687943,0.307143,0.843972,0.6,0.893617,0.892857,0.673759,1.0,0.957447,1.414286,1.184397,1.721429,1.312057,2.007143,0.333333,1.121429,0.631206,1.185714,0.553191,0.692857,0.432624,0.621429,0.0,1.092857,0.234043,0.985714,0.205674,0.542857,0.099291,0.528571,-0.326241,0.957143,-0.141844,0.835714,-0.085106,0.514286,-0.141844,0.5,0,0,0.0,0.0,0.0,0.0,0.0,0.0,0.0,0.0,0.0,0.0,0.0,0.0,0.0,0.0,0.0,0.0,0.0,0.0,0.0,0.0,0.0,0.0,0.0,0.0,0.0,0.0,0.0,0.0,0.0,0.0,0.0,0.0,0.0,0.0,0.0,0.0,0.0,0.0,0.0,0.0,0.0,0.0,Z,1
0.0,0.0,0.395973,0.080537,0.751678,0.295302,0.892617,0.577181,0.912752,0.865772,0.711409,1.0,0.986577,1.409396,1.187919,1.697987,1.322148,1.939597,0.348993,1.080537,0.657718,1.161074,0.604027,0.684564,0.496644,0.583893,0.026846,1.040268,0.268456,0.946309,0.248322,0.530201,0.147651,0.516779,-0.288591,0.912752,-0.080537,0.798658,-0.013423,0.496644,-0.080537,0.489933,0,0,0.0,0.0,0.0,0.0,0.0,0.0,0.0,0.0,0.0,0.0,0.0,0.0,0.0,0.0,0.0,0.0,0.0,0.0,0.0,0.0,0.0,0.0,0.0,0.0,0.0,0.0,0.0,0.0,0.0,0.0,0.0,0.0,0.0,0.0,0.0,0.0,0.0,0.0,0.0,0.0,0.0,0.0,Z,1
0.0,0.0,0.407895,0.101911,0.730263,0.324841,0.855263,0.585987,0.868421,0.866242,0.717105,1.0,0.986842,1.382166,1.184211,1.656051,1.302632,1.88535,0.348684,1.070064,0.625,1.127389,0.572368,0.675159,0.480263,0.579618,0.019737,1.019108,0.256579,0.904459,0.236842,0.509554,0.144737,0.496815,-0.282895,0.898089,-0.078947,0.77707,-0.019737,0.484076,-0.078947,0.477707,0,0,0.0,0.0,0.0,0.0,0.0,0.0,0.0,0.0,0.0,0.0,0.0,0.0,0.0,0.0,0.0,0.0,0.0,0.0,0.0,0.0,0.0,0.0,0.0,0.0,0.0,0.0,0.0,0.0,0.0,0.0,0.0,0.0,0.0,0.0,0.0,0.0,0.0,0.0,0.0,0.0,0.0,0.0,Z,1
0.0,0.0,0.414474,0.111801,0.736842,0.335404,0.848684,0.583851,0.868421,0.857143,0.717105,1.0,0.986842,1.354037,1.184211,1.621118,1.309211,1.850932,0.355263,1.062112,0.625,1.118012,0.578947,0.677019,0.493421,0.583851,0.026316,1.012422,0.269737,0.900621,0.25,0.521739,0.171053,0.503106,-0.282895,0.89441,-0.072368,0.770186,-0.006579,0.490683,-0.052632,0.484472,0,0,0.0,0.0,0.0,0.0,0.0,0.0,0.0,0.0,0.0,0.0,0.0,0.0,0.0,0.0,0.0,0.0,0.0,0.0,0.0,0.0,0.0,0.0,0.0,0.0,0.0,0.0,0.0,0.0,0.0,0.0,0.0,0.0,0.0,0.0,0.0,0.0,0.0,0.0,0.0,0.0,0.0,0.0,Z,1
0.0,0.0,0.431373,0.123457,0.75817,0.333333,0.869281,0.592593,0.882353,0.87037,0.718954,1.0,0.986928,1.364198,1.183007,1.62963,1.30719,1.851852,0.352941,1.061728,0.633987,1.117284,0.588235,0.679012,0.490196,0.598765,0.026144,1.012346,0.27451,0.907407,0.254902,0.518519,0.163399,0.518519,-0.281046,0.895062,-0.065359,0.777778,0.0,0.493827,-0.065359,0.493827,0,0,0.0,0.0,0.0,0.0,0.0,0.0,0.0,0.0,0.0,0.0,0.0,0.0,0.0,0.0,0.0,0.0,0.0,0.0,0.0,0.0,0.0,0.0,0.0,0.0,0.0,0.0,0.0,0.0,0.0,0.0,0.0,0.0,0.0,0.0,0.0,0.0,0.0,0.0,0.0,0.0,0.0,0.0,Z,1
0.0,0.0,0.431373,0.111801,0.764706,0.329193,0.882353,0.596273,0.882353,0.875776,0.738562,1.0,1.0,1.372671,1.196078,1.639752,1.320261,1.875776,0.366013,1.074534,0.640523,1.130435,0.594771,0.68323,0.503268,0.602484,0.039216,1.024845,0.281046,0.900621,0.267974,0.521739,0.183007,0.515528,-0.261438,0.906832,-0.052288,0.770186,0.013072,0.490683,-0.045752,0.490683,0,0,0.0,0.0,0.0,0.0,0.0,0.0,0.0,0.0,0.0,0.0,0.0,0.0,0.0,0.0,0.0,0.0,0.0,0.0,0.0,0.0,0.0,0.0,0.0,0.0,0.0,0.0,0.0,0.0,0.0,0.0,0.0,0.0,0.0,0.0,0.0,0.0,0.0,0.0,0.0,0.0,0.0,0.0,Z,1
0.0,0.0,0.444444,0.117284,0.764706,0.32716,0.882353,0.580247,0.895425,0.858025,0.732026,1.0,1.0,1.358025,1.189542,1.62963,1.30719,1.858025,0.366013,1.061728,0.633987,1.117284,0.588235,0.679012,0.503268,0.598765,0.039216,1.006173,0.27451,0.907407,0.267974,0.524691,0.189542,0.512346,-0.267974,0.888889,-0.058824,0.777778,0.013072,0.493827,-0.039216,0.481481,0,0,0.0,0.0,0.0,0.0,0.0,0.0,0.0,0.0,0.0,0.0,0.0,0.0,0.0,0.0,0.0,0.0,0.0,0.0,0.0,0.0,0.0,0.0,0.0,0.0,0.0,0.0,0.0,0.0,0.0,0.0,0.0,0.0,0.0,0.0,0.0,0.0,0.0,0.0,0.0,0.0,0.0,0.0,Z,1
0.0,0.0,0.431373,0.123457,0.745098,0.333333,0.862745,0.592593,0.869281,0.87037,0.712418,1.0,0.980392,1.358025,1.169935,1.623457,1.294118,1.851852,0.346405,1.055556,0.620915,1.111111,0.575163,0.679012,0.48366,0.592593,0.019608,1.006173,0.261438,0.901235,0.254902,0.524691,0.169935,0.506173,-0.287582,0.888889,-0.071895,0.777778,0.0,0.493827,-0.045752,0.475309,0,0,0.0,0.0,0.0,0.0,0.0,0.0,0.0,0.0,0.0,0.0,0.0,0.0,0.0,0.0,0.0,0.0,0.0,0.0,0.0,0.0,0.0,0.0,0.0,0.0,0.0,0.0,0.0,0.0,0.0,0.0,0.0,0.0,0.0,0.0,0.0,0.0,0.0,0.0,0.0,0.0,0.0,0.0,Z,1
0.0,0.0,0.422078,0.11875,0.74026,0.3375,0.857143,0.60625,0.863636,0.8875,0.714286,1.0,0.987013,1.375,1.175325,1.64375,1.298701,1.875,0.350649,1.075,0.62987,1.13125,0.577922,0.6875,0.487013,0.6,0.025974,1.025,0.266234,0.91875,0.246753,0.53125,0.162338,0.51875,-0.285714,0.9125,-0.071429,0.7875,-0.006494,0.5,-0.058442,0.4875,0,0,0.0,0.0,0.0,0.0,0.0,0.0,0.0,0.0,0.0,0.0,0.0,0.0,0.0,0.0,0.0,0.0,0.0,0.0,0.0,0.0,0.0,0.0,0.0,0.0,0.0,0.0,0.0,0.0,0.0,0.0,0.0,0.0,0.0,0.0,0.0,0.0,0.0,0.0,0.0,0.0,0.0,0.0,Z,1
0.0,0.0,0.437908,0.118012,0.764706,0.335404,0.875817,0.614907,0.882353,0.89441,0.72549,1.0,0.993464,1.36646,1.189542,1.627329,1.320261,1.857143,0.359477,1.068323,0.640523,1.130435,0.601307,0.689441,0.509804,0.602484,0.03268,1.018634,0.281046,0.913043,0.261438,0.521739,0.176471,0.515528,-0.27451,0.906832,-0.058824,0.795031,0.006536,0.503106,-0.052288,0.490683,0,0,0.0,0.0,0.0,0.0,0.0,0.0,0.0,0.0,0.0,0.0,0.0,0.0,0.0,0.0,0.0,0.0,0.0,0.0,0.0,0.0,0.0,0.0,0.0,0.0,0.0,0.0,0.0,0.0,0.0,0.0,0.0,0.0,0.0,0.0,0.0,0.0,0.0,0.0,0.0,0.0,0.0,0.0,Z,1
0.0,0.0,0.431373,0.117284,0.75817,0.345679,0.875817,0.611111,0.882353,0.888889,0.718954,1.0,1.0,1.364198,1.196078,1.623457,1.320261,1.851852,0.352941,1.061728,0.633987,1.123457,0.588235,0.679012,0.496732,0.598765,0.026144,1.012346,0.27451,0.919753,0.261438,0.530864,0.169935,0.518519,-0.281046,0.895062,-0.065359,0.808642,0.006536,0.518519,-0.045752,0.493827,0,0,0.0,0.0,0.0,0.0,0.0,0.0,0.0,0.0,0.0,0.0,0.0,0.0,0.0,0.0,0.0,0.0,0.0,0.0,0.0,0.0,0.0,0.0,0.0,0.0,0.0,0.0,0.0,0.0,0.0,0.0,0.0,0.0,0.0,0.0,0.0,0.0,0.0,0.0,0.0,0.0,0.0,0.0,Z,1
0.0,0.0,0.437086,0.123457,0.768212,0.345679,0.887417,0.617284,0.89404,0.901235,0.721854,1.0,1.0,1.37037,1.205298,1.62963,1.337748,1.858025,0.350993,1.074074,0.649007,1.123457,0.602649,0.679012,0.503311,0.604938,0.02649,1.024691,0.284768,0.907407,0.258278,0.524691,0.165563,0.518519,-0.278146,0.907407,-0.066225,0.796296,0.006623,0.512346,-0.046358,0.5,0,0,0.0,0.0,0.0,0.0,0.0,0.0,0.0,0.0,0.0,0.0,0.0,0.0,0.0,0.0,0.0,0.0,0.0,0.0,0.0,0.0,0.0,0.0,0.0,0.0,0.0,0.0,0.0,0.0,0.0,0.0,0.0,0.0,0.0,0.0,0.0,0.0,0.0,0.0,0.0,0.0,0.0,0.0,Z,1
0.0,0.0,0.437086,0.118012,0.768212,0.341615,0.89404,0.608696,0.887417,0.888199,0.721854,1.0,1.006623,1.372671,1.211921,1.63354,1.344371,1.863354,0.350993,1.068323,0.649007,1.118012,0.602649,0.677019,0.496689,0.596273,0.02649,1.018634,0.291391,0.913043,0.264901,0.521739,0.165563,0.503106,-0.278146,0.89441,-0.059603,0.801242,0.013245,0.515528,-0.046358,0.490683,0,0,0.0,0.0,0.0,0.0,0.0,0.0,0.0,0.0,0.0,0.0,0.0,0.0,0.0,0.0,0.0,0.0,0.0,0.0,0.0,0.0,0.0,0.0,0.0,0.0,0.0,0.0,0.0,0.0,0.0,0.0,0.0,0.0,0.0,0.0,0.0,0.0,0.0,0.0,0.0,0.0,0.0,0.0,Z,1
0.0,0.0,0.407895,0.122699,0.736842,0.349693,0.861842,0.613497,0.855263,0.883436,0.703947,1.0,0.993421,1.355828,1.197368,1.613497,1.328947,1.840491,0.335526,1.067485,0.638158,1.116564,0.585526,0.674847,0.480263,0.607362,0.013158,1.018405,0.282895,0.920245,0.263158,0.533742,0.157895,0.521472,-0.296053,0.90184,-0.065789,0.797546,0.006579,0.509202,-0.052632,0.484663,0,0,0.0,0.0,0.0,0.0,0.0,0.0,0.0,0.0,0.0,0.0,0.0,0.0,0.0,0.0,0.0,0.0,0.0,0.0,0.0,0.0,0.0,0.0,0.0,0.0,0.0,0.0,0.0,0.0,0.0,0.0,0.0,0.0,0.0,0.0,0.0,0.0,0.0,0.0,0.0,0.0,0.0,0.0,Z,1
0.0,0.0,0.375,0.111111,0.723684,0.376543,0.815789,0.62963,0.736842,0.864198,0.684211,1.0,0.967105,1.351852,1.171053,1.592593,1.302632,1.814815,0.328947,1.067901,0.539474,1.104938,0.539474,0.691358,0.467105,0.598765,0.0,1.012346,0.197368,0.925926,0.217105,0.567901,0.144737,0.524691,-0.315789,0.888889,-0.138158,0.808642,-0.052632,0.549383,-0.085526,0.493827,0,0,0.0,0.0,0.0,0.0,0.0,0.0,0.0,0.0,0.0,0.0,0.0,0.0,0.0,0.0,0.0,0.0,0.0,0.0,0.0,0.0,0.0,0.0,0.0,0.0,0.0,0.0,0.0,0.0,0.0,0.0,0.0,0.0,0.0,0.0,0.0,0.0,0.0,0.0,0.0,0.0,0.0,0.0,Z,1
0.0,0.0,0.414634,0.07438,0.804878,0.363636,0.910569,0.702479,0.886179,0.958678,0.601626,1.0,0.593496,1.297521,0.642276,1.330579,0.715447,1.297521,0.276423,1.024793,0.284553,1.272727,0.284553,1.082645,0.292683,0.909091,-0.056911,0.942149,-0.081301,1.140496,-0.065041,0.950413,-0.04878,0.809917,-0.398374,0.785124,-0.463415,0.966942,-0.430894,0.85124,-0.406504,0.752066,-0.04878048780487805,0.19008264462809918,0.0,0.0,0.431818,0.134503,0.848485,0.397661,0.992424,0.678363,1.015152,0.918129,0.568182,1.0,0.765152,1.28655,0.893939,1.397661,0.984848,1.54386,0.212121,1.011696,0.431818,1.05848,0.469697,0.71345,0.431818,0.695906,-0.106061,0.935673,0.045455,0.918129,0.113636,0.596491,0.083333,0.573099,-0.431818,0.818713,-0.333333,0.807018,-0.19697,0.573099,-0.159091,0.508772,Z,1
0.0,0.0,0.508065,0.209581,0.935484,0.449102,1.104839,0.682635,1.08871,0.874251,0.403226,1.0,0.524194,1.203593,0.637097,0.976048,0.685484,0.832335,0.064516,0.982036,0.241935,1.095808,0.41129,0.868263,0.491935,0.760479,-0.274194,0.898204,-0.129032,0.964072,0.048387,0.766467,0.145161,0.652695,-0.596774,0.766467,-0.532258,0.844311,-0.395161,0.688623,-0.298387,0.57485,0,0,0.0,0.0,0.0,0.0,0.0,0.0,0.0,0.0,0.0,0.0,0.0,0.0,0.0,0.0,0.0,0.0,0.0,0.0,0.0,0.0,0.0,0.0,0.0,0.0,0.0,0.0,0.0,0.0,0.0,0.0,0.0,0.0,0.0,0.0,0.0,0.0,0.0,0.0,0.0,0.0,0.0,0.0,Z,1
0.0,0.0,0.530612,0.260355,0.897959,0.609467,0.918367,0.899408,0.77551,1.094675,0.377551,1.0,0.387755,1.213018,0.540816,1.059172,0.632653,0.940828,0.040816,0.95858,0.091837,1.136095,0.295918,0.964497,0.408163,0.852071,-0.295918,0.869822,-0.22449,1.023669,0.010204,0.87574,0.153061,0.763314,-0.622449,0.733728,-0.591837,0.893491,-0.418367,0.810651,-0.295918,0.733728,0,0,0.0,0.0,0.0,0.0,0.0,0.0,0.0,0.0,0.0,0.0,0.0,0.0,0.0,0.0,0.0,0.0,0.0,0.0,0.0,0.0,0.0,0.0,0.0,0.0,0.0,0.0,0.0,0.0,0.0,0.0,0.0,0.0,0.0,0.0,0.0,0.0,0.0,0.0,0.0,0.0,0.0,0.0,Z,1
0.0,0.0,0.379032,0.223464,0.564516,0.558659,0.403226,0.804469,0.080645,0.932961,0.290323,1.0,0.354839,1.424581,0.387097,1.709497,0.41129,1.960894,-0.072581,0.949721,-0.290323,1.134078,-0.25,0.910615,-0.153226,0.765363,-0.41129,0.821229,-0.580645,0.949721,-0.475806,0.743017,-0.362903,0.642458,-0.709677,0.659218,-0.830645,0.748603,-0.709677,0.614525,-0.596774,0.536313,0,0,0.0,0.0,0.0,0.0,0.0,0.0,0.0,0.0,0.0,0.0,0.0,0.0,0.0,0.0,0.0,0.0,0.0,0.0,0.0,0.0,0.0,0.0,0.0,0.0,0.0,0.0,0.0,0.0,0.0,0.0,0.0,0.0,0.0,0.0,0.0,0.0,0.0,0.0,0.0,0.0,0.0,0.0,Z,1
0.0,0.0,0.277778,0.243243,0.404762,0.545946,0.230159,0.778378,-0.111111,0.891892,0.039683,1.0,0.02381,1.437838,-0.015873,1.735135,-0.055556,1.978378,-0.373016,0.913514,-0.563492,1.102703,-0.380952,0.789189,-0.214286,0.621622,-0.690476,0.772973,-0.880952,0.832432,-0.619048,0.583784,-0.444444,0.481081,-0.960317,0.583784,-1.119048,0.643243,-0.873016,0.481081,-0.698413,0.416216,0,0,0.0,0.0,0.0,0.0,0.0,0.0,0.0,0.0,0.0,0.0,0.0,0.0,0.0,0.0,0.0,0.0,0.0,0.0,0.0,0.0,0.0,0.0,0.0,0.0,0.0,0.0,0.0,0.0,0.0,0.0,0.0,0.0,0.0,0.0,0.0,0.0,0.0,0.0,0.0,0.0,0.0,0.0,Z,1
0.0,0.0,0.288,0.231579,0.4,0.536842,0.16,0.752632,-0.208,0.873684,-0.032,1.0,-0.056,1.4,-0.144,1.689474,-0.224,1.931579,-0.44,0.889474,-0.648,1.084211,-0.424,0.736842,-0.28,0.636842,-0.768,0.742105,-0.952,0.805263,-0.656,0.536842,-0.504,0.494737,-1.032,0.557895,-1.192,0.626316,-0.92,0.457895,-0.76,0.410526,0,0,0.0,0.0,0.0,0.0,0.0,0.0,0.0,0.0,0.0,0.0,0.0,0.0,0.0,0.0,0.0,0.0,0.0,0.0,0.0,0.0,0.0,0.0,0.0,0.0,0.0,0.0,0.0,0.0,0.0,0.0,0.0,0.0,0.0,0.0,0.0,0.0,0.0,0.0,0.0,0.0,0.0,0.0,Z,1
0.0,0.0,0.297521,0.236842,0.404959,0.526316,0.190083,0.752632,-0.198347,0.878947,-0.024793,1.0,-0.066116,1.405263,-0.165289,1.689474,-0.247934,1.926316,-0.438017,0.889474,-0.661157,1.068421,-0.471074,0.726316,-0.305785,0.621053,-0.768595,0.742105,-0.975207,0.789474,-0.694215,0.515789,-0.504132,0.468421,-1.024793,0.563158,-1.206612,0.6,-0.933884,0.426316,-0.735537,0.389474,0,0,0.0,0.0,0.0,0.0,0.0,0.0,0.0,0.0,0.0,0.0,0.0,0.0,0.0,0.0,0.0,0.0,0.0,0.0,0.0,0.0,0.0,0.0,0.0,0.0,0.0,0.0,0.0,0.0,0.0,0.0,0.0,0.0,0.0,0.0,0.0,0.0,0.0,0.0,0.0,0.0,0.0,0.0,Z,1
0.0,0.0,0.308333,0.252632,0.433333,0.568421,0.208333,0.8,-0.191667,0.894737,-0.016667,1.0,-0.075,1.421053,-0.166667,1.694737,-0.258333,1.936842,-0.416667,0.905263,-0.666667,1.1,-0.441667,0.773684,-0.25,0.642105,-0.75,0.763158,-0.966667,0.826316,-0.675,0.557895,-0.475,0.489474,-1.016667,0.573684,-1.208333,0.626316,-0.916667,0.457895,-0.716667,0.405263,0,0,0.0,0.0,0.0,0.0,0.0,0.0,0.0,0.0,0.0,0.0,0.0,0.0,0.0,0.0,0.0,0.0,0.0,0.0,0.0,0.0,0.0,0.0,0.0,0.0,0.0,0.0,0.0,0.0,0.0,0.0,0.0,0.0,0.0,0.0,0.0,0.0,0.0,0.0,0.0,0.0,0.0,0.0,Z,1
0.0,0.0,0.303279,0.246073,0.42623,0.560209,0.221311,0.806283,-0.147541,0.900524,-0.032787,1.0,-0.065574,1.424084,-0.139344,1.701571,-0.229508,1.947644,-0.42623,0.931937,-0.631148,1.115183,-0.393443,0.837696,-0.188525,0.664921,-0.762295,0.801047,-0.868852,0.832461,-0.57377,0.602094,-0.377049,0.492147,-1.032787,0.617801,-1.114754,0.633508,-0.844262,0.492147,-0.655738,0.429319,0,0,0.0,0.0,0.0,0.0,0.0,0.0,0.0,0.0,0.0,0.0,0.0,0.0,0.0,0.0,0.0,0.0,0.0,0.0,0.0,0.0,0.0,0.0,0.0,0.0,0.0,0.0,0.0,0.0,0.0,0.0,0.0,0.0,0.0,0.0,0.0,0.0,0.0,0.0,0.0,0.0,0.0,0.0,Z,1
0.0,0.0,0.298507,0.248705,0.470149,0.564767,0.291045,0.792746,0.014925,0.92228,0.089552,1.0,0.089552,1.38342,0.029851,1.632124,-0.044776,1.84456,-0.283582,0.953368,-0.350746,0.989637,-0.164179,0.699482,0.007463,0.533679,-0.619403,0.834197,-0.634328,0.813472,-0.41791,0.57513,-0.246269,0.430052,-0.910448,0.668394,-0.962687,0.678756,-0.761194,0.512953,-0.604478,0.409326,0,0,0.0,0.0,0.0,0.0,0.0,0.0,0.0,0.0,0.0,0.0,0.0,0.0,0.0,0.0,0.0,0.0,0.0,0.0,0.0,0.0,0.0,0.0,0.0,0.0,0.0,0.0,0.0,0.0,0.0,0.0,0.0,0.0,0.0,0.0,0.0,0.0,0.0,0.0,0.0,0.0,0.0,0.0,Z,1
0.0,0.0,0.382114,0.259067,0.642276,0.53886,0.577236,0.751295,0.463415,0.891192,-0.056911,1.0,-0.154472,1.036269,0.0,0.818653,0.162602,0.658031,-0.455285,0.932642,-0.349593,0.823834,-0.073171,0.53886,0.154472,0.378238,-0.772358,0.787565,-0.658537,0.678756,-0.390244,0.440415,-0.162602,0.305699,-1.056911,0.61658,-1.04878,0.585492,-0.813008,0.419689,-0.601626,0.326425,0,0,0.0,0.0,0.0,0.0,0.0,0.0,0.0,0.0,0.0,0.0,0.0,0.0,0.0,0.0,0.0,0.0,0.0,0.0,0.0,0.0,0.0,0.0,0.0,0.0,0.0,0.0,0.0,0.0,0.0,0.0,0.0,0.0,0.0,0.0,0.0,0.0,0.0,0.0,0.0,0.0,0.0,0.0,Z,1
0.0,0.0,0.453846,0.018018,0.792308,0.099099,1.007692,0.162162,1.176923,0.198198,0.784615,1.0,0.976923,0.612613,0.9,0.261261,0.784615,0.108108,0.453846,1.054054,0.715385,0.369369,0.607692,0.018018,0.538462,-0.063063,0.107692,0.918919,0.353846,0.153153,0.261538,-0.126126,0.192308,-0.18018,-0.215385,0.675676,-0.023077,0.063063,-0.015385,-0.162162,-0.023077,-0.225225,0,0,0.0,0.0,0.0,0.0,0.0,0.0,0.0,0.0,0.0,0.0,0.0,0.0,0.0,0.0,0.0,0.0,0.0,0.0,0.0,0.0,0.0,0.0,0.0,0.0,0.0,0.0,0.0,0.0,0.0,0.0,0.0,0.0,0.0,0.0,0.0,0.0,0.0,0.0,0.0,0.0,0.0,0.0,Z,1
0.0,0.0,0.418919,0.0,0.777027,0.089109,1.013514,0.148515,1.256757,0.188119,0.871622,1.0,1.304054,1.09901,1.628378,1.19802,1.878378,1.366337,0.574324,1.287129,0.932432,0.49505,0.817568,-0.019802,0.689189,-0.138614,0.222973,1.19802,0.52027,0.207921,0.47973,-0.168317,0.398649,-0.128713,-0.128378,0.970297,0.081081,0.138614,0.087838,-0.148515,0.040541,-0.069307,0.02027027027027027,0.10891089108910891,0.0,0.0,0.408759,0.068182,0.744526,0.19697,0.970803,0.287879,1.189781,0.333333,0.773723,1.0,0.992701,0.583333,0.978102,0.204545,1.007299,0.037879,0.430657,1.068182,0.715328,0.44697,0.715328,0.05303,0.744526,-0.05303,0.087591,0.984848,0.335766,0.265152,0.321168,-0.030303,0.291971,-0.060606,-0.226277,0.810606,-0.051095,0.257576,-0.021898,0.037879,-0.036496,0.037879,Z,1
0.0,0.0,0.438849,0.0,0.81295,0.094017,1.043165,0.213675,1.244604,0.299145,0.928058,1.0,1.294964,1.0,1.597122,1.042735,1.856115,1.145299,0.604317,1.179487,0.928058,0.555556,0.841727,0.136752,0.741007,0.128205,0.266187,1.094017,0.553957,0.307692,0.460432,0.059829,0.374101,0.205128,-0.071942,0.888889,0.158273,0.290598,0.115108,0.08547,0.028777,0.205128,0,0,0.0,0.0,0.0,0.0,0.0,0.0,0.0,0.0,0.0,0.0,0.0,0.0,0.0,0.0,0.0,0.0,0.0,0.0,0.0,0.0,0.0,0.0,0.0,0.0,0.0,0.0,0.0,0.0,0.0,0.0,0.0,0.0,0.0,0.0,0.0,0.0,0.0,0.0,0.0,0.0,0.0,0.0,Z,1
0.0,0.0,0.462069,0.018349,0.862069,0.073394,1.124138,0.174312,1.117241,0.229358,0.910345,1.0,1.351724,1.018349,1.689655,1.091743,1.951724,1.229358,0.57931,1.211009,0.917241,0.449541,0.77931,-0.045872,0.634483,-0.027523,0.241379,1.12844,0.503448,0.238532,0.406897,-0.073394,0.289655,0.073394,-0.089655,0.926606,0.103448,0.247706,0.096552,0.009174,0.013793,0.119266,0,0,0.0,0.0,0.0,0.0,0.0,0.0,0.0,0.0,0.0,0.0,0.0,0.0,0.0,0.0,0.0,0.0,0.0,0.0,0.0,0.0,0.0,0.0,0.0,0.0,0.0,0.0,0.0,0.0,0.0,0.0,0.0,0.0,0.0,0.0,0.0,0.0,0.0,0.0,0.0,0.0,0.0,0.0,Z,1
0.0,0.0,0.452703,0.027778,0.858108,0.083333,1.114865,0.185185,1.114865,0.277778,0.932432,1.0,1.364865,1.055556,1.689189,1.148148,1.939189,1.296296,0.614865,1.222222,0.918919,0.435185,0.756757,-0.046296,0.601351,-0.027778,0.27027,1.148148,0.513514,0.231481,0.391892,-0.064815,0.277027,0.083333,-0.067568,0.944444,0.114865,0.268519,0.094595,0.018519,0.013514,0.12037,0,0,0.0,0.0,0.0,0.0,0.0,0.0,0.0,0.0,0.0,0.0,0.0,0.0,0.0,0.0,0.0,0.0,0.0,0.0,0.0,0.0,0.0,0.0,0.0,0.0,0.0,0.0,0.0,0.0,0.0,0.0,0.0,0.0,0.0,0.0,0.0,0.0,0.0,0.0,0.0,0.0,0.0,0.0,Z,1
0.0,0.0,0.445205,0.026087,0.821918,0.095652,1.041096,0.208696,1.171233,0.313043,0.910959,1.0,1.335616,1.017391,1.657534,1.086957,1.931507,1.208696,0.60274,1.191304,0.869863,0.495652,0.753425,0.078261,0.630137,0.026087,0.253425,1.095652,0.465753,0.217391,0.369863,-0.017391,0.267123,0.121739,-0.089041,0.878261,0.068493,0.217391,0.034247,0.043478,-0.047945,0.191304,0,0,0.0,0.0,0.0,0.0,0.0,0.0,0.0,0.0,0.0,0.0,0.0,0.0,0.0,0.0,0.0,0.0,0.0,0.0,0.0,0.0,0.0,0.0,0.0,0.0,0.0,0.0,0.0,0.0,0.0,0.0,0.0,0.0,0.0,0.0,0.0,0.0,0.0,0.0,0.0,0.0,0.0,0.0,Z,1
0.0,0.0,0.438356,0.0,0.808219,0.080357,1.013699,0.196429,1.123288,0.258929,0.869863,1.0,1.287671,1.035714,1.59589,1.133929,1.863014,1.258929,0.547945,1.1875,0.739726,0.455357,0.678082,0.151786,0.589041,0.151786,0.19863,1.080357,0.390411,0.196429,0.328767,0.053571,0.246575,0.196429,-0.130137,0.848214,0.034247,0.178571,0.0,0.0625,-0.082192,0.196429,0,0,0.0,0.0,0.0,0.0,0.0,0.0,0.0,0.0,0.0,0.0,0.0,0.0,0.0,0.0,0.0,0.0,0.0,0.0,0.0,0.0,0.0,0.0,0.0,0.0,0.0,0.0,0.0,0.0,0.0,0.0,0.0,0.0,0.0,0.0,0.0,0.0,0.0,0.0,0.0,0.0,0.0,0.0,Z,1
0.0,0.0,0.522388,-0.008929,1.029851,0.196429,1.276119,0.410714,1.402985,0.642857,0.80597,1.0,1.283582,1.053571,1.61194,1.151786,1.895522,1.294643,0.455224,1.160714,0.753731,0.375,0.708955,0.125,0.626866,0.178571,0.11194,1.035714,0.432836,0.205357,0.395522,0.089286,0.313433,0.232143,-0.19403,0.794643,0.104478,0.1875,0.089552,0.071429,-0.007463,0.160714,0,0,0.0,0.0,0.0,0.0,0.0,0.0,0.0,0.0,0.0,0.0,0.0,0.0,0.0,0.0,0.0,0.0,0.0,0.0,0.0,0.0,0.0,0.0,0.0,0.0,0.0,0.0,0.0,0.0,0.0,0.0,0.0,0.0,0.0,0.0,0.0,0.0,0.0,0.0,0.0,0.0,0.0,0.0,Z,1
0.0,0.0,0.568966,0.008065,1.043103,0.104839,1.284483,0.16129,1.396552,0.25,0.974138,1.0,1.525862,1.024194,1.905172,1.072581,2.232759,1.153226,0.62931,1.08871,1.068966,0.403226,0.948276,0.064516,0.784483,0.008065,0.284483,0.959677,0.732759,0.266129,0.655172,0.024194,0.525862,0.048387,-0.025862,0.733871,0.37931,0.233871,0.327586,0.032258,0.224138,0.040323,0,0,0.0,0.0,0.0,0.0,0.0,0.0,0.0,0.0,0.0,0.0,0.0,0.0,0.0,0.0,0.0,0.0,0.0,0.0,0.0,0.0,0.0,0.0,0.0,0.0,0.0,0.0,0.0,0.0,0.0,0.0,0.0,0.0,0.0,0.0,0.0,0.0,0.0,0.0,0.0,0.0,0.0,0.0,Z,1
0.0,0.0,0.077922,1.534884,-0.350649,2.627907,-1.064935,3.209302,-1.714286,3.930233,-0.558442,1.0,-1.506494,0.627907,-2.168831,0.697674,-2.584416,0.511628,-0.974026,0.27907,-1.961039,0.395349,-2.181818,1.27907,-2.025974,1.883721,-1.311688,-0.116279,-2.233766,0.069767,-2.519481,0.860465,-2.467532,1.488372,-1.558442,-0.27907,-2.220779,-0.186047,-2.519481,0.348837,-2.61039,0.72093,0,0,0.0,0.0,0.0,0.0,0.0,0.0,0.0,0.0,0.0,0.0,0.0,0.0,0.0,0.0,0.0,0.0,0.0,0.0,0.0,0.0,0.0,0.0,0.0,0.0,0.0,0.0,0.0,0.0,0.0,0.0,0.0,0.0,0.0,0.0,0.0,0.0,0.0,0.0,0.0,0.0,0.0,0.0,Z,1
0.0,0.0,0.019417,1.326531,-0.300971,2.306122,-0.747573,2.816327,-1.15534,3.510204,0.058252,1.0,-0.495146,0.55102,-0.84466,0.653061,-1.019417,0.571429,-0.252427,0.204082,-1.116505,0.306122,-1.31068,0.979592,-1.184466,1.387755,-0.61165,-0.244898,-1.485437,-0.102041,-1.776699,0.55102,-1.805825,1.081633,-0.941748,-0.469388,-1.582524,-0.408163,-1.864078,0.061224,-1.990291,0.408163,0,0,0.0,0.0,0.0,0.0,0.0,0.0,0.0,0.0,0.0,0.0,0.0,0.0,0.0,0.0,0.0,0.0,0.0,0.0,0.0,0.0,0.0,0.0,0.0,0.0,0.0,0.0,0.0,0.0,0.0,0.0,0.0,0.0,0.0,0.0,0.0,0.0,0.0,0.0,0.0,0.0,0.0,0.0,Z,1
0.0,0.0,0.272059,0.14876,0.154412,0.479339,-0.235294,0.694215,-0.676471,0.917355,-0.242647,1.0,-0.529412,1.008264,-0.580882,1.165289,-0.669118,1.371901,-0.661765,0.917355,-0.963235,0.413223,-0.566176,0.099174,-0.433824,0.206612,-0.970588,0.710744,-1.169118,0.14876,-0.75,0.0,-0.654412,0.190083,-1.242647,0.479339,-1.272059,0.07438,-0.941176,-0.008264,-0.801471,0.14876,0,0,0.0,0.0,0.0,0.0,0.0,0.0,0.0,0.0,0.0,0.0,0.0,0.0,0.0,0.0,0.0,0.0,0.0,0.0,0.0,0.0,0.0,0.0,0.0,0.0,0.0,0.0,0.0,0.0,0.0,0.0,0.0,0.0,0.0,0.0,0.0,0.0,0.0,0.0,0.0,0.0,0.0,0.0,Z,1
0.0,0.0,0.244898,0.081633,0.278912,0.244898,0.034014,0.37415,-0.346939,0.442177,-0.068027,1.0,-0.292517,1.054422,-0.414966,1.22449,-0.598639,1.47619,-0.47619,1.0,-0.836735,0.503401,-0.462585,0.129252,-0.278912,0.258503,-0.802721,0.857143,-1.088435,0.367347,-0.734694,0.068027,-0.557823,0.163265,-1.068027,0.680272,-1.156463,0.265306,-0.891156,0.07483,-0.707483,0.142857,0,0,0.0,0.0,0.0,0.0,0.0,0.0,0.0,0.0,0.0,0.0,0.0,0.0,0.0,0.0,0.0,0.0,0.0,0.0,0.0,0.0,0.0,0.0,0.0,0.0,0.0,0.0,0.0,0.0,0.0,0.0,0.0,0.0,0.0,0.0,0.0,0.0,0.0,0.0,0.0,0.0,0.0,0.0,Z,1
0.0,0.0,0.24359,0.108844,0.288462,0.306122,0.032051,0.394558,-0.320513,0.414966,-0.025641,1.0,-0.217949,1.061224,-0.352564,1.217687,-0.532051,1.44898,-0.423077,1.006803,-0.705128,0.52381,-0.397436,0.14966,-0.230769,0.244898,-0.75,0.884354,-0.961538,0.37415,-0.666667,0.068027,-0.532051,0.183673,-1.025641,0.707483,-1.096154,0.265306,-0.846154,0.068027,-0.717949,0.156463,0,0,0.0,0.0,0.0,0.0,0.0,0.0,0.0,0.0,0.0,0.0,0.0,0.0,0.0,0.0,0.0,0.0,0.0,0.0,0.0,0.0,0.0,0.0,0.0,0.0,0.0,0.0,0.0,0.0,0.0,0.0,0.0,0.0,0.0,0.0,0.0,0.0,0.0,0.0,0.0,0.0,0.0,0.0,Z,1
0.0,0.0,0.237179,0.111111,0.288462,0.281046,0.057692,0.405229,-0.314103,0.470588,-0.025641,1.0,-0.230769,1.045752,-0.365385,1.189542,-0.532051,1.418301,-0.423077,0.993464,-0.711538,0.555556,-0.378205,0.176471,-0.211538,0.287582,-0.74359,0.875817,-0.967949,0.398693,-0.647436,0.091503,-0.519231,0.222222,-1.025641,0.712418,-1.108974,0.287582,-0.852564,0.091503,-0.705128,0.183007,0,0,0.0,0.0,0.0,0.0,0.0,0.0,0.0,0.0,0.0,0.0,0.0,0.0,0.0,0.0,0.0,0.0,0.0,0.0,0.0,0.0,0.0,0.0,0.0,0.0,0.0,0.0,0.0,0.0,0.0,0.0,0.0,0.0,0.0,0.0,0.0,0.0,0.0,0.0,0.0,0.0,0.0,0.0,Z,1
0.0,0.0,0.254777,0.096774,0.318471,0.270968,0.089172,0.387097,-0.286624,0.464516,0.012739,1.0,-0.22293,1.025806,-0.33758,1.16129,-0.496815,1.393548,-0.375796,0.993548,-0.700637,0.541935,-0.369427,0.167742,-0.191083,0.296774,-0.707006,0.864516,-0.955414,0.387097,-0.636943,0.077419,-0.503185,0.219355,-0.987261,0.703226,-1.082803,0.270968,-0.828025,0.083871,-0.687898,0.174194,0,0,0.0,0.0,0.0,0.0,0.0,0.0,0.0,0.0,0.0,0.0,0.0,0.0,0.0,0.0,0.0,0.0,0.0,0.0,0.0,0.0,0.0,0.0,0.0,0.0,0.0,0.0,0.0,0.0,0.0,0.0,0.0,0.0,0.0,0.0,0.0,0.0,0.0,0.0,0.0,0.0,0.0,0.0,Z,1
0.0,0.0,0.25974,0.101351,0.311688,0.304054,0.058442,0.425676,-0.331169,0.5,-0.006494,1.0,-0.227273,1.074324,-0.337662,1.209459,-0.506494,1.452703,-0.396104,1.0,-0.714286,0.594595,-0.376623,0.182432,-0.207792,0.283784,-0.727273,0.885135,-0.980519,0.425676,-0.649351,0.087838,-0.5,0.222973,-1.006494,0.722973,-1.116883,0.297297,-0.857143,0.081081,-0.707792,0.162162,0,0,0.0,0.0,0.0,0.0,0.0,0.0,0.0,0.0,0.0,0.0,0.0,0.0,0.0,0.0,0.0,0.0,0.0,0.0,0.0,0.0,0.0,0.0,0.0,0.0,0.0,0.0,0.0,0.0,0.0,0.0,0.0,0.0,0.0,0.0,0.0,0.0,0.0,0.0,0.0,0.0,0.0,0.0,Z,1
0.0,0.0,0.258278,0.099338,0.324503,0.291391,0.059603,0.423841,-0.350993,0.503311,-0.006623,1.0,-0.238411,1.059603,-0.357616,1.198675,-0.523179,1.437086,-0.403974,1.0,-0.721854,0.582781,-0.370861,0.192053,-0.198675,0.311258,-0.728477,0.880795,-0.97351,0.423841,-0.635762,0.10596,-0.503311,0.258278,-1.006623,0.728477,-1.119205,0.311258,-0.86755,0.112583,-0.715232,0.198675,0,0,0.0,0.0,0.0,0.0,0.0,0.0,0.0,0.0,0.0,0.0,0.0,0.0,0.0,0.0,0.0,0.0,0.0,0.0,0.0,0.0,0.0,0.0,0.0,0.0,0.0,0.0,0.0,0.0,0.0,0.0,0.0,0.0,0.0,0.0,0.0,0.0,0.0,0.0,0.0,0.0,0.0,0.0,Z,1
0.0,0.0,0.253165,0.09396,0.316456,0.281879,0.082278,0.416107,-0.297468,0.496644,0.031646,1.0,-0.202532,1.040268,-0.310127,1.181208,-0.468354,1.436242,-0.35443,1.0,-0.670886,0.583893,-0.348101,0.194631,-0.183544,0.322148,-0.689873,0.892617,-0.917722,0.42953,-0.607595,0.100671,-0.481013,0.261745,-0.968354,0.744966,-1.056962,0.308725,-0.810127,0.107383,-0.670886,0.201342,0,0,0.0,0.0,0.0,0.0,0.0,0.0,0.0,0.0,0.0,0.0,0.0,0.0,0.0,0.0,0.0,0.0,0.0,0.0,0.0,0.0,0.0,0.0,0.0,0.0,0.0,0.0,0.0,0.0,0.0,0.0,0.0,0.0,0.0,0.0,0.0,0.0,0.0,0.0,0.0,0.0,0.0,0.0,Z,1
0.0,0.0,0.240506,0.098684,0.316456,0.296053,0.06962,0.434211,-0.303797,0.526316,0.006329,1.0,-0.227848,1.052632,-0.348101,1.171053,-0.512658,1.394737,-0.398734,1.006579,-0.696203,0.585526,-0.373418,0.190789,-0.202532,0.296053,-0.721519,0.894737,-0.943038,0.421053,-0.632911,0.098684,-0.487342,0.223684,-0.993671,0.736842,-1.082278,0.296053,-0.829114,0.092105,-0.677215,0.171053,0,0,0.0,0.0,0.0,0.0,0.0,0.0,0.0,0.0,0.0,0.0,0.0,0.0,0.0,0.0,0.0,0.0,0.0,0.0,0.0,0.0,0.0,0.0,0.0,0.0,0.0,0.0,0.0,0.0,0.0,0.0,0.0,0.0,0.0,0.0,0.0,0.0,0.0,0.0,0.0,0.0,0.0,0.0,Z,1
0.0,0.0,0.240506,0.072848,0.297468,0.251656,0.075949,0.390728,-0.291139,0.483444,0.0,1.0,-0.246835,1.059603,-0.35443,1.165563,-0.506329,1.384106,-0.392405,0.986755,-0.683544,0.596026,-0.341772,0.18543,-0.158228,0.284768,-0.721519,0.874172,-0.943038,0.417219,-0.607595,0.066225,-0.468354,0.205298,-1.0,0.721854,-1.075949,0.284768,-0.810127,0.066225,-0.658228,0.15894,0,0,0.0,0.0,0.0,0.0,0.0,0.0,0.0,0.0,0.0,0.0,0.0,0.0,0.0,0.0,0.0,0.0,0.0,0.0,0.0,0.0,0.0,0.0,0.0,0.0,0.0,0.0,0.0,0.0,0.0,0.0,0.0,0.0,0.0,0.0,0.0,0.0,0.0,0.0,0.0,0.0,0.0,0.0,Z,1
0.0,0.0,0.24359,0.085526,0.307692,0.25,0.096154,0.381579,-0.275641,0.473684,0.012821,1.0,-0.237179,1.019737,-0.339744,1.151316,-0.487179,1.381579,-0.378205,0.980263,-0.698718,0.565789,-0.365385,0.177632,-0.198718,0.302632,-0.705128,0.855263,-0.961538,0.407895,-0.641026,0.078947,-0.512821,0.217105,-0.987179,0.703947,-1.083333,0.282895,-0.833333,0.072368,-0.685897,0.157895,0,0,0.0,0.0,0.0,0.0,0.0,0.0,0.0,0.0,0.0,0.0,0.0,0.0,0.0,0.0,0.0,0.0,0.0,0.0,0.0,0.0,0.0,0.0,0.0,0.0,0.0,0.0,0.0,0.0,0.0,0.0,0.0,0.0,0.0,0.0,0.0,0.0,0.0,0.0,0.0,0.0,0.0,0.0,Z,1
0.0,0.0,0.237179,0.096774,0.294872,0.264516,0.076923,0.393548,-0.294872,0.477419,0.0,1.0,-0.237179,1.032258,-0.346154,1.154839,-0.50641,1.374194,-0.397436,0.987097,-0.711538,0.580645,-0.365385,0.206452,-0.192308,0.322581,-0.724359,0.864516,-0.955128,0.412903,-0.621795,0.096774,-0.487179,0.232258,-1.0,0.709677,-1.083333,0.283871,-0.814103,0.083871,-0.673077,0.180645,0,0,0.0,0.0,0.0,0.0,0.0,0.0,0.0,0.0,0.0,0.0,0.0,0.0,0.0,0.0,0.0,0.0,0.0,0.0,0.0,0.0,0.0,0.0,0.0,0.0,0.0,0.0,0.0,0.0,0.0,0.0,0.0,0.0,0.0,0.0,0.0,0.0,0.0,0.0,0.0,0.0,0.0,0.0,Z,1
0.0,0.0,0.222222,0.089744,0.30719,0.294872,0.045752,0.416667,-0.30719,0.50641,-0.039216,1.0,-0.267974,1.051282,-0.405229,1.160256,-0.568627,1.352564,-0.457516,0.99359,-0.718954,0.583333,-0.398693,0.211538,-0.228758,0.314103,-0.777778,0.871795,-0.980392,0.416667,-0.666667,0.115385,-0.535948,0.24359,-1.039216,0.698718,-1.130719,0.288462,-0.882353,0.096154,-0.738562,0.179487,0,0,0.0,0.0,0.0,0.0,0.0,0.0,0.0,0.0,0.0,0.0,0.0,0.0,0.0,0.0,0.0,0.0,0.0,0.0,0.0,0.0,0.0,0.0,0.0,0.0,0.0,0.0,0.0,0.0,0.0,0.0,0.0,0.0,0.0,0.0,0.0,0.0,0.0,0.0,0.0,0.0,0.0,0.0,Z,1
0.0,0.0,0.256579,0.101911,0.348684,0.286624,0.105263,0.407643,-0.256579,0.464968,-0.026316,1.0,-0.256579,1.012739,-0.381579,1.127389,-0.526316,1.33121,-0.434211,0.993631,-0.703947,0.547771,-0.381579,0.191083,-0.210526,0.312102,-0.756579,0.866242,-0.967105,0.388535,-0.657895,0.095541,-0.519737,0.229299,-1.026316,0.700637,-1.125,0.280255,-0.868421,0.101911,-0.717105,0.184713,0,0,0.0,0.0,0.0,0.0,0.0,0.0,0.0,0.0,0.0,0.0,0.0,0.0,0.0,0.0,0.0,0.0,0.0,0.0,0.0,0.0,0.0,0.0,0.0,0.0,0.0,0.0,0.0,0.0,0.0,0.0,0.0,0.0,0.0,0.0,0.0,0.0,0.0,0.0,0.0,0.0,0.0,0.0,Z,1
0.0,0.0,0.246753,0.115385,0.305195,0.326923,0.0,0.435897,-0.38961,0.467949,-0.071429,1.0,-0.324675,1.012821,-0.422078,1.108974,-0.584416,1.333333,-0.487013,0.987179,-0.779221,0.544872,-0.409091,0.185897,-0.233766,0.307692,-0.811688,0.871795,-1.019481,0.384615,-0.662338,0.089744,-0.525974,0.230769,-1.071429,0.711538,-1.162338,0.275641,-0.87013,0.089744,-0.720779,0.179487,0,0,0.0,0.0,0.0,0.0,0.0,0.0,0.0,0.0,0.0,0.0,0.0,0.0,0.0,0.0,0.0,0.0,0.0,0.0,0.0,0.0,0.0,0.0,0.0,0.0,0.0,0.0,0.0,0.0,0.0,0.0,0.0,0.0,0.0,0.0,0.0,0.0,0.0,0.0,0.0,0.0,0.0,0.0,Z,1
0.0,0.0,0.258278,0.096774,0.344371,0.303226,0.066225,0.4,-0.324503,0.43871,-0.066225,1.0,-0.331126,1.025806,-0.437086,1.122581,-0.576159,1.322581,-0.470199,0.974194,-0.754967,0.548387,-0.384106,0.167742,-0.211921,0.303226,-0.801325,0.845161,-1.019868,0.393548,-0.675497,0.077419,-0.543046,0.225806,-1.066225,0.677419,-1.178808,0.290323,-0.907285,0.103226,-0.761589,0.187097,0,0,0.0,0.0,0.0,0.0,0.0,0.0,0.0,0.0,0.0,0.0,0.0,0.0,0.0,0.0,0.0,0.0,0.0,0.0,0.0,0.0,0.0,0.0,0.0,0.0,0.0,0.0,0.0,0.0,0.0,0.0,0.0,0.0,0.0,0.0,0.0,0.0,0.0,0.0,0.0,0.0,0.0,0.0,Z,1
0.0,0.0,0.267516,0.10596,0.324841,0.298013,0.070064,0.390728,-0.318471,0.423841,-0.044586,1.0,-0.267516,0.993377,-0.375796,1.119205,-0.528662,1.344371,-0.44586,0.986755,-0.713376,0.523179,-0.356688,0.152318,-0.184713,0.291391,-0.77707,0.860927,-0.980892,0.370861,-0.643312,0.059603,-0.509554,0.205298,-1.044586,0.695364,-1.121019,0.264901,-0.847134,0.072848,-0.700637,0.15894,0,0,0.0,0.0,0.0,0.0,0.0,0.0,0.0,0.0,0.0,0.0,0.0,0.0,0.0,0.0,0.0,0.0,0.0,0.0,0.0,0.0,0.0,0.0,0.0,0.0,0.0,0.0,0.0,0.0,0.0,0.0,0.0,0.0,0.0,0.0,0.0,0.0,0.0,0.0,0.0,0.0,0.0,0.0,Z,1
0.0,0.0,0.245033,0.097403,0.317881,0.285714,0.066225,0.409091,-0.337748,0.480519,-0.066225,1.0,-0.291391,1.032468,-0.417219,1.142857,-0.596026,1.337662,-0.463576,0.974026,-0.754967,0.584416,-0.390728,0.181818,-0.218543,0.298701,-0.788079,0.857143,-1.019868,0.422078,-0.668874,0.084416,-0.523179,0.214286,-1.066225,0.701299,-1.172185,0.305195,-0.89404,0.090909,-0.735099,0.168831,0,0,0.0,0.0,0.0,0.0,0.0,0.0,0.0,0.0,0.0,0.0,0.0,0.0,0.0,0.0,0.0,0.0,0.0,0.0,0.0,0.0,0.0,0.0,0.0,0.0,0.0,0.0,0.0,0.0,0.0,0.0,0.0,0.0,0.0,0.0,0.0,0.0,0.0,0.0,0.0,0.0,0.0,0.0,Z,1
0.0,0.0,0.258278,0.096774,0.317881,0.296774,0.046358,0.4,-0.350993,0.458065,-0.059603,1.0,-0.304636,1.025806,-0.423841,1.129032,-0.576159,1.329032,-0.463576,0.974194,-0.741722,0.56129,-0.377483,0.167742,-0.205298,0.283871,-0.788079,0.851613,-1.013245,0.412903,-0.668874,0.083871,-0.529801,0.212903,-1.059603,0.690323,-1.165563,0.296774,-0.89404,0.096774,-0.741722,0.180645,0,0,0.0,0.0,0.0,0.0,0.0,0.0,0.0,0.0,0.0,0.0,0.0,0.0,0.0,0.0,0.0,0.0,0.0,0.0,0.0,0.0,0.0,0.0,0.0,0.0,0.0,0.0,0.0,0.0,0.0,0.0,0.0,0.0,0.0,0.0,0.0,0.0,0.0,0.0,0.0,0.0,0.0,0.0,Z,1
0.0,0.0,0.253247,0.092715,0.311688,0.271523,0.071429,0.403974,-0.311688,0.463576,-0.045455,1.0,-0.266234,1.0,-0.383117,1.125828,-0.545455,1.350993,-0.441558,0.986755,-0.720779,0.543046,-0.357143,0.15894,-0.188312,0.284768,-0.772727,0.860927,-0.974026,0.384106,-0.636364,0.059603,-0.5,0.211921,-1.045455,0.708609,-1.116883,0.278146,-0.844156,0.07947,-0.694805,0.165563,0,0,0.0,0.0,0.0,0.0,0.0,0.0,0.0,0.0,0.0,0.0,0.0,0.0,0.0,0.0,0.0,0.0,0.0,0.0,0.0,0.0,0.0,0.0,0.0,0.0,0.0,0.0,0.0,0.0,0.0,0.0,0.0,0.0,0.0,0.0,0.0,0.0,0.0,0.0,0.0,0.0,0.0,0.0,Z,1
0.0,0.0,0.24,0.105263,0.306667,0.302632,0.033333,0.401316,-0.353333,0.460526,-0.086667,1.0,-0.306667,1.032895,-0.44,1.131579,-0.613333,1.328947,-0.493333,0.973684,-0.773333,0.532895,-0.42,0.151316,-0.24,0.256579,-0.82,0.848684,-1.04,0.381579,-0.706667,0.059211,-0.56,0.184211,-1.086667,0.684211,-1.186667,0.269737,-0.913333,0.065789,-0.76,0.151316,0,0,0.0,0.0,0.0,0.0,0.0,0.0,0.0,0.0,0.0,0.0,0.0,0.0,0.0,0.0,0.0,0.0,0.0,0.0,0.0,0.0,0.0,0.0,0.0,0.0,0.0,0.0,0.0,0.0,0.0,0.0,0.0,0.0,0.0,0.0,0.0,0.0,0.0,0.0,0.0,0.0,0.0,0.0,Z,1
0.0,0.0,0.266667,0.09396,0.333333,0.268456,0.08,0.38255,-0.313333,0.442953,-0.066667,1.0,-0.313333,1.026846,-0.42,1.134228,-0.573333,1.342282,-0.466667,0.95302,-0.753333,0.530201,-0.366667,0.134228,-0.2,0.261745,-0.793333,0.818792,-1.02,0.362416,-0.653333,0.026846,-0.533333,0.181208,-1.066667,0.657718,-1.16,0.248322,-0.873333,0.04698,-0.733333,0.147651,0,0,0.0,0.0,0.0,0.0,0.0,0.0,0.0,0.0,0.0,0.0,0.0,0.0,0.0,0.0,0.0,0.0,0.0,0.0,0.0,0.0,0.0,0.0,0.0,0.0,0.0,0.0,0.0,0.0,0.0,0.0,0.0,0.0,0.0,0.0,0.0,0.0,0.0,0.0,0.0,0.0,0.0,0.0,Z,1
0.0,0.0,0.263158,0.108108,0.328947,0.290541,0.078947,0.398649,-0.328947,0.432432,-0.065789,1.0,-0.296053,1.027027,-0.421053,1.148649,-0.585526,1.351351,-0.460526,0.97973,-0.730263,0.554054,-0.394737,0.162162,-0.236842,0.277027,-0.789474,0.844595,-1.006579,0.391892,-0.677632,0.054054,-0.552632,0.195946,-1.065789,0.682432,-1.151316,0.263514,-0.888158,0.067568,-0.743421,0.155405,0,0,0.0,0.0,0.0,0.0,0.0,0.0,0.0,0.0,0.0,0.0,0.0,0.0,0.0,0.0,0.0,0.0,0.0,0.0,0.0,0.0,0.0,0.0,0.0,0.0,0.0,0.0,0.0,0.0,0.0,0.0,0.0,0.0,0.0,0.0,0.0,0.0,0.0,0.0,0.0,0.0,0.0,0.0,Z,1
0.0,0.0,0.231788,0.107595,0.291391,0.272152,0.05298,0.405063,-0.344371,0.487342,-0.07947,1.0,-0.304636,1.006329,-0.437086,1.120253,-0.596026,1.316456,-0.483444,0.974684,-0.761589,0.544304,-0.410596,0.177215,-0.245033,0.297468,-0.807947,0.841772,-1.013245,0.379747,-0.682119,0.075949,-0.543046,0.208861,-1.07947,0.677215,-1.15894,0.278481,-0.89404,0.082278,-0.741722,0.170886,0,0,0.0,0.0,0.0,0.0,0.0,0.0,0.0,0.0,0.0,0.0,0.0,0.0,0.0,0.0,0.0,0.0,0.0,0.0,0.0,0.0,0.0,0.0,0.0,0.0,0.0,0.0,0.0,0.0,0.0,0.0,0.0,0.0,0.0,0.0,0.0,0.0,0.0,0.0,0.0,0.0,0.0,0.0,Z,1
0.0,0.0,0.236842,0.094595,0.302632,0.277027,0.065789,0.391892,-0.315789,0.452703,-0.072368,1.0,-0.296053,1.02027,-0.421053,1.141892,-0.585526,1.358108,-0.473684,0.986486,-0.743421,0.527027,-0.401316,0.141892,-0.223684,0.256757,-0.796053,0.858108,-1.006579,0.371622,-0.684211,0.047297,-0.546053,0.182432,-1.072368,0.695946,-1.164474,0.263514,-0.901316,0.060811,-0.75,0.141892,0,0,0.0,0.0,0.0,0.0,0.0,0.0,0.0,0.0,0.0,0.0,0.0,0.0,0.0,0.0,0.0,0.0,0.0,0.0,0.0,0.0,0.0,0.0,0.0,0.0,0.0,0.0,0.0,0.0,0.0,0.0,0.0,0.0,0.0,0.0,0.0,0.0,0.0,0.0,0.0,0.0,0.0,0.0,Z,1
0.0,0.0,0.236842,0.100671,0.335526,0.315436,0.065789,0.42953,-0.302632,0.469799,-0.078947,1.0,-0.289474,1.026846,-0.434211,1.147651,-0.611842,1.362416,-0.493421,1.0,-0.743421,0.536913,-0.401316,0.154362,-0.223684,0.275168,-0.815789,0.892617,-1.019737,0.395973,-0.690789,0.080537,-0.552632,0.214765,-1.078947,0.718121,-1.164474,0.281879,-0.901316,0.080537,-0.75,0.167785,0,0,0.0,0.0,0.0,0.0,0.0,0.0,0.0,0.0,0.0,0.0,0.0,0.0,0.0,0.0,0.0,0.0,0.0,0.0,0.0,0.0,0.0,0.0,0.0,0.0,0.0,0.0,0.0,0.0,0.0,0.0,0.0,0.0,0.0,0.0,0.0,0.0,0.0,0.0,0.0,0.0,0.0,0.0,Z,1
0.0,0.0,0.248366,0.09396,0.267974,0.268456,0.019608,0.355705,-0.372549,0.369128,-0.091503,1.0,-0.333333,0.993289,-0.431373,1.100671,-0.588235,1.328859,-0.48366,0.946309,-0.771242,0.52349,-0.392157,0.147651,-0.215686,0.295302,-0.810458,0.812081,-1.019608,0.348993,-0.660131,0.026846,-0.529412,0.187919,-1.091503,0.66443,-1.169935,0.241611,-0.875817,0.04698,-0.72549,0.147651,0,0,0.0,0.0,0.0,0.0,0.0,0.0,0.0,0.0,0.0,0.0,0.0,0.0,0.0,0.0,0.0,0.0,0.0,0.0,0.0,0.0,0.0,0.0,0.0,0.0,0.0,0.0,0.0,0.0,0.0,0.0,0.0,0.0,0.0,0.0,0.0,0.0,0.0,0.0,0.0,0.0,0.0,0.0,Z,1
0.0,0.0,0.253247,0.095238,0.331169,0.265306,0.097403,0.387755,-0.285714,0.462585,-0.038961,1.0,-0.25974,1.040816,-0.409091,1.156463,-0.590909,1.346939,-0.448052,0.986395,-0.701299,0.544218,-0.383117,0.142857,-0.207792,0.238095,-0.766234,0.857143,-0.974026,0.380952,-0.668831,0.047619,-0.538961,0.170068,-1.038961,0.687075,-1.136364,0.251701,-0.883117,0.047619,-0.733766,0.129252,0,0,0.0,0.0,0.0,0.0,0.0,0.0,0.0,0.0,0.0,0.0,0.0,0.0,0.0,0.0,0.0,0.0,0.0,0.0,0.0,0.0,0.0,0.0,0.0,0.0,0.0,0.0,0.0,0.0,0.0,0.0,0.0,0.0,0.0,0.0,0.0,0.0,0.0,0.0,0.0,0.0,0.0,0.0,Z,1
0.0,0.0,0.253333,0.093333,0.32,0.266667,0.093333,0.4,-0.32,0.466667,-0.06,1.0,-0.306667,1.013333,-0.42,1.126667,-0.58,1.346667,-0.453333,0.973333,-0.76,0.56,-0.393333,0.18,-0.226667,0.313333,-0.78,0.846667,-1.013333,0.393333,-0.666667,0.066667,-0.54,0.22,-1.06,0.693333,-1.16,0.273333,-0.88,0.073333,-0.726667,0.166667,0,0,0.0,0.0,0.0,0.0,0.0,0.0,0.0,0.0,0.0,0.0,0.0,0.0,0.0,0.0,0.0,0.0,0.0,0.0,0.0,0.0,0.0,0.0,0.0,0.0,0.0,0.0,0.0,0.0,0.0,0.0,0.0,0.0,0.0,0.0,0.0,0.0,0.0,0.0,0.0,0.0,0.0,0.0,Z,1
0.0,0.0,0.506667,0.117284,0.886667,0.358025,1.006667,0.604938,0.953333,0.82716,0.793333,1.0,1.066667,1.339506,1.233333,1.561728,1.353333,1.771605,0.42,1.080247,0.646667,1.098765,0.646667,0.660494,0.593333,0.561728,0.086667,1.018519,0.313333,0.790123,0.333333,0.444444,0.26,0.444444,-0.206667,0.882716,0.0,0.598765,0.08,0.364198,0.033333,0.395062,0,0,0.0,0.0,0.0,0.0,0.0,0.0,0.0,0.0,0.0,0.0,0.0,0.0,0.0,0.0,0.0,0.0,0.0,0.0,0.0,0.0,0.0,0.0,0.0,0.0,0.0,0.0,0.0,0.0,0.0,0.0,0.0,0.0,0.0,0.0,0.0,0.0,0.0,0.0,0.0,0.0,0.0,0.0,Z,2
0.0,0.0,0.513514,0.130435,0.851351,0.354037,0.97973,0.602484,0.952703,0.863354,0.810811,1.0,1.087838,1.335404,1.27027,1.565217,1.378378,1.78882,0.432432,1.093168,0.675676,1.136646,0.662162,0.701863,0.581081,0.596273,0.094595,1.031056,0.310811,0.826087,0.324324,0.453416,0.25,0.453416,-0.189189,0.888199,0.0,0.621118,0.081081,0.378882,0.040541,0.409938,0,0,0.0,0.0,0.0,0.0,0.0,0.0,0.0,0.0,0.0,0.0,0.0,0.0,0.0,0.0,0.0,0.0,0.0,0.0,0.0,0.0,0.0,0.0,0.0,0.0,0.0,0.0,0.0,0.0,0.0,0.0,0.0,0.0,0.0,0.0,0.0,0.0,0.0,0.0,0.0,0.0,0.0,0.0,Z,2
0.0,0.0,0.489933,0.14557,0.812081,0.35443,0.946309,0.601266,0.919463,0.85443,0.785235,1.0,1.04698,1.348101,1.234899,1.601266,1.328859,1.829114,0.409396,1.088608,0.651007,1.14557,0.637584,0.696203,0.557047,0.582278,0.073826,1.025316,0.288591,0.822785,0.302013,0.455696,0.221477,0.449367,-0.214765,0.892405,-0.020134,0.632911,0.04698,0.392405,-0.006711,0.424051,0,0,0.0,0.0,0.0,0.0,0.0,0.0,0.0,0.0,0.0,0.0,0.0,0.0,0.0,0.0,0.0,0.0,0.0,0.0,0.0,0.0,0.0,0.0,0.0,0.0,0.0,0.0,0.0,0.0,0.0,0.0,0.0,0.0,0.0,0.0,0.0,0.0,0.0,0.0,0.0,0.0,0.0,0.0,Z,2
0.0,0.0,0.5,0.139241,0.817568,0.373418,0.945946,0.620253,0.932432,0.867089,0.77027,1.0,1.033784,1.341772,1.216216,1.588608,1.310811,1.822785,0.391892,1.088608,0.641892,1.139241,0.628378,0.702532,0.547297,0.575949,0.060811,1.025316,0.283784,0.816456,0.290541,0.455696,0.216216,0.436709,-0.22973,0.886076,-0.027027,0.620253,0.040541,0.379747,-0.006757,0.405063,0,0,0.0,0.0,0.0,0.0,0.0,0.0,0.0,0.0,0.0,0.0,0.0,0.0,0.0,0.0,0.0,0.0,0.0,0.0,0.0,0.0,0.0,0.0,0.0,0.0,0.0,0.0,0.0,0.0,0.0,0.0,0.0,0.0,0.0,0.0,0.0,0.0,0.0,0.0,0.0,0.0,0.0,0.0,Z,2
0.0,0.0,0.493151,0.132911,0.828767,0.360759,0.979452,0.613924,1.0,0.873418,0.787671,1.0,1.047945,1.341772,1.226027,1.582278,1.321918,1.810127,0.417808,1.088608,0.671233,1.132911,0.650685,0.689873,0.561644,0.56962,0.082192,1.025316,0.308219,0.822785,0.315068,0.455696,0.232877,0.436709,-0.212329,0.879747,0.0,0.632911,0.061644,0.386076,0.006849,0.405063,0,0,0.0,0.0,0.0,0.0,0.0,0.0,0.0,0.0,0.0,0.0,0.0,0.0,0.0,0.0,0.0,0.0,0.0,0.0,0.0,0.0,0.0,0.0,0.0,0.0,0.0,0.0,0.0,0.0,0.0,0.0,0.0,0.0,0.0,0.0,0.0,0.0,0.0,0.0,0.0,0.0,0.0,0.0,Z,2
0.0,0.0,0.52381,0.132075,0.857143,0.396226,0.979592,0.666667,0.959184,0.893082,0.802721,1.0,1.040816,1.339623,1.210884,1.584906,1.29932,1.811321,0.428571,1.081761,0.673469,1.125786,0.653061,0.679245,0.564626,0.559748,0.095238,1.018868,0.306122,0.823899,0.312925,0.459119,0.231293,0.440252,-0.197279,0.880503,0.0,0.63522,0.061224,0.402516,0.0,0.427673,0,0,0.0,0.0,0.0,0.0,0.0,0.0,0.0,0.0,0.0,0.0,0.0,0.0,0.0,0.0,0.0,0.0,0.0,0.0,0.0,0.0,0.0,0.0,0.0,0.0,0.0,0.0,0.0,0.0,0.0,0.0,0.0,0.0,0.0,0.0,0.0,0.0,0.0,0.0,0.0,0.0,0.0,0.0,Z,2
0.0,0.0,0.550336,0.128834,0.865772,0.392638,0.939597,0.631902,0.919463,0.809816,0.798658,1.0,1.033557,1.325153,1.194631,1.558282,1.281879,1.779141,0.422819,1.07362,0.671141,1.08589,0.657718,0.644172,0.577181,0.533742,0.087248,1.0,0.308725,0.791411,0.322148,0.429448,0.241611,0.423313,-0.201342,0.852761,-0.013423,0.601227,0.053691,0.374233,-0.006711,0.411043,0,0,0.0,0.0,0.0,0.0,0.0,0.0,0.0,0.0,0.0,0.0,0.0,0.0,0.0,0.0,0.0,0.0,0.0,0.0,0.0,0.0,0.0,0.0,0.0,0.0,0.0,0.0,0.0,0.0,0.0,0.0,0.0,0.0,0.0,0.0,0.0,0.0,0.0,0.0,0.0,0.0,0.0,0.0,Z,2
0.0,0.0,0.554054,0.12963,0.871622,0.388889,0.932432,0.617284,0.918919,0.802469,0.831081,1.0,1.074324,1.320988,1.22973,1.561728,1.317568,1.790123,0.459459,1.074074,0.709459,1.08642,0.695946,0.648148,0.621622,0.549383,0.121622,1.006173,0.337838,0.796296,0.351351,0.432099,0.277027,0.425926,-0.168919,0.87037,0.02027,0.604938,0.081081,0.37037,0.02027,0.407407,0,0,0.0,0.0,0.0,0.0,0.0,0.0,0.0,0.0,0.0,0.0,0.0,0.0,0.0,0.0,0.0,0.0,0.0,0.0,0.0,0.0,0.0,0.0,0.0,0.0,0.0,0.0,0.0,0.0,0.0,0.0,0.0,0.0,0.0,0.0,0.0,0.0,0.0,0.0,0.0,0.0,0.0,0.0,Z,2
0.0,0.0,0.55102,0.12963,0.870748,0.388889,0.965986,0.623457,0.972789,0.82716,0.829932,1.0,1.081633,1.333333,1.244898,1.574074,1.340136,1.808642,0.462585,1.080247,0.707483,1.117284,0.693878,0.685185,0.619048,0.567901,0.129252,1.012346,0.353741,0.839506,0.367347,0.469136,0.278912,0.438272,-0.170068,0.876543,0.034014,0.635802,0.095238,0.395062,0.034014,0.41358,0,0,0.0,0.0,0.0,0.0,0.0,0.0,0.0,0.0,0.0,0.0,0.0,0.0,0.0,0.0,0.0,0.0,0.0,0.0,0.0,0.0,0.0,0.0,0.0,0.0,0.0,0.0,0.0,0.0,0.0,0.0,0.0,0.0,0.0,0.0,0.0,0.0,0.0,0.0,0.0,0.0,0.0,0.0,Z,2
0.0,0.0,0.555556,0.124224,0.881944,0.385093,0.972222,0.621118,1.006944,0.819876,0.847222,1.0,1.111111,1.347826,1.277778,1.590062,1.381944,1.826087,0.479167,1.080745,0.743056,1.124224,0.729167,0.68323,0.652778,0.565217,0.145833,1.024845,0.381944,0.838509,0.381944,0.459627,0.291667,0.434783,-0.152778,0.888199,0.048611,0.639752,0.111111,0.397516,0.055556,0.42236,0,0,0.0,0.0,0.0,0.0,0.0,0.0,0.0,0.0,0.0,0.0,0.0,0.0,0.0,0.0,0.0,0.0,0.0,0.0,0.0,0.0,0.0,0.0,0.0,0.0,0.0,0.0,0.0,0.0,0.0,0.0,0.0,0.0,0.0,0.0,0.0,0.0,0.0,0.0,0.0,0.0,0.0,0.0,Z,2
0.0,0.0,0.544218,0.123457,0.857143,0.382716,0.938776,0.62963,0.965986,0.839506,0.843537,1.0,1.102041,1.339506,1.258503,1.580247,1.360544,1.814815,0.47619,1.080247,0.721088,1.123457,0.714286,0.685185,0.639456,0.567901,0.142857,1.018519,0.360544,0.845679,0.37415,0.462963,0.29932,0.438272,-0.156463,0.882716,0.034014,0.641975,0.102041,0.395062,0.047619,0.419753,0,0,0.0,0.0,0.0,0.0,0.0,0.0,0.0,0.0,0.0,0.0,0.0,0.0,0.0,0.0,0.0,0.0,0.0,0.0,0.0,0.0,0.0,0.0,0.0,0.0,0.0,0.0,0.0,0.0,0.0,0.0,0.0,0.0,0.0,0.0,0.0,0.0,0.0,0.0,0.0,0.0,0.0,0.0,Z,2
0.0,0.0,0.52,0.144578,0.82,0.39759,0.886667,0.644578,0.88,0.837349,0.793333,1.0,1.046667,1.325301,1.213333,1.554217,1.306667,1.783133,0.433333,1.084337,0.673333,1.114458,0.673333,0.692771,0.606667,0.578313,0.093333,1.024096,0.346667,0.831325,0.353333,0.46988,0.266667,0.457831,-0.206667,0.879518,0.02,0.626506,0.08,0.391566,0.013333,0.421687,0,0,0.0,0.0,0.0,0.0,0.0,0.0,0.0,0.0,0.0,0.0,0.0,0.0,0.0,0.0,0.0,0.0,0.0,0.0,0.0,0.0,0.0,0.0,0.0,0.0,0.0,0.0,0.0,0.0,0.0,0.0,0.0,0.0,0.0,0.0,0.0,0.0,0.0,0.0,0.0,0.0,0.0,0.0,Z,2
0.0,0.0,0.453947,0.152542,0.815789,0.384181,0.927632,0.59322,0.881579,0.745763,0.697368,1.0,0.960526,1.242938,1.131579,1.451977,1.243421,1.638418,0.328947,1.050847,0.578947,0.977401,0.598684,0.649718,0.526316,0.548023,-0.006579,0.960452,0.256579,0.757062,0.289474,0.485876,0.210526,0.451977,-0.302632,0.785311,-0.072368,0.615819,0.006579,0.429379,-0.026316,0.40113,0,0,0.0,0.0,0.0,0.0,0.0,0.0,0.0,0.0,0.0,0.0,0.0,0.0,0.0,0.0,0.0,0.0,0.0,0.0,0.0,0.0,0.0,0.0,0.0,0.0,0.0,0.0,0.0,0.0,0.0,0.0,0.0,0.0,0.0,0.0,0.0,0.0,0.0,0.0,0.0,0.0,0.0,0.0,Z,2
0.0,0.0,0.345794,0.068376,0.738318,0.376068,0.925234,0.649573,1.065421,0.897436,0.514019,1.0,0.635514,1.247863,0.785047,1.358974,0.925234,1.384615,0.186916,1.042735,0.336449,1.239316,0.448598,0.982906,0.504673,0.786325,-0.149533,0.957265,-0.037383,1.094017,0.074766,0.82906,0.121495,0.641026,-0.485981,0.760684,-0.420561,0.811966,-0.271028,0.598291,-0.196262,0.435897,-0.102803738317757,0.19658119658119658,0.0,0.0,0.536585,0.151163,0.943089,0.406977,1.113821,0.668605,1.04065,0.877907,0.577236,1.0,0.674797,1.267442,0.804878,1.401163,0.902439,1.47093,0.211382,1.011628,0.528455,0.97093,0.601626,0.686047,0.569106,0.587209,-0.121951,0.912791,0.203252,0.802326,0.284553,0.569767,0.243902,0.5,-0.422764,0.755814,-0.146341,0.651163,-0.01626,0.476744,-0.01626,0.412791,Z,2
0.0,0.0,0.542857,0.190184,1.0,0.472393,1.180952,0.736196,1.266667,0.92638,0.466667,1.0,0.542857,1.233129,0.685714,1.01227,0.733333,0.865031,0.104762,0.97546,0.295238,1.116564,0.466667,0.840491,0.466667,0.723926,-0.228571,0.883436,-0.047619,0.96319,0.12381,0.730061,0.142857,0.631902,-0.533333,0.742331,-0.352381,0.809816,-0.190476,0.650307,-0.161905,0.564417,0,0,0.0,0.0,0.0,0.0,0.0,0.0,0.0,0.0,0.0,0.0,0.0,0.0,0.0,0.0,0.0,0.0,0.0,0.0,0.0,0.0,0.0,0.0,0.0,0.0,0.0,0.0,0.0,0.0,0.0,0.0,0.0,0.0,0.0,0.0,0.0,0.0,0.0,0.0,0.0,0.0,0.0,0.0,Z,2
0.0,0.0,0.513274,0.172185,0.982301,0.417219,1.238938,0.615894,1.247788,0.781457,0.442478,1.0,0.442478,1.298013,0.548673,1.251656,0.646018,1.145695,0.079646,0.97351,0.132743,1.165563,0.353982,1.019868,0.495575,0.874172,-0.256637,0.854305,-0.185841,1.0,0.053097,0.860927,0.212389,0.728477,-0.557522,0.675497,-0.477876,0.794702,-0.292035,0.695364,-0.159292,0.582781,0,0,0.0,0.0,0.0,0.0,0.0,0.0,0.0,0.0,0.0,0.0,0.0,0.0,0.0,0.0,0.0,0.0,0.0,0.0,0.0,0.0,0.0,0.0,0.0,0.0,0.0,0.0,0.0,0.0,0.0,0.0,0.0,0.0,0.0,0.0,0.0,0.0,0.0,0.0,0.0,0.0,0.0,0.0,Z,2
0.0,0.0,0.354331,0.223464,0.629921,0.608939,0.362205,0.877095,-0.062992,0.955307,0.173228,1.0,0.251969,1.391061,0.267717,1.659218,0.259843,1.899441,-0.220472,0.949721,-0.307087,1.139665,-0.141732,0.871508,-0.03937,0.687151,-0.543307,0.821229,-0.606299,0.871508,-0.385827,0.625698,-0.259843,0.50838,-0.826772,0.642458,-0.84252,0.653631,-0.622047,0.486034,-0.480315,0.413408,0,0,0.0,0.0,0.0,0.0,0.0,0.0,0.0,0.0,0.0,0.0,0.0,0.0,0.0,0.0,0.0,0.0,0.0,0.0,0.0,0.0,0.0,0.0,0.0,0.0,0.0,0.0,0.0,0.0,0.0,0.0,0.0,0.0,0.0,0.0,0.0,0.0,0.0,0.0,0.0,0.0,0.0,0.0,Z,2
0.0,0.0,0.312977,0.207865,0.526718,0.522472,0.396947,0.792135,0.068702,0.938202,0.167939,1.0,0.19084,1.41573,0.167939,1.696629,0.099237,1.949438,-0.221374,0.955056,-0.358779,1.179775,-0.19084,0.820225,-0.076336,0.668539,-0.549618,0.825843,-0.656489,0.853933,-0.412214,0.55618,-0.267176,0.488764,-0.832061,0.651685,-0.885496,0.646067,-0.633588,0.449438,-0.48855,0.410112,0,0,0.0,0.0,0.0,0.0,0.0,0.0,0.0,0.0,0.0,0.0,0.0,0.0,0.0,0.0,0.0,0.0,0.0,0.0,0.0,0.0,0.0,0.0,0.0,0.0,0.0,0.0,0.0,0.0,0.0,0.0,0.0,0.0,0.0,0.0,0.0,0.0,0.0,0.0,0.0,0.0,0.0,0.0,Z,2
0.0,0.0,0.315789,0.208791,0.511278,0.489011,0.398496,0.736264,0.112782,0.895604,0.157895,1.0,0.172932,1.384615,0.135338,1.648352,0.082707,1.884615,-0.240602,0.950549,-0.368421,1.159341,-0.225564,0.807692,-0.12782,0.686813,-0.571429,0.824176,-0.654135,0.840659,-0.43609,0.538462,-0.308271,0.483516,-0.842105,0.648352,-0.894737,0.626374,-0.669173,0.434066,-0.533835,0.412088,0,0,0.0,0.0,0.0,0.0,0.0,0.0,0.0,0.0,0.0,0.0,0.0,0.0,0.0,0.0,0.0,0.0,0.0,0.0,0.0,0.0,0.0,0.0,0.0,0.0,0.0,0.0,0.0,0.0,0.0,0.0,0.0,0.0,0.0,0.0,0.0,0.0,0.0,0.0,0.0,0.0,0.0,0.0,Z,2
0.0,0.0,0.311111,0.214689,0.518519,0.536723,0.340741,0.785311,0.02963,0.898305,0.140741,1.0,0.148148,1.389831,0.118519,1.638418,0.059259,1.864407,-0.244444,0.954802,-0.348148,1.158192,-0.162963,0.841808,-0.037037,0.677966,-0.57037,0.830508,-0.62963,0.853107,-0.4,0.587571,-0.266667,0.508475,-0.859259,0.655367,-0.874074,0.632768,-0.644444,0.463277,-0.511111,0.429379,0,0,0.0,0.0,0.0,0.0,0.0,0.0,0.0,0.0,0.0,0.0,0.0,0.0,0.0,0.0,0.0,0.0,0.0,0.0,0.0,0.0,0.0,0.0,0.0,0.0,0.0,0.0,0.0,0.0,0.0,0.0,0.0,0.0,0.0,0.0,0.0,0.0,0.0,0.0,0.0,0.0,0.0,0.0,Z,2
0.0,0.0,0.333333,0.210227,0.585185,0.539773,0.385185,0.772727,0.074074,0.880682,0.185185,1.0,0.22963,1.352273,0.2,1.602273,0.162963,1.818182,-0.192593,0.971591,-0.333333,1.073864,-0.185185,0.767045,-0.022222,0.585227,-0.518519,0.852273,-0.62963,0.840909,-0.422222,0.585227,-0.251852,0.460227,-0.814815,0.681818,-0.933333,0.681818,-0.733333,0.494318,-0.57037,0.414773,0,0,0.0,0.0,0.0,0.0,0.0,0.0,0.0,0.0,0.0,0.0,0.0,0.0,0.0,0.0,0.0,0.0,0.0,0.0,0.0,0.0,0.0,0.0,0.0,0.0,0.0,0.0,0.0,0.0,0.0,0.0,0.0,0.0,0.0,0.0,0.0,0.0,0.0,0.0,0.0,0.0,0.0,0.0,Z,2
0.0,0.0,0.40367,0.247423,0.669725,0.572165,0.46789,0.814433,0.192661,0.948454,0.100917,1.0,-0.247706,1.030928,-0.110092,0.804124,0.091743,0.675258,-0.275229,0.943299,-0.550459,0.92268,-0.385321,0.690722,-0.183486,0.597938,-0.59633,0.814433,-0.853211,0.814433,-0.678899,0.597938,-0.477064,0.5,-0.899083,0.64433,-1.192661,0.695876,-1.036697,0.525773,-0.825688,0.438144,0,0,0.0,0.0,0.0,0.0,0.0,0.0,0.0,0.0,0.0,0.0,0.0,0.0,0.0,0.0,0.0,0.0,0.0,0.0,0.0,0.0,0.0,0.0,0.0,0.0,0.0,0.0,0.0,0.0,0.0,0.0,0.0,0.0,0.0,0.0,0.0,0.0,0.0,0.0,0.0,0.0,0.0,0.0,Z,2
0.0,0.0,0.313869,0.116071,0.620438,0.267857,0.781022,0.392857,0.810219,0.535714,0.656934,1.0,1.0,1.339286,1.248175,1.580357,1.430657,1.8125,0.313869,1.160714,0.562044,0.848214,0.540146,0.4375,0.459854,0.294643,-0.021898,1.017857,0.19708,0.419643,0.167883,0.1875,0.072993,0.267857,-0.343066,0.75,-0.153285,0.1875,-0.138686,0.026786,-0.211679,0.125,0,0,0.0,0.0,0.0,0.0,0.0,0.0,0.0,0.0,0.0,0.0,0.0,0.0,0.0,0.0,0.0,0.0,0.0,0.0,0.0,0.0,0.0,0.0,0.0,0.0,0.0,0.0,0.0,0.0,0.0,0.0,0.0,0.0,0.0,0.0,0.0,0.0,0.0,0.0,0.0,0.0,0.0,0.0,Z,2
0.0,0.0,0.401515,0.068702,0.757576,0.221374,0.94697,0.419847,0.992424,0.549618,0.674242,1.0,1.083333,1.198473,1.378788,1.358779,1.598485,1.549618,0.30303,1.10687,0.674242,0.80916,0.689394,0.389313,0.613636,0.282443,-0.037879,0.977099,0.318182,0.458015,0.318182,0.160305,0.234848,0.183206,-0.325758,0.748092,-0.075758,0.312977,-0.015152,0.10687,-0.090909,0.167939,0,0,0.0,0.0,0.0,0.0,0.0,0.0,0.0,0.0,0.0,0.0,0.0,0.0,0.0,0.0,0.0,0.0,0.0,0.0,0.0,0.0,0.0,0.0,0.0,0.0,0.0,0.0,0.0,0.0,0.0,0.0,0.0,0.0,0.0,0.0,0.0,0.0,0.0,0.0,0.0,0.0,0.0,0.0,Z,2
0.0,0.0,0.473684,0.090909,0.902256,0.25,1.112782,0.454545,1.007519,0.55303,0.766917,1.0,1.195489,1.181818,1.481203,1.333333,1.706767,1.522727,0.390977,1.113636,0.781955,0.772727,0.766917,0.348485,0.684211,0.257576,0.052632,0.992424,0.421053,0.44697,0.406015,0.159091,0.315789,0.19697,-0.233083,0.765152,0.037594,0.318182,0.090226,0.106061,0.030075,0.159091,0,0,0.0,0.0,0.0,0.0,0.0,0.0,0.0,0.0,0.0,0.0,0.0,0.0,0.0,0.0,0.0,0.0,0.0,0.0,0.0,0.0,0.0,0.0,0.0,0.0,0.0,0.0,0.0,0.0,0.0,0.0,0.0,0.0,0.0,0.0,0.0,0.0,0.0,0.0,0.0,0.0,0.0,0.0,Z,2
0.0,0.0,0.42029,0.085271,0.782609,0.24031,0.956522,0.410853,1.021739,0.542636,0.746377,1.0,1.137681,1.209302,1.427536,1.379845,1.630435,1.55814,0.376812,1.108527,0.710145,0.813953,0.717391,0.387597,0.652174,0.286822,0.036232,0.984496,0.355072,0.449612,0.369565,0.170543,0.289855,0.217054,-0.253623,0.744186,-0.007246,0.310078,0.036232,0.124031,-0.028986,0.186047,0,0,0.0,0.0,0.0,0.0,0.0,0.0,0.0,0.0,0.0,0.0,0.0,0.0,0.0,0.0,0.0,0.0,0.0,0.0,0.0,0.0,0.0,0.0,0.0,0.0,0.0,0.0,0.0,0.0,0.0,0.0,0.0,0.0,0.0,0.0,0.0,0.0,0.0,0.0,0.0,0.0,0.0,0.0,Z,2
0.0,0.0,0.459259,0.082707,0.881481,0.255639,1.177778,0.345865,1.422222,0.406015,0.703704,1.0,1.096296,1.195489,1.348148,1.360902,1.548148,1.548872,0.325926,1.082707,0.637037,0.736842,0.674074,0.428571,0.622222,0.383459,-0.014815,0.93985,0.296296,0.43609,0.318519,0.240602,0.244444,0.300752,-0.296296,0.699248,-0.066667,0.293233,-0.022222,0.150376,-0.088889,0.210526,0,0,0.0,0.0,0.0,0.0,0.0,0.0,0.0,0.0,0.0,0.0,0.0,0.0,0.0,0.0,0.0,0.0,0.0,0.0,0.0,0.0,0.0,0.0,0.0,0.0,0.0,0.0,0.0,0.0,0.0,0.0,0.0,0.0,0.0,0.0,0.0,0.0,0.0,0.0,0.0,0.0,0.0,0.0,Z,2
0.0,0.0,0.583333,0.068493,1.108333,0.321918,1.458333,0.527397,1.616667,0.678082,0.808333,1.0,1.216667,1.09589,1.45,1.089041,1.641667,1.143836,0.441667,1.054795,0.858333,0.821918,0.858333,0.513699,0.775,0.486301,0.108333,0.958904,0.525,0.623288,0.475,0.356164,0.341667,0.349315,-0.191667,0.808219,0.183333,0.534247,0.166667,0.308219,0.041667,0.280822,0,0,0.0,0.0,0.0,0.0,0.0,0.0,0.0,0.0,0.0,0.0,0.0,0.0,0.0,0.0,0.0,0.0,0.0,0.0,0.0,0.0,0.0,0.0,0.0,0.0,0.0,0.0,0.0,0.0,0.0,0.0,0.0,0.0,0.0,0.0,0.0,0.0,0.0,0.0,0.0,0.0,0.0,0.0,Z,2
0.0,0.0,0.740741,0.165563,1.320988,0.403974,1.617284,0.529801,1.716049,0.622517,0.864198,1.0,1.345679,1.099338,1.691358,1.119205,1.962963,1.119205,0.45679,0.933775,1.037037,0.768212,1.160494,0.589404,1.111111,0.509934,0.135802,0.761589,0.753086,0.569536,0.864198,0.443709,0.802469,0.397351,-0.135802,0.556291,0.444444,0.410596,0.555556,0.324503,0.530864,0.304636,0,0,0.0,0.0,0.0,0.0,0.0,0.0,0.0,0.0,0.0,0.0,0.0,0.0,0.0,0.0,0.0,0.0,0.0,0.0,0.0,0.0,0.0,0.0,0.0,0.0,0.0,0.0,0.0,0.0,0.0,0.0,0.0,0.0,0.0,0.0,0.0,0.0,0.0,0.0,0.0,0.0,0.0,0.0,Z,2
0.0,0.0,0.15,0.956522,0.425,1.608696,0.825,1.811594,1.275,1.710145,2.4,1.0,0.775,1.028986,-0.25,1.144928,-0.9,1.26087,2.325,0.333333,0.3,0.550725,-0.9,0.710145,-1.675,0.826087,1.95,-0.188406,0.075,0.072464,-0.925,0.246377,-1.7,0.376812,1.4,-0.608696,0.1,-0.449275,-0.725,-0.246377,-1.375,-0.028986,0,0,0.0,0.0,0.0,0.0,0.0,0.0,0.0,0.0,0.0,0.0,0.0,0.0,0.0,0.0,0.0,0.0,0.0,0.0,0.0,0.0,0.0,0.0,0.0,0.0,0.0,0.0,0.0,0.0,0.0,0.0,0.0,0.0,0.0,0.0,0.0,0.0,0.0,0.0,0.0,0.0,0.0,0.0,Z,2
0.0,0.0,-0.125,1.104167,-0.604167,1.833333,-1.395833,1.9375,-2.020833,1.729167,0.479167,1.0,-1.0625,0.9375,-1.895833,0.916667,-2.5,0.9375,0.270833,-0.020833,-1.520833,0.0,-2.520833,0.0625,-3.145833,0.166667,-0.104167,-0.8125,-1.833333,-0.645833,-2.6875,-0.5,-3.229167,-0.270833,-0.520833,-1.375,-1.895833,-1.166667,-2.520833,-0.9375,-2.916667,-0.645833,0,0,0.0,0.0,0.0,0.0,0.0,0.0,0.0,0.0,0.0,0.0,0.0,0.0,0.0,0.0,0.0,0.0,0.0,0.0,0.0,0.0,0.0,0.0,0.0,0.0,0.0,0.0,0.0,0.0,0.0,0.0,0.0,0.0,0.0,0.0,0.0,0.0,0.0,0.0,0.0,0.0,0.0,0.0,Z,2
0.0,0.0,0.115385,0.931034,-0.012821,1.603448,-0.487179,1.758621,-0.910256,1.741379,0.807692,1.0,0.25641,1.086207,-0.217949,1.086207,-0.653846,1.137931,0.551282,0.224138,-0.448718,0.396552,-1.115385,0.517241,-1.551282,0.655172,0.179487,-0.362069,-0.807692,-0.051724,-1.307692,0.12069,-1.628205,0.327586,-0.192308,-0.724138,-0.974359,-0.396552,-1.320513,-0.172414,-1.564103,0.034483,0,0,0.0,0.0,0.0,0.0,0.0,0.0,0.0,0.0,0.0,0.0,0.0,0.0,0.0,0.0,0.0,0.0,0.0,0.0,0.0,0.0,0.0,0.0,0.0,0.0,0.0,0.0,0.0,0.0,0.0,0.0,0.0,0.0,0.0,0.0,0.0,0.0,0.0,0.0,0.0,0.0,0.0,0.0,Z,2
0.0,0.0,0.212598,0.631579,0.244094,1.210526,-0.047244,1.421053,-0.354331,1.473684,0.511811,1.0,0.165354,1.131579,-0.070866,1.421053,-0.330709,1.710526,0.19685,0.394737,-0.393701,0.921053,-0.519685,1.605263,-0.590551,2.105263,-0.173228,-0.131579,-0.653543,0.236842,-0.755906,0.421053,-0.811024,0.552632,-0.488189,-0.447368,-0.748031,-0.236842,-0.795276,-0.026316,-0.818898,0.131579,0,0,0.0,0.0,0.0,0.0,0.0,0.0,0.0,0.0,0.0,0.0,0.0,0.0,0.0,0.0,0.0,0.0,0.0,0.0,0.0,0.0,0.0,0.0,0.0,0.0,0.0,0.0,0.0,0.0,0.0,0.0,0.0,0.0,0.0,0.0,0.0,0.0,0.0,0.0,0.0,0.0,0.0,0.0,Z,2
0.0,0.0,0.271318,0.587629,0.178295,1.041237,-0.224806,1.185567,-0.565891,1.154639,-0.147287,1.0,-0.465116,1.43299,-0.527132,1.896907,-0.565891,2.247423,-0.565891,0.71134,-0.891473,1.14433,-0.627907,1.154639,-0.457364,1.072165,-0.899225,0.515464,-1.054264,0.793814,-0.775194,0.835052,-0.620155,0.793814,-1.147287,0.350515,-1.193798,0.721649,-0.968992,0.742268,-0.837209,0.659794,0,0,0.0,0.0,0.0,0.0,0.0,0.0,0.0,0.0,0.0,0.0,0.0,0.0,0.0,0.0,0.0,0.0,0.0,0.0,0.0,0.0,0.0,0.0,0.0,0.0,0.0,0.0,0.0,0.0,0.0,0.0,0.0,0.0,0.0,0.0,0.0,0.0,0.0,0.0,0.0,0.0,0.0,0.0,Z,2
0.0,0.0,0.318966,0.235294,0.344828,0.5,-0.034483,0.610294,-0.474138,0.632353,-0.215517,1.0,-0.37931,1.176471,-0.508621,1.367647,-0.637931,1.632353,-0.655172,0.911765,-0.956897,0.808824,-0.586207,0.389706,-0.387931,0.382353,-0.991379,0.720588,-1.189655,0.455882,-0.810345,0.169118,-0.62069,0.242647,-1.215517,0.477941,-1.284483,0.235294,-0.982759,0.080882,-0.818966,0.169118,0,0,0.0,0.0,0.0,0.0,0.0,0.0,0.0,0.0,0.0,0.0,0.0,0.0,0.0,0.0,0.0,0.0,0.0,0.0,0.0,0.0,0.0,0.0,0.0,0.0,0.0,0.0,0.0,0.0,0.0,0.0,0.0,0.0,0.0,0.0,0.0,0.0,0.0,0.0,0.0,0.0,0.0,0.0,Z,2
0.0,0.0,0.294643,0.22449,0.357143,0.510204,-0.017857,0.605442,-0.464286,0.62585,-0.232143,1.0,-0.366071,1.190476,-0.517857,1.360544,-0.660714,1.571429,-0.651786,0.877551,-0.928571,0.823129,-0.598214,0.421769,-0.4375,0.421769,-0.982143,0.680272,-1.196429,0.489796,-0.821429,0.204082,-0.633929,0.272109,-1.232143,0.435374,-1.348214,0.251701,-1.026786,0.102041,-0.839286,0.176871,0,0,0.0,0.0,0.0,0.0,0.0,0.0,0.0,0.0,0.0,0.0,0.0,0.0,0.0,0.0,0.0,0.0,0.0,0.0,0.0,0.0,0.0,0.0,0.0,0.0,0.0,0.0,0.0,0.0,0.0,0.0,0.0,0.0,0.0,0.0,0.0,0.0,0.0,0.0,0.0,0.0,0.0,0.0,Z,2
0.0,0.0,0.297297,0.234899,0.351351,0.516779,-0.036036,0.630872,-0.504505,0.637584,-0.234234,1.0,-0.378378,1.194631,-0.531532,1.362416,-0.675676,1.577181,-0.657658,0.865772,-0.963964,0.818792,-0.603604,0.442953,-0.396396,0.449664,-0.990991,0.677852,-1.216216,0.510067,-0.810811,0.228188,-0.612613,0.302013,-1.234234,0.449664,-1.378378,0.268456,-1.027027,0.127517,-0.81982,0.194631,0,0,0.0,0.0,0.0,0.0,0.0,0.0,0.0,0.0,0.0,0.0,0.0,0.0,0.0,0.0,0.0,0.0,0.0,0.0,0.0,0.0,0.0,0.0,0.0,0.0,0.0,0.0,0.0,0.0,0.0,0.0,0.0,0.0,0.0,0.0,0.0,0.0,0.0,0.0,0.0,0.0,0.0,0.0,Z,2
0.0,0.0,0.289474,0.231788,0.368421,0.543046,-0.035088,0.642384,-0.491228,0.629139,-0.236842,1.0,-0.359649,1.198675,-0.508772,1.364238,-0.649123,1.576159,-0.657895,0.880795,-0.921053,0.821192,-0.570175,0.450331,-0.385965,0.463576,-0.982456,0.708609,-1.192982,0.523179,-0.815789,0.251656,-0.631579,0.311258,-1.236842,0.476821,-1.359649,0.291391,-1.026316,0.145695,-0.833333,0.198675,0,0,0.0,0.0,0.0,0.0,0.0,0.0,0.0,0.0,0.0,0.0,0.0,0.0,0.0,0.0,0.0,0.0,0.0,0.0,0.0,0.0,0.0,0.0,0.0,0.0,0.0,0.0,0.0,0.0,0.0,0.0,0.0,0.0,0.0,0.0,0.0,0.0,0.0,0.0,0.0,0.0,0.0,0.0,Z,2
0.0,0.0,0.289474,0.241611,0.385965,0.563758,0.0,0.657718,-0.429825,0.657718,-0.22807,1.0,-0.342105,1.221477,-0.482456,1.38255,-0.622807,1.583893,-0.657895,0.899329,-0.894737,0.812081,-0.587719,0.469799,-0.385965,0.449664,-0.991228,0.718121,-1.166667,0.516779,-0.807018,0.261745,-0.622807,0.302013,-1.22807,0.483221,-1.342105,0.308725,-1.017544,0.147651,-0.833333,0.201342,0,0,0.0,0.0,0.0,0.0,0.0,0.0,0.0,0.0,0.0,0.0,0.0,0.0,0.0,0.0,0.0,0.0,0.0,0.0,0.0,0.0,0.0,0.0,0.0,0.0,0.0,0.0,0.0,0.0,0.0,0.0,0.0,0.0,0.0,0.0,0.0,0.0,0.0,0.0,0.0,0.0,0.0,0.0,Z,2
0.0,0.0,0.272727,0.211921,0.363636,0.509934,0.024793,0.635762,-0.38843,0.649007,-0.181818,1.0,-0.289256,1.198675,-0.429752,1.357616,-0.561983,1.556291,-0.61157,0.913907,-0.809917,0.794702,-0.53719,0.443709,-0.355372,0.417219,-0.933884,0.741722,-1.066116,0.496689,-0.743802,0.238411,-0.561983,0.284768,-1.181818,0.523179,-1.247934,0.291391,-0.942149,0.13245,-0.768595,0.192053,0,0,0.0,0.0,0.0,0.0,0.0,0.0,0.0,0.0,0.0,0.0,0.0,0.0,0.0,0.0,0.0,0.0,0.0,0.0,0.0,0.0,0.0,0.0,0.0,0.0,0.0,0.0,0.0,0.0,0.0,0.0,0.0,0.0,0.0,0.0,0.0,0.0,0.0,0.0,0.0,0.0,0.0,0.0,Z,2
0.0,0.0,0.241935,0.203947,0.330645,0.480263,0.032258,0.611842,-0.354839,0.631579,-0.177419,1.0,-0.266129,1.177632,-0.403226,1.348684,-0.532258,1.539474,-0.596774,0.921053,-0.798387,0.802632,-0.524194,0.447368,-0.354839,0.440789,-0.927419,0.75,-1.064516,0.519737,-0.758065,0.25,-0.604839,0.309211,-1.177419,0.519737,-1.241935,0.302632,-0.959677,0.138158,-0.790323,0.203947,0,0,0.0,0.0,0.0,0.0,0.0,0.0,0.0,0.0,0.0,0.0,0.0,0.0,0.0,0.0,0.0,0.0,0.0,0.0,0.0,0.0,0.0,0.0,0.0,0.0,0.0,0.0,0.0,0.0,0.0,0.0,0.0,0.0,0.0,0.0,0.0,0.0,0.0,0.0,0.0,0.0,0.0,0.0,Z,2
0.0,0.0,0.259843,0.189542,0.346457,0.444444,0.055118,0.575163,-0.338583,0.620915,-0.133858,1.0,-0.228346,1.150327,-0.346457,1.326797,-0.464567,1.529412,-0.543307,0.915033,-0.748031,0.771242,-0.456693,0.398693,-0.307087,0.411765,-0.866142,0.751634,-1.007874,0.496732,-0.685039,0.222222,-0.543307,0.300654,-1.133858,0.542484,-1.181102,0.294118,-0.897638,0.137255,-0.740157,0.222222,0,0,0.0,0.0,0.0,0.0,0.0,0.0,0.0,0.0,0.0,0.0,0.0,0.0,0.0,0.0,0.0,0.0,0.0,0.0,0.0,0.0,0.0,0.0,0.0,0.0,0.0,0.0,0.0,0.0,0.0,0.0,0.0,0.0,0.0,0.0,0.0,0.0,0.0,0.0,0.0,0.0,0.0,0.0,Z,2
0.0,0.0,0.251969,0.203947,0.346457,0.480263,0.03937,0.605263,-0.330709,0.625,-0.133858,1.0,-0.212598,1.184211,-0.346457,1.348684,-0.464567,1.546053,-0.559055,0.940789,-0.732283,0.828947,-0.488189,0.467105,-0.346457,0.453947,-0.889764,0.776316,-1.0,0.539474,-0.708661,0.269737,-0.559055,0.322368,-1.133858,0.552632,-1.188976,0.322368,-0.905512,0.164474,-0.740157,0.223684,0,0,0.0,0.0,0.0,0.0,0.0,0.0,0.0,0.0,0.0,0.0,0.0,0.0,0.0,0.0,0.0,0.0,0.0,0.0,0.0,0.0,0.0,0.0,0.0,0.0,0.0,0.0,0.0,0.0,0.0,0.0,0.0,0.0,0.0,0.0,0.0,0.0,0.0,0.0,0.0,0.0,0.0,0.0,Z,2
0.0,0.0,0.274194,0.228188,0.362903,0.503356,0.040323,0.597315,-0.306452,0.61745,-0.129032,1.0,-0.217742,1.194631,-0.346774,1.369128,-0.459677,1.557047,-0.556452,0.932886,-0.758065,0.818792,-0.516129,0.442953,-0.33871,0.395973,-0.887097,0.758389,-1.024194,0.516779,-0.733871,0.241611,-0.548387,0.275168,-1.129032,0.530201,-1.217742,0.315436,-0.935484,0.147651,-0.75,0.201342,0,0,0.0,0.0,0.0,0.0,0.0,0.0,0.0,0.0,0.0,0.0,0.0,0.0,0.0,0.0,0.0,0.0,0.0,0.0,0.0,0.0,0.0,0.0,0.0,0.0,0.0,0.0,0.0,0.0,0.0,0.0,0.0,0.0,0.0,0.0,0.0,0.0,0.0,0.0,0.0,0.0,0.0,0.0,Z,2
0.0,0.0,0.269841,0.216216,0.388889,0.493243,0.055556,0.587838,-0.293651,0.614865,-0.111111,1.0,-0.190476,1.202703,-0.325397,1.364865,-0.452381,1.554054,-0.539683,0.945946,-0.738095,0.831081,-0.515873,0.459459,-0.34127,0.412162,-0.873016,0.777027,-1.0,0.52027,-0.714286,0.236486,-0.531746,0.283784,-1.111111,0.554054,-1.198413,0.324324,-0.920635,0.148649,-0.738095,0.209459,0,0,0.0,0.0,0.0,0.0,0.0,0.0,0.0,0.0,0.0,0.0,0.0,0.0,0.0,0.0,0.0,0.0,0.0,0.0,0.0,0.0,0.0,0.0,0.0,0.0,0.0,0.0,0.0,0.0,0.0,0.0,0.0,0.0,0.0,0.0,0.0,0.0,0.0,0.0,0.0,0.0,0.0,0.0,Z,2
0.0,0.0,0.292683,0.194631,0.414634,0.483221,0.097561,0.610738,-0.284553,0.651007,-0.081301,1.0,-0.162602,1.201342,-0.284553,1.369128,-0.390244,1.57047,-0.504065,0.946309,-0.707317,0.818792,-0.479675,0.456376,-0.300813,0.42953,-0.837398,0.791946,-0.98374,0.530201,-0.691057,0.261745,-0.504065,0.308725,-1.081301,0.583893,-1.178862,0.348993,-0.902439,0.174497,-0.715447,0.228188,0,0,0.0,0.0,0.0,0.0,0.0,0.0,0.0,0.0,0.0,0.0,0.0,0.0,0.0,0.0,0.0,0.0,0.0,0.0,0.0,0.0,0.0,0.0,0.0,0.0,0.0,0.0,0.0,0.0,0.0,0.0,0.0,0.0,0.0,0.0,0.0,0.0,0.0,0.0,0.0,0.0,0.0,0.0,Z,2
0.0,0.0,0.28,0.190789,0.416,0.480263,0.096,0.605263,-0.28,0.631579,-0.072,1.0,-0.16,1.197368,-0.272,1.361842,-0.376,1.559211,-0.48,0.960526,-0.696,0.789474,-0.448,0.453947,-0.272,0.467105,-0.808,0.815789,-0.976,0.539474,-0.68,0.282895,-0.512,0.355263,-1.072,0.605263,-1.16,0.368421,-0.888,0.197368,-0.736,0.256579,0,0,0.0,0.0,0.0,0.0,0.0,0.0,0.0,0.0,0.0,0.0,0.0,0.0,0.0,0.0,0.0,0.0,0.0,0.0,0.0,0.0,0.0,0.0,0.0,0.0,0.0,0.0,0.0,0.0,0.0,0.0,0.0,0.0,0.0,0.0,0.0,0.0,0.0,0.0,0.0,0.0,0.0,0.0,Z,2
0.0,0.0,0.293651,0.178082,0.436508,0.472603,0.142857,0.59589,-0.230159,0.650685,-0.02381,1.0,-0.103175,1.212329,-0.206349,1.383562,-0.309524,1.589041,-0.428571,0.965753,-0.626984,0.808219,-0.420635,0.458904,-0.277778,0.452055,-0.761905,0.821918,-0.904762,0.541096,-0.626984,0.273973,-0.468254,0.342466,-1.02381,0.616438,-1.103175,0.363014,-0.84127,0.184932,-0.68254,0.246575,0,0,0.0,0.0,0.0,0.0,0.0,0.0,0.0,0.0,0.0,0.0,0.0,0.0,0.0,0.0,0.0,0.0,0.0,0.0,0.0,0.0,0.0,0.0,0.0,0.0,0.0,0.0,0.0,0.0,0.0,0.0,0.0,0.0,0.0,0.0,0.0,0.0,0.0,0.0,0.0,0.0,0.0,0.0,Z,2
0.0,0.0,0.291339,0.167785,0.440945,0.442953,0.149606,0.583893,-0.228346,0.651007,-0.007874,1.0,-0.086614,1.187919,-0.181102,1.355705,-0.275591,1.57047,-0.409449,0.966443,-0.598425,0.832215,-0.385827,0.456376,-0.251969,0.449664,-0.740157,0.832215,-0.889764,0.563758,-0.598425,0.281879,-0.440945,0.348993,-1.007874,0.644295,-1.086614,0.38255,-0.811024,0.201342,-0.653543,0.268456,0,0,0.0,0.0,0.0,0.0,0.0,0.0,0.0,0.0,0.0,0.0,0.0,0.0,0.0,0.0,0.0,0.0,0.0,0.0,0.0,0.0,0.0,0.0,0.0,0.0,0.0,0.0,0.0,0.0,0.0,0.0,0.0,0.0,0.0,0.0,0.0,0.0,0.0,0.0,0.0,0.0,0.0,0.0,Z,2
0.0,0.0,0.301587,0.183673,0.452381,0.47619,0.150794,0.591837,-0.230159,0.632653,-0.015873,1.0,-0.079365,1.204082,-0.174603,1.37415,-0.261905,1.585034,-0.428571,0.972789,-0.603175,0.829932,-0.412698,0.469388,-0.277778,0.44898,-0.761905,0.836735,-0.888889,0.557823,-0.611111,0.285714,-0.452381,0.340136,-1.015873,0.632653,-1.095238,0.387755,-0.833333,0.204082,-0.666667,0.258503,0,0,0.0,0.0,0.0,0.0,0.0,0.0,0.0,0.0,0.0,0.0,0.0,0.0,0.0,0.0,0.0,0.0,0.0,0.0,0.0,0.0,0.0,0.0,0.0,0.0,0.0,0.0,0.0,0.0,0.0,0.0,0.0,0.0,0.0,0.0,0.0,0.0,0.0,0.0,0.0,0.0,0.0,0.0,Z,2
0.0,0.0,0.296875,0.176871,0.46875,0.462585,0.171875,0.612245,-0.210938,0.653061,0.0,1.0,-0.0625,1.217687,-0.148438,1.387755,-0.234375,1.591837,-0.40625,0.979592,-0.578125,0.857143,-0.398438,0.47619,-0.265625,0.462585,-0.742188,0.843537,-0.875,0.585034,-0.609375,0.29932,-0.453125,0.360544,-1.0,0.646259,-1.09375,0.414966,-0.835938,0.22449,-0.679688,0.278912,0,0,0.0,0.0,0.0,0.0,0.0,0.0,0.0,0.0,0.0,0.0,0.0,0.0,0.0,0.0,0.0,0.0,0.0,0.0,0.0,0.0,0.0,0.0,0.0,0.0,0.0,0.0,0.0,0.0,0.0,0.0,0.0,0.0,0.0,0.0,0.0,0.0,0.0,0.0,0.0,0.0,0.0,0.0,Z,2
0.0,0.0,0.314961,0.166667,0.503937,0.458333,0.212598,0.618056,-0.188976,0.666667,0.023622,1.0,-0.03937,1.222222,-0.11811,1.395833,-0.19685,1.618056,-0.385827,0.986111,-0.566929,0.854167,-0.370079,0.465278,-0.23622,0.451389,-0.716535,0.854167,-0.858268,0.583333,-0.582677,0.284722,-0.417323,0.347222,-0.976378,0.666667,-1.086614,0.416667,-0.818898,0.222222,-0.653543,0.270833,0,0,0.0,0.0,0.0,0.0,0.0,0.0,0.0,0.0,0.0,0.0,0.0,0.0,0.0,0.0,0.0,0.0,0.0,0.0,0.0,0.0,0.0,0.0,0.0,0.0,0.0,0.0,0.0,0.0,0.0,0.0,0.0,0.0,0.0,0.0,0.0,0.0,0.0,0.0,0.0,0.0,0.0,0.0,Z,2
0.0,0.0,0.317829,0.171233,0.503876,0.465753,0.217054,0.630137,-0.178295,0.678082,0.046512,1.0,-0.023256,1.219178,-0.100775,1.390411,-0.186047,1.609589,-0.364341,0.972603,-0.534884,0.869863,-0.364341,0.479452,-0.232558,0.452055,-0.697674,0.842466,-0.829457,0.59589,-0.573643,0.30137,-0.403101,0.349315,-0.953488,0.657534,-1.03876,0.424658,-0.790698,0.226027,-0.612403,0.273973,0,0,0.0,0.0,0.0,0.0,0.0,0.0,0.0,0.0,0.0,0.0,0.0,0.0,0.0,0.0,0.0,0.0,0.0,0.0,0.0,0.0,0.0,0.0,0.0,0.0,0.0,0.0,0.0,0.0,0.0,0.0,0.0,0.0,0.0,0.0,0.0,0.0,0.0,0.0,0.0,0.0,0.0,0.0,Z,2
0.0,0.0,0.322835,0.182432,0.488189,0.466216,0.204724,0.614865,-0.173228,0.675676,0.062992,1.0,-0.023622,1.216216,-0.102362,1.371622,-0.173228,1.594595,-0.346457,0.966216,-0.543307,0.898649,-0.370079,0.5,-0.228346,0.466216,-0.677165,0.844595,-0.84252,0.614865,-0.582677,0.297297,-0.401575,0.344595,-0.937008,0.662162,-1.062992,0.439189,-0.80315,0.236486,-0.622047,0.290541,0,0,0.0,0.0,0.0,0.0,0.0,0.0,0.0,0.0,0.0,0.0,0.0,0.0,0.0,0.0,0.0,0.0,0.0,0.0,0.0,0.0,0.0,0.0,0.0,0.0,0.0,0.0,0.0,0.0,0.0,0.0,0.0,0.0,0.0,0.0,0.0,0.0,0.0,0.0,0.0,0.0,0.0,0.0,Z,2
0.0,0.0,0.302326,0.155405,0.449612,0.412162,0.209302,0.587838,-0.170543,0.675676,0.069767,1.0,-0.023256,1.195946,-0.093023,1.364865,-0.162791,1.594595,-0.333333,0.966216,-0.550388,0.851351,-0.348837,0.459459,-0.217054,0.472973,-0.658915,0.844595,-0.829457,0.601351,-0.55814,0.297297,-0.403101,0.371622,-0.930233,0.682432,-1.031008,0.432432,-0.775194,0.236486,-0.604651,0.304054,0,0,0.0,0.0,0.0,0.0,0.0,0.0,0.0,0.0,0.0,0.0,0.0,0.0,0.0,0.0,0.0,0.0,0.0,0.0,0.0,0.0,0.0,0.0,0.0,0.0,0.0,0.0,0.0,0.0,0.0,0.0,0.0,0.0,0.0,0.0,0.0,0.0,0.0,0.0,0.0,0.0,0.0,0.0,Z,2
0.0,0.0,0.301587,0.148649,0.460317,0.412162,0.206349,0.581081,-0.190476,0.655405,0.063492,1.0,-0.015873,1.189189,-0.103175,1.358108,-0.166667,1.574324,-0.325397,0.959459,-0.539683,0.891892,-0.349206,0.47973,-0.206349,0.466216,-0.65873,0.831081,-0.833333,0.628378,-0.571429,0.310811,-0.412698,0.364865,-0.936508,0.668919,-1.047619,0.439189,-0.793651,0.243243,-0.619048,0.297297,0,0,0.0,0.0,0.0,0.0,0.0,0.0,0.0,0.0,0.0,0.0,0.0,0.0,0.0,0.0,0.0,0.0,0.0,0.0,0.0,0.0,0.0,0.0,0.0,0.0,0.0,0.0,0.0,0.0,0.0,0.0,0.0,0.0,0.0,0.0,0.0,0.0,0.0,0.0,0.0,0.0,0.0,0.0,Z,2
0.0,0.0,0.296875,0.154362,0.429688,0.402685,0.179688,0.57047,-0.203125,0.657718,0.046875,1.0,-0.039062,1.181208,-0.109375,1.348993,-0.171875,1.57047,-0.34375,0.95302,-0.554688,0.865772,-0.351562,0.463087,-0.21875,0.47651,-0.671875,0.832215,-0.835938,0.610738,-0.570312,0.295302,-0.421875,0.375839,-0.953125,0.677852,-1.039062,0.436242,-0.789062,0.248322,-0.632812,0.315436,0,0,0.0,0.0,0.0,0.0,0.0,0.0,0.0,0.0,0.0,0.0,0.0,0.0,0.0,0.0,0.0,0.0,0.0,0.0,0.0,0.0,0.0,0.0,0.0,0.0,0.0,0.0,0.0,0.0,0.0,0.0,0.0,0.0,0.0,0.0,0.0,0.0,0.0,0.0,0.0,0.0,0.0,0.0,Z,2
0.0,0.0,0.285714,0.171233,0.436508,0.438356,0.150794,0.582192,-0.214286,0.643836,0.0,1.0,-0.055556,1.212329,-0.134921,1.383562,-0.206349,1.59589,-0.396825,0.965753,-0.571429,0.90411,-0.396825,0.493151,-0.261905,0.472603,-0.730159,0.842466,-0.873016,0.630137,-0.626984,0.315068,-0.468254,0.363014,-1.0,0.657534,-1.103175,0.458904,-0.865079,0.267123,-0.698413,0.315068,0,0,0.0,0.0,0.0,0.0,0.0,0.0,0.0,0.0,0.0,0.0,0.0,0.0,0.0,0.0,0.0,0.0,0.0,0.0,0.0,0.0,0.0,0.0,0.0,0.0,0.0,0.0,0.0,0.0,0.0,0.0,0.0,0.0,0.0,0.0,0.0,0.0,0.0,0.0,0.0,0.0,0.0,0.0,Z,2
0.0,0.0,0.286822,0.163265,0.434109,0.428571,0.178295,0.585034,-0.170543,0.666667,0.046512,1.0,-0.007752,1.210884,-0.108527,1.394558,-0.178295,1.598639,-0.356589,0.972789,-0.51938,0.918367,-0.379845,0.510204,-0.24031,0.455782,-0.689922,0.85034,-0.837209,0.653061,-0.604651,0.326531,-0.44186,0.353741,-0.953488,0.666667,-1.062016,0.462585,-0.821705,0.265306,-0.643411,0.29932,0,0,0.0,0.0,0.0,0.0,0.0,0.0,0.0,0.0,0.0,0.0,0.0,0.0,0.0,0.0,0.0,0.0,0.0,0.0,0.0,0.0,0.0,0.0,0.0,0.0,0.0,0.0,0.0,0.0,0.0,0.0,0.0,0.0,0.0,0.0,0.0,0.0,0.0,0.0,0.0,0.0,0.0,0.0,Z,2
0.0,0.0,0.275591,0.176871,0.425197,0.455782,0.15748,0.605442,-0.19685,0.666667,0.023622,1.0,-0.03937,1.217687,-0.125984,1.394558,-0.19685,1.605442,-0.377953,0.965986,-0.551181,0.918367,-0.385827,0.510204,-0.244094,0.47619,-0.708661,0.843537,-0.850394,0.653061,-0.606299,0.333333,-0.448819,0.367347,-0.976378,0.666667,-1.07874,0.469388,-0.834646,0.272109,-0.653543,0.319728,0,0,0.0,0.0,0.0,0.0,0.0,0.0,0.0,0.0,0.0,0.0,0.0,0.0,0.0,0.0,0.0,0.0,0.0,0.0,0.0,0.0,0.0,0.0,0.0,0.0,0.0,0.0,0.0,0.0,0.0,0.0,0.0,0.0,0.0,0.0,0.0,0.0,0.0,0.0,0.0,0.0,0.0,0.0,Z,2
0.0,0.0,0.289062,0.178082,0.4375,0.445205,0.164062,0.582192,-0.171875,0.643836,0.03125,1.0,-0.03125,1.212329,-0.125,1.39726,-0.195312,1.609589,-0.375,0.979452,-0.554688,0.90411,-0.390625,0.506849,-0.25,0.445205,-0.710938,0.849315,-0.859375,0.643836,-0.625,0.335616,-0.453125,0.349315,-0.96875,0.657534,-1.078125,0.458904,-0.835938,0.260274,-0.65625,0.294521,0,0,0.0,0.0,0.0,0.0,0.0,0.0,0.0,0.0,0.0,0.0,0.0,0.0,0.0,0.0,0.0,0.0,0.0,0.0,0.0,0.0,0.0,0.0,0.0,0.0,0.0,0.0,0.0,0.0,0.0,0.0,0.0,0.0,0.0,0.0,0.0,0.0,0.0,0.0,0.0,0.0,0.0,0.0,Z,2
0.0,0.0,0.314516,0.163265,0.467742,0.442177,0.193548,0.612245,-0.185484,0.693878,0.048387,1.0,-0.016129,1.217687,-0.104839,1.394558,-0.177419,1.605442,-0.346774,0.965986,-0.556452,0.918367,-0.379032,0.517007,-0.233871,0.489796,-0.685484,0.843537,-0.862903,0.659864,-0.612903,0.340136,-0.435484,0.380952,-0.951613,0.666667,-1.080645,0.47619,-0.830645,0.278912,-0.645161,0.319728,0,0,0.0,0.0,0.0,0.0,0.0,0.0,0.0,0.0,0.0,0.0,0.0,0.0,0.0,0.0,0.0,0.0,0.0,0.0,0.0,0.0,0.0,0.0,0.0,0.0,0.0,0.0,0.0,0.0,0.0,0.0,0.0,0.0,0.0,0.0,0.0,0.0,0.0,0.0,0.0,0.0,0.0,0.0,Z,2
0.0,0.0,0.291339,0.152318,0.433071,0.410596,0.173228,0.582781,-0.188976,0.675497,0.047244,1.0,-0.023622,1.192053,-0.110236,1.364238,-0.181102,1.569536,-0.346457,0.960265,-0.551181,0.900662,-0.370079,0.496689,-0.228346,0.483444,-0.677165,0.84106,-0.850394,0.649007,-0.606299,0.331126,-0.448819,0.377483,-0.952756,0.668874,-1.070866,0.463576,-0.826772,0.271523,-0.653543,0.317881,0,0,0.0,0.0,0.0,0.0,0.0,0.0,0.0,0.0,0.0,0.0,0.0,0.0,0.0,0.0,0.0,0.0,0.0,0.0,0.0,0.0,0.0,0.0,0.0,0.0,0.0,0.0,0.0,0.0,0.0,0.0,0.0,0.0,0.0,0.0,0.0,0.0,0.0,0.0,0.0,0.0,0.0,0.0,Z,2
0.0,0.0,0.296875,0.154362,0.445312,0.402685,0.195312,0.577181,-0.195312,0.651007,0.046875,1.0,-0.03125,1.187919,-0.101562,1.362416,-0.164062,1.583893,-0.34375,0.946309,-0.546875,0.879195,-0.335938,0.469799,-0.203125,0.483221,-0.671875,0.825503,-0.84375,0.624161,-0.578125,0.302013,-0.4375,0.375839,-0.953125,0.66443,-1.054688,0.442953,-0.804688,0.255034,-0.648438,0.322148,0,0,0.0,0.0,0.0,0.0,0.0,0.0,0.0,0.0,0.0,0.0,0.0,0.0,0.0,0.0,0.0,0.0,0.0,0.0,0.0,0.0,0.0,0.0,0.0,0.0,0.0,0.0,0.0,0.0,0.0,0.0,0.0,0.0,0.0,0.0,0.0,0.0,0.0,0.0,0.0,0.0,0.0,0.0,Z,2
0.0,0.0,0.293651,0.175676,0.452381,0.445946,0.174603,0.601351,-0.190476,0.675676,0.031746,1.0,-0.02381,1.222973,-0.119048,1.412162,-0.18254,1.608108,-0.373016,0.959459,-0.547619,0.932432,-0.396825,0.527027,-0.269841,0.472973,-0.706349,0.831081,-0.849206,0.648649,-0.611111,0.331081,-0.444444,0.351351,-0.968254,0.641892,-1.071429,0.459459,-0.825397,0.263514,-0.650794,0.304054,0,0,0.0,0.0,0.0,0.0,0.0,0.0,0.0,0.0,0.0,0.0,0.0,0.0,0.0,0.0,0.0,0.0,0.0,0.0,0.0,0.0,0.0,0.0,0.0,0.0,0.0,0.0,0.0,0.0,0.0,0.0,0.0,0.0,0.0,0.0,0.0,0.0,0.0,0.0,0.0,0.0,0.0,0.0,Z,2
0.0,0.0,0.289062,0.173333,0.429688,0.433333,0.1875,0.6,-0.179688,0.673333,0.03125,1.0,-0.03125,1.193333,-0.117188,1.38,-0.171875,1.586667,-0.367188,0.946667,-0.546875,0.913333,-0.382812,0.506667,-0.25,0.466667,-0.695312,0.826667,-0.851562,0.646667,-0.609375,0.32,-0.460938,0.36,-0.96875,0.653333,-1.078125,0.46,-0.84375,0.266667,-0.671875,0.313333,0,0,0.0,0.0,0.0,0.0,0.0,0.0,0.0,0.0,0.0,0.0,0.0,0.0,0.0,0.0,0.0,0.0,0.0,0.0,0.0,0.0,0.0,0.0,0.0,0.0,0.0,0.0,0.0,0.0,0.0,0.0,0.0,0.0,0.0,0.0,0.0,0.0,0.0,0.0,0.0,0.0,0.0,0.0,Z,2
0.0,0.0,0.28125,0.173333,0.429688,0.44,0.164062,0.606667,-0.203125,0.686667,0.007812,1.0,-0.039062,1.2,-0.132812,1.38,-0.203125,1.593333,-0.390625,0.953333,-0.570312,0.913333,-0.398438,0.513333,-0.265625,0.473333,-0.71875,0.833333,-0.867188,0.64,-0.625,0.326667,-0.476562,0.36,-0.992188,0.646667,-1.101562,0.46,-0.859375,0.273333,-0.695312,0.32,0,0,0.0,0.0,0.0,0.0,0.0,0.0,0.0,0.0,0.0,0.0,0.0,0.0,0.0,0.0,0.0,0.0,0.0,0.0,0.0,0.0,0.0,0.0,0.0,0.0,0.0,0.0,0.0,0.0,0.0,0.0,0.0,0.0,0.0,0.0,0.0,0.0,0.0,0.0,0.0,0.0,0.0,0.0,Z,2
0.0,0.0,0.296875,0.162162,0.445312,0.439189,0.164062,0.608108,-0.210938,0.682432,0.015625,1.0,-0.046875,1.202703,-0.132812,1.385135,-0.210938,1.601351,-0.390625,0.966216,-0.585938,0.898649,-0.414062,0.506757,-0.289062,0.47973,-0.71875,0.837838,-0.875,0.621622,-0.632812,0.310811,-0.476562,0.358108,-0.984375,0.655405,-1.09375,0.445946,-0.851562,0.256757,-0.6875,0.310811,0,0,0.0,0.0,0.0,0.0,0.0,0.0,0.0,0.0,0.0,0.0,0.0,0.0,0.0,0.0,0.0,0.0,0.0,0.0,0.0,0.0,0.0,0.0,0.0,0.0,0.0,0.0,0.0,0.0,0.0,0.0,0.0,0.0,0.0,0.0,0.0,0.0,0.0,0.0,0.0,0.0,0.0,0.0,Z,2
0.0,0.0,0.286822,0.177632,0.434109,0.447368,0.162791,0.611842,-0.20155,0.677632,0.023256,1.0,-0.046512,1.197368,-0.131783,1.381579,-0.209302,1.578947,-0.379845,0.960526,-0.573643,0.907895,-0.410853,0.519737,-0.27907,0.467105,-0.713178,0.828947,-0.868217,0.638158,-0.627907,0.335526,-0.457364,0.355263,-0.976744,0.644737,-1.093023,0.460526,-0.852713,0.276316,-0.682171,0.315789,0,0,0.0,0.0,0.0,0.0,0.0,0.0,0.0,0.0,0.0,0.0,0.0,0.0,0.0,0.0,0.0,0.0,0.0,0.0,0.0,0.0,0.0,0.0,0.0,0.0,0.0,0.0,0.0,0.0,0.0,0.0,0.0,0.0,0.0,0.0,0.0,0.0,0.0,0.0,0.0,0.0,0.0,0.0,Z,2
0.0,0.0,0.307087,0.176871,0.464567,0.455782,0.181102,0.619048,-0.188976,0.693878,0.023622,1.0,-0.03937,1.22449,-0.133858,1.408163,-0.220472,1.62585,-0.385827,0.972789,-0.574803,0.931973,-0.409449,0.52381,-0.267717,0.47619,-0.716535,0.843537,-0.874016,0.646259,-0.629921,0.326531,-0.448819,0.360544,-0.976378,0.653061,-1.094488,0.462585,-0.850394,0.265306,-0.661417,0.306122,0,0,0.0,0.0,0.0,0.0,0.0,0.0,0.0,0.0,0.0,0.0,0.0,0.0,0.0,0.0,0.0,0.0,0.0,0.0,0.0,0.0,0.0,0.0,0.0,0.0,0.0,0.0,0.0,0.0,0.0,0.0,0.0,0.0,0.0,0.0,0.0,0.0,0.0,0.0,0.0,0.0,0.0,0.0,Z,2
0.0,0.0,0.3125,0.170068,0.46875,0.462585,0.179688,0.632653,-0.195312,0.70068,0.039062,1.0,-0.039062,1.217687,-0.132812,1.394558,-0.210938,1.619048,-0.367188,0.972789,-0.570312,0.92517,-0.40625,0.517007,-0.265625,0.47619,-0.695312,0.843537,-0.875,0.646259,-0.632812,0.326531,-0.453125,0.360544,-0.960938,0.666667,-1.085938,0.462585,-0.851562,0.258503,-0.671875,0.306122,0,0,0.0,0.0,0.0,0.0,0.0,0.0,0.0,0.0,0.0,0.0,0.0,0.0,0.0,0.0,0.0,0.0,0.0,0.0,0.0,0.0,0.0,0.0,0.0,0.0,0.0,0.0,0.0,0.0,0.0,0.0,0.0,0.0,0.0,0.0,0.0,0.0,0.0,0.0,0.0,0.0,0.0,0.0,Z,2
0.0,0.0,0.310078,0.16,0.457364,0.426667,0.209302,0.606667,-0.186047,0.68,0.046512,1.0,-0.031008,1.206667,-0.124031,1.38,-0.20155,1.586667,-0.348837,0.96,-0.55814,0.906667,-0.364341,0.5,-0.232558,0.493333,-0.682171,0.833333,-0.860465,0.64,-0.604651,0.32,-0.44186,0.373333,-0.953488,0.666667,-1.062016,0.453333,-0.813953,0.253333,-0.635659,0.313333,0,0,0.0,0.0,0.0,0.0,0.0,0.0,0.0,0.0,0.0,0.0,0.0,0.0,0.0,0.0,0.0,0.0,0.0,0.0,0.0,0.0,0.0,0.0,0.0,0.0,0.0,0.0,0.0,0.0,0.0,0.0,0.0,0.0,0.0,0.0,0.0,0.0,0.0,0.0,0.0,0.0,0.0,0.0,Z,2
0.0,0.0,0.31746,0.172185,0.460317,0.443709,0.18254,0.602649,-0.222222,0.668874,0.031746,1.0,-0.055556,1.198675,-0.142857,1.364238,-0.214286,1.569536,-0.373016,0.933775,-0.587302,0.900662,-0.388889,0.503311,-0.253968,0.496689,-0.698413,0.801325,-0.880952,0.629139,-0.619048,0.317881,-0.452381,0.377483,-0.968254,0.629139,-1.087302,0.437086,-0.833333,0.245033,-0.65873,0.304636,0,0,0.0,0.0,0.0,0.0,0.0,0.0,0.0,0.0,0.0,0.0,0.0,0.0,0.0,0.0,0.0,0.0,0.0,0.0,0.0,0.0,0.0,0.0,0.0,0.0,0.0,0.0,0.0,0.0,0.0,0.0,0.0,0.0,0.0,0.0,0.0,0.0,0.0,0.0,0.0,0.0,0.0,0.0,Z,2
0.0,0.0,0.293651,0.166667,0.444444,0.433333,0.174603,0.6,-0.198413,0.68,0.015873,1.0,-0.055556,1.213333,-0.150794,1.386667,-0.222222,1.586667,-0.388889,0.96,-0.595238,0.913333,-0.412698,0.506667,-0.261905,0.493333,-0.714286,0.826667,-0.896825,0.64,-0.642857,0.326667,-0.468254,0.366667,-0.984127,0.646667,-1.111111,0.453333,-0.865079,0.26,-0.674603,0.3,0,0,0.0,0.0,0.0,0.0,0.0,0.0,0.0,0.0,0.0,0.0,0.0,0.0,0.0,0.0,0.0,0.0,0.0,0.0,0.0,0.0,0.0,0.0,0.0,0.0,0.0,0.0,0.0,0.0,0.0,0.0,0.0,0.0,0.0,0.0,0.0,0.0,0.0,0.0,0.0,0.0,0.0,0.0,Z,2
0.0,0.0,0.291339,0.168919,0.448819,0.445946,0.15748,0.608108,-0.220472,0.675676,0.007874,1.0,-0.047244,1.216216,-0.149606,1.398649,-0.228346,1.601351,-0.401575,0.959459,-0.582677,0.905405,-0.401575,0.506757,-0.267717,0.486486,-0.732283,0.831081,-0.88189,0.628378,-0.629921,0.317568,-0.480315,0.371622,-0.992126,0.641892,-1.102362,0.445946,-0.850394,0.256757,-0.685039,0.297297,0,0,0.0,0.0,0.0,0.0,0.0,0.0,0.0,0.0,0.0,0.0,0.0,0.0,0.0,0.0,0.0,0.0,0.0,0.0,0.0,0.0,0.0,0.0,0.0,0.0,0.0,0.0,0.0,0.0,0.0,0.0,0.0,0.0,0.0,0.0,0.0,0.0,0.0,0.0,0.0,0.0,0.0,0.0,Z,2
0.0,0.0,0.291339,0.175676,0.440945,0.459459,0.15748,0.614865,-0.228346,0.662162,-0.007874,1.0,-0.062992,1.216216,-0.149606,1.391892,-0.228346,1.601351,-0.417323,0.952703,-0.590551,0.912162,-0.425197,0.506757,-0.307087,0.486486,-0.755906,0.817568,-0.889764,0.628378,-0.645669,0.310811,-0.496063,0.358108,-1.007874,0.628378,-1.11811,0.439189,-0.866142,0.243243,-0.700787,0.290541,0,0,0.0,0.0,0.0,0.0,0.0,0.0,0.0,0.0,0.0,0.0,0.0,0.0,0.0,0.0,0.0,0.0,0.0,0.0,0.0,0.0,0.0,0.0,0.0,0.0,0.0,0.0,0.0,0.0,0.0,0.0,0.0,0.0,0.0,0.0,0.0,0.0,0.0,0.0,0.0,0.0,0.0,0.0,Z,2
0.0,0.0,0.291339,0.173333,0.448819,0.44,0.181102,0.613333,-0.19685,0.686667,0.007874,1.0,-0.055118,1.206667,-0.149606,1.386667,-0.220472,1.593333,-0.401575,0.966667,-0.582677,0.906667,-0.409449,0.513333,-0.275591,0.48,-0.732283,0.833333,-0.88189,0.633333,-0.637795,0.326667,-0.472441,0.36,-0.992126,0.64,-1.110236,0.44,-0.858268,0.253333,-0.685039,0.293333,0,0,0.0,0.0,0.0,0.0,0.0,0.0,0.0,0.0,0.0,0.0,0.0,0.0,0.0,0.0,0.0,0.0,0.0,0.0,0.0,0.0,0.0,0.0,0.0,0.0,0.0,0.0,0.0,0.0,0.0,0.0,0.0,0.0,0.0,0.0,0.0,0.0,0.0,0.0,0.0,0.0,0.0,0.0,Z,2
0.0,0.0,0.283465,0.182432,0.440945,0.466216,0.15748,0.608108,-0.204724,0.668919,0.0,1.0,-0.055118,1.222973,-0.15748,1.398649,-0.228346,1.608108,-0.409449,0.959459,-0.590551,0.918919,-0.425197,0.52027,-0.291339,0.47973,-0.740157,0.824324,-0.88189,0.628378,-0.645669,0.317568,-0.480315,0.358108,-1.0,0.628378,-1.11811,0.439189,-0.874016,0.243243,-0.700787,0.283784,0,0,0.0,0.0,0.0,0.0,0.0,0.0,0.0,0.0,0.0,0.0,0.0,0.0,0.0,0.0,0.0,0.0,0.0,0.0,0.0,0.0,0.0,0.0,0.0,0.0,0.0,0.0,0.0,0.0,0.0,0.0,0.0,0.0,0.0,0.0,0.0,0.0,0.0,0.0,0.0,0.0,0.0,0.0,Z,2
0.0,0.0,0.306452,0.181208,0.483871,0.469799,0.185484,0.61745,-0.185484,0.684564,0.016129,1.0,-0.040323,1.228188,-0.137097,1.402685,-0.217742,1.610738,-0.395161,0.966443,-0.572581,0.899329,-0.395161,0.510067,-0.25,0.47651,-0.725806,0.832215,-0.887097,0.637584,-0.645161,0.33557,-0.467742,0.362416,-0.983871,0.637584,-1.104839,0.449664,-0.854839,0.248322,-0.677419,0.281879,0,0,0.0,0.0,0.0,0.0,0.0,0.0,0.0,0.0,0.0,0.0,0.0,0.0,0.0,0.0,0.0,0.0,0.0,0.0,0.0,0.0,0.0,0.0,0.0,0.0,0.0,0.0,0.0,0.0,0.0,0.0,0.0,0.0,0.0,0.0,0.0,0.0,0.0,0.0,0.0,0.0,0.0,0.0,Z,2
0.0,0.0,0.301587,0.17931,0.452381,0.468966,0.174603,0.627586,-0.18254,0.689655,0.015873,1.0,-0.047619,1.227586,-0.142857,1.413793,-0.222222,1.62069,-0.396825,0.972414,-0.587302,0.910345,-0.436508,0.517241,-0.293651,0.468966,-0.730159,0.841379,-0.888889,0.627586,-0.650794,0.317241,-0.468254,0.344828,-0.984127,0.648276,-1.103175,0.448276,-0.865079,0.241379,-0.674603,0.275862,0,0,0.0,0.0,0.0,0.0,0.0,0.0,0.0,0.0,0.0,0.0,0.0,0.0,0.0,0.0,0.0,0.0,0.0,0.0,0.0,0.0,0.0,0.0,0.0,0.0,0.0,0.0,0.0,0.0,0.0,0.0,0.0,0.0,0.0,0.0,0.0,0.0,0.0,0.0,0.0,0.0,0.0,0.0,Z,2
0.0,0.0,0.304688,0.156463,0.460938,0.435374,0.210938,0.619048,-0.179688,0.687075,0.03125,1.0,-0.039062,1.217687,-0.132812,1.394558,-0.210938,1.619048,-0.359375,0.965986,-0.554688,0.897959,-0.375,0.489796,-0.226562,0.47619,-0.695312,0.836735,-0.867188,0.639456,-0.617188,0.319728,-0.445312,0.360544,-0.96875,0.659864,-1.085938,0.442177,-0.835938,0.244898,-0.65625,0.292517,0,0,0.0,0.0,0.0,0.0,0.0,0.0,0.0,0.0,0.0,0.0,0.0,0.0,0.0,0.0,0.0,0.0,0.0,0.0,0.0,0.0,0.0,0.0,0.0,0.0,0.0,0.0,0.0,0.0,0.0,0.0,0.0,0.0,0.0,0.0,0.0,0.0,0.0,0.0,0.0,0.0,0.0,0.0,Z,2
0.0,0.0,0.27907,0.163399,0.426357,0.437908,0.162791,0.607843,-0.224806,0.673203,0.0,1.0,-0.069767,1.196078,-0.162791,1.366013,-0.24031,1.562092,-0.403101,0.941176,-0.596899,0.875817,-0.395349,0.496732,-0.263566,0.490196,-0.728682,0.803922,-0.883721,0.607843,-0.612403,0.320261,-0.465116,0.372549,-1.0,0.620915,-1.085271,0.418301,-0.829457,0.24183,-0.658915,0.287582,0,0,0.0,0.0,0.0,0.0,0.0,0.0,0.0,0.0,0.0,0.0,0.0,0.0,0.0,0.0,0.0,0.0,0.0,0.0,0.0,0.0,0.0,0.0,0.0,0.0,0.0,0.0,0.0,0.0,0.0,0.0,0.0,0.0,0.0,0.0,0.0,0.0,0.0,0.0,0.0,0.0,0.0,0.0,Z,2
0.0,0.0,0.387597,0.049645,0.75969,0.297872,0.922481,0.574468,0.945736,0.87234,0.55814,1.0,0.806202,1.333333,1.062016,1.531915,1.24031,1.758865,0.224806,1.092199,0.496124,1.078014,0.449612,0.588652,0.372093,0.531915,-0.108527,1.014184,0.116279,0.879433,0.147287,0.425532,0.085271,0.411348,-0.44186,0.865248,-0.271318,0.659574,-0.162791,0.333333,-0.20155,0.312057,0,0,0.0,0.0,0.0,0.0,0.0,0.0,0.0,0.0,0.0,0.0,0.0,0.0,0.0,0.0,0.0,0.0,0.0,0.0,0.0,0.0,0.0,0.0,0.0,0.0,0.0,0.0,0.0,0.0,0.0,0.0,0.0,0.0,0.0,0.0,0.0,0.0,0.0,0.0,0.0,0.0,0.0,0.0,Z,3
0.0,0.0,0.422535,0.09434,0.774648,0.301887,0.943662,0.559748,0.887324,0.798742,0.640845,1.0,0.950704,1.314465,1.204225,1.566038,1.387324,1.779874,0.267606,1.08805,0.619718,0.993711,0.577465,0.540881,0.450704,0.459119,-0.06338,1.012579,0.267606,0.767296,0.253521,0.396226,0.140845,0.383648,-0.359155,0.849057,-0.112676,0.628931,-0.021127,0.345912,-0.049296,0.327044,0,0,0.0,0.0,0.0,0.0,0.0,0.0,0.0,0.0,0.0,0.0,0.0,0.0,0.0,0.0,0.0,0.0,0.0,0.0,0.0,0.0,0.0,0.0,0.0,0.0,0.0,0.0,0.0,0.0,0.0,0.0,0.0,0.0,0.0,0.0,0.0,0.0,0.0,0.0,0.0,0.0,0.0,0.0,Z,3
0.0,0.0,0.4375,0.10241,0.777778,0.313253,0.930556,0.554217,0.9375,0.795181,0.680556,1.0,1.0,1.319277,1.25,1.560241,1.430556,1.753012,0.305556,1.084337,0.652778,0.963855,0.611111,0.542169,0.5,0.475904,-0.020833,1.018072,0.3125,0.746988,0.291667,0.39759,0.1875,0.385542,-0.319444,0.861446,-0.055556,0.626506,0.027778,0.361446,0.0,0.343373,0,0,0.0,0.0,0.0,0.0,0.0,0.0,0.0,0.0,0.0,0.0,0.0,0.0,0.0,0.0,0.0,0.0,0.0,0.0,0.0,0.0,0.0,0.0,0.0,0.0,0.0,0.0,0.0,0.0,0.0,0.0,0.0,0.0,0.0,0.0,0.0,0.0,0.0,0.0,0.0,0.0,0.0,0.0,Z,3
0.0,0.0,0.465753,0.12426,0.80137,0.331361,0.958904,0.556213,0.952055,0.792899,0.691781,1.0,1.013699,1.307692,1.260274,1.550296,1.438356,1.745562,0.321918,1.076923,0.664384,0.964497,0.616438,0.544379,0.513699,0.461538,-0.013699,1.005917,0.321918,0.751479,0.30137,0.402367,0.19863,0.378698,-0.308219,0.857988,-0.041096,0.627219,0.034247,0.360947,0.006849,0.337278,0,0,0.0,0.0,0.0,0.0,0.0,0.0,0.0,0.0,0.0,0.0,0.0,0.0,0.0,0.0,0.0,0.0,0.0,0.0,0.0,0.0,0.0,0.0,0.0,0.0,0.0,0.0,0.0,0.0,0.0,0.0,0.0,0.0,0.0,0.0,0.0,0.0,0.0,0.0,0.0,0.0,0.0,0.0,Z,3
0.0,0.0,0.479452,0.129412,0.815068,0.329412,0.979452,0.558824,0.952055,0.794118,0.712329,1.0,1.041096,1.305882,1.287671,1.547059,1.458904,1.747059,0.335616,1.082353,0.678082,0.958824,0.630137,0.552941,0.527397,0.476471,0.006849,1.017647,0.342466,0.752941,0.315068,0.411765,0.219178,0.394118,-0.287671,0.870588,-0.020548,0.635294,0.061644,0.376471,0.034247,0.352941,0,0,0.0,0.0,0.0,0.0,0.0,0.0,0.0,0.0,0.0,0.0,0.0,0.0,0.0,0.0,0.0,0.0,0.0,0.0,0.0,0.0,0.0,0.0,0.0,0.0,0.0,0.0,0.0,0.0,0.0,0.0,0.0,0.0,0.0,0.0,0.0,0.0,0.0,0.0,0.0,0.0,0.0,0.0,Z,3
0.0,0.0,0.475862,0.125749,0.827586,0.335329,0.986207,0.57485,0.951724,0.808383,0.731034,1.0,1.055172,1.323353,1.296552,1.562874,1.475862,1.766467,0.351724,1.095808,0.682759,0.976048,0.634483,0.562874,0.531034,0.491018,0.02069,1.035928,0.344828,0.772455,0.317241,0.42515,0.234483,0.407186,-0.268966,0.892216,-0.013793,0.646707,0.062069,0.383234,0.027586,0.371257,0,0,0.0,0.0,0.0,0.0,0.0,0.0,0.0,0.0,0.0,0.0,0.0,0.0,0.0,0.0,0.0,0.0,0.0,0.0,0.0,0.0,0.0,0.0,0.0,0.0,0.0,0.0,0.0,0.0,0.0,0.0,0.0,0.0,0.0,0.0,0.0,0.0,0.0,0.0,0.0,0.0,0.0,0.0,Z,3
0.0,0.0,0.479167,0.126506,0.833333,0.337349,0.986111,0.578313,0.965278,0.813253,0.715278,1.0,1.041667,1.331325,1.298611,1.566265,1.479167,1.771084,0.340278,1.090361,0.680556,0.981928,0.638889,0.566265,0.534722,0.475904,0.006944,1.024096,0.333333,0.76506,0.319444,0.421687,0.236111,0.39759,-0.284722,0.879518,-0.027778,0.63253,0.055556,0.373494,0.027778,0.361446,0,0,0.0,0.0,0.0,0.0,0.0,0.0,0.0,0.0,0.0,0.0,0.0,0.0,0.0,0.0,0.0,0.0,0.0,0.0,0.0,0.0,0.0,0.0,0.0,0.0,0.0,0.0,0.0,0.0,0.0,0.0,0.0,0.0,0.0,0.0,0.0,0.0,0.0,0.0,0.0,0.0,0.0,0.0,Z,3
0.0,0.0,0.482759,0.130178,0.827586,0.343195,0.965517,0.585799,0.931034,0.822485,0.710345,1.0,1.034483,1.307692,1.282759,1.538462,1.462069,1.739645,0.337931,1.088757,0.675862,0.964497,0.634483,0.550296,0.537931,0.467456,0.006897,1.017751,0.331034,0.757396,0.310345,0.414201,0.227586,0.39645,-0.289655,0.869822,-0.034483,0.627219,0.048276,0.372781,0.027586,0.35503,0,0,0.0,0.0,0.0,0.0,0.0,0.0,0.0,0.0,0.0,0.0,0.0,0.0,0.0,0.0,0.0,0.0,0.0,0.0,0.0,0.0,0.0,0.0,0.0,0.0,0.0,0.0,0.0,0.0,0.0,0.0,0.0,0.0,0.0,0.0,0.0,0.0,0.0,0.0,0.0,0.0,0.0,0.0,Z,3
0.0,0.0,0.475862,0.125,0.82069,0.345238,0.972414,0.589286,0.951724,0.827381,0.710345,1.0,1.048276,1.321429,1.289655,1.559524,1.468966,1.761905,0.344828,1.089286,0.675862,0.97619,0.627586,0.559524,0.524138,0.482143,0.013793,1.02381,0.337931,0.77381,0.317241,0.428571,0.234483,0.39881,-0.289655,0.880952,-0.027586,0.642857,0.055172,0.380952,0.041379,0.357143,0,0,0.0,0.0,0.0,0.0,0.0,0.0,0.0,0.0,0.0,0.0,0.0,0.0,0.0,0.0,0.0,0.0,0.0,0.0,0.0,0.0,0.0,0.0,0.0,0.0,0.0,0.0,0.0,0.0,0.0,0.0,0.0,0.0,0.0,0.0,0.0,0.0,0.0,0.0,0.0,0.0,0.0,0.0,Z,3
0.0,0.0,0.482759,0.125,0.827586,0.345238,0.97931,0.583333,0.951724,0.821429,0.717241,1.0,1.048276,1.315476,1.296552,1.553571,1.475862,1.755952,0.344828,1.089286,0.675862,0.970238,0.627586,0.553571,0.524138,0.47619,0.013793,1.02381,0.337931,0.767857,0.310345,0.416667,0.227586,0.39881,-0.282759,0.880952,-0.027586,0.64881,0.055172,0.380952,0.027586,0.363095,0,0,0.0,0.0,0.0,0.0,0.0,0.0,0.0,0.0,0.0,0.0,0.0,0.0,0.0,0.0,0.0,0.0,0.0,0.0,0.0,0.0,0.0,0.0,0.0,0.0,0.0,0.0,0.0,0.0,0.0,0.0,0.0,0.0,0.0,0.0,0.0,0.0,0.0,0.0,0.0,0.0,0.0,0.0,Z,3
0.0,0.0,0.482759,0.129412,0.82069,0.335294,0.965517,0.564706,0.958621,0.805882,0.717241,1.0,1.048276,1.305882,1.296552,1.535294,1.475862,1.735294,0.344828,1.082353,0.675862,0.982353,0.634483,0.558824,0.537931,0.470588,0.02069,1.017647,0.337931,0.770588,0.317241,0.423529,0.234483,0.394118,-0.282759,0.870588,-0.02069,0.647059,0.055172,0.382353,0.034483,0.358824,0,0,0.0,0.0,0.0,0.0,0.0,0.0,0.0,0.0,0.0,0.0,0.0,0.0,0.0,0.0,0.0,0.0,0.0,0.0,0.0,0.0,0.0,0.0,0.0,0.0,0.0,0.0,0.0,0.0,0.0,0.0,0.0,0.0,0.0,0.0,0.0,0.0,0.0,0.0,0.0,0.0,0.0,0.0,Z,3
0.0,0.0,0.475862,0.130952,0.813793,0.327381,0.986207,0.559524,0.965517,0.797619,0.724138,1.0,1.048276,1.315476,1.303448,1.553571,1.482759,1.75,0.351724,1.089286,0.689655,0.97619,0.634483,0.559524,0.531034,0.488095,0.027586,1.02381,0.344828,0.767857,0.317241,0.428571,0.234483,0.410714,-0.275862,0.875,-0.02069,0.64881,0.055172,0.386905,0.027586,0.369048,0,0,0.0,0.0,0.0,0.0,0.0,0.0,0.0,0.0,0.0,0.0,0.0,0.0,0.0,0.0,0.0,0.0,0.0,0.0,0.0,0.0,0.0,0.0,0.0,0.0,0.0,0.0,0.0,0.0,0.0,0.0,0.0,0.0,0.0,0.0,0.0,0.0,0.0,0.0,0.0,0.0,0.0,0.0,Z,3
0.0,0.0,0.475862,0.131737,0.813793,0.335329,0.97931,0.568862,0.965517,0.808383,0.724138,1.0,1.055172,1.317365,1.303448,1.550898,1.482759,1.754491,0.351724,1.08982,0.689655,0.988024,0.641379,0.568862,0.537931,0.491018,0.02069,1.023952,0.344828,0.772455,0.324138,0.431138,0.227586,0.419162,-0.275862,0.874251,-0.013793,0.640719,0.055172,0.383234,0.013793,0.377246,0,0,0.0,0.0,0.0,0.0,0.0,0.0,0.0,0.0,0.0,0.0,0.0,0.0,0.0,0.0,0.0,0.0,0.0,0.0,0.0,0.0,0.0,0.0,0.0,0.0,0.0,0.0,0.0,0.0,0.0,0.0,0.0,0.0,0.0,0.0,0.0,0.0,0.0,0.0,0.0,0.0,0.0,0.0,Z,3
0.0,0.0,0.475862,0.125,0.82069,0.333333,0.972414,0.565476,0.958621,0.797619,0.724138,1.0,1.062069,1.309524,1.317241,1.541667,1.496552,1.732143,0.351724,1.089286,0.696552,0.982143,0.648276,0.559524,0.544828,0.47619,0.02069,1.02381,0.351724,0.767857,0.324138,0.422619,0.227586,0.404762,-0.275862,0.869048,-0.013793,0.630952,0.062069,0.375,0.02069,0.363095,0,0,0.0,0.0,0.0,0.0,0.0,0.0,0.0,0.0,0.0,0.0,0.0,0.0,0.0,0.0,0.0,0.0,0.0,0.0,0.0,0.0,0.0,0.0,0.0,0.0,0.0,0.0,0.0,0.0,0.0,0.0,0.0,0.0,0.0,0.0,0.0,0.0,0.0,0.0,0.0,0.0,0.0,0.0,Z,3
0.0,0.0,0.475862,0.125,0.82069,0.339286,0.972414,0.571429,0.944828,0.803571,0.724138,1.0,1.068966,1.309524,1.331034,1.535714,1.510345,1.732143,0.351724,1.089286,0.696552,0.970238,0.662069,0.559524,0.558621,0.482143,0.02069,1.02381,0.351724,0.761905,0.331034,0.416667,0.241379,0.404762,-0.275862,0.875,-0.006897,0.625,0.062069,0.369048,0.027586,0.363095,0,0,0.0,0.0,0.0,0.0,0.0,0.0,0.0,0.0,0.0,0.0,0.0,0.0,0.0,0.0,0.0,0.0,0.0,0.0,0.0,0.0,0.0,0.0,0.0,0.0,0.0,0.0,0.0,0.0,0.0,0.0,0.0,0.0,0.0,0.0,0.0,0.0,0.0,0.0,0.0,0.0,0.0,0.0,Z,3
0.0,0.0,0.458904,0.113772,0.821918,0.317365,0.993151,0.538922,0.938356,0.748503,0.726027,1.0,1.061644,1.317365,1.335616,1.550898,1.520548,1.736527,0.349315,1.083832,0.678082,0.952096,0.623288,0.550898,0.513699,0.48503,0.020548,1.017964,0.342466,0.730539,0.315068,0.413174,0.219178,0.407186,-0.273973,0.868263,-0.006849,0.610778,0.054795,0.377246,0.020548,0.365269,0,0,0.0,0.0,0.0,0.0,0.0,0.0,0.0,0.0,0.0,0.0,0.0,0.0,0.0,0.0,0.0,0.0,0.0,0.0,0.0,0.0,0.0,0.0,0.0,0.0,0.0,0.0,0.0,0.0,0.0,0.0,0.0,0.0,0.0,0.0,0.0,0.0,0.0,0.0,0.0,0.0,0.0,0.0,Z,3
0.0,0.0,0.364341,0.030303,0.751938,0.30303,0.953488,0.621212,1.031008,0.901515,0.550388,1.0,0.736434,1.128788,0.751938,0.818182,0.744186,0.719697,0.217054,1.05303,0.387597,1.060606,0.387597,0.606061,0.372093,0.530303,-0.116279,0.962121,0.015504,0.893939,0.054264,0.507576,0.03876,0.439394,-0.449612,0.795455,-0.348837,0.734848,-0.263566,0.462121,-0.248062,0.393939,-0.11627906976744186,0.15151515151515152,0.0,0.0,0.468966,0.110465,0.834483,0.366279,1.0,0.622093,1.013793,0.837209,0.668966,1.0,0.986207,1.30814,1.241379,1.540698,1.448276,1.732558,0.303448,1.046512,0.593103,0.889535,0.565517,0.569767,0.468966,0.482558,-0.034483,0.953488,0.268966,0.726744,0.268966,0.459302,0.2,0.412791,-0.331034,0.796512,-0.096552,0.598837,-0.006897,0.389535,-0.013793,0.343023,Z,3
0.0,0.0,0.552846,0.179894,0.943089,0.444444,1.073171,0.671958,1.00813,0.825397,0.520325,1.0,0.756098,0.989418,0.764228,0.698413,0.715447,0.619048,0.146341,0.973545,0.447154,0.867725,0.512195,0.582011,0.471545,0.539683,-0.186992,0.867725,0.113821,0.714286,0.203252,0.481481,0.162602,0.455026,-0.479675,0.724868,-0.235772,0.57672,-0.105691,0.412698,-0.089431,0.386243,0,0,0.0,0.0,0.0,0.0,0.0,0.0,0.0,0.0,0.0,0.0,0.0,0.0,0.0,0.0,0.0,0.0,0.0,0.0,0.0,0.0,0.0,0.0,0.0,0.0,0.0,0.0,0.0,0.0,0.0,0.0,0.0,0.0,0.0,0.0,0.0,0.0,0.0,0.0,0.0,0.0,0.0,0.0,Z,3
0.0,0.0,0.585586,0.161111,1.063063,0.461111,1.297297,0.705556,1.252252,0.877778,0.414414,1.0,0.747748,0.977778,0.927928,0.711111,0.954955,0.588889,0.027027,0.933333,0.396396,0.883333,0.612613,0.616667,0.657658,0.494444,-0.315315,0.788889,0.072072,0.7,0.261261,0.472222,0.261261,0.366667,-0.585586,0.6,-0.243243,0.55,-0.09009,0.388889,-0.072072,0.305556,0,0,0.0,0.0,0.0,0.0,0.0,0.0,0.0,0.0,0.0,0.0,0.0,0.0,0.0,0.0,0.0,0.0,0.0,0.0,0.0,0.0,0.0,0.0,0.0,0.0,0.0,0.0,0.0,0.0,0.0,0.0,0.0,0.0,0.0,0.0,0.0,0.0,0.0,0.0,0.0,0.0,0.0,0.0,Z,3
0.0,0.0,0.581633,0.230769,0.969388,0.556213,0.959184,0.786982,0.683673,0.840237,0.285714,1.0,0.377551,1.100592,0.571429,0.863905,0.653061,0.763314,-0.102041,0.893491,0.040816,0.994083,0.316327,0.739645,0.377551,0.621302,-0.428571,0.733728,-0.27551,0.804734,0.0,0.568047,0.071429,0.467456,-0.714286,0.538462,-0.561224,0.621302,-0.336735,0.461538,-0.27551,0.372781,0,0,0.0,0.0,0.0,0.0,0.0,0.0,0.0,0.0,0.0,0.0,0.0,0.0,0.0,0.0,0.0,0.0,0.0,0.0,0.0,0.0,0.0,0.0,0.0,0.0,0.0,0.0,0.0,0.0,0.0,0.0,0.0,0.0,0.0,0.0,0.0,0.0,0.0,0.0,0.0,0.0,0.0,0.0,Z,3
0.0,0.0,0.248,0.295699,0.272,0.655914,0.008,0.876344,-0.392,0.930108,-0.104,1.0,-0.128,1.387097,-0.16,1.672043,-0.232,1.924731,-0.496,0.903226,-0.696,1.043011,-0.416,0.752688,-0.208,0.612903,-0.824,0.736559,-1.008,0.817204,-0.712,0.575269,-0.536,0.483871,-1.104,0.526882,-1.272,0.612903,-1.0,0.473118,-0.84,0.397849,0,0,0.0,0.0,0.0,0.0,0.0,0.0,0.0,0.0,0.0,0.0,0.0,0.0,0.0,0.0,0.0,0.0,0.0,0.0,0.0,0.0,0.0,0.0,0.0,0.0,0.0,0.0,0.0,0.0,0.0,0.0,0.0,0.0,0.0,0.0,0.0,0.0,0.0,0.0,0.0,0.0,0.0,0.0,Z,3
0.0,0.0,0.258065,0.242268,0.298387,0.556701,0.040323,0.783505,-0.387097,0.860825,-0.137097,1.0,-0.225806,1.360825,-0.330645,1.623711,-0.435484,1.865979,-0.540323,0.876289,-0.854839,0.979381,-0.548387,0.628866,-0.33871,0.561856,-0.879032,0.71134,-1.16129,0.71134,-0.798387,0.458763,-0.580645,0.438144,-1.137097,0.505155,-1.362903,0.494845,-1.040323,0.345361,-0.822581,0.329897,0,0,0.0,0.0,0.0,0.0,0.0,0.0,0.0,0.0,0.0,0.0,0.0,0.0,0.0,0.0,0.0,0.0,0.0,0.0,0.0,0.0,0.0,0.0,0.0,0.0,0.0,0.0,0.0,0.0,0.0,0.0,0.0,0.0,0.0,0.0,0.0,0.0,0.0,0.0,0.0,0.0,0.0,0.0,Z,3
0.0,0.0,0.25,0.25,0.266667,0.566327,0.025,0.806122,-0.433333,0.882653,-0.208333,1.0,-0.325,1.377551,-0.466667,1.642857,-0.583333,1.887755,-0.616667,0.882653,-0.925,1.005102,-0.641667,0.653061,-0.416667,0.576531,-0.958333,0.72449,-1.225,0.734694,-0.875,0.469388,-0.658333,0.459184,-1.208333,0.535714,-1.441667,0.52551,-1.116667,0.377551,-0.883333,0.362245,0,0,0.0,0.0,0.0,0.0,0.0,0.0,0.0,0.0,0.0,0.0,0.0,0.0,0.0,0.0,0.0,0.0,0.0,0.0,0.0,0.0,0.0,0.0,0.0,0.0,0.0,0.0,0.0,0.0,0.0,0.0,0.0,0.0,0.0,0.0,0.0,0.0,0.0,0.0,0.0,0.0,0.0,0.0,Z,3
0.0,0.0,0.299145,0.277487,0.34188,0.623037,0.051282,0.863874,-0.393162,0.931937,-0.111111,1.0,-0.222222,1.413613,-0.333333,1.691099,-0.444444,1.937173,-0.504274,0.91623,-0.786325,1.041885,-0.564103,0.753927,-0.324786,0.596859,-0.846154,0.774869,-1.068376,0.827225,-0.794872,0.60733,-0.555556,0.507853,-1.111111,0.591623,-1.316239,0.628272,-1.042735,0.502618,-0.820513,0.439791,0,0,0.0,0.0,0.0,0.0,0.0,0.0,0.0,0.0,0.0,0.0,0.0,0.0,0.0,0.0,0.0,0.0,0.0,0.0,0.0,0.0,0.0,0.0,0.0,0.0,0.0,0.0,0.0,0.0,0.0,0.0,0.0,0.0,0.0,0.0,0.0,0.0,0.0,0.0,0.0,0.0,0.0,0.0,Z,3
0.0,0.0,0.307692,0.283422,0.376068,0.620321,0.102564,0.823529,-0.264957,0.882353,-0.17094,1.0,-0.264957,1.385027,-0.34188,1.668449,-0.435897,1.898396,-0.589744,0.925134,-0.57265,0.909091,-0.290598,0.641711,-0.068376,0.475936,-0.923077,0.780749,-0.837607,0.721925,-0.529915,0.524064,-0.290598,0.40107,-1.17094,0.593583,-1.08547,0.545455,-0.794872,0.417112,-0.589744,0.347594,0,0,0.0,0.0,0.0,0.0,0.0,0.0,0.0,0.0,0.0,0.0,0.0,0.0,0.0,0.0,0.0,0.0,0.0,0.0,0.0,0.0,0.0,0.0,0.0,0.0,0.0,0.0,0.0,0.0,0.0,0.0,0.0,0.0,0.0,0.0,0.0,0.0,0.0,0.0,0.0,0.0,0.0,0.0,Z,3
0.0,0.0,0.46,0.335196,0.66,0.675978,0.42,0.916201,0.0,0.977654,-0.24,1.0,-0.65,1.167598,-0.56,1.055866,-0.35,0.899441,-0.66,0.871508,-0.96,1.061453,-0.83,0.938547,-0.63,0.804469,-0.99,0.715084,-1.2,0.893855,-1.07,0.793296,-0.87,0.659218,-1.24,0.553073,-1.39,0.687151,-1.24,0.597765,-1.04,0.497207,0,0,0.0,0.0,0.0,0.0,0.0,0.0,0.0,0.0,0.0,0.0,0.0,0.0,0.0,0.0,0.0,0.0,0.0,0.0,0.0,0.0,0.0,0.0,0.0,0.0,0.0,0.0,0.0,0.0,0.0,0.0,0.0,0.0,0.0,0.0,0.0,0.0,0.0,0.0,0.0,0.0,0.0,0.0,Z,3
0.0,0.0,0.449612,0.09816,0.829457,0.288344,0.992248,0.435583,0.953488,0.509202,0.511628,1.0,0.635659,1.092025,0.806202,1.141104,0.968992,1.159509,0.139535,1.02454,0.565891,0.576687,0.589147,0.269939,0.565891,0.214724,-0.193798,0.883436,0.255814,0.386503,0.286822,0.184049,0.248062,0.196319,-0.488372,0.668712,-0.069767,0.282209,0.0,0.116564,-0.046512,0.122699,0,0,0.0,0.0,0.0,0.0,0.0,0.0,0.0,0.0,0.0,0.0,0.0,0.0,0.0,0.0,0.0,0.0,0.0,0.0,0.0,0.0,0.0,0.0,0.0,0.0,0.0,0.0,0.0,0.0,0.0,0.0,0.0,0.0,0.0,0.0,0.0,0.0,0.0,0.0,0.0,0.0,0.0,0.0,Z,3
0.0,0.0,0.363014,0.08805,0.712329,0.207547,0.890411,0.295597,0.972603,0.371069,0.589041,1.0,0.938356,1.037736,1.239726,1.138365,1.506849,1.238994,0.205479,1.069182,0.60274,0.528302,0.623288,0.188679,0.561644,0.150943,-0.123288,0.930818,0.294521,0.308176,0.308219,0.081761,0.239726,0.125786,-0.410959,0.698113,-0.089041,0.213836,-0.041096,0.018868,-0.089041,0.044025,0,0,0.0,0.0,0.0,0.0,0.0,0.0,0.0,0.0,0.0,0.0,0.0,0.0,0.0,0.0,0.0,0.0,0.0,0.0,0.0,0.0,0.0,0.0,0.0,0.0,0.0,0.0,0.0,0.0,0.0,0.0,0.0,0.0,0.0,0.0,0.0,0.0,0.0,0.0,0.0,0.0,0.0,0.0,Z,3
0.0,0.0,0.411348,0.114865,0.758865,0.236486,0.93617,0.364865,1.113475,0.452703,0.716312,1.0,1.085106,1.121622,1.390071,1.243243,1.64539,1.364865,0.340426,1.081081,0.716312,0.621622,0.716312,0.290541,0.631206,0.290541,0.014184,0.939189,0.375887,0.358108,0.390071,0.155405,0.319149,0.256757,-0.283688,0.702703,0.0,0.263514,0.042553,0.108108,-0.028369,0.175676,0,0,0.0,0.0,0.0,0.0,0.0,0.0,0.0,0.0,0.0,0.0,0.0,0.0,0.0,0.0,0.0,0.0,0.0,0.0,0.0,0.0,0.0,0.0,0.0,0.0,0.0,0.0,0.0,0.0,0.0,0.0,0.0,0.0,0.0,0.0,0.0,0.0,0.0,0.0,0.0,0.0,0.0,0.0,Z,3
0.0,0.0,0.441379,0.126761,0.862069,0.267606,1.096552,0.415493,1.048276,0.464789,0.737931,1.0,1.131034,1.105634,1.441379,1.183099,1.703448,1.302817,0.37931,1.119718,0.765517,0.542254,0.696552,0.183099,0.572414,0.211268,0.041379,0.985915,0.4,0.302817,0.358621,0.070423,0.262069,0.197183,-0.262069,0.753521,0.0,0.239437,0.034483,0.049296,-0.055172,0.119718,0,0,0.0,0.0,0.0,0.0,0.0,0.0,0.0,0.0,0.0,0.0,0.0,0.0,0.0,0.0,0.0,0.0,0.0,0.0,0.0,0.0,0.0,0.0,0.0,0.0,0.0,0.0,0.0,0.0,0.0,0.0,0.0,0.0,0.0,0.0,0.0,0.0,0.0,0.0,0.0,0.0,0.0,0.0,Z,3
0.0,0.0,0.472603,0.096296,0.917808,0.251852,1.150685,0.414815,1.041096,0.488889,0.739726,1.0,1.116438,1.103704,1.424658,1.185185,1.684932,1.318519,0.383562,1.133333,0.753425,0.496296,0.671233,0.111111,0.547945,0.148148,0.034247,0.992593,0.390411,0.251852,0.356164,0.022222,0.267123,0.177778,-0.260274,0.740741,0.0,0.207407,0.034247,0.014815,-0.047945,0.103704,0,0,0.0,0.0,0.0,0.0,0.0,0.0,0.0,0.0,0.0,0.0,0.0,0.0,0.0,0.0,0.0,0.0,0.0,0.0,0.0,0.0,0.0,0.0,0.0,0.0,0.0,0.0,0.0,0.0,0.0,0.0,0.0,0.0,0.0,0.0,0.0,0.0,0.0,0.0,0.0,0.0,0.0,0.0,Z,3
0.0,0.0,0.441379,0.087591,0.848276,0.226277,1.075862,0.379562,1.041379,0.467153,0.724138,1.0,1.131034,1.094891,1.441379,1.182482,1.710345,1.291971,0.365517,1.094891,0.696552,0.50365,0.641379,0.182482,0.537931,0.20438,0.02069,0.948905,0.372414,0.248175,0.344828,0.043796,0.262069,0.175182,-0.275862,0.708029,0.0,0.19708,0.02069,0.036496,-0.055172,0.124088,0,0,0.0,0.0,0.0,0.0,0.0,0.0,0.0,0.0,0.0,0.0,0.0,0.0,0.0,0.0,0.0,0.0,0.0,0.0,0.0,0.0,0.0,0.0,0.0,0.0,0.0,0.0,0.0,0.0,0.0,0.0,0.0,0.0,0.0,0.0,0.0,0.0,0.0,0.0,0.0,0.0,0.0,0.0,Z,3
0.0,0.0,0.414815,0.083333,0.792593,0.242424,0.992593,0.386364,1.096296,0.530303,0.651852,1.0,1.074074,1.136364,1.4,1.265152,1.681481,1.409091,0.274074,1.098485,0.6,0.522727,0.607407,0.234848,0.540741,0.19697,-0.059259,0.94697,0.274074,0.295455,0.288889,0.143939,0.22963,0.227273,-0.348148,0.681818,-0.081481,0.181818,-0.037037,0.05303,-0.096296,0.121212,0,0,0.0,0.0,0.0,0.0,0.0,0.0,0.0,0.0,0.0,0.0,0.0,0.0,0.0,0.0,0.0,0.0,0.0,0.0,0.0,0.0,0.0,0.0,0.0,0.0,0.0,0.0,0.0,0.0,0.0,0.0,0.0,0.0,0.0,0.0,0.0,0.0,0.0,0.0,0.0,0.0,0.0,0.0,Z,3
0.0,0.0,0.456693,0.090909,0.850394,0.295455,1.062992,0.454545,1.11811,0.5,0.653543,1.0,1.055118,1.143939,1.393701,1.257576,1.692913,1.386364,0.275591,1.075758,0.622047,0.545455,0.614173,0.242424,0.535433,0.227273,-0.062992,0.931818,0.291339,0.348485,0.307087,0.166667,0.251969,0.234848,-0.346457,0.69697,-0.062992,0.25,-0.015748,0.083333,-0.055118,0.113636,0,0,0.0,0.0,0.0,0.0,0.0,0.0,0.0,0.0,0.0,0.0,0.0,0.0,0.0,0.0,0.0,0.0,0.0,0.0,0.0,0.0,0.0,0.0,0.0,0.0,0.0,0.0,0.0,0.0,0.0,0.0,0.0,0.0,0.0,0.0,0.0,0.0,0.0,0.0,0.0,0.0,0.0,0.0,Z,3
0.0,0.0,0.513761,0.145695,0.972477,0.344371,1.155963,0.463576,1.055046,0.456954,0.550459,1.0,1.018349,1.05298,1.422018,1.13245,1.752294,1.211921,0.146789,1.0,0.678899,0.649007,0.761468,0.384106,0.706422,0.298013,-0.192661,0.827815,0.348624,0.450331,0.440367,0.258278,0.394495,0.245033,-0.449541,0.582781,0.009174,0.284768,0.100917,0.139073,0.06422,0.119205,0,0,0.0,0.0,0.0,0.0,0.0,0.0,0.0,0.0,0.0,0.0,0.0,0.0,0.0,0.0,0.0,0.0,0.0,0.0,0.0,0.0,0.0,0.0,0.0,0.0,0.0,0.0,0.0,0.0,0.0,0.0,0.0,0.0,0.0,0.0,0.0,0.0,0.0,0.0,0.0,0.0,0.0,0.0,Z,3
0.0,0.0,0.255814,0.164706,0.24031,0.405882,-0.077519,0.529412,-0.488372,0.5,-0.302326,1.0,-0.434109,1.029412,-0.426357,1.188235,-0.511628,1.464706,-0.728682,0.829412,-0.945736,0.570588,-0.527132,0.270588,-0.449612,0.4,-1.062016,0.611765,-1.217054,0.335294,-0.813953,0.105882,-0.689922,0.211765,-1.302326,0.4,-1.333333,0.182353,-1.046512,0.041176,-0.899225,0.111765,0,0,0.0,0.0,0.0,0.0,0.0,0.0,0.0,0.0,0.0,0.0,0.0,0.0,0.0,0.0,0.0,0.0,0.0,0.0,0.0,0.0,0.0,0.0,0.0,0.0,0.0,0.0,0.0,0.0,0.0,0.0,0.0,0.0,0.0,0.0,0.0,0.0,0.0,0.0,0.0,0.0,0.0,0.0,Z,3
0.0,0.0,0.244444,0.185629,0.281481,0.419162,-0.007407,0.54491,-0.444444,0.550898,-0.17037,1.0,-0.333333,1.095808,-0.392593,1.251497,-0.496296,1.48503,-0.562963,0.898204,-0.822222,0.634731,-0.42963,0.293413,-0.296296,0.413174,-0.888889,0.724551,-1.111111,0.42515,-0.718519,0.155689,-0.592593,0.281437,-1.17037,0.532934,-1.259259,0.269461,-0.97037,0.11976,-0.837037,0.191617,0,0,0.0,0.0,0.0,0.0,0.0,0.0,0.0,0.0,0.0,0.0,0.0,0.0,0.0,0.0,0.0,0.0,0.0,0.0,0.0,0.0,0.0,0.0,0.0,0.0,0.0,0.0,0.0,0.0,0.0,0.0,0.0,0.0,0.0,0.0,0.0,0.0,0.0,0.0,0.0,0.0,0.0,0.0,Z,3
0.0,0.0,0.270677,0.192771,0.308271,0.439759,-0.022556,0.566265,-0.488722,0.572289,-0.18797,1.0,-0.345865,1.10241,-0.406015,1.253012,-0.526316,1.487952,-0.593985,0.915663,-0.857143,0.63253,-0.451128,0.289157,-0.315789,0.403614,-0.917293,0.746988,-1.135338,0.427711,-0.736842,0.156627,-0.616541,0.283133,-1.18797,0.554217,-1.278195,0.26506,-0.969925,0.108434,-0.834586,0.192771,0,0,0.0,0.0,0.0,0.0,0.0,0.0,0.0,0.0,0.0,0.0,0.0,0.0,0.0,0.0,0.0,0.0,0.0,0.0,0.0,0.0,0.0,0.0,0.0,0.0,0.0,0.0,0.0,0.0,0.0,0.0,0.0,0.0,0.0,0.0,0.0,0.0,0.0,0.0,0.0,0.0,0.0,0.0,Z,3
0.0,0.0,0.265625,0.201183,0.296875,0.473373,-0.0625,0.60355,-0.53125,0.609467,-0.257812,1.0,-0.414062,1.118343,-0.484375,1.266272,-0.601562,1.47929,-0.6875,0.923077,-0.929688,0.627219,-0.539062,0.313609,-0.382812,0.414201,-1.007812,0.757396,-1.21875,0.43787,-0.8125,0.195266,-0.664062,0.301775,-1.257812,0.556213,-1.375,0.278107,-1.039062,0.142012,-0.867188,0.213018,0,0,0.0,0.0,0.0,0.0,0.0,0.0,0.0,0.0,0.0,0.0,0.0,0.0,0.0,0.0,0.0,0.0,0.0,0.0,0.0,0.0,0.0,0.0,0.0,0.0,0.0,0.0,0.0,0.0,0.0,0.0,0.0,0.0,0.0,0.0,0.0,0.0,0.0,0.0,0.0,0.0,0.0,0.0,Z,3
0.0,0.0,0.261905,0.216374,0.293651,0.461988,-0.047619,0.578947,-0.507937,0.602339,-0.277778,1.0,-0.404762,1.099415,-0.468254,1.245614,-0.563492,1.450292,-0.698413,0.900585,-0.904762,0.625731,-0.492063,0.309942,-0.333333,0.415205,-1.02381,0.725146,-1.214286,0.421053,-0.793651,0.181287,-0.650794,0.292398,-1.277778,0.520468,-1.380952,0.25731,-1.047619,0.122807,-0.888889,0.210526,0,0,0.0,0.0,0.0,0.0,0.0,0.0,0.0,0.0,0.0,0.0,0.0,0.0,0.0,0.0,0.0,0.0,0.0,0.0,0.0,0.0,0.0,0.0,0.0,0.0,0.0,0.0,0.0,0.0,0.0,0.0,0.0,0.0,0.0,0.0,0.0,0.0,0.0,0.0,0.0,0.0,0.0,0.0,Z,3
0.0,0.0,0.248062,0.217647,0.263566,0.458824,-0.062016,0.576471,-0.51938,0.576471,-0.27907,1.0,-0.418605,1.088235,-0.48062,1.235294,-0.581395,1.441176,-0.689922,0.888235,-0.899225,0.611765,-0.488372,0.3,-0.341085,0.411765,-1.015504,0.711765,-1.20155,0.411765,-0.782946,0.170588,-0.651163,0.294118,-1.27907,0.511765,-1.356589,0.247059,-1.023256,0.117647,-0.883721,0.205882,0,0,0.0,0.0,0.0,0.0,0.0,0.0,0.0,0.0,0.0,0.0,0.0,0.0,0.0,0.0,0.0,0.0,0.0,0.0,0.0,0.0,0.0,0.0,0.0,0.0,0.0,0.0,0.0,0.0,0.0,0.0,0.0,0.0,0.0,0.0,0.0,0.0,0.0,0.0,0.0,0.0,0.0,0.0,Z,3
0.0,0.0,0.261538,0.208333,0.307692,0.458333,-0.023077,0.589286,-0.484615,0.577381,-0.246154,1.0,-0.376923,1.083333,-0.453846,1.232143,-0.569231,1.452381,-0.661538,0.910714,-0.876923,0.595238,-0.484615,0.279762,-0.338462,0.392857,-0.992308,0.738095,-1.161538,0.39881,-0.761538,0.160714,-0.638462,0.279762,-1.246154,0.535714,-1.323077,0.238095,-1.0,0.107143,-0.861538,0.190476,0,0,0.0,0.0,0.0,0.0,0.0,0.0,0.0,0.0,0.0,0.0,0.0,0.0,0.0,0.0,0.0,0.0,0.0,0.0,0.0,0.0,0.0,0.0,0.0,0.0,0.0,0.0,0.0,0.0,0.0,0.0,0.0,0.0,0.0,0.0,0.0,0.0,0.0,0.0,0.0,0.0,0.0,0.0,Z,3
0.0,0.0,0.256,0.224852,0.288,0.497041,-0.096,0.597633,-0.576,0.573964,-0.32,1.0,-0.448,1.106509,-0.52,1.254438,-0.64,1.473373,-0.744,0.905325,-0.944,0.609467,-0.528,0.313609,-0.376,0.426036,-1.064,0.739645,-1.248,0.426036,-0.832,0.201183,-0.68,0.319527,-1.32,0.532544,-1.416,0.272189,-1.072,0.142012,-0.912,0.218935,0,0,0.0,0.0,0.0,0.0,0.0,0.0,0.0,0.0,0.0,0.0,0.0,0.0,0.0,0.0,0.0,0.0,0.0,0.0,0.0,0.0,0.0,0.0,0.0,0.0,0.0,0.0,0.0,0.0,0.0,0.0,0.0,0.0,0.0,0.0,0.0,0.0,0.0,0.0,0.0,0.0,0.0,0.0,Z,3
0.0,0.0,0.267717,0.211765,0.307087,0.470588,-0.047244,0.588235,-0.519685,0.605882,-0.283465,1.0,-0.409449,1.088235,-0.480315,1.235294,-0.582677,1.447059,-0.708661,0.911765,-0.92126,0.594118,-0.511811,0.294118,-0.354331,0.411765,-1.031496,0.741176,-1.212598,0.4,-0.80315,0.170588,-0.661417,0.3,-1.283465,0.529412,-1.377953,0.247059,-1.055118,0.123529,-0.905512,0.205882,0,0,0.0,0.0,0.0,0.0,0.0,0.0,0.0,0.0,0.0,0.0,0.0,0.0,0.0,0.0,0.0,0.0,0.0,0.0,0.0,0.0,0.0,0.0,0.0,0.0,0.0,0.0,0.0,0.0,0.0,0.0,0.0,0.0,0.0,0.0,0.0,0.0,0.0,0.0,0.0,0.0,0.0,0.0,Z,3
0.0,0.0,0.248062,0.203593,0.263566,0.45509,-0.054264,0.586826,-0.511628,0.60479,-0.255814,1.0,-0.403101,1.095808,-0.48062,1.245509,-0.604651,1.461078,-0.666667,0.904192,-0.899225,0.610778,-0.496124,0.281437,-0.333333,0.39521,-0.992248,0.742515,-1.20155,0.413174,-0.782946,0.161677,-0.627907,0.287425,-1.255814,0.54491,-1.364341,0.257485,-1.031008,0.113772,-0.868217,0.197605,0,0,0.0,0.0,0.0,0.0,0.0,0.0,0.0,0.0,0.0,0.0,0.0,0.0,0.0,0.0,0.0,0.0,0.0,0.0,0.0,0.0,0.0,0.0,0.0,0.0,0.0,0.0,0.0,0.0,0.0,0.0,0.0,0.0,0.0,0.0,0.0,0.0,0.0,0.0,0.0,0.0,0.0,0.0,Z,3
0.0,0.0,0.267717,0.223529,0.299213,0.482353,-0.062992,0.576471,-0.535433,0.558824,-0.275591,1.0,-0.417323,1.088235,-0.488189,1.229412,-0.598425,1.429412,-0.692913,0.894118,-0.897638,0.611765,-0.488189,0.305882,-0.346457,0.405882,-1.015748,0.717647,-1.19685,0.411765,-0.779528,0.182353,-0.653543,0.305882,-1.275591,0.511765,-1.370079,0.247059,-1.031496,0.123529,-0.88189,0.211765,0,0,0.0,0.0,0.0,0.0,0.0,0.0,0.0,0.0,0.0,0.0,0.0,0.0,0.0,0.0,0.0,0.0,0.0,0.0,0.0,0.0,0.0,0.0,0.0,0.0,0.0,0.0,0.0,0.0,0.0,0.0,0.0,0.0,0.0,0.0,0.0,0.0,0.0,0.0,0.0,0.0,0.0,0.0,Z,3
0.0,0.0,0.269841,0.210526,0.301587,0.461988,-0.047619,0.573099,-0.531746,0.584795,-0.293651,1.0,-0.444444,1.081871,-0.492063,1.216374,-0.587302,1.426901,-0.706349,0.888889,-0.920635,0.596491,-0.5,0.28655,-0.349206,0.403509,-1.031746,0.719298,-1.206349,0.397661,-0.785714,0.157895,-0.666667,0.28655,-1.293651,0.520468,-1.373016,0.239766,-1.031746,0.111111,-0.896825,0.204678,0,0,0.0,0.0,0.0,0.0,0.0,0.0,0.0,0.0,0.0,0.0,0.0,0.0,0.0,0.0,0.0,0.0,0.0,0.0,0.0,0.0,0.0,0.0,0.0,0.0,0.0,0.0,0.0,0.0,0.0,0.0,0.0,0.0,0.0,0.0,0.0,0.0,0.0,0.0,0.0,0.0,0.0,0.0,Z,3
0.0,0.0,0.257812,0.205882,0.28125,0.447059,-0.03125,0.576471,-0.5,0.588235,-0.25,1.0,-0.398438,1.088235,-0.460938,1.235294,-0.578125,1.441176,-0.664062,0.9,-0.90625,0.594118,-0.5,0.276471,-0.34375,0.394118,-0.992188,0.723529,-1.195312,0.405882,-0.78125,0.158824,-0.632812,0.282353,-1.25,0.523529,-1.351562,0.247059,-1.015625,0.111765,-0.851562,0.194118,0,0,0.0,0.0,0.0,0.0,0.0,0.0,0.0,0.0,0.0,0.0,0.0,0.0,0.0,0.0,0.0,0.0,0.0,0.0,0.0,0.0,0.0,0.0,0.0,0.0,0.0,0.0,0.0,0.0,0.0,0.0,0.0,0.0,0.0,0.0,0.0,0.0,0.0,0.0,0.0,0.0,0.0,0.0,Z,3
0.0,0.0,0.257812,0.206061,0.320312,0.490909,-0.054688,0.612121,-0.523438,0.593939,-0.273438,1.0,-0.40625,1.121212,-0.5,1.272727,-0.625,1.472727,-0.703125,0.921212,-0.898438,0.642424,-0.507812,0.327273,-0.34375,0.424242,-1.023438,0.757576,-1.195312,0.436364,-0.796875,0.2,-0.632812,0.315152,-1.273438,0.539394,-1.375,0.266667,-1.03125,0.133333,-0.859375,0.206061,0,0,0.0,0.0,0.0,0.0,0.0,0.0,0.0,0.0,0.0,0.0,0.0,0.0,0.0,0.0,0.0,0.0,0.0,0.0,0.0,0.0,0.0,0.0,0.0,0.0,0.0,0.0,0.0,0.0,0.0,0.0,0.0,0.0,0.0,0.0,0.0,0.0,0.0,0.0,0.0,0.0,0.0,0.0,Z,3
0.0,0.0,0.272,0.217647,0.304,0.482353,-0.056,0.588235,-0.528,0.588235,-0.304,1.0,-0.432,1.088235,-0.488,1.235294,-0.576,1.441176,-0.72,0.894118,-0.904,0.6,-0.496,0.288235,-0.336,0.405882,-1.048,0.717647,-1.224,0.405882,-0.8,0.164706,-0.656,0.288235,-1.304,0.511765,-1.4,0.241176,-1.064,0.111765,-0.912,0.2,0,0,0.0,0.0,0.0,0.0,0.0,0.0,0.0,0.0,0.0,0.0,0.0,0.0,0.0,0.0,0.0,0.0,0.0,0.0,0.0,0.0,0.0,0.0,0.0,0.0,0.0,0.0,0.0,0.0,0.0,0.0,0.0,0.0,0.0,0.0,0.0,0.0,0.0,0.0,0.0,0.0,0.0,0.0,Z,3
0.0,0.0,0.25,0.197674,0.28125,0.459302,-0.054688,0.593023,-0.515625,0.616279,-0.265625,1.0,-0.40625,1.093023,-0.476562,1.238372,-0.585938,1.447674,-0.6875,0.912791,-0.914062,0.610465,-0.507812,0.302326,-0.351562,0.424419,-1.015625,0.744186,-1.210938,0.424419,-0.796875,0.186047,-0.65625,0.302326,-1.265625,0.546512,-1.375,0.267442,-1.046875,0.133721,-0.882812,0.215116,0,0,0.0,0.0,0.0,0.0,0.0,0.0,0.0,0.0,0.0,0.0,0.0,0.0,0.0,0.0,0.0,0.0,0.0,0.0,0.0,0.0,0.0,0.0,0.0,0.0,0.0,0.0,0.0,0.0,0.0,0.0,0.0,0.0,0.0,0.0,0.0,0.0,0.0,0.0,0.0,0.0,0.0,0.0,Z,3
0.0,0.0,0.255814,0.217647,0.286822,0.482353,-0.069767,0.588235,-0.534884,0.576471,-0.27907,1.0,-0.410853,1.088235,-0.48062,1.229412,-0.589147,1.441176,-0.697674,0.905882,-0.891473,0.605882,-0.488372,0.294118,-0.348837,0.417647,-1.031008,0.741176,-1.20155,0.417647,-0.790698,0.182353,-0.658915,0.311765,-1.27907,0.535294,-1.372093,0.258824,-1.03876,0.135294,-0.891473,0.223529,0,0,0.0,0.0,0.0,0.0,0.0,0.0,0.0,0.0,0.0,0.0,0.0,0.0,0.0,0.0,0.0,0.0,0.0,0.0,0.0,0.0,0.0,0.0,0.0,0.0,0.0,0.0,0.0,0.0,0.0,0.0,0.0,0.0,0.0,0.0,0.0,0.0,0.0,0.0,0.0,0.0,0.0,0.0,Z,3
0.0,0.0,0.27907,0.214286,0.364341,0.482143,0.0,0.595238,-0.457364,0.60119,-0.232558,1.0,-0.364341,1.107143,-0.426357,1.244048,-0.527132,1.458333,-0.651163,0.922619,-0.829457,0.607143,-0.44186,0.297619,-0.302326,0.422619,-0.976744,0.755952,-1.131783,0.416667,-0.744186,0.178571,-0.620155,0.315476,-1.232558,0.547619,-1.310078,0.267857,-0.992248,0.136905,-0.852713,0.22619,0,0,0.0,0.0,0.0,0.0,0.0,0.0,0.0,0.0,0.0,0.0,0.0,0.0,0.0,0.0,0.0,0.0,0.0,0.0,0.0,0.0,0.0,0.0,0.0,0.0,0.0,0.0,0.0,0.0,0.0,0.0,0.0,0.0,0.0,0.0,0.0,0.0,0.0,0.0,0.0,0.0,0.0,0.0,Z,3
0.0,0.0,0.27907,0.194118,0.294574,0.435294,-0.015504,0.541176,-0.48062,0.564706,-0.24031,1.0,-0.403101,1.064706,-0.403101,1.205882,-0.488372,1.441176,-0.635659,0.882353,-0.883721,0.576471,-0.434109,0.258824,-0.286822,0.4,-0.968992,0.705882,-1.162791,0.376471,-0.728682,0.123529,-0.620155,0.276471,-1.24031,0.523529,-1.317829,0.223529,-0.976744,0.088235,-0.844961,0.188235,0,0,0.0,0.0,0.0,0.0,0.0,0.0,0.0,0.0,0.0,0.0,0.0,0.0,0.0,0.0,0.0,0.0,0.0,0.0,0.0,0.0,0.0,0.0,0.0,0.0,0.0,0.0,0.0,0.0,0.0,0.0,0.0,0.0,0.0,0.0,0.0,0.0,0.0,0.0,0.0,0.0,0.0,0.0,Z,3
0.0,0.0,0.257812,0.209302,0.289062,0.459302,-0.046875,0.569767,-0.523438,0.569767,-0.265625,1.0,-0.40625,1.087209,-0.476562,1.226744,-0.585938,1.430233,-0.679688,0.901163,-0.914062,0.616279,-0.507812,0.30814,-0.367188,0.430233,-1.0,0.726744,-1.195312,0.418605,-0.789062,0.186047,-0.671875,0.319767,-1.265625,0.52907,-1.351562,0.261628,-1.03125,0.133721,-0.882812,0.22093,0,0,0.0,0.0,0.0,0.0,0.0,0.0,0.0,0.0,0.0,0.0,0.0,0.0,0.0,0.0,0.0,0.0,0.0,0.0,0.0,0.0,0.0,0.0,0.0,0.0,0.0,0.0,0.0,0.0,0.0,0.0,0.0,0.0,0.0,0.0,0.0,0.0,0.0,0.0,0.0,0.0,0.0,0.0,Z,3
0.0,0.0,0.259542,0.196429,0.290076,0.440476,-0.030534,0.553571,-0.480916,0.559524,-0.236641,1.0,-0.381679,1.065476,-0.419847,1.208333,-0.51145,1.422619,-0.648855,0.886905,-0.862595,0.589286,-0.442748,0.267857,-0.305344,0.39881,-0.977099,0.714286,-1.145038,0.386905,-0.740458,0.136905,-0.641221,0.285714,-1.236641,0.517857,-1.305344,0.22619,-0.977099,0.095238,-0.862595,0.196429,0,0,0.0,0.0,0.0,0.0,0.0,0.0,0.0,0.0,0.0,0.0,0.0,0.0,0.0,0.0,0.0,0.0,0.0,0.0,0.0,0.0,0.0,0.0,0.0,0.0,0.0,0.0,0.0,0.0,0.0,0.0,0.0,0.0,0.0,0.0,0.0,0.0,0.0,0.0,0.0,0.0,0.0,0.0,Z,3
0.0,0.0,0.255814,0.191617,0.294574,0.45509,-0.03876,0.598802,-0.496124,0.598802,-0.255814,1.0,-0.395349,1.095808,-0.472868,1.245509,-0.589147,1.45509,-0.682171,0.928144,-0.906977,0.598802,-0.496124,0.281437,-0.333333,0.39521,-1.007752,0.760479,-1.193798,0.407186,-0.782946,0.167665,-0.627907,0.281437,-1.255814,0.550898,-1.364341,0.251497,-1.031008,0.113772,-0.860465,0.191617,0,0,0.0,0.0,0.0,0.0,0.0,0.0,0.0,0.0,0.0,0.0,0.0,0.0,0.0,0.0,0.0,0.0,0.0,0.0,0.0,0.0,0.0,0.0,0.0,0.0,0.0,0.0,0.0,0.0,0.0,0.0,0.0,0.0,0.0,0.0,0.0,0.0,0.0,0.0,0.0,0.0,0.0,0.0,Z,3
0.0,0.0,0.263566,0.208333,0.294574,0.47619,-0.046512,0.589286,-0.503876,0.583333,-0.263566,1.0,-0.403101,1.089286,-0.48062,1.232143,-0.589147,1.434524,-0.682171,0.892857,-0.883721,0.619048,-0.48062,0.309524,-0.325581,0.422619,-1.007752,0.720238,-1.186047,0.410714,-0.775194,0.172619,-0.643411,0.303571,-1.263566,0.517857,-1.348837,0.244048,-1.015504,0.113095,-0.883721,0.202381,0,0,0.0,0.0,0.0,0.0,0.0,0.0,0.0,0.0,0.0,0.0,0.0,0.0,0.0,0.0,0.0,0.0,0.0,0.0,0.0,0.0,0.0,0.0,0.0,0.0,0.0,0.0,0.0,0.0,0.0,0.0,0.0,0.0,0.0,0.0,0.0,0.0,0.0,0.0,0.0,0.0,0.0,0.0,Z,3
0.0,0.0,0.263566,0.203593,0.310078,0.467066,-0.031008,0.586826,-0.48062,0.592814,-0.263566,1.0,-0.379845,1.08982,-0.449612,1.239521,-0.550388,1.449102,-0.682171,0.898204,-0.883721,0.592814,-0.488372,0.293413,-0.333333,0.413174,-1.015504,0.724551,-1.178295,0.389222,-0.775194,0.161677,-0.658915,0.299401,-1.263566,0.51497,-1.348837,0.227545,-1.023256,0.101796,-0.899225,0.191617,0,0,0.0,0.0,0.0,0.0,0.0,0.0,0.0,0.0,0.0,0.0,0.0,0.0,0.0,0.0,0.0,0.0,0.0,0.0,0.0,0.0,0.0,0.0,0.0,0.0,0.0,0.0,0.0,0.0,0.0,0.0,0.0,0.0,0.0,0.0,0.0,0.0,0.0,0.0,0.0,0.0,0.0,0.0,Z,3
0.0,0.0,0.259843,0.197605,0.307087,0.45509,-0.023622,0.580838,-0.503937,0.586826,-0.275591,1.0,-0.401575,1.095808,-0.464567,1.239521,-0.566929,1.45509,-0.692913,0.898204,-0.905512,0.592814,-0.496063,0.281437,-0.354331,0.407186,-1.015748,0.724551,-1.204724,0.39521,-0.787402,0.155689,-0.653543,0.287425,-1.275591,0.520958,-1.370079,0.239521,-1.03937,0.101796,-0.88189,0.191617,0,0,0.0,0.0,0.0,0.0,0.0,0.0,0.0,0.0,0.0,0.0,0.0,0.0,0.0,0.0,0.0,0.0,0.0,0.0,0.0,0.0,0.0,0.0,0.0,0.0,0.0,0.0,0.0,0.0,0.0,0.0,0.0,0.0,0.0,0.0,0.0,0.0,0.0,0.0,0.0,0.0,0.0,0.0,Z,3
0.0,0.0,0.265625,0.209581,0.289062,0.45509,-0.039062,0.568862,-0.507812,0.568862,-0.28125,1.0,-0.421875,1.083832,-0.46875,1.227545,-0.570312,1.449102,-0.6875,0.886228,-0.90625,0.586826,-0.484375,0.281437,-0.351562,0.413174,-1.015625,0.706587,-1.195312,0.383234,-0.765625,0.143713,-0.65625,0.287425,-1.28125,0.508982,-1.34375,0.227545,-1.015625,0.095808,-0.882812,0.185629,0,0,0.0,0.0,0.0,0.0,0.0,0.0,0.0,0.0,0.0,0.0,0.0,0.0,0.0,0.0,0.0,0.0,0.0,0.0,0.0,0.0,0.0,0.0,0.0,0.0,0.0,0.0,0.0,0.0,0.0,0.0,0.0,0.0,0.0,0.0,0.0,0.0,0.0,0.0,0.0,0.0,0.0,0.0,Z,3
0.0,0.0,0.251969,0.210526,0.291339,0.461988,-0.055118,0.561404,-0.527559,0.54386,-0.299213,1.0,-0.433071,1.070175,-0.480315,1.210526,-0.582677,1.415205,-0.716535,0.888889,-0.92126,0.578947,-0.496063,0.280702,-0.354331,0.403509,-1.03937,0.707602,-1.212598,0.380117,-0.787402,0.146199,-0.669291,0.280702,-1.299213,0.497076,-1.377953,0.216374,-1.047244,0.093567,-0.905512,0.187135,0,0,0.0,0.0,0.0,0.0,0.0,0.0,0.0,0.0,0.0,0.0,0.0,0.0,0.0,0.0,0.0,0.0,0.0,0.0,0.0,0.0,0.0,0.0,0.0,0.0,0.0,0.0,0.0,0.0,0.0,0.0,0.0,0.0,0.0,0.0,0.0,0.0,0.0,0.0,0.0,0.0,0.0,0.0,Z,3
0.0,0.0,0.257812,0.197605,0.304688,0.467066,-0.039062,0.598802,-0.507812,0.60479,-0.273438,1.0,-0.398438,1.101796,-0.476562,1.251497,-0.585938,1.45509,-0.695312,0.904192,-0.898438,0.598802,-0.507812,0.293413,-0.351562,0.401198,-1.015625,0.730539,-1.195312,0.401198,-0.789062,0.161677,-0.632812,0.275449,-1.273438,0.520958,-1.359375,0.239521,-1.03125,0.101796,-0.859375,0.179641,0,0,0.0,0.0,0.0,0.0,0.0,0.0,0.0,0.0,0.0,0.0,0.0,0.0,0.0,0.0,0.0,0.0,0.0,0.0,0.0,0.0,0.0,0.0,0.0,0.0,0.0,0.0,0.0,0.0,0.0,0.0,0.0,0.0,0.0,0.0,0.0,0.0,0.0,0.0,0.0,0.0,0.0,0.0,Z,3
0.0,0.0,0.255814,0.201183,0.302326,0.47929,-0.054264,0.597633,-0.51938,0.585799,-0.286822,1.0,-0.426357,1.100592,-0.488372,1.236686,-0.596899,1.443787,-0.713178,0.91716,-0.891473,0.60355,-0.488372,0.295858,-0.348837,0.426036,-1.03876,0.745562,-1.193798,0.408284,-0.782946,0.171598,-0.651163,0.307692,-1.286822,0.538462,-1.356589,0.248521,-1.031008,0.118343,-0.883721,0.207101,0,0,0.0,0.0,0.0,0.0,0.0,0.0,0.0,0.0,0.0,0.0,0.0,0.0,0.0,0.0,0.0,0.0,0.0,0.0,0.0,0.0,0.0,0.0,0.0,0.0,0.0,0.0,0.0,0.0,0.0,0.0,0.0,0.0,0.0,0.0,0.0,0.0,0.0,0.0,0.0,0.0,0.0,0.0,Z,3
0.0,0.0,0.259843,0.205882,0.314961,0.470588,-0.047244,0.576471,-0.527559,0.564706,-0.291339,1.0,-0.425197,1.076471,-0.480315,1.217647,-0.574803,1.435294,-0.716535,0.9,-0.905512,0.570588,-0.496063,0.270588,-0.354331,0.394118,-1.03937,0.729412,-1.204724,0.388235,-0.795276,0.152941,-0.677165,0.282353,-1.291339,0.523529,-1.370079,0.235294,-1.047244,0.105882,-0.905512,0.194118,0,0,0.0,0.0,0.0,0.0,0.0,0.0,0.0,0.0,0.0,0.0,0.0,0.0,0.0,0.0,0.0,0.0,0.0,0.0,0.0,0.0,0.0,0.0,0.0,0.0,0.0,0.0,0.0,0.0,0.0,0.0,0.0,0.0,0.0,0.0,0.0,0.0,0.0,0.0,0.0,0.0,0.0,0.0,Z,3
0.0,0.0,0.267176,0.191617,0.320611,0.449102,-0.007634,0.580838,-0.473282,0.586826,-0.236641,1.0,-0.389313,1.083832,-0.435115,1.227545,-0.541985,1.45509,-0.648855,0.91018,-0.862595,0.586826,-0.442748,0.263473,-0.29771,0.401198,-0.977099,0.736527,-1.152672,0.39521,-0.740458,0.143713,-0.625954,0.281437,-1.236641,0.538922,-1.305344,0.233533,-0.977099,0.095808,-0.847328,0.185629,0,0,0.0,0.0,0.0,0.0,0.0,0.0,0.0,0.0,0.0,0.0,0.0,0.0,0.0,0.0,0.0,0.0,0.0,0.0,0.0,0.0,0.0,0.0,0.0,0.0,0.0,0.0,0.0,0.0,0.0,0.0,0.0,0.0,0.0,0.0,0.0,0.0,0.0,0.0,0.0,0.0,0.0,0.0,Z,3
0.0,0.0,0.263566,0.187879,0.348837,0.472727,-0.007752,0.606061,-0.48062,0.593939,-0.248062,1.0,-0.395349,1.10303,-0.457364,1.248485,-0.573643,1.460606,-0.682171,0.921212,-0.868217,0.6,-0.457364,0.284848,-0.317829,0.412121,-1.007752,0.751515,-1.178295,0.406061,-0.775194,0.169697,-0.635659,0.29697,-1.248062,0.539394,-1.341085,0.248485,-1.015504,0.109091,-0.860465,0.187879,0,0,0.0,0.0,0.0,0.0,0.0,0.0,0.0,0.0,0.0,0.0,0.0,0.0,0.0,0.0,0.0,0.0,0.0,0.0,0.0,0.0,0.0,0.0,0.0,0.0,0.0,0.0,0.0,0.0,0.0,0.0,0.0,0.0,0.0,0.0,0.0,0.0,0.0,0.0,0.0,0.0,0.0,0.0,Z,3
0.0,0.0,0.339623,0.06962,0.616352,0.265823,0.748428,0.537975,0.710692,0.822785,0.509434,1.0,0.773585,1.35443,0.993711,1.620253,1.132075,1.873418,0.144654,1.082278,0.415094,1.06962,0.389937,0.556962,0.308176,0.481013,-0.188679,0.981013,0.018868,0.791139,0.069182,0.373418,0.012579,0.35443,-0.490566,0.791139,-0.320755,0.594937,-0.213836,0.310127,-0.257862,0.316456,0,0,0.0,0.0,0.0,0.0,0.0,0.0,0.0,0.0,0.0,0.0,0.0,0.0,0.0,0.0,0.0,0.0,0.0,0.0,0.0,0.0,0.0,0.0,0.0,0.0,0.0,0.0,0.0,0.0,0.0,0.0,0.0,0.0,0.0,0.0,0.0,0.0,0.0,0.0,0.0,0.0,0.0,0.0,Z,4
0.0,0.0,0.37037,0.101796,0.685185,0.287425,0.808642,0.526946,0.771605,0.790419,0.604938,1.0,0.876543,1.39521,1.061728,1.688623,1.191358,1.934132,0.228395,1.083832,0.5,1.08982,0.487654,0.610778,0.407407,0.502994,-0.098765,1.011976,0.148148,0.796407,0.17284,0.407186,0.104938,0.383234,-0.395062,0.856287,-0.203704,0.60479,-0.092593,0.329341,-0.104938,0.347305,0,0,0.0,0.0,0.0,0.0,0.0,0.0,0.0,0.0,0.0,0.0,0.0,0.0,0.0,0.0,0.0,0.0,0.0,0.0,0.0,0.0,0.0,0.0,0.0,0.0,0.0,0.0,0.0,0.0,0.0,0.0,0.0,0.0,0.0,0.0,0.0,0.0,0.0,0.0,0.0,0.0,0.0,0.0,Z,4
0.0,0.0,0.440994,0.108571,0.770186,0.308571,0.857143,0.542857,0.807453,0.788571,0.664596,1.0,0.937888,1.371429,1.136646,1.645714,1.279503,1.88,0.285714,1.085714,0.565217,1.04,0.546584,0.605714,0.47205,0.514286,-0.043478,1.011429,0.217391,0.748571,0.229814,0.4,0.161491,0.4,-0.335404,0.857143,-0.130435,0.588571,-0.031056,0.348571,-0.043478,0.371429,0,0,0.0,0.0,0.0,0.0,0.0,0.0,0.0,0.0,0.0,0.0,0.0,0.0,0.0,0.0,0.0,0.0,0.0,0.0,0.0,0.0,0.0,0.0,0.0,0.0,0.0,0.0,0.0,0.0,0.0,0.0,0.0,0.0,0.0,0.0,0.0,0.0,0.0,0.0,0.0,0.0,0.0,0.0,Z,4
0.0,0.0,0.448485,0.128492,0.757576,0.329609,0.854545,0.558659,0.818182,0.793296,0.672727,1.0,0.939394,1.357542,1.127273,1.631285,1.260606,1.860335,0.29697,1.083799,0.557576,1.039106,0.545455,0.614525,0.484848,0.513966,-0.030303,1.011173,0.224242,0.77095,0.236364,0.430168,0.175758,0.413408,-0.327273,0.860335,-0.115152,0.603352,-0.012121,0.357542,-0.012121,0.368715,0,0,0.0,0.0,0.0,0.0,0.0,0.0,0.0,0.0,0.0,0.0,0.0,0.0,0.0,0.0,0.0,0.0,0.0,0.0,0.0,0.0,0.0,0.0,0.0,0.0,0.0,0.0,0.0,0.0,0.0,0.0,0.0,0.0,0.0,0.0,0.0,0.0,0.0,0.0,0.0,0.0,0.0,0.0,Z,4
0.0,0.0,0.457317,0.126374,0.77439,0.32967,0.871951,0.554945,0.841463,0.78022,0.689024,1.0,0.963415,1.357143,1.146341,1.626374,1.27439,1.857143,0.310976,1.076923,0.573171,1.032967,0.554878,0.60989,0.487805,0.516484,-0.018293,1.005495,0.237805,0.774725,0.243902,0.428571,0.182927,0.412088,-0.310976,0.857143,-0.103659,0.598901,-0.006098,0.357143,-0.012195,0.368132,0,0,0.0,0.0,0.0,0.0,0.0,0.0,0.0,0.0,0.0,0.0,0.0,0.0,0.0,0.0,0.0,0.0,0.0,0.0,0.0,0.0,0.0,0.0,0.0,0.0,0.0,0.0,0.0,0.0,0.0,0.0,0.0,0.0,0.0,0.0,0.0,0.0,0.0,0.0,0.0,0.0,0.0,0.0,Z,4
0.0,0.0,0.460123,0.136612,0.779141,0.327869,0.883436,0.546448,0.840491,0.781421,0.699387,1.0,0.97546,1.349727,1.165644,1.617486,1.288344,1.84153,0.325153,1.081967,0.588957,1.043716,0.558282,0.617486,0.490798,0.530055,-0.01227,1.010929,0.251534,0.770492,0.251534,0.431694,0.177914,0.42623,-0.300613,0.863388,-0.092025,0.601093,0.0,0.36612,-0.01227,0.382514,0,0,0.0,0.0,0.0,0.0,0.0,0.0,0.0,0.0,0.0,0.0,0.0,0.0,0.0,0.0,0.0,0.0,0.0,0.0,0.0,0.0,0.0,0.0,0.0,0.0,0.0,0.0,0.0,0.0,0.0,0.0,0.0,0.0,0.0,0.0,0.0,0.0,0.0,0.0,0.0,0.0,0.0,0.0,Z,4
0.0,0.0,0.466258,0.13587,0.779141,0.336957,0.877301,0.559783,0.858896,0.788043,0.699387,1.0,0.97546,1.347826,1.171779,1.608696,1.294479,1.836957,0.325153,1.081522,0.595092,1.032609,0.570552,0.61413,0.496933,0.532609,-0.01227,1.01087,0.257669,0.766304,0.263804,0.423913,0.190184,0.418478,-0.300613,0.853261,-0.092025,0.597826,0.01227,0.36413,0.0,0.369565,0,0,0.0,0.0,0.0,0.0,0.0,0.0,0.0,0.0,0.0,0.0,0.0,0.0,0.0,0.0,0.0,0.0,0.0,0.0,0.0,0.0,0.0,0.0,0.0,0.0,0.0,0.0,0.0,0.0,0.0,0.0,0.0,0.0,0.0,0.0,0.0,0.0,0.0,0.0,0.0,0.0,0.0,0.0,Z,4
0.0,0.0,0.45122,0.13587,0.768293,0.336957,0.896341,0.543478,0.884146,0.766304,0.695122,1.0,0.969512,1.353261,1.164634,1.608696,1.292683,1.831522,0.317073,1.076087,0.585366,1.038043,0.573171,0.61413,0.5,0.527174,-0.012195,1.0,0.25,0.76087,0.256098,0.423913,0.189024,0.418478,-0.304878,0.842391,-0.091463,0.592391,0.006098,0.358696,-0.012195,0.369565,0,0,0.0,0.0,0.0,0.0,0.0,0.0,0.0,0.0,0.0,0.0,0.0,0.0,0.0,0.0,0.0,0.0,0.0,0.0,0.0,0.0,0.0,0.0,0.0,0.0,0.0,0.0,0.0,0.0,0.0,0.0,0.0,0.0,0.0,0.0,0.0,0.0,0.0,0.0,0.0,0.0,0.0,0.0,Z,4
0.0,0.0,0.457317,0.140541,0.768293,0.335135,0.890244,0.545946,0.884146,0.778378,0.70122,1.0,0.969512,1.340541,1.158537,1.594595,1.286585,1.810811,0.323171,1.081081,0.585366,1.043243,0.567073,0.616216,0.5,0.52973,-0.006098,1.010811,0.25,0.762162,0.256098,0.432432,0.195122,0.427027,-0.29878,0.859459,-0.091463,0.589189,0.006098,0.362162,0.0,0.378378,0,0,0.0,0.0,0.0,0.0,0.0,0.0,0.0,0.0,0.0,0.0,0.0,0.0,0.0,0.0,0.0,0.0,0.0,0.0,0.0,0.0,0.0,0.0,0.0,0.0,0.0,0.0,0.0,0.0,0.0,0.0,0.0,0.0,0.0,0.0,0.0,0.0,0.0,0.0,0.0,0.0,0.0,0.0,Z,4
0.0,0.0,0.460123,0.13587,0.766871,0.342391,0.865031,0.565217,0.852761,0.804348,0.693252,1.0,0.969325,1.353261,1.165644,1.603261,1.294479,1.826087,0.319018,1.086957,0.582822,1.043478,0.570552,0.625,0.496933,0.532609,-0.01227,1.016304,0.245399,0.75,0.257669,0.423913,0.190184,0.423913,-0.306748,0.86413,-0.09816,0.581522,0.0,0.358696,-0.01227,0.380435,0,0,0.0,0.0,0.0,0.0,0.0,0.0,0.0,0.0,0.0,0.0,0.0,0.0,0.0,0.0,0.0,0.0,0.0,0.0,0.0,0.0,0.0,0.0,0.0,0.0,0.0,0.0,0.0,0.0,0.0,0.0,0.0,0.0,0.0,0.0,0.0,0.0,0.0,0.0,0.0,0.0,0.0,0.0,Z,4
0.0,0.0,0.463415,0.13587,0.780488,0.347826,0.890244,0.559783,0.884146,0.782609,0.695122,1.0,0.969512,1.347826,1.164634,1.608696,1.292683,1.831522,0.317073,1.081522,0.579268,1.032609,0.567073,0.61413,0.5,0.51087,-0.012195,1.01087,0.243902,0.75,0.25,0.418478,0.189024,0.402174,-0.304878,0.853261,-0.097561,0.581522,0.0,0.347826,-0.006098,0.36413,0,0,0.0,0.0,0.0,0.0,0.0,0.0,0.0,0.0,0.0,0.0,0.0,0.0,0.0,0.0,0.0,0.0,0.0,0.0,0.0,0.0,0.0,0.0,0.0,0.0,0.0,0.0,0.0,0.0,0.0,0.0,0.0,0.0,0.0,0.0,0.0,0.0,0.0,0.0,0.0,0.0,0.0,0.0,Z,4
0.0,0.0,0.47561,0.140541,0.792683,0.345946,0.902439,0.567568,0.871951,0.8,0.70122,1.0,0.97561,1.340541,1.170732,1.594595,1.29878,1.816216,0.329268,1.075676,0.597561,1.037838,0.579268,0.610811,0.512195,0.513514,-0.006098,1.005405,0.262195,0.756757,0.268293,0.427027,0.20122,0.410811,-0.29878,0.848649,-0.085366,0.583784,0.018293,0.356757,0.006098,0.372973,0,0,0.0,0.0,0.0,0.0,0.0,0.0,0.0,0.0,0.0,0.0,0.0,0.0,0.0,0.0,0.0,0.0,0.0,0.0,0.0,0.0,0.0,0.0,0.0,0.0,0.0,0.0,0.0,0.0,0.0,0.0,0.0,0.0,0.0,0.0,0.0,0.0,0.0,0.0,0.0,0.0,0.0,0.0,Z,4
0.0,0.0,0.478528,0.145946,0.791411,0.351351,0.90184,0.572973,0.895706,0.805405,0.705521,1.0,0.98773,1.340541,1.190184,1.594595,1.325153,1.816216,0.331288,1.081081,0.607362,1.037838,0.595092,0.610811,0.527607,0.502703,0.0,1.005405,0.269939,0.767568,0.282209,0.427027,0.214724,0.4,-0.294479,0.848649,-0.079755,0.594595,0.018405,0.356757,0.018405,0.362162,0,0,0.0,0.0,0.0,0.0,0.0,0.0,0.0,0.0,0.0,0.0,0.0,0.0,0.0,0.0,0.0,0.0,0.0,0.0,0.0,0.0,0.0,0.0,0.0,0.0,0.0,0.0,0.0,0.0,0.0,0.0,0.0,0.0,0.0,0.0,0.0,0.0,0.0,0.0,0.0,0.0,0.0,0.0,Z,4
0.0,0.0,0.460606,0.140541,0.769697,0.345946,0.878788,0.572973,0.854545,0.805405,0.70303,1.0,0.981818,1.340541,1.181818,1.6,1.315152,1.821622,0.327273,1.081081,0.587879,1.032432,0.569697,0.605405,0.50303,0.513514,0.0,1.005405,0.260606,0.762162,0.266667,0.421622,0.2,0.405405,-0.29697,0.854054,-0.084848,0.594595,0.012121,0.356757,0.006061,0.362162,0,0,0.0,0.0,0.0,0.0,0.0,0.0,0.0,0.0,0.0,0.0,0.0,0.0,0.0,0.0,0.0,0.0,0.0,0.0,0.0,0.0,0.0,0.0,0.0,0.0,0.0,0.0,0.0,0.0,0.0,0.0,0.0,0.0,0.0,0.0,0.0,0.0,0.0,0.0,0.0,0.0,0.0,0.0,Z,4
0.0,0.0,0.409639,0.145833,0.722892,0.348958,0.855422,0.5625,0.837349,0.78125,0.638554,1.0,0.927711,1.317708,1.138554,1.557292,1.271084,1.765625,0.253012,1.057292,0.536145,0.963542,0.524096,0.578125,0.433735,0.520833,-0.072289,0.96875,0.204819,0.71875,0.222892,0.421875,0.144578,0.427083,-0.361446,0.807292,-0.13253,0.578125,-0.036145,0.375,-0.066265,0.375,0,0,0.0,0.0,0.0,0.0,0.0,0.0,0.0,0.0,0.0,0.0,0.0,0.0,0.0,0.0,0.0,0.0,0.0,0.0,0.0,0.0,0.0,0.0,0.0,0.0,0.0,0.0,0.0,0.0,0.0,0.0,0.0,0.0,0.0,0.0,0.0,0.0,0.0,0.0,0.0,0.0,0.0,0.0,Z,4
0.0,0.0,0.427481,0.030303,0.854962,0.340909,1.053435,0.674242,1.068702,0.931818,0.671756,1.0,0.70229,1.325758,0.679389,1.25,0.679389,1.151515,0.351145,1.022727,0.335878,1.310606,0.320611,1.106061,0.328244,0.931818,0.015267,0.931818,-0.030534,1.143939,-0.007634,0.992424,0.022901,0.871212,-0.328244,0.765152,-0.374046,0.939394,-0.320611,0.818182,-0.267176,0.704545,0.0,0.13636363636363635,0.0,0.0,0.378882,0.116022,0.732919,0.331492,0.807453,0.552486,0.732919,0.767956,0.621118,1.0,0.913043,1.403315,1.136646,1.674033,1.304348,1.906077,0.248447,1.027624,0.403727,1.022099,0.428571,0.662983,0.397516,0.535912,-0.080745,0.928177,0.062112,0.834254,0.130435,0.541436,0.130435,0.458564,-0.378882,0.762431,-0.254658,0.685083,-0.130435,0.464088,-0.080745,0.39779,Z,4
0.0,0.0,0.491525,0.107595,0.932203,0.43038,1.152542,0.71519,1.177966,0.924051,0.542373,1.0,0.610169,1.158228,0.694915,0.911392,0.771186,0.746835,0.20339,0.987342,0.305085,1.107595,0.415254,0.822785,0.457627,0.651899,-0.135593,0.898734,-0.033898,0.974684,0.076271,0.727848,0.110169,0.56962,-0.457627,0.746835,-0.364407,0.822785,-0.245763,0.64557,-0.194915,0.512658,-0.03389830508474576,0.10759493670886076,0.0,0.0,0.464286,0.192893,0.921429,0.436548,0.907143,0.71066,0.557143,0.822335,0.435714,1.0,0.557143,1.116751,0.642857,0.857868,0.692857,0.741117,0.071429,0.969543,0.178571,0.984772,0.335714,0.715736,0.407143,0.609137,-0.25,0.857868,-0.221429,0.878173,-0.057143,0.64467,0.021429,0.522843,-0.564286,0.705584,-0.564286,0.741117,-0.414286,0.583756,-0.314286,0.492386,Z,4
0.0,0.0,0.542373,0.186335,0.974576,0.484472,1.09322,0.757764,0.838983,0.950311,0.228814,1.0,0.211864,1.180124,0.398305,1.099379,0.59322,1.0,-0.152542,0.956522,-0.050847,1.024845,0.237288,0.869565,0.474576,0.720497,-0.491525,0.801242,-0.372881,0.84472,-0.09322,0.689441,0.127119,0.552795,-0.771186,0.596273,-0.669492,0.658385,-0.423729,0.552795,-0.211864,0.447205,0,0,0.0,0.0,0.0,0.0,0.0,0.0,0.0,0.0,0.0,0.0,0.0,0.0,0.0,0.0,0.0,0.0,0.0,0.0,0.0,0.0,0.0,0.0,0.0,0.0,0.0,0.0,0.0,0.0,0.0,0.0,0.0,0.0,0.0,0.0,0.0,0.0,0.0,0.0,0.0,0.0,0.0,0.0,Z,4
0.0,0.0,0.324786,0.268293,0.435897,0.614634,0.179487,0.834146,-0.25641,0.882927,-0.076923,1.0,-0.051282,1.404878,-0.017094,1.687805,-0.034188,1.921951,-0.470085,0.897561,-0.649573,1.087805,-0.34188,0.892683,-0.128205,0.717073,-0.794872,0.736585,-0.931624,0.878049,-0.615385,0.707317,-0.418803,0.565854,-1.076923,0.536585,-1.145299,0.668293,-0.880342,0.565854,-0.700855,0.463415,0,0,0.0,0.0,0.0,0.0,0.0,0.0,0.0,0.0,0.0,0.0,0.0,0.0,0.0,0.0,0.0,0.0,0.0,0.0,0.0,0.0,0.0,0.0,0.0,0.0,0.0,0.0,0.0,0.0,0.0,0.0,0.0,0.0,0.0,0.0,0.0,0.0,0.0,0.0,0.0,0.0,0.0,0.0,Z,4
0.0,0.0,0.283465,0.263415,0.346457,0.64878,-0.047244,0.839024,-0.503937,0.84878,-0.11811,1.0,-0.212598,1.404878,-0.314961,1.682927,-0.409449,1.931707,-0.535433,0.892683,-0.850394,1.039024,-0.566929,0.790244,-0.291339,0.643902,-0.866142,0.726829,-1.181102,0.814634,-0.889764,0.629268,-0.653543,0.531707,-1.11811,0.512195,-1.393701,0.590244,-1.149606,0.473171,-0.937008,0.409756,0,0,0.0,0.0,0.0,0.0,0.0,0.0,0.0,0.0,0.0,0.0,0.0,0.0,0.0,0.0,0.0,0.0,0.0,0.0,0.0,0.0,0.0,0.0,0.0,0.0,0.0,0.0,0.0,0.0,0.0,0.0,0.0,0.0,0.0,0.0,0.0,0.0,0.0,0.0,0.0,0.0,0.0,0.0,Z,4
0.0,0.0,0.293233,0.239631,0.345865,0.539171,0.037594,0.732719,-0.43609,0.797235,-0.172932,1.0,-0.293233,1.345622,-0.458647,1.599078,-0.601504,1.829493,-0.571429,0.884793,-0.894737,0.976959,-0.593985,0.631336,-0.37594,0.571429,-0.909774,0.737327,-1.195489,0.741935,-0.842105,0.479263,-0.639098,0.479263,-1.172932,0.552995,-1.421053,0.543779,-1.082707,0.391705,-0.864662,0.37788,0,0,0.0,0.0,0.0,0.0,0.0,0.0,0.0,0.0,0.0,0.0,0.0,0.0,0.0,0.0,0.0,0.0,0.0,0.0,0.0,0.0,0.0,0.0,0.0,0.0,0.0,0.0,0.0,0.0,0.0,0.0,0.0,0.0,0.0,0.0,0.0,0.0,0.0,0.0,0.0,0.0,0.0,0.0,Z,4
0.0,0.0,0.293233,0.236111,0.338346,0.527778,0.022556,0.717593,-0.473684,0.782407,-0.180451,1.0,-0.338346,1.337963,-0.526316,1.601852,-0.669173,1.828704,-0.601504,0.865741,-0.902256,0.967593,-0.646617,0.625,-0.43609,0.564815,-0.924812,0.712963,-1.225564,0.717593,-0.909774,0.462963,-0.691729,0.453704,-1.180451,0.527778,-1.43609,0.518519,-1.135338,0.361111,-0.909774,0.342593,0,0,0.0,0.0,0.0,0.0,0.0,0.0,0.0,0.0,0.0,0.0,0.0,0.0,0.0,0.0,0.0,0.0,0.0,0.0,0.0,0.0,0.0,0.0,0.0,0.0,0.0,0.0,0.0,0.0,0.0,0.0,0.0,0.0,0.0,0.0,0.0,0.0,0.0,0.0,0.0,0.0,0.0,0.0,Z,4
0.0,0.0,0.300752,0.226852,0.360902,0.527778,0.067669,0.75463,-0.398496,0.814815,-0.142857,1.0,-0.300752,1.351852,-0.481203,1.611111,-0.631579,1.842593,-0.541353,0.898148,-0.887218,1.009259,-0.609023,0.671296,-0.383459,0.583333,-0.879699,0.75,-1.18797,0.777778,-0.879699,0.523148,-0.669173,0.490741,-1.142857,0.564815,-1.398496,0.569444,-1.112782,0.421296,-0.909774,0.375,0,0,0.0,0.0,0.0,0.0,0.0,0.0,0.0,0.0,0.0,0.0,0.0,0.0,0.0,0.0,0.0,0.0,0.0,0.0,0.0,0.0,0.0,0.0,0.0,0.0,0.0,0.0,0.0,0.0,0.0,0.0,0.0,0.0,0.0,0.0,0.0,0.0,0.0,0.0,0.0,0.0,0.0,0.0,Z,4
0.0,0.0,0.308271,0.266332,0.398496,0.58794,0.037594,0.773869,-0.383459,0.839196,-0.105263,1.0,-0.225564,1.39196,-0.338346,1.668342,-0.443609,1.899497,-0.518797,0.929648,-0.631579,0.994975,-0.383459,0.698492,-0.150376,0.507538,-0.849624,0.778894,-0.917293,0.748744,-0.616541,0.522613,-0.383459,0.39196,-1.105263,0.582915,-1.157895,0.547739,-0.879699,0.396985,-0.676692,0.321608,0,0,0.0,0.0,0.0,0.0,0.0,0.0,0.0,0.0,0.0,0.0,0.0,0.0,0.0,0.0,0.0,0.0,0.0,0.0,0.0,0.0,0.0,0.0,0.0,0.0,0.0,0.0,0.0,0.0,0.0,0.0,0.0,0.0,0.0,0.0,0.0,0.0,0.0,0.0,0.0,0.0,0.0,0.0,Z,4
0.0,0.0,0.5,0.613333,0.753425,1.24,0.712329,1.693333,0.438356,1.88,0.691781,1.0,0.452055,2.053333,0.246575,2.506667,0.164384,2.653333,0.363014,0.68,0.020548,1.853333,-0.089041,2.32,-0.116438,2.386667,0.013699,0.44,-0.308219,1.586667,-0.342466,2.04,-0.321918,2.093333,-0.308219,0.293333,-0.541096,1.173333,-0.534247,1.613333,-0.493151,1.786667,0,0,0.0,0.0,0.0,0.0,0.0,0.0,0.0,0.0,0.0,0.0,0.0,0.0,0.0,0.0,0.0,0.0,0.0,0.0,0.0,0.0,0.0,0.0,0.0,0.0,0.0,0.0,0.0,0.0,0.0,0.0,0.0,0.0,0.0,0.0,0.0,0.0,0.0,0.0,0.0,0.0,0.0,0.0,Z,4
0.0,0.0,0.526316,0.28125,0.947368,0.46875,1.245614,0.46875,1.491228,0.351562,0.719298,1.0,1.017544,0.929688,1.245614,0.796875,1.385965,0.703125,0.368421,0.890625,0.868421,0.570312,1.157895,0.195312,1.350877,-0.046875,0.017544,0.617188,0.464912,0.257812,0.657895,-0.007812,0.736842,-0.109375,-0.280702,0.28125,0.008772,0.054688,0.175439,-0.03125,0.245614,-0.007812,0,0,0.0,0.0,0.0,0.0,0.0,0.0,0.0,0.0,0.0,0.0,0.0,0.0,0.0,0.0,0.0,0.0,0.0,0.0,0.0,0.0,0.0,0.0,0.0,0.0,0.0,0.0,0.0,0.0,0.0,0.0,0.0,0.0,0.0,0.0,0.0,0.0,0.0,0.0,0.0,0.0,0.0,0.0,Z,4
0.0,0.0,0.343195,0.046667,0.710059,0.153333,0.893491,0.253333,0.816568,0.26,0.579882,1.0,0.881657,1.166667,1.08284,1.293333,1.248521,1.406667,0.201183,1.133333,0.497041,0.56,0.585799,0.12,0.621302,-0.04,-0.142012,0.993333,0.213018,0.28,0.260355,-0.006667,0.260355,-0.04,-0.420118,0.733333,-0.100592,0.166667,0.0,-0.08,0.029586,-0.133333,-0.10059171597633136,-0.16666666666666666,0.0,0.0,0.372727,0.115108,0.754545,0.323741,1.0,0.467626,1.190909,0.532374,0.636364,1.0,0.836364,0.870504,1.027273,0.697842,1.218182,0.532374,0.290909,1.028777,0.590909,0.733813,0.827273,0.359712,0.990909,0.057554,-0.054545,0.942446,0.281818,0.604317,0.454545,0.266187,0.545455,0.014388,-0.363636,0.755396,-0.036364,0.539568,0.118182,0.266187,0.209091,0.057554,Z,4
0.0,0.0,0.389222,0.0625,0.802395,0.145833,0.988024,0.25,0.904192,0.388889,0.640719,1.0,0.97006,1.104167,1.233533,1.229167,1.45509,1.395833,0.263473,1.152778,0.592814,0.486111,0.646707,0.069444,0.592814,0.020833,-0.071856,1.0,0.275449,0.222222,0.317365,-0.041667,0.263473,0.041667,-0.359281,0.736111,-0.077844,0.159722,0.017964,-0.076389,0.0,-0.055556,0,0,0.0,0.0,0.0,0.0,0.0,0.0,0.0,0.0,0.0,0.0,0.0,0.0,0.0,0.0,0.0,0.0,0.0,0.0,0.0,0.0,0.0,0.0,0.0,0.0,0.0,0.0,0.0,0.0,0.0,0.0,0.0,0.0,0.0,0.0,0.0,0.0,0.0,0.0,0.0,0.0,0.0,0.0,Z,4
0.0,0.0,0.4,0.059322,0.8,0.144068,1.006061,0.237288,0.890909,0.364407,0.660606,1.0,0.951515,1.186441,1.193939,1.355932,1.381818,1.584746,0.290909,1.161017,0.587879,0.432203,0.612121,-0.033898,0.527273,-0.042373,-0.054545,0.983051,0.242424,0.152542,0.290909,-0.101695,0.230303,0.042373,-0.339394,0.669492,-0.109091,0.050847,-0.012121,-0.152542,-0.054545,-0.076271,0,0,0.0,0.0,0.0,0.0,0.0,0.0,0.0,0.0,0.0,0.0,0.0,0.0,0.0,0.0,0.0,0.0,0.0,0.0,0.0,0.0,0.0,0.0,0.0,0.0,0.0,0.0,0.0,0.0,0.0,0.0,0.0,0.0,0.0,0.0,0.0,0.0,0.0,0.0,0.0,0.0,0.0,0.0,Z,4
0.0,0.0,0.41358,0.025424,0.820988,0.101695,1.037037,0.237288,0.938272,0.423729,0.691358,1.0,1.012346,1.220339,1.265432,1.372881,1.462963,1.59322,0.333333,1.186441,0.617284,0.432203,0.598765,-0.016949,0.493827,0.033898,-0.018519,1.016949,0.265432,0.161017,0.296296,-0.076271,0.228395,0.110169,-0.308642,0.720339,-0.080247,0.084746,0.018519,-0.09322,-0.024691,0.008475,0,0,0.0,0.0,0.0,0.0,0.0,0.0,0.0,0.0,0.0,0.0,0.0,0.0,0.0,0.0,0.0,0.0,0.0,0.0,0.0,0.0,0.0,0.0,0.0,0.0,0.0,0.0,0.0,0.0,0.0,0.0,0.0,0.0,0.0,0.0,0.0,0.0,0.0,0.0,0.0,0.0,0.0,0.0,Z,4
0.0,0.0,0.371951,0.017094,0.756098,0.128205,0.981707,0.25641,0.969512,0.410256,0.652439,1.0,1.0,1.230769,1.243902,1.401709,1.439024,1.615385,0.29878,1.196581,0.54878,0.547009,0.560976,0.17094,0.5,0.128205,-0.042683,1.051282,0.20122,0.222222,0.231707,0.042735,0.189024,0.179487,-0.347561,0.769231,-0.152439,0.136752,-0.079268,-0.008547,-0.109756,0.076923,0,0,0.0,0.0,0.0,0.0,0.0,0.0,0.0,0.0,0.0,0.0,0.0,0.0,0.0,0.0,0.0,0.0,0.0,0.0,0.0,0.0,0.0,0.0,0.0,0.0,0.0,0.0,0.0,0.0,0.0,0.0,0.0,0.0,0.0,0.0,0.0,0.0,0.0,0.0,0.0,0.0,0.0,0.0,Z,4
0.0,0.0,0.460526,0.0,0.927632,0.139535,1.151316,0.333333,1.052632,0.527132,0.809211,1.0,1.157895,1.248062,1.421053,1.387597,1.638158,1.542636,0.460526,1.186047,0.697368,0.612403,0.644737,0.286822,0.559211,0.263566,0.118421,1.093023,0.375,0.395349,0.361842,0.209302,0.302632,0.317829,-0.190789,0.875969,0.065789,0.317829,0.078947,0.139535,0.006579,0.186047,0,0,0.0,0.0,0.0,0.0,0.0,0.0,0.0,0.0,0.0,0.0,0.0,0.0,0.0,0.0,0.0,0.0,0.0,0.0,0.0,0.0,0.0,0.0,0.0,0.0,0.0,0.0,0.0,0.0,0.0,0.0,0.0,0.0,0.0,0.0,0.0,0.0,0.0,0.0,0.0,0.0,0.0,0.0,Z,4
0.0,0.0,0.423841,0.098592,0.81457,0.253521,0.913907,0.380282,0.768212,0.478873,0.582781,1.0,0.927152,1.15493,1.198675,1.295775,1.417219,1.450704,0.211921,1.098592,0.443709,0.521127,0.437086,0.330986,0.357616,0.380282,-0.13245,0.950704,0.139073,0.330986,0.178808,0.260563,0.139073,0.408451,-0.417219,0.704225,-0.165563,0.225352,-0.10596,0.140845,-0.145695,0.21831,0,0,0.0,0.0,0.0,0.0,0.0,0.0,0.0,0.0,0.0,0.0,0.0,0.0,0.0,0.0,0.0,0.0,0.0,0.0,0.0,0.0,0.0,0.0,0.0,0.0,0.0,0.0,0.0,0.0,0.0,0.0,0.0,0.0,0.0,0.0,0.0,0.0,0.0,0.0,0.0,0.0,0.0,0.0,Z,4
0.0,0.0,0.509934,0.093168,0.827815,0.242236,1.033113,0.42236,1.07947,0.645963,0.781457,1.0,1.066225,1.347826,1.271523,1.63354,1.384106,1.881988,0.403974,1.093168,0.781457,0.881988,0.708609,0.447205,0.602649,0.403727,0.07947,1.012422,0.417219,0.701863,0.397351,0.354037,0.304636,0.372671,-0.218543,0.869565,0.046358,0.596273,0.112583,0.354037,0.059603,0.354037,0,0,0.0,0.0,0.0,0.0,0.0,0.0,0.0,0.0,0.0,0.0,0.0,0.0,0.0,0.0,0.0,0.0,0.0,0.0,0.0,0.0,0.0,0.0,0.0,0.0,0.0,0.0,0.0,0.0,0.0,0.0,0.0,0.0,0.0,0.0,0.0,0.0,0.0,0.0,0.0,0.0,0.0,0.0,Z,5
0.0,0.0,0.546667,0.092593,0.873333,0.240741,1.06,0.419753,1.106667,0.62963,0.806667,1.0,1.093333,1.345679,1.293333,1.62963,1.406667,1.876543,0.44,1.098765,0.82,0.876543,0.766667,0.450617,0.66,0.395062,0.106667,1.018519,0.46,0.660494,0.413333,0.333333,0.3,0.351852,-0.193333,0.851852,0.073333,0.54321,0.126667,0.302469,0.086667,0.314815,0,0,0.0,0.0,0.0,0.0,0.0,0.0,0.0,0.0,0.0,0.0,0.0,0.0,0.0,0.0,0.0,0.0,0.0,0.0,0.0,0.0,0.0,0.0,0.0,0.0,0.0,0.0,0.0,0.0,0.0,0.0,0.0,0.0,0.0,0.0,0.0,0.0,0.0,0.0,0.0,0.0,0.0,0.0,Z,5
0.0,0.0,0.543046,0.103659,0.874172,0.25,1.059603,0.414634,1.099338,0.609756,0.81457,1.0,1.099338,1.341463,1.284768,1.621951,1.397351,1.865854,0.443709,1.091463,0.827815,0.871951,0.774834,0.45122,0.675497,0.402439,0.112583,1.012195,0.463576,0.676829,0.423841,0.347561,0.317881,0.365854,-0.18543,0.853659,0.07947,0.554878,0.145695,0.310976,0.099338,0.317073,0,0,0.0,0.0,0.0,0.0,0.0,0.0,0.0,0.0,0.0,0.0,0.0,0.0,0.0,0.0,0.0,0.0,0.0,0.0,0.0,0.0,0.0,0.0,0.0,0.0,0.0,0.0,0.0,0.0,0.0,0.0,0.0,0.0,0.0,0.0,0.0,0.0,0.0,0.0,0.0,0.0,0.0,0.0,Z,5
0.0,0.0,0.559211,0.097561,0.881579,0.25,1.052632,0.420732,1.105263,0.621951,0.815789,1.0,1.092105,1.335366,1.282895,1.615854,1.394737,1.865854,0.447368,1.091463,0.822368,0.859756,0.782895,0.439024,0.690789,0.371951,0.118421,1.006098,0.473684,0.676829,0.447368,0.347561,0.348684,0.347561,-0.184211,0.841463,0.085526,0.54878,0.157895,0.304878,0.131579,0.29878,0,0,0.0,0.0,0.0,0.0,0.0,0.0,0.0,0.0,0.0,0.0,0.0,0.0,0.0,0.0,0.0,0.0,0.0,0.0,0.0,0.0,0.0,0.0,0.0,0.0,0.0,0.0,0.0,0.0,0.0,0.0,0.0,0.0,0.0,0.0,0.0,0.0,0.0,0.0,0.0,0.0,0.0,0.0,Z,5
0.0,0.0,0.562914,0.109091,0.887417,0.266667,1.066225,0.430303,1.10596,0.630303,0.801325,1.0,1.092715,1.333333,1.284768,1.612121,1.397351,1.860606,0.437086,1.090909,0.821192,0.860606,0.774834,0.442424,0.688742,0.375758,0.10596,1.006061,0.470199,0.678788,0.443709,0.351515,0.350993,0.351515,-0.198675,0.842424,0.086093,0.551515,0.152318,0.309091,0.125828,0.30303,0,0,0.0,0.0,0.0,0.0,0.0,0.0,0.0,0.0,0.0,0.0,0.0,0.0,0.0,0.0,0.0,0.0,0.0,0.0,0.0,0.0,0.0,0.0,0.0,0.0,0.0,0.0,0.0,0.0,0.0,0.0,0.0,0.0,0.0,0.0,0.0,0.0,0.0,0.0,0.0,0.0,0.0,0.0,Z,5
0.0,0.0,0.545455,0.09816,0.857143,0.251534,1.019481,0.411043,1.11039,0.619632,0.798701,1.0,1.077922,1.343558,1.266234,1.638037,1.376623,1.883436,0.435065,1.092025,0.792208,0.883436,0.75974,0.453988,0.675325,0.386503,0.103896,1.01227,0.448052,0.680982,0.428571,0.349693,0.344156,0.349693,-0.201299,0.846626,0.058442,0.558282,0.136364,0.306748,0.123377,0.300613,0,0,0.0,0.0,0.0,0.0,0.0,0.0,0.0,0.0,0.0,0.0,0.0,0.0,0.0,0.0,0.0,0.0,0.0,0.0,0.0,0.0,0.0,0.0,0.0,0.0,0.0,0.0,0.0,0.0,0.0,0.0,0.0,0.0,0.0,0.0,0.0,0.0,0.0,0.0,0.0,0.0,0.0,0.0,Z,5
0.0,0.0,0.551948,0.104938,0.87013,0.246914,1.051948,0.407407,1.11039,0.623457,0.805195,1.0,1.090909,1.351852,1.285714,1.641975,1.396104,1.895062,0.441558,1.092593,0.798701,0.864198,0.75974,0.432099,0.675325,0.382716,0.103896,1.006173,0.454545,0.67284,0.435065,0.339506,0.357143,0.351852,-0.194805,0.839506,0.071429,0.549383,0.142857,0.302469,0.123377,0.296296,0,0,0.0,0.0,0.0,0.0,0.0,0.0,0.0,0.0,0.0,0.0,0.0,0.0,0.0,0.0,0.0,0.0,0.0,0.0,0.0,0.0,0.0,0.0,0.0,0.0,0.0,0.0,0.0,0.0,0.0,0.0,0.0,0.0,0.0,0.0,0.0,0.0,0.0,0.0,0.0,0.0,0.0,0.0,Z,5
0.0,0.0,0.546053,0.09816,0.881579,0.251534,1.059211,0.435583,1.085526,0.644172,0.815789,1.0,1.111842,1.349693,1.315789,1.638037,1.434211,1.883436,0.447368,1.092025,0.822368,0.865031,0.769737,0.435583,0.671053,0.368098,0.111842,1.018405,0.467105,0.668712,0.434211,0.337423,0.348684,0.337423,-0.184211,0.858896,0.078947,0.558282,0.151316,0.306748,0.125,0.300613,0,0,0.0,0.0,0.0,0.0,0.0,0.0,0.0,0.0,0.0,0.0,0.0,0.0,0.0,0.0,0.0,0.0,0.0,0.0,0.0,0.0,0.0,0.0,0.0,0.0,0.0,0.0,0.0,0.0,0.0,0.0,0.0,0.0,0.0,0.0,0.0,0.0,0.0,0.0,0.0,0.0,0.0,0.0,Z,5
0.0,0.0,0.547771,0.10559,0.866242,0.26087,1.038217,0.453416,1.050955,0.677019,0.815287,1.0,1.095541,1.354037,1.292994,1.652174,1.407643,1.900621,0.44586,1.093168,0.789809,0.875776,0.738854,0.440994,0.649682,0.385093,0.11465,1.012422,0.44586,0.664596,0.426752,0.329193,0.343949,0.341615,-0.184713,0.850932,0.063694,0.546584,0.140127,0.291925,0.121019,0.298137,0,0,0.0,0.0,0.0,0.0,0.0,0.0,0.0,0.0,0.0,0.0,0.0,0.0,0.0,0.0,0.0,0.0,0.0,0.0,0.0,0.0,0.0,0.0,0.0,0.0,0.0,0.0,0.0,0.0,0.0,0.0,0.0,0.0,0.0,0.0,0.0,0.0,0.0,0.0,0.0,0.0,0.0,0.0,Z,5
0.0,0.0,0.538462,0.110429,0.858974,0.269939,1.025641,0.453988,1.064103,0.668712,0.826923,1.0,1.115385,1.355828,1.314103,1.638037,1.429487,1.883436,0.461538,1.09816,0.814103,0.907975,0.75641,0.466258,0.666667,0.404908,0.128205,1.02454,0.461538,0.680982,0.423077,0.337423,0.339744,0.349693,-0.173077,0.871166,0.076923,0.564417,0.134615,0.306748,0.102564,0.312883,0,0,0.0,0.0,0.0,0.0,0.0,0.0,0.0,0.0,0.0,0.0,0.0,0.0,0.0,0.0,0.0,0.0,0.0,0.0,0.0,0.0,0.0,0.0,0.0,0.0,0.0,0.0,0.0,0.0,0.0,0.0,0.0,0.0,0.0,0.0,0.0,0.0,0.0,0.0,0.0,0.0,0.0,0.0,Z,5
0.0,0.0,0.534591,0.115152,0.855346,0.272727,1.025157,0.442424,1.050314,0.660606,0.823899,1.0,1.100629,1.351515,1.295597,1.630303,1.408805,1.866667,0.459119,1.09697,0.805031,0.921212,0.754717,0.490909,0.660377,0.430303,0.125786,1.024242,0.446541,0.684848,0.421384,0.351515,0.333333,0.369697,-0.176101,0.866667,0.062893,0.569697,0.138365,0.321212,0.106918,0.327273,0,0,0.0,0.0,0.0,0.0,0.0,0.0,0.0,0.0,0.0,0.0,0.0,0.0,0.0,0.0,0.0,0.0,0.0,0.0,0.0,0.0,0.0,0.0,0.0,0.0,0.0,0.0,0.0,0.0,0.0,0.0,0.0,0.0,0.0,0.0,0.0,0.0,0.0,0.0,0.0,0.0,0.0,0.0,Z,5
0.0,0.0,0.546584,0.110429,0.863354,0.269939,1.018634,0.453988,1.049689,0.680982,0.826087,1.0,1.099379,1.349693,1.285714,1.638037,1.397516,1.883436,0.459627,1.104294,0.795031,0.944785,0.751553,0.496933,0.664596,0.417178,0.124224,1.02454,0.434783,0.699387,0.416149,0.349693,0.335404,0.355828,-0.173913,0.871166,0.055901,0.570552,0.130435,0.312883,0.111801,0.319018,0,0,0.0,0.0,0.0,0.0,0.0,0.0,0.0,0.0,0.0,0.0,0.0,0.0,0.0,0.0,0.0,0.0,0.0,0.0,0.0,0.0,0.0,0.0,0.0,0.0,0.0,0.0,0.0,0.0,0.0,0.0,0.0,0.0,0.0,0.0,0.0,0.0,0.0,0.0,0.0,0.0,0.0,0.0,Z,5
0.0,0.0,0.522013,0.103659,0.849057,0.256098,1.012579,0.439024,1.044025,0.664634,0.830189,1.0,1.113208,1.347561,1.308176,1.628049,1.415094,1.871951,0.459119,1.103659,0.786164,0.957317,0.754717,0.518293,0.679245,0.439024,0.125786,1.030488,0.421384,0.682927,0.408805,0.353659,0.339623,0.359756,-0.169811,0.865854,0.050314,0.54878,0.125786,0.310976,0.100629,0.323171,0,0,0.0,0.0,0.0,0.0,0.0,0.0,0.0,0.0,0.0,0.0,0.0,0.0,0.0,0.0,0.0,0.0,0.0,0.0,0.0,0.0,0.0,0.0,0.0,0.0,0.0,0.0,0.0,0.0,0.0,0.0,0.0,0.0,0.0,0.0,0.0,0.0,0.0,0.0,0.0,0.0,0.0,0.0,Z,5
0.0,0.0,0.490323,0.11976,0.845161,0.281437,1.025806,0.467066,1.077419,0.694611,0.780645,1.0,1.070968,1.341317,1.283871,1.60479,1.425806,1.844311,0.419355,1.101796,0.748387,0.91018,0.709677,0.526946,0.612903,0.461078,0.083871,1.02994,0.4,0.682635,0.380645,0.389222,0.290323,0.401198,-0.219355,0.862275,0.032258,0.538922,0.090323,0.329341,0.051613,0.347305,0,0,0.0,0.0,0.0,0.0,0.0,0.0,0.0,0.0,0.0,0.0,0.0,0.0,0.0,0.0,0.0,0.0,0.0,0.0,0.0,0.0,0.0,0.0,0.0,0.0,0.0,0.0,0.0,0.0,0.0,0.0,0.0,0.0,0.0,0.0,0.0,0.0,0.0,0.0,0.0,0.0,0.0,0.0,Z,5
0.0,0.0,0.460993,0.115607,0.836879,0.306358,1.070922,0.473988,1.219858,0.635838,0.659574,1.0,0.950355,1.34104,1.177305,1.612717,1.340426,1.820809,0.283688,1.040462,0.567376,0.884393,0.588652,0.572254,0.546099,0.479769,-0.049645,0.942197,0.198582,0.716763,0.241135,0.473988,0.205674,0.416185,-0.340426,0.786127,-0.156028,0.612717,-0.056738,0.416185,-0.035461,0.358382,0,0,0.0,0.0,0.0,0.0,0.0,0.0,0.0,0.0,0.0,0.0,0.0,0.0,0.0,0.0,0.0,0.0,0.0,0.0,0.0,0.0,0.0,0.0,0.0,0.0,0.0,0.0,0.0,0.0,0.0,0.0,0.0,0.0,0.0,0.0,0.0,0.0,0.0,0.0,0.0,0.0,0.0,0.0,Z,5
0.0,0.0,0.512,0.145946,0.904,0.410811,1.056,0.664865,0.92,0.832432,0.528,1.0,0.656,1.227027,0.72,1.12973,0.768,1.108108,0.152,0.972973,0.376,0.994595,0.512,0.713514,0.536,0.583784,-0.176,0.854054,0.008,0.827027,0.152,0.605405,0.184,0.486486,-0.472,0.691892,-0.288,0.675676,-0.128,0.524324,-0.064,0.437838,0,0,0.0,0.0,0.0,0.0,0.0,0.0,0.0,0.0,0.0,0.0,0.0,0.0,0.0,0.0,0.0,0.0,0.0,0.0,0.0,0.0,0.0,0.0,0.0,0.0,0.0,0.0,0.0,0.0,0.0,0.0,0.0,0.0,0.0,0.0,0.0,0.0,0.0,0.0,0.0,0.0,0.0,0.0,Z,5
0.0,0.0,0.488722,0.178571,0.954887,0.446429,1.090226,0.672619,0.947368,0.732143,0.481203,1.0,0.548872,1.107143,0.631579,0.880952,0.684211,0.75,0.120301,0.940476,0.210526,1.0,0.37594,0.767857,0.43609,0.625,-0.218045,0.803571,-0.157895,0.875,-0.030075,0.672619,0.007519,0.547619,-0.518797,0.630952,-0.548872,0.714286,-0.503759,0.595238,-0.488722,0.52381,0,0,0.0,0.0,0.0,0.0,0.0,0.0,0.0,0.0,0.0,0.0,0.0,0.0,0.0,0.0,0.0,0.0,0.0,0.0,0.0,0.0,0.0,0.0,0.0,0.0,0.0,0.0,0.0,0.0,0.0,0.0,0.0,0.0,0.0,0.0,0.0,0.0,0.0,0.0,0.0,0.0,0.0,0.0,Z,5
0.0,0.0,0.530201,0.159794,0.798658,0.484536,0.577181,0.726804,0.241611,0.871134,0.422819,1.0,0.214765,1.412371,0.053691,1.664948,-0.073826,1.92268,0.026846,0.948454,-0.107383,1.298969,-0.053691,1.365979,0.040268,1.479381,-0.302013,0.819588,-0.38255,0.958763,-0.194631,0.701031,-0.006711,0.597938,-0.577181,0.64433,-0.604027,0.701031,-0.442953,0.515464,-0.33557,0.43299,0,0,0.0,0.0,0.0,0.0,0.0,0.0,0.0,0.0,0.0,0.0,0.0,0.0,0.0,0.0,0.0,0.0,0.0,0.0,0.0,0.0,0.0,0.0,0.0,0.0,0.0,0.0,0.0,0.0,0.0,0.0,0.0,0.0,0.0,0.0,0.0,0.0,0.0,0.0,0.0,0.0,0.0,0.0,Z,5
0.0,0.0,0.310811,0.213198,0.527027,0.472081,0.337838,0.659898,0.0,0.771574,0.094595,1.0,-0.047297,1.370558,-0.189189,1.639594,-0.337838,1.873096,-0.317568,0.913706,-0.452703,1.045685,-0.290541,0.664975,-0.168919,0.558376,-0.635135,0.766497,-0.756757,0.741117,-0.513514,0.446701,-0.358108,0.426396,-0.905405,0.598985,-0.97973,0.527919,-0.722973,0.329949,-0.554054,0.319797,0,0,0.0,0.0,0.0,0.0,0.0,0.0,0.0,0.0,0.0,0.0,0.0,0.0,0.0,0.0,0.0,0.0,0.0,0.0,0.0,0.0,0.0,0.0,0.0,0.0,0.0,0.0,0.0,0.0,0.0,0.0,0.0,0.0,0.0,0.0,0.0,0.0,0.0,0.0,0.0,0.0,0.0,0.0,Z,5
0.0,0.0,0.328571,0.19171,0.55,0.492228,0.314286,0.668394,-0.035714,0.761658,0.078571,1.0,-0.071429,1.38342,-0.242857,1.642487,-0.414286,1.88601,-0.321429,0.917098,-0.521429,1.025907,-0.321429,0.668394,-0.121429,0.533679,-0.657143,0.772021,-0.842857,0.725389,-0.557143,0.430052,-0.314286,0.362694,-0.921429,0.580311,-1.064286,0.507772,-0.785714,0.295337,-0.55,0.26943,0,0,0.0,0.0,0.0,0.0,0.0,0.0,0.0,0.0,0.0,0.0,0.0,0.0,0.0,0.0,0.0,0.0,0.0,0.0,0.0,0.0,0.0,0.0,0.0,0.0,0.0,0.0,0.0,0.0,0.0,0.0,0.0,0.0,0.0,0.0,0.0,0.0,0.0,0.0,0.0,0.0,0.0,0.0,Z,5
0.0,0.0,0.352113,0.21466,0.598592,0.539267,0.366197,0.748691,0.021127,0.82199,0.105634,1.0,0.021127,1.371728,-0.105634,1.612565,-0.21831,1.827225,-0.28169,0.942408,-0.302817,0.968586,-0.070423,0.680628,0.133803,0.497382,-0.605634,0.806283,-0.591549,0.78534,-0.330986,0.549738,-0.119718,0.39267,-0.894366,0.633508,-0.859155,0.633508,-0.605634,0.471204,-0.415493,0.371728,0,0,0.0,0.0,0.0,0.0,0.0,0.0,0.0,0.0,0.0,0.0,0.0,0.0,0.0,0.0,0.0,0.0,0.0,0.0,0.0,0.0,0.0,0.0,0.0,0.0,0.0,0.0,0.0,0.0,0.0,0.0,0.0,0.0,0.0,0.0,0.0,0.0,0.0,0.0,0.0,0.0,0.0,0.0,Z,5
0.0,0.0,0.365079,0.247423,0.563492,0.634021,0.420635,0.943299,0.246032,1.159794,-0.02381,1.0,-0.071429,0.969072,0.190476,0.680412,0.420635,0.443299,-0.420635,0.917526,-0.436508,0.829897,-0.18254,0.597938,0.063492,0.407216,-0.746032,0.773196,-0.833333,0.768041,-0.626984,0.603093,-0.388889,0.448454,-1.02381,0.587629,-1.174603,0.649485,-1.015873,0.541237,-0.801587,0.427835,0,0,0.0,0.0,0.0,0.0,0.0,0.0,0.0,0.0,0.0,0.0,0.0,0.0,0.0,0.0,0.0,0.0,0.0,0.0,0.0,0.0,0.0,0.0,0.0,0.0,0.0,0.0,0.0,0.0,0.0,0.0,0.0,0.0,0.0,0.0,0.0,0.0,0.0,0.0,0.0,0.0,0.0,0.0,Z,5
0.0,0.0,0.390411,0.054545,0.760274,0.145455,1.027397,0.145455,1.260274,0.109091,0.678082,1.0,1.0,0.872727,1.075342,0.563636,1.068493,0.393939,0.315068,1.024242,0.780822,0.539394,0.869863,0.084848,0.890411,-0.127273,-0.020548,0.860606,0.452055,0.218182,0.561644,-0.115152,0.589041,-0.212121,-0.321918,0.6,0.089041,0.060606,0.19863,-0.193939,0.226027,-0.272727,0,0,0.0,0.0,0.0,0.0,0.0,0.0,0.0,0.0,0.0,0.0,0.0,0.0,0.0,0.0,0.0,0.0,0.0,0.0,0.0,0.0,0.0,0.0,0.0,0.0,0.0,0.0,0.0,0.0,0.0,0.0,0.0,0.0,0.0,0.0,0.0,0.0,0.0,0.0,0.0,0.0,0.0,0.0,Z,5
0.0,0.0,0.395062,0.072,0.759259,0.152,0.95679,0.28,1.154321,0.312,0.833333,1.0,1.17284,1.296,1.382716,1.504,1.524691,1.728,0.481481,1.168,0.796296,0.792,0.833333,0.272,0.796296,0.128,0.141975,1.048,0.45679,0.344,0.487654,0.04,0.432099,0.104,-0.166667,0.8,0.08642,0.232,0.135802,0.0,0.080247,0.08,0,0,0.0,0.0,0.0,0.0,0.0,0.0,0.0,0.0,0.0,0.0,0.0,0.0,0.0,0.0,0.0,0.0,0.0,0.0,0.0,0.0,0.0,0.0,0.0,0.0,0.0,0.0,0.0,0.0,0.0,0.0,0.0,0.0,0.0,0.0,0.0,0.0,0.0,0.0,0.0,0.0,0.0,0.0,Z,5
0.0,0.0,0.443038,0.130081,0.810127,0.219512,1.044304,0.268293,1.132911,0.219512,0.810127,1.0,1.126582,1.211382,1.341772,1.373984,1.481013,1.601626,0.462025,1.146341,0.803797,0.715447,0.797468,0.146341,0.71519,0.03252,0.113924,0.99187,0.398734,0.317073,0.417722,-0.04065,0.335443,0.01626,-0.189873,0.731707,0.006329,0.162602,0.063291,-0.081301,0.0,0.01626,0,0,0.0,0.0,0.0,0.0,0.0,0.0,0.0,0.0,0.0,0.0,0.0,0.0,0.0,0.0,0.0,0.0,0.0,0.0,0.0,0.0,0.0,0.0,0.0,0.0,0.0,0.0,0.0,0.0,0.0,0.0,0.0,0.0,0.0,0.0,0.0,0.0,0.0,0.0,0.0,0.0,0.0,0.0,Z,5
0.0,0.0,0.446541,0.090909,0.823899,0.198347,1.056604,0.272727,1.044025,0.247934,0.779874,1.0,1.062893,1.190083,1.289308,1.347107,1.440252,1.578512,0.421384,1.14876,0.72327,0.661157,0.710692,0.132231,0.628931,0.082645,0.075472,0.991736,0.327044,0.256198,0.339623,-0.041322,0.257862,0.107438,-0.220126,0.719008,-0.031447,0.115702,0.012579,-0.082645,-0.062893,0.041322,0,0,0.0,0.0,0.0,0.0,0.0,0.0,0.0,0.0,0.0,0.0,0.0,0.0,0.0,0.0,0.0,0.0,0.0,0.0,0.0,0.0,0.0,0.0,0.0,0.0,0.0,0.0,0.0,0.0,0.0,0.0,0.0,0.0,0.0,0.0,0.0,0.0,0.0,0.0,0.0,0.0,0.0,0.0,Z,5
0.0,0.0,0.358491,0.008547,0.704403,0.128205,0.91195,0.273504,0.937107,0.34188,0.666667,1.0,0.968553,1.264957,1.163522,1.470085,1.308176,1.700855,0.308176,1.162393,0.477987,0.863248,0.528302,0.401709,0.528302,0.196581,-0.031447,1.034188,0.138365,0.401709,0.194969,0.136752,0.176101,0.153846,-0.333333,0.760684,-0.176101,0.205128,-0.119497,0.008547,-0.144654,0.051282,0,0,0.0,0.0,0.0,0.0,0.0,0.0,0.0,0.0,0.0,0.0,0.0,0.0,0.0,0.0,0.0,0.0,0.0,0.0,0.0,0.0,0.0,0.0,0.0,0.0,0.0,0.0,0.0,0.0,0.0,0.0,0.0,0.0,0.0,0.0,0.0,0.0,0.0,0.0,0.0,0.0,0.0,0.0,Z,5
0.0,0.0,0.391892,0.016,0.763514,0.144,0.952703,0.28,1.033784,0.392,0.668919,1.0,0.972973,1.248,1.189189,1.432,1.358108,1.6,0.304054,1.112,0.506757,0.68,0.533784,0.336,0.486486,0.248,-0.040541,0.976,0.175676,0.376,0.222973,0.176,0.195946,0.224,-0.331081,0.72,-0.141892,0.24,-0.081081,0.08,-0.108108,0.112,0,0,0.0,0.0,0.0,0.0,0.0,0.0,0.0,0.0,0.0,0.0,0.0,0.0,0.0,0.0,0.0,0.0,0.0,0.0,0.0,0.0,0.0,0.0,0.0,0.0,0.0,0.0,0.0,0.0,0.0,0.0,0.0,0.0,0.0,0.0,0.0,0.0,0.0,0.0,0.0,0.0,0.0,0.0,Z,5
0.0,0.0,0.484375,0.032258,0.921875,0.177419,1.148438,0.290323,1.257812,0.395161,0.789062,1.0,1.101562,1.25,1.328125,1.41129,1.5,1.564516,0.4375,1.096774,0.773438,0.879032,0.757812,0.580645,0.65625,0.491935,0.09375,0.991935,0.414062,0.564516,0.429688,0.33871,0.351562,0.354839,-0.210938,0.766129,0.070312,0.379032,0.109375,0.201613,0.046875,0.217742,0,0,0.0,0.0,0.0,0.0,0.0,0.0,0.0,0.0,0.0,0.0,0.0,0.0,0.0,0.0,0.0,0.0,0.0,0.0,0.0,0.0,0.0,0.0,0.0,0.0,0.0,0.0,0.0,0.0,0.0,0.0,0.0,0.0,0.0,0.0,0.0,0.0,0.0,0.0,0.0,0.0,0.0,0.0,Z,5
0.0,0.0,0.370629,0.090909,0.664336,0.318182,0.853147,0.551948,0.86014,0.811688,0.566434,1.0,0.888112,1.376623,1.132867,1.649351,1.286713,1.915584,0.20979,1.090909,0.615385,1.032468,0.566434,0.571429,0.447552,0.474026,-0.125874,1.019481,0.237762,0.811688,0.237762,0.422078,0.125874,0.383117,-0.433566,0.844156,-0.132867,0.675325,-0.048951,0.38961,-0.118881,0.344156,0,0,0.0,0.0,0.0,0.0,0.0,0.0,0.0,0.0,0.0,0.0,0.0,0.0,0.0,0.0,0.0,0.0,0.0,0.0,0.0,0.0,0.0,0.0,0.0,0.0,0.0,0.0,0.0,0.0,0.0,0.0,0.0,0.0,0.0,0.0,0.0,0.0,0.0,0.0,0.0,0.0,0.0,0.0,Z,6
0.0,0.0,0.5,0.08805,0.845588,0.27673,1.080882,0.503145,1.125,0.754717,0.801471,1.0,1.161765,1.371069,1.411765,1.654088,1.558824,1.886792,0.419118,1.09434,0.823529,1.025157,0.801471,0.591195,0.691176,0.471698,0.088235,1.031447,0.455882,0.742138,0.433824,0.389937,0.316176,0.358491,-0.198529,0.867925,0.088235,0.597484,0.132353,0.345912,0.058824,0.345912,0,0,0.0,0.0,0.0,0.0,0.0,0.0,0.0,0.0,0.0,0.0,0.0,0.0,0.0,0.0,0.0,0.0,0.0,0.0,0.0,0.0,0.0,0.0,0.0,0.0,0.0,0.0,0.0,0.0,0.0,0.0,0.0,0.0,0.0,0.0,0.0,0.0,0.0,0.0,0.0,0.0,0.0,0.0,Z,6
0.0,0.0,0.514286,0.09816,0.871429,0.300613,1.085714,0.496933,1.114286,0.736196,0.814286,1.0,1.164286,1.374233,1.407143,1.644172,1.55,1.889571,0.442857,1.092025,0.857143,1.01227,0.835714,0.570552,0.721429,0.435583,0.107143,1.02454,0.471429,0.754601,0.45,0.398773,0.328571,0.368098,-0.185714,0.865031,0.107143,0.595092,0.157143,0.355828,0.071429,0.361963,0,0,0.0,0.0,0.0,0.0,0.0,0.0,0.0,0.0,0.0,0.0,0.0,0.0,0.0,0.0,0.0,0.0,0.0,0.0,0.0,0.0,0.0,0.0,0.0,0.0,0.0,0.0,0.0,0.0,0.0,0.0,0.0,0.0,0.0,0.0,0.0,0.0,0.0,0.0,0.0,0.0,0.0,0.0,Z,6
0.0,0.0,0.51773,0.114458,0.865248,0.313253,1.078014,0.506024,1.099291,0.753012,0.822695,1.0,1.198582,1.361446,1.432624,1.626506,1.574468,1.86747,0.453901,1.090361,0.865248,1.018072,0.836879,0.590361,0.716312,0.463855,0.120567,1.024096,0.48227,0.753012,0.460993,0.409639,0.340426,0.385542,-0.177305,0.861446,0.12766,0.608434,0.170213,0.36747,0.078014,0.379518,0,0,0.0,0.0,0.0,0.0,0.0,0.0,0.0,0.0,0.0,0.0,0.0,0.0,0.0,0.0,0.0,0.0,0.0,0.0,0.0,0.0,0.0,0.0,0.0,0.0,0.0,0.0,0.0,0.0,0.0,0.0,0.0,0.0,0.0,0.0,0.0,0.0,0.0,0.0,0.0,0.0,0.0,0.0,Z,6
0.0,0.0,0.528169,0.113095,0.887324,0.321429,1.091549,0.511905,1.112676,0.75,0.823944,1.0,1.204225,1.35119,1.43662,1.607143,1.577465,1.845238,0.457746,1.089286,0.873239,1.017857,0.852113,0.589286,0.732394,0.452381,0.119718,1.017857,0.485915,0.767857,0.471831,0.422619,0.352113,0.386905,-0.176056,0.857143,0.126761,0.607143,0.190141,0.375,0.105634,0.375,0,0,0.0,0.0,0.0,0.0,0.0,0.0,0.0,0.0,0.0,0.0,0.0,0.0,0.0,0.0,0.0,0.0,0.0,0.0,0.0,0.0,0.0,0.0,0.0,0.0,0.0,0.0,0.0,0.0,0.0,0.0,0.0,0.0,0.0,0.0,0.0,0.0,0.0,0.0,0.0,0.0,0.0,0.0,Z,6
0.0,0.0,0.542254,0.113772,0.901408,0.323353,1.105634,0.526946,1.126761,0.772455,0.859155,1.0,1.232394,1.365269,1.471831,1.622754,1.605634,1.862275,0.485915,1.08982,0.887324,1.02994,0.873239,0.598802,0.753521,0.467066,0.147887,1.023952,0.492958,0.772455,0.485915,0.42515,0.366197,0.39521,-0.140845,0.868263,0.147887,0.60479,0.197183,0.371257,0.105634,0.383234,0,0,0.0,0.0,0.0,0.0,0.0,0.0,0.0,0.0,0.0,0.0,0.0,0.0,0.0,0.0,0.0,0.0,0.0,0.0,0.0,0.0,0.0,0.0,0.0,0.0,0.0,0.0,0.0,0.0,0.0,0.0,0.0,0.0,0.0,0.0,0.0,0.0,0.0,0.0,0.0,0.0,0.0,0.0,Z,6
0.0,0.0,0.552448,0.114458,0.916084,0.319277,1.118881,0.524096,1.125874,0.771084,0.867133,1.0,1.251748,1.355422,1.496503,1.614458,1.643357,1.861446,0.503497,1.096386,0.888112,1.024096,0.874126,0.590361,0.755245,0.439759,0.160839,1.024096,0.51049,0.76506,0.503497,0.409639,0.391608,0.361446,-0.132867,0.86747,0.160839,0.614458,0.223776,0.373494,0.146853,0.361446,0,0,0.0,0.0,0.0,0.0,0.0,0.0,0.0,0.0,0.0,0.0,0.0,0.0,0.0,0.0,0.0,0.0,0.0,0.0,0.0,0.0,0.0,0.0,0.0,0.0,0.0,0.0,0.0,0.0,0.0,0.0,0.0,0.0,0.0,0.0,0.0,0.0,0.0,0.0,0.0,0.0,0.0,0.0,Z,6
0.0,0.0,0.541667,0.10303,0.902778,0.321212,1.104167,0.539394,1.097222,0.775758,0.854167,1.0,1.236111,1.363636,1.479167,1.624242,1.631944,1.872727,0.486111,1.10303,0.875,1.030303,0.847222,0.587879,0.729167,0.436364,0.152778,1.036364,0.493056,0.769697,0.486111,0.418182,0.368056,0.369697,-0.145833,0.872727,0.145833,0.612121,0.201389,0.375758,0.118056,0.375758,0,0,0.0,0.0,0.0,0.0,0.0,0.0,0.0,0.0,0.0,0.0,0.0,0.0,0.0,0.0,0.0,0.0,0.0,0.0,0.0,0.0,0.0,0.0,0.0,0.0,0.0,0.0,0.0,0.0,0.0,0.0,0.0,0.0,0.0,0.0,0.0,0.0,0.0,0.0,0.0,0.0,0.0,0.0,Z,6
0.0,0.0,0.534247,0.10303,0.89726,0.309091,1.09589,0.527273,1.09589,0.781818,0.869863,1.0,1.232877,1.363636,1.472603,1.624242,1.616438,1.872727,0.5,1.09697,0.863014,1.030303,0.835616,0.593939,0.712329,0.448485,0.164384,1.030303,0.479452,0.769697,0.479452,0.418182,0.363014,0.375758,-0.130137,0.872727,0.143836,0.606061,0.19863,0.369697,0.109589,0.381818,0,0,0.0,0.0,0.0,0.0,0.0,0.0,0.0,0.0,0.0,0.0,0.0,0.0,0.0,0.0,0.0,0.0,0.0,0.0,0.0,0.0,0.0,0.0,0.0,0.0,0.0,0.0,0.0,0.0,0.0,0.0,0.0,0.0,0.0,0.0,0.0,0.0,0.0,0.0,0.0,0.0,0.0,0.0,Z,6
0.0,0.0,0.510204,0.113772,0.863946,0.311377,1.061224,0.526946,1.07483,0.790419,0.85034,1.0,1.210884,1.365269,1.44898,1.628743,1.591837,1.88024,0.482993,1.101796,0.836735,1.02994,0.802721,0.610778,0.687075,0.479042,0.142857,1.035928,0.462585,0.748503,0.44898,0.407186,0.340136,0.377246,-0.14966,0.88024,0.115646,0.598802,0.170068,0.365269,0.088435,0.377246,0,0,0.0,0.0,0.0,0.0,0.0,0.0,0.0,0.0,0.0,0.0,0.0,0.0,0.0,0.0,0.0,0.0,0.0,0.0,0.0,0.0,0.0,0.0,0.0,0.0,0.0,0.0,0.0,0.0,0.0,0.0,0.0,0.0,0.0,0.0,0.0,0.0,0.0,0.0,0.0,0.0,0.0,0.0,Z,6
0.0,0.0,0.517007,0.120482,0.870748,0.319277,1.061224,0.536145,1.054422,0.789157,0.836735,1.0,1.197279,1.36747,1.428571,1.626506,1.571429,1.879518,0.469388,1.108434,0.816327,1.03012,0.789116,0.608434,0.673469,0.475904,0.129252,1.042169,0.442177,0.73494,0.428571,0.39759,0.333333,0.373494,-0.163265,0.879518,0.095238,0.578313,0.14966,0.349398,0.081633,0.36747,0,0,0.0,0.0,0.0,0.0,0.0,0.0,0.0,0.0,0.0,0.0,0.0,0.0,0.0,0.0,0.0,0.0,0.0,0.0,0.0,0.0,0.0,0.0,0.0,0.0,0.0,0.0,0.0,0.0,0.0,0.0,0.0,0.0,0.0,0.0,0.0,0.0,0.0,0.0,0.0,0.0,0.0,0.0,Z,6
0.0,0.0,0.503401,0.127168,0.85034,0.346821,1.020408,0.560694,1.013605,0.757225,0.802721,1.0,1.170068,1.33526,1.408163,1.572254,1.544218,1.803468,0.428571,1.092486,0.782313,0.976879,0.768707,0.595376,0.646259,0.50289,0.095238,1.023121,0.414966,0.710983,0.394558,0.421965,0.272109,0.427746,-0.197279,0.867052,0.068027,0.578035,0.115646,0.375723,0.027211,0.404624,0,0,0.0,0.0,0.0,0.0,0.0,0.0,0.0,0.0,0.0,0.0,0.0,0.0,0.0,0.0,0.0,0.0,0.0,0.0,0.0,0.0,0.0,0.0,0.0,0.0,0.0,0.0,0.0,0.0,0.0,0.0,0.0,0.0,0.0,0.0,0.0,0.0,0.0,0.0,0.0,0.0,0.0,0.0,Z,6
0.0,0.0,0.465409,0.132948,0.786164,0.352601,0.861635,0.572254,0.880503,0.774566,0.704403,1.0,0.993711,1.32948,1.18239,1.572254,1.314465,1.786127,0.333333,1.063584,0.610063,0.890173,0.628931,0.572254,0.566038,0.462428,0.0,0.971098,0.27044,0.693642,0.295597,0.445087,0.232704,0.421965,-0.295597,0.791908,-0.069182,0.578035,0.006289,0.393064,-0.031447,0.375723,0,0,0.0,0.0,0.0,0.0,0.0,0.0,0.0,0.0,0.0,0.0,0.0,0.0,0.0,0.0,0.0,0.0,0.0,0.0,0.0,0.0,0.0,0.0,0.0,0.0,0.0,0.0,0.0,0.0,0.0,0.0,0.0,0.0,0.0,0.0,0.0,0.0,0.0,0.0,0.0,0.0,0.0,0.0,Z,6
0.0,0.0,0.5,0.245399,0.8375,0.711656,0.9625,1.159509,1.0,1.484663,0.46875,1.0,0.6625,1.404908,0.85,1.668712,0.9875,1.883436,0.075,1.018405,0.26875,0.92638,0.3375,0.638037,0.3375,0.515337,-0.2625,0.90184,-0.03125,0.662577,0.05625,0.460123,0.075,0.392638,-0.53125,0.736196,-0.33125,0.564417,-0.225,0.386503,-0.20625,0.337423,0,0,0.0,0.0,0.0,0.0,0.0,0.0,0.0,0.0,0.0,0.0,0.0,0.0,0.0,0.0,0.0,0.0,0.0,0.0,0.0,0.0,0.0,0.0,0.0,0.0,0.0,0.0,0.0,0.0,0.0,0.0,0.0,0.0,0.0,0.0,0.0,0.0,0.0,0.0,0.0,0.0,0.0,0.0,Z,6
0.0,0.0,0.511811,0.150838,0.905512,0.407821,0.968504,0.648045,0.80315,0.810056,0.448819,1.0,0.590551,1.134078,0.692913,0.877095,0.732283,0.75419,0.062992,0.96648,0.291339,0.994413,0.417323,0.715084,0.417323,0.625698,-0.267717,0.837989,-0.007874,0.810056,0.110236,0.581006,0.094488,0.497207,-0.551181,0.653631,-0.307087,0.636872,-0.181102,0.486034,-0.165354,0.424581,0,0,0.0,0.0,0.0,0.0,0.0,0.0,0.0,0.0,0.0,0.0,0.0,0.0,0.0,0.0,0.0,0.0,0.0,0.0,0.0,0.0,0.0,0.0,0.0,0.0,0.0,0.0,0.0,0.0,0.0,0.0,0.0,0.0,0.0,0.0,0.0,0.0,0.0,0.0,0.0,0.0,0.0,0.0,Z,6
0.0,0.0,0.356164,0.182796,0.643836,0.537634,0.417808,0.784946,0.041096,0.876344,0.164384,1.0,0.178082,1.435484,0.178082,1.682796,0.150685,1.946237,-0.226027,0.930108,-0.260274,1.026882,-0.109589,0.672043,-0.061644,0.586022,-0.541096,0.77957,-0.534247,0.763441,-0.321918,0.473118,-0.260274,0.451613,-0.835616,0.596774,-0.780822,0.55914,-0.568493,0.365591,-0.5,0.344086,0,0,0.0,0.0,0.0,0.0,0.0,0.0,0.0,0.0,0.0,0.0,0.0,0.0,0.0,0.0,0.0,0.0,0.0,0.0,0.0,0.0,0.0,0.0,0.0,0.0,0.0,0.0,0.0,0.0,0.0,0.0,0.0,0.0,0.0,0.0,0.0,0.0,0.0,0.0,0.0,0.0,0.0,0.0,Z,6
0.0,0.0,0.324324,0.190476,0.581081,0.52381,0.364865,0.746032,0.027027,0.846561,0.121622,1.0,0.094595,1.407407,0.047297,1.666667,-0.027027,1.920635,-0.27027,0.952381,-0.391892,1.005291,-0.168919,0.624339,-0.060811,0.571429,-0.594595,0.830688,-0.648649,0.708995,-0.371622,0.407407,-0.243243,0.428571,-0.878378,0.666667,-0.878378,0.507937,-0.608108,0.31746,-0.486486,0.338624,0,0,0.0,0.0,0.0,0.0,0.0,0.0,0.0,0.0,0.0,0.0,0.0,0.0,0.0,0.0,0.0,0.0,0.0,0.0,0.0,0.0,0.0,0.0,0.0,0.0,0.0,0.0,0.0,0.0,0.0,0.0,0.0,0.0,0.0,0.0,0.0,0.0,0.0,0.0,0.0,0.0,0.0,0.0,Z,6
0.0,0.0,0.312925,0.18617,0.578231,0.515957,0.387755,0.75,0.040816,0.851064,0.129252,1.0,0.136054,1.388298,0.081633,1.648936,0.006803,1.904255,-0.258503,0.984043,-0.353741,0.952128,-0.156463,0.601064,-0.040816,0.558511,-0.578231,0.87234,-0.646259,0.68617,-0.401361,0.409574,-0.272109,0.420213,-0.870748,0.707447,-0.918367,0.531915,-0.693878,0.329787,-0.564626,0.329787,0,0,0.0,0.0,0.0,0.0,0.0,0.0,0.0,0.0,0.0,0.0,0.0,0.0,0.0,0.0,0.0,0.0,0.0,0.0,0.0,0.0,0.0,0.0,0.0,0.0,0.0,0.0,0.0,0.0,0.0,0.0,0.0,0.0,0.0,0.0,0.0,0.0,0.0,0.0,0.0,0.0,0.0,0.0,Z,6
0.0,0.0,0.304054,0.203209,0.540541,0.518717,0.358108,0.748663,0.094595,0.871658,0.094595,1.0,0.114865,1.363636,0.067568,1.631016,0.02027,1.86631,-0.304054,0.97861,-0.297297,0.925134,-0.121622,0.59893,0.02027,0.438503,-0.628378,0.839572,-0.574324,0.716578,-0.371622,0.449198,-0.222973,0.331551,-0.905405,0.636364,-0.939189,0.604278,-0.756757,0.433155,-0.608108,0.358289,0,0,0.0,0.0,0.0,0.0,0.0,0.0,0.0,0.0,0.0,0.0,0.0,0.0,0.0,0.0,0.0,0.0,0.0,0.0,0.0,0.0,0.0,0.0,0.0,0.0,0.0,0.0,0.0,0.0,0.0,0.0,0.0,0.0,0.0,0.0,0.0,0.0,0.0,0.0,0.0,0.0,0.0,0.0,Z,6
0.0,0.0,0.41791,0.240223,0.723881,0.558659,0.574627,0.810056,0.246269,0.882682,0.141791,1.0,-0.044776,1.078212,0.067164,0.832402,0.216418,0.614525,-0.246269,0.916201,-0.455224,0.96648,-0.350746,0.782123,-0.19403,0.625698,-0.574627,0.77095,-0.768657,0.849162,-0.656716,0.709497,-0.5,0.564246,-0.858209,0.586592,-1.037313,0.698324,-0.925373,0.581006,-0.776119,0.47486,0,0,0.0,0.0,0.0,0.0,0.0,0.0,0.0,0.0,0.0,0.0,0.0,0.0,0.0,0.0,0.0,0.0,0.0,0.0,0.0,0.0,0.0,0.0,0.0,0.0,0.0,0.0,0.0,0.0,0.0,0.0,0.0,0.0,0.0,0.0,0.0,0.0,0.0,0.0,0.0,0.0,0.0,0.0,Z,6
0.0,0.0,0.408451,0.178771,0.71831,0.480447,0.669014,0.703911,0.366197,0.77095,0.267606,1.0,0.387324,0.921788,0.478873,0.659218,0.542254,0.49162,-0.126761,0.96648,0.070423,0.765363,0.225352,0.502793,0.338028,0.363128,-0.457746,0.832402,-0.260563,0.636872,-0.098592,0.396648,0.007042,0.256983,-0.732394,0.659218,-0.65493,0.547486,-0.521127,0.385475,-0.429577,0.301676,0,0,0.0,0.0,0.0,0.0,0.0,0.0,0.0,0.0,0.0,0.0,0.0,0.0,0.0,0.0,0.0,0.0,0.0,0.0,0.0,0.0,0.0,0.0,0.0,0.0,0.0,0.0,0.0,0.0,0.0,0.0,0.0,0.0,0.0,0.0,0.0,0.0,0.0,0.0,0.0,0.0,0.0,0.0,Z,6
0.0,0.0,0.438462,0.17801,0.784615,0.418848,0.915385,0.602094,0.869231,0.722513,0.392308,1.0,0.676923,0.848168,0.876923,0.602094,0.969231,0.486911,0.0,0.947644,0.423077,0.659686,0.646154,0.408377,0.723077,0.350785,-0.338462,0.790576,0.1,0.465969,0.276923,0.246073,0.292308,0.209424,-0.607692,0.581152,-0.253846,0.298429,-0.1,0.146597,-0.1,0.136126,0,0,0.0,0.0,0.0,0.0,0.0,0.0,0.0,0.0,0.0,0.0,0.0,0.0,0.0,0.0,0.0,0.0,0.0,0.0,0.0,0.0,0.0,0.0,0.0,0.0,0.0,0.0,0.0,0.0,0.0,0.0,0.0,0.0,0.0,0.0,0.0,0.0,0.0,0.0,0.0,0.0,0.0,0.0,Z,6
0.0,0.0,0.45,0.0875,0.864286,0.2375,1.121429,0.3375,1.292857,0.45,0.8,1.0,1.092857,1.1375,1.314286,1.26875,1.507143,1.3875,0.435714,1.0875,0.892857,0.6375,0.85,0.3375,0.735714,0.35625,0.107143,0.9875,0.557143,0.41875,0.485714,0.2125,0.371429,0.3,-0.2,0.8,0.15,0.325,0.128571,0.13125,0.035714,0.15625,0,0,0.0,0.0,0.0,0.0,0.0,0.0,0.0,0.0,0.0,0.0,0.0,0.0,0.0,0.0,0.0,0.0,0.0,0.0,0.0,0.0,0.0,0.0,0.0,0.0,0.0,0.0,0.0,0.0,0.0,0.0,0.0,0.0,0.0,0.0,0.0,0.0,0.0,0.0,0.0,0.0,0.0,0.0,Z,6
0.0,0.0,0.421053,0.154412,0.769737,0.242647,0.993421,0.279412,1.230263,0.316176,0.868421,1.0,1.296053,1.139706,1.611842,1.264706,1.875,1.389706,0.506579,1.088235,0.907895,0.551471,0.967105,0.227941,0.934211,0.169118,0.164474,0.933824,0.565789,0.242647,0.618421,0.044118,0.578947,0.125,-0.131579,0.661765,0.184211,0.132353,0.230263,0.0,0.184211,0.088235,0,0,0.0,0.0,0.0,0.0,0.0,0.0,0.0,0.0,0.0,0.0,0.0,0.0,0.0,0.0,0.0,0.0,0.0,0.0,0.0,0.0,0.0,0.0,0.0,0.0,0.0,0.0,0.0,0.0,0.0,0.0,0.0,0.0,0.0,0.0,0.0,0.0,0.0,0.0,0.0,0.0,0.0,0.0,Z,6
0.0,0.0,0.514286,0.167939,0.942857,0.267176,1.221429,0.282443,1.414286,0.290076,0.985714,1.0,1.507143,1.083969,1.864286,1.21374,2.15,1.374046,0.635714,1.068702,1.064286,0.442748,1.028571,0.091603,0.928571,0.083969,0.3,0.900763,0.692857,0.160305,0.671429,-0.038168,0.564286,0.114504,-0.014286,0.633588,0.278571,0.068702,0.292857,-0.068702,0.192857,0.068702,0,0,0.0,0.0,0.0,0.0,0.0,0.0,0.0,0.0,0.0,0.0,0.0,0.0,0.0,0.0,0.0,0.0,0.0,0.0,0.0,0.0,0.0,0.0,0.0,0.0,0.0,0.0,0.0,0.0,0.0,0.0,0.0,0.0,0.0,0.0,0.0,0.0,0.0,0.0,0.0,0.0,0.0,0.0,Z,6
0.0,0.0,0.559441,0.198347,1.0,0.322314,1.300699,0.305785,1.412587,0.173554,1.034965,1.0,1.524476,1.07438,1.881119,1.181818,2.160839,1.347107,0.692308,1.082645,1.132867,0.380165,1.048951,0.008264,0.895105,0.0,0.342657,0.900826,0.741259,0.099174,0.685315,-0.107438,0.559441,0.041322,0.034965,0.61157,0.363636,0.016529,0.363636,-0.132231,0.251748,0.0,0,0,0.0,0.0,0.0,0.0,0.0,0.0,0.0,0.0,0.0,0.0,0.0,0.0,0.0,0.0,0.0,0.0,0.0,0.0,0.0,0.0,0.0,0.0,0.0,0.0,0.0,0.0,0.0,0.0,0.0,0.0,0.0,0.0,0.0,0.0,0.0,0.0,0.0,0.0,0.0,0.0,0.0,0.0,Z,6
0.0,0.0,0.559441,0.185841,0.979021,0.292035,1.286713,0.274336,1.405594,0.176991,1.062937,1.0,1.545455,1.088496,1.923077,1.212389,2.20979,1.380531,0.713287,1.088496,1.13986,0.362832,1.034965,-0.053097,0.881119,-0.061947,0.363636,0.902655,0.755245,0.044248,0.678322,-0.19469,0.545455,-0.026549,0.062937,0.619469,0.370629,-0.053097,0.356643,-0.212389,0.244755,-0.044248,0,0,0.0,0.0,0.0,0.0,0.0,0.0,0.0,0.0,0.0,0.0,0.0,0.0,0.0,0.0,0.0,0.0,0.0,0.0,0.0,0.0,0.0,0.0,0.0,0.0,0.0,0.0,0.0,0.0,0.0,0.0,0.0,0.0,0.0,0.0,0.0,0.0,0.0,0.0,0.0,0.0,0.0,0.0,Z,6
0.0,0.0,0.520833,0.196581,0.909722,0.316239,1.1875,0.290598,1.395833,0.222222,1.006944,1.0,1.506944,1.068376,1.868056,1.179487,2.145833,1.350427,0.652778,1.059829,1.090278,0.34188,1.006944,-0.017094,0.881944,-0.008547,0.3125,0.854701,0.708333,0.042735,0.652778,-0.153846,0.534722,0.017094,0.006944,0.564103,0.319444,-0.042735,0.3125,-0.188034,0.208333,-0.034188,0,0,0.0,0.0,0.0,0.0,0.0,0.0,0.0,0.0,0.0,0.0,0.0,0.0,0.0,0.0,0.0,0.0,0.0,0.0,0.0,0.0,0.0,0.0,0.0,0.0,0.0,0.0,0.0,0.0,0.0,0.0,0.0,0.0,0.0,0.0,0.0,0.0,0.0,0.0,0.0,0.0,0.0,0.0,Z,6
0.0,0.0,0.493151,0.082645,0.849315,0.190083,1.061644,0.256198,1.267123,0.330579,0.958904,1.0,1.445205,1.115702,1.773973,1.247934,2.027397,1.413223,0.59589,1.07438,0.856164,0.545455,0.863014,0.247934,0.815068,0.198347,0.253425,0.892562,0.541096,0.132231,0.568493,0.0,0.513699,0.140496,-0.041096,0.586777,0.239726,-0.024793,0.260274,-0.115702,0.184932,0.041322,0,0,0.0,0.0,0.0,0.0,0.0,0.0,0.0,0.0,0.0,0.0,0.0,0.0,0.0,0.0,0.0,0.0,0.0,0.0,0.0,0.0,0.0,0.0,0.0,0.0,0.0,0.0,0.0,0.0,0.0,0.0,0.0,0.0,0.0,0.0,0.0,0.0,0.0,0.0,0.0,0.0,0.0,0.0,Z,6
0.0,0.0,0.579365,0.081081,0.992063,0.189189,1.214286,0.261261,1.428571,0.333333,1.055556,1.0,1.579365,1.216216,1.896825,1.351351,2.150794,1.522523,0.690476,1.081081,1.103175,0.801802,1.253968,0.567568,1.31746,0.522523,0.34127,0.936937,0.738095,0.27027,0.833333,0.081081,0.825397,0.144144,0.055556,0.666667,0.428571,0.135135,0.52381,-0.018018,0.515873,0.045045,0,0,0.0,0.0,0.0,0.0,0.0,0.0,0.0,0.0,0.0,0.0,0.0,0.0,0.0,0.0,0.0,0.0,0.0,0.0,0.0,0.0,0.0,0.0,0.0,0.0,0.0,0.0,0.0,0.0,0.0,0.0,0.0,0.0,0.0,0.0,0.0,0.0,0.0,0.0,0.0,0.0,0.0,0.0,Z,6
0.0,0.0,0.36036,0.035714,0.783784,0.3125,0.981982,0.598214,0.981982,0.919643,0.738739,1.0,0.954955,1.392857,1.117117,1.660714,1.207207,1.946429,0.432432,1.116071,0.720721,1.241071,0.621622,0.767857,0.540541,0.651786,0.108108,1.098214,0.36036,1.098214,0.297297,0.625,0.198198,0.5625,-0.261261,1.008929,-0.018018,0.946429,0.018018,0.598214,-0.045045,0.535714,0,0,0.0,0.0,0.0,0.0,0.0,0.0,0.0,0.0,0.0,0.0,0.0,0.0,0.0,0.0,0.0,0.0,0.0,0.0,0.0,0.0,0.0,0.0,0.0,0.0,0.0,0.0,0.0,0.0,0.0,0.0,0.0,0.0,0.0,0.0,0.0,0.0,0.0,0.0,0.0,0.0,0.0,0.0,Z,7
0.0,0.0,0.440367,0.073171,0.862385,0.317073,1.091743,0.593496,1.137615,0.853659,0.798165,1.0,1.100917,1.349593,1.293578,1.601626,1.394495,1.845528,0.458716,1.097561,0.844037,1.186992,0.770642,0.723577,0.605505,0.626016,0.12844,1.073171,0.46789,1.0,0.412844,0.593496,0.256881,0.560976,-0.201835,0.96748,0.100917,0.878049,0.12844,0.593496,0.0,0.569106,0,0,0.0,0.0,0.0,0.0,0.0,0.0,0.0,0.0,0.0,0.0,0.0,0.0,0.0,0.0,0.0,0.0,0.0,0.0,0.0,0.0,0.0,0.0,0.0,0.0,0.0,0.0,0.0,0.0,0.0,0.0,0.0,0.0,0.0,0.0,0.0,0.0,0.0,0.0,0.0,0.0,0.0,0.0,Z,7
0.0,0.0,0.504587,0.085938,0.926606,0.34375,1.137615,0.617188,1.211009,0.859375,0.844037,1.0,1.165138,1.335938,1.348624,1.578125,1.449541,1.804688,0.495413,1.09375,0.889908,1.1875,0.825688,0.757812,0.678899,0.632812,0.165138,1.070312,0.513761,1.007812,0.449541,0.617188,0.293578,0.570312,-0.155963,0.96875,0.155963,0.882812,0.174312,0.601562,0.055046,0.570312,0,0,0.0,0.0,0.0,0.0,0.0,0.0,0.0,0.0,0.0,0.0,0.0,0.0,0.0,0.0,0.0,0.0,0.0,0.0,0.0,0.0,0.0,0.0,0.0,0.0,0.0,0.0,0.0,0.0,0.0,0.0,0.0,0.0,0.0,0.0,0.0,0.0,0.0,0.0,0.0,0.0,0.0,0.0,Z,7
0.0,0.0,0.513761,0.100775,0.93578,0.348837,1.146789,0.620155,1.183486,0.860465,0.862385,1.0,1.183486,1.325581,1.366972,1.565891,1.477064,1.790698,0.513761,1.093023,0.908257,1.186047,0.834862,0.751938,0.688073,0.627907,0.183486,1.077519,0.53211,1.007752,0.458716,0.620155,0.302752,0.581395,-0.137615,0.976744,0.174312,0.883721,0.174312,0.604651,0.055046,0.573643,0,0,0.0,0.0,0.0,0.0,0.0,0.0,0.0,0.0,0.0,0.0,0.0,0.0,0.0,0.0,0.0,0.0,0.0,0.0,0.0,0.0,0.0,0.0,0.0,0.0,0.0,0.0,0.0,0.0,0.0,0.0,0.0,0.0,0.0,0.0,0.0,0.0,0.0,0.0,0.0,0.0,0.0,0.0,Z,7
0.0,0.0,0.518182,0.1,0.945455,0.361538,1.154545,0.638462,1.190909,0.876923,0.863636,1.0,1.181818,1.315385,1.372727,1.546154,1.472727,1.776923,0.518182,1.092308,0.9,1.184615,0.827273,0.746154,0.690909,0.623077,0.190909,1.076923,0.536364,1.023077,0.463636,0.630769,0.309091,0.576923,-0.136364,0.984615,0.172727,0.9,0.181818,0.615385,0.063636,0.576923,0,0,0.0,0.0,0.0,0.0,0.0,0.0,0.0,0.0,0.0,0.0,0.0,0.0,0.0,0.0,0.0,0.0,0.0,0.0,0.0,0.0,0.0,0.0,0.0,0.0,0.0,0.0,0.0,0.0,0.0,0.0,0.0,0.0,0.0,0.0,0.0,0.0,0.0,0.0,0.0,0.0,0.0,0.0,Z,7
0.0,0.0,0.504505,0.093023,0.927928,0.348837,1.153153,0.627907,1.189189,0.875969,0.864865,1.0,1.18018,1.317829,1.369369,1.55814,1.468468,1.782946,0.522523,1.100775,0.900901,1.186047,0.81982,0.736434,0.666667,0.612403,0.198198,1.077519,0.531532,1.023256,0.459459,0.620155,0.297297,0.565891,-0.135135,0.984496,0.171171,0.899225,0.189189,0.612403,0.072072,0.573643,0,0,0.0,0.0,0.0,0.0,0.0,0.0,0.0,0.0,0.0,0.0,0.0,0.0,0.0,0.0,0.0,0.0,0.0,0.0,0.0,0.0,0.0,0.0,0.0,0.0,0.0,0.0,0.0,0.0,0.0,0.0,0.0,0.0,0.0,0.0,0.0,0.0,0.0,0.0,0.0,0.0,0.0,0.0,Z,7
0.0,0.0,0.518182,0.100775,0.954545,0.356589,1.163636,0.643411,1.209091,0.899225,0.872727,1.0,1.2,1.317829,1.390909,1.550388,1.5,1.775194,0.518182,1.100775,0.9,1.170543,0.818182,0.736434,0.672727,0.643411,0.190909,1.085271,0.527273,1.007752,0.454545,0.604651,0.3,0.581395,-0.127273,0.984496,0.172727,0.899225,0.190909,0.604651,0.072727,0.581395,0,0,0.0,0.0,0.0,0.0,0.0,0.0,0.0,0.0,0.0,0.0,0.0,0.0,0.0,0.0,0.0,0.0,0.0,0.0,0.0,0.0,0.0,0.0,0.0,0.0,0.0,0.0,0.0,0.0,0.0,0.0,0.0,0.0,0.0,0.0,0.0,0.0,0.0,0.0,0.0,0.0,0.0,0.0,Z,7
0.0,0.0,0.486726,0.093023,0.911504,0.356589,1.106195,0.658915,1.123894,0.914729,0.858407,1.0,1.159292,1.333333,1.327434,1.565891,1.424779,1.790698,0.504425,1.100775,0.849558,1.178295,0.769912,0.736434,0.637168,0.666667,0.176991,1.085271,0.486726,1.007752,0.424779,0.612403,0.283186,0.612403,-0.141593,0.992248,0.141593,0.899225,0.168142,0.620155,0.044248,0.604651,0,0,0.0,0.0,0.0,0.0,0.0,0.0,0.0,0.0,0.0,0.0,0.0,0.0,0.0,0.0,0.0,0.0,0.0,0.0,0.0,0.0,0.0,0.0,0.0,0.0,0.0,0.0,0.0,0.0,0.0,0.0,0.0,0.0,0.0,0.0,0.0,0.0,0.0,0.0,0.0,0.0,0.0,0.0,Z,7
0.0,0.0,0.477477,0.093023,0.900901,0.356589,1.108108,0.651163,1.153153,0.906977,0.855856,1.0,1.153153,1.333333,1.333333,1.565891,1.423423,1.79845,0.495495,1.100775,0.81982,1.178295,0.765766,0.744186,0.63964,0.658915,0.162162,1.077519,0.441441,0.984496,0.396396,0.604651,0.279279,0.589147,-0.144144,0.984496,0.117117,0.899225,0.144144,0.620155,0.054054,0.589147,0,0,0.0,0.0,0.0,0.0,0.0,0.0,0.0,0.0,0.0,0.0,0.0,0.0,0.0,0.0,0.0,0.0,0.0,0.0,0.0,0.0,0.0,0.0,0.0,0.0,0.0,0.0,0.0,0.0,0.0,0.0,0.0,0.0,0.0,0.0,0.0,0.0,0.0,0.0,0.0,0.0,0.0,0.0,Z,7
0.0,0.0,0.481481,0.077519,0.898148,0.341085,1.111111,0.612403,1.138889,0.852713,0.87037,1.0,1.175926,1.341085,1.361111,1.581395,1.462963,1.813953,0.527778,1.093023,0.833333,1.170543,0.777778,0.75969,0.657407,0.666667,0.194444,1.069767,0.453704,0.968992,0.407407,0.620155,0.287037,0.612403,-0.12963,0.976744,0.111111,0.860465,0.138889,0.604651,0.037037,0.596899,0,0,0.0,0.0,0.0,0.0,0.0,0.0,0.0,0.0,0.0,0.0,0.0,0.0,0.0,0.0,0.0,0.0,0.0,0.0,0.0,0.0,0.0,0.0,0.0,0.0,0.0,0.0,0.0,0.0,0.0,0.0,0.0,0.0,0.0,0.0,0.0,0.0,0.0,0.0,0.0,0.0,0.0,0.0,Z,7
0.0,0.0,0.365385,-0.036036,0.855769,0.27027,1.057692,0.594595,1.076923,0.900901,0.653846,1.0,0.865385,1.225225,0.884615,0.981982,0.836538,0.855856,0.336538,1.054054,0.548077,1.207207,0.528846,0.783784,0.442308,0.63964,0.009615,1.009009,0.192308,1.09009,0.211538,0.693694,0.144231,0.567568,-0.346154,0.900901,-0.163462,0.954955,-0.086538,0.657658,-0.115385,0.531532,-0.125,0.11711711711711711,0.0,0.0,0.486486,0.070866,0.90991,0.362205,1.072072,0.645669,1.081081,0.88189,0.828829,1.0,1.117117,1.362205,1.288288,1.598425,1.396396,1.818898,0.486486,1.07874,0.792793,1.173228,0.774775,0.779528,0.666667,0.637795,0.162162,1.055118,0.423423,1.007874,0.396396,0.637795,0.288288,0.582677,-0.171171,0.968504,0.072072,0.913386,0.108108,0.637795,0.036036,0.582677,Z,7
0.0,0.0,0.451327,0.090226,0.884956,0.390977,0.973451,0.729323,0.867257,0.984962,0.769912,1.0,1.035398,1.315789,1.19469,1.526316,1.292035,1.744361,0.424779,1.06015,0.681416,1.120301,0.646018,0.75188,0.548673,0.669173,0.106195,1.030075,0.336283,1.0,0.336283,0.646617,0.238938,0.593985,-0.230088,0.93985,0.0,0.909774,0.053097,0.639098,-0.00885,0.578947,0,0,0.0,0.0,0.0,0.0,0.0,0.0,0.0,0.0,0.0,0.0,0.0,0.0,0.0,0.0,0.0,0.0,0.0,0.0,0.0,0.0,0.0,0.0,0.0,0.0,0.0,0.0,0.0,0.0,0.0,0.0,0.0,0.0,0.0,0.0,0.0,0.0,0.0,0.0,0.0,0.0,0.0,0.0,Z,7
0.0,0.0,0.5,0.159091,0.990385,0.477273,1.096154,0.80303,0.942308,1.045455,0.730769,1.0,0.894231,1.265152,0.865385,0.916667,0.807692,0.840909,0.403846,0.992424,0.567308,1.143939,0.596154,0.75,0.538462,0.757576,0.067308,0.916667,0.211538,1.068182,0.288462,0.704545,0.230769,0.681818,-0.269231,0.818182,-0.134615,0.924242,-0.028846,0.681818,-0.048077,0.621212,0,0,0.0,0.0,0.0,0.0,0.0,0.0,0.0,0.0,0.0,0.0,0.0,0.0,0.0,0.0,0.0,0.0,0.0,0.0,0.0,0.0,0.0,0.0,0.0,0.0,0.0,0.0,0.0,0.0,0.0,0.0,0.0,0.0,0.0,0.0,0.0,0.0,0.0,0.0,0.0,0.0,0.0,0.0,Z,7
0.0,0.0,0.55914,0.174242,1.075269,0.5,1.150538,0.833333,0.935484,1.030303,0.645161,1.0,0.763441,1.265152,0.806452,0.984848,0.795699,0.878788,0.322581,0.992424,0.44086,1.181818,0.526882,0.863636,0.473118,0.795455,0.0,0.939394,0.107527,1.098485,0.204301,0.80303,0.182796,0.719697,-0.354839,0.840909,-0.225806,0.977273,-0.11828,0.780303,-0.129032,0.681818,0,0,0.0,0.0,0.0,0.0,0.0,0.0,0.0,0.0,0.0,0.0,0.0,0.0,0.0,0.0,0.0,0.0,0.0,0.0,0.0,0.0,0.0,0.0,0.0,0.0,0.0,0.0,0.0,0.0,0.0,0.0,0.0,0.0,0.0,0.0,0.0,0.0,0.0,0.0,0.0,0.0,0.0,0.0,Z,7
0.0,0.0,0.483871,0.222222,0.849462,0.548148,0.913978,0.822222,0.763441,0.992593,0.483871,1.0,0.505376,1.251852,0.580645,1.192593,0.634409,1.103704,0.150538,0.992593,0.150538,1.192593,0.290323,0.992593,0.344086,0.82963,-0.172043,0.933333,-0.204301,1.111111,-0.053763,0.925926,0.010753,0.755556,-0.516129,0.814815,-0.526882,0.992593,-0.387097,0.874074,-0.301075,0.733333,0,0,0.0,0.0,0.0,0.0,0.0,0.0,0.0,0.0,0.0,0.0,0.0,0.0,0.0,0.0,0.0,0.0,0.0,0.0,0.0,0.0,0.0,0.0,0.0,0.0,0.0,0.0,0.0,0.0,0.0,0.0,0.0,0.0,0.0,0.0,0.0,0.0,0.0,0.0,0.0,0.0,0.0,0.0,Z,7
0.0,0.0,0.446809,0.237037,0.755319,0.622222,0.723404,0.948148,0.446809,1.118519,0.340426,1.0,0.319149,1.274074,0.425532,1.274074,0.542553,1.214815,0.010638,0.97037,-0.042553,1.162963,0.12766,0.948148,0.234043,0.8,-0.319149,0.888889,-0.37234,1.066667,-0.202128,0.859259,-0.095745,0.696296,-0.659574,0.762963,-0.670213,0.955556,-0.531915,0.807407,-0.446809,0.659259,0,0,0.0,0.0,0.0,0.0,0.0,0.0,0.0,0.0,0.0,0.0,0.0,0.0,0.0,0.0,0.0,0.0,0.0,0.0,0.0,0.0,0.0,0.0,0.0,0.0,0.0,0.0,0.0,0.0,0.0,0.0,0.0,0.0,0.0,0.0,0.0,0.0,0.0,0.0,0.0,0.0,0.0,0.0,Z,7
0.0,0.0,0.33945,0.262857,0.522936,0.548571,0.412844,0.788571,0.06422,0.891429,0.183486,1.0,0.220183,1.36,0.256881,1.554286,0.266055,1.708571,-0.183486,0.931429,-0.12844,1.08,0.018349,0.84,0.06422,0.72,-0.504587,0.805714,-0.422018,0.942857,-0.256881,0.731429,-0.220183,0.622857,-0.816514,0.64,-0.715596,0.782857,-0.53211,0.645714,-0.486239,0.56,-0.009174311926605505,-0.09142857142857143,0.0,0.0,0.330097,0.201439,0.601942,0.597122,0.475728,0.920863,0.145631,1.071942,0.23301,1.0,0.242718,1.302158,0.320388,1.417266,0.378641,1.517986,-0.135922,0.964029,-0.184466,1.179856,-0.029126,0.906475,0.038835,0.784173,-0.456311,0.856115,-0.524272,1.035971,-0.339806,0.784173,-0.291262,0.654676,-0.76699,0.697842,-0.796117,0.870504,-0.631068,0.683453,-0.572816,0.561151,Z,7
0.0,0.0,0.320755,0.182432,0.537736,0.506757,0.415094,0.817568,0.122642,1.006757,0.207547,1.0,0.198113,1.344595,0.122642,1.601351,0.028302,1.804054,-0.169811,0.932432,-0.283019,1.182432,-0.122642,0.851351,-0.018868,0.689189,-0.481132,0.804054,-0.59434,0.959459,-0.367925,0.682432,-0.273585,0.567568,-0.792453,0.621622,-0.867925,0.77027,-0.641509,0.581081,-0.528302,0.486486,0,0,0.0,0.0,0.0,0.0,0.0,0.0,0.0,0.0,0.0,0.0,0.0,0.0,0.0,0.0,0.0,0.0,0.0,0.0,0.0,0.0,0.0,0.0,0.0,0.0,0.0,0.0,0.0,0.0,0.0,0.0,0.0,0.0,0.0,0.0,0.0,0.0,0.0,0.0,0.0,0.0,0.0,0.0,Z,7
0.0,0.0,0.336634,0.229299,0.50495,0.55414,0.386139,0.847134,0.049505,1.025478,0.128713,1.0,0.069307,1.350318,-0.029703,1.598726,-0.128713,1.802548,-0.247525,0.923567,-0.356436,1.178344,-0.19802,0.840764,-0.09901,0.713376,-0.564356,0.796178,-0.673267,0.949045,-0.465347,0.66242,-0.386139,0.592357,-0.871287,0.624204,-0.960396,0.770701,-0.732673,0.585987,-0.633663,0.509554,0,0,0.0,0.0,0.0,0.0,0.0,0.0,0.0,0.0,0.0,0.0,0.0,0.0,0.0,0.0,0.0,0.0,0.0,0.0,0.0,0.0,0.0,0.0,0.0,0.0,0.0,0.0,0.0,0.0,0.0,0.0,0.0,0.0,0.0,0.0,0.0,0.0,0.0,0.0,0.0,0.0,0.0,0.0,Z,7
0.0,0.0,0.333333,0.234568,0.519608,0.549383,0.362745,0.833333,0.009804,1.0,0.137255,1.0,0.078431,1.333333,-0.04902,1.580247,-0.166667,1.771605,-0.245098,0.925926,-0.372549,1.17284,-0.205882,0.851852,-0.088235,0.728395,-0.568627,0.796296,-0.696078,0.944444,-0.480392,0.67284,-0.382353,0.58642,-0.862745,0.623457,-0.980392,0.765432,-0.754902,0.592593,-0.627451,0.506173,0,0,0.0,0.0,0.0,0.0,0.0,0.0,0.0,0.0,0.0,0.0,0.0,0.0,0.0,0.0,0.0,0.0,0.0,0.0,0.0,0.0,0.0,0.0,0.0,0.0,0.0,0.0,0.0,0.0,0.0,0.0,0.0,0.0,0.0,0.0,0.0,0.0,0.0,0.0,0.0,0.0,0.0,0.0,Z,7
0.0,0.0,0.333333,0.240506,0.533333,0.550633,0.4,0.816456,0.085714,0.968354,0.171429,1.0,0.104762,1.348101,0.009524,1.588608,-0.104762,1.78481,-0.2,0.936709,-0.304762,1.164557,-0.114286,0.860759,0.009524,0.696203,-0.52381,0.810127,-0.619048,0.962025,-0.380952,0.689873,-0.266667,0.56962,-0.828571,0.632911,-0.904762,0.778481,-0.666667,0.601266,-0.552381,0.493671,0,0,0.0,0.0,0.0,0.0,0.0,0.0,0.0,0.0,0.0,0.0,0.0,0.0,0.0,0.0,0.0,0.0,0.0,0.0,0.0,0.0,0.0,0.0,0.0,0.0,0.0,0.0,0.0,0.0,0.0,0.0,0.0,0.0,0.0,0.0,0.0,0.0,0.0,0.0,0.0,0.0,0.0,0.0,Z,7
0.0,0.0,0.33945,0.229299,0.541284,0.573248,0.40367,0.859873,0.091743,0.993631,0.201835,1.0,0.146789,1.356688,0.073394,1.592357,-0.009174,1.802548,-0.155963,0.968153,-0.201835,1.133758,-0.036697,0.834395,0.073394,0.630573,-0.477064,0.866242,-0.504587,0.949045,-0.302752,0.681529,-0.192661,0.515924,-0.798165,0.713376,-0.798165,0.796178,-0.587156,0.605096,-0.477064,0.484076,0,0,0.0,0.0,0.0,0.0,0.0,0.0,0.0,0.0,0.0,0.0,0.0,0.0,0.0,0.0,0.0,0.0,0.0,0.0,0.0,0.0,0.0,0.0,0.0,0.0,0.0,0.0,0.0,0.0,0.0,0.0,0.0,0.0,0.0,0.0,0.0,0.0,0.0,0.0,0.0,0.0,0.0,0.0,Z,7
0.0,0.0,0.330579,0.235669,0.561983,0.585987,0.413223,0.840764,0.132231,0.942675,0.264463,1.0,0.256198,1.33758,0.173554,1.56051,0.07438,1.738854,-0.090909,0.980892,-0.140496,1.076433,-0.024793,0.764331,0.07438,0.56051,-0.421488,0.89172,-0.446281,0.904459,-0.297521,0.636943,-0.173554,0.490446,-0.735537,0.751592,-0.743802,0.770701,-0.578512,0.585987,-0.46281,0.490446,0,0,0.0,0.0,0.0,0.0,0.0,0.0,0.0,0.0,0.0,0.0,0.0,0.0,0.0,0.0,0.0,0.0,0.0,0.0,0.0,0.0,0.0,0.0,0.0,0.0,0.0,0.0,0.0,0.0,0.0,0.0,0.0,0.0,0.0,0.0,0.0,0.0,0.0,0.0,0.0,0.0,0.0,0.0,Z,7
0.0,0.0,0.341667,0.210884,0.6,0.52381,0.525,0.809524,0.25,0.952381,0.266667,1.0,0.266667,1.414966,0.175,1.659864,0.091667,1.836735,-0.091667,0.972789,-0.1,1.034014,0.008333,0.714286,0.091667,0.571429,-0.416667,0.877551,-0.433333,0.918367,-0.3,0.646259,-0.2,0.47619,-0.733333,0.741497,-0.791667,0.829932,-0.625,0.632653,-0.5,0.482993,0,0,0.0,0.0,0.0,0.0,0.0,0.0,0.0,0.0,0.0,0.0,0.0,0.0,0.0,0.0,0.0,0.0,0.0,0.0,0.0,0.0,0.0,0.0,0.0,0.0,0.0,0.0,0.0,0.0,0.0,0.0,0.0,0.0,0.0,0.0,0.0,0.0,0.0,0.0,0.0,0.0,0.0,0.0,Z,7
0.0,0.0,0.368852,0.193182,0.704918,0.448864,0.622951,0.681818,0.311475,0.784091,0.262295,1.0,0.409836,1.056818,0.565574,1.0,0.704918,0.971591,-0.106557,1.005682,0.090164,0.897727,0.213115,0.602273,0.262295,0.539773,-0.434426,0.914773,-0.254098,0.784091,-0.098361,0.517045,-0.040984,0.4375,-0.737705,0.772727,-0.598361,0.676136,-0.42623,0.482955,-0.344262,0.420455,0,0,0.0,0.0,0.0,0.0,0.0,0.0,0.0,0.0,0.0,0.0,0.0,0.0,0.0,0.0,0.0,0.0,0.0,0.0,0.0,0.0,0.0,0.0,0.0,0.0,0.0,0.0,0.0,0.0,0.0,0.0,0.0,0.0,0.0,0.0,0.0,0.0,0.0,0.0,0.0,0.0,0.0,0.0,Z,7
0.0,0.0,0.420168,0.148387,0.789916,0.341935,0.983193,0.483871,1.12605,0.567742,0.487395,1.0,0.546218,0.948387,0.613445,0.670968,0.647059,0.567742,0.134454,0.993548,0.252101,0.890323,0.327731,0.6,0.344538,0.541935,-0.201681,0.909677,-0.058824,0.774194,0.033613,0.503226,0.058824,0.419355,-0.512605,0.780645,-0.420168,0.696774,-0.294118,0.490323,-0.235294,0.419355,0,0,0.0,0.0,0.0,0.0,0.0,0.0,0.0,0.0,0.0,0.0,0.0,0.0,0.0,0.0,0.0,0.0,0.0,0.0,0.0,0.0,0.0,0.0,0.0,0.0,0.0,0.0,0.0,0.0,0.0,0.0,0.0,0.0,0.0,0.0,0.0,0.0,0.0,0.0,0.0,0.0,0.0,0.0,Z,7
0.0,0.0,0.371681,0.223529,0.672566,0.705882,0.699115,1.176471,0.584071,1.552941,0.725664,1.0,0.566372,1.470588,0.327434,1.717647,0.150442,1.858824,0.433628,0.823529,0.256637,1.352941,0.0,1.705882,-0.19469,1.917647,0.097345,0.623529,-0.088496,1.129412,-0.327434,1.517647,-0.486726,1.717647,-0.274336,0.447059,-0.40708,0.905882,-0.539823,1.235294,-0.646018,1.435294,-0.1592920353982301,0.17647058823529413,0.0,0.0,0.481132,0.161972,0.933962,0.507042,1.009434,0.838028,0.716981,0.985915,0.509434,1.0,0.481132,1.0,0.5,0.767606,0.54717,0.633803,0.150943,0.964789,0.150943,0.915493,0.207547,0.704225,0.273585,0.570423,-0.188679,0.866197,-0.179245,0.873239,-0.122642,0.697183,-0.066038,0.56338,-0.490566,0.753521,-0.518868,0.809859,-0.45283,0.65493,-0.367925,0.542254,Z,7
0.0,0.0,0.429907,0.10596,0.775701,0.304636,0.934579,0.470199,1.0,0.596026,0.485981,1.0,0.747664,0.84106,0.738318,0.556291,0.682243,0.483444,0.121495,0.993377,0.485981,0.748344,0.514019,0.456954,0.476636,0.403974,-0.224299,0.900662,0.17757,0.622517,0.233645,0.350993,0.196262,0.298013,-0.514019,0.748344,-0.196262,0.536424,-0.093458,0.331126,-0.074766,0.271523,0,0,0.0,0.0,0.0,0.0,0.0,0.0,0.0,0.0,0.0,0.0,0.0,0.0,0.0,0.0,0.0,0.0,0.0,0.0,0.0,0.0,0.0,0.0,0.0,0.0,0.0,0.0,0.0,0.0,0.0,0.0,0.0,0.0,0.0,0.0,0.0,0.0,0.0,0.0,0.0,0.0,0.0,0.0,Z,7
0.0,0.0,0.412281,0.111111,0.798246,0.296296,0.991228,0.474074,0.95614,0.651852,0.631579,1.0,0.938596,1.103704,1.157895,1.2,1.333333,1.318519,0.280702,1.066667,0.622807,0.874074,0.596491,0.548148,0.508772,0.496296,-0.061404,1.0,0.298246,0.711111,0.280702,0.437037,0.210526,0.422222,-0.368421,0.859259,-0.096491,0.592593,-0.035088,0.37037,-0.04386,0.355556,0,0,0.0,0.0,0.0,0.0,0.0,0.0,0.0,0.0,0.0,0.0,0.0,0.0,0.0,0.0,0.0,0.0,0.0,0.0,0.0,0.0,0.0,0.0,0.0,0.0,0.0,0.0,0.0,0.0,0.0,0.0,0.0,0.0,0.0,0.0,0.0,0.0,0.0,0.0,0.0,0.0,0.0,0.0,Z,7
0.0,0.0,0.413793,0.094488,0.827586,0.275591,1.025862,0.503937,0.974138,0.716535,0.724138,1.0,1.068966,1.15748,1.301724,1.307087,1.482759,1.456693,0.37931,1.125984,0.715517,0.88189,0.637931,0.496063,0.525862,0.393701,0.051724,1.070866,0.37069,0.708661,0.318966,0.401575,0.25,0.385827,-0.275862,0.92126,-0.017241,0.614173,0.034483,0.377953,0.017241,0.354331,0,0,0.0,0.0,0.0,0.0,0.0,0.0,0.0,0.0,0.0,0.0,0.0,0.0,0.0,0.0,0.0,0.0,0.0,0.0,0.0,0.0,0.0,0.0,0.0,0.0,0.0,0.0,0.0,0.0,0.0,0.0,0.0,0.0,0.0,0.0,0.0,0.0,0.0,0.0,0.0,0.0,0.0,0.0,Z,7
0.0,0.0,0.453782,0.094488,0.823529,0.259843,1.0,0.480315,0.94958,0.685039,0.756303,1.0,1.092437,1.149606,1.310924,1.307087,1.470588,1.456693,0.411765,1.141732,0.714286,0.866142,0.638655,0.472441,0.529412,0.393701,0.07563,1.07874,0.361345,0.700787,0.327731,0.385827,0.260504,0.377953,-0.243697,0.913386,-0.008403,0.598425,0.042017,0.354331,0.02521,0.346457,0,0,0.0,0.0,0.0,0.0,0.0,0.0,0.0,0.0,0.0,0.0,0.0,0.0,0.0,0.0,0.0,0.0,0.0,0.0,0.0,0.0,0.0,0.0,0.0,0.0,0.0,0.0,0.0,0.0,0.0,0.0,0.0,0.0,0.0,0.0,0.0,0.0,0.0,0.0,0.0,0.0,0.0,0.0,Z,7
0.0,0.0,0.478632,0.086614,0.854701,0.275591,1.059829,0.488189,1.0,0.685039,0.803419,1.0,1.153846,1.11811,1.384615,1.267717,1.547009,1.425197,0.470085,1.133858,0.786325,0.84252,0.683761,0.456693,0.564103,0.377953,0.128205,1.086614,0.42735,0.677165,0.358974,0.370079,0.264957,0.377953,-0.196581,0.929134,0.042735,0.590551,0.08547,0.346457,0.059829,0.338583,0,0,0.0,0.0,0.0,0.0,0.0,0.0,0.0,0.0,0.0,0.0,0.0,0.0,0.0,0.0,0.0,0.0,0.0,0.0,0.0,0.0,0.0,0.0,0.0,0.0,0.0,0.0,0.0,0.0,0.0,0.0,0.0,0.0,0.0,0.0,0.0,0.0,0.0,0.0,0.0,0.0,0.0,0.0,Z,7
0.0,0.0,0.446281,0.065041,0.85124,0.252033,1.041322,0.479675,0.966942,0.682927,0.77686,1.0,1.123967,1.121951,1.355372,1.252033,1.528926,1.406504,0.429752,1.130081,0.68595,0.829268,0.619835,0.463415,0.512397,0.406504,0.090909,1.056911,0.338843,0.650407,0.31405,0.365854,0.231405,0.382114,-0.22314,0.886179,-0.024793,0.552846,0.033058,0.341463,0.016529,0.341463,0,0,0.0,0.0,0.0,0.0,0.0,0.0,0.0,0.0,0.0,0.0,0.0,0.0,0.0,0.0,0.0,0.0,0.0,0.0,0.0,0.0,0.0,0.0,0.0,0.0,0.0,0.0,0.0,0.0,0.0,0.0,0.0,0.0,0.0,0.0,0.0,0.0,0.0,0.0,0.0,0.0,0.0,0.0,Z,7
0.0,0.0,0.446281,0.075,0.859504,0.275,1.041322,0.533333,0.942149,0.7,0.710744,1.0,1.057851,1.125,1.297521,1.258333,1.487603,1.4,0.363636,1.125,0.61157,0.816667,0.578512,0.475,0.487603,0.375,0.024793,1.041667,0.264463,0.641667,0.239669,0.391667,0.173554,0.383333,-0.289256,0.858333,-0.099174,0.525,-0.041322,0.333333,-0.057851,0.333333,0,0,0.0,0.0,0.0,0.0,0.0,0.0,0.0,0.0,0.0,0.0,0.0,0.0,0.0,0.0,0.0,0.0,0.0,0.0,0.0,0.0,0.0,0.0,0.0,0.0,0.0,0.0,0.0,0.0,0.0,0.0,0.0,0.0,0.0,0.0,0.0,0.0,0.0,0.0,0.0,0.0,0.0,0.0,Z,7
0.0,0.0,0.404959,0.065041,0.801653,0.276423,0.900826,0.528455,0.834711,0.723577,0.636364,1.0,0.958678,1.113821,1.190083,1.235772,1.380165,1.373984,0.280992,1.113821,0.479339,0.821138,0.46281,0.536585,0.421488,0.504065,-0.057851,1.03252,0.140496,0.650407,0.165289,0.422764,0.132231,0.447154,-0.363636,0.861789,-0.198347,0.536585,-0.123967,0.349593,-0.115702,0.357724,0,0,0.0,0.0,0.0,0.0,0.0,0.0,0.0,0.0,0.0,0.0,0.0,0.0,0.0,0.0,0.0,0.0,0.0,0.0,0.0,0.0,0.0,0.0,0.0,0.0,0.0,0.0,0.0,0.0,0.0,0.0,0.0,0.0,0.0,0.0,0.0,0.0,0.0,0.0,0.0,0.0,0.0,0.0,Z,7
0.0,0.0,0.336134,0.056911,0.722689,0.252033,0.798319,0.504065,0.672269,0.682927,0.571429,1.0,0.907563,1.105691,1.092437,1.186992,1.201681,1.292683,0.210084,1.097561,0.386555,0.845528,0.403361,0.544715,0.369748,0.495935,-0.134454,1.00813,0.067227,0.642276,0.092437,0.398374,0.058824,0.406504,-0.428571,0.829268,-0.260504,0.536585,-0.201681,0.349593,-0.218487,0.349593,0,0,0.0,0.0,0.0,0.0,0.0,0.0,0.0,0.0,0.0,0.0,0.0,0.0,0.0,0.0,0.0,0.0,0.0,0.0,0.0,0.0,0.0,0.0,0.0,0.0,0.0,0.0,0.0,0.0,0.0,0.0,0.0,0.0,0.0,0.0,0.0,0.0,0.0,0.0,0.0,0.0,0.0,0.0,Z,7
0.0,0.0,0.5,0.120968,0.91,0.427419,0.93,0.741935,0.77,0.935484,0.49,1.0,0.67,1.008065,0.69,0.75,0.66,0.645161,0.12,0.975806,0.37,0.887097,0.43,0.604839,0.4,0.516129,-0.2,0.862903,0.08,0.725806,0.14,0.483871,0.1,0.403226,-0.51,0.685484,-0.24,0.620968,-0.16,0.435484,-0.17,0.362903,0,0,0.0,0.0,0.0,0.0,0.0,0.0,0.0,0.0,0.0,0.0,0.0,0.0,0.0,0.0,0.0,0.0,0.0,0.0,0.0,0.0,0.0,0.0,0.0,0.0,0.0,0.0,0.0,0.0,0.0,0.0,0.0,0.0,0.0,0.0,0.0,0.0,0.0,0.0,0.0,0.0,0.0,0.0,Z,7
0.0,0.0,0.575,0.328467,0.6625,0.824818,0.2625,1.218978,-0.2375,1.335766,-0.375,1.0,-0.1,1.291971,0.125,1.036496,0.175,0.832117,-0.825,0.927007,-0.45,1.094891,-0.2125,0.832117,-0.1625,0.678832,-1.1375,0.839416,-0.75,0.963504,-0.525,0.744526,-0.45,0.583942,-1.375,0.751825,-1.125,0.890511,-0.9,0.744526,-0.775,0.627737,0,0,0.0,0.0,0.0,0.0,0.0,0.0,0.0,0.0,0.0,0.0,0.0,0.0,0.0,0.0,0.0,0.0,0.0,0.0,0.0,0.0,0.0,0.0,0.0,0.0,0.0,0.0,0.0,0.0,0.0,0.0,0.0,0.0,0.0,0.0,0.0,0.0,0.0,0.0,0.0,0.0,0.0,0.0,Z,7
0.0,0.0,0.320388,0.242424,0.427184,0.613636,0.087379,0.840909,-0.31068,0.878788,0.097087,1.0,-0.019417,1.234848,-0.223301,1.401515,-0.398058,1.575758,-0.300971,0.962121,-0.533981,1.0,-0.38835,0.666667,-0.184466,0.522727,-0.640777,0.848485,-0.825243,0.80303,-0.621359,0.522727,-0.427184,0.44697,-0.902913,0.666667,-1.038835,0.643939,-0.84466,0.44697,-0.669903,0.378788,0,0,0.0,0.0,0.0,0.0,0.0,0.0,0.0,0.0,0.0,0.0,0.0,0.0,0.0,0.0,0.0,0.0,0.0,0.0,0.0,0.0,0.0,0.0,0.0,0.0,0.0,0.0,0.0,0.0,0.0,0.0,0.0,0.0,0.0,0.0,0.0,0.0,0.0,0.0,0.0,0.0,0.0,0.0,Z,7
0.0,0.0,0.301887,0.194245,0.45283,0.532374,0.113208,0.733813,-0.311321,0.748201,0.018868,1.0,-0.103774,1.172662,-0.273585,1.316547,-0.443396,1.482014,-0.377358,0.978417,-0.660377,0.877698,-0.443396,0.553957,-0.254717,0.47482,-0.698113,0.848921,-0.95283,0.705036,-0.688679,0.446043,-0.490566,0.410072,-0.981132,0.661871,-1.150943,0.57554,-0.90566,0.395683,-0.707547,0.366906,0,0,0.0,0.0,0.0,0.0,0.0,0.0,0.0,0.0,0.0,0.0,0.0,0.0,0.0,0.0,0.0,0.0,0.0,0.0,0.0,0.0,0.0,0.0,0.0,0.0,0.0,0.0,0.0,0.0,0.0,0.0,0.0,0.0,0.0,0.0,0.0,0.0,0.0,0.0,0.0,0.0,0.0,0.0,Z,7
0.0,0.0,0.265487,0.183673,0.389381,0.482993,0.132743,0.666667,-0.212389,0.727891,0.00885,1.0,-0.141593,1.129252,-0.309735,1.258503,-0.460177,1.428571,-0.380531,0.986395,-0.628319,0.809524,-0.40708,0.482993,-0.230088,0.469388,-0.716814,0.863946,-0.929204,0.666667,-0.681416,0.394558,-0.495575,0.408163,-0.99115,0.680272,-1.132743,0.530612,-0.902655,0.360544,-0.716814,0.367347,0,0,0.0,0.0,0.0,0.0,0.0,0.0,0.0,0.0,0.0,0.0,0.0,0.0,0.0,0.0,0.0,0.0,0.0,0.0,0.0,0.0,0.0,0.0,0.0,0.0,0.0,0.0,0.0,0.0,0.0,0.0,0.0,0.0,0.0,0.0,0.0,0.0,0.0,0.0,0.0,0.0,0.0,0.0,Z,7
0.0,0.0,0.247706,0.190476,0.376147,0.469388,0.12844,0.659864,-0.229358,0.734694,-0.027523,1.0,-0.183486,1.129252,-0.376147,1.265306,-0.550459,1.408163,-0.431193,0.959184,-0.678899,0.85034,-0.458716,0.510204,-0.275229,0.482993,-0.761468,0.836735,-0.981651,0.673469,-0.724771,0.408163,-0.541284,0.414966,-1.027523,0.659864,-1.183486,0.530612,-0.93578,0.360544,-0.743119,0.367347,0,0,0.0,0.0,0.0,0.0,0.0,0.0,0.0,0.0,0.0,0.0,0.0,0.0,0.0,0.0,0.0,0.0,0.0,0.0,0.0,0.0,0.0,0.0,0.0,0.0,0.0,0.0,0.0,0.0,0.0,0.0,0.0,0.0,0.0,0.0,0.0,0.0,0.0,0.0,0.0,0.0,0.0,0.0,Z,7
0.0,0.0,0.266055,0.197183,0.40367,0.471831,0.119266,0.661972,-0.238532,0.746479,-0.009174,1.0,-0.155963,1.133803,-0.357798,1.274648,-0.541284,1.429577,-0.412844,0.978873,-0.66055,0.866197,-0.440367,0.507042,-0.275229,0.478873,-0.743119,0.859155,-0.963303,0.683099,-0.715596,0.408451,-0.53211,0.415493,-1.009174,0.676056,-1.174312,0.535211,-0.93578,0.366197,-0.752294,0.373239,0,0,0.0,0.0,0.0,0.0,0.0,0.0,0.0,0.0,0.0,0.0,0.0,0.0,0.0,0.0,0.0,0.0,0.0,0.0,0.0,0.0,0.0,0.0,0.0,0.0,0.0,0.0,0.0,0.0,0.0,0.0,0.0,0.0,0.0,0.0,0.0,0.0,0.0,0.0,0.0,0.0,0.0,0.0,Z,7
0.0,0.0,0.265487,0.180556,0.415929,0.451389,0.141593,0.638889,-0.20354,0.708333,0.00885,1.0,-0.132743,1.111111,-0.318584,1.236111,-0.495575,1.388889,-0.39823,0.986111,-0.628319,0.8125,-0.39823,0.472222,-0.230088,0.465278,-0.725664,0.875,-0.929204,0.652778,-0.681416,0.381944,-0.504425,0.409722,-0.99115,0.6875,-1.132743,0.506944,-0.893805,0.340278,-0.716814,0.361111,0,0,0.0,0.0,0.0,0.0,0.0,0.0,0.0,0.0,0.0,0.0,0.0,0.0,0.0,0.0,0.0,0.0,0.0,0.0,0.0,0.0,0.0,0.0,0.0,0.0,0.0,0.0,0.0,0.0,0.0,0.0,0.0,0.0,0.0,0.0,0.0,0.0,0.0,0.0,0.0,0.0,0.0,0.0,Z,7
0.0,0.0,0.276786,0.165517,0.419643,0.441379,0.142857,0.634483,-0.241071,0.724138,0.008929,1.0,-0.142857,1.096552,-0.3125,1.213793,-0.482143,1.372414,-0.392857,0.972414,-0.642857,0.806897,-0.392857,0.462069,-0.241071,0.489655,-0.714286,0.862069,-0.946429,0.648276,-0.669643,0.372414,-0.508929,0.427586,-0.991071,0.682759,-1.142857,0.503448,-0.883929,0.337931,-0.723214,0.365517,0,0,0.0,0.0,0.0,0.0,0.0,0.0,0.0,0.0,0.0,0.0,0.0,0.0,0.0,0.0,0.0,0.0,0.0,0.0,0.0,0.0,0.0,0.0,0.0,0.0,0.0,0.0,0.0,0.0,0.0,0.0,0.0,0.0,0.0,0.0,0.0,0.0,0.0,0.0,0.0,0.0,0.0,0.0,Z,7
0.0,0.0,0.269565,0.168919,0.382609,0.418919,0.147826,0.628378,-0.226087,0.716216,0.034783,1.0,-0.113043,1.074324,-0.269565,1.195946,-0.434783,1.351351,-0.356522,0.972973,-0.617391,0.790541,-0.365217,0.452703,-0.208696,0.493243,-0.686957,0.864865,-0.904348,0.641892,-0.634783,0.378378,-0.486957,0.432432,-0.965217,0.695946,-1.095652,0.506757,-0.843478,0.344595,-0.686957,0.371622,0,0,0.0,0.0,0.0,0.0,0.0,0.0,0.0,0.0,0.0,0.0,0.0,0.0,0.0,0.0,0.0,0.0,0.0,0.0,0.0,0.0,0.0,0.0,0.0,0.0,0.0,0.0,0.0,0.0,0.0,0.0,0.0,0.0,0.0,0.0,0.0,0.0,0.0,0.0,0.0,0.0,0.0,0.0,Z,7
0.0,0.0,0.279661,0.180556,0.415254,0.458333,0.135593,0.638889,-0.228814,0.694444,0.050847,1.0,-0.101695,1.083333,-0.288136,1.201389,-0.466102,1.361111,-0.347458,0.979167,-0.59322,0.791667,-0.355932,0.444444,-0.186441,0.444444,-0.677966,0.861111,-0.889831,0.645833,-0.618644,0.375,-0.457627,0.409722,-0.949153,0.680556,-1.076271,0.5,-0.813559,0.333333,-0.652542,0.347222,0,0,0.0,0.0,0.0,0.0,0.0,0.0,0.0,0.0,0.0,0.0,0.0,0.0,0.0,0.0,0.0,0.0,0.0,0.0,0.0,0.0,0.0,0.0,0.0,0.0,0.0,0.0,0.0,0.0,0.0,0.0,0.0,0.0,0.0,0.0,0.0,0.0,0.0,0.0,0.0,0.0,0.0,0.0,Z,7
0.0,0.0,0.264957,0.178082,0.418803,0.438356,0.17094,0.636986,-0.205128,0.705479,0.025641,1.0,-0.111111,1.082192,-0.282051,1.191781,-0.444444,1.335616,-0.367521,0.979452,-0.589744,0.787671,-0.358974,0.458904,-0.205128,0.479452,-0.692308,0.863014,-0.888889,0.636986,-0.623932,0.376712,-0.478632,0.417808,-0.974359,0.684932,-1.08547,0.5,-0.837607,0.328767,-0.692308,0.356164,0,0,0.0,0.0,0.0,0.0,0.0,0.0,0.0,0.0,0.0,0.0,0.0,0.0,0.0,0.0,0.0,0.0,0.0,0.0,0.0,0.0,0.0,0.0,0.0,0.0,0.0,0.0,0.0,0.0,0.0,0.0,0.0,0.0,0.0,0.0,0.0,0.0,0.0,0.0,0.0,0.0,0.0,0.0,Z,7
0.0,0.0,0.269565,0.181818,0.426087,0.461538,0.165217,0.643357,-0.208696,0.692308,0.0,1.0,-0.13913,1.097902,-0.304348,1.20979,-0.478261,1.356643,-0.4,0.993007,-0.617391,0.762238,-0.382609,0.440559,-0.226087,0.440559,-0.721739,0.874126,-0.904348,0.615385,-0.643478,0.356643,-0.486957,0.391608,-1.0,0.692308,-1.113043,0.48951,-0.86087,0.328671,-0.695652,0.34965,0,0,0.0,0.0,0.0,0.0,0.0,0.0,0.0,0.0,0.0,0.0,0.0,0.0,0.0,0.0,0.0,0.0,0.0,0.0,0.0,0.0,0.0,0.0,0.0,0.0,0.0,0.0,0.0,0.0,0.0,0.0,0.0,0.0,0.0,0.0,0.0,0.0,0.0,0.0,0.0,0.0,0.0,0.0,Z,7
0.0,0.0,0.265487,0.172414,0.424779,0.455172,0.168142,0.641379,-0.19469,0.696552,-0.00885,1.0,-0.159292,1.082759,-0.336283,1.186207,-0.486726,1.303448,-0.424779,0.97931,-0.637168,0.751724,-0.415929,0.434483,-0.256637,0.434483,-0.743363,0.855172,-0.929204,0.6,-0.681416,0.351724,-0.513274,0.372414,-1.00885,0.662069,-1.132743,0.482759,-0.902655,0.310345,-0.734513,0.324138,0,0,0.0,0.0,0.0,0.0,0.0,0.0,0.0,0.0,0.0,0.0,0.0,0.0,0.0,0.0,0.0,0.0,0.0,0.0,0.0,0.0,0.0,0.0,0.0,0.0,0.0,0.0,0.0,0.0,0.0,0.0,0.0,0.0,0.0,0.0,0.0,0.0,0.0,0.0,0.0,0.0,0.0,0.0,Z,7
0.0,0.0,0.298246,0.180556,0.45614,0.479167,0.149123,0.659722,-0.245614,0.694444,0.017544,1.0,-0.140351,1.076389,-0.315789,1.180556,-0.482456,1.326389,-0.385965,0.986111,-0.622807,0.729167,-0.403509,0.423611,-0.22807,0.409722,-0.710526,0.868056,-0.903509,0.583333,-0.649123,0.333333,-0.482456,0.361111,-0.982456,0.673611,-1.087719,0.472222,-0.842105,0.298611,-0.666667,0.319444,0,0,0.0,0.0,0.0,0.0,0.0,0.0,0.0,0.0,0.0,0.0,0.0,0.0,0.0,0.0,0.0,0.0,0.0,0.0,0.0,0.0,0.0,0.0,0.0,0.0,0.0,0.0,0.0,0.0,0.0,0.0,0.0,0.0,0.0,0.0,0.0,0.0,0.0,0.0,0.0,0.0,0.0,0.0,Z,7
0.0,0.0,0.295652,0.160839,0.469565,0.440559,0.182609,0.622378,-0.182609,0.685315,0.043478,1.0,-0.121739,1.048951,-0.278261,1.146853,-0.434783,1.300699,-0.373913,0.979021,-0.591304,0.734266,-0.356522,0.405594,-0.191304,0.426573,-0.704348,0.853147,-0.895652,0.58042,-0.634783,0.314685,-0.469565,0.356643,-0.956522,0.664336,-1.078261,0.461538,-0.834783,0.27972,-0.66087,0.300699,0,0,0.0,0.0,0.0,0.0,0.0,0.0,0.0,0.0,0.0,0.0,0.0,0.0,0.0,0.0,0.0,0.0,0.0,0.0,0.0,0.0,0.0,0.0,0.0,0.0,0.0,0.0,0.0,0.0,0.0,0.0,0.0,0.0,0.0,0.0,0.0,0.0,0.0,0.0,0.0,0.0,0.0,0.0,Z,7
0.0,0.0,0.286957,0.151724,0.452174,0.427586,0.173913,0.62069,-0.208696,0.682759,0.034783,1.0,-0.13913,1.048276,-0.286957,1.137931,-0.426087,1.289655,-0.382609,0.97931,-0.608696,0.724138,-0.365217,0.393103,-0.191304,0.42069,-0.704348,0.862069,-0.904348,0.593103,-0.643478,0.324138,-0.469565,0.358621,-0.965217,0.689655,-1.086957,0.482759,-0.843478,0.303448,-0.66087,0.317241,0,0,0.0,0.0,0.0,0.0,0.0,0.0,0.0,0.0,0.0,0.0,0.0,0.0,0.0,0.0,0.0,0.0,0.0,0.0,0.0,0.0,0.0,0.0,0.0,0.0,0.0,0.0,0.0,0.0,0.0,0.0,0.0,0.0,0.0,0.0,0.0,0.0,0.0,0.0,0.0,0.0,0.0,0.0,Z,7
0.0,0.0,0.286957,0.159722,0.452174,0.430556,0.156522,0.618056,-0.217391,0.680556,0.026087,1.0,-0.13913,1.055556,-0.286957,1.145833,-0.434783,1.298611,-0.382609,0.979167,-0.6,0.75,-0.356522,0.416667,-0.2,0.465278,-0.704348,0.861111,-0.895652,0.604167,-0.643478,0.333333,-0.486957,0.388889,-0.973913,0.680556,-1.086957,0.479167,-0.852174,0.3125,-0.686957,0.340278,0,0,0.0,0.0,0.0,0.0,0.0,0.0,0.0,0.0,0.0,0.0,0.0,0.0,0.0,0.0,0.0,0.0,0.0,0.0,0.0,0.0,0.0,0.0,0.0,0.0,0.0,0.0,0.0,0.0,0.0,0.0,0.0,0.0,0.0,0.0,0.0,0.0,0.0,0.0,0.0,0.0,0.0,0.0,Z,7
0.0,0.0,0.278261,0.164384,0.426087,0.431507,0.147826,0.623288,-0.217391,0.69863,0.026087,1.0,-0.121739,1.041096,-0.278261,1.130137,-0.443478,1.267123,-0.382609,0.986301,-0.608696,0.739726,-0.382609,0.40411,-0.226087,0.438356,-0.713043,0.869863,-0.904348,0.609589,-0.652174,0.335616,-0.486957,0.376712,-0.973913,0.691781,-1.095652,0.493151,-0.869565,0.315068,-0.686957,0.335616,0,0,0.0,0.0,0.0,0.0,0.0,0.0,0.0,0.0,0.0,0.0,0.0,0.0,0.0,0.0,0.0,0.0,0.0,0.0,0.0,0.0,0.0,0.0,0.0,0.0,0.0,0.0,0.0,0.0,0.0,0.0,0.0,0.0,0.0,0.0,0.0,0.0,0.0,0.0,0.0,0.0,0.0,0.0,Z,7
0.0,0.0,0.264957,0.151724,0.418803,0.413793,0.136752,0.613793,-0.239316,0.682759,0.025641,1.0,-0.136752,1.055172,-0.299145,1.144828,-0.452991,1.282759,-0.384615,0.972414,-0.598291,0.77931,-0.350427,0.434483,-0.205128,0.468966,-0.700855,0.855172,-0.897436,0.634483,-0.641026,0.358621,-0.487179,0.4,-0.974359,0.682759,-1.08547,0.503448,-0.846154,0.331034,-0.700855,0.358621,0,0,0.0,0.0,0.0,0.0,0.0,0.0,0.0,0.0,0.0,0.0,0.0,0.0,0.0,0.0,0.0,0.0,0.0,0.0,0.0,0.0,0.0,0.0,0.0,0.0,0.0,0.0,0.0,0.0,0.0,0.0,0.0,0.0,0.0,0.0,0.0,0.0,0.0,0.0,0.0,0.0,0.0,0.0,Z,7
0.0,0.0,0.283186,0.160839,0.442478,0.440559,0.150442,0.629371,-0.221239,0.706294,0.00885,1.0,-0.150442,1.076923,-0.318584,1.174825,-0.486726,1.300699,-0.40708,0.986014,-0.60177,0.783217,-0.371681,0.440559,-0.212389,0.454545,-0.725664,0.867133,-0.911504,0.636364,-0.654867,0.356643,-0.486726,0.391608,-0.99115,0.678322,-1.123894,0.51049,-0.876106,0.335664,-0.699115,0.34965,0,0,0.0,0.0,0.0,0.0,0.0,0.0,0.0,0.0,0.0,0.0,0.0,0.0,0.0,0.0,0.0,0.0,0.0,0.0,0.0,0.0,0.0,0.0,0.0,0.0,0.0,0.0,0.0,0.0,0.0,0.0,0.0,0.0,0.0,0.0,0.0,0.0,0.0,0.0,0.0,0.0,0.0,0.0,Z,7
0.0,0.0,0.263158,0.181818,0.403509,0.454545,0.114035,0.636364,-0.254386,0.692308,-0.017544,1.0,-0.166667,1.076923,-0.350877,1.174825,-0.535088,1.293706,-0.429825,0.972028,-0.649123,0.783217,-0.412281,0.440559,-0.254386,0.447552,-0.754386,0.853147,-0.947368,0.629371,-0.684211,0.363636,-0.508772,0.391608,-1.017544,0.664336,-1.149123,0.503497,-0.903509,0.328671,-0.72807,0.34965,0,0,0.0,0.0,0.0,0.0,0.0,0.0,0.0,0.0,0.0,0.0,0.0,0.0,0.0,0.0,0.0,0.0,0.0,0.0,0.0,0.0,0.0,0.0,0.0,0.0,0.0,0.0,0.0,0.0,0.0,0.0,0.0,0.0,0.0,0.0,0.0,0.0,0.0,0.0,0.0,0.0,0.0,0.0,Z,7
0.0,0.0,0.276786,0.172414,0.410714,0.441379,0.133929,0.627586,-0.232143,0.689655,-0.008929,1.0,-0.160714,1.062069,-0.348214,1.165517,-0.526786,1.282759,-0.4375,0.958621,-0.660714,0.77931,-0.428571,0.441379,-0.267857,0.448276,-0.758929,0.834483,-0.955357,0.606897,-0.705357,0.344828,-0.517857,0.372414,-1.008929,0.641379,-1.142857,0.482759,-0.910714,0.310345,-0.723214,0.324138,0,0,0.0,0.0,0.0,0.0,0.0,0.0,0.0,0.0,0.0,0.0,0.0,0.0,0.0,0.0,0.0,0.0,0.0,0.0,0.0,0.0,0.0,0.0,0.0,0.0,0.0,0.0,0.0,0.0,0.0,0.0,0.0,0.0,0.0,0.0,0.0,0.0,0.0,0.0,0.0,0.0,0.0,0.0,Z,7
0.0,0.0,0.286957,0.172662,0.426087,0.467626,0.113043,0.647482,-0.243478,0.71223,0.034783,1.0,-0.130435,1.086331,-0.321739,1.179856,-0.504348,1.309353,-0.391304,0.978417,-0.634783,0.805755,-0.443478,0.446043,-0.26087,0.402878,-0.713043,0.856115,-0.930435,0.640288,-0.704348,0.359712,-0.504348,0.352518,-0.965217,0.669065,-1.104348,0.517986,-0.895652,0.316547,-0.704348,0.316547,0,0,0.0,0.0,0.0,0.0,0.0,0.0,0.0,0.0,0.0,0.0,0.0,0.0,0.0,0.0,0.0,0.0,0.0,0.0,0.0,0.0,0.0,0.0,0.0,0.0,0.0,0.0,0.0,0.0,0.0,0.0,0.0,0.0,0.0,0.0,0.0,0.0,0.0,0.0,0.0,0.0,0.0,0.0,Z,7
0.0,0.0,0.264957,0.168919,0.384615,0.425676,0.119658,0.621622,-0.247863,0.695946,0.025641,1.0,-0.136752,1.027027,-0.307692,1.108108,-0.470085,1.22973,-0.384615,0.959459,-0.615385,0.777027,-0.384615,0.432432,-0.230769,0.459459,-0.709402,0.844595,-0.91453,0.621622,-0.666667,0.351351,-0.504274,0.391892,-0.974359,0.668919,-1.094017,0.493243,-0.871795,0.324324,-0.709402,0.351351,0,0,0.0,0.0,0.0,0.0,0.0,0.0,0.0,0.0,0.0,0.0,0.0,0.0,0.0,0.0,0.0,0.0,0.0,0.0,0.0,0.0,0.0,0.0,0.0,0.0,0.0,0.0,0.0,0.0,0.0,0.0,0.0,0.0,0.0,0.0,0.0,0.0,0.0,0.0,0.0,0.0,0.0,0.0,Z,7
0.0,0.0,0.280702,0.179856,0.394737,0.482014,0.122807,0.669065,-0.219298,0.733813,0.017544,1.0,-0.149123,1.079137,-0.333333,1.179856,-0.5,1.302158,-0.394737,0.971223,-0.631579,0.827338,-0.438596,0.47482,-0.27193,0.446043,-0.72807,0.848921,-0.947368,0.669065,-0.72807,0.381295,-0.535088,0.381295,-0.982456,0.661871,-1.131579,0.517986,-0.921053,0.323741,-0.736842,0.323741,0,0,0.0,0.0,0.0,0.0,0.0,0.0,0.0,0.0,0.0,0.0,0.0,0.0,0.0,0.0,0.0,0.0,0.0,0.0,0.0,0.0,0.0,0.0,0.0,0.0,0.0,0.0,0.0,0.0,0.0,0.0,0.0,0.0,0.0,0.0,0.0,0.0,0.0,0.0,0.0,0.0,0.0,0.0,Z,7
0.0,0.0,0.265487,0.174825,0.40708,0.454545,0.123894,0.65035,-0.247788,0.72028,0.00885,1.0,-0.159292,1.055944,-0.336283,1.146853,-0.513274,1.265734,-0.415929,0.958042,-0.663717,0.811189,-0.442478,0.461538,-0.274336,0.440559,-0.743363,0.832168,-0.973451,0.643357,-0.734513,0.370629,-0.539823,0.370629,-0.99115,0.643357,-1.159292,0.503497,-0.929204,0.314685,-0.743363,0.321678,0,0,0.0,0.0,0.0,0.0,0.0,0.0,0.0,0.0,0.0,0.0,0.0,0.0,0.0,0.0,0.0,0.0,0.0,0.0,0.0,0.0,0.0,0.0,0.0,0.0,0.0,0.0,0.0,0.0,0.0,0.0,0.0,0.0,0.0,0.0,0.0,0.0,0.0,0.0,0.0,0.0,0.0,0.0,Z,7
0.0,0.0,0.267857,0.172414,0.401786,0.448276,0.125,0.641379,-0.25,0.710345,0.0,1.0,-0.169643,1.048276,-0.330357,1.131034,-0.5,1.262069,-0.419643,0.97931,-0.669643,0.77931,-0.4375,0.448276,-0.276786,0.468966,-0.741071,0.862069,-0.982143,0.641379,-0.723214,0.372414,-0.544643,0.406897,-1.0,0.675862,-1.160714,0.517241,-0.928571,0.337931,-0.75,0.351724,0,0,0.0,0.0,0.0,0.0,0.0,0.0,0.0,0.0,0.0,0.0,0.0,0.0,0.0,0.0,0.0,0.0,0.0,0.0,0.0,0.0,0.0,0.0,0.0,0.0,0.0,0.0,0.0,0.0,0.0,0.0,0.0,0.0,0.0,0.0,0.0,0.0,0.0,0.0,0.0,0.0,0.0,0.0,Z,7
0.0,0.0,0.281818,0.188811,0.409091,0.482517,0.118182,0.678322,-0.272727,0.727273,-0.009091,1.0,-0.172727,1.055944,-0.345455,1.13986,-0.518182,1.265734,-0.427273,0.958042,-0.681818,0.811189,-0.463636,0.475524,-0.290909,0.468531,-0.754545,0.839161,-0.990909,0.65035,-0.736364,0.377622,-0.545455,0.391608,-1.009091,0.657343,-1.172727,0.517483,-0.945455,0.335664,-0.745455,0.342657,0,0,0.0,0.0,0.0,0.0,0.0,0.0,0.0,0.0,0.0,0.0,0.0,0.0,0.0,0.0,0.0,0.0,0.0,0.0,0.0,0.0,0.0,0.0,0.0,0.0,0.0,0.0,0.0,0.0,0.0,0.0,0.0,0.0,0.0,0.0,0.0,0.0,0.0,0.0,0.0,0.0,0.0,0.0,Z,7
0.0,0.0,0.279279,0.2,0.396396,0.482759,0.108108,0.689655,-0.288288,0.758621,0.009009,1.0,-0.144144,1.041379,-0.324324,1.124138,-0.495495,1.234483,-0.405405,0.965517,-0.648649,0.82069,-0.432432,0.482759,-0.261261,0.482759,-0.72973,0.848276,-0.963964,0.662069,-0.711712,0.4,-0.522523,0.413793,-0.990991,0.662069,-1.153153,0.524138,-0.90991,0.351724,-0.720721,0.365517,0,0,0.0,0.0,0.0,0.0,0.0,0.0,0.0,0.0,0.0,0.0,0.0,0.0,0.0,0.0,0.0,0.0,0.0,0.0,0.0,0.0,0.0,0.0,0.0,0.0,0.0,0.0,0.0,0.0,0.0,0.0,0.0,0.0,0.0,0.0,0.0,0.0,0.0,0.0,0.0,0.0,0.0,0.0,Z,7
0.0,0.0,0.276786,0.178082,0.419643,0.445205,0.125,0.650685,-0.267857,0.726027,0.026786,1.0,-0.142857,1.027397,-0.3125,1.10274,-0.473214,1.219178,-0.392857,0.958904,-0.651786,0.815068,-0.428571,0.472603,-0.267857,0.472603,-0.714286,0.842466,-0.964286,0.657534,-0.714286,0.383562,-0.535714,0.39726,-0.973214,0.664384,-1.142857,0.527397,-0.928571,0.342466,-0.741071,0.349315,0,0,0.0,0.0,0.0,0.0,0.0,0.0,0.0,0.0,0.0,0.0,0.0,0.0,0.0,0.0,0.0,0.0,0.0,0.0,0.0,0.0,0.0,0.0,0.0,0.0,0.0,0.0,0.0,0.0,0.0,0.0,0.0,0.0,0.0,0.0,0.0,0.0,0.0,0.0,0.0,0.0,0.0,0.0,Z,7
0.0,0.0,0.279279,0.17931,0.414414,0.462069,0.126126,0.668966,-0.252252,0.737931,0.018018,1.0,-0.153153,1.041379,-0.297297,1.117241,-0.441441,1.234483,-0.396396,0.958621,-0.648649,0.841379,-0.432432,0.496552,-0.27027,0.510345,-0.720721,0.841379,-0.972973,0.682759,-0.720721,0.4,-0.540541,0.42069,-0.981982,0.655172,-1.162162,0.531034,-0.927928,0.358621,-0.756757,0.365517,0,0,0.0,0.0,0.0,0.0,0.0,0.0,0.0,0.0,0.0,0.0,0.0,0.0,0.0,0.0,0.0,0.0,0.0,0.0,0.0,0.0,0.0,0.0,0.0,0.0,0.0,0.0,0.0,0.0,0.0,0.0,0.0,0.0,0.0,0.0,0.0,0.0,0.0,0.0,0.0,0.0,0.0,0.0,Z,7
0.0,0.0,0.272727,0.173333,0.409091,0.453333,0.118182,0.653333,-0.281818,0.72,0.0,1.0,-0.145455,1.013333,-0.290909,1.073333,-0.436364,1.193333,-0.409091,0.96,-0.672727,0.806667,-0.436364,0.48,-0.281818,0.5,-0.736364,0.833333,-0.990909,0.646667,-0.727273,0.386667,-0.545455,0.413333,-1.0,0.653333,-1.172727,0.506667,-0.927273,0.346667,-0.745455,0.366667,0,0,0.0,0.0,0.0,0.0,0.0,0.0,0.0,0.0,0.0,0.0,0.0,0.0,0.0,0.0,0.0,0.0,0.0,0.0,0.0,0.0,0.0,0.0,0.0,0.0,0.0,0.0,0.0,0.0,0.0,0.0,0.0,0.0,0.0,0.0,0.0,0.0,0.0,0.0,0.0,0.0,0.0,0.0,Z,7
0.0,0.0,0.267857,0.176871,0.410714,0.462585,0.116071,0.673469,-0.267857,0.748299,0.026786,1.0,-0.133929,1.027211,-0.276786,1.095238,-0.419643,1.210884,-0.383929,0.952381,-0.633929,0.823129,-0.410714,0.482993,-0.25,0.510204,-0.705357,0.829932,-0.955357,0.673469,-0.705357,0.394558,-0.535714,0.421769,-0.973214,0.646259,-1.142857,0.52381,-0.919643,0.346939,-0.741071,0.360544,0,0,0.0,0.0,0.0,0.0,0.0,0.0,0.0,0.0,0.0,0.0,0.0,0.0,0.0,0.0,0.0,0.0,0.0,0.0,0.0,0.0,0.0,0.0,0.0,0.0,0.0,0.0,0.0,0.0,0.0,0.0,0.0,0.0,0.0,0.0,0.0,0.0,0.0,0.0,0.0,0.0,0.0,0.0,Z,7
0.0,0.0,0.256637,0.182432,0.39823,0.452703,0.141593,0.668919,-0.238938,0.756757,0.035398,1.0,-0.123894,1.033784,-0.265487,1.101351,-0.415929,1.216216,-0.362832,0.959459,-0.619469,0.824324,-0.389381,0.47973,-0.247788,0.527027,-0.690265,0.844595,-0.938053,0.675676,-0.681416,0.398649,-0.522124,0.439189,-0.964602,0.682432,-1.123894,0.533784,-0.893805,0.364865,-0.725664,0.385135,0,0,0.0,0.0,0.0,0.0,0.0,0.0,0.0,0.0,0.0,0.0,0.0,0.0,0.0,0.0,0.0,0.0,0.0,0.0,0.0,0.0,0.0,0.0,0.0,0.0,0.0,0.0,0.0,0.0,0.0,0.0,0.0,0.0,0.0,0.0,0.0,0.0,0.0,0.0,0.0,0.0,0.0,0.0,Z,7
0.0,0.0,0.269565,0.173611,0.4,0.444444,0.13913,0.666667,-0.26087,0.75,0.043478,1.0,-0.104348,1.041667,-0.252174,1.118056,-0.408696,1.236111,-0.347826,0.958333,-0.582609,0.840278,-0.373913,0.479167,-0.234783,0.520833,-0.669565,0.847222,-0.904348,0.680556,-0.669565,0.402778,-0.513043,0.444444,-0.956522,0.680556,-1.095652,0.534722,-0.878261,0.375,-0.721739,0.395833,0,0,0.0,0.0,0.0,0.0,0.0,0.0,0.0,0.0,0.0,0.0,0.0,0.0,0.0,0.0,0.0,0.0,0.0,0.0,0.0,0.0,0.0,0.0,0.0,0.0,0.0,0.0,0.0,0.0,0.0,0.0,0.0,0.0,0.0,0.0,0.0,0.0,0.0,0.0,0.0,0.0,0.0,0.0,Z,7
0.0,0.0,0.275229,0.191781,0.412844,0.465753,0.119266,0.684932,-0.284404,0.746575,0.018349,1.0,-0.137615,1.041096,-0.293578,1.10274,-0.440367,1.212329,-0.385321,0.952055,-0.642202,0.849315,-0.422018,0.5,-0.256881,0.513699,-0.706422,0.835616,-0.972477,0.691781,-0.724771,0.410959,-0.541284,0.431507,-0.981651,0.657534,-1.165138,0.547945,-0.944954,0.376712,-0.761468,0.383562,0,0,0.0,0.0,0.0,0.0,0.0,0.0,0.0,0.0,0.0,0.0,0.0,0.0,0.0,0.0,0.0,0.0,0.0,0.0,0.0,0.0,0.0,0.0,0.0,0.0,0.0,0.0,0.0,0.0,0.0,0.0,0.0,0.0,0.0,0.0,0.0,0.0,0.0,0.0,0.0,0.0,0.0,0.0,Z,7
0.0,0.0,0.276786,0.195946,0.383929,0.459459,0.116071,0.675676,-0.285714,0.72973,0.017857,1.0,-0.142857,1.02027,-0.276786,1.081081,-0.401786,1.195946,-0.383929,0.952703,-0.633929,0.837838,-0.392857,0.5,-0.241071,0.540541,-0.696429,0.837838,-0.946429,0.682432,-0.6875,0.405405,-0.517857,0.439189,-0.982143,0.675676,-1.125,0.533784,-0.901786,0.371622,-0.723214,0.391892,0,0,0.0,0.0,0.0,0.0,0.0,0.0,0.0,0.0,0.0,0.0,0.0,0.0,0.0,0.0,0.0,0.0,0.0,0.0,0.0,0.0,0.0,0.0,0.0,0.0,0.0,0.0,0.0,0.0,0.0,0.0,0.0,0.0,0.0,0.0,0.0,0.0,0.0,0.0,0.0,0.0,0.0,0.0,Z,7
0.0,0.0,0.276786,0.180556,0.419643,0.465278,0.125,0.6875,-0.276786,0.75,0.035714,1.0,-0.133929,1.048611,-0.294643,1.118056,-0.446429,1.229167,-0.366071,0.965278,-0.616071,0.854167,-0.392857,0.506944,-0.232143,0.534722,-0.6875,0.854167,-0.9375,0.701389,-0.696429,0.423611,-0.526786,0.444444,-0.964286,0.673611,-1.133929,0.555556,-0.919643,0.381944,-0.75,0.395833,0,0,0.0,0.0,0.0,0.0,0.0,0.0,0.0,0.0,0.0,0.0,0.0,0.0,0.0,0.0,0.0,0.0,0.0,0.0,0.0,0.0,0.0,0.0,0.0,0.0,0.0,0.0,0.0,0.0,0.0,0.0,0.0,0.0,0.0,0.0,0.0,0.0,0.0,0.0,0.0,0.0,0.0,0.0,Z,7
0.0,0.0,0.284404,0.191781,0.412844,0.472603,0.12844,0.684932,-0.266055,0.753425,0.018349,1.0,-0.137615,1.041096,-0.275229,1.09589,-0.40367,1.205479,-0.394495,0.952055,-0.633028,0.856164,-0.40367,0.513699,-0.256881,0.541096,-0.715596,0.828767,-0.963303,0.69863,-0.706422,0.424658,-0.541284,0.445205,-0.981651,0.643836,-1.155963,0.541096,-0.926606,0.376712,-0.752294,0.383562,0,0,0.0,0.0,0.0,0.0,0.0,0.0,0.0,0.0,0.0,0.0,0.0,0.0,0.0,0.0,0.0,0.0,0.0,0.0,0.0,0.0,0.0,0.0,0.0,0.0,0.0,0.0,0.0,0.0,0.0,0.0,0.0,0.0,0.0,0.0,0.0,0.0,0.0,0.0,0.0,0.0,0.0,0.0,Z,7
0.0,0.0,0.27193,0.165517,0.403509,0.441379,0.122807,0.668966,-0.280702,0.737931,0.035088,1.0,-0.131579,1.034483,-0.254386,1.082759,-0.394737,1.2,-0.359649,0.958621,-0.622807,0.834483,-0.385965,0.489655,-0.236842,0.537931,-0.684211,0.848276,-0.947368,0.682759,-0.692982,0.4,-0.526316,0.441379,-0.964912,0.675862,-1.122807,0.531034,-0.903509,0.365517,-0.736842,0.386207,0,0,0.0,0.0,0.0,0.0,0.0,0.0,0.0,0.0,0.0,0.0,0.0,0.0,0.0,0.0,0.0,0.0,0.0,0.0,0.0,0.0,0.0,0.0,0.0,0.0,0.0,0.0,0.0,0.0,0.0,0.0,0.0,0.0,0.0,0.0,0.0,0.0,0.0,0.0,0.0,0.0,0.0,0.0,Z,7
0.0,0.0,0.256637,0.176871,0.389381,0.44898,0.123894,0.659864,-0.256637,0.727891,0.017699,1.0,-0.132743,1.020408,-0.265487,1.07483,-0.40708,1.190476,-0.389381,0.938776,-0.637168,0.823129,-0.39823,0.482993,-0.247788,0.517007,-0.707965,0.816327,-0.964602,0.666667,-0.699115,0.387755,-0.530973,0.421769,-0.982301,0.639456,-1.141593,0.517007,-0.911504,0.346939,-0.734513,0.360544,0,0,0.0,0.0,0.0,0.0,0.0,0.0,0.0,0.0,0.0,0.0,0.0,0.0,0.0,0.0,0.0,0.0,0.0,0.0,0.0,0.0,0.0,0.0,0.0,0.0,0.0,0.0,0.0,0.0,0.0,0.0,0.0,0.0,0.0,0.0,0.0,0.0,0.0,0.0,0.0,0.0,0.0,0.0,Z,7
0.0,0.0,0.263158,0.181208,0.385965,0.442953,0.140351,0.66443,-0.245614,0.731544,0.017544,1.0,-0.149123,1.033557,-0.27193,1.080537,-0.403509,1.194631,-0.385965,0.939597,-0.631579,0.832215,-0.385965,0.489933,-0.245614,0.543624,-0.710526,0.818792,-0.95614,0.677852,-0.692982,0.402685,-0.54386,0.449664,-0.982456,0.651007,-1.131579,0.516779,-0.903509,0.362416,-0.745614,0.38255,0,0,0.0,0.0,0.0,0.0,0.0,0.0,0.0,0.0,0.0,0.0,0.0,0.0,0.0,0.0,0.0,0.0,0.0,0.0,0.0,0.0,0.0,0.0,0.0,0.0,0.0,0.0,0.0,0.0,0.0,0.0,0.0,0.0,0.0,0.0,0.0,0.0,0.0,0.0,0.0,0.0,0.0,0.0,Z,7
0.0,0.0,0.245614,0.175676,0.368421,0.452703,0.105263,0.662162,-0.27193,0.736486,0.008772,1.0,-0.157895,1.013514,-0.307018,1.067568,-0.447368,1.162162,-0.403509,0.952703,-0.657895,0.831081,-0.438596,0.486486,-0.280702,0.513514,-0.719298,0.824324,-0.973684,0.668919,-0.72807,0.398649,-0.561404,0.418919,-0.991228,0.648649,-1.149123,0.52027,-0.938596,0.351351,-0.77193,0.364865,0,0,0.0,0.0,0.0,0.0,0.0,0.0,0.0,0.0,0.0,0.0,0.0,0.0,0.0,0.0,0.0,0.0,0.0,0.0,0.0,0.0,0.0,0.0,0.0,0.0,0.0,0.0,0.0,0.0,0.0,0.0,0.0,0.0,0.0,0.0,0.0,0.0,0.0,0.0,0.0,0.0,0.0,0.0,Z,7
0.0,0.0,0.256637,0.195946,0.353982,0.466216,0.079646,0.655405,-0.300885,0.702703,-0.017699,1.0,-0.176991,1.0,-0.309735,1.040541,-0.433628,1.128378,-0.433628,0.945946,-0.672566,0.817568,-0.460177,0.47973,-0.309735,0.493243,-0.761062,0.810811,-0.99115,0.648649,-0.743363,0.385135,-0.584071,0.405405,-1.017699,0.621622,-1.168142,0.493243,-0.946903,0.331081,-0.778761,0.351351,0,0,0.0,0.0,0.0,0.0,0.0,0.0,0.0,0.0,0.0,0.0,0.0,0.0,0.0,0.0,0.0,0.0,0.0,0.0,0.0,0.0,0.0,0.0,0.0,0.0,0.0,0.0,0.0,0.0,0.0,0.0,0.0,0.0,0.0,0.0,0.0,0.0,0.0,0.0,0.0,0.0,0.0,0.0,Z,7
0.0,0.0,0.261261,0.190789,0.36036,0.467105,0.054054,0.651316,-0.36036,0.717105,-0.018018,1.0,-0.189189,1.0,-0.306306,1.019737,-0.423423,1.105263,-0.441441,0.934211,-0.684685,0.802632,-0.45045,0.480263,-0.297297,0.506579,-0.756757,0.802632,-1.009009,0.638158,-0.738739,0.375,-0.567568,0.401316,-1.018018,0.611842,-1.18018,0.486842,-0.945946,0.328947,-0.774775,0.348684,0,0,0.0,0.0,0.0,0.0,0.0,0.0,0.0,0.0,0.0,0.0,0.0,0.0,0.0,0.0,0.0,0.0,0.0,0.0,0.0,0.0,0.0,0.0,0.0,0.0,0.0,0.0,0.0,0.0,0.0,0.0,0.0,0.0,0.0,0.0,0.0,0.0,0.0,0.0,0.0,0.0,0.0,0.0,Z,7
0.0,0.0,0.247788,0.187919,0.362832,0.463087,0.044248,0.657718,-0.362832,0.711409,-0.017699,1.0,-0.20354,1.0,-0.318584,1.026846,-0.433628,1.107383,-0.433628,0.939597,-0.681416,0.825503,-0.460177,0.489933,-0.300885,0.510067,-0.752212,0.805369,-1.0,0.651007,-0.743363,0.389262,-0.566372,0.402685,-1.017699,0.61745,-1.176991,0.496644,-0.946903,0.33557,-0.778761,0.355705,0,0,0.0,0.0,0.0,0.0,0.0,0.0,0.0,0.0,0.0,0.0,0.0,0.0,0.0,0.0,0.0,0.0,0.0,0.0,0.0,0.0,0.0,0.0,0.0,0.0,0.0,0.0,0.0,0.0,0.0,0.0,0.0,0.0,0.0,0.0,0.0,0.0,0.0,0.0,0.0,0.0,0.0,0.0,Z,7
0.0,0.0,0.275229,0.191781,0.412844,0.472603,0.100917,0.671233,-0.293578,0.726027,0.0,1.0,-0.183486,1.027397,-0.311927,1.061644,-0.431193,1.143836,-0.412844,0.938356,-0.678899,0.835616,-0.458716,0.506849,-0.284404,0.506849,-0.733945,0.808219,-1.0,0.671233,-0.743119,0.40411,-0.550459,0.40411,-1.0,0.630137,-1.174312,0.527397,-0.954128,0.349315,-0.761468,0.356164,0,0,0.0,0.0,0.0,0.0,0.0,0.0,0.0,0.0,0.0,0.0,0.0,0.0,0.0,0.0,0.0,0.0,0.0,0.0,0.0,0.0,0.0,0.0,0.0,0.0,0.0,0.0,0.0,0.0,0.0,0.0,0.0,0.0,0.0,0.0,0.0,0.0,0.0,0.0,0.0,0.0,0.0,0.0,Z,7
0.0,0.0,0.281818,0.195946,0.4,0.47973,0.081818,0.675676,-0.318182,0.736486,0.009091,1.0,-0.181818,1.027027,-0.3,1.054054,-0.427273,1.135135,-0.409091,0.932432,-0.672727,0.844595,-0.445455,0.506757,-0.3,0.540541,-0.727273,0.804054,-1.009091,0.682432,-0.754545,0.412162,-0.572727,0.432432,-0.990909,0.621622,-1.190909,0.52027,-0.972727,0.358108,-0.781818,0.371622,0,0,0.0,0.0,0.0,0.0,0.0,0.0,0.0,0.0,0.0,0.0,0.0,0.0,0.0,0.0,0.0,0.0,0.0,0.0,0.0,0.0,0.0,0.0,0.0,0.0,0.0,0.0,0.0,0.0,0.0,0.0,0.0,0.0,0.0,0.0,0.0,0.0,0.0,0.0,0.0,0.0,0.0,0.0,Z,7
0.0,0.0,0.277778,0.18543,0.416667,0.463576,0.111111,0.662252,-0.305556,0.715232,0.0,1.0,-0.203704,1.019868,-0.305556,1.02649,-0.407407,1.099338,-0.416667,0.933775,-0.685185,0.834437,-0.444444,0.509934,-0.287037,0.543046,-0.731481,0.807947,-1.018519,0.675497,-0.75,0.410596,-0.574074,0.437086,-1.0,0.629139,-1.203704,0.516556,-0.962963,0.350993,-0.777778,0.370861,0,0,0.0,0.0,0.0,0.0,0.0,0.0,0.0,0.0,0.0,0.0,0.0,0.0,0.0,0.0,0.0,0.0,0.0,0.0,0.0,0.0,0.0,0.0,0.0,0.0,0.0,0.0,0.0,0.0,0.0,0.0,0.0,0.0,0.0,0.0,0.0,0.0,0.0,0.0,0.0,0.0,0.0,0.0,Z,7
0.0,0.0,0.27027,0.174497,0.423423,0.449664,0.117117,0.651007,-0.297297,0.711409,0.009009,1.0,-0.171171,1.006711,-0.261261,1.020134,-0.369369,1.107383,-0.396396,0.939597,-0.657658,0.798658,-0.405405,0.47651,-0.261261,0.52349,-0.711712,0.818792,-0.981982,0.644295,-0.711712,0.38255,-0.540541,0.416107,-0.990991,0.644295,-1.162162,0.510067,-0.936937,0.33557,-0.756757,0.362416,0,0,0.0,0.0,0.0,0.0,0.0,0.0,0.0,0.0,0.0,0.0,0.0,0.0,0.0,0.0,0.0,0.0,0.0,0.0,0.0,0.0,0.0,0.0,0.0,0.0,0.0,0.0,0.0,0.0,0.0,0.0,0.0,0.0,0.0,0.0,0.0,0.0,0.0,0.0,0.0,0.0,0.0,0.0,Z,7
0.0,0.0,0.265487,0.175325,0.40708,0.441558,0.115044,0.636364,-0.309735,0.694805,0.017699,1.0,-0.159292,0.987013,-0.247788,1.0,-0.353982,1.090909,-0.389381,0.935065,-0.637168,0.792208,-0.380531,0.474026,-0.247788,0.545455,-0.707965,0.811688,-0.964602,0.649351,-0.699115,0.38961,-0.557522,0.441558,-0.982301,0.649351,-1.141593,0.506494,-0.920354,0.350649,-0.769912,0.38961,0,0,0.0,0.0,0.0,0.0,0.0,0.0,0.0,0.0,0.0,0.0,0.0,0.0,0.0,0.0,0.0,0.0,0.0,0.0,0.0,0.0,0.0,0.0,0.0,0.0,0.0,0.0,0.0,0.0,0.0,0.0,0.0,0.0,0.0,0.0,0.0,0.0,0.0,0.0,0.0,0.0,0.0,0.0,Z,7
0.0,0.0,0.315789,0.05303,0.675439,0.310606,0.850877,0.583333,0.859649,0.856061,0.473684,1.0,0.72807,1.356061,0.95614,1.606061,1.105263,1.848485,0.122807,1.060606,0.526316,1.068182,0.517544,0.606061,0.394737,0.522727,-0.201754,0.969697,0.184211,0.886364,0.22807,0.484848,0.114035,0.424242,-0.526316,0.795455,-0.192982,0.712121,-0.070175,0.401515,-0.131579,0.333333,0,0,0.0,0.0,0.0,0.0,0.0,0.0,0.0,0.0,0.0,0.0,0.0,0.0,0.0,0.0,0.0,0.0,0.0,0.0,0.0,0.0,0.0,0.0,0.0,0.0,0.0,0.0,0.0,0.0,0.0,0.0,0.0,0.0,0.0,0.0,0.0,0.0,0.0,0.0,0.0,0.0,0.0,0.0,Z,8
0.0,0.0,0.396552,0.108108,0.758621,0.337838,0.931034,0.574324,0.939655,0.804054,0.568966,1.0,0.862069,1.317568,1.086207,1.567568,1.241379,1.763514,0.189655,1.040541,0.637931,1.067568,0.655172,0.648649,0.534483,0.52027,-0.137931,0.952703,0.293103,0.864865,0.310345,0.506757,0.189655,0.439189,-0.431034,0.77027,-0.086207,0.682432,0.017241,0.418919,-0.051724,0.364865,0,0,0.0,0.0,0.0,0.0,0.0,0.0,0.0,0.0,0.0,0.0,0.0,0.0,0.0,0.0,0.0,0.0,0.0,0.0,0.0,0.0,0.0,0.0,0.0,0.0,0.0,0.0,0.0,0.0,0.0,0.0,0.0,0.0,0.0,0.0,0.0,0.0,0.0,0.0,0.0,0.0,0.0,0.0,Z,8
0.0,0.0,0.440678,0.12,0.805085,0.346667,0.983051,0.586667,1.016949,0.813333,0.644068,1.0,0.932203,1.333333,1.152542,1.58,1.29661,1.78,0.262712,1.033333,0.694915,1.093333,0.711864,0.673333,0.59322,0.56,-0.059322,0.96,0.355932,0.873333,0.372881,0.52,0.254237,0.46,-0.355932,0.8,0.0,0.706667,0.084746,0.453333,0.008475,0.413333,0,0,0.0,0.0,0.0,0.0,0.0,0.0,0.0,0.0,0.0,0.0,0.0,0.0,0.0,0.0,0.0,0.0,0.0,0.0,0.0,0.0,0.0,0.0,0.0,0.0,0.0,0.0,0.0,0.0,0.0,0.0,0.0,0.0,0.0,0.0,0.0,0.0,0.0,0.0,0.0,0.0,0.0,0.0,Z,8
0.0,0.0,0.458333,0.112583,0.825,0.337748,1.008333,0.569536,1.016667,0.801325,0.675,1.0,0.966667,1.344371,1.175,1.589404,1.3,1.794702,0.3,1.039735,0.708333,1.099338,0.725,0.675497,0.616667,0.556291,-0.025,0.966887,0.375,0.887417,0.391667,0.529801,0.275,0.476821,-0.325,0.807947,0.025,0.715232,0.1,0.456954,0.025,0.417219,0,0,0.0,0.0,0.0,0.0,0.0,0.0,0.0,0.0,0.0,0.0,0.0,0.0,0.0,0.0,0.0,0.0,0.0,0.0,0.0,0.0,0.0,0.0,0.0,0.0,0.0,0.0,0.0,0.0,0.0,0.0,0.0,0.0,0.0,0.0,0.0,0.0,0.0,0.0,0.0,0.0,0.0,0.0,Z,8
0.0,0.0,0.475,0.12987,0.85,0.357143,1.05,0.590909,0.991667,0.805195,0.658333,1.0,0.958333,1.331169,1.175,1.571429,1.3,1.779221,0.291667,1.032468,0.691667,1.077922,0.7,0.675325,0.591667,0.551948,-0.041667,0.954545,0.358333,0.88961,0.383333,0.538961,0.275,0.467532,-0.341667,0.798701,0.016667,0.720779,0.108333,0.467532,0.041667,0.409091,0,0,0.0,0.0,0.0,0.0,0.0,0.0,0.0,0.0,0.0,0.0,0.0,0.0,0.0,0.0,0.0,0.0,0.0,0.0,0.0,0.0,0.0,0.0,0.0,0.0,0.0,0.0,0.0,0.0,0.0,0.0,0.0,0.0,0.0,0.0,0.0,0.0,0.0,0.0,0.0,0.0,0.0,0.0,Z,8
0.0,0.0,0.467213,0.12987,0.827869,0.350649,1.016393,0.571429,1.0,0.798701,0.680328,1.0,0.97541,1.337662,1.180328,1.577922,1.311475,1.785714,0.303279,1.038961,0.704918,1.084416,0.704918,0.675325,0.590164,0.564935,-0.02459,0.961039,0.377049,0.902597,0.393443,0.545455,0.286885,0.487013,-0.319672,0.805195,0.032787,0.727273,0.131148,0.467532,0.065574,0.415584,0,0,0.0,0.0,0.0,0.0,0.0,0.0,0.0,0.0,0.0,0.0,0.0,0.0,0.0,0.0,0.0,0.0,0.0,0.0,0.0,0.0,0.0,0.0,0.0,0.0,0.0,0.0,0.0,0.0,0.0,0.0,0.0,0.0,0.0,0.0,0.0,0.0,0.0,0.0,0.0,0.0,0.0,0.0,Z,8
0.0,0.0,0.459677,0.135484,0.830645,0.354839,1.008065,0.580645,0.975806,0.8,0.669355,1.0,0.959677,1.335484,1.16129,1.580645,1.282258,1.787097,0.298387,1.032258,0.685484,1.090323,0.685484,0.677419,0.580645,0.56129,-0.032258,0.954839,0.362903,0.896774,0.379032,0.535484,0.266129,0.470968,-0.330645,0.806452,0.016129,0.729032,0.112903,0.470968,0.048387,0.412903,0,0,0.0,0.0,0.0,0.0,0.0,0.0,0.0,0.0,0.0,0.0,0.0,0.0,0.0,0.0,0.0,0.0,0.0,0.0,0.0,0.0,0.0,0.0,0.0,0.0,0.0,0.0,0.0,0.0,0.0,0.0,0.0,0.0,0.0,0.0,0.0,0.0,0.0,0.0,0.0,0.0,0.0,0.0,Z,8
0.0,0.0,0.459677,0.121795,0.806452,0.352564,1.0,0.583333,0.975806,0.814103,0.669355,1.0,0.967742,1.333333,1.169355,1.576923,1.298387,1.782051,0.290323,1.032051,0.685484,1.083333,0.685484,0.679487,0.580645,0.570513,-0.032258,0.955128,0.354839,0.897436,0.379032,0.538462,0.274194,0.467949,-0.330645,0.807692,0.024194,0.737179,0.120968,0.474359,0.064516,0.410256,0,0,0.0,0.0,0.0,0.0,0.0,0.0,0.0,0.0,0.0,0.0,0.0,0.0,0.0,0.0,0.0,0.0,0.0,0.0,0.0,0.0,0.0,0.0,0.0,0.0,0.0,0.0,0.0,0.0,0.0,0.0,0.0,0.0,0.0,0.0,0.0,0.0,0.0,0.0,0.0,0.0,0.0,0.0,Z,8
0.0,0.0,0.285714,0.046154,0.630252,0.307692,0.815126,0.576923,0.781513,0.853846,0.470588,1.0,0.697479,1.338462,0.907563,1.584615,1.033613,1.815385,0.12605,1.061538,0.478992,1.092308,0.470588,0.623077,0.369748,0.530769,-0.201681,0.976923,0.142857,0.915385,0.193277,0.492308,0.109244,0.407692,-0.529412,0.792308,-0.226891,0.738462,-0.092437,0.415385,-0.134454,0.323077,-0.24369747899159663,0.18461538461538463,0.0,0.0,0.471545,0.128205,0.829268,0.352564,1.00813,0.583333,0.99187,0.814103,0.691057,1.0,0.98374,1.333333,1.195122,1.576923,1.317073,1.782051,0.317073,1.038462,0.682927,1.070513,0.682927,0.673077,0.577236,0.570513,-0.00813,0.961538,0.365854,0.897436,0.390244,0.544872,0.276423,0.480769,-0.308943,0.814103,0.03252,0.730769,0.121951,0.480769,0.056911,0.423077,Z,8
0.0,0.0,0.464,0.134615,0.808,0.352564,0.992,0.583333,0.952,0.807692,0.664,1.0,0.96,1.333333,1.16,1.576923,1.288,1.788462,0.288,1.032051,0.664,1.064103,0.656,0.653846,0.536,0.564103,-0.04,0.955128,0.336,0.878205,0.352,0.525641,0.24,0.474359,-0.336,0.807692,0.008,0.711538,0.096,0.461538,0.024,0.416667,0,0,0.0,0.0,0.0,0.0,0.0,0.0,0.0,0.0,0.0,0.0,0.0,0.0,0.0,0.0,0.0,0.0,0.0,0.0,0.0,0.0,0.0,0.0,0.0,0.0,0.0,0.0,0.0,0.0,0.0,0.0,0.0,0.0,0.0,0.0,0.0,0.0,0.0,0.0,0.0,0.0,0.0,0.0,Z,8
0.0,0.0,0.444444,0.123377,0.777778,0.350649,0.952381,0.590909,0.936508,0.831169,0.674603,1.0,0.960317,1.337662,1.15873,1.590909,1.277778,1.805195,0.301587,1.038961,0.666667,1.090909,0.65873,0.675325,0.547619,0.571429,-0.02381,0.967532,0.34127,0.883117,0.349206,0.519481,0.246032,0.474026,-0.325397,0.824675,0.007937,0.727273,0.087302,0.467532,0.015873,0.435065,0,0,0.0,0.0,0.0,0.0,0.0,0.0,0.0,0.0,0.0,0.0,0.0,0.0,0.0,0.0,0.0,0.0,0.0,0.0,0.0,0.0,0.0,0.0,0.0,0.0,0.0,0.0,0.0,0.0,0.0,0.0,0.0,0.0,0.0,0.0,0.0,0.0,0.0,0.0,0.0,0.0,0.0,0.0,Z,8
0.0,0.0,0.278689,0.039683,0.631148,0.285714,0.786885,0.555556,0.770492,0.84127,0.459016,1.0,0.647541,1.325397,0.852459,1.587302,0.967213,1.833333,0.114754,1.063492,0.393443,1.111111,0.409836,0.642857,0.319672,0.5,-0.213115,0.984127,0.057377,0.920635,0.131148,0.507937,0.065574,0.404762,-0.540984,0.809524,-0.278689,0.746032,-0.139344,0.428571,-0.155738,0.325397,-0.23770491803278687,0.19047619047619047,0.0,0.0,0.456,0.123377,0.816,0.344156,1.0,0.577922,0.976,0.811688,0.688,1.0,0.976,1.337662,1.184,1.584416,1.312,1.798701,0.312,1.038961,0.68,1.084416,0.664,0.662338,0.552,0.571429,-0.016,0.967532,0.352,0.883117,0.36,0.525974,0.248,0.480519,-0.312,0.818182,0.016,0.720779,0.096,0.467532,0.024,0.435065,Z,8
0.0,0.0,0.448,0.127389,0.8,0.356688,0.992,0.585987,1.024,0.789809,0.664,1.0,0.96,1.324841,1.168,1.56051,1.296,1.770701,0.288,1.031847,0.664,1.063694,0.672,0.66242,0.56,0.566879,-0.032,0.955414,0.328,0.872611,0.352,0.522293,0.248,0.477707,-0.336,0.802548,-0.008,0.713376,0.096,0.471338,0.032,0.426752,0,0,0.0,0.0,0.0,0.0,0.0,0.0,0.0,0.0,0.0,0.0,0.0,0.0,0.0,0.0,0.0,0.0,0.0,0.0,0.0,0.0,0.0,0.0,0.0,0.0,0.0,0.0,0.0,0.0,0.0,0.0,0.0,0.0,0.0,0.0,0.0,0.0,0.0,0.0,0.0,0.0,0.0,0.0,Z,8
0.0,0.0,0.313559,0.031496,0.711864,0.307087,0.889831,0.566929,0.872881,0.84252,0.483051,1.0,0.728814,1.259843,0.915254,1.409449,1.016949,1.574803,0.135593,1.055118,0.381356,1.086614,0.398305,0.692913,0.322034,0.527559,-0.194915,0.96063,0.050847,0.913386,0.127119,0.566929,0.076271,0.440945,-0.516949,0.787402,-0.262712,0.748031,-0.135593,0.456693,-0.127119,0.307087,-0.16101694915254236,0.1889763779527559,0.0,0.0,0.451613,0.121795,0.822581,0.365385,0.983871,0.602564,0.927419,0.833333,0.66129,1.0,0.967742,1.339744,1.185484,1.576923,1.330645,1.782051,0.290323,1.038462,0.653226,1.032051,0.645161,0.666667,0.524194,0.551282,-0.032258,0.955128,0.322581,0.852564,0.33871,0.544872,0.241935,0.480769,-0.33871,0.807692,-0.032258,0.717949,0.072581,0.487179,0.040323,0.423077,Z,8
0.0,0.0,0.432,0.117284,0.792,0.382716,0.92,0.623457,0.888,0.814815,0.584,1.0,0.872,1.339506,1.096,1.561728,1.264,1.759259,0.208,1.024691,0.528,0.975309,0.536,0.654321,0.432,0.561728,-0.112,0.925926,0.224,0.820988,0.272,0.530864,0.192,0.45679,-0.416,0.765432,-0.128,0.691358,0.008,0.469136,0.008,0.395062,0,0,0.0,0.0,0.0,0.0,0.0,0.0,0.0,0.0,0.0,0.0,0.0,0.0,0.0,0.0,0.0,0.0,0.0,0.0,0.0,0.0,0.0,0.0,0.0,0.0,0.0,0.0,0.0,0.0,0.0,0.0,0.0,0.0,0.0,0.0,0.0,0.0,0.0,0.0,0.0,0.0,0.0,0.0,Z,8
0.0,0.0,0.424,0.128049,0.792,0.432927,0.816,0.689024,0.768,0.890244,0.52,1.0,0.736,1.353659,0.92,1.579268,1.048,1.792683,0.136,1.0,0.4,0.993902,0.456,0.689024,0.392,0.634146,-0.184,0.914634,0.08,0.865854,0.168,0.579268,0.12,0.52439,-0.48,0.762195,-0.24,0.719512,-0.08,0.5,-0.056,0.432927,0,0,0.0,0.0,0.0,0.0,0.0,0.0,0.0,0.0,0.0,0.0,0.0,0.0,0.0,0.0,0.0,0.0,0.0,0.0,0.0,0.0,0.0,0.0,0.0,0.0,0.0,0.0,0.0,0.0,0.0,0.0,0.0,0.0,0.0,0.0,0.0,0.0,0.0,0.0,0.0,0.0,0.0,0.0,Z,8
0.0,0.0,0.420635,0.166667,0.857143,0.462963,0.84127,0.746914,0.571429,0.888889,0.531746,1.0,0.706349,1.32716,0.809524,1.45679,0.904762,1.604938,0.166667,0.975309,0.301587,1.092593,0.380952,0.777778,0.365079,0.703704,-0.150794,0.882716,-0.055556,0.938272,0.055556,0.648148,0.047619,0.567901,-0.468254,0.734568,-0.373016,0.771605,-0.214286,0.555556,-0.18254,0.469136,0,0,0.0,0.0,0.0,0.0,0.0,0.0,0.0,0.0,0.0,0.0,0.0,0.0,0.0,0.0,0.0,0.0,0.0,0.0,0.0,0.0,0.0,0.0,0.0,0.0,0.0,0.0,0.0,0.0,0.0,0.0,0.0,0.0,0.0,0.0,0.0,0.0,0.0,0.0,0.0,0.0,0.0,0.0,Z,8
0.0,0.0,0.351145,0.18125,0.694656,0.49375,0.770992,0.775,0.694656,1.00625,0.389313,1.0,0.526718,1.3875,0.633588,1.625,0.70229,1.825,0.030534,0.98125,0.160305,1.10625,0.21374,0.7875,0.183206,0.69375,-0.290076,0.89375,-0.160305,0.95625,-0.068702,0.65625,-0.083969,0.5625,-0.610687,0.75,-0.473282,0.78125,-0.320611,0.5625,-0.290076,0.475,0,0,0.0,0.0,0.0,0.0,0.0,0.0,0.0,0.0,0.0,0.0,0.0,0.0,0.0,0.0,0.0,0.0,0.0,0.0,0.0,0.0,0.0,0.0,0.0,0.0,0.0,0.0,0.0,0.0,0.0,0.0,0.0,0.0,0.0,0.0,0.0,0.0,0.0,0.0,0.0,0.0,0.0,0.0,Z,8
0.0,0.0,0.333333,0.190476,0.658537,0.505952,0.585366,0.761905,0.276423,0.863095,0.235772,1.0,0.333333,1.386905,0.398374,1.636905,0.430894,1.85119,-0.130081,0.946429,-0.04065,1.10119,0.105691,0.815476,0.130081,0.690476,-0.439024,0.827381,-0.382114,0.934524,-0.219512,0.684524,-0.203252,0.565476,-0.764228,0.654762,-0.682927,0.744048,-0.504065,0.571429,-0.463415,0.470238,0,0,0.0,0.0,0.0,0.0,0.0,0.0,0.0,0.0,0.0,0.0,0.0,0.0,0.0,0.0,0.0,0.0,0.0,0.0,0.0,0.0,0.0,0.0,0.0,0.0,0.0,0.0,0.0,0.0,0.0,0.0,0.0,0.0,0.0,0.0,0.0,0.0,0.0,0.0,0.0,0.0,0.0,0.0,Z,8
0.0,0.0,0.338983,0.232143,0.635593,0.589286,0.466102,0.857143,0.09322,0.928571,0.161017,1.0,0.20339,1.404762,0.228814,1.672619,0.245763,1.886905,-0.211864,0.940476,-0.211864,1.10119,0.008475,0.863095,0.144068,0.708333,-0.525424,0.827381,-0.559322,0.946429,-0.347458,0.732143,-0.237288,0.583333,-0.838983,0.660714,-0.838983,0.75,-0.644068,0.607143,-0.533898,0.5,0,0,0.0,0.0,0.0,0.0,0.0,0.0,0.0,0.0,0.0,0.0,0.0,0.0,0.0,0.0,0.0,0.0,0.0,0.0,0.0,0.0,0.0,0.0,0.0,0.0,0.0,0.0,0.0,0.0,0.0,0.0,0.0,0.0,0.0,0.0,0.0,0.0,0.0,0.0,0.0,0.0,0.0,0.0,Z,8
0.0,0.0,0.357798,0.245614,0.568807,0.608187,0.348624,0.865497,-0.06422,0.923977,0.100917,1.0,0.082569,1.403509,0.036697,1.666667,-0.036697,1.900585,-0.293578,0.923977,-0.477064,1.134503,-0.220183,0.883041,-0.045872,0.695906,-0.614679,0.77193,-0.752294,0.912281,-0.477064,0.690058,-0.330275,0.549708,-0.899083,0.561404,-0.972477,0.690058,-0.715596,0.549708,-0.568807,0.444444,0,0,0.0,0.0,0.0,0.0,0.0,0.0,0.0,0.0,0.0,0.0,0.0,0.0,0.0,0.0,0.0,0.0,0.0,0.0,0.0,0.0,0.0,0.0,0.0,0.0,0.0,0.0,0.0,0.0,0.0,0.0,0.0,0.0,0.0,0.0,0.0,0.0,0.0,0.0,0.0,0.0,0.0,0.0,Z,8
0.0,0.0,0.342593,0.244186,0.527778,0.604651,0.259259,0.831395,-0.175926,0.901163,0.0,1.0,-0.083333,1.395349,-0.138889,1.656977,-0.212963,1.901163,-0.407407,0.901163,-0.611111,1.098837,-0.333333,0.80814,-0.138889,0.639535,-0.731481,0.732558,-0.898148,0.848837,-0.564815,0.593023,-0.398148,0.482558,-1.0,0.517442,-1.12037,0.633721,-0.805556,0.47093,-0.638889,0.383721,0,0,0.0,0.0,0.0,0.0,0.0,0.0,0.0,0.0,0.0,0.0,0.0,0.0,0.0,0.0,0.0,0.0,0.0,0.0,0.0,0.0,0.0,0.0,0.0,0.0,0.0,0.0,0.0,0.0,0.0,0.0,0.0,0.0,0.0,0.0,0.0,0.0,0.0,0.0,0.0,0.0,0.0,0.0,Z,8
0.0,0.0,0.342857,0.270115,0.504762,0.614943,0.238095,0.821839,-0.2,0.885057,-0.066667,1.0,-0.171429,1.390805,-0.27619,1.655172,-0.390476,1.885057,-0.485714,0.885057,-0.695238,1.091954,-0.419048,0.781609,-0.238095,0.62069,-0.8,0.712644,-1.009524,0.827586,-0.666667,0.58046,-0.495238,0.471264,-1.066667,0.5,-1.228571,0.609195,-0.904762,0.436782,-0.733333,0.362069,0,0,0.0,0.0,0.0,0.0,0.0,0.0,0.0,0.0,0.0,0.0,0.0,0.0,0.0,0.0,0.0,0.0,0.0,0.0,0.0,0.0,0.0,0.0,0.0,0.0,0.0,0.0,0.0,0.0,0.0,0.0,0.0,0.0,0.0,0.0,0.0,0.0,0.0,0.0,0.0,0.0,0.0,0.0,Z,8
0.0,0.0,0.352941,0.265896,0.490196,0.595376,0.22549,0.786127,-0.186275,0.872832,-0.098039,1.0,-0.215686,1.393064,-0.343137,1.65896,-0.460784,1.884393,-0.519608,0.872832,-0.754902,1.080925,-0.490196,0.774566,-0.303922,0.624277,-0.843137,0.699422,-1.068627,0.815029,-0.735294,0.566474,-0.529412,0.468208,-1.098039,0.485549,-1.27451,0.572254,-0.95098,0.410405,-0.754902,0.346821,0,0,0.0,0.0,0.0,0.0,0.0,0.0,0.0,0.0,0.0,0.0,0.0,0.0,0.0,0.0,0.0,0.0,0.0,0.0,0.0,0.0,0.0,0.0,0.0,0.0,0.0,0.0,0.0,0.0,0.0,0.0,0.0,0.0,0.0,0.0,0.0,0.0,0.0,0.0,0.0,0.0,0.0,0.0,Z,8
0.0,0.0,0.342857,0.261364,0.504762,0.585227,0.266667,0.795455,-0.161905,0.880682,-0.047619,1.0,-0.161905,1.369318,-0.285714,1.636364,-0.419048,1.863636,-0.457143,0.886364,-0.695238,1.068182,-0.409524,0.75,-0.190476,0.602273,-0.790476,0.715909,-1.009524,0.8125,-0.647619,0.556818,-0.428571,0.448864,-1.047619,0.5,-1.219048,0.590909,-0.895238,0.426136,-0.67619,0.352273,0,0,0.0,0.0,0.0,0.0,0.0,0.0,0.0,0.0,0.0,0.0,0.0,0.0,0.0,0.0,0.0,0.0,0.0,0.0,0.0,0.0,0.0,0.0,0.0,0.0,0.0,0.0,0.0,0.0,0.0,0.0,0.0,0.0,0.0,0.0,0.0,0.0,0.0,0.0,0.0,0.0,0.0,0.0,Z,8
0.0,0.0,0.327434,0.255682,0.477876,0.590909,0.256637,0.829545,-0.123894,0.903409,-0.026549,1.0,-0.115044,1.369318,-0.212389,1.625,-0.318584,1.852273,-0.424779,0.931818,-0.59292,1.085227,-0.318584,0.795455,-0.106195,0.613636,-0.752212,0.795455,-0.858407,0.846591,-0.548673,0.619318,-0.336283,0.5,-1.026549,0.602273,-1.088496,0.636364,-0.787611,0.5,-0.59292,0.426136,0,0,0.0,0.0,0.0,0.0,0.0,0.0,0.0,0.0,0.0,0.0,0.0,0.0,0.0,0.0,0.0,0.0,0.0,0.0,0.0,0.0,0.0,0.0,0.0,0.0,0.0,0.0,0.0,0.0,0.0,0.0,0.0,0.0,0.0,0.0,0.0,0.0,0.0,0.0,0.0,0.0,0.0,0.0,Z,8
0.0,0.0,0.330435,0.264706,0.469565,0.582353,0.243478,0.805882,-0.095652,0.9,0.008696,1.0,-0.078261,1.376471,-0.165217,1.623529,-0.252174,1.835294,-0.382609,0.923529,-0.434783,1.047059,-0.173913,0.794118,0.026087,0.6,-0.713043,0.776471,-0.686957,0.817647,-0.408696,0.6,-0.217391,0.447059,-0.991304,0.582353,-0.93913,0.617647,-0.678261,0.476471,-0.513043,0.382353,0,0,0.0,0.0,0.0,0.0,0.0,0.0,0.0,0.0,0.0,0.0,0.0,0.0,0.0,0.0,0.0,0.0,0.0,0.0,0.0,0.0,0.0,0.0,0.0,0.0,0.0,0.0,0.0,0.0,0.0,0.0,0.0,0.0,0.0,0.0,0.0,0.0,0.0,0.0,0.0,0.0,0.0,0.0,Z,8
0.0,0.0,0.303279,0.214286,0.557377,0.505952,0.434426,0.714286,0.147541,0.785714,0.02459,1.0,0.0,1.333333,-0.057377,1.565476,-0.106557,1.761905,-0.352459,0.952381,-0.344262,0.958333,-0.106557,0.690476,0.106557,0.52381,-0.680328,0.821429,-0.639344,0.779762,-0.418033,0.541667,-0.221311,0.386905,-0.97541,0.630952,-0.967213,0.619048,-0.745902,0.458333,-0.565574,0.357143,0,0,0.0,0.0,0.0,0.0,0.0,0.0,0.0,0.0,0.0,0.0,0.0,0.0,0.0,0.0,0.0,0.0,0.0,0.0,0.0,0.0,0.0,0.0,0.0,0.0,0.0,0.0,0.0,0.0,0.0,0.0,0.0,0.0,0.0,0.0,0.0,0.0,0.0,0.0,0.0,0.0,0.0,0.0,Z,8
0.0,0.0,0.46,0.267857,0.74,0.660714,0.61,0.97619,0.49,1.208333,0.0,1.0,-0.31,0.994048,-0.15,0.767857,0.08,0.613095,-0.4,0.910714,-0.64,0.892857,-0.47,0.684524,-0.24,0.565476,-0.72,0.767857,-0.93,0.761905,-0.73,0.571429,-0.5,0.446429,-1.0,0.595238,-1.26,0.642857,-1.09,0.488095,-0.86,0.380952,0,0,0.0,0.0,0.0,0.0,0.0,0.0,0.0,0.0,0.0,0.0,0.0,0.0,0.0,0.0,0.0,0.0,0.0,0.0,0.0,0.0,0.0,0.0,0.0,0.0,0.0,0.0,0.0,0.0,0.0,0.0,0.0,0.0,0.0,0.0,0.0,0.0,0.0,0.0,0.0,0.0,0.0,0.0,Z,8
0.0,0.0,0.403101,0.241379,0.651163,0.682759,0.55814,1.041379,0.317829,1.234483,0.472868,1.0,0.488372,1.462069,0.449612,1.717241,0.434109,1.882759,0.147287,0.944828,-0.139535,1.227586,-0.209302,1.082759,-0.155039,0.944828,-0.20155,0.82069,-0.48062,1.089655,-0.465116,0.931034,-0.372093,0.786207,-0.527132,0.648276,-0.751938,0.855172,-0.674419,0.731034,-0.550388,0.62069,0,0,0.0,0.0,0.0,0.0,0.0,0.0,0.0,0.0,0.0,0.0,0.0,0.0,0.0,0.0,0.0,0.0,0.0,0.0,0.0,0.0,0.0,0.0,0.0,0.0,0.0,0.0,0.0,0.0,0.0,0.0,0.0,0.0,0.0,0.0,0.0,0.0,0.0,0.0,0.0,0.0,0.0,0.0,Z,8
0.0,0.0,0.421875,0.19337,0.734375,0.359116,0.835938,0.486188,0.820312,0.519337,0.34375,1.0,0.554688,0.98895,0.617188,0.729282,0.617188,0.635359,-0.054688,0.961326,0.289062,0.801105,0.414062,0.535912,0.40625,0.491713,-0.390625,0.828729,0.0,0.60221,0.164062,0.38674,0.164062,0.359116,-0.65625,0.646409,-0.320312,0.491713,-0.164062,0.337017,-0.132812,0.309392,0,0,0.0,0.0,0.0,0.0,0.0,0.0,0.0,0.0,0.0,0.0,0.0,0.0,0.0,0.0,0.0,0.0,0.0,0.0,0.0,0.0,0.0,0.0,0.0,0.0,0.0,0.0,0.0,0.0,0.0,0.0,0.0,0.0,0.0,0.0,0.0,0.0,0.0,0.0,0.0,0.0,0.0,0.0,Z,8
0.0,0.0,0.308642,0.777778,0.37037,1.6,0.259259,2.333333,0.098765,2.866667,0.864198,1.0,0.814815,2.244444,0.716049,2.977778,0.641975,3.466667,0.679012,0.422222,0.271605,1.822222,-0.283951,2.688889,-0.666667,3.088889,0.320988,-0.044444,-0.17284,1.155556,-0.703704,2.066667,-1.049383,2.511111,-0.135802,-0.377778,-0.641975,0.533333,-1.0,1.244444,-1.209877,1.622222,-0.7037037037037037,0.8666666666666667,0.0,0.0,0.527778,0.169591,0.925926,0.374269,1.101852,0.526316,1.203704,0.643275,0.583333,1.0,0.898148,1.040936,1.111111,0.994152,1.259259,1.02924,0.185185,0.994152,0.666667,0.812865,0.759259,0.555556,0.685185,0.526316,-0.148148,0.853801,0.37037,0.596491,0.481481,0.368421,0.407407,0.350877,-0.416667,0.649123,0.0,0.403509,0.12963,0.263158,0.101852,0.269006,Z,8
0.0,0.0,0.491525,0.128378,0.898305,0.310811,1.118644,0.432432,1.237288,0.560811,0.720339,1.0,1.152542,1.155405,1.457627,1.277027,1.694915,1.398649,0.355932,1.027027,0.855932,0.763514,0.90678,0.432432,0.822034,0.371622,0.025424,0.898649,0.516949,0.560811,0.567797,0.277027,0.466102,0.263514,-0.279661,0.689189,0.101695,0.405405,0.20339,0.209459,0.152542,0.195946,0,0,0.0,0.0,0.0,0.0,0.0,0.0,0.0,0.0,0.0,0.0,0.0,0.0,0.0,0.0,0.0,0.0,0.0,0.0,0.0,0.0,0.0,0.0,0.0,0.0,0.0,0.0,0.0,0.0,0.0,0.0,0.0,0.0,0.0,0.0,0.0,0.0,0.0,0.0,0.0,0.0,0.0,0.0,Z,8
0.0,0.0,0.663636,0.141892,1.145455,0.385135,1.427273,0.608108,1.636364,0.831081,0.781818,1.0,1.309091,1.135135,1.663636,1.256757,1.927273,1.385135,0.4,1.047297,0.972727,0.736486,0.990909,0.371622,0.881818,0.290541,0.072727,0.905405,0.627273,0.5,0.6,0.216216,0.463636,0.216216,-0.218182,0.689189,0.190909,0.331081,0.245455,0.148649,0.163636,0.175676,0,0,0.0,0.0,0.0,0.0,0.0,0.0,0.0,0.0,0.0,0.0,0.0,0.0,0.0,0.0,0.0,0.0,0.0,0.0,0.0,0.0,0.0,0.0,0.0,0.0,0.0,0.0,0.0,0.0,0.0,0.0,0.0,0.0,0.0,0.0,0.0,0.0,0.0,0.0,0.0,0.0,0.0,0.0,Z,8
0.0,0.0,0.635593,0.132353,1.101695,0.382353,1.347458,0.661765,1.423729,0.941176,0.822034,1.0,1.29661,1.161765,1.610169,1.294118,1.855932,1.433824,0.449153,1.058824,0.966102,0.742647,0.949153,0.330882,0.847458,0.235294,0.118644,0.926471,0.59322,0.492647,0.576271,0.183824,0.466102,0.191176,-0.177966,0.720588,0.161017,0.352941,0.245763,0.139706,0.194915,0.154412,0,0,0.0,0.0,0.0,0.0,0.0,0.0,0.0,0.0,0.0,0.0,0.0,0.0,0.0,0.0,0.0,0.0,0.0,0.0,0.0,0.0,0.0,0.0,0.0,0.0,0.0,0.0,0.0,0.0,0.0,0.0,0.0,0.0,0.0,0.0,0.0,0.0,0.0,0.0,0.0,0.0,0.0,0.0,Z,8
0.0,0.0,0.593496,0.093023,1.0,0.232558,1.211382,0.356589,1.268293,0.472868,0.861789,1.0,1.317073,1.147287,1.609756,1.294574,1.837398,1.44186,0.495935,1.069767,0.97561,0.751938,0.95935,0.302326,0.869919,0.186047,0.154472,0.930233,0.593496,0.472868,0.585366,0.147287,0.487805,0.139535,-0.138211,0.72093,0.186992,0.333333,0.276423,0.108527,0.235772,0.116279,0,0,0.0,0.0,0.0,0.0,0.0,0.0,0.0,0.0,0.0,0.0,0.0,0.0,0.0,0.0,0.0,0.0,0.0,0.0,0.0,0.0,0.0,0.0,0.0,0.0,0.0,0.0,0.0,0.0,0.0,0.0,0.0,0.0,0.0,0.0,0.0,0.0,0.0,0.0,0.0,0.0,0.0,0.0,Z,8
0.0,0.0,0.590164,0.094488,0.983607,0.228346,1.221311,0.354331,1.319672,0.448819,0.893443,1.0,1.352459,1.125984,1.672131,1.267717,1.918033,1.401575,0.52459,1.07874,1.008197,0.740157,0.97541,0.283465,0.885246,0.181102,0.188525,0.937008,0.614754,0.433071,0.581967,0.102362,0.459016,0.125984,-0.106557,0.716535,0.221311,0.299213,0.286885,0.062992,0.229508,0.094488,0,0,0.0,0.0,0.0,0.0,0.0,0.0,0.0,0.0,0.0,0.0,0.0,0.0,0.0,0.0,0.0,0.0,0.0,0.0,0.0,0.0,0.0,0.0,0.0,0.0,0.0,0.0,0.0,0.0,0.0,0.0,0.0,0.0,0.0,0.0,0.0,0.0,0.0,0.0,0.0,0.0,0.0,0.0,Z,8
0.0,0.0,0.569106,0.108527,0.99187,0.27907,1.186992,0.449612,1.284553,0.604651,0.813008,1.0,1.252033,1.124031,1.569106,1.248062,1.821138,1.395349,0.439024,1.069767,0.918699,0.705426,0.853659,0.286822,0.739837,0.248062,0.105691,0.922481,0.544715,0.403101,0.504065,0.100775,0.398374,0.155039,-0.186992,0.682171,0.121951,0.286822,0.186992,0.062016,0.138211,0.093023,0,0,0.0,0.0,0.0,0.0,0.0,0.0,0.0,0.0,0.0,0.0,0.0,0.0,0.0,0.0,0.0,0.0,0.0,0.0,0.0,0.0,0.0,0.0,0.0,0.0,0.0,0.0,0.0,0.0,0.0,0.0,0.0,0.0,0.0,0.0,0.0,0.0,0.0,0.0,0.0,0.0,0.0,0.0,Z,8
0.0,0.0,0.504065,0.107692,0.943089,0.3,1.178862,0.476923,1.292683,0.661538,0.715447,1.0,1.138211,1.138462,1.463415,1.246154,1.723577,1.384615,0.341463,1.053846,0.723577,0.7,0.739837,0.369231,0.674797,0.353846,0.00813,0.907692,0.382114,0.438462,0.398374,0.223077,0.308943,0.292308,-0.284553,0.669231,-0.00813,0.284615,0.04065,0.138462,-0.04065,0.2,0,0,0.0,0.0,0.0,0.0,0.0,0.0,0.0,0.0,0.0,0.0,0.0,0.0,0.0,0.0,0.0,0.0,0.0,0.0,0.0,0.0,0.0,0.0,0.0,0.0,0.0,0.0,0.0,0.0,0.0,0.0,0.0,0.0,0.0,0.0,0.0,0.0,0.0,0.0,0.0,0.0,0.0,0.0,Z,8
0.0,0.0,0.5,0.092308,0.913793,0.276923,1.155172,0.407692,1.275862,0.546154,0.681034,1.0,1.103448,1.138462,1.431034,1.253846,1.698276,1.376923,0.310345,1.046154,0.672414,0.676923,0.681034,0.384615,0.603448,0.338462,-0.034483,0.884615,0.327586,0.438462,0.327586,0.246154,0.224138,0.292308,-0.318966,0.638462,-0.068966,0.246154,-0.043103,0.138462,-0.146552,0.2,0,0,0.0,0.0,0.0,0.0,0.0,0.0,0.0,0.0,0.0,0.0,0.0,0.0,0.0,0.0,0.0,0.0,0.0,0.0,0.0,0.0,0.0,0.0,0.0,0.0,0.0,0.0,0.0,0.0,0.0,0.0,0.0,0.0,0.0,0.0,0.0,0.0,0.0,0.0,0.0,0.0,0.0,0.0,Z,8
0.0,0.0,0.433333,0.048387,0.833333,0.225806,1.066667,0.379032,1.208333,0.5,0.7,1.0,1.091667,1.193548,1.358333,1.322581,1.583333,1.467742,0.341667,1.072581,0.65,0.693548,0.6,0.403226,0.491667,0.379032,0.0,0.927419,0.3,0.467742,0.291667,0.25,0.2,0.274194,-0.3,0.693548,-0.058333,0.314516,-0.016667,0.137097,-0.075,0.153226,0,0,0.0,0.0,0.0,0.0,0.0,0.0,0.0,0.0,0.0,0.0,0.0,0.0,0.0,0.0,0.0,0.0,0.0,0.0,0.0,0.0,0.0,0.0,0.0,0.0,0.0,0.0,0.0,0.0,0.0,0.0,0.0,0.0,0.0,0.0,0.0,0.0,0.0,0.0,0.0,0.0,0.0,0.0,Z,8
0.0,0.0,0.530973,0.038168,0.982301,0.21374,1.19469,0.343511,1.265487,0.450382,0.769912,1.0,1.256637,1.091603,1.566372,1.206107,1.814159,1.335878,0.39823,1.053435,0.778761,0.732824,0.752212,0.496183,0.60177,0.427481,0.061947,0.916031,0.433628,0.534351,0.451327,0.320611,0.336283,0.290076,-0.230088,0.709924,0.141593,0.40458,0.168142,0.229008,0.079646,0.183206,0,0,0.0,0.0,0.0,0.0,0.0,0.0,0.0,0.0,0.0,0.0,0.0,0.0,0.0,0.0,0.0,0.0,0.0,0.0,0.0,0.0,0.0,0.0,0.0,0.0,0.0,0.0,0.0,0.0,0.0,0.0,0.0,0.0,0.0,0.0,0.0,0.0,0.0,0.0,0.0,0.0,0.0,0.0,Z,8
0.0,0.0,0.208333,0.555556,-0.208333,1.077778,-1.041667,1.388889,-1.729167,1.688889,-1.604167,1.0,-2.333333,0.5,-1.6875,0.455556,-1.395833,0.588889,-2.125,0.666667,-2.5,0.166667,-1.770833,0.155556,-1.541667,0.311111,-2.416667,0.322222,-2.8125,-0.044444,-2.270833,-0.044444,-2.041667,0.088889,-2.604167,0.033333,-2.916667,-0.155556,-2.604167,-0.177778,-2.458333,-0.111111,0,0,0.0,0.0,0.0,0.0,0.0,0.0,0.0,0.0,0.0,0.0,0.0,0.0,0.0,0.0,0.0,0.0,0.0,0.0,0.0,0.0,0.0,0.0,0.0,0.0,0.0,0.0,0.0,0.0,0.0,0.0,0.0,0.0,0.0,0.0,0.0,0.0,0.0,0.0,0.0,0.0,0.0,0.0,Z,8
0.0,0.0,0.343434,0.424779,0.252525,0.964602,-0.252525,1.336283,-0.717172,1.522124,-0.626263,1.0,-0.777778,1.20354,-0.484848,1.238938,-0.414141,1.389381,-1.111111,0.778761,-1.070707,0.973451,-0.666667,0.814159,-0.606061,0.787611,-1.414141,0.548673,-1.323232,0.761062,-0.959596,0.619469,-0.868687,0.548673,-1.626263,0.309735,-1.565657,0.60177,-1.282828,0.504425,-1.181818,0.39823,0,0,0.0,0.0,0.0,0.0,0.0,0.0,0.0,0.0,0.0,0.0,0.0,0.0,0.0,0.0,0.0,0.0,0.0,0.0,0.0,0.0,0.0,0.0,0.0,0.0,0.0,0.0,0.0,0.0,0.0,0.0,0.0,0.0,0.0,0.0,0.0,0.0,0.0,0.0,0.0,0.0,0.0,0.0,Z,8
0.0,0.0,0.364486,0.216418,0.448598,0.544776,0.018692,0.567164,-0.429907,0.447761,-0.336449,1.0,-0.448598,1.044776,-0.373832,1.134328,-0.46729,1.373134,-0.831776,0.910448,-0.906542,0.537313,-0.504673,0.283582,-0.383178,0.410448,-1.140187,0.701493,-1.158879,0.343284,-0.775701,0.141791,-0.626168,0.238806,-1.336449,0.462687,-1.336449,0.238806,-1.028037,0.089552,-0.869159,0.126866,0,0,0.0,0.0,0.0,0.0,0.0,0.0,0.0,0.0,0.0,0.0,0.0,0.0,0.0,0.0,0.0,0.0,0.0,0.0,0.0,0.0,0.0,0.0,0.0,0.0,0.0,0.0,0.0,0.0,0.0,0.0,0.0,0.0,0.0,0.0,0.0,0.0,0.0,0.0,0.0,0.0,0.0,0.0,Z,8
0.0,0.0,0.322581,0.165414,0.548387,0.466165,0.274194,0.56391,-0.129032,0.518797,-0.024194,1.0,-0.08871,1.150376,-0.25,1.255639,-0.403226,1.37594,-0.467742,0.992481,-0.580645,0.601504,-0.322581,0.233083,-0.153226,0.270677,-0.782258,0.819549,-0.887097,0.383459,-0.604839,0.112782,-0.435484,0.180451,-1.024194,0.578947,-1.072581,0.218045,-0.814516,0.030075,-0.645161,0.090226,0,0,0.0,0.0,0.0,0.0,0.0,0.0,0.0,0.0,0.0,0.0,0.0,0.0,0.0,0.0,0.0,0.0,0.0,0.0,0.0,0.0,0.0,0.0,0.0,0.0,0.0,0.0,0.0,0.0,0.0,0.0,0.0,0.0,0.0,0.0,0.0,0.0,0.0,0.0,0.0,0.0,0.0,0.0,Z,8
0.0,0.0,0.307087,0.213235,0.551181,0.551471,0.251969,0.632353,-0.15748,0.566176,-0.062992,1.0,-0.15748,1.132353,-0.267717,1.25,-0.401575,1.433824,-0.488189,0.992647,-0.590551,0.632353,-0.314961,0.308824,-0.149606,0.360294,-0.811024,0.838235,-0.866142,0.411765,-0.559055,0.169118,-0.393701,0.25,-1.062992,0.595588,-1.062992,0.235294,-0.755906,0.058824,-0.582677,0.110294,0,0,0.0,0.0,0.0,0.0,0.0,0.0,0.0,0.0,0.0,0.0,0.0,0.0,0.0,0.0,0.0,0.0,0.0,0.0,0.0,0.0,0.0,0.0,0.0,0.0,0.0,0.0,0.0,0.0,0.0,0.0,0.0,0.0,0.0,0.0,0.0,0.0,0.0,0.0,0.0,0.0,0.0,0.0,Z,8
0.0,0.0,0.307087,0.225564,0.535433,0.578947,0.23622,0.646617,-0.149606,0.533835,-0.062992,1.0,-0.141732,1.142857,-0.251969,1.255639,-0.385827,1.428571,-0.496063,0.984962,-0.582677,0.631579,-0.307087,0.300752,-0.149606,0.323308,-0.818898,0.819549,-0.850394,0.390977,-0.535433,0.142857,-0.370079,0.218045,-1.062992,0.571429,-1.047244,0.218045,-0.748031,0.037594,-0.574803,0.090226,0,0,0.0,0.0,0.0,0.0,0.0,0.0,0.0,0.0,0.0,0.0,0.0,0.0,0.0,0.0,0.0,0.0,0.0,0.0,0.0,0.0,0.0,0.0,0.0,0.0,0.0,0.0,0.0,0.0,0.0,0.0,0.0,0.0,0.0,0.0,0.0,0.0,0.0,0.0,0.0,0.0,0.0,0.0,Z,8
0.0,0.0,0.312,0.220588,0.544,0.536765,0.24,0.610294,-0.16,0.536765,-0.072,1.0,-0.152,1.110294,-0.248,1.213235,-0.384,1.404412,-0.504,0.985294,-0.584,0.602941,-0.304,0.272059,-0.176,0.352941,-0.824,0.823529,-0.864,0.375,-0.552,0.139706,-0.416,0.25,-1.072,0.580882,-1.08,0.213235,-0.784,0.058824,-0.64,0.132353,0,0,0.0,0.0,0.0,0.0,0.0,0.0,0.0,0.0,0.0,0.0,0.0,0.0,0.0,0.0,0.0,0.0,0.0,0.0,0.0,0.0,0.0,0.0,0.0,0.0,0.0,0.0,0.0,0.0,0.0,0.0,0.0,0.0,0.0,0.0,0.0,0.0,0.0,0.0,0.0,0.0,0.0,0.0,Z,8
0.0,0.0,0.32,0.218978,0.552,0.562044,0.24,0.627737,-0.152,0.525547,-0.056,1.0,-0.16,1.138686,-0.248,1.240876,-0.36,1.416058,-0.488,1.0,-0.56,0.613139,-0.288,0.284672,-0.144,0.350365,-0.816,0.839416,-0.856,0.40146,-0.544,0.145985,-0.4,0.248175,-1.056,0.59854,-1.064,0.233577,-0.76,0.065693,-0.616,0.131387,0,0,0.0,0.0,0.0,0.0,0.0,0.0,0.0,0.0,0.0,0.0,0.0,0.0,0.0,0.0,0.0,0.0,0.0,0.0,0.0,0.0,0.0,0.0,0.0,0.0,0.0,0.0,0.0,0.0,0.0,0.0,0.0,0.0,0.0,0.0,0.0,0.0,0.0,0.0,0.0,0.0,0.0,0.0,Z,8
0.0,0.0,0.312,0.210145,0.536,0.536232,0.248,0.601449,-0.136,0.528986,-0.056,1.0,-0.144,1.115942,-0.224,1.217391,-0.344,1.405797,-0.488,0.985507,-0.568,0.615942,-0.288,0.304348,-0.152,0.369565,-0.816,0.826087,-0.856,0.398551,-0.536,0.15942,-0.4,0.26087,-1.056,0.57971,-1.064,0.224638,-0.768,0.065217,-0.616,0.130435,0,0,0.0,0.0,0.0,0.0,0.0,0.0,0.0,0.0,0.0,0.0,0.0,0.0,0.0,0.0,0.0,0.0,0.0,0.0,0.0,0.0,0.0,0.0,0.0,0.0,0.0,0.0,0.0,0.0,0.0,0.0,0.0,0.0,0.0,0.0,0.0,0.0,0.0,0.0,0.0,0.0,0.0,0.0,Z,8
0.0,0.0,0.301587,0.20979,0.555556,0.545455,0.277778,0.643357,-0.126984,0.573427,-0.047619,1.0,-0.126984,1.132867,-0.214286,1.230769,-0.34127,1.405594,-0.468254,0.979021,-0.539683,0.671329,-0.261905,0.342657,-0.142857,0.398601,-0.793651,0.825175,-0.849206,0.454545,-0.531746,0.195804,-0.380952,0.27972,-1.047619,0.601399,-1.055556,0.27972,-0.761905,0.111888,-0.611111,0.167832,0,0,0.0,0.0,0.0,0.0,0.0,0.0,0.0,0.0,0.0,0.0,0.0,0.0,0.0,0.0,0.0,0.0,0.0,0.0,0.0,0.0,0.0,0.0,0.0,0.0,0.0,0.0,0.0,0.0,0.0,0.0,0.0,0.0,0.0,0.0,0.0,0.0,0.0,0.0,0.0,0.0,0.0,0.0,Z,8
0.0,0.0,0.296875,0.228571,0.53125,0.557143,0.25,0.65,-0.125,0.6,-0.046875,1.0,-0.125,1.135714,-0.210938,1.25,-0.335938,1.435714,-0.476562,0.978571,-0.546875,0.678571,-0.28125,0.357143,-0.140625,0.385714,-0.796875,0.814286,-0.828125,0.435714,-0.515625,0.192857,-0.359375,0.264286,-1.046875,0.585714,-1.03125,0.264286,-0.734375,0.092857,-0.578125,0.15,0,0,0.0,0.0,0.0,0.0,0.0,0.0,0.0,0.0,0.0,0.0,0.0,0.0,0.0,0.0,0.0,0.0,0.0,0.0,0.0,0.0,0.0,0.0,0.0,0.0,0.0,0.0,0.0,0.0,0.0,0.0,0.0,0.0,0.0,0.0,0.0,0.0,0.0,0.0,0.0,0.0,0.0,0.0,Z,8
0.0,0.0,0.388889,0.025974,0.472222,0.155844,0.180556,0.272727,-0.25,0.246753,-0.111111,1.0,-0.333333,1.415584,-0.555556,1.727273,-0.777778,2.012987,-0.611111,1.025974,-1.027778,0.792208,-0.75,0.285714,-0.444444,0.116883,-0.944444,0.896104,-1.138889,0.454545,-0.805556,0.090909,-0.486111,0.025974,-1.111111,0.74026,-1.25,0.350649,-0.958333,0.038961,-0.694444,-0.051948,-0.2222222222222222,0.6623376623376623,0.0,0.0,0.314961,0.207143,0.582677,0.535714,0.299213,0.642857,-0.086614,0.585714,-0.007874,1.0,-0.070866,1.135714,-0.181102,1.257143,-0.314961,1.428571,-0.433071,0.985714,-0.511811,0.671429,-0.251969,0.342857,-0.102362,0.371429,-0.748031,0.828571,-0.80315,0.442857,-0.503937,0.192857,-0.354331,0.257143,-1.007874,0.6,-1.023622,0.285714,-0.740157,0.1,-0.590551,0.142857,Z,8
0.0,0.0,0.3125,0.205479,0.5625,0.513699,0.273438,0.630137,-0.109375,0.589041,-0.015625,1.0,-0.085938,1.123288,-0.179688,1.239726,-0.296875,1.417808,-0.4375,0.986301,-0.53125,0.691781,-0.265625,0.363014,-0.132812,0.40411,-0.765625,0.835616,-0.8125,0.458904,-0.507812,0.212329,-0.367188,0.287671,-1.015625,0.609589,-1.015625,0.294521,-0.734375,0.123288,-0.585938,0.184932,0,0,0.0,0.0,0.0,0.0,0.0,0.0,0.0,0.0,0.0,0.0,0.0,0.0,0.0,0.0,0.0,0.0,0.0,0.0,0.0,0.0,0.0,0.0,0.0,0.0,0.0,0.0,0.0,0.0,0.0,0.0,0.0,0.0,0.0,0.0,0.0,0.0,0.0,0.0,0.0,0.0,0.0,0.0,Z,8
0.0,0.0,0.296875,0.209459,0.53125,0.52027,0.265625,0.635135,-0.117188,0.601351,-0.015625,1.0,-0.09375,1.121622,-0.179688,1.22973,-0.304688,1.425676,-0.429688,0.986486,-0.53125,0.695946,-0.257812,0.378378,-0.117188,0.439189,-0.757812,0.844595,-0.828125,0.47973,-0.515625,0.22973,-0.367188,0.310811,-1.015625,0.635135,-1.039062,0.310811,-0.75,0.141892,-0.59375,0.189189,0,0,0.0,0.0,0.0,0.0,0.0,0.0,0.0,0.0,0.0,0.0,0.0,0.0,0.0,0.0,0.0,0.0,0.0,0.0,0.0,0.0,0.0,0.0,0.0,0.0,0.0,0.0,0.0,0.0,0.0,0.0,0.0,0.0,0.0,0.0,0.0,0.0,0.0,0.0,0.0,0.0,0.0,0.0,Z,8
0.0,0.0,0.302326,0.195946,0.542636,0.506757,0.248062,0.628378,-0.162791,0.581081,-0.015504,1.0,-0.100775,1.121622,-0.186047,1.22973,-0.310078,1.432432,-0.426357,0.986486,-0.534884,0.689189,-0.255814,0.364865,-0.116279,0.432432,-0.751938,0.837838,-0.821705,0.47973,-0.511628,0.222973,-0.364341,0.317568,-1.015504,0.628378,-1.031008,0.310811,-0.744186,0.141892,-0.589147,0.202703,0,0,0.0,0.0,0.0,0.0,0.0,0.0,0.0,0.0,0.0,0.0,0.0,0.0,0.0,0.0,0.0,0.0,0.0,0.0,0.0,0.0,0.0,0.0,0.0,0.0,0.0,0.0,0.0,0.0,0.0,0.0,0.0,0.0,0.0,0.0,0.0,0.0,0.0,0.0,0.0,0.0,0.0,0.0,Z,8
0.0,0.0,0.296875,0.2,0.554688,0.513333,0.273438,0.646667,-0.125,0.613333,-0.015625,1.0,-0.085938,1.14,-0.1875,1.253333,-0.3125,1.433333,-0.429688,0.986667,-0.515625,0.72,-0.265625,0.4,-0.132812,0.44,-0.75,0.84,-0.804688,0.5,-0.515625,0.26,-0.375,0.333333,-1.015625,0.626667,-1.023438,0.326667,-0.742188,0.166667,-0.59375,0.213333,0,0,0.0,0.0,0.0,0.0,0.0,0.0,0.0,0.0,0.0,0.0,0.0,0.0,0.0,0.0,0.0,0.0,0.0,0.0,0.0,0.0,0.0,0.0,0.0,0.0,0.0,0.0,0.0,0.0,0.0,0.0,0.0,0.0,0.0,0.0,0.0,0.0,0.0,0.0,0.0,0.0,0.0,0.0,Z,8
0.0,0.0,0.307087,0.201342,0.566929,0.516779,0.283465,0.651007,-0.11811,0.610738,-0.023622,1.0,-0.110236,1.154362,-0.212598,1.268456,-0.330709,1.42953,-0.448819,0.979866,-0.543307,0.718121,-0.259843,0.389262,-0.110236,0.42953,-0.76378,0.832215,-0.826772,0.489933,-0.519685,0.234899,-0.362205,0.302013,-1.023622,0.610738,-1.03937,0.315436,-0.755906,0.147651,-0.590551,0.194631,0,0,0.0,0.0,0.0,0.0,0.0,0.0,0.0,0.0,0.0,0.0,0.0,0.0,0.0,0.0,0.0,0.0,0.0,0.0,0.0,0.0,0.0,0.0,0.0,0.0,0.0,0.0,0.0,0.0,0.0,0.0,0.0,0.0,0.0,0.0,0.0,0.0,0.0,0.0,0.0,0.0,0.0,0.0,Z,8
0.0,0.0,0.412698,0.105263,0.349206,0.276316,-0.079365,0.368421,-0.539683,0.328947,-0.222222,1.0,-0.492063,1.407895,-0.761905,1.697368,-1.031746,1.947368,-0.714286,0.947368,-1.253968,0.907895,-1.253968,0.486842,-1.238095,0.25,-1.063492,0.789474,-1.206349,0.473684,-0.809524,0.184211,-0.539683,0.131579,-1.222222,0.592105,-1.31746,0.302632,-0.984127,0.105263,-0.730159,0.039474,-0.30158730158730157,0.881578947368421,0.0,0.0,0.286822,0.214765,0.527132,0.52349,0.255814,0.630872,-0.124031,0.590604,-0.015504,1.0,-0.085271,1.127517,-0.193798,1.248322,-0.325581,1.422819,-0.434109,0.986577,-0.542636,0.718121,-0.27907,0.38255,-0.124031,0.416107,-0.75969,0.845638,-0.821705,0.483221,-0.51938,0.228188,-0.364341,0.288591,-1.015504,0.624161,-1.023256,0.302013,-0.736434,0.127517,-0.581395,0.181208,Z,8
0.0,0.0,0.296875,0.205479,0.546875,0.520548,0.265625,0.636986,-0.125,0.59589,-0.03125,1.0,-0.109375,1.136986,-0.210938,1.246575,-0.34375,1.424658,-0.453125,0.972603,-0.554688,0.726027,-0.273438,0.390411,-0.125,0.431507,-0.773438,0.821918,-0.84375,0.479452,-0.523438,0.219178,-0.367188,0.294521,-1.03125,0.60274,-1.046875,0.308219,-0.75,0.130137,-0.59375,0.184932,0,0,0.0,0.0,0.0,0.0,0.0,0.0,0.0,0.0,0.0,0.0,0.0,0.0,0.0,0.0,0.0,0.0,0.0,0.0,0.0,0.0,0.0,0.0,0.0,0.0,0.0,0.0,0.0,0.0,0.0,0.0,0.0,0.0,0.0,0.0,0.0,0.0,0.0,0.0,0.0,0.0,0.0,0.0,Z,8
0.0,0.0,0.414634,0.126437,0.487805,0.333333,0.109756,0.436782,-0.329268,0.402299,-0.134146,1.0,-0.353659,1.356322,-0.54878,1.586207,-0.768293,1.816092,-0.670732,0.942529,-0.97561,0.850575,-0.756098,0.425287,-0.585366,0.206897,-0.987805,0.758621,-0.97561,0.413793,-0.585366,0.091954,-0.353659,0.022989,-1.134146,0.517241,-1.060976,0.195402,-0.743902,-0.034483,-0.52439,-0.091954,-0.23170731707317074,0.5862068965517241,0.0,0.0,0.32,0.186207,0.608,0.517241,0.328,0.655172,-0.088,0.606897,-0.024,1.0,-0.104,1.151724,-0.2,1.262069,-0.328,1.455172,-0.448,0.986207,-0.552,0.710345,-0.272,0.386207,-0.12,0.434483,-0.768,0.834483,-0.848,0.482759,-0.528,0.227586,-0.36,0.303448,-1.024,0.613793,-1.056,0.317241,-0.76,0.137931,-0.592,0.186207,Z,8
0.0,0.0,0.328,0.184932,0.6,0.520548,0.32,0.664384,-0.096,0.636986,-0.024,1.0,-0.096,1.150685,-0.184,1.267123,-0.312,1.458904,-0.448,0.979452,-0.552,0.705479,-0.256,0.376712,-0.104,0.431507,-0.768,0.828767,-0.856,0.486301,-0.52,0.219178,-0.344,0.294521,-1.024,0.609589,-1.056,0.308219,-0.744,0.130137,-0.56,0.184932,0,0,0.0,0.0,0.0,0.0,0.0,0.0,0.0,0.0,0.0,0.0,0.0,0.0,0.0,0.0,0.0,0.0,0.0,0.0,0.0,0.0,0.0,0.0,0.0,0.0,0.0,0.0,0.0,0.0,0.0,0.0,0.0,0.0,0.0,0.0,0.0,0.0,0.0,0.0,0.0,0.0,0.0,0.0,Z,8
0.0,0.0,0.31746,0.189189,0.571429,0.506757,0.31746,0.648649,-0.087302,0.621622,-0.015873,1.0,-0.103175,1.135135,-0.198413,1.25,-0.325397,1.432432,-0.444444,0.972973,-0.539683,0.709459,-0.261905,0.378378,-0.119048,0.432432,-0.761905,0.824324,-0.84127,0.486486,-0.531746,0.236486,-0.365079,0.310811,-1.015873,0.608108,-1.047619,0.310811,-0.753968,0.148649,-0.587302,0.202703,0,0,0.0,0.0,0.0,0.0,0.0,0.0,0.0,0.0,0.0,0.0,0.0,0.0,0.0,0.0,0.0,0.0,0.0,0.0,0.0,0.0,0.0,0.0,0.0,0.0,0.0,0.0,0.0,0.0,0.0,0.0,0.0,0.0,0.0,0.0,0.0,0.0,0.0,0.0,0.0,0.0,0.0,0.0,Z,8
0.0,0.0,0.349206,0.08871,0.507937,0.314516,0.309524,0.491935,-0.039683,0.564516,0.119048,1.0,0.007937,1.193548,-0.095238,1.387097,-0.246032,1.620968,-0.325397,0.975806,-0.468254,0.725806,-0.190476,0.314516,-0.063492,0.290323,-0.650794,0.798387,-0.706349,0.427419,-0.396825,0.145161,-0.261905,0.193548,-0.880952,0.556452,-0.825397,0.266129,-0.579365,0.072581,-0.452381,0.104839,0.0873015873015873,0.1774193548387097,0.0,0.0,0.314516,0.195946,0.580645,0.52027,0.282258,0.655405,-0.137097,0.628378,-0.032258,1.0,-0.112903,1.155405,-0.217742,1.27027,-0.346774,1.452703,-0.459677,0.97973,-0.564516,0.716216,-0.290323,0.398649,-0.137097,0.432432,-0.782258,0.831081,-0.854839,0.486486,-0.540323,0.243243,-0.370968,0.317568,-1.032258,0.614865,-1.048387,0.317568,-0.75,0.148649,-0.580645,0.202703,Z,8
0.0,0.0,0.304,0.205298,0.568,0.523179,0.28,0.655629,-0.128,0.629139,-0.016,1.0,-0.096,1.152318,-0.2,1.271523,-0.32,1.443709,-0.44,0.980132,-0.536,0.741722,-0.272,0.403974,-0.128,0.443709,-0.76,0.834437,-0.84,0.523179,-0.536,0.264901,-0.376,0.331126,-1.016,0.622517,-1.048,0.344371,-0.76,0.178808,-0.592,0.218543,0,0,0.0,0.0,0.0,0.0,0.0,0.0,0.0,0.0,0.0,0.0,0.0,0.0,0.0,0.0,0.0,0.0,0.0,0.0,0.0,0.0,0.0,0.0,0.0,0.0,0.0,0.0,0.0,0.0,0.0,0.0,0.0,0.0,0.0,0.0,0.0,0.0,0.0,0.0,0.0,0.0,0.0,0.0,Z,8
0.0,0.0,0.296,0.202703,0.536,0.513514,0.264,0.641892,-0.136,0.621622,-0.04,1.0,-0.112,1.148649,-0.2,1.27027,-0.328,1.452703,-0.456,0.97973,-0.552,0.722973,-0.28,0.412162,-0.144,0.459459,-0.776,0.837838,-0.832,0.493243,-0.512,0.25,-0.368,0.331081,-1.04,0.614865,-1.032,0.304054,-0.728,0.141892,-0.576,0.202703,0,0,0.0,0.0,0.0,0.0,0.0,0.0,0.0,0.0,0.0,0.0,0.0,0.0,0.0,0.0,0.0,0.0,0.0,0.0,0.0,0.0,0.0,0.0,0.0,0.0,0.0,0.0,0.0,0.0,0.0,0.0,0.0,0.0,0.0,0.0,0.0,0.0,0.0,0.0,0.0,0.0,0.0,0.0,Z,8
0.0,0.0,0.299213,0.190476,0.559055,0.517007,0.291339,0.653061,-0.102362,0.605442,-0.031496,1.0,-0.110236,1.163265,-0.212598,1.285714,-0.330709,1.44898,-0.456693,0.979592,-0.535433,0.734694,-0.275591,0.414966,-0.141732,0.435374,-0.76378,0.829932,-0.811024,0.503401,-0.519685,0.258503,-0.377953,0.319728,-1.031496,0.605442,-1.023622,0.319728,-0.740157,0.156463,-0.582677,0.204082,0,0,0.0,0.0,0.0,0.0,0.0,0.0,0.0,0.0,0.0,0.0,0.0,0.0,0.0,0.0,0.0,0.0,0.0,0.0,0.0,0.0,0.0,0.0,0.0,0.0,0.0,0.0,0.0,0.0,0.0,0.0,0.0,0.0,0.0,0.0,0.0,0.0,0.0,0.0,0.0,0.0,0.0,0.0,Z,8
0.0,0.0,0.312,0.186207,0.584,0.517241,0.32,0.655172,-0.088,0.634483,0.0,1.0,-0.08,1.172414,-0.184,1.303448,-0.304,1.475862,-0.416,0.97931,-0.52,0.737931,-0.256,0.413793,-0.112,0.455172,-0.736,0.827586,-0.808,0.503448,-0.512,0.248276,-0.352,0.324138,-1.0,0.613793,-1.016,0.324138,-0.736,0.151724,-0.568,0.206897,0,0,0.0,0.0,0.0,0.0,0.0,0.0,0.0,0.0,0.0,0.0,0.0,0.0,0.0,0.0,0.0,0.0,0.0,0.0,0.0,0.0,0.0,0.0,0.0,0.0,0.0,0.0,0.0,0.0,0.0,0.0,0.0,0.0,0.0,0.0,0.0,0.0,0.0,0.0,0.0,0.0,0.0,0.0,Z,8
0.0,0.0,0.307087,0.193103,0.582677,0.503448,0.346457,0.648276,-0.047244,0.606897,0.007874,1.0,-0.070866,1.165517,-0.181102,1.310345,-0.307087,1.496552,-0.409449,0.965517,-0.511811,0.765517,-0.251969,0.413793,-0.110236,0.427586,-0.724409,0.813793,-0.811024,0.517241,-0.511811,0.248276,-0.354331,0.303448,-0.992126,0.6,-1.007874,0.324138,-0.732283,0.144828,-0.559055,0.193103,0,0,0.0,0.0,0.0,0.0,0.0,0.0,0.0,0.0,0.0,0.0,0.0,0.0,0.0,0.0,0.0,0.0,0.0,0.0,0.0,0.0,0.0,0.0,0.0,0.0,0.0,0.0,0.0,0.0,0.0,0.0,0.0,0.0,0.0,0.0,0.0,0.0,0.0,0.0,0.0,0.0,0.0,0.0,Z,8
0.0,0.0,0.314516,0.18,0.580645,0.493333,0.322581,0.646667,-0.080645,0.626667,0.0,1.0,-0.096774,1.16,-0.185484,1.286667,-0.306452,1.466667,-0.419355,0.966667,-0.532258,0.753333,-0.258065,0.413333,-0.112903,0.46,-0.741935,0.82,-0.83871,0.526667,-0.524194,0.26,-0.354839,0.333333,-1.0,0.613333,-1.040323,0.333333,-0.741935,0.166667,-0.564516,0.213333,0,0,0.0,0.0,0.0,0.0,0.0,0.0,0.0,0.0,0.0,0.0,0.0,0.0,0.0,0.0,0.0,0.0,0.0,0.0,0.0,0.0,0.0,0.0,0.0,0.0,0.0,0.0,0.0,0.0,0.0,0.0,0.0,0.0,0.0,0.0,0.0,0.0,0.0,0.0,0.0,0.0,0.0,0.0,Z,8
0.0,0.0,0.308943,0.187919,0.585366,0.496644,0.317073,0.651007,-0.105691,0.61745,-0.02439,1.0,-0.113821,1.154362,-0.195122,1.275168,-0.308943,1.456376,-0.439024,0.966443,-0.552846,0.738255,-0.268293,0.409396,-0.121951,0.469799,-0.756098,0.818792,-0.861789,0.510067,-0.544715,0.255034,-0.382114,0.33557,-1.02439,0.610738,-1.065041,0.328859,-0.772358,0.167785,-0.601626,0.221477,0,0,0.0,0.0,0.0,0.0,0.0,0.0,0.0,0.0,0.0,0.0,0.0,0.0,0.0,0.0,0.0,0.0,0.0,0.0,0.0,0.0,0.0,0.0,0.0,0.0,0.0,0.0,0.0,0.0,0.0,0.0,0.0,0.0,0.0,0.0,0.0,0.0,0.0,0.0,0.0,0.0,0.0,0.0,Z,8
0.0,0.0,0.306452,0.194631,0.58871,0.516779,0.322581,0.671141,-0.096774,0.637584,-0.008065,1.0,-0.080645,1.161074,-0.169355,1.288591,-0.290323,1.456376,-0.427419,0.973154,-0.524194,0.765101,-0.258065,0.416107,-0.112903,0.449664,-0.741935,0.825503,-0.822581,0.536913,-0.532258,0.275168,-0.370968,0.328859,-1.008065,0.610738,-1.032258,0.348993,-0.758065,0.174497,-0.58871,0.221477,0,0,0.0,0.0,0.0,0.0,0.0,0.0,0.0,0.0,0.0,0.0,0.0,0.0,0.0,0.0,0.0,0.0,0.0,0.0,0.0,0.0,0.0,0.0,0.0,0.0,0.0,0.0,0.0,0.0,0.0,0.0,0.0,0.0,0.0,0.0,0.0,0.0,0.0,0.0,0.0,0.0,0.0,0.0,Z,8
0.0,0.0,0.304688,0.190476,0.59375,0.517007,0.335938,0.673469,-0.078125,0.639456,0.015625,1.0,-0.070312,1.176871,-0.164062,1.29932,-0.289062,1.469388,-0.40625,0.986395,-0.492188,0.755102,-0.21875,0.408163,-0.085938,0.455782,-0.71875,0.843537,-0.78125,0.517007,-0.476562,0.251701,-0.335938,0.333333,-0.984375,0.632653,-0.984375,0.326531,-0.703125,0.156463,-0.5625,0.217687,0,0,0.0,0.0,0.0,0.0,0.0,0.0,0.0,0.0,0.0,0.0,0.0,0.0,0.0,0.0,0.0,0.0,0.0,0.0,0.0,0.0,0.0,0.0,0.0,0.0,0.0,0.0,0.0,0.0,0.0,0.0,0.0,0.0,0.0,0.0,0.0,0.0,0.0,0.0,0.0,0.0,0.0,0.0,Z,8
0.0,0.0,0.312,0.193333,0.592,0.513333,0.328,0.66,-0.088,0.626667,-0.008,1.0,-0.088,1.166667,-0.176,1.28,-0.288,1.446667,-0.432,0.966667,-0.512,0.753333,-0.24,0.42,-0.096,0.466667,-0.744,0.826667,-0.808,0.52,-0.504,0.266667,-0.36,0.34,-1.008,0.613333,-1.016,0.326667,-0.736,0.166667,-0.584,0.22,0,0,0.0,0.0,0.0,0.0,0.0,0.0,0.0,0.0,0.0,0.0,0.0,0.0,0.0,0.0,0.0,0.0,0.0,0.0,0.0,0.0,0.0,0.0,0.0,0.0,0.0,0.0,0.0,0.0,0.0,0.0,0.0,0.0,0.0,0.0,0.0,0.0,0.0,0.0,0.0,0.0,0.0,0.0,Z,8
0.0,0.0,0.304688,0.194631,0.570312,0.516779,0.296875,0.657718,-0.109375,0.630872,-0.007812,1.0,-0.085938,1.174497,-0.1875,1.295302,-0.304688,1.456376,-0.429688,0.973154,-0.507812,0.758389,-0.25,0.42953,-0.117188,0.456376,-0.742188,0.825503,-0.804688,0.516779,-0.515625,0.261745,-0.367188,0.328859,-1.007812,0.604027,-1.007812,0.328859,-0.742188,0.161074,-0.59375,0.214765,0,0,0.0,0.0,0.0,0.0,0.0,0.0,0.0,0.0,0.0,0.0,0.0,0.0,0.0,0.0,0.0,0.0,0.0,0.0,0.0,0.0,0.0,0.0,0.0,0.0,0.0,0.0,0.0,0.0,0.0,0.0,0.0,0.0,0.0,0.0,0.0,0.0,0.0,0.0,0.0,0.0,0.0,0.0,Z,8
0.0,0.0,0.304,0.205298,0.56,0.503311,0.312,0.642384,-0.056,0.629139,-0.008,1.0,-0.08,1.152318,-0.184,1.278146,-0.296,1.443709,-0.424,0.97351,-0.528,0.748344,-0.256,0.430464,-0.104,0.470199,-0.744,0.834437,-0.824,0.516556,-0.52,0.271523,-0.352,0.337748,-1.008,0.615894,-1.024,0.331126,-0.736,0.172185,-0.56,0.218543,0,0,0.0,0.0,0.0,0.0,0.0,0.0,0.0,0.0,0.0,0.0,0.0,0.0,0.0,0.0,0.0,0.0,0.0,0.0,0.0,0.0,0.0,0.0,0.0,0.0,0.0,0.0,0.0,0.0,0.0,0.0,0.0,0.0,0.0,0.0,0.0,0.0,0.0,0.0,0.0,0.0,0.0,0.0,Z,8
0.0,0.0,0.299213,0.19863,0.566929,0.513699,0.322835,0.643836,-0.062992,0.609589,-0.007874,1.0,-0.086614,1.157534,-0.181102,1.273973,-0.307087,1.458904,-0.417323,0.972603,-0.527559,0.726027,-0.251969,0.40411,-0.102362,0.452055,-0.740157,0.821918,-0.818898,0.493151,-0.503937,0.239726,-0.346457,0.308219,-1.007874,0.60274,-1.015748,0.308219,-0.724409,0.136986,-0.559055,0.184932,0,0,0.0,0.0,0.0,0.0,0.0,0.0,0.0,0.0,0.0,0.0,0.0,0.0,0.0,0.0,0.0,0.0,0.0,0.0,0.0,0.0,0.0,0.0,0.0,0.0,0.0,0.0,0.0,0.0,0.0,0.0,0.0,0.0,0.0,0.0,0.0,0.0,0.0,0.0,0.0,0.0,0.0,0.0,Z,8
0.0,0.0,0.349515,0.022472,0.436893,0.179775,0.23301,0.41573,-0.116505,0.47191,0.038835,1.0,-0.07767,1.348315,-0.23301,1.662921,-0.398058,1.955056,-0.436893,1.05618,-0.669903,0.752809,-0.407767,0.247191,-0.23301,0.146067,-0.776699,0.932584,-0.834951,0.426966,-0.504854,0.05618,-0.320388,0.089888,-0.961165,0.730337,-0.951456,0.280899,-0.669903,0.011236,-0.485437,0.011236,-0.038834951456310676,0.550561797752809,0.0,0.0,0.301587,0.189189,0.571429,0.506757,0.325397,0.648649,-0.063492,0.628378,0.0,1.0,-0.079365,1.148649,-0.174603,1.277027,-0.293651,1.452703,-0.420635,0.97973,-0.531746,0.743243,-0.269841,0.412162,-0.119048,0.466216,-0.738095,0.837838,-0.825397,0.513514,-0.531746,0.256757,-0.373016,0.324324,-1.0,0.628378,-1.02381,0.337838,-0.746032,0.162162,-0.579365,0.216216,Z,8
0.0,0.0,0.309524,0.018018,0.47619,0.261261,0.333333,0.522523,0.047619,0.693694,0.269841,1.0,0.150794,1.315315,0.015873,1.594595,-0.150794,1.855856,-0.126984,1.072072,-0.31746,0.846847,-0.063492,0.369369,0.039683,0.351351,-0.452381,0.936937,-0.587302,0.576577,-0.309524,0.234234,-0.190476,0.261261,-0.730159,0.711712,-0.738095,0.315315,-0.492063,0.09009,-0.365079,0.126126,0.15873015873015872,0.17117117117117117,0.0,0.0,0.312,0.181818,0.584,0.496503,0.32,0.664336,-0.096,0.643357,0.008,1.0,-0.072,1.167832,-0.168,1.300699,-0.304,1.48951,-0.408,0.972028,-0.544,0.748252,-0.272,0.398601,-0.112,0.433566,-0.728,0.825175,-0.84,0.51049,-0.528,0.244755,-0.352,0.307692,-0.992,0.608392,-1.04,0.328671,-0.752,0.146853,-0.568,0.195804,Z,8
0.0,0.0,0.306452,0.195946,0.580645,0.506757,0.306452,0.655405,-0.104839,0.641892,-0.024194,1.0,-0.096774,1.155405,-0.193548,1.277027,-0.330645,1.459459,-0.443548,0.966216,-0.556452,0.743243,-0.274194,0.405405,-0.129032,0.459459,-0.758065,0.824324,-0.854839,0.52027,-0.540323,0.263514,-0.379032,0.337838,-1.024194,0.608108,-1.064516,0.337838,-0.766129,0.168919,-0.596774,0.216216,0,0,0.0,0.0,0.0,0.0,0.0,0.0,0.0,0.0,0.0,0.0,0.0,0.0,0.0,0.0,0.0,0.0,0.0,0.0,0.0,0.0,0.0,0.0,0.0,0.0,0.0,0.0,0.0,0.0,0.0,0.0,0.0,0.0,0.0,0.0,0.0,0.0,0.0,0.0,0.0,0.0,0.0,0.0,Z,8
0.0,0.0,0.322581,0.194631,0.58871,0.510067,0.290323,0.657718,-0.129032,0.637584,-0.016129,1.0,-0.096774,1.161074,-0.201613,1.281879,-0.330645,1.449664,-0.435484,0.979866,-0.548387,0.724832,-0.282258,0.395973,-0.129032,0.42953,-0.758065,0.832215,-0.854839,0.510067,-0.548387,0.255034,-0.379032,0.315436,-1.016129,0.610738,-1.064516,0.33557,-0.774194,0.167785,-0.604839,0.208054,0,0,0.0,0.0,0.0,0.0,0.0,0.0,0.0,0.0,0.0,0.0,0.0,0.0,0.0,0.0,0.0,0.0,0.0,0.0,0.0,0.0,0.0,0.0,0.0,0.0,0.0,0.0,0.0,0.0,0.0,0.0,0.0,0.0,0.0,0.0,0.0,0.0,0.0,0.0,0.0,0.0,0.0,0.0,Z,8
0.0,0.0,0.385714,0.068966,0.721429,0.317241,0.907143,0.57931,0.971429,0.868966,0.728571,1.0,1.05,1.4,1.285714,1.655172,1.421429,1.889655,0.392857,1.096552,0.685714,1.282759,0.671429,0.806897,0.557143,0.641379,0.057143,1.055172,0.307143,1.0,0.314286,0.558621,0.214286,0.489655,-0.271429,0.910345,-0.028571,0.786207,0.042857,0.489655,-0.035714,0.468966,0,0,0.0,0.0,0.0,0.0,0.0,0.0,0.0,0.0,0.0,0.0,0.0,0.0,0.0,0.0,0.0,0.0,0.0,0.0,0.0,0.0,0.0,0.0,0.0,0.0,0.0,0.0,0.0,0.0,0.0,0.0,0.0,0.0,0.0,0.0,0.0,0.0,0.0,0.0,0.0,0.0,0.0,0.0,Z,9
0.0,0.0,0.41844,0.109677,0.751773,0.341935,0.943262,0.580645,0.964539,0.851613,0.744681,1.0,1.056738,1.367742,1.304965,1.606452,1.468085,1.812903,0.397163,1.070968,0.702128,1.212903,0.666667,0.748387,0.553191,0.606452,0.06383,1.019355,0.340426,0.954839,0.333333,0.554839,0.22695,0.503226,-0.255319,0.883871,0.0,0.76129,0.056738,0.490323,-0.028369,0.470968,0,0,0.0,0.0,0.0,0.0,0.0,0.0,0.0,0.0,0.0,0.0,0.0,0.0,0.0,0.0,0.0,0.0,0.0,0.0,0.0,0.0,0.0,0.0,0.0,0.0,0.0,0.0,0.0,0.0,0.0,0.0,0.0,0.0,0.0,0.0,0.0,0.0,0.0,0.0,0.0,0.0,0.0,0.0,Z,9
0.0,0.0,0.429577,0.125786,0.760563,0.352201,0.950704,0.597484,0.985915,0.867925,0.760563,1.0,1.084507,1.358491,1.330986,1.584906,1.478873,1.792453,0.408451,1.069182,0.711268,1.213836,0.683099,0.761006,0.570423,0.622642,0.077465,1.025157,0.366197,0.968553,0.352113,0.572327,0.232394,0.522013,-0.239437,0.893082,0.028169,0.767296,0.070423,0.503145,-0.028169,0.496855,0,0,0.0,0.0,0.0,0.0,0.0,0.0,0.0,0.0,0.0,0.0,0.0,0.0,0.0,0.0,0.0,0.0,0.0,0.0,0.0,0.0,0.0,0.0,0.0,0.0,0.0,0.0,0.0,0.0,0.0,0.0,0.0,0.0,0.0,0.0,0.0,0.0,0.0,0.0,0.0,0.0,0.0,0.0,Z,9
0.0,0.0,0.440559,0.132075,0.776224,0.358491,0.951049,0.610063,0.965035,0.893082,0.769231,1.0,1.083916,1.36478,1.328671,1.597484,1.482517,1.805031,0.412587,1.069182,0.706294,1.220126,0.678322,0.767296,0.573427,0.647799,0.083916,1.025157,0.363636,0.974843,0.34965,0.578616,0.244755,0.534591,-0.230769,0.90566,0.027972,0.798742,0.076923,0.522013,-0.013986,0.503145,0,0,0.0,0.0,0.0,0.0,0.0,0.0,0.0,0.0,0.0,0.0,0.0,0.0,0.0,0.0,0.0,0.0,0.0,0.0,0.0,0.0,0.0,0.0,0.0,0.0,0.0,0.0,0.0,0.0,0.0,0.0,0.0,0.0,0.0,0.0,0.0,0.0,0.0,0.0,0.0,0.0,0.0,0.0,Z,9
0.0,0.0,0.444444,0.132075,0.784722,0.352201,0.958333,0.603774,0.986111,0.893082,0.770833,1.0,1.090278,1.358491,1.326389,1.591195,1.486111,1.805031,0.416667,1.069182,0.708333,1.220126,0.680556,0.779874,0.576389,0.63522,0.090278,1.025157,0.368056,0.974843,0.354167,0.578616,0.25,0.522013,-0.229167,0.899371,0.034722,0.792453,0.090278,0.522013,0.006944,0.490566,0,0,0.0,0.0,0.0,0.0,0.0,0.0,0.0,0.0,0.0,0.0,0.0,0.0,0.0,0.0,0.0,0.0,0.0,0.0,0.0,0.0,0.0,0.0,0.0,0.0,0.0,0.0,0.0,0.0,0.0,0.0,0.0,0.0,0.0,0.0,0.0,0.0,0.0,0.0,0.0,0.0,0.0,0.0,Z,9
0.0,0.0,0.451389,0.125786,0.784722,0.345912,0.965278,0.597484,1.0,0.880503,0.784722,1.0,1.104167,1.352201,1.340278,1.578616,1.5,1.786164,0.430556,1.075472,0.722222,1.220126,0.6875,0.779874,0.583333,0.63522,0.104167,1.037736,0.381944,0.981132,0.361111,0.584906,0.256944,0.528302,-0.215278,0.91195,0.048611,0.792453,0.104167,0.522013,0.020833,0.496855,0,0,0.0,0.0,0.0,0.0,0.0,0.0,0.0,0.0,0.0,0.0,0.0,0.0,0.0,0.0,0.0,0.0,0.0,0.0,0.0,0.0,0.0,0.0,0.0,0.0,0.0,0.0,0.0,0.0,0.0,0.0,0.0,0.0,0.0,0.0,0.0,0.0,0.0,0.0,0.0,0.0,0.0,0.0,Z,9
0.0,0.0,0.461538,0.126582,0.804196,0.348101,0.965035,0.607595,1.0,0.892405,0.79021,1.0,1.104895,1.35443,1.34965,1.582278,1.503497,1.78481,0.433566,1.06962,0.727273,1.21519,0.699301,0.778481,0.594406,0.64557,0.104895,1.031646,0.384615,0.968354,0.370629,0.575949,0.265734,0.531646,-0.20979,0.917722,0.055944,0.78481,0.104895,0.512658,0.013986,0.5,0,0,0.0,0.0,0.0,0.0,0.0,0.0,0.0,0.0,0.0,0.0,0.0,0.0,0.0,0.0,0.0,0.0,0.0,0.0,0.0,0.0,0.0,0.0,0.0,0.0,0.0,0.0,0.0,0.0,0.0,0.0,0.0,0.0,0.0,0.0,0.0,0.0,0.0,0.0,0.0,0.0,0.0,0.0,Z,9
0.0,0.0,0.454545,0.121019,0.797203,0.33121,0.972028,0.585987,1.006993,0.872611,0.804196,1.0,1.118881,1.356688,1.356643,1.585987,1.51049,1.789809,0.447552,1.082803,0.727273,1.22293,0.699301,0.789809,0.601399,0.656051,0.118881,1.044586,0.377622,0.961783,0.363636,0.573248,0.258741,0.535032,-0.195804,0.923567,0.048951,0.764331,0.090909,0.503185,0.006993,0.509554,0,0,0.0,0.0,0.0,0.0,0.0,0.0,0.0,0.0,0.0,0.0,0.0,0.0,0.0,0.0,0.0,0.0,0.0,0.0,0.0,0.0,0.0,0.0,0.0,0.0,0.0,0.0,0.0,0.0,0.0,0.0,0.0,0.0,0.0,0.0,0.0,0.0,0.0,0.0,0.0,0.0,0.0,0.0,Z,9
0.0,0.0,0.457746,0.115385,0.795775,0.326923,0.971831,0.583333,1.021127,0.871795,0.809859,1.0,1.126761,1.358974,1.359155,1.589744,1.514085,1.801282,0.457746,1.083333,0.739437,1.25,0.704225,0.807692,0.612676,0.647436,0.119718,1.044872,0.373239,0.967949,0.359155,0.576923,0.267606,0.525641,-0.190141,0.929487,0.042254,0.775641,0.084507,0.512821,0.014085,0.50641,0,0,0.0,0.0,0.0,0.0,0.0,0.0,0.0,0.0,0.0,0.0,0.0,0.0,0.0,0.0,0.0,0.0,0.0,0.0,0.0,0.0,0.0,0.0,0.0,0.0,0.0,0.0,0.0,0.0,0.0,0.0,0.0,0.0,0.0,0.0,0.0,0.0,0.0,0.0,0.0,0.0,0.0,0.0,Z,9
0.0,0.0,0.464789,0.11465,0.795775,0.33121,0.971831,0.585987,1.028169,0.878981,0.809859,1.0,1.126761,1.350318,1.373239,1.585987,1.528169,1.789809,0.457746,1.082803,0.746479,1.242038,0.71831,0.808917,0.626761,0.643312,0.126761,1.044586,0.387324,0.980892,0.373239,0.592357,0.274648,0.535032,-0.190141,0.917197,0.049296,0.770701,0.098592,0.515924,0.021127,0.509554,0,0,0.0,0.0,0.0,0.0,0.0,0.0,0.0,0.0,0.0,0.0,0.0,0.0,0.0,0.0,0.0,0.0,0.0,0.0,0.0,0.0,0.0,0.0,0.0,0.0,0.0,0.0,0.0,0.0,0.0,0.0,0.0,0.0,0.0,0.0,0.0,0.0,0.0,0.0,0.0,0.0,0.0,0.0,Z,9
0.0,0.0,0.462069,0.121019,0.786207,0.33121,0.965517,0.579618,1.0,0.872611,0.8,1.0,1.110345,1.350318,1.344828,1.585987,1.489655,1.796178,0.448276,1.076433,0.717241,1.242038,0.689655,0.802548,0.6,0.643312,0.117241,1.038217,0.365517,0.974522,0.351724,0.592357,0.255172,0.535032,-0.2,0.910828,0.027586,0.77707,0.082759,0.515924,0.013793,0.496815,0,0,0.0,0.0,0.0,0.0,0.0,0.0,0.0,0.0,0.0,0.0,0.0,0.0,0.0,0.0,0.0,0.0,0.0,0.0,0.0,0.0,0.0,0.0,0.0,0.0,0.0,0.0,0.0,0.0,0.0,0.0,0.0,0.0,0.0,0.0,0.0,0.0,0.0,0.0,0.0,0.0,0.0,0.0,Z,9
0.0,0.0,0.465278,0.125786,0.798611,0.339623,0.986111,0.584906,1.013889,0.867925,0.798611,1.0,1.125,1.333333,1.354167,1.559748,1.5,1.767296,0.444444,1.081761,0.736111,1.213836,0.701389,0.773585,0.604167,0.628931,0.111111,1.031447,0.368056,0.955975,0.354167,0.572327,0.256944,0.522013,-0.201389,0.90566,0.027778,0.761006,0.083333,0.503145,0.013889,0.496855,0,0,0.0,0.0,0.0,0.0,0.0,0.0,0.0,0.0,0.0,0.0,0.0,0.0,0.0,0.0,0.0,0.0,0.0,0.0,0.0,0.0,0.0,0.0,0.0,0.0,0.0,0.0,0.0,0.0,0.0,0.0,0.0,0.0,0.0,0.0,0.0,0.0,0.0,0.0,0.0,0.0,0.0,0.0,Z,9
0.0,0.0,0.448276,0.126582,0.786207,0.35443,0.97931,0.601266,0.986207,0.879747,0.786207,1.0,1.103448,1.341772,1.337931,1.56962,1.482759,1.778481,0.434483,1.082278,0.717241,1.227848,0.682759,0.778481,0.57931,0.64557,0.096552,1.037975,0.358621,0.949367,0.337931,0.550633,0.234483,0.512658,-0.213793,0.905063,0.02069,0.753165,0.075862,0.487342,0.0,0.487342,0,0,0.0,0.0,0.0,0.0,0.0,0.0,0.0,0.0,0.0,0.0,0.0,0.0,0.0,0.0,0.0,0.0,0.0,0.0,0.0,0.0,0.0,0.0,0.0,0.0,0.0,0.0,0.0,0.0,0.0,0.0,0.0,0.0,0.0,0.0,0.0,0.0,0.0,0.0,0.0,0.0,0.0,0.0,Z,9
0.0,0.0,0.410959,0.125,0.753425,0.35625,0.938356,0.6,0.972603,0.86875,0.753425,1.0,1.068493,1.35,1.30137,1.575,1.445205,1.78125,0.40411,1.0875,0.678082,1.21875,0.636986,0.775,0.527397,0.64375,0.068493,1.0375,0.308219,0.9375,0.294521,0.55,0.19863,0.5125,-0.246575,0.90625,-0.034247,0.75625,0.034247,0.49375,-0.020548,0.4875,0,0,0.0,0.0,0.0,0.0,0.0,0.0,0.0,0.0,0.0,0.0,0.0,0.0,0.0,0.0,0.0,0.0,0.0,0.0,0.0,0.0,0.0,0.0,0.0,0.0,0.0,0.0,0.0,0.0,0.0,0.0,0.0,0.0,0.0,0.0,0.0,0.0,0.0,0.0,0.0,0.0,0.0,0.0,Z,9
0.0,0.0,0.406897,0.120482,0.758621,0.379518,0.937931,0.620482,0.965517,0.849398,0.696552,1.0,1.034483,1.331325,1.303448,1.548193,1.475862,1.73494,0.337931,1.054217,0.606897,1.108434,0.6,0.728916,0.496552,0.620482,0.006897,0.981928,0.268966,0.885542,0.275862,0.554217,0.17931,0.518072,-0.303448,0.837349,-0.068966,0.753012,0.013793,0.518072,-0.041379,0.481928,0,0,0.0,0.0,0.0,0.0,0.0,0.0,0.0,0.0,0.0,0.0,0.0,0.0,0.0,0.0,0.0,0.0,0.0,0.0,0.0,0.0,0.0,0.0,0.0,0.0,0.0,0.0,0.0,0.0,0.0,0.0,0.0,0.0,0.0,0.0,0.0,0.0,0.0,0.0,0.0,0.0,0.0,0.0,Z,9
0.0,0.0,0.338843,0.008621,0.710744,0.310345,0.917355,0.586207,1.099174,0.836207,0.578512,1.0,0.735537,1.327586,0.917355,1.525862,1.057851,1.689655,0.264463,1.077586,0.355372,1.353448,0.429752,1.008621,0.471074,0.801724,-0.07438,0.991379,-0.049587,1.232759,0.033058,0.905172,0.057851,0.698276,-0.421488,0.810345,-0.438017,1.0,-0.338843,0.767241,-0.305785,0.603448,-0.12396694214876033,0.1810344827586207,0.0,0.0,0.373333,0.09697,0.766667,0.333333,0.893333,0.551515,0.846667,0.745455,0.693333,1.0,0.993333,1.333333,1.246667,1.539394,1.426667,1.739394,0.333333,1.048485,0.58,1.133333,0.573333,0.721212,0.493333,0.612121,0.006667,0.975758,0.226667,0.909091,0.253333,0.557576,0.173333,0.521212,-0.306667,0.824242,-0.106667,0.751515,-0.013333,0.50303,-0.04,0.478788,Z,9
0.0,0.0,0.389831,0.052632,0.847458,0.390977,1.042373,0.714286,1.127119,0.992481,0.516949,1.0,0.576271,1.240602,0.652542,1.157895,0.720339,1.082707,0.194915,1.022556,0.330508,1.203008,0.423729,0.947368,0.457627,0.804511,-0.135593,0.932331,-0.025424,1.015038,0.067797,0.729323,0.101695,0.586466,-0.483051,0.75188,-0.398305,0.81203,-0.271186,0.601504,-0.211864,0.473684,-0.09322033898305085,0.09022556390977443,0.0,0.0,0.406897,0.112426,0.806897,0.372781,0.855172,0.662722,0.751724,0.881657,0.606897,1.0,0.903448,1.35503,1.137931,1.579882,1.303448,1.775148,0.255172,1.005917,0.42069,1.094675,0.489655,0.775148,0.496552,0.639053,-0.075862,0.91716,0.068966,0.887574,0.151724,0.585799,0.144828,0.497041,-0.393103,0.763314,-0.275862,0.757396,-0.137931,0.532544,-0.082759,0.449704,Z,9
0.0,0.0,0.454545,0.076336,0.954545,0.305344,1.290909,0.458015,1.4,0.625954,0.545455,1.0,0.554545,1.251908,0.7,1.312977,0.890909,1.305344,0.209091,1.0,0.281818,1.160305,0.509091,0.977099,0.681818,0.816794,-0.136364,0.89313,-0.072727,0.969466,0.127273,0.763359,0.263636,0.618321,-0.454545,0.694656,-0.409091,0.770992,-0.245455,0.610687,-0.136364,0.473282,-0.045454545454545456,0.09923664122137404,0.0,0.0,0.473684,0.133758,0.93985,0.324841,1.195489,0.471338,1.300752,0.624204,0.571429,1.0,0.714286,1.369427,0.842105,1.509554,0.984962,1.585987,0.225564,1.012739,0.37594,1.070064,0.601504,0.898089,0.796992,0.77707,-0.112782,0.917197,-0.015038,0.910828,0.165414,0.745223,0.323308,0.617834,-0.428571,0.751592,-0.368421,0.738854,-0.233083,0.605096,-0.097744,0.503185,Z,9
0.0,0.0,0.495413,0.243902,0.880734,0.554878,1.082569,0.804878,1.110092,1.0,0.302752,1.0,0.33945,1.231707,0.477064,1.256098,0.623853,1.22561,-0.036697,0.97561,0.12844,1.085366,0.412844,1.006098,0.642202,0.908537,-0.376147,0.878049,-0.201835,0.969512,0.073394,0.914634,0.311927,0.829268,-0.697248,0.719512,-0.623853,0.841463,-0.431193,0.810976,-0.238532,0.756098,0,0,0.0,0.0,0.0,0.0,0.0,0.0,0.0,0.0,0.0,0.0,0.0,0.0,0.0,0.0,0.0,0.0,0.0,0.0,0.0,0.0,0.0,0.0,0.0,0.0,0.0,0.0,0.0,0.0,0.0,0.0,0.0,0.0,0.0,0.0,0.0,0.0,0.0,0.0,0.0,0.0,0.0,0.0,Z,9
0.0,0.0,0.348148,0.245902,0.548148,0.595628,0.355556,0.846995,0.007407,0.923497,0.266667,1.0,0.377778,1.36612,0.451852,1.628415,0.496296,1.84153,-0.111111,0.961749,-0.155556,1.142077,-0.014815,0.923497,0.088889,0.748634,-0.437037,0.846995,-0.437037,0.928962,-0.281481,0.73224,-0.192593,0.595628,-0.733333,0.68306,-0.696296,0.743169,-0.533333,0.612022,-0.444444,0.530055,0,0,0.0,0.0,0.0,0.0,0.0,0.0,0.0,0.0,0.0,0.0,0.0,0.0,0.0,0.0,0.0,0.0,0.0,0.0,0.0,0.0,0.0,0.0,0.0,0.0,0.0,0.0,0.0,0.0,0.0,0.0,0.0,0.0,0.0,0.0,0.0,0.0,0.0,0.0,0.0,0.0,0.0,0.0,Z,9
0.0,0.0,0.320312,0.234637,0.523438,0.569832,0.351562,0.826816,-0.007812,0.932961,0.1875,1.0,0.320312,1.413408,0.367188,1.681564,0.367188,1.927374,-0.195312,0.955307,-0.34375,1.24581,-0.210938,0.949721,-0.09375,0.748603,-0.523438,0.832402,-0.632812,0.932961,-0.414062,0.648045,-0.265625,0.50838,-0.8125,0.648045,-0.882812,0.715084,-0.640625,0.530726,-0.484375,0.446927,0,0,0.0,0.0,0.0,0.0,0.0,0.0,0.0,0.0,0.0,0.0,0.0,0.0,0.0,0.0,0.0,0.0,0.0,0.0,0.0,0.0,0.0,0.0,0.0,0.0,0.0,0.0,0.0,0.0,0.0,0.0,0.0,0.0,0.0,0.0,0.0,0.0,0.0,0.0,0.0,0.0,0.0,0.0,Z,9
0.0,0.0,0.335938,0.221622,0.507812,0.513514,0.34375,0.745946,0.0,0.881081,0.148438,1.0,0.210938,1.394595,0.210938,1.664865,0.195312,1.886486,-0.257812,0.92973,-0.414062,1.194595,-0.28125,0.848649,-0.164062,0.702703,-0.578125,0.789189,-0.734375,0.87027,-0.5,0.578378,-0.351562,0.502703,-0.851562,0.605405,-0.984375,0.664865,-0.734375,0.47027,-0.5625,0.421622,0,0,0.0,0.0,0.0,0.0,0.0,0.0,0.0,0.0,0.0,0.0,0.0,0.0,0.0,0.0,0.0,0.0,0.0,0.0,0.0,0.0,0.0,0.0,0.0,0.0,0.0,0.0,0.0,0.0,0.0,0.0,0.0,0.0,0.0,0.0,0.0,0.0,0.0,0.0,0.0,0.0,0.0,0.0,Z,9
0.0,0.0,0.305785,0.232804,0.487603,0.518519,0.363636,0.767196,-0.016529,0.888889,0.107438,1.0,0.14876,1.365079,0.140496,1.624339,0.115702,1.84127,-0.305785,0.931217,-0.512397,1.185185,-0.355372,0.851852,-0.214876,0.708995,-0.636364,0.783069,-0.826446,0.851852,-0.578512,0.582011,-0.404959,0.507937,-0.892562,0.592593,-1.07438,0.656085,-0.818182,0.486772,-0.636364,0.439153,0,0,0.0,0.0,0.0,0.0,0.0,0.0,0.0,0.0,0.0,0.0,0.0,0.0,0.0,0.0,0.0,0.0,0.0,0.0,0.0,0.0,0.0,0.0,0.0,0.0,0.0,0.0,0.0,0.0,0.0,0.0,0.0,0.0,0.0,0.0,0.0,0.0,0.0,0.0,0.0,0.0,0.0,0.0,Z,9
0.0,0.0,0.307087,0.231579,0.480315,0.547368,0.283465,0.789474,-0.094488,0.894737,0.11811,1.0,0.15748,1.363158,0.141732,1.605263,0.102362,1.821053,-0.275591,0.947368,-0.472441,1.210526,-0.299213,0.905263,-0.133858,0.726316,-0.606299,0.815789,-0.748031,0.9,-0.496063,0.631579,-0.330709,0.531579,-0.88189,0.626316,-1.0,0.7,-0.755906,0.536842,-0.574803,0.473684,0,0,0.0,0.0,0.0,0.0,0.0,0.0,0.0,0.0,0.0,0.0,0.0,0.0,0.0,0.0,0.0,0.0,0.0,0.0,0.0,0.0,0.0,0.0,0.0,0.0,0.0,0.0,0.0,0.0,0.0,0.0,0.0,0.0,0.0,0.0,0.0,0.0,0.0,0.0,0.0,0.0,0.0,0.0,Z,9
0.0,0.0,0.318519,0.234973,0.511111,0.584699,0.274074,0.830601,-0.081481,0.907104,0.185185,1.0,0.207407,1.382514,0.2,1.639344,0.162963,1.852459,-0.192593,0.95082,-0.362963,1.180328,-0.162963,0.918033,0.014815,0.715847,-0.525926,0.830601,-0.614815,0.918033,-0.377778,0.68306,-0.214815,0.530055,-0.814815,0.661202,-0.896296,0.737705,-0.681481,0.590164,-0.525926,0.491803,0,0,0.0,0.0,0.0,0.0,0.0,0.0,0.0,0.0,0.0,0.0,0.0,0.0,0.0,0.0,0.0,0.0,0.0,0.0,0.0,0.0,0.0,0.0,0.0,0.0,0.0,0.0,0.0,0.0,0.0,0.0,0.0,0.0,0.0,0.0,0.0,0.0,0.0,0.0,0.0,0.0,0.0,0.0,Z,9
0.0,0.0,0.338583,0.238889,0.543307,0.594444,0.354331,0.85,0.055118,0.972222,0.11811,1.0,0.19685,1.344444,0.23622,1.588889,0.275591,1.794444,-0.259843,0.938889,-0.283465,1.044444,-0.03937,0.772222,0.181102,0.561111,-0.582677,0.805556,-0.566929,0.838889,-0.330709,0.594444,-0.149606,0.422222,-0.88189,0.627778,-0.913386,0.683333,-0.700787,0.538889,-0.535433,0.433333,0,0,0.0,0.0,0.0,0.0,0.0,0.0,0.0,0.0,0.0,0.0,0.0,0.0,0.0,0.0,0.0,0.0,0.0,0.0,0.0,0.0,0.0,0.0,0.0,0.0,0.0,0.0,0.0,0.0,0.0,0.0,0.0,0.0,0.0,0.0,0.0,0.0,0.0,0.0,0.0,0.0,0.0,0.0,Z,9
0.0,0.0,0.432432,0.234637,0.765766,0.592179,0.63964,0.865922,0.315315,1.0,0.072072,1.0,0.027027,1.03352,0.27027,0.776536,0.459459,0.648045,-0.306306,0.949721,-0.315315,0.916201,-0.045045,0.636872,0.144144,0.547486,-0.63964,0.832402,-0.648649,0.782123,-0.396396,0.52514,-0.216216,0.418994,-0.927928,0.687151,-1.036036,0.698324,-0.828829,0.513966,-0.648649,0.418994,0,0,0.0,0.0,0.0,0.0,0.0,0.0,0.0,0.0,0.0,0.0,0.0,0.0,0.0,0.0,0.0,0.0,0.0,0.0,0.0,0.0,0.0,0.0,0.0,0.0,0.0,0.0,0.0,0.0,0.0,0.0,0.0,0.0,0.0,0.0,0.0,0.0,0.0,0.0,0.0,0.0,0.0,0.0,Z,9
0.0,0.0,0.422764,0.155689,0.772358,0.556886,0.739837,0.874251,0.536585,1.047904,0.308943,1.0,0.382114,1.107784,0.528455,0.874251,0.642276,0.730539,-0.03252,0.976048,0.081301,0.958084,0.284553,0.658683,0.414634,0.51497,-0.365854,0.88024,-0.235772,0.838323,-0.03252,0.54491,0.065041,0.389222,-0.691057,0.742515,-0.626016,0.748503,-0.447154,0.532934,-0.349593,0.419162,0,0,0.0,0.0,0.0,0.0,0.0,0.0,0.0,0.0,0.0,0.0,0.0,0.0,0.0,0.0,0.0,0.0,0.0,0.0,0.0,0.0,0.0,0.0,0.0,0.0,0.0,0.0,0.0,0.0,0.0,0.0,0.0,0.0,0.0,0.0,0.0,0.0,0.0,0.0,0.0,0.0,0.0,0.0,Z,9
0.0,0.0,0.384058,0.0,0.811594,0.123967,1.065217,0.31405,1.014493,0.553719,0.789855,1.0,1.188406,1.264463,1.478261,1.413223,1.702899,1.603306,0.463768,1.181818,0.76087,0.958678,0.681159,0.479339,0.57971,0.338843,0.123188,1.123967,0.398551,0.644628,0.34058,0.264463,0.23913,0.264463,-0.210145,0.942149,0.028986,0.487603,0.043478,0.231405,-0.036232,0.280992,0,0,0.0,0.0,0.0,0.0,0.0,0.0,0.0,0.0,0.0,0.0,0.0,0.0,0.0,0.0,0.0,0.0,0.0,0.0,0.0,0.0,0.0,0.0,0.0,0.0,0.0,0.0,0.0,0.0,0.0,0.0,0.0,0.0,0.0,0.0,0.0,0.0,0.0,0.0,0.0,0.0,0.0,0.0,Z,9
0.0,0.0,0.458333,0.047244,0.854167,0.15748,1.097222,0.338583,1.027778,0.496063,0.854167,1.0,1.256944,1.188976,1.534722,1.346457,1.75,1.519685,0.506944,1.188976,0.798611,0.858268,0.722222,0.401575,0.631944,0.330709,0.166667,1.125984,0.409722,0.559055,0.361111,0.23622,0.270833,0.299213,-0.145833,0.937008,0.034722,0.480315,0.083333,0.220472,0.034722,0.251969,0,0,0.0,0.0,0.0,0.0,0.0,0.0,0.0,0.0,0.0,0.0,0.0,0.0,0.0,0.0,0.0,0.0,0.0,0.0,0.0,0.0,0.0,0.0,0.0,0.0,0.0,0.0,0.0,0.0,0.0,0.0,0.0,0.0,0.0,0.0,0.0,0.0,0.0,0.0,0.0,0.0,0.0,0.0,Z,9
0.0,0.0,0.460993,0.046875,0.865248,0.140625,1.106383,0.296875,1.120567,0.476562,0.886525,1.0,1.312057,1.179688,1.624113,1.328125,1.851064,1.492188,0.531915,1.171875,0.836879,0.820312,0.751773,0.382812,0.64539,0.351562,0.191489,1.101562,0.453901,0.539062,0.390071,0.226562,0.29078,0.3125,-0.113475,0.90625,0.085106,0.4375,0.106383,0.210938,0.042553,0.273438,0,0,0.0,0.0,0.0,0.0,0.0,0.0,0.0,0.0,0.0,0.0,0.0,0.0,0.0,0.0,0.0,0.0,0.0,0.0,0.0,0.0,0.0,0.0,0.0,0.0,0.0,0.0,0.0,0.0,0.0,0.0,0.0,0.0,0.0,0.0,0.0,0.0,0.0,0.0,0.0,0.0,0.0,0.0,Z,9
0.0,0.0,0.45,0.067669,0.842857,0.18797,1.05,0.368421,1.028571,0.556391,0.814286,1.0,1.228571,1.18797,1.557143,1.315789,1.807143,1.458647,0.464286,1.135338,0.757143,0.789474,0.714286,0.413534,0.635714,0.353383,0.114286,1.045113,0.371429,0.488722,0.328571,0.270677,0.25,0.360902,-0.185714,0.842105,-0.007143,0.406015,0.014286,0.240602,-0.05,0.308271,0,0,0.0,0.0,0.0,0.0,0.0,0.0,0.0,0.0,0.0,0.0,0.0,0.0,0.0,0.0,0.0,0.0,0.0,0.0,0.0,0.0,0.0,0.0,0.0,0.0,0.0,0.0,0.0,0.0,0.0,0.0,0.0,0.0,0.0,0.0,0.0,0.0,0.0,0.0,0.0,0.0,0.0,0.0,Z,9
0.0,0.0,0.425532,0.06338,0.808511,0.197183,1.021277,0.316901,1.148936,0.429577,0.765957,1.0,1.177305,1.140845,1.489362,1.260563,1.744681,1.387324,0.425532,1.126761,0.687943,0.732394,0.652482,0.415493,0.560284,0.359155,0.078014,1.035211,0.326241,0.528169,0.304965,0.309859,0.234043,0.34507,-0.234043,0.838028,-0.035461,0.415493,-0.014184,0.239437,-0.06383,0.267606,0,0,0.0,0.0,0.0,0.0,0.0,0.0,0.0,0.0,0.0,0.0,0.0,0.0,0.0,0.0,0.0,0.0,0.0,0.0,0.0,0.0,0.0,0.0,0.0,0.0,0.0,0.0,0.0,0.0,0.0,0.0,0.0,0.0,0.0,0.0,0.0,0.0,0.0,0.0,0.0,0.0,0.0,0.0,Z,9
0.0,0.0,0.46875,0.052239,0.890625,0.186567,1.09375,0.320896,1.195312,0.402985,0.835938,1.0,1.3125,1.171642,1.65625,1.283582,1.929688,1.41791,0.46875,1.097015,0.765625,0.716418,0.710938,0.447761,0.601562,0.425373,0.125,0.985075,0.414062,0.477612,0.382812,0.291045,0.28125,0.350746,-0.164062,0.776119,0.085938,0.358209,0.09375,0.19403,0.007812,0.238806,0,0,0.0,0.0,0.0,0.0,0.0,0.0,0.0,0.0,0.0,0.0,0.0,0.0,0.0,0.0,0.0,0.0,0.0,0.0,0.0,0.0,0.0,0.0,0.0,0.0,0.0,0.0,0.0,0.0,0.0,0.0,0.0,0.0,0.0,0.0,0.0,0.0,0.0,0.0,0.0,0.0,0.0,0.0,Z,9
0.0,0.0,0.483607,0.099291,0.92623,0.312057,1.155738,0.446809,1.336066,0.539007,0.614754,1.0,1.04918,1.141844,1.336066,1.219858,1.540984,1.319149,0.221311,1.035461,0.516393,0.815603,0.54918,0.539007,0.491803,0.489362,-0.106557,0.907801,0.213115,0.531915,0.270492,0.304965,0.221311,0.333333,-0.385246,0.716312,-0.081967,0.397163,-0.008197,0.22695,-0.040984,0.241135,0,0,0.0,0.0,0.0,0.0,0.0,0.0,0.0,0.0,0.0,0.0,0.0,0.0,0.0,0.0,0.0,0.0,0.0,0.0,0.0,0.0,0.0,0.0,0.0,0.0,0.0,0.0,0.0,0.0,0.0,0.0,0.0,0.0,0.0,0.0,0.0,0.0,0.0,0.0,0.0,0.0,0.0,0.0,Z,9
0.0,0.0,0.424779,0.173333,0.778761,0.473333,0.823009,0.706667,0.725664,0.846667,0.460177,1.0,0.787611,1.153333,1.079646,1.253333,1.353982,1.353333,0.088496,0.966667,0.442478,0.813333,0.477876,0.586667,0.415929,0.506667,-0.247788,0.806667,0.123894,0.613333,0.185841,0.413333,0.132743,0.366667,-0.539823,0.586667,-0.221239,0.493333,-0.150442,0.34,-0.185841,0.3,0,0,0.0,0.0,0.0,0.0,0.0,0.0,0.0,0.0,0.0,0.0,0.0,0.0,0.0,0.0,0.0,0.0,0.0,0.0,0.0,0.0,0.0,0.0,0.0,0.0,0.0,0.0,0.0,0.0,0.0,0.0,0.0,0.0,0.0,0.0,0.0,0.0,0.0,0.0,0.0,0.0,0.0,0.0,Z,9
0.0,0.0,0.326923,0.303571,0.163462,0.75,-0.240385,1.098214,-0.596154,1.455357,-0.451923,1.0,-0.875,1.035714,-0.509615,1.107143,-0.317308,1.3125,-0.855769,0.776786,-1.182692,0.723214,-0.663462,0.5,-0.538462,0.553571,-1.173077,0.553571,-1.346154,0.428571,-0.855769,0.3125,-0.682692,0.4375,-1.451923,0.357143,-1.557692,0.348214,-1.192308,0.285714,-1.009615,0.366071,0,0,0.0,0.0,0.0,0.0,0.0,0.0,0.0,0.0,0.0,0.0,0.0,0.0,0.0,0.0,0.0,0.0,0.0,0.0,0.0,0.0,0.0,0.0,0.0,0.0,0.0,0.0,0.0,0.0,0.0,0.0,0.0,0.0,0.0,0.0,0.0,0.0,0.0,0.0,0.0,0.0,0.0,0.0,Z,9
0.0,0.0,0.298507,0.103448,0.313433,0.324138,0.067164,0.468966,-0.30597,0.510345,0.0,1.0,-0.104478,1.082759,-0.08209,1.255172,-0.119403,1.544828,-0.410448,0.917241,-0.723881,0.744828,-0.447761,0.337931,-0.343284,0.393103,-0.738806,0.758621,-1.007463,0.448276,-0.671642,0.151724,-0.514925,0.241379,-1.0,0.586207,-1.089552,0.289655,-0.843284,0.124138,-0.69403,0.22069,0,0,0.0,0.0,0.0,0.0,0.0,0.0,0.0,0.0,0.0,0.0,0.0,0.0,0.0,0.0,0.0,0.0,0.0,0.0,0.0,0.0,0.0,0.0,0.0,0.0,0.0,0.0,0.0,0.0,0.0,0.0,0.0,0.0,0.0,0.0,0.0,0.0,0.0,0.0,0.0,0.0,0.0,0.0,Z,9
0.0,0.0,0.26087,0.126761,0.362319,0.352113,0.108696,0.478873,-0.231884,0.56338,0.043478,1.0,-0.028986,1.176056,-0.07971,1.373239,-0.15942,1.626761,-0.355072,1.0,-0.623188,0.823944,-0.398551,0.387324,-0.246377,0.408451,-0.688406,0.880282,-0.934783,0.598592,-0.65942,0.260563,-0.492754,0.323944,-0.956522,0.697183,-1.108696,0.422535,-0.876812,0.21831,-0.710145,0.28169,0,0,0.0,0.0,0.0,0.0,0.0,0.0,0.0,0.0,0.0,0.0,0.0,0.0,0.0,0.0,0.0,0.0,0.0,0.0,0.0,0.0,0.0,0.0,0.0,0.0,0.0,0.0,0.0,0.0,0.0,0.0,0.0,0.0,0.0,0.0,0.0,0.0,0.0,0.0,0.0,0.0,0.0,0.0,Z,9
0.0,0.0,0.271429,0.134228,0.407143,0.362416,0.135714,0.503356,-0.235714,0.563758,0.05,1.0,-0.007143,1.174497,-0.071429,1.33557,-0.157143,1.563758,-0.35,1.0,-0.585714,0.798658,-0.371429,0.395973,-0.235714,0.449664,-0.671429,0.885906,-0.9,0.590604,-0.642857,0.281879,-0.485714,0.355705,-0.95,0.704698,-1.092857,0.42953,-0.857143,0.234899,-0.7,0.295302,0,0,0.0,0.0,0.0,0.0,0.0,0.0,0.0,0.0,0.0,0.0,0.0,0.0,0.0,0.0,0.0,0.0,0.0,0.0,0.0,0.0,0.0,0.0,0.0,0.0,0.0,0.0,0.0,0.0,0.0,0.0,0.0,0.0,0.0,0.0,0.0,0.0,0.0,0.0,0.0,0.0,0.0,0.0,Z,9
0.0,0.0,0.29927,0.164384,0.430657,0.417808,0.10219,0.506849,-0.270073,0.534247,0.007299,1.0,-0.051095,1.184932,-0.109489,1.349315,-0.182482,1.582192,-0.40146,1.020548,-0.620438,0.767123,-0.40146,0.376712,-0.248175,0.445205,-0.737226,0.90411,-0.941606,0.575342,-0.671533,0.267123,-0.510949,0.356164,-0.992701,0.712329,-1.145985,0.424658,-0.89781,0.226027,-0.737226,0.287671,0,0,0.0,0.0,0.0,0.0,0.0,0.0,0.0,0.0,0.0,0.0,0.0,0.0,0.0,0.0,0.0,0.0,0.0,0.0,0.0,0.0,0.0,0.0,0.0,0.0,0.0,0.0,0.0,0.0,0.0,0.0,0.0,0.0,0.0,0.0,0.0,0.0,0.0,0.0,0.0,0.0,0.0,0.0,Z,9
0.0,0.0,0.290076,0.183673,0.435115,0.435374,0.114504,0.503401,-0.244275,0.530612,-0.015267,1.0,-0.061069,1.183673,-0.129771,1.353741,-0.21374,1.571429,-0.427481,1.006803,-0.664122,0.748299,-0.427481,0.380952,-0.251908,0.408163,-0.755725,0.891156,-0.977099,0.557823,-0.694656,0.265306,-0.503817,0.333333,-1.015267,0.693878,-1.183206,0.414966,-0.923664,0.22449,-0.740458,0.272109,0,0,0.0,0.0,0.0,0.0,0.0,0.0,0.0,0.0,0.0,0.0,0.0,0.0,0.0,0.0,0.0,0.0,0.0,0.0,0.0,0.0,0.0,0.0,0.0,0.0,0.0,0.0,0.0,0.0,0.0,0.0,0.0,0.0,0.0,0.0,0.0,0.0,0.0,0.0,0.0,0.0,0.0,0.0,Z,9
0.0,0.0,0.328125,0.1875,0.46875,0.451389,0.125,0.506944,-0.25,0.506944,-0.007812,1.0,-0.070312,1.1875,-0.140625,1.368056,-0.21875,1.583333,-0.421875,1.020833,-0.664062,0.736111,-0.429688,0.361111,-0.242188,0.388889,-0.757812,0.902778,-0.984375,0.5625,-0.703125,0.256944,-0.5,0.319444,-1.007812,0.701389,-1.1875,0.423611,-0.921875,0.222222,-0.734375,0.270833,0,0,0.0,0.0,0.0,0.0,0.0,0.0,0.0,0.0,0.0,0.0,0.0,0.0,0.0,0.0,0.0,0.0,0.0,0.0,0.0,0.0,0.0,0.0,0.0,0.0,0.0,0.0,0.0,0.0,0.0,0.0,0.0,0.0,0.0,0.0,0.0,0.0,0.0,0.0,0.0,0.0,0.0,0.0,Z,9
0.0,0.0,0.323077,0.190476,0.476923,0.455782,0.115385,0.517007,-0.284615,0.517007,-0.007692,1.0,-0.076923,1.170068,-0.130769,1.333333,-0.215385,1.571429,-0.423077,1.013605,-0.646154,0.721088,-0.361538,0.346939,-0.169231,0.421769,-0.761538,0.897959,-0.969231,0.544218,-0.646154,0.244898,-0.453846,0.353741,-1.007692,0.70068,-1.176923,0.401361,-0.892308,0.217687,-0.7,0.285714,0,0,0.0,0.0,0.0,0.0,0.0,0.0,0.0,0.0,0.0,0.0,0.0,0.0,0.0,0.0,0.0,0.0,0.0,0.0,0.0,0.0,0.0,0.0,0.0,0.0,0.0,0.0,0.0,0.0,0.0,0.0,0.0,0.0,0.0,0.0,0.0,0.0,0.0,0.0,0.0,0.0,0.0,0.0,Z,9
0.0,0.0,0.31746,0.203947,0.436508,0.473684,0.047619,0.519737,-0.380952,0.513158,-0.071429,1.0,-0.142857,1.157895,-0.206349,1.315789,-0.293651,1.539474,-0.484127,0.973684,-0.738095,0.730263,-0.468254,0.368421,-0.269841,0.434211,-0.825397,0.855263,-1.063492,0.559211,-0.746032,0.269737,-0.547619,0.361842,-1.071429,0.664474,-1.277778,0.421053,-1.0,0.243421,-0.801587,0.302632,0,0,0.0,0.0,0.0,0.0,0.0,0.0,0.0,0.0,0.0,0.0,0.0,0.0,0.0,0.0,0.0,0.0,0.0,0.0,0.0,0.0,0.0,0.0,0.0,0.0,0.0,0.0,0.0,0.0,0.0,0.0,0.0,0.0,0.0,0.0,0.0,0.0,0.0,0.0,0.0,0.0,0.0,0.0,Z,9
0.0,0.0,0.298387,0.194631,0.395161,0.449664,0.024194,0.503356,-0.379032,0.536913,-0.080645,1.0,-0.153226,1.161074,-0.233871,1.308725,-0.346774,1.550336,-0.491935,0.966443,-0.782258,0.738255,-0.483871,0.369128,-0.282258,0.436242,-0.830645,0.845638,-1.096774,0.557047,-0.758065,0.255034,-0.548387,0.355705,-1.080645,0.66443,-1.290323,0.422819,-1.008065,0.241611,-0.798387,0.302013,0,0,0.0,0.0,0.0,0.0,0.0,0.0,0.0,0.0,0.0,0.0,0.0,0.0,0.0,0.0,0.0,0.0,0.0,0.0,0.0,0.0,0.0,0.0,0.0,0.0,0.0,0.0,0.0,0.0,0.0,0.0,0.0,0.0,0.0,0.0,0.0,0.0,0.0,0.0,0.0,0.0,0.0,0.0,Z,9
0.0,0.0,0.295082,0.15894,0.360656,0.390728,0.016393,0.463576,-0.401639,0.523179,-0.098361,1.0,-0.196721,1.13245,-0.270492,1.278146,-0.360656,1.503311,-0.491803,0.933775,-0.827869,0.761589,-0.52459,0.384106,-0.344262,0.456954,-0.836066,0.801325,-1.131148,0.536424,-0.762295,0.231788,-0.57377,0.350993,-1.098361,0.622517,-1.311475,0.390728,-1.016393,0.205298,-0.827869,0.278146,0,0,0.0,0.0,0.0,0.0,0.0,0.0,0.0,0.0,0.0,0.0,0.0,0.0,0.0,0.0,0.0,0.0,0.0,0.0,0.0,0.0,0.0,0.0,0.0,0.0,0.0,0.0,0.0,0.0,0.0,0.0,0.0,0.0,0.0,0.0,0.0,0.0,0.0,0.0,0.0,0.0,0.0,0.0,Z,9
0.0,0.0,0.276423,0.154362,0.333333,0.369128,0.01626,0.449664,-0.390244,0.52349,-0.081301,1.0,-0.170732,1.14094,-0.268293,1.295302,-0.390244,1.510067,-0.479675,0.939597,-0.821138,0.812081,-0.528455,0.416107,-0.357724,0.47651,-0.813008,0.805369,-1.113821,0.57047,-0.764228,0.268456,-0.577236,0.362416,-1.081301,0.61745,-1.292683,0.395973,-1.02439,0.221477,-0.837398,0.295302,0,0,0.0,0.0,0.0,0.0,0.0,0.0,0.0,0.0,0.0,0.0,0.0,0.0,0.0,0.0,0.0,0.0,0.0,0.0,0.0,0.0,0.0,0.0,0.0,0.0,0.0,0.0,0.0,0.0,0.0,0.0,0.0,0.0,0.0,0.0,0.0,0.0,0.0,0.0,0.0,0.0,0.0,0.0,Z,9
0.0,0.0,0.296,0.152174,0.384,0.376812,0.056,0.456522,-0.336,0.528986,-0.032,1.0,-0.112,1.202899,-0.24,1.384058,-0.376,1.586957,-0.448,0.963768,-0.76,0.847826,-0.56,0.434783,-0.392,0.42029,-0.784,0.826087,-1.072,0.586957,-0.808,0.268116,-0.6,0.304348,-1.032,0.623188,-1.256,0.398551,-1.016,0.195652,-0.824,0.246377,0,0,0.0,0.0,0.0,0.0,0.0,0.0,0.0,0.0,0.0,0.0,0.0,0.0,0.0,0.0,0.0,0.0,0.0,0.0,0.0,0.0,0.0,0.0,0.0,0.0,0.0,0.0,0.0,0.0,0.0,0.0,0.0,0.0,0.0,0.0,0.0,0.0,0.0,0.0,0.0,0.0,0.0,0.0,Z,9
0.0,0.0,0.316667,0.172414,0.425,0.406897,0.05,0.475862,-0.358333,0.531034,-0.016667,1.0,-0.125,1.193103,-0.266667,1.351724,-0.391667,1.551724,-0.45,0.972414,-0.741667,0.855172,-0.541667,0.455172,-0.366667,0.434483,-0.775,0.834483,-1.05,0.641379,-0.775,0.317241,-0.566667,0.351724,-1.016667,0.634483,-1.225,0.427586,-0.983333,0.227586,-0.791667,0.268966,0,0,0.0,0.0,0.0,0.0,0.0,0.0,0.0,0.0,0.0,0.0,0.0,0.0,0.0,0.0,0.0,0.0,0.0,0.0,0.0,0.0,0.0,0.0,0.0,0.0,0.0,0.0,0.0,0.0,0.0,0.0,0.0,0.0,0.0,0.0,0.0,0.0,0.0,0.0,0.0,0.0,0.0,0.0,Z,9
0.0,0.0,0.322581,0.145985,0.459677,0.394161,0.096774,0.467153,-0.298387,0.510949,0.008065,1.0,-0.096774,1.175182,-0.217742,1.357664,-0.346774,1.583942,-0.427419,0.985401,-0.758065,0.759124,-0.524194,0.357664,-0.33871,0.372263,-0.758065,0.861314,-1.040323,0.532847,-0.717742,0.211679,-0.491935,0.284672,-0.991935,0.671533,-1.225806,0.423358,-0.959677,0.19708,-0.75,0.248175,0,0,0.0,0.0,0.0,0.0,0.0,0.0,0.0,0.0,0.0,0.0,0.0,0.0,0.0,0.0,0.0,0.0,0.0,0.0,0.0,0.0,0.0,0.0,0.0,0.0,0.0,0.0,0.0,0.0,0.0,0.0,0.0,0.0,0.0,0.0,0.0,0.0,0.0,0.0,0.0,0.0,0.0,0.0,Z,9
0.0,0.0,0.316667,0.184932,0.391667,0.445205,0.016667,0.486301,-0.383333,0.506849,-0.066667,1.0,-0.166667,1.178082,-0.283333,1.342466,-0.416667,1.561644,-0.491667,0.965753,-0.808333,0.773973,-0.525,0.390411,-0.308333,0.424658,-0.825,0.835616,-1.116667,0.568493,-0.775,0.246575,-0.558333,0.335616,-1.066667,0.643836,-1.3,0.410959,-1.016667,0.232877,-0.816667,0.294521,0,0,0.0,0.0,0.0,0.0,0.0,0.0,0.0,0.0,0.0,0.0,0.0,0.0,0.0,0.0,0.0,0.0,0.0,0.0,0.0,0.0,0.0,0.0,0.0,0.0,0.0,0.0,0.0,0.0,0.0,0.0,0.0,0.0,0.0,0.0,0.0,0.0,0.0,0.0,0.0,0.0,0.0,0.0,Z,9
0.0,0.0,0.294118,0.161074,0.369748,0.389262,0.033613,0.469799,-0.361345,0.543624,-0.058824,1.0,-0.176471,1.147651,-0.302521,1.302013,-0.420168,1.510067,-0.470588,0.966443,-0.806723,0.798658,-0.563025,0.395973,-0.352941,0.395973,-0.806723,0.838926,-1.12605,0.577181,-0.806723,0.255034,-0.579832,0.322148,-1.058824,0.651007,-1.310924,0.416107,-1.042017,0.221477,-0.831933,0.268456,0,0,0.0,0.0,0.0,0.0,0.0,0.0,0.0,0.0,0.0,0.0,0.0,0.0,0.0,0.0,0.0,0.0,0.0,0.0,0.0,0.0,0.0,0.0,0.0,0.0,0.0,0.0,0.0,0.0,0.0,0.0,0.0,0.0,0.0,0.0,0.0,0.0,0.0,0.0,0.0,0.0,0.0,0.0,Z,9
0.0,0.0,0.285714,0.167785,0.294643,0.38255,-0.035714,0.469799,-0.482143,0.557047,-0.116071,1.0,-0.241071,1.14094,-0.383929,1.302013,-0.517857,1.503356,-0.535714,0.885906,-0.982143,0.838926,-0.696429,0.449664,-0.473214,0.442953,-0.866071,0.731544,-1.258929,0.583893,-0.910714,0.288591,-0.678571,0.348993,-1.116071,0.543624,-1.401786,0.38255,-1.142857,0.208054,-0.9375,0.261745,0,0,0.0,0.0,0.0,0.0,0.0,0.0,0.0,0.0,0.0,0.0,0.0,0.0,0.0,0.0,0.0,0.0,0.0,0.0,0.0,0.0,0.0,0.0,0.0,0.0,0.0,0.0,0.0,0.0,0.0,0.0,0.0,0.0,0.0,0.0,0.0,0.0,0.0,0.0,0.0,0.0,0.0,0.0,Z,9
0.0,0.0,0.308333,0.124088,0.3,0.343066,-0.016667,0.437956,-0.458333,0.525547,-0.05,1.0,-0.175,1.160584,-0.3,1.335766,-0.458333,1.59854,-0.441667,0.905109,-0.891667,0.817518,-0.583333,0.379562,-0.391667,0.394161,-0.783333,0.751825,-1.133333,0.532847,-0.733333,0.19708,-0.525,0.306569,-1.05,0.576642,-1.241667,0.335766,-0.933333,0.138686,-0.741667,0.233577,0,0,0.0,0.0,0.0,0.0,0.0,0.0,0.0,0.0,0.0,0.0,0.0,0.0,0.0,0.0,0.0,0.0,0.0,0.0,0.0,0.0,0.0,0.0,0.0,0.0,0.0,0.0,0.0,0.0,0.0,0.0,0.0,0.0,0.0,0.0,0.0,0.0,0.0,0.0,0.0,0.0,0.0,0.0,Z,9
0.0,0.0,0.293103,0.145985,0.318966,0.372263,-0.043103,0.474453,-0.491379,0.569343,-0.068966,1.0,-0.206897,1.211679,-0.37931,1.386861,-0.551724,1.613139,-0.482759,0.919708,-0.931034,0.89781,-0.681034,0.452555,-0.482759,0.452555,-0.818966,0.773723,-1.189655,0.613139,-0.844828,0.270073,-0.603448,0.343066,-1.068966,0.583942,-1.301724,0.40146,-1.034483,0.19708,-0.836207,0.255474,0,0,0.0,0.0,0.0,0.0,0.0,0.0,0.0,0.0,0.0,0.0,0.0,0.0,0.0,0.0,0.0,0.0,0.0,0.0,0.0,0.0,0.0,0.0,0.0,0.0,0.0,0.0,0.0,0.0,0.0,0.0,0.0,0.0,0.0,0.0,0.0,0.0,0.0,0.0,0.0,0.0,0.0,0.0,Z,9
0.0,0.0,0.306306,0.171642,0.342342,0.432836,-0.081081,0.5,-0.567568,0.537313,-0.135135,1.0,-0.252252,1.223881,-0.432432,1.38806,-0.603604,1.61194,-0.567568,0.873134,-1.009009,0.865672,-0.72973,0.432836,-0.522523,0.425373,-0.90991,0.69403,-1.261261,0.537313,-0.873874,0.216418,-0.63964,0.291045,-1.135135,0.477612,-1.378378,0.320896,-1.09009,0.134328,-0.900901,0.19403,0,0,0.0,0.0,0.0,0.0,0.0,0.0,0.0,0.0,0.0,0.0,0.0,0.0,0.0,0.0,0.0,0.0,0.0,0.0,0.0,0.0,0.0,0.0,0.0,0.0,0.0,0.0,0.0,0.0,0.0,0.0,0.0,0.0,0.0,0.0,0.0,0.0,0.0,0.0,0.0,0.0,0.0,0.0,Z,9
0.0,0.0,0.310924,0.183824,0.378151,0.441176,-0.02521,0.507353,-0.470588,0.514706,-0.10084,1.0,-0.201681,1.213235,-0.352941,1.382353,-0.512605,1.588235,-0.521008,0.911765,-0.907563,0.852941,-0.647059,0.426471,-0.445378,0.382353,-0.865546,0.75,-1.159664,0.551471,-0.806723,0.227941,-0.571429,0.272059,-1.10084,0.544118,-1.310924,0.352941,-1.016807,0.147059,-0.823529,0.191176,0,0,0.0,0.0,0.0,0.0,0.0,0.0,0.0,0.0,0.0,0.0,0.0,0.0,0.0,0.0,0.0,0.0,0.0,0.0,0.0,0.0,0.0,0.0,0.0,0.0,0.0,0.0,0.0,0.0,0.0,0.0,0.0,0.0,0.0,0.0,0.0,0.0,0.0,0.0,0.0,0.0,0.0,0.0,Z,9
0.0,0.0,0.318966,0.17931,0.353448,0.42069,-0.051724,0.468966,-0.508621,0.503448,-0.146552,1.0,-0.284483,1.151724,-0.431034,1.289655,-0.568966,1.496552,-0.586207,0.889655,-0.982759,0.82069,-0.706897,0.413793,-0.5,0.406897,-0.922414,0.724138,-1.232759,0.517241,-0.836207,0.206897,-0.594828,0.282759,-1.146552,0.524138,-1.37931,0.337931,-1.068966,0.158621,-0.87069,0.22069,0,0,0.0,0.0,0.0,0.0,0.0,0.0,0.0,0.0,0.0,0.0,0.0,0.0,0.0,0.0,0.0,0.0,0.0,0.0,0.0,0.0,0.0,0.0,0.0,0.0,0.0,0.0,0.0,0.0,0.0,0.0,0.0,0.0,0.0,0.0,0.0,0.0,0.0,0.0,0.0,0.0,0.0,0.0,Z,9
0.0,0.0,0.333333,0.152778,0.350427,0.375,-0.017094,0.4375,-0.478632,0.479167,-0.119658,1.0,-0.273504,1.138889,-0.376068,1.263889,-0.504274,1.479167,-0.538462,0.888889,-0.948718,0.784722,-0.623932,0.368056,-0.410256,0.416667,-0.871795,0.715278,-1.196581,0.5,-0.777778,0.180556,-0.57265,0.298611,-1.119658,0.527778,-1.307692,0.3125,-1.017094,0.131944,-0.854701,0.208333,0,0,0.0,0.0,0.0,0.0,0.0,0.0,0.0,0.0,0.0,0.0,0.0,0.0,0.0,0.0,0.0,0.0,0.0,0.0,0.0,0.0,0.0,0.0,0.0,0.0,0.0,0.0,0.0,0.0,0.0,0.0,0.0,0.0,0.0,0.0,0.0,0.0,0.0,0.0,0.0,0.0,0.0,0.0,Z,9
0.0,0.0,0.300885,0.183099,0.283186,0.401408,-0.088496,0.471831,-0.566372,0.507042,-0.159292,1.0,-0.300885,1.147887,-0.460177,1.295775,-0.628319,1.5,-0.566372,0.866197,-1.017699,0.809859,-0.699115,0.401408,-0.460177,0.394366,-0.911504,0.683099,-1.247788,0.5,-0.80531,0.190141,-0.557522,0.274648,-1.159292,0.485915,-1.39823,0.302817,-1.061947,0.126761,-0.858407,0.197183,0,0,0.0,0.0,0.0,0.0,0.0,0.0,0.0,0.0,0.0,0.0,0.0,0.0,0.0,0.0,0.0,0.0,0.0,0.0,0.0,0.0,0.0,0.0,0.0,0.0,0.0,0.0,0.0,0.0,0.0,0.0,0.0,0.0,0.0,0.0,0.0,0.0,0.0,0.0,0.0,0.0,0.0,0.0,Z,9
0.0,0.0,0.281818,0.174825,0.245455,0.384615,-0.1,0.454545,-0.563636,0.51049,-0.154545,1.0,-0.290909,1.132867,-0.454545,1.272727,-0.609091,1.48951,-0.554545,0.86014,-1.054545,0.804196,-0.718182,0.405594,-0.463636,0.440559,-0.9,0.671329,-1.254545,0.51049,-0.872727,0.223776,-0.654545,0.342657,-1.154545,0.468531,-1.354545,0.293706,-1.118182,0.13986,-1.0,0.20979,0,0,0.0,0.0,0.0,0.0,0.0,0.0,0.0,0.0,0.0,0.0,0.0,0.0,0.0,0.0,0.0,0.0,0.0,0.0,0.0,0.0,0.0,0.0,0.0,0.0,0.0,0.0,0.0,0.0,0.0,0.0,0.0,0.0,0.0,0.0,0.0,0.0,0.0,0.0,0.0,0.0,0.0,0.0,Z,9
0.0,0.0,0.307692,0.133333,0.290598,0.377778,-0.119658,0.511111,-0.598291,0.577778,-0.068376,1.0,-0.247863,1.192593,-0.410256,1.37037,-0.589744,1.622222,-0.487179,0.925926,-0.982906,0.851852,-0.65812,0.422222,-0.410256,0.42963,-0.82906,0.762963,-1.222222,0.555556,-0.811966,0.22963,-0.57265,0.303704,-1.068376,0.562963,-1.299145,0.348148,-0.974359,0.162963,-0.769231,0.244444,0,0,0.0,0.0,0.0,0.0,0.0,0.0,0.0,0.0,0.0,0.0,0.0,0.0,0.0,0.0,0.0,0.0,0.0,0.0,0.0,0.0,0.0,0.0,0.0,0.0,0.0,0.0,0.0,0.0,0.0,0.0,0.0,0.0,0.0,0.0,0.0,0.0,0.0,0.0,0.0,0.0,0.0,0.0,Z,9
0.0,0.0,0.285714,0.158621,0.258929,0.37931,-0.080357,0.482759,-0.535714,0.558621,-0.116071,1.0,-0.267857,1.137931,-0.428571,1.282759,-0.580357,1.496552,-0.508929,0.868966,-1.0,0.855172,-0.705357,0.427586,-0.473214,0.441379,-0.848214,0.689655,-1.223214,0.565517,-0.857143,0.234483,-0.660714,0.324138,-1.116071,0.496552,-1.3125,0.317241,-1.044643,0.137931,-0.892857,0.206897,0,0,0.0,0.0,0.0,0.0,0.0,0.0,0.0,0.0,0.0,0.0,0.0,0.0,0.0,0.0,0.0,0.0,0.0,0.0,0.0,0.0,0.0,0.0,0.0,0.0,0.0,0.0,0.0,0.0,0.0,0.0,0.0,0.0,0.0,0.0,0.0,0.0,0.0,0.0,0.0,0.0,0.0,0.0,Z,9
0.0,0.0,0.298077,0.203008,0.211538,0.458647,-0.221154,0.556391,-0.740385,0.601504,-0.173077,1.0,-0.326923,1.203008,-0.548077,1.413534,-0.75,1.631579,-0.615385,0.849624,-1.201923,0.887218,-0.942308,0.541353,-0.682692,0.473684,-0.961538,0.639098,-1.413462,0.541353,-0.990385,0.308271,-0.682692,0.353383,-1.173077,0.398496,-1.490385,0.278195,-1.240385,0.150376,-1.048077,0.195489,0,0,0.0,0.0,0.0,0.0,0.0,0.0,0.0,0.0,0.0,0.0,0.0,0.0,0.0,0.0,0.0,0.0,0.0,0.0,0.0,0.0,0.0,0.0,0.0,0.0,0.0,0.0,0.0,0.0,0.0,0.0,0.0,0.0,0.0,0.0,0.0,0.0,0.0,0.0,0.0,0.0,0.0,0.0,Z,9
0.0,0.0,0.307692,0.234375,0.290598,0.515625,-0.111111,0.609375,-0.564103,0.617188,-0.094017,1.0,-0.247863,1.226562,-0.487179,1.429688,-0.700855,1.664062,-0.529915,0.890625,-0.991453,0.921875,-0.74359,0.523438,-0.512821,0.398438,-0.880342,0.726562,-1.205128,0.585938,-0.837607,0.296875,-0.547009,0.304688,-1.094017,0.523438,-1.299145,0.375,-1.008547,0.195312,-0.794872,0.242188,0,0,0.0,0.0,0.0,0.0,0.0,0.0,0.0,0.0,0.0,0.0,0.0,0.0,0.0,0.0,0.0,0.0,0.0,0.0,0.0,0.0,0.0,0.0,0.0,0.0,0.0,0.0,0.0,0.0,0.0,0.0,0.0,0.0,0.0,0.0,0.0,0.0,0.0,0.0,0.0,0.0,0.0,0.0,Z,9
0.0,0.0,0.342342,0.183824,0.36036,0.441176,-0.036036,0.507353,-0.513514,0.529412,-0.117117,1.0,-0.243243,1.176471,-0.414414,1.338235,-0.567568,1.558824,-0.531532,0.919118,-1.0,0.875,-0.756757,0.477941,-0.531532,0.411765,-0.873874,0.772059,-1.225225,0.566176,-0.846847,0.272059,-0.576577,0.316176,-1.117117,0.566176,-1.333333,0.367647,-1.045045,0.191176,-0.837838,0.242647,0,0,0.0,0.0,0.0,0.0,0.0,0.0,0.0,0.0,0.0,0.0,0.0,0.0,0.0,0.0,0.0,0.0,0.0,0.0,0.0,0.0,0.0,0.0,0.0,0.0,0.0,0.0,0.0,0.0,0.0,0.0,0.0,0.0,0.0,0.0,0.0,0.0,0.0,0.0,0.0,0.0,0.0,0.0,Z,9
0.0,0.0,0.324561,0.160584,0.368421,0.40146,-0.008772,0.481752,-0.45614,0.554745,-0.078947,1.0,-0.22807,1.160584,-0.377193,1.306569,-0.535088,1.540146,-0.508772,0.890511,-0.982456,0.846715,-0.719298,0.459854,-0.526316,0.459854,-0.833333,0.729927,-1.192982,0.525547,-0.807018,0.20438,-0.54386,0.284672,-1.078947,0.540146,-1.307018,0.343066,-1.017544,0.145985,-0.807018,0.226277,0,0,0.0,0.0,0.0,0.0,0.0,0.0,0.0,0.0,0.0,0.0,0.0,0.0,0.0,0.0,0.0,0.0,0.0,0.0,0.0,0.0,0.0,0.0,0.0,0.0,0.0,0.0,0.0,0.0,0.0,0.0,0.0,0.0,0.0,0.0,0.0,0.0,0.0,0.0,0.0,0.0,0.0,0.0,Z,9
0.0,0.0,0.321429,0.188811,0.375,0.405594,-0.026786,0.461538,-0.473214,0.531469,-0.107143,1.0,-0.25,1.153846,-0.401786,1.293706,-0.544643,1.48951,-0.544643,0.888112,-0.982143,0.839161,-0.705357,0.433566,-0.491071,0.433566,-0.883929,0.72028,-1.258929,0.538462,-0.910714,0.237762,-0.660714,0.307692,-1.107143,0.517483,-1.383929,0.342657,-1.116071,0.160839,-0.901786,0.223776,0,0,0.0,0.0,0.0,0.0,0.0,0.0,0.0,0.0,0.0,0.0,0.0,0.0,0.0,0.0,0.0,0.0,0.0,0.0,0.0,0.0,0.0,0.0,0.0,0.0,0.0,0.0,0.0,0.0,0.0,0.0,0.0,0.0,0.0,0.0,0.0,0.0,0.0,0.0,0.0,0.0,0.0,0.0,Z,9
0.0,0.0,0.299145,0.143836,0.333333,0.356164,0.008547,0.438356,-0.42735,0.513699,-0.128205,1.0,-0.264957,1.136986,-0.384615,1.267123,-0.512821,1.458904,-0.538462,0.89726,-0.940171,0.821918,-0.632479,0.40411,-0.435897,0.431507,-0.863248,0.732877,-1.213675,0.541096,-0.863248,0.219178,-0.65812,0.308219,-1.128205,0.547945,-1.34188,0.342466,-1.076923,0.157534,-0.897436,0.239726,0,0,0.0,0.0,0.0,0.0,0.0,0.0,0.0,0.0,0.0,0.0,0.0,0.0,0.0,0.0,0.0,0.0,0.0,0.0,0.0,0.0,0.0,0.0,0.0,0.0,0.0,0.0,0.0,0.0,0.0,0.0,0.0,0.0,0.0,0.0,0.0,0.0,0.0,0.0,0.0,0.0,0.0,0.0,Z,9
0.0,0.0,0.309091,0.163265,0.309091,0.380952,-0.072727,0.455782,-0.545455,0.517007,-0.163636,1.0,-0.318182,1.129252,-0.463636,1.272109,-0.618182,1.482993,-0.581818,0.884354,-1.063636,0.809524,-0.736364,0.401361,-0.5,0.421769,-0.909091,0.714286,-1.290909,0.530612,-0.881818,0.22449,-0.645455,0.319728,-1.163636,0.52381,-1.390909,0.333333,-1.090909,0.163265,-0.9,0.231293,0,0,0.0,0.0,0.0,0.0,0.0,0.0,0.0,0.0,0.0,0.0,0.0,0.0,0.0,0.0,0.0,0.0,0.0,0.0,0.0,0.0,0.0,0.0,0.0,0.0,0.0,0.0,0.0,0.0,0.0,0.0,0.0,0.0,0.0,0.0,0.0,0.0,0.0,0.0,0.0,0.0,0.0,0.0,Z,9
0.0,0.0,0.309091,0.181159,0.345455,0.42029,-0.063636,0.492754,-0.527273,0.572464,-0.154545,1.0,-0.272727,1.195652,-0.454545,1.369565,-0.618182,1.565217,-0.590909,0.884058,-1.045455,0.876812,-0.763636,0.478261,-0.545455,0.449275,-0.927273,0.710145,-1.281818,0.57971,-0.909091,0.282609,-0.654545,0.333333,-1.154545,0.492754,-1.390909,0.355072,-1.1,0.173913,-0.9,0.231884,0,0,0.0,0.0,0.0,0.0,0.0,0.0,0.0,0.0,0.0,0.0,0.0,0.0,0.0,0.0,0.0,0.0,0.0,0.0,0.0,0.0,0.0,0.0,0.0,0.0,0.0,0.0,0.0,0.0,0.0,0.0,0.0,0.0,0.0,0.0,0.0,0.0,0.0,0.0,0.0,0.0,0.0,0.0,Z,9
0.0,0.0,0.307692,0.171429,0.350427,0.4,-0.034188,0.471429,-0.461538,0.535714,-0.08547,1.0,-0.196581,1.178571,-0.384615,1.357143,-0.538462,1.535714,-0.521368,0.907143,-0.957265,0.871429,-0.74359,0.471429,-0.529915,0.421429,-0.854701,0.742857,-1.196581,0.557143,-0.880342,0.264286,-0.632479,0.307143,-1.08547,0.521429,-1.316239,0.35,-1.068376,0.171429,-0.871795,0.235714,0,0,0.0,0.0,0.0,0.0,0.0,0.0,0.0,0.0,0.0,0.0,0.0,0.0,0.0,0.0,0.0,0.0,0.0,0.0,0.0,0.0,0.0,0.0,0.0,0.0,0.0,0.0,0.0,0.0,0.0,0.0,0.0,0.0,0.0,0.0,0.0,0.0,0.0,0.0,0.0,0.0,0.0,0.0,Z,9
0.0,0.0,0.321739,0.191176,0.365217,0.448529,-0.052174,0.514706,-0.486957,0.566176,-0.130435,1.0,-0.26087,1.198529,-0.417391,1.367647,-0.573913,1.588235,-0.573913,0.926471,-0.991304,0.852941,-0.686957,0.433824,-0.478261,0.441176,-0.913043,0.772059,-1.243478,0.551471,-0.86087,0.235294,-0.617391,0.308824,-1.130435,0.558824,-1.365217,0.352941,-1.052174,0.169118,-0.834783,0.242647,0,0,0.0,0.0,0.0,0.0,0.0,0.0,0.0,0.0,0.0,0.0,0.0,0.0,0.0,0.0,0.0,0.0,0.0,0.0,0.0,0.0,0.0,0.0,0.0,0.0,0.0,0.0,0.0,0.0,0.0,0.0,0.0,0.0,0.0,0.0,0.0,0.0,0.0,0.0,0.0,0.0,0.0,0.0,Z,9
0.0,0.0,0.327869,0.178571,0.393443,0.421429,0.032787,0.5,-0.418033,0.542857,-0.090164,1.0,-0.204918,1.171429,-0.327869,1.314286,-0.47541,1.542857,-0.508197,0.907143,-0.893443,0.807143,-0.565574,0.392857,-0.377049,0.428571,-0.844262,0.75,-1.180328,0.528571,-0.795082,0.207143,-0.57377,0.3,-1.090164,0.55,-1.295082,0.328571,-0.991803,0.142857,-0.803279,0.228571,0,0,0.0,0.0,0.0,0.0,0.0,0.0,0.0,0.0,0.0,0.0,0.0,0.0,0.0,0.0,0.0,0.0,0.0,0.0,0.0,0.0,0.0,0.0,0.0,0.0,0.0,0.0,0.0,0.0,0.0,0.0,0.0,0.0,0.0,0.0,0.0,0.0,0.0,0.0,0.0,0.0,0.0,0.0,Z,9
0.0,0.0,0.307692,0.172185,0.316239,0.397351,-0.042735,0.463576,-0.495726,0.516556,-0.145299,1.0,-0.264957,1.13245,-0.393162,1.278146,-0.529915,1.483444,-0.555556,0.907285,-0.982906,0.81457,-0.666667,0.423841,-0.444444,0.437086,-0.897436,0.748344,-1.205128,0.529801,-0.803419,0.225166,-0.598291,0.331126,-1.145299,0.556291,-1.367521,0.350993,-1.076923,0.18543,-0.897436,0.258278,0,0,0.0,0.0,0.0,0.0,0.0,0.0,0.0,0.0,0.0,0.0,0.0,0.0,0.0,0.0,0.0,0.0,0.0,0.0,0.0,0.0,0.0,0.0,0.0,0.0,0.0,0.0,0.0,0.0,0.0,0.0,0.0,0.0,0.0,0.0,0.0,0.0,0.0,0.0,0.0,0.0,0.0,0.0,Z,9
0.0,0.0,0.297521,0.163265,0.289256,0.360544,-0.008264,0.44898,-0.446281,0.517007,-0.07438,1.0,-0.22314,1.129252,-0.355372,1.265306,-0.495868,1.469388,-0.46281,0.891156,-0.900826,0.829932,-0.61157,0.421769,-0.404959,0.455782,-0.801653,0.727891,-1.123967,0.530612,-0.752066,0.22449,-0.570248,0.340136,-1.07438,0.544218,-1.264463,0.333333,-0.991736,0.163265,-0.826446,0.251701,0,0,0.0,0.0,0.0,0.0,0.0,0.0,0.0,0.0,0.0,0.0,0.0,0.0,0.0,0.0,0.0,0.0,0.0,0.0,0.0,0.0,0.0,0.0,0.0,0.0,0.0,0.0,0.0,0.0,0.0,0.0,0.0,0.0,0.0,0.0,0.0,0.0,0.0,0.0,0.0,0.0,0.0,0.0,Z,9
0.0,0.0,0.299145,0.169014,0.324786,0.408451,-0.034188,0.492958,-0.470085,0.542254,-0.111111,1.0,-0.247863,1.169014,-0.410256,1.323944,-0.57265,1.535211,-0.521368,0.894366,-0.948718,0.852113,-0.675214,0.415493,-0.470085,0.415493,-0.871795,0.725352,-1.205128,0.56338,-0.863248,0.232394,-0.641026,0.309859,-1.111111,0.528169,-1.34188,0.352113,-1.068376,0.169014,-0.871795,0.225352,0,0,0.0,0.0,0.0,0.0,0.0,0.0,0.0,0.0,0.0,0.0,0.0,0.0,0.0,0.0,0.0,0.0,0.0,0.0,0.0,0.0,0.0,0.0,0.0,0.0,0.0,0.0,0.0,0.0,0.0,0.0,0.0,0.0,0.0,0.0,0.0,0.0,0.0,0.0,0.0,0.0,0.0,0.0,Z,9
0.0,0.0,0.301724,0.174825,0.344828,0.412587,-0.008621,0.503497,-0.439655,0.58042,-0.094828,1.0,-0.215517,1.174825,-0.387931,1.328671,-0.543103,1.538462,-0.508621,0.888112,-0.939655,0.888112,-0.663793,0.468531,-0.465517,0.461538,-0.853448,0.72028,-1.215517,0.58042,-0.87069,0.272727,-0.655172,0.342657,-1.094828,0.503497,-1.344828,0.342657,-1.077586,0.174825,-0.87931,0.230769,0,0,0.0,0.0,0.0,0.0,0.0,0.0,0.0,0.0,0.0,0.0,0.0,0.0,0.0,0.0,0.0,0.0,0.0,0.0,0.0,0.0,0.0,0.0,0.0,0.0,0.0,0.0,0.0,0.0,0.0,0.0,0.0,0.0,0.0,0.0,0.0,0.0,0.0,0.0,0.0,0.0,0.0,0.0,Z,9
0.0,0.0,0.530303,0.123377,0.871212,0.376623,0.992424,0.636364,0.924242,0.876623,0.659091,1.0,0.939394,1.344156,1.143939,1.584416,1.272727,1.811688,0.280303,1.064935,0.628788,1.019481,0.628788,0.603896,0.530303,0.493506,-0.05303,0.980519,0.265152,0.772727,0.280303,0.441558,0.181818,0.415584,-0.340909,0.824675,-0.083333,0.584416,0.007576,0.363636,-0.045455,0.363636,0,0,0.0,0.0,0.0,0.0,0.0,0.0,0.0,0.0,0.0,0.0,0.0,0.0,0.0,0.0,0.0,0.0,0.0,0.0,0.0,0.0,0.0,0.0,0.0,0.0,0.0,0.0,0.0,0.0,0.0,0.0,0.0,0.0,0.0,0.0,0.0,0.0,0.0,0.0,0.0,0.0,0.0,0.0,Z,10
0.0,0.0,0.488722,0.12987,0.834586,0.376623,0.984962,0.623377,0.962406,0.87013,0.691729,1.0,0.969925,1.350649,1.180451,1.61039,1.315789,1.837662,0.323308,1.064935,0.654135,1.032468,0.661654,0.623377,0.578947,0.487013,-0.007519,0.993506,0.308271,0.772727,0.308271,0.441558,0.218045,0.402597,-0.308271,0.844156,-0.045113,0.603896,0.037594,0.376623,-0.007519,0.363636,0,0,0.0,0.0,0.0,0.0,0.0,0.0,0.0,0.0,0.0,0.0,0.0,0.0,0.0,0.0,0.0,0.0,0.0,0.0,0.0,0.0,0.0,0.0,0.0,0.0,0.0,0.0,0.0,0.0,0.0,0.0,0.0,0.0,0.0,0.0,0.0,0.0,0.0,0.0,0.0,0.0,0.0,0.0,Z,10
0.0,0.0,0.485075,0.134615,0.813433,0.358974,0.977612,0.583333,0.962687,0.826923,0.69403,1.0,0.970149,1.346154,1.179104,1.602564,1.313433,1.826923,0.320896,1.057692,0.656716,1.032051,0.656716,0.615385,0.567164,0.487179,-0.007463,0.980769,0.298507,0.782051,0.313433,0.448718,0.216418,0.416667,-0.30597,0.826923,-0.044776,0.608974,0.037313,0.371795,-0.014925,0.365385,0,0,0.0,0.0,0.0,0.0,0.0,0.0,0.0,0.0,0.0,0.0,0.0,0.0,0.0,0.0,0.0,0.0,0.0,0.0,0.0,0.0,0.0,0.0,0.0,0.0,0.0,0.0,0.0,0.0,0.0,0.0,0.0,0.0,0.0,0.0,0.0,0.0,0.0,0.0,0.0,0.0,0.0,0.0,Z,10
0.0,0.0,0.485294,0.135484,0.808824,0.341935,0.977941,0.56129,0.970588,0.812903,0.720588,1.0,0.992647,1.36129,1.198529,1.625806,1.323529,1.851613,0.345588,1.064516,0.661765,1.045161,0.654412,0.625806,0.551471,0.522581,0.014706,0.987097,0.308824,0.793548,0.323529,0.451613,0.220588,0.425806,-0.279412,0.83871,-0.029412,0.625806,0.058824,0.387097,0.0,0.374194,0,0,0.0,0.0,0.0,0.0,0.0,0.0,0.0,0.0,0.0,0.0,0.0,0.0,0.0,0.0,0.0,0.0,0.0,0.0,0.0,0.0,0.0,0.0,0.0,0.0,0.0,0.0,0.0,0.0,0.0,0.0,0.0,0.0,0.0,0.0,0.0,0.0,0.0,0.0,0.0,0.0,0.0,0.0,Z,10
0.0,0.0,0.478261,0.138365,0.818841,0.345912,0.992754,0.578616,0.963768,0.823899,0.702899,1.0,0.978261,1.327044,1.173913,1.578616,1.282609,1.805031,0.318841,1.056604,0.652174,1.025157,0.644928,0.610063,0.543478,0.534591,-0.007246,0.981132,0.297101,0.786164,0.304348,0.446541,0.202899,0.446541,-0.297101,0.823899,-0.043478,0.616352,0.036232,0.383648,-0.021739,0.389937,0,0,0.0,0.0,0.0,0.0,0.0,0.0,0.0,0.0,0.0,0.0,0.0,0.0,0.0,0.0,0.0,0.0,0.0,0.0,0.0,0.0,0.0,0.0,0.0,0.0,0.0,0.0,0.0,0.0,0.0,0.0,0.0,0.0,0.0,0.0,0.0,0.0,0.0,0.0,0.0,0.0,0.0,0.0,Z,10
0.0,0.0,0.467153,0.140127,0.810219,0.356688,1.0,0.585987,0.963504,0.834395,0.70073,1.0,0.970803,1.363057,1.160584,1.624204,1.270073,1.853503,0.321168,1.063694,0.642336,1.044586,0.635036,0.617834,0.532847,0.535032,-0.007299,0.993631,0.277372,0.789809,0.291971,0.44586,0.189781,0.433121,-0.29927,0.847134,-0.058394,0.617834,0.029197,0.375796,-0.021898,0.369427,0,0,0.0,0.0,0.0,0.0,0.0,0.0,0.0,0.0,0.0,0.0,0.0,0.0,0.0,0.0,0.0,0.0,0.0,0.0,0.0,0.0,0.0,0.0,0.0,0.0,0.0,0.0,0.0,0.0,0.0,0.0,0.0,0.0,0.0,0.0,0.0,0.0,0.0,0.0,0.0,0.0,0.0,0.0,Z,10
0.0,0.0,0.5,0.139241,0.867647,0.373418,1.044118,0.613924,1.0,0.85443,0.713235,1.0,0.985294,1.35443,1.169118,1.613924,1.279412,1.841772,0.330882,1.063291,0.661765,1.031646,0.661765,0.626582,0.566176,0.531646,0.0,0.987342,0.308824,0.765823,0.308824,0.443038,0.213235,0.436709,-0.286765,0.835443,-0.036765,0.613924,0.044118,0.386076,-0.007353,0.386076,0,0,0.0,0.0,0.0,0.0,0.0,0.0,0.0,0.0,0.0,0.0,0.0,0.0,0.0,0.0,0.0,0.0,0.0,0.0,0.0,0.0,0.0,0.0,0.0,0.0,0.0,0.0,0.0,0.0,0.0,0.0,0.0,0.0,0.0,0.0,0.0,0.0,0.0,0.0,0.0,0.0,0.0,0.0,Z,10
0.0,0.0,0.485294,0.132911,0.830882,0.348101,1.014706,0.563291,0.963235,0.797468,0.698529,1.0,0.970588,1.367089,1.161765,1.626582,1.272059,1.85443,0.316176,1.050633,0.647059,1.037975,0.654412,0.632911,0.558824,0.512658,-0.007353,0.968354,0.294118,0.778481,0.308824,0.449367,0.213235,0.424051,-0.301471,0.816456,-0.051471,0.607595,0.036765,0.379747,-0.007353,0.360759,0,0,0.0,0.0,0.0,0.0,0.0,0.0,0.0,0.0,0.0,0.0,0.0,0.0,0.0,0.0,0.0,0.0,0.0,0.0,0.0,0.0,0.0,0.0,0.0,0.0,0.0,0.0,0.0,0.0,0.0,0.0,0.0,0.0,0.0,0.0,0.0,0.0,0.0,0.0,0.0,0.0,0.0,0.0,Z,10
0.0,0.0,0.457143,0.157576,0.8,0.381818,0.935714,0.606061,0.828571,0.806061,0.642857,1.0,0.885714,1.339394,1.064286,1.593939,1.164286,1.812121,0.257143,1.036364,0.564286,1.042424,0.564286,0.630303,0.471429,0.527273,-0.064286,0.951515,0.228571,0.8,0.25,0.460606,0.164286,0.424242,-0.357143,0.787879,-0.107143,0.624242,-0.007143,0.381818,-0.042857,0.357576,0,0,0.0,0.0,0.0,0.0,0.0,0.0,0.0,0.0,0.0,0.0,0.0,0.0,0.0,0.0,0.0,0.0,0.0,0.0,0.0,0.0,0.0,0.0,0.0,0.0,0.0,0.0,0.0,0.0,0.0,0.0,0.0,0.0,0.0,0.0,0.0,0.0,0.0,0.0,0.0,0.0,0.0,0.0,Z,10
0.0,0.0,0.442029,0.13253,0.76087,0.325301,0.92029,0.53012,0.891304,0.759036,0.637681,1.0,0.869565,1.337349,1.050725,1.596386,1.152174,1.813253,0.253623,1.036145,0.550725,1.066265,0.557971,0.650602,0.471014,0.548193,-0.07971,0.957831,0.217391,0.795181,0.231884,0.463855,0.144928,0.445783,-0.362319,0.801205,-0.123188,0.620482,-0.028986,0.391566,-0.065217,0.385542,0,0,0.0,0.0,0.0,0.0,0.0,0.0,0.0,0.0,0.0,0.0,0.0,0.0,0.0,0.0,0.0,0.0,0.0,0.0,0.0,0.0,0.0,0.0,0.0,0.0,0.0,0.0,0.0,0.0,0.0,0.0,0.0,0.0,0.0,0.0,0.0,0.0,0.0,0.0,0.0,0.0,0.0,0.0,Z,10
0.0,0.0,0.4375,0.115854,0.736111,0.304878,0.854167,0.506098,0.854167,0.743902,0.638889,1.0,0.833333,1.365854,0.986111,1.640244,1.076389,1.853659,0.256944,1.036585,0.520833,1.091463,0.520833,0.664634,0.451389,0.536585,-0.069444,0.957317,0.1875,0.810976,0.215278,0.47561,0.145833,0.432927,-0.361111,0.804878,-0.138889,0.628049,-0.034722,0.396341,-0.055556,0.390244,0,0,0.0,0.0,0.0,0.0,0.0,0.0,0.0,0.0,0.0,0.0,0.0,0.0,0.0,0.0,0.0,0.0,0.0,0.0,0.0,0.0,0.0,0.0,0.0,0.0,0.0,0.0,0.0,0.0,0.0,0.0,0.0,0.0,0.0,0.0,0.0,0.0,0.0,0.0,0.0,0.0,0.0,0.0,Z,10
0.0,0.0,0.446043,0.126506,0.755396,0.325301,0.863309,0.536145,0.841727,0.759036,0.625899,1.0,0.856115,1.361446,1.028777,1.626506,1.115108,1.837349,0.23741,1.036145,0.517986,1.090361,0.532374,0.674699,0.453237,0.560241,-0.086331,0.957831,0.194245,0.819277,0.215827,0.475904,0.129496,0.445783,-0.374101,0.807229,-0.136691,0.63253,-0.043165,0.39759,-0.079137,0.39759,0,0,0.0,0.0,0.0,0.0,0.0,0.0,0.0,0.0,0.0,0.0,0.0,0.0,0.0,0.0,0.0,0.0,0.0,0.0,0.0,0.0,0.0,0.0,0.0,0.0,0.0,0.0,0.0,0.0,0.0,0.0,0.0,0.0,0.0,0.0,0.0,0.0,0.0,0.0,0.0,0.0,0.0,0.0,Z,10
0.0,0.0,0.464789,0.127273,0.795775,0.339394,0.866197,0.557576,0.809859,0.775758,0.633803,1.0,0.859155,1.357576,1.021127,1.624242,1.112676,1.836364,0.253521,1.036364,0.514085,1.078788,0.521127,0.684848,0.457746,0.551515,-0.077465,0.951515,0.190141,0.830303,0.225352,0.49697,0.15493,0.454545,-0.366197,0.806061,-0.133803,0.648485,-0.042254,0.412121,-0.06338,0.406061,0,0,0.0,0.0,0.0,0.0,0.0,0.0,0.0,0.0,0.0,0.0,0.0,0.0,0.0,0.0,0.0,0.0,0.0,0.0,0.0,0.0,0.0,0.0,0.0,0.0,0.0,0.0,0.0,0.0,0.0,0.0,0.0,0.0,0.0,0.0,0.0,0.0,0.0,0.0,0.0,0.0,0.0,0.0,Z,10
0.0,0.0,0.453901,0.134146,0.77305,0.359756,0.865248,0.567073,0.829787,0.77439,0.652482,1.0,0.900709,1.353659,1.06383,1.603659,1.163121,1.829268,0.283688,1.036585,0.546099,1.073171,0.560284,0.695122,0.496454,0.567073,-0.049645,0.957317,0.22695,0.823171,0.255319,0.5,0.184397,0.463415,-0.347518,0.804878,-0.106383,0.640244,-0.007092,0.414634,-0.028369,0.402439,0,0,0.0,0.0,0.0,0.0,0.0,0.0,0.0,0.0,0.0,0.0,0.0,0.0,0.0,0.0,0.0,0.0,0.0,0.0,0.0,0.0,0.0,0.0,0.0,0.0,0.0,0.0,0.0,0.0,0.0,0.0,0.0,0.0,0.0,0.0,0.0,0.0,0.0,0.0,0.0,0.0,0.0,0.0,Z,10
0.0,0.0,0.414286,0.127273,0.735714,0.351515,0.857143,0.575758,0.785714,0.781818,0.614286,1.0,0.871429,1.345455,1.057143,1.593939,1.157143,1.812121,0.25,1.036364,0.507143,1.066667,0.521429,0.684848,0.428571,0.563636,-0.078571,0.945455,0.192857,0.824242,0.221429,0.509091,0.135714,0.454545,-0.385714,0.781818,-0.142857,0.672727,-0.042857,0.448485,-0.071429,0.4,0,0,0.0,0.0,0.0,0.0,0.0,0.0,0.0,0.0,0.0,0.0,0.0,0.0,0.0,0.0,0.0,0.0,0.0,0.0,0.0,0.0,0.0,0.0,0.0,0.0,0.0,0.0,0.0,0.0,0.0,0.0,0.0,0.0,0.0,0.0,0.0,0.0,0.0,0.0,0.0,0.0,0.0,0.0,Z,10
0.0,0.0,0.395683,0.152941,0.784173,0.376471,0.81295,0.552941,0.683453,0.670588,0.546763,1.0,0.776978,1.317647,0.94964,1.541176,1.057554,1.747059,0.165468,1.011765,0.410072,1.047059,0.47482,0.705882,0.410072,0.617647,-0.158273,0.905882,0.071942,0.829412,0.151079,0.535294,0.086331,0.505882,-0.453237,0.735294,-0.273381,0.670588,-0.158273,0.476471,-0.179856,0.452941,0,0,0.0,0.0,0.0,0.0,0.0,0.0,0.0,0.0,0.0,0.0,0.0,0.0,0.0,0.0,0.0,0.0,0.0,0.0,0.0,0.0,0.0,0.0,0.0,0.0,0.0,0.0,0.0,0.0,0.0,0.0,0.0,0.0,0.0,0.0,0.0,0.0,0.0,0.0,0.0,0.0,0.0,0.0,Z,10
0.0,0.0,0.37931,0.035088,0.758621,0.394737,0.939655,0.719298,0.991379,1.035088,0.543103,1.0,0.62069,1.307018,0.732759,1.45614,0.844828,1.526316,0.232759,1.052632,0.310345,1.359649,0.422414,1.385965,0.551724,1.403509,-0.103448,0.964912,-0.077586,1.184211,0.008621,1.052632,0.077586,0.947368,-0.456897,0.789474,-0.448276,0.991228,-0.37069,0.894737,-0.327586,0.780702,0.008620689655172414,0.14035087719298245,0.0,0.0,0.419847,0.123529,0.793893,0.417647,0.862595,0.664706,0.778626,0.858824,0.480916,1.0,0.740458,1.329412,0.954198,1.541176,1.114504,1.735294,0.10687,1.0,0.381679,1.035294,0.435115,0.711765,0.374046,0.594118,-0.21374,0.894118,0.053435,0.835294,0.122137,0.535294,0.076336,0.452941,-0.519084,0.735294,-0.29771,0.694118,-0.152672,0.470588,-0.137405,0.394118,Z,10
0.0,0.0,0.427184,0.099174,0.873786,0.396694,1.087379,0.677686,1.135922,0.917355,0.495146,1.0,0.504854,1.272727,0.61165,1.123967,0.708738,0.975207,0.165049,0.991736,0.174757,1.256198,0.300971,1.066116,0.398058,0.909091,-0.174757,0.892562,-0.174757,1.090909,-0.029126,0.917355,0.067961,0.760331,-0.504854,0.710744,-0.514563,0.900826,-0.378641,0.793388,-0.300971,0.669421,-0.02912621359223301,0.09090909090909091,0.0,0.0,0.432,0.147239,0.832,0.423313,0.856,0.674847,0.744,0.865031,0.488,1.0,0.672,1.380368,0.84,1.607362,0.984,1.791411,0.12,0.969325,0.248,1.104294,0.376,0.852761,0.408,0.730061,-0.2,0.858896,-0.112,0.95092,0.016,0.711656,0.048,0.595092,-0.512,0.680982,-0.432,0.773006,-0.28,0.601227,-0.24,0.503067,Z,10
0.0,0.0,0.46281,0.265823,0.826446,0.588608,0.958678,0.848101,0.900826,0.949367,0.347107,1.0,0.338843,1.291139,0.438017,1.139241,0.471074,0.987342,0.008264,0.949367,0.066116,1.132911,0.206612,0.924051,0.247934,0.772152,-0.322314,0.835443,-0.247934,0.981013,-0.115702,0.797468,-0.066116,0.658228,-0.652893,0.683544,-0.628099,0.829114,-0.495868,0.702532,-0.429752,0.588608,0,0,0.0,0.0,0.0,0.0,0.0,0.0,0.0,0.0,0.0,0.0,0.0,0.0,0.0,0.0,0.0,0.0,0.0,0.0,0.0,0.0,0.0,0.0,0.0,0.0,0.0,0.0,0.0,0.0,0.0,0.0,0.0,0.0,0.0,0.0,0.0,0.0,0.0,0.0,0.0,0.0,0.0,0.0,Z,10
0.0,0.0,0.5,0.229299,0.844444,0.522293,0.944444,0.726115,0.944444,0.872611,0.133333,1.0,-0.011111,1.254777,0.133333,1.33121,0.3,1.324841,-0.255556,0.923567,-0.3,1.10828,0.044444,1.025478,0.322222,0.904459,-0.588889,0.77707,-0.588889,0.917197,-0.244444,0.853503,0.033333,0.745223,-0.866667,0.566879,-0.844444,0.694268,-0.577778,0.66879,-0.333333,0.605096,0,0,0.0,0.0,0.0,0.0,0.0,0.0,0.0,0.0,0.0,0.0,0.0,0.0,0.0,0.0,0.0,0.0,0.0,0.0,0.0,0.0,0.0,0.0,0.0,0.0,0.0,0.0,0.0,0.0,0.0,0.0,0.0,0.0,0.0,0.0,0.0,0.0,0.0,0.0,0.0,0.0,0.0,0.0,Z,10
0.0,0.0,0.383178,0.236842,0.495327,0.697368,0.242991,1.019737,-0.158879,1.184211,0.140187,1.0,0.17757,1.348684,0.233645,1.644737,0.271028,1.875,-0.224299,0.921053,-0.439252,1.131579,-0.158879,0.934211,0.093458,0.756579,-0.560748,0.756579,-0.738318,0.940789,-0.457944,0.769737,-0.261682,0.611842,-0.859813,0.532895,-0.943925,0.717105,-0.691589,0.611842,-0.523364,0.493421,0,0,0.0,0.0,0.0,0.0,0.0,0.0,0.0,0.0,0.0,0.0,0.0,0.0,0.0,0.0,0.0,0.0,0.0,0.0,0.0,0.0,0.0,0.0,0.0,0.0,0.0,0.0,0.0,0.0,0.0,0.0,0.0,0.0,0.0,0.0,0.0,0.0,0.0,0.0,0.0,0.0,0.0,0.0,Z,10
0.0,0.0,0.344828,0.207792,0.465517,0.62987,0.189655,0.87013,-0.181034,0.915584,0.017241,1.0,-0.008621,1.441558,-0.017241,1.766234,-0.060345,2.032468,-0.37069,0.909091,-0.517241,1.090909,-0.258621,0.798701,-0.077586,0.597403,-0.698276,0.733766,-0.844828,0.87013,-0.551724,0.616883,-0.387931,0.448052,-0.982759,0.493506,-1.077586,0.62987,-0.818966,0.467532,-0.655172,0.337662,0,0,0.0,0.0,0.0,0.0,0.0,0.0,0.0,0.0,0.0,0.0,0.0,0.0,0.0,0.0,0.0,0.0,0.0,0.0,0.0,0.0,0.0,0.0,0.0,0.0,0.0,0.0,0.0,0.0,0.0,0.0,0.0,0.0,0.0,0.0,0.0,0.0,0.0,0.0,0.0,0.0,0.0,0.0,Z,10
0.0,0.0,0.318584,0.220238,0.433628,0.577381,0.115044,0.75,-0.318584,0.785714,-0.070796,1.0,-0.168142,1.404762,-0.265487,1.684524,-0.371681,1.916667,-0.486726,0.875,-0.761062,1.065476,-0.469027,0.785714,-0.247788,0.613095,-0.814159,0.684524,-1.035398,0.77381,-0.699115,0.541667,-0.495575,0.416667,-1.070796,0.446429,-1.247788,0.547619,-0.938053,0.392857,-0.752212,0.309524,0,0,0.0,0.0,0.0,0.0,0.0,0.0,0.0,0.0,0.0,0.0,0.0,0.0,0.0,0.0,0.0,0.0,0.0,0.0,0.0,0.0,0.0,0.0,0.0,0.0,0.0,0.0,0.0,0.0,0.0,0.0,0.0,0.0,0.0,0.0,0.0,0.0,0.0,0.0,0.0,0.0,0.0,0.0,Z,10
0.0,0.0,0.336449,0.254237,0.429907,0.576271,0.130841,0.745763,-0.317757,0.79661,-0.186916,1.0,-0.299065,1.39548,-0.420561,1.672316,-0.560748,1.909605,-0.616822,0.864407,-0.878505,1.033898,-0.560748,0.717514,-0.35514,0.60452,-0.943925,0.694915,-1.196262,0.757062,-0.794393,0.502825,-0.579439,0.451977,-1.186916,0.480226,-1.392523,0.542373,-1.028037,0.389831,-0.82243,0.344633,0,0,0.0,0.0,0.0,0.0,0.0,0.0,0.0,0.0,0.0,0.0,0.0,0.0,0.0,0.0,0.0,0.0,0.0,0.0,0.0,0.0,0.0,0.0,0.0,0.0,0.0,0.0,0.0,0.0,0.0,0.0,0.0,0.0,0.0,0.0,0.0,0.0,0.0,0.0,0.0,0.0,0.0,0.0,Z,10
0.0,0.0,0.315315,0.26257,0.423423,0.575419,0.135135,0.75419,-0.315315,0.815642,-0.153153,1.0,-0.27027,1.396648,-0.414414,1.670391,-0.558559,1.910615,-0.585586,0.865922,-0.864865,1.039106,-0.567568,0.72067,-0.342342,0.581006,-0.90991,0.698324,-1.18018,0.765363,-0.801802,0.513966,-0.558559,0.430168,-1.153153,0.486034,-1.369369,0.541899,-1.027027,0.391061,-0.801802,0.335196,0,0,0.0,0.0,0.0,0.0,0.0,0.0,0.0,0.0,0.0,0.0,0.0,0.0,0.0,0.0,0.0,0.0,0.0,0.0,0.0,0.0,0.0,0.0,0.0,0.0,0.0,0.0,0.0,0.0,0.0,0.0,0.0,0.0,0.0,0.0,0.0,0.0,0.0,0.0,0.0,0.0,0.0,0.0,Z,10
0.0,0.0,0.300885,0.268156,0.40708,0.597765,0.123894,0.782123,-0.318584,0.826816,-0.115044,1.0,-0.247788,1.396648,-0.389381,1.670391,-0.530973,1.910615,-0.530973,0.882682,-0.80531,1.03352,-0.495575,0.726257,-0.256637,0.592179,-0.858407,0.72067,-1.097345,0.765363,-0.734513,0.52514,-0.477876,0.446927,-1.115044,0.519553,-1.292035,0.553073,-0.982301,0.402235,-0.752212,0.357542,0,0,0.0,0.0,0.0,0.0,0.0,0.0,0.0,0.0,0.0,0.0,0.0,0.0,0.0,0.0,0.0,0.0,0.0,0.0,0.0,0.0,0.0,0.0,0.0,0.0,0.0,0.0,0.0,0.0,0.0,0.0,0.0,0.0,0.0,0.0,0.0,0.0,0.0,0.0,0.0,0.0,0.0,0.0,Z,10
0.0,0.0,0.29661,0.303371,0.355932,0.662921,0.008475,0.808989,-0.381356,0.808989,-0.101695,1.0,-0.20339,1.393258,-0.29661,1.668539,-0.40678,1.904494,-0.525424,0.91573,-0.627119,1.005618,-0.355932,0.747191,-0.144068,0.58427,-0.855932,0.764045,-0.915254,0.741573,-0.59322,0.533708,-0.372881,0.426966,-1.101695,0.567416,-1.118644,0.533708,-0.838983,0.398876,-0.661017,0.353933,0,0,0.0,0.0,0.0,0.0,0.0,0.0,0.0,0.0,0.0,0.0,0.0,0.0,0.0,0.0,0.0,0.0,0.0,0.0,0.0,0.0,0.0,0.0,0.0,0.0,0.0,0.0,0.0,0.0,0.0,0.0,0.0,0.0,0.0,0.0,0.0,0.0,0.0,0.0,0.0,0.0,0.0,0.0,Z,10
0.0,0.0,0.341463,0.21547,0.585366,0.475138,0.650407,0.629834,0.674797,0.690608,0.0,1.0,-0.105691,1.348066,-0.211382,1.59116,-0.308943,1.779006,-0.390244,0.900552,-0.406504,0.961326,-0.04065,0.696133,0.235772,0.502762,-0.723577,0.734807,-0.617886,0.712707,-0.284553,0.480663,-0.065041,0.320442,-1.0,0.535912,-0.918699,0.541436,-0.617886,0.392265,-0.414634,0.303867,0,0,0.0,0.0,0.0,0.0,0.0,0.0,0.0,0.0,0.0,0.0,0.0,0.0,0.0,0.0,0.0,0.0,0.0,0.0,0.0,0.0,0.0,0.0,0.0,0.0,0.0,0.0,0.0,0.0,0.0,0.0,0.0,0.0,0.0,0.0,0.0,0.0,0.0,0.0,0.0,0.0,0.0,0.0,Z,10
0.0,0.0,0.361345,0.232955,0.596639,0.613636,0.521008,0.892045,0.411765,1.090909,-0.134454,1.0,-0.352941,1.181818,-0.285714,1.130682,-0.151261,1.085227,-0.537815,0.931818,-0.403361,0.829545,-0.033613,0.573864,0.252101,0.4375,-0.848739,0.784091,-0.588235,0.613636,-0.243697,0.386364,-0.008403,0.267045,-1.134454,0.602273,-0.941176,0.5,-0.672269,0.323864,-0.495798,0.244318,0,0,0.0,0.0,0.0,0.0,0.0,0.0,0.0,0.0,0.0,0.0,0.0,0.0,0.0,0.0,0.0,0.0,0.0,0.0,0.0,0.0,0.0,0.0,0.0,0.0,0.0,0.0,0.0,0.0,0.0,0.0,0.0,0.0,0.0,0.0,0.0,0.0,0.0,0.0,0.0,0.0,0.0,0.0,Z,10
0.0,0.0,0.4,0.102041,0.8,0.22449,1.05,0.234694,1.225,0.234694,0.833333,1.0,1.166667,0.908163,1.25,0.642857,1.258333,0.489796,0.508333,1.040816,0.866667,0.438776,0.866667,0.091837,0.816667,-0.030612,0.158333,0.867347,0.475,0.132653,0.466667,-0.132653,0.425,-0.173469,-0.166667,0.591837,0.083333,-0.040816,0.108333,-0.234694,0.091667,-0.255102,0,0,0.0,0.0,0.0,0.0,0.0,0.0,0.0,0.0,0.0,0.0,0.0,0.0,0.0,0.0,0.0,0.0,0.0,0.0,0.0,0.0,0.0,0.0,0.0,0.0,0.0,0.0,0.0,0.0,0.0,0.0,0.0,0.0,0.0,0.0,0.0,0.0,0.0,0.0,0.0,0.0,0.0,0.0,Z,10
0.0,0.0,0.314103,0.0,0.628205,0.09,0.846154,0.16,1.019231,0.22,0.705128,1.0,1.083333,1.2,1.326923,1.36,1.512821,1.54,0.384615,1.28,0.685897,0.69,0.685897,0.18,0.653846,-0.02,0.044872,1.21,0.301282,0.34,0.294872,0.03,0.24359,0.07,-0.294872,0.99,-0.089744,0.25,-0.044872,-0.02,-0.070513,0.02,0,0,0.0,0.0,0.0,0.0,0.0,0.0,0.0,0.0,0.0,0.0,0.0,0.0,0.0,0.0,0.0,0.0,0.0,0.0,0.0,0.0,0.0,0.0,0.0,0.0,0.0,0.0,0.0,0.0,0.0,0.0,0.0,0.0,0.0,0.0,0.0,0.0,0.0,0.0,0.0,0.0,0.0,0.0,Z,10
0.0,0.0,0.409722,0.028037,0.791667,0.084112,1.020833,0.17757,1.090278,0.336449,0.805556,1.0,1.180556,1.196262,1.451389,1.35514,1.673611,1.551402,0.465278,1.224299,0.756944,0.672897,0.736111,0.205607,0.666667,0.130841,0.125,1.121495,0.381944,0.261682,0.361111,0.009346,0.298611,0.158879,-0.194444,0.869159,0.006944,0.214953,0.048611,0.009346,0.0,0.140187,0,0,0.0,0.0,0.0,0.0,0.0,0.0,0.0,0.0,0.0,0.0,0.0,0.0,0.0,0.0,0.0,0.0,0.0,0.0,0.0,0.0,0.0,0.0,0.0,0.0,0.0,0.0,0.0,0.0,0.0,0.0,0.0,0.0,0.0,0.0,0.0,0.0,0.0,0.0,0.0,0.0,0.0,0.0,Z,10
0.0,0.0,0.412587,0.045872,0.818182,0.110092,1.048951,0.229358,0.979021,0.330275,0.755245,1.0,1.125874,1.183486,1.405594,1.330275,1.608392,1.513761,0.405594,1.201835,0.699301,0.669725,0.65035,0.174312,0.545455,0.091743,0.055944,1.091743,0.314685,0.33945,0.307692,0.036697,0.230769,0.12844,-0.244755,0.834862,-0.048951,0.256881,0.0,0.027523,-0.06993,0.110092,0,0,0.0,0.0,0.0,0.0,0.0,0.0,0.0,0.0,0.0,0.0,0.0,0.0,0.0,0.0,0.0,0.0,0.0,0.0,0.0,0.0,0.0,0.0,0.0,0.0,0.0,0.0,0.0,0.0,0.0,0.0,0.0,0.0,0.0,0.0,0.0,0.0,0.0,0.0,0.0,0.0,0.0,0.0,Z,10
0.0,0.0,0.460993,0.072072,0.893617,0.153153,1.134752,0.243243,1.056738,0.297297,0.801418,1.0,1.198582,1.162162,1.489362,1.288288,1.716312,1.468468,0.453901,1.18018,0.765957,0.648649,0.730496,0.162162,0.638298,0.099099,0.099291,1.054054,0.375887,0.306306,0.368794,0.0,0.283688,0.099099,-0.198582,0.801802,0.0,0.207207,0.042553,-0.018018,-0.028369,0.072072,0,0,0.0,0.0,0.0,0.0,0.0,0.0,0.0,0.0,0.0,0.0,0.0,0.0,0.0,0.0,0.0,0.0,0.0,0.0,0.0,0.0,0.0,0.0,0.0,0.0,0.0,0.0,0.0,0.0,0.0,0.0,0.0,0.0,0.0,0.0,0.0,0.0,0.0,0.0,0.0,0.0,0.0,0.0,Z,10
0.0,0.0,0.430556,0.044643,0.854167,0.178571,1.083333,0.321429,1.0,0.348214,0.756944,1.0,1.125,1.169643,1.388889,1.294643,1.597222,1.482143,0.402778,1.178571,0.680556,0.660714,0.638889,0.232143,0.541667,0.196429,0.055556,1.0625,0.326389,0.321429,0.3125,0.089286,0.229167,0.241071,-0.243056,0.8125,-0.034722,0.232143,-0.013889,0.044643,-0.097222,0.151786,0,0,0.0,0.0,0.0,0.0,0.0,0.0,0.0,0.0,0.0,0.0,0.0,0.0,0.0,0.0,0.0,0.0,0.0,0.0,0.0,0.0,0.0,0.0,0.0,0.0,0.0,0.0,0.0,0.0,0.0,0.0,0.0,0.0,0.0,0.0,0.0,0.0,0.0,0.0,0.0,0.0,0.0,0.0,Z,10
0.0,0.0,0.378378,0.018519,0.756757,0.148148,0.959459,0.268519,0.918919,0.37037,0.682432,1.0,1.027027,1.212963,1.256757,1.342593,1.452703,1.518519,0.331081,1.175926,0.554054,0.740741,0.547297,0.305556,0.47973,0.194444,-0.013514,1.055556,0.182432,0.472222,0.216216,0.203704,0.168919,0.222222,-0.317568,0.796296,-0.175676,0.333333,-0.114865,0.111111,-0.141892,0.101852,0,0,0.0,0.0,0.0,0.0,0.0,0.0,0.0,0.0,0.0,0.0,0.0,0.0,0.0,0.0,0.0,0.0,0.0,0.0,0.0,0.0,0.0,0.0,0.0,0.0,0.0,0.0,0.0,0.0,0.0,0.0,0.0,0.0,0.0,0.0,0.0,0.0,0.0,0.0,0.0,0.0,0.0,0.0,Z,10
0.0,0.0,0.474453,0.045045,0.941606,0.234234,1.306569,0.333333,1.562044,0.432432,0.722628,1.0,1.087591,1.126126,1.328467,1.306306,1.532847,1.504505,0.364964,1.162162,0.547445,0.495495,0.562044,0.216216,0.518248,0.234234,0.014599,1.045045,0.218978,0.279279,0.233577,0.135135,0.189781,0.252252,-0.277372,0.810811,-0.116788,0.234234,-0.10219,0.081081,-0.160584,0.153153,0,0,0.0,0.0,0.0,0.0,0.0,0.0,0.0,0.0,0.0,0.0,0.0,0.0,0.0,0.0,0.0,0.0,0.0,0.0,0.0,0.0,0.0,0.0,0.0,0.0,0.0,0.0,0.0,0.0,0.0,0.0,0.0,0.0,0.0,0.0,0.0,0.0,0.0,0.0,0.0,0.0,0.0,0.0,Z,10
0.0,0.0,0.575758,0.015625,1.121212,0.171875,1.356061,0.3125,1.439394,0.414062,0.863636,1.0,1.257576,1.125,1.537879,1.21875,1.765152,1.3125,0.5,1.171875,0.727273,0.664062,0.681818,0.382812,0.575758,0.328125,0.166667,1.109375,0.393939,0.546875,0.393939,0.335938,0.325758,0.335938,-0.136364,0.945312,0.121212,0.515625,0.174242,0.296875,0.166667,0.21875,0,0,0.0,0.0,0.0,0.0,0.0,0.0,0.0,0.0,0.0,0.0,0.0,0.0,0.0,0.0,0.0,0.0,0.0,0.0,0.0,0.0,0.0,0.0,0.0,0.0,0.0,0.0,0.0,0.0,0.0,0.0,0.0,0.0,0.0,0.0,0.0,0.0,0.0,0.0,0.0,0.0,0.0,0.0,Z,10
0.0,0.0,0.532787,0.071942,0.92623,0.18705,1.131148,0.266187,1.172131,0.410072,0.778689,1.0,1.155738,1.143885,1.42623,1.23741,1.631148,1.323741,0.393443,1.064748,0.647541,0.856115,0.713115,0.604317,0.688525,0.52518,0.040984,0.928058,0.327869,0.589928,0.418033,0.402878,0.409836,0.388489,-0.221311,0.690647,0.07377,0.374101,0.172131,0.230216,0.163934,0.23741,0,0,0.0,0.0,0.0,0.0,0.0,0.0,0.0,0.0,0.0,0.0,0.0,0.0,0.0,0.0,0.0,0.0,0.0,0.0,0.0,0.0,0.0,0.0,0.0,0.0,0.0,0.0,0.0,0.0,0.0,0.0,0.0,0.0,0.0,0.0,0.0,0.0,0.0,0.0,0.0,0.0,0.0,0.0,Z,10
0.0,0.0,0.321101,0.024194,0.715596,0.306452,0.87156,0.596774,0.899083,0.879032,0.486239,1.0,0.688073,1.322581,0.889908,1.564516,1.018349,1.782258,0.146789,1.072581,0.486239,1.129032,0.522936,0.701613,0.440367,0.524194,-0.192661,0.991935,0.146789,0.959677,0.220183,0.556452,0.165138,0.41129,-0.513761,0.822581,-0.201835,0.741935,-0.055046,0.41129,-0.055046,0.266129,0,0,0.0,0.0,0.0,0.0,0.0,0.0,0.0,0.0,0.0,0.0,0.0,0.0,0.0,0.0,0.0,0.0,0.0,0.0,0.0,0.0,0.0,0.0,0.0,0.0,0.0,0.0,0.0,0.0,0.0,0.0,0.0,0.0,0.0,0.0,0.0,0.0,0.0,0.0,0.0,0.0,0.0,0.0,Z,11
0.0,0.0,0.389381,0.065693,0.769912,0.343066,0.876106,0.620438,0.893805,0.868613,0.548673,1.0,0.823009,1.357664,1.044248,1.642336,1.19469,1.875912,0.185841,1.043796,0.566372,1.072993,0.610619,0.664234,0.513274,0.518248,-0.141593,0.948905,0.230088,0.883212,0.292035,0.518248,0.212389,0.408759,-0.451327,0.759124,-0.150442,0.686131,-0.00885,0.394161,-0.026549,0.306569,0,0,0.0,0.0,0.0,0.0,0.0,0.0,0.0,0.0,0.0,0.0,0.0,0.0,0.0,0.0,0.0,0.0,0.0,0.0,0.0,0.0,0.0,0.0,0.0,0.0,0.0,0.0,0.0,0.0,0.0,0.0,0.0,0.0,0.0,0.0,0.0,0.0,0.0,0.0,0.0,0.0,0.0,0.0,Z,11
0.0,0.0,0.434783,0.109589,0.817391,0.369863,0.956522,0.630137,0.947826,0.863014,0.608696,1.0,0.895652,1.363014,1.113043,1.623288,1.252174,1.842466,0.234783,1.027397,0.634783,1.082192,0.669565,0.678082,0.556522,0.547945,-0.086957,0.938356,0.304348,0.890411,0.356522,0.534247,0.252174,0.445205,-0.391304,0.767123,-0.06087,0.691781,0.069565,0.424658,0.043478,0.349315,0,0,0.0,0.0,0.0,0.0,0.0,0.0,0.0,0.0,0.0,0.0,0.0,0.0,0.0,0.0,0.0,0.0,0.0,0.0,0.0,0.0,0.0,0.0,0.0,0.0,0.0,0.0,0.0,0.0,0.0,0.0,0.0,0.0,0.0,0.0,0.0,0.0,0.0,0.0,0.0,0.0,0.0,0.0,Z,11
0.0,0.0,0.482456,0.134228,0.859649,0.38255,0.991228,0.624161,0.982456,0.852349,0.640351,1.0,0.938596,1.362416,1.157895,1.61745,1.289474,1.832215,0.254386,1.020134,0.666667,1.073826,0.701754,0.671141,0.587719,0.550336,-0.070175,0.932886,0.324561,0.885906,0.385965,0.516779,0.280702,0.42953,-0.359649,0.771812,-0.008772,0.677852,0.105263,0.422819,0.052632,0.355705,0,0,0.0,0.0,0.0,0.0,0.0,0.0,0.0,0.0,0.0,0.0,0.0,0.0,0.0,0.0,0.0,0.0,0.0,0.0,0.0,0.0,0.0,0.0,0.0,0.0,0.0,0.0,0.0,0.0,0.0,0.0,0.0,0.0,0.0,0.0,0.0,0.0,0.0,0.0,0.0,0.0,0.0,0.0,Z,11
0.0,0.0,0.486957,0.137255,0.86087,0.385621,1.017391,0.620915,0.991304,0.856209,0.652174,1.0,0.93913,1.352941,1.156522,1.601307,1.286957,1.803922,0.269565,1.019608,0.66087,1.071895,0.704348,0.679739,0.582609,0.568627,-0.052174,0.928105,0.321739,0.882353,0.382609,0.522876,0.269565,0.437908,-0.347826,0.764706,-0.017391,0.686275,0.113043,0.431373,0.043478,0.366013,0,0,0.0,0.0,0.0,0.0,0.0,0.0,0.0,0.0,0.0,0.0,0.0,0.0,0.0,0.0,0.0,0.0,0.0,0.0,0.0,0.0,0.0,0.0,0.0,0.0,0.0,0.0,0.0,0.0,0.0,0.0,0.0,0.0,0.0,0.0,0.0,0.0,0.0,0.0,0.0,0.0,0.0,0.0,Z,11
0.0,0.0,0.486957,0.135484,0.843478,0.380645,0.991304,0.612903,0.982609,0.845161,0.652174,1.0,0.93913,1.348387,1.156522,1.587097,1.278261,1.793548,0.269565,1.025806,0.66087,1.077419,0.695652,0.690323,0.582609,0.574194,-0.06087,0.941935,0.321739,0.877419,0.373913,0.522581,0.278261,0.445161,-0.347826,0.780645,-0.008696,0.677419,0.104348,0.425806,0.052174,0.367742,0,0,0.0,0.0,0.0,0.0,0.0,0.0,0.0,0.0,0.0,0.0,0.0,0.0,0.0,0.0,0.0,0.0,0.0,0.0,0.0,0.0,0.0,0.0,0.0,0.0,0.0,0.0,0.0,0.0,0.0,0.0,0.0,0.0,0.0,0.0,0.0,0.0,0.0,0.0,0.0,0.0,0.0,0.0,Z,11
0.0,0.0,0.474138,0.12987,0.844828,0.376623,1.0,0.616883,1.0,0.850649,0.663793,1.0,0.956897,1.350649,1.163793,1.590909,1.284483,1.798701,0.284483,1.025974,0.663793,1.084416,0.689655,0.694805,0.586207,0.577922,-0.043103,0.941558,0.327586,0.883117,0.37931,0.525974,0.275862,0.441558,-0.336207,0.785714,0.0,0.688312,0.112069,0.435065,0.060345,0.37013,0,0,0.0,0.0,0.0,0.0,0.0,0.0,0.0,0.0,0.0,0.0,0.0,0.0,0.0,0.0,0.0,0.0,0.0,0.0,0.0,0.0,0.0,0.0,0.0,0.0,0.0,0.0,0.0,0.0,0.0,0.0,0.0,0.0,0.0,0.0,0.0,0.0,0.0,0.0,0.0,0.0,0.0,0.0,Z,11
0.0,0.0,0.482759,0.123377,0.853448,0.37013,0.982759,0.597403,1.008621,0.818182,0.681034,1.0,0.965517,1.344156,1.163793,1.590909,1.284483,1.798701,0.293103,1.025974,0.672414,1.071429,0.706897,0.688312,0.612069,0.584416,-0.034483,0.948052,0.336207,0.876623,0.387931,0.525974,0.293103,0.461039,-0.318966,0.792208,0.008621,0.675325,0.112069,0.428571,0.051724,0.383117,0,0,0.0,0.0,0.0,0.0,0.0,0.0,0.0,0.0,0.0,0.0,0.0,0.0,0.0,0.0,0.0,0.0,0.0,0.0,0.0,0.0,0.0,0.0,0.0,0.0,0.0,0.0,0.0,0.0,0.0,0.0,0.0,0.0,0.0,0.0,0.0,0.0,0.0,0.0,0.0,0.0,0.0,0.0,Z,11
0.0,0.0,0.482759,0.125,0.853448,0.368421,1.008621,0.598684,1.025862,0.822368,0.681034,1.0,0.965517,1.361842,1.172414,1.611842,1.284483,1.822368,0.301724,1.026316,0.672414,1.085526,0.715517,0.710526,0.62069,0.585526,-0.025862,0.947368,0.336207,0.894737,0.405172,0.552632,0.318966,0.467105,-0.318966,0.796053,0.017241,0.690789,0.12931,0.447368,0.086207,0.388158,0,0,0.0,0.0,0.0,0.0,0.0,0.0,0.0,0.0,0.0,0.0,0.0,0.0,0.0,0.0,0.0,0.0,0.0,0.0,0.0,0.0,0.0,0.0,0.0,0.0,0.0,0.0,0.0,0.0,0.0,0.0,0.0,0.0,0.0,0.0,0.0,0.0,0.0,0.0,0.0,0.0,0.0,0.0,Z,11
0.0,0.0,0.474138,0.130719,0.836207,0.372549,0.991379,0.601307,0.982759,0.830065,0.681034,1.0,0.956897,1.359477,1.163793,1.601307,1.267241,1.810458,0.301724,1.026144,0.672414,1.084967,0.715517,0.699346,0.612069,0.601307,-0.025862,0.947712,0.327586,0.882353,0.396552,0.529412,0.301724,0.470588,-0.318966,0.797386,0.008621,0.686275,0.112069,0.444444,0.051724,0.405229,0,0,0.0,0.0,0.0,0.0,0.0,0.0,0.0,0.0,0.0,0.0,0.0,0.0,0.0,0.0,0.0,0.0,0.0,0.0,0.0,0.0,0.0,0.0,0.0,0.0,0.0,0.0,0.0,0.0,0.0,0.0,0.0,0.0,0.0,0.0,0.0,0.0,0.0,0.0,0.0,0.0,0.0,0.0,Z,11
0.0,0.0,0.474576,0.124183,0.822034,0.359477,0.983051,0.581699,0.974576,0.816993,0.677966,1.0,0.966102,1.359477,1.161017,1.601307,1.262712,1.810458,0.29661,1.026144,0.669492,1.078431,0.711864,0.699346,0.618644,0.594771,-0.025424,0.941176,0.330508,0.888889,0.398305,0.535948,0.313559,0.457516,-0.322034,0.784314,0.016949,0.69281,0.127119,0.444444,0.076271,0.398693,0,0,0.0,0.0,0.0,0.0,0.0,0.0,0.0,0.0,0.0,0.0,0.0,0.0,0.0,0.0,0.0,0.0,0.0,0.0,0.0,0.0,0.0,0.0,0.0,0.0,0.0,0.0,0.0,0.0,0.0,0.0,0.0,0.0,0.0,0.0,0.0,0.0,0.0,0.0,0.0,0.0,0.0,0.0,Z,11
0.0,0.0,0.470085,0.136364,0.820513,0.38961,0.982906,0.62987,0.957265,0.863636,0.675214,1.0,0.965812,1.357143,1.17094,1.597403,1.273504,1.811688,0.299145,1.025974,0.666667,1.077922,0.692308,0.694805,0.581197,0.590909,-0.034188,0.948052,0.34188,0.88961,0.393162,0.538961,0.290598,0.461039,-0.324786,0.792208,0.017094,0.681818,0.119658,0.441558,0.059829,0.38961,0,0,0.0,0.0,0.0,0.0,0.0,0.0,0.0,0.0,0.0,0.0,0.0,0.0,0.0,0.0,0.0,0.0,0.0,0.0,0.0,0.0,0.0,0.0,0.0,0.0,0.0,0.0,0.0,0.0,0.0,0.0,0.0,0.0,0.0,0.0,0.0,0.0,0.0,0.0,0.0,0.0,0.0,0.0,Z,11
0.0,0.0,0.438017,0.141935,0.768595,0.380645,0.933884,0.6,0.92562,0.832258,0.652893,1.0,0.933884,1.348387,1.132231,1.587097,1.231405,1.8,0.280992,1.025806,0.644628,1.070968,0.669421,0.683871,0.553719,0.580645,-0.049587,0.941935,0.305785,0.877419,0.355372,0.529032,0.264463,0.458065,-0.347107,0.780645,-0.024793,0.683871,0.099174,0.43871,0.049587,0.380645,0,0,0.0,0.0,0.0,0.0,0.0,0.0,0.0,0.0,0.0,0.0,0.0,0.0,0.0,0.0,0.0,0.0,0.0,0.0,0.0,0.0,0.0,0.0,0.0,0.0,0.0,0.0,0.0,0.0,0.0,0.0,0.0,0.0,0.0,0.0,0.0,0.0,0.0,0.0,0.0,0.0,0.0,0.0,Z,11
0.0,0.0,0.392523,0.058394,0.82243,0.372263,0.971963,0.642336,0.925234,0.875912,0.448598,1.0,0.691589,1.160584,0.803738,0.948905,0.82243,0.832117,0.093458,1.014599,0.392523,1.051095,0.457944,0.671533,0.392523,0.518248,-0.233645,0.919708,0.093458,0.883212,0.168224,0.547445,0.11215,0.416058,-0.551402,0.737226,-0.233645,0.70073,-0.084112,0.423358,-0.074766,0.291971,-0.102803738317757,0.10948905109489052,0.0,0.0,0.483333,0.140127,0.833333,0.407643,0.95,0.649682,0.941667,0.872611,0.65,1.0,0.95,1.33121,1.15,1.56051,1.275,1.764331,0.283333,1.019108,0.65,1.050955,0.7,0.675159,0.608333,0.55414,-0.041667,0.929936,0.3,0.866242,0.366667,0.535032,0.275,0.458599,-0.35,0.764331,-0.041667,0.687898,0.091667,0.43949,0.066667,0.375796,Z,11
0.0,0.0,0.429752,0.12963,0.785124,0.41358,0.867769,0.660494,0.85124,0.876543,0.603306,1.0,0.892562,1.320988,1.082645,1.537037,1.206612,1.746914,0.22314,1.012346,0.545455,1.024691,0.578512,0.703704,0.487603,0.617284,-0.099174,0.919753,0.239669,0.858025,0.297521,0.549383,0.22314,0.487654,-0.396694,0.759259,-0.123967,0.728395,0.024793,0.5,0.041322,0.419753,0,0,0.0,0.0,0.0,0.0,0.0,0.0,0.0,0.0,0.0,0.0,0.0,0.0,0.0,0.0,0.0,0.0,0.0,0.0,0.0,0.0,0.0,0.0,0.0,0.0,0.0,0.0,0.0,0.0,0.0,0.0,0.0,0.0,0.0,0.0,0.0,0.0,0.0,0.0,0.0,0.0,0.0,0.0,Z,11
0.0,0.0,0.357798,0.04065,0.770642,0.406504,0.87156,0.747967,0.844037,1.04065,0.46789,1.0,0.642202,1.341463,0.807339,1.609756,0.93578,1.829268,0.146789,1.04065,0.302752,1.219512,0.422018,1.04878,0.477064,0.934959,-0.192661,0.95935,-0.045872,1.04065,0.100917,0.756098,0.137615,0.585366,-0.53211,0.788618,-0.385321,0.837398,-0.229358,0.593496,-0.174312,0.406504,-0.07339449541284404,0.12195121951219512,0.0,0.0,0.422764,0.100629,0.821138,0.396226,0.845528,0.666667,0.756098,0.893082,0.552846,1.0,0.829268,1.352201,1.01626,1.559748,1.138211,1.767296,0.178862,1.006289,0.479675,1.069182,0.520325,0.735849,0.430894,0.654088,-0.146341,0.918239,0.146341,0.899371,0.227642,0.572327,0.138211,0.503145,-0.447154,0.773585,-0.195122,0.767296,-0.056911,0.515723,-0.081301,0.421384,Z,11
0.0,0.0,0.572816,0.217105,1.019417,0.486842,1.07767,0.730263,0.970874,0.888158,0.553398,1.0,0.650485,1.296053,0.737864,1.098684,0.786408,0.947368,0.203883,0.960526,0.339806,1.125,0.495146,0.861842,0.543689,0.717105,-0.126214,0.861842,-0.019417,0.967105,0.126214,0.723684,0.194175,0.585526,-0.446602,0.710526,-0.330097,0.796053,-0.174757,0.625,-0.097087,0.519737,0,0,0.0,0.0,0.0,0.0,0.0,0.0,0.0,0.0,0.0,0.0,0.0,0.0,0.0,0.0,0.0,0.0,0.0,0.0,0.0,0.0,0.0,0.0,0.0,0.0,0.0,0.0,0.0,0.0,0.0,0.0,0.0,0.0,0.0,0.0,0.0,0.0,0.0,0.0,0.0,0.0,0.0,0.0,Z,11
0.0,0.0,0.471698,0.239726,0.830189,0.554795,0.95283,0.821918,0.867925,1.006849,0.367925,1.0,0.386792,1.273973,0.5,1.109589,0.556604,0.986301,0.018868,0.952055,0.141509,1.130137,0.292453,0.910959,0.339623,0.787671,-0.311321,0.849315,-0.169811,0.979452,-0.009434,0.787671,0.037736,0.671233,-0.632075,0.69863,-0.490566,0.794521,-0.339623,0.657534,-0.273585,0.568493,0,0,0.0,0.0,0.0,0.0,0.0,0.0,0.0,0.0,0.0,0.0,0.0,0.0,0.0,0.0,0.0,0.0,0.0,0.0,0.0,0.0,0.0,0.0,0.0,0.0,0.0,0.0,0.0,0.0,0.0,0.0,0.0,0.0,0.0,0.0,0.0,0.0,0.0,0.0,0.0,0.0,0.0,0.0,Z,11
0.0,0.0,0.483516,0.228188,0.769231,0.577181,0.78022,0.852349,0.714286,1.020134,0.230769,1.0,0.21978,1.241611,0.428571,1.067114,0.56044,0.932886,-0.10989,0.939597,-0.054945,1.167785,0.230769,0.959732,0.373626,0.812081,-0.43956,0.818792,-0.384615,1.026846,-0.076923,0.832215,0.076923,0.671141,-0.769231,0.644295,-0.659341,0.818792,-0.384615,0.704698,-0.21978,0.583893,0,0,0.0,0.0,0.0,0.0,0.0,0.0,0.0,0.0,0.0,0.0,0.0,0.0,0.0,0.0,0.0,0.0,0.0,0.0,0.0,0.0,0.0,0.0,0.0,0.0,0.0,0.0,0.0,0.0,0.0,0.0,0.0,0.0,0.0,0.0,0.0,0.0,0.0,0.0,0.0,0.0,0.0,0.0,Z,11
0.0,0.0,0.351351,0.236686,0.522523,0.591716,0.306306,0.810651,-0.054054,0.869822,0.081081,1.0,0.081081,1.408284,0.072072,1.674556,0.054054,1.893491,-0.306306,0.923077,-0.378378,1.094675,-0.171171,0.83432,-0.009009,0.621302,-0.63964,0.775148,-0.693694,0.893491,-0.459459,0.668639,-0.297297,0.508876,-0.918919,0.591716,-0.936937,0.686391,-0.720721,0.544379,-0.585586,0.43787,0,0,0.0,0.0,0.0,0.0,0.0,0.0,0.0,0.0,0.0,0.0,0.0,0.0,0.0,0.0,0.0,0.0,0.0,0.0,0.0,0.0,0.0,0.0,0.0,0.0,0.0,0.0,0.0,0.0,0.0,0.0,0.0,0.0,0.0,0.0,0.0,0.0,0.0,0.0,0.0,0.0,0.0,0.0,Z,11
0.0,0.0,0.32381,0.272189,0.438095,0.627219,0.152381,0.810651,-0.219048,0.863905,-0.066667,1.0,-0.104762,1.420118,-0.114286,1.698225,-0.161905,1.940828,-0.485714,0.887574,-0.657143,1.112426,-0.352381,0.869822,-0.133333,0.662722,-0.809524,0.715976,-0.942857,0.863905,-0.571429,0.650888,-0.361905,0.497041,-1.066667,0.485207,-1.161905,0.639053,-0.838095,0.497041,-0.638095,0.384615,0,0,0.0,0.0,0.0,0.0,0.0,0.0,0.0,0.0,0.0,0.0,0.0,0.0,0.0,0.0,0.0,0.0,0.0,0.0,0.0,0.0,0.0,0.0,0.0,0.0,0.0,0.0,0.0,0.0,0.0,0.0,0.0,0.0,0.0,0.0,0.0,0.0,0.0,0.0,0.0,0.0,0.0,0.0,Z,11
0.0,0.0,0.307692,0.273256,0.432692,0.604651,0.153846,0.802326,-0.240385,0.883721,-0.057692,1.0,-0.096154,1.418605,-0.163462,1.697674,-0.269231,1.930233,-0.480769,0.877907,-0.663462,1.098837,-0.375,0.77907,-0.230769,0.627907,-0.798077,0.709302,-0.990385,0.843023,-0.625,0.575581,-0.480769,0.465116,-1.057692,0.494186,-1.201923,0.610465,-0.865385,0.447674,-0.721154,0.372093,0,0,0.0,0.0,0.0,0.0,0.0,0.0,0.0,0.0,0.0,0.0,0.0,0.0,0.0,0.0,0.0,0.0,0.0,0.0,0.0,0.0,0.0,0.0,0.0,0.0,0.0,0.0,0.0,0.0,0.0,0.0,0.0,0.0,0.0,0.0,0.0,0.0,0.0,0.0,0.0,0.0,0.0,0.0,Z,11
0.0,0.0,0.300971,0.261628,0.417476,0.575581,0.165049,0.77907,-0.223301,0.877907,-0.087379,1.0,-0.15534,1.401163,-0.242718,1.674419,-0.349515,1.901163,-0.504854,0.883721,-0.747573,1.093023,-0.475728,0.77907,-0.291262,0.639535,-0.834951,0.715116,-1.048544,0.813953,-0.708738,0.55814,-0.524272,0.465116,-1.087379,0.5,-1.281553,0.587209,-0.980583,0.430233,-0.796117,0.366279,0,0,0.0,0.0,0.0,0.0,0.0,0.0,0.0,0.0,0.0,0.0,0.0,0.0,0.0,0.0,0.0,0.0,0.0,0.0,0.0,0.0,0.0,0.0,0.0,0.0,0.0,0.0,0.0,0.0,0.0,0.0,0.0,0.0,0.0,0.0,0.0,0.0,0.0,0.0,0.0,0.0,0.0,0.0,Z,11
0.0,0.0,0.333333,0.25731,0.495238,0.596491,0.2,0.80117,-0.209524,0.883041,-0.038095,1.0,-0.114286,1.409357,-0.180952,1.672515,-0.266667,1.912281,-0.447619,0.894737,-0.647619,1.105263,-0.371429,0.812865,-0.171429,0.643275,-0.771429,0.730994,-0.933333,0.859649,-0.590476,0.602339,-0.4,0.479532,-1.038095,0.51462,-1.142857,0.614035,-0.819048,0.45614,-0.647619,0.374269,0,0,0.0,0.0,0.0,0.0,0.0,0.0,0.0,0.0,0.0,0.0,0.0,0.0,0.0,0.0,0.0,0.0,0.0,0.0,0.0,0.0,0.0,0.0,0.0,0.0,0.0,0.0,0.0,0.0,0.0,0.0,0.0,0.0,0.0,0.0,0.0,0.0,0.0,0.0,0.0,0.0,0.0,0.0,Z,11
0.0,0.0,0.311927,0.288235,0.422018,0.611765,0.201835,0.823529,-0.165138,0.882353,-0.036697,1.0,-0.091743,1.411765,-0.165138,1.688235,-0.238532,1.923529,-0.431193,0.929412,-0.587156,1.088235,-0.33945,0.835294,-0.110092,0.647059,-0.770642,0.788235,-0.844037,0.852941,-0.541284,0.641176,-0.311927,0.494118,-1.036697,0.594118,-1.082569,0.623529,-0.816514,0.494118,-0.605505,0.405882,0,0,0.0,0.0,0.0,0.0,0.0,0.0,0.0,0.0,0.0,0.0,0.0,0.0,0.0,0.0,0.0,0.0,0.0,0.0,0.0,0.0,0.0,0.0,0.0,0.0,0.0,0.0,0.0,0.0,0.0,0.0,0.0,0.0,0.0,0.0,0.0,0.0,0.0,0.0,0.0,0.0,0.0,0.0,Z,11
0.0,0.0,0.315789,0.25,0.464912,0.575581,0.254386,0.802326,-0.052632,0.901163,-0.04386,1.0,-0.052632,1.343023,-0.096491,1.587209,-0.122807,1.784884,-0.438596,0.924419,-0.447368,1.02907,-0.201754,0.755814,-0.026316,0.563953,-0.763158,0.773256,-0.736842,0.813953,-0.464912,0.587209,-0.289474,0.430233,-1.04386,0.569767,-1.035088,0.627907,-0.77193,0.488372,-0.605263,0.377907,0,0,0.0,0.0,0.0,0.0,0.0,0.0,0.0,0.0,0.0,0.0,0.0,0.0,0.0,0.0,0.0,0.0,0.0,0.0,0.0,0.0,0.0,0.0,0.0,0.0,0.0,0.0,0.0,0.0,0.0,0.0,0.0,0.0,0.0,0.0,0.0,0.0,0.0,0.0,0.0,0.0,0.0,0.0,Z,11
0.0,0.0,0.330435,0.242938,0.565217,0.559322,0.486957,0.774011,0.286957,0.909605,-0.052174,1.0,-0.156522,1.056497,-0.078261,0.915254,0.034783,0.80226,-0.46087,0.949153,-0.373913,0.870056,-0.104348,0.60452,0.121739,0.446328,-0.782609,0.80791,-0.66087,0.694915,-0.408696,0.485876,-0.2,0.355932,-1.052174,0.621469,-1.052174,0.610169,-0.834783,0.457627,-0.643478,0.367232,0,0,0.0,0.0,0.0,0.0,0.0,0.0,0.0,0.0,0.0,0.0,0.0,0.0,0.0,0.0,0.0,0.0,0.0,0.0,0.0,0.0,0.0,0.0,0.0,0.0,0.0,0.0,0.0,0.0,0.0,0.0,0.0,0.0,0.0,0.0,0.0,0.0,0.0,0.0,0.0,0.0,0.0,0.0,Z,11
0.0,0.0,0.33945,0.592593,0.458716,1.259259,0.293578,1.802469,0.018349,2.148148,0.614679,1.0,0.211009,1.777778,-0.110092,2.259259,-0.293578,2.567901,0.348624,0.604938,-0.100917,1.419753,-0.449541,1.938272,-0.688073,2.17284,-0.009174,0.296296,-0.440367,1.08642,-0.706422,1.604938,-0.862385,1.814815,-0.385321,0.098765,-0.743119,0.728395,-0.93578,1.197531,-1.073394,1.444444,0,0,0.0,0.0,0.0,0.0,0.0,0.0,0.0,0.0,0.0,0.0,0.0,0.0,0.0,0.0,0.0,0.0,0.0,0.0,0.0,0.0,0.0,0.0,0.0,0.0,0.0,0.0,0.0,0.0,0.0,0.0,0.0,0.0,0.0,0.0,0.0,0.0,0.0,0.0,0.0,0.0,0.0,0.0,Z,11
0.0,0.0,0.387755,0.201835,0.693878,0.522936,0.867347,0.770642,1.010204,0.917431,0.55102,1.0,0.632653,1.229358,0.714286,1.321101,0.816327,1.394495,0.244898,0.981651,0.234694,1.302752,0.265306,1.229358,0.316327,1.155963,-0.091837,0.853211,-0.193878,1.119266,-0.163265,1.036697,-0.091837,0.963303,-0.44898,0.642202,-0.683673,0.917431,-0.642857,0.87156,-0.55102,0.816514,0,0,0.0,0.0,0.0,0.0,0.0,0.0,0.0,0.0,0.0,0.0,0.0,0.0,0.0,0.0,0.0,0.0,0.0,0.0,0.0,0.0,0.0,0.0,0.0,0.0,0.0,0.0,0.0,0.0,0.0,0.0,0.0,0.0,0.0,0.0,0.0,0.0,0.0,0.0,0.0,0.0,0.0,0.0,Z,11
0.0,0.0,0.47,0.191781,0.76,0.431507,0.9,0.60274,1.08,0.678082,0.44,1.0,0.78,0.821918,1.05,0.506849,1.25,0.30137,0.06,0.938356,0.5,0.664384,0.81,0.328767,1.0,0.157534,-0.28,0.780822,0.18,0.479452,0.44,0.205479,0.57,0.068493,-0.56,0.561644,-0.18,0.321918,0.02,0.130137,0.12,0.034247,0,0,0.0,0.0,0.0,0.0,0.0,0.0,0.0,0.0,0.0,0.0,0.0,0.0,0.0,0.0,0.0,0.0,0.0,0.0,0.0,0.0,0.0,0.0,0.0,0.0,0.0,0.0,0.0,0.0,0.0,0.0,0.0,0.0,0.0,0.0,0.0,0.0,0.0,0.0,0.0,0.0,0.0,0.0,Z,11
0.0,0.0,0.407407,0.087591,0.787037,0.233577,1.018519,0.321168,1.194444,0.357664,0.712963,1.0,1.111111,0.861314,1.305556,0.562044,1.398148,0.394161,0.37963,1.036496,0.851852,0.832117,1.055556,0.437956,1.12963,0.29927,0.037037,0.927007,0.518519,0.649635,0.62037,0.277372,0.574074,0.175182,-0.287037,0.722628,0.083333,0.423358,0.194444,0.182482,0.175926,0.138686,0,0,0.0,0.0,0.0,0.0,0.0,0.0,0.0,0.0,0.0,0.0,0.0,0.0,0.0,0.0,0.0,0.0,0.0,0.0,0.0,0.0,0.0,0.0,0.0,0.0,0.0,0.0,0.0,0.0,0.0,0.0,0.0,0.0,0.0,0.0,0.0,0.0,0.0,0.0,0.0,0.0,0.0,0.0,Z,11
0.0,0.0,0.364407,0.080645,0.661017,0.25,0.830508,0.403226,1.008475,0.532258,0.516949,1.0,0.847458,1.185484,1.152542,1.379032,1.381356,1.564516,0.152542,1.064516,0.542373,0.830645,0.627119,0.451613,0.576271,0.306452,-0.177966,0.895161,0.186441,0.5,0.220339,0.225806,0.135593,0.201613,-0.483051,0.612903,-0.271186,0.282258,-0.211864,0.137097,-0.288136,0.185484,0,0,0.0,0.0,0.0,0.0,0.0,0.0,0.0,0.0,0.0,0.0,0.0,0.0,0.0,0.0,0.0,0.0,0.0,0.0,0.0,0.0,0.0,0.0,0.0,0.0,0.0,0.0,0.0,0.0,0.0,0.0,0.0,0.0,0.0,0.0,0.0,0.0,0.0,0.0,0.0,0.0,0.0,0.0,Z,11
0.0,0.0,0.377953,0.048,0.76378,0.224,0.92126,0.416,0.913386,0.584,0.629921,1.0,0.952756,1.256,1.23622,1.464,1.464567,1.672,0.267717,1.104,0.606299,0.8,0.614173,0.368,0.543307,0.272,-0.062992,0.992,0.275591,0.536,0.307087,0.216,0.244094,0.216,-0.370079,0.752,-0.102362,0.352,0.0,0.12,0.0,0.136,0,0,0.0,0.0,0.0,0.0,0.0,0.0,0.0,0.0,0.0,0.0,0.0,0.0,0.0,0.0,0.0,0.0,0.0,0.0,0.0,0.0,0.0,0.0,0.0,0.0,0.0,0.0,0.0,0.0,0.0,0.0,0.0,0.0,0.0,0.0,0.0,0.0,0.0,0.0,0.0,0.0,0.0,0.0,Z,11
0.0,0.0,0.40625,0.083969,0.765625,0.244275,0.929688,0.419847,0.898438,0.587786,0.625,1.0,0.976562,1.259542,1.242188,1.473282,1.429688,1.671756,0.257812,1.099237,0.632812,0.839695,0.632812,0.412214,0.546875,0.328244,-0.078125,0.984733,0.28125,0.541985,0.289062,0.244275,0.203125,0.259542,-0.375,0.755725,-0.101562,0.374046,-0.007812,0.152672,-0.03125,0.167939,0,0,0.0,0.0,0.0,0.0,0.0,0.0,0.0,0.0,0.0,0.0,0.0,0.0,0.0,0.0,0.0,0.0,0.0,0.0,0.0,0.0,0.0,0.0,0.0,0.0,0.0,0.0,0.0,0.0,0.0,0.0,0.0,0.0,0.0,0.0,0.0,0.0,0.0,0.0,0.0,0.0,0.0,0.0,Z,11
0.0,0.0,0.412214,0.069767,0.78626,0.255814,0.908397,0.44186,0.908397,0.627907,0.648855,1.0,1.0,1.27907,1.267176,1.488372,1.450382,1.689922,0.274809,1.108527,0.610687,0.837209,0.625954,0.410853,0.549618,0.348837,-0.061069,0.992248,0.282443,0.527132,0.305344,0.217054,0.236641,0.255814,-0.351145,0.775194,-0.099237,0.379845,0.0,0.162791,-0.007634,0.193798,0,0,0.0,0.0,0.0,0.0,0.0,0.0,0.0,0.0,0.0,0.0,0.0,0.0,0.0,0.0,0.0,0.0,0.0,0.0,0.0,0.0,0.0,0.0,0.0,0.0,0.0,0.0,0.0,0.0,0.0,0.0,0.0,0.0,0.0,0.0,0.0,0.0,0.0,0.0,0.0,0.0,0.0,0.0,Z,11
0.0,0.0,0.446154,0.087591,0.876923,0.313869,1.076923,0.532847,1.161538,0.729927,0.638462,1.0,0.976923,1.233577,1.246154,1.430657,1.438462,1.620438,0.253846,1.087591,0.6,0.79562,0.592308,0.408759,0.476923,0.372263,-0.076923,0.963504,0.276923,0.532847,0.284615,0.248175,0.192308,0.313869,-0.361538,0.737226,-0.107692,0.364964,-0.038462,0.167883,-0.092308,0.218978,0,0,0.0,0.0,0.0,0.0,0.0,0.0,0.0,0.0,0.0,0.0,0.0,0.0,0.0,0.0,0.0,0.0,0.0,0.0,0.0,0.0,0.0,0.0,0.0,0.0,0.0,0.0,0.0,0.0,0.0,0.0,0.0,0.0,0.0,0.0,0.0,0.0,0.0,0.0,0.0,0.0,0.0,0.0,Z,11
0.0,0.0,0.460938,0.076923,0.882812,0.284615,1.132812,0.453846,1.265625,0.623077,0.65625,1.0,1.0,1.269231,1.257812,1.461538,1.460938,1.669231,0.28125,1.084615,0.617188,0.738462,0.601562,0.361538,0.507812,0.330769,-0.054688,0.961538,0.289062,0.5,0.289062,0.238462,0.203125,0.292308,-0.34375,0.730769,-0.09375,0.338462,-0.046875,0.146154,-0.101562,0.184615,0,0,0.0,0.0,0.0,0.0,0.0,0.0,0.0,0.0,0.0,0.0,0.0,0.0,0.0,0.0,0.0,0.0,0.0,0.0,0.0,0.0,0.0,0.0,0.0,0.0,0.0,0.0,0.0,0.0,0.0,0.0,0.0,0.0,0.0,0.0,0.0,0.0,0.0,0.0,0.0,0.0,0.0,0.0,Z,11
0.0,0.0,0.516667,0.047244,1.0,0.354331,1.266667,0.637795,1.441667,0.858268,0.758333,1.0,1.133333,1.267717,1.391667,1.456693,1.608333,1.653543,0.408333,1.086614,0.741667,0.76378,0.708333,0.448819,0.591667,0.401575,0.066667,0.992126,0.4,0.606299,0.375,0.346457,0.266667,0.330709,-0.241667,0.826772,0.05,0.527559,0.083333,0.307087,0.016667,0.275591,0,0,0.0,0.0,0.0,0.0,0.0,0.0,0.0,0.0,0.0,0.0,0.0,0.0,0.0,0.0,0.0,0.0,0.0,0.0,0.0,0.0,0.0,0.0,0.0,0.0,0.0,0.0,0.0,0.0,0.0,0.0,0.0,0.0,0.0,0.0,0.0,0.0,0.0,0.0,0.0,0.0,0.0,0.0,Z,11
0.0,0.0,0.491525,0.087302,0.847458,0.277778,0.991525,0.404762,1.135593,0.515873,0.686441,1.0,1.042373,1.293651,1.279661,1.484127,1.457627,1.666667,0.305085,1.047619,0.559322,0.960317,0.59322,0.698413,0.533898,0.603175,-0.033898,0.920635,0.262712,0.579365,0.338983,0.357143,0.288136,0.34127,-0.313559,0.690476,-0.008475,0.373016,0.09322,0.198413,0.076271,0.174603,0,0,0.0,0.0,0.0,0.0,0.0,0.0,0.0,0.0,0.0,0.0,0.0,0.0,0.0,0.0,0.0,0.0,0.0,0.0,0.0,0.0,0.0,0.0,0.0,0.0,0.0,0.0,0.0,0.0,0.0,0.0,0.0,0.0,0.0,0.0,0.0,0.0,0.0,0.0,0.0,0.0,0.0,0.0,Z,11
0.0,0.0,0.370079,0.088889,0.700787,0.311111,0.708661,0.459259,0.543307,0.525926,0.409449,1.0,0.677165,1.274074,0.88189,1.466667,1.023622,1.637037,0.015748,1.014815,0.259843,0.925926,0.338583,0.6,0.314961,0.474074,-0.314961,0.859259,-0.047244,0.637037,0.047244,0.37037,0.023622,0.318519,-0.590551,0.637037,-0.346457,0.466667,-0.251969,0.274074,-0.267717,0.237037,0,0,0.0,0.0,0.0,0.0,0.0,0.0,0.0,0.0,0.0,0.0,0.0,0.0,0.0,0.0,0.0,0.0,0.0,0.0,0.0,0.0,0.0,0.0,0.0,0.0,0.0,0.0,0.0,0.0,0.0,0.0,0.0,0.0,0.0,0.0,0.0,0.0,0.0,0.0,0.0,0.0,0.0,0.0,Z,11
0.0,0.0,0.390411,0.089172,0.712329,0.312102,0.89726,0.547771,0.972603,0.847134,0.732877,1.0,0.979452,1.394904,1.184932,1.649682,1.294521,1.89172,0.383562,1.082803,0.712329,1.165605,0.657534,0.719745,0.541096,0.649682,0.061644,1.031847,0.342466,0.993631,0.328767,0.579618,0.219178,0.573248,-0.267123,0.910828,-0.006849,0.789809,0.054795,0.496815,-0.041096,0.496815,0,0,0.0,0.0,0.0,0.0,0.0,0.0,0.0,0.0,0.0,0.0,0.0,0.0,0.0,0.0,0.0,0.0,0.0,0.0,0.0,0.0,0.0,0.0,0.0,0.0,0.0,0.0,0.0,0.0,0.0,0.0,0.0,0.0,0.0,0.0,0.0,0.0,0.0,0.0,0.0,0.0,0.0,0.0,Z,12
0.0,0.0,0.475862,0.0875,0.841379,0.29375,0.993103,0.55625,1.0,0.825,0.813793,1.0,1.096552,1.36875,1.289655,1.63125,1.393103,1.8625,0.455172,1.06875,0.77931,1.125,0.744828,0.68125,0.62069,0.60625,0.131034,1.01875,0.434483,0.95625,0.427586,0.5625,0.296552,0.53125,-0.186207,0.8875,0.096552,0.75625,0.137931,0.48125,0.027586,0.4625,0,0,0.0,0.0,0.0,0.0,0.0,0.0,0.0,0.0,0.0,0.0,0.0,0.0,0.0,0.0,0.0,0.0,0.0,0.0,0.0,0.0,0.0,0.0,0.0,0.0,0.0,0.0,0.0,0.0,0.0,0.0,0.0,0.0,0.0,0.0,0.0,0.0,0.0,0.0,0.0,0.0,0.0,0.0,Z,12
0.0,0.0,0.479167,0.080745,0.861111,0.310559,1.027778,0.57764,1.0,0.84472,0.819444,1.0,1.104167,1.378882,1.305556,1.63354,1.416667,1.875776,0.465278,1.068323,0.784722,1.118012,0.736111,0.68323,0.604167,0.596273,0.138889,1.024845,0.430556,0.968944,0.423611,0.571429,0.291667,0.534161,-0.180556,0.906832,0.097222,0.751553,0.138889,0.484472,0.027778,0.47205,0,0,0.0,0.0,0.0,0.0,0.0,0.0,0.0,0.0,0.0,0.0,0.0,0.0,0.0,0.0,0.0,0.0,0.0,0.0,0.0,0.0,0.0,0.0,0.0,0.0,0.0,0.0,0.0,0.0,0.0,0.0,0.0,0.0,0.0,0.0,0.0,0.0,0.0,0.0,0.0,0.0,0.0,0.0,Z,12
0.0,0.0,0.492958,0.086957,0.887324,0.322981,1.077465,0.590062,1.06338,0.875776,0.84507,1.0,1.133803,1.385093,1.338028,1.645963,1.450704,1.875776,0.492958,1.068323,0.823944,1.149068,0.774648,0.720497,0.633803,0.621118,0.169014,1.024845,0.464789,0.987578,0.450704,0.596273,0.316901,0.552795,-0.15493,0.913043,0.119718,0.776398,0.169014,0.509317,0.06338,0.490683,0,0,0.0,0.0,0.0,0.0,0.0,0.0,0.0,0.0,0.0,0.0,0.0,0.0,0.0,0.0,0.0,0.0,0.0,0.0,0.0,0.0,0.0,0.0,0.0,0.0,0.0,0.0,0.0,0.0,0.0,0.0,0.0,0.0,0.0,0.0,0.0,0.0,0.0,0.0,0.0,0.0,0.0,0.0,Z,12
0.0,0.0,0.479167,0.09697,0.861111,0.333333,1.027778,0.593939,1.0,0.854545,0.791667,1.0,1.083333,1.369697,1.284722,1.612121,1.395833,1.842424,0.4375,1.066667,0.777778,1.127273,0.743056,0.709091,0.611111,0.606061,0.111111,1.012121,0.416667,0.975758,0.409722,0.587879,0.284722,0.539394,-0.208333,0.884848,0.076389,0.769697,0.138889,0.50303,0.048611,0.472727,0,0,0.0,0.0,0.0,0.0,0.0,0.0,0.0,0.0,0.0,0.0,0.0,0.0,0.0,0.0,0.0,0.0,0.0,0.0,0.0,0.0,0.0,0.0,0.0,0.0,0.0,0.0,0.0,0.0,0.0,0.0,0.0,0.0,0.0,0.0,0.0,0.0,0.0,0.0,0.0,0.0,0.0,0.0,Z,12
0.0,0.0,0.5,0.114458,0.875,0.343373,1.041667,0.590361,1.013889,0.849398,0.826389,1.0,1.118056,1.361446,1.319444,1.614458,1.430556,1.843373,0.472222,1.060241,0.798611,1.114458,0.756944,0.698795,0.625,0.60241,0.138889,1.012048,0.444444,0.963855,0.430556,0.584337,0.305556,0.542169,-0.173611,0.885542,0.104167,0.777108,0.159722,0.506024,0.069444,0.46988,0,0,0.0,0.0,0.0,0.0,0.0,0.0,0.0,0.0,0.0,0.0,0.0,0.0,0.0,0.0,0.0,0.0,0.0,0.0,0.0,0.0,0.0,0.0,0.0,0.0,0.0,0.0,0.0,0.0,0.0,0.0,0.0,0.0,0.0,0.0,0.0,0.0,0.0,0.0,0.0,0.0,0.0,0.0,Z,12
0.0,0.0,0.475862,0.113772,0.855172,0.341317,1.006897,0.592814,0.986207,0.850299,0.793103,1.0,1.075862,1.359281,1.268966,1.610778,1.37931,1.838323,0.434483,1.05988,0.751724,1.125749,0.724138,0.706587,0.6,0.598802,0.110345,1.005988,0.4,0.982036,0.4,0.598802,0.282759,0.532934,-0.206897,0.88024,0.068966,0.778443,0.131034,0.502994,0.048276,0.461078,0,0,0.0,0.0,0.0,0.0,0.0,0.0,0.0,0.0,0.0,0.0,0.0,0.0,0.0,0.0,0.0,0.0,0.0,0.0,0.0,0.0,0.0,0.0,0.0,0.0,0.0,0.0,0.0,0.0,0.0,0.0,0.0,0.0,0.0,0.0,0.0,0.0,0.0,0.0,0.0,0.0,0.0,0.0,Z,12
0.0,0.0,0.472603,0.107784,0.849315,0.317365,1.0,0.562874,0.993151,0.838323,0.787671,1.0,1.061644,1.353293,1.253425,1.60479,1.363014,1.832335,0.431507,1.053892,0.746575,1.113772,0.719178,0.694611,0.59589,0.60479,0.109589,1.0,0.390411,0.97006,0.39726,0.586826,0.280822,0.538922,-0.212329,0.868263,0.047945,0.772455,0.123288,0.497006,0.041096,0.45509,0,0,0.0,0.0,0.0,0.0,0.0,0.0,0.0,0.0,0.0,0.0,0.0,0.0,0.0,0.0,0.0,0.0,0.0,0.0,0.0,0.0,0.0,0.0,0.0,0.0,0.0,0.0,0.0,0.0,0.0,0.0,0.0,0.0,0.0,0.0,0.0,0.0,0.0,0.0,0.0,0.0,0.0,0.0,Z,12
0.0,0.0,0.479452,0.10303,0.849315,0.309091,1.0,0.569697,1.0,0.848485,0.794521,1.0,1.068493,1.369697,1.260274,1.624242,1.363014,1.854545,0.438356,1.054545,0.760274,1.133333,0.732877,0.70303,0.60274,0.6,0.109589,1.0,0.39726,0.981818,0.40411,0.587879,0.287671,0.533333,-0.205479,0.872727,0.054795,0.781818,0.130137,0.50303,0.054795,0.460606,0,0,0.0,0.0,0.0,0.0,0.0,0.0,0.0,0.0,0.0,0.0,0.0,0.0,0.0,0.0,0.0,0.0,0.0,0.0,0.0,0.0,0.0,0.0,0.0,0.0,0.0,0.0,0.0,0.0,0.0,0.0,0.0,0.0,0.0,0.0,0.0,0.0,0.0,0.0,0.0,0.0,0.0,0.0,Z,12
0.0,0.0,0.479167,0.097561,0.854167,0.323171,0.993056,0.585366,0.972222,0.847561,0.791667,1.0,1.069444,1.371951,1.263889,1.628049,1.368056,1.859756,0.4375,1.060976,0.75,1.134146,0.715278,0.707317,0.590278,0.609756,0.111111,1.006098,0.388889,0.981707,0.395833,0.591463,0.277778,0.536585,-0.208333,0.884146,0.055556,0.77439,0.111111,0.5,0.027778,0.469512,0,0,0.0,0.0,0.0,0.0,0.0,0.0,0.0,0.0,0.0,0.0,0.0,0.0,0.0,0.0,0.0,0.0,0.0,0.0,0.0,0.0,0.0,0.0,0.0,0.0,0.0,0.0,0.0,0.0,0.0,0.0,0.0,0.0,0.0,0.0,0.0,0.0,0.0,0.0,0.0,0.0,0.0,0.0,Z,12
0.0,0.0,0.482759,0.090909,0.868966,0.321212,1.006897,0.6,0.965517,0.860606,0.813793,1.0,1.089655,1.363636,1.282759,1.618182,1.386207,1.848485,0.448276,1.054545,0.751724,1.121212,0.717241,0.69697,0.6,0.630303,0.124138,1.006061,0.406897,0.981818,0.413793,0.593939,0.296552,0.563636,-0.186207,0.884848,0.082759,0.781818,0.131034,0.509091,0.034483,0.484848,0,0,0.0,0.0,0.0,0.0,0.0,0.0,0.0,0.0,0.0,0.0,0.0,0.0,0.0,0.0,0.0,0.0,0.0,0.0,0.0,0.0,0.0,0.0,0.0,0.0,0.0,0.0,0.0,0.0,0.0,0.0,0.0,0.0,0.0,0.0,0.0,0.0,0.0,0.0,0.0,0.0,0.0,0.0,Z,12
0.0,0.0,0.482759,0.086957,0.862069,0.310559,1.013793,0.57764,1.013793,0.869565,0.827586,1.0,1.103448,1.385093,1.296552,1.652174,1.4,1.888199,0.475862,1.068323,0.772414,1.136646,0.731034,0.714286,0.613793,0.621118,0.151724,1.024845,0.427586,1.0,0.42069,0.608696,0.310345,0.559006,-0.172414,0.906832,0.089655,0.78882,0.144828,0.515528,0.062069,0.484472,0,0,0.0,0.0,0.0,0.0,0.0,0.0,0.0,0.0,0.0,0.0,0.0,0.0,0.0,0.0,0.0,0.0,0.0,0.0,0.0,0.0,0.0,0.0,0.0,0.0,0.0,0.0,0.0,0.0,0.0,0.0,0.0,0.0,0.0,0.0,0.0,0.0,0.0,0.0,0.0,0.0,0.0,0.0,Z,12
0.0,0.0,0.48951,0.092025,0.881119,0.337423,1.055944,0.607362,1.034965,0.895706,0.818182,1.0,1.111888,1.380368,1.314685,1.631902,1.426573,1.871166,0.468531,1.067485,0.804196,1.141104,0.762238,0.717791,0.622378,0.613497,0.13986,1.02454,0.454545,1.0,0.433566,0.607362,0.300699,0.552147,-0.181818,0.90184,0.111888,0.785276,0.160839,0.509202,0.062937,0.472393,0,0,0.0,0.0,0.0,0.0,0.0,0.0,0.0,0.0,0.0,0.0,0.0,0.0,0.0,0.0,0.0,0.0,0.0,0.0,0.0,0.0,0.0,0.0,0.0,0.0,0.0,0.0,0.0,0.0,0.0,0.0,0.0,0.0,0.0,0.0,0.0,0.0,0.0,0.0,0.0,0.0,0.0,0.0,Z,12
0.0,0.0,0.482759,0.096386,0.862069,0.325301,1.013793,0.578313,1.006897,0.855422,0.806897,1.0,1.089655,1.361446,1.275862,1.608434,1.386207,1.831325,0.455172,1.060241,0.765517,1.120482,0.724138,0.710843,0.6,0.608434,0.124138,1.012048,0.413793,0.975904,0.406897,0.596386,0.289655,0.542169,-0.193103,0.885542,0.082759,0.777108,0.144828,0.506024,0.062069,0.463855,0,0,0.0,0.0,0.0,0.0,0.0,0.0,0.0,0.0,0.0,0.0,0.0,0.0,0.0,0.0,0.0,0.0,0.0,0.0,0.0,0.0,0.0,0.0,0.0,0.0,0.0,0.0,0.0,0.0,0.0,0.0,0.0,0.0,0.0,0.0,0.0,0.0,0.0,0.0,0.0,0.0,0.0,0.0,Z,12
0.0,0.0,0.479452,0.09697,0.849315,0.321212,1.006849,0.587879,0.979452,0.872727,0.80137,1.0,1.068493,1.363636,1.260274,1.618182,1.363014,1.848485,0.445205,1.066667,0.753425,1.133333,0.712329,0.70303,0.59589,0.606061,0.116438,1.018182,0.39726,0.969697,0.390411,0.581818,0.273973,0.533333,-0.19863,0.890909,0.061644,0.763636,0.123288,0.490909,0.034247,0.466667,0,0,0.0,0.0,0.0,0.0,0.0,0.0,0.0,0.0,0.0,0.0,0.0,0.0,0.0,0.0,0.0,0.0,0.0,0.0,0.0,0.0,0.0,0.0,0.0,0.0,0.0,0.0,0.0,0.0,0.0,0.0,0.0,0.0,0.0,0.0,0.0,0.0,0.0,0.0,0.0,0.0,0.0,0.0,Z,12
0.0,0.0,0.486301,0.10241,0.876712,0.337349,1.013699,0.608434,0.965753,0.873494,0.808219,1.0,1.075342,1.355422,1.267123,1.60241,1.363014,1.831325,0.445205,1.060241,0.760274,1.126506,0.726027,0.704819,0.59589,0.626506,0.123288,1.012048,0.39726,0.96988,0.40411,0.590361,0.280822,0.554217,-0.191781,0.885542,0.068493,0.753012,0.123288,0.493976,0.027397,0.481928,0,0,0.0,0.0,0.0,0.0,0.0,0.0,0.0,0.0,0.0,0.0,0.0,0.0,0.0,0.0,0.0,0.0,0.0,0.0,0.0,0.0,0.0,0.0,0.0,0.0,0.0,0.0,0.0,0.0,0.0,0.0,0.0,0.0,0.0,0.0,0.0,0.0,0.0,0.0,0.0,0.0,0.0,0.0,Z,12
0.0,0.0,0.469799,0.10303,0.85906,0.333333,0.986577,0.606061,0.932886,0.872727,0.778523,1.0,1.033557,1.363636,1.214765,1.618182,1.308725,1.848485,0.422819,1.060606,0.724832,1.139394,0.691275,0.70303,0.563758,0.606061,0.09396,1.012121,0.362416,0.975758,0.362416,0.581818,0.248322,0.539394,-0.221477,0.884848,0.033557,0.763636,0.087248,0.490909,0.0,0.478788,0,0,0.0,0.0,0.0,0.0,0.0,0.0,0.0,0.0,0.0,0.0,0.0,0.0,0.0,0.0,0.0,0.0,0.0,0.0,0.0,0.0,0.0,0.0,0.0,0.0,0.0,0.0,0.0,0.0,0.0,0.0,0.0,0.0,0.0,0.0,0.0,0.0,0.0,0.0,0.0,0.0,0.0,0.0,Z,12
0.0,0.0,0.462585,0.083333,0.863946,0.297619,1.027211,0.553571,1.006803,0.821429,0.77551,1.0,1.054422,1.339286,1.251701,1.577381,1.360544,1.797619,0.421769,1.059524,0.721088,1.10119,0.680272,0.690476,0.557823,0.589286,0.095238,1.0,0.37415,0.904762,0.353741,0.541667,0.238095,0.511905,-0.22449,0.869048,0.034014,0.75,0.095238,0.488095,0.034014,0.458333,0,0,0.0,0.0,0.0,0.0,0.0,0.0,0.0,0.0,0.0,0.0,0.0,0.0,0.0,0.0,0.0,0.0,0.0,0.0,0.0,0.0,0.0,0.0,0.0,0.0,0.0,0.0,0.0,0.0,0.0,0.0,0.0,0.0,0.0,0.0,0.0,0.0,0.0,0.0,0.0,0.0,0.0,0.0,Z,12
0.0,0.0,0.434483,0.104046,0.813793,0.317919,0.965517,0.531792,0.937931,0.763006,0.717241,1.0,1.0,1.323699,1.213793,1.566474,1.337931,1.763006,0.344828,1.028902,0.6,1.109827,0.613793,0.734104,0.544828,0.635838,0.02069,0.959538,0.275862,0.913295,0.310345,0.572254,0.22069,0.526012,-0.282759,0.820809,-0.027586,0.757225,0.062069,0.514451,0.006897,0.468208,0,0,0.0,0.0,0.0,0.0,0.0,0.0,0.0,0.0,0.0,0.0,0.0,0.0,0.0,0.0,0.0,0.0,0.0,0.0,0.0,0.0,0.0,0.0,0.0,0.0,0.0,0.0,0.0,0.0,0.0,0.0,0.0,0.0,0.0,0.0,0.0,0.0,0.0,0.0,0.0,0.0,0.0,0.0,Z,12
0.0,0.0,0.443662,0.098266,0.830986,0.346821,0.971831,0.583815,0.964789,0.83815,0.683099,1.0,0.964789,1.346821,1.176056,1.578035,1.302817,1.786127,0.316901,1.0,0.577465,1.092486,0.619718,0.710983,0.549296,0.630058,0.0,0.919075,0.239437,0.907514,0.316901,0.566474,0.239437,0.520231,-0.316901,0.763006,-0.105634,0.768786,0.021127,0.520231,-0.007042,0.462428,0,0,0.0,0.0,0.0,0.0,0.0,0.0,0.0,0.0,0.0,0.0,0.0,0.0,0.0,0.0,0.0,0.0,0.0,0.0,0.0,0.0,0.0,0.0,0.0,0.0,0.0,0.0,0.0,0.0,0.0,0.0,0.0,0.0,0.0,0.0,0.0,0.0,0.0,0.0,0.0,0.0,0.0,0.0,Z,12
0.0,0.0,0.425532,0.111765,0.787234,0.376471,0.900709,0.629412,0.914894,0.852941,0.595745,1.0,0.858156,1.376471,1.070922,1.588235,1.212766,1.776471,0.248227,1.005882,0.496454,1.111765,0.553191,0.770588,0.510638,0.652941,-0.078014,0.917647,0.177305,0.923529,0.22695,0.605882,0.163121,0.529412,-0.404255,0.776471,-0.177305,0.782353,-0.070922,0.547059,-0.092199,0.476471,0,0,0.0,0.0,0.0,0.0,0.0,0.0,0.0,0.0,0.0,0.0,0.0,0.0,0.0,0.0,0.0,0.0,0.0,0.0,0.0,0.0,0.0,0.0,0.0,0.0,0.0,0.0,0.0,0.0,0.0,0.0,0.0,0.0,0.0,0.0,0.0,0.0,0.0,0.0,0.0,0.0,0.0,0.0,Z,12
0.0,0.0,0.496241,0.111111,0.954887,0.326797,1.157895,0.529412,1.225564,0.686275,0.609023,1.0,0.691729,1.359477,0.759398,1.228758,0.81203,1.143791,0.270677,0.993464,0.37594,1.169935,0.473684,0.882353,0.488722,0.751634,-0.06015,0.901961,0.045113,1.019608,0.135338,0.751634,0.142857,0.620915,-0.390977,0.75817,-0.285714,0.843137,-0.172932,0.660131,-0.135338,0.555556,0,0,0.0,0.0,0.0,0.0,0.0,0.0,0.0,0.0,0.0,0.0,0.0,0.0,0.0,0.0,0.0,0.0,0.0,0.0,0.0,0.0,0.0,0.0,0.0,0.0,0.0,0.0,0.0,0.0,0.0,0.0,0.0,0.0,0.0,0.0,0.0,0.0,0.0,0.0,0.0,0.0,0.0,0.0,Z,12
0.0,0.0,0.521008,0.207317,0.882353,0.542683,0.966387,0.841463,0.941176,1.02439,0.487395,1.0,0.453782,1.22561,0.588235,1.030488,0.705882,0.878049,0.142857,0.957317,0.184874,1.140244,0.378151,0.926829,0.512605,0.780488,-0.193277,0.847561,-0.109244,0.993902,0.07563,0.804878,0.210084,0.670732,-0.512605,0.682927,-0.411765,0.792683,-0.252101,0.670732,-0.151261,0.560976,0,0,0.0,0.0,0.0,0.0,0.0,0.0,0.0,0.0,0.0,0.0,0.0,0.0,0.0,0.0,0.0,0.0,0.0,0.0,0.0,0.0,0.0,0.0,0.0,0.0,0.0,0.0,0.0,0.0,0.0,0.0,0.0,0.0,0.0,0.0,0.0,0.0,0.0,0.0,0.0,0.0,0.0,0.0,Z,12
0.0,0.0,0.347458,0.271277,0.525424,0.611702,0.29661,0.829787,-0.084746,0.914894,0.008475,1.0,0.025424,1.414894,0.050847,1.702128,0.025424,1.952128,-0.364407,0.909574,-0.491525,1.143617,-0.288136,0.888298,-0.177966,0.68617,-0.686441,0.755319,-0.822034,0.962766,-0.550847,0.739362,-0.415254,0.574468,-0.991525,0.553191,-1.101695,0.744681,-0.847458,0.606383,-0.694915,0.473404,0,0,0.0,0.0,0.0,0.0,0.0,0.0,0.0,0.0,0.0,0.0,0.0,0.0,0.0,0.0,0.0,0.0,0.0,0.0,0.0,0.0,0.0,0.0,0.0,0.0,0.0,0.0,0.0,0.0,0.0,0.0,0.0,0.0,0.0,0.0,0.0,0.0,0.0,0.0,0.0,0.0,0.0,0.0,Z,12
0.0,0.0,0.305785,0.253886,0.471074,0.580311,0.289256,0.797927,-0.07438,0.891192,0.033058,1.0,0.0,1.398964,-0.033058,1.668394,-0.107438,1.906736,-0.371901,0.901554,-0.520661,1.108808,-0.305785,0.792746,-0.181818,0.647668,-0.694215,0.746114,-0.876033,0.891192,-0.603306,0.637306,-0.479339,0.544041,-0.966942,0.53886,-1.099174,0.65285,-0.826446,0.487047,-0.677686,0.419689,0,0,0.0,0.0,0.0,0.0,0.0,0.0,0.0,0.0,0.0,0.0,0.0,0.0,0.0,0.0,0.0,0.0,0.0,0.0,0.0,0.0,0.0,0.0,0.0,0.0,0.0,0.0,0.0,0.0,0.0,0.0,0.0,0.0,0.0,0.0,0.0,0.0,0.0,0.0,0.0,0.0,0.0,0.0,Z,12
0.0,0.0,0.305085,0.240838,0.449153,0.544503,0.262712,0.769634,-0.118644,0.900524,-0.016949,1.0,-0.076271,1.39267,-0.161017,1.680628,-0.262712,1.900524,-0.432203,0.879581,-0.576271,1.078534,-0.338983,0.743455,-0.194915,0.60733,-0.754237,0.717277,-0.957627,0.853403,-0.661017,0.586387,-0.491525,0.492147,-1.016949,0.518325,-1.186441,0.60733,-0.898305,0.439791,-0.720339,0.376963,0,0,0.0,0.0,0.0,0.0,0.0,0.0,0.0,0.0,0.0,0.0,0.0,0.0,0.0,0.0,0.0,0.0,0.0,0.0,0.0,0.0,0.0,0.0,0.0,0.0,0.0,0.0,0.0,0.0,0.0,0.0,0.0,0.0,0.0,0.0,0.0,0.0,0.0,0.0,0.0,0.0,0.0,0.0,Z,12
0.0,0.0,0.316667,0.25,0.475,0.56383,0.308333,0.792553,-0.075,0.904255,0.0,1.0,-0.075,1.404255,-0.158333,1.680851,-0.275,1.914894,-0.391667,0.898936,-0.541667,1.090426,-0.3,0.765957,-0.141667,0.595745,-0.725,0.739362,-0.9,0.87234,-0.583333,0.601064,-0.4,0.468085,-1.0,0.521277,-1.15,0.62766,-0.833333,0.462766,-0.633333,0.37766,0,0,0.0,0.0,0.0,0.0,0.0,0.0,0.0,0.0,0.0,0.0,0.0,0.0,0.0,0.0,0.0,0.0,0.0,0.0,0.0,0.0,0.0,0.0,0.0,0.0,0.0,0.0,0.0,0.0,0.0,0.0,0.0,0.0,0.0,0.0,0.0,0.0,0.0,0.0,0.0,0.0,0.0,0.0,Z,12
0.0,0.0,0.342105,0.271277,0.482456,0.601064,0.289474,0.835106,-0.105263,0.925532,0.017544,1.0,-0.061404,1.404255,-0.131579,1.675532,-0.219298,1.909574,-0.394737,0.904255,-0.570175,1.132979,-0.298246,0.840426,-0.096491,0.632979,-0.72807,0.734043,-0.912281,0.898936,-0.578947,0.659574,-0.368421,0.505319,-0.982456,0.510638,-1.122807,0.654255,-0.815789,0.510638,-0.622807,0.398936,0,0,0.0,0.0,0.0,0.0,0.0,0.0,0.0,0.0,0.0,0.0,0.0,0.0,0.0,0.0,0.0,0.0,0.0,0.0,0.0,0.0,0.0,0.0,0.0,0.0,0.0,0.0,0.0,0.0,0.0,0.0,0.0,0.0,0.0,0.0,0.0,0.0,0.0,0.0,0.0,0.0,0.0,0.0,Z,12
0.0,0.0,0.376,0.243243,0.576,0.572973,0.384,0.794595,0.096,0.918919,0.096,1.0,0.056,1.4,0.008,1.664865,-0.048,1.886486,-0.288,0.940541,-0.288,1.043243,-0.032,0.789189,0.168,0.578378,-0.616,0.821622,-0.576,0.854054,-0.32,0.637838,-0.12,0.464865,-0.904,0.648649,-0.864,0.686486,-0.616,0.545946,-0.432,0.432432,0,0,0.0,0.0,0.0,0.0,0.0,0.0,0.0,0.0,0.0,0.0,0.0,0.0,0.0,0.0,0.0,0.0,0.0,0.0,0.0,0.0,0.0,0.0,0.0,0.0,0.0,0.0,0.0,0.0,0.0,0.0,0.0,0.0,0.0,0.0,0.0,0.0,0.0,0.0,0.0,0.0,0.0,0.0,Z,12
0.0,0.0,0.343066,0.198925,0.613139,0.510753,0.49635,0.709677,0.277372,0.795699,0.080292,1.0,0.080292,1.311828,0.058394,1.548387,0.051095,1.736559,-0.313869,0.951613,-0.240876,0.951613,-0.007299,0.650538,0.160584,0.489247,-0.642336,0.817204,-0.540146,0.758065,-0.306569,0.505376,-0.145985,0.365591,-0.919708,0.61828,-0.839416,0.575269,-0.59854,0.392473,-0.430657,0.311828,0,0,0.0,0.0,0.0,0.0,0.0,0.0,0.0,0.0,0.0,0.0,0.0,0.0,0.0,0.0,0.0,0.0,0.0,0.0,0.0,0.0,0.0,0.0,0.0,0.0,0.0,0.0,0.0,0.0,0.0,0.0,0.0,0.0,0.0,0.0,0.0,0.0,0.0,0.0,0.0,0.0,0.0,0.0,Z,12
0.0,0.0,0.403226,0.281768,0.629032,0.657459,0.58871,0.977901,0.475806,1.19337,0.153226,1.0,-0.258065,1.19337,-0.266129,1.044199,-0.129032,0.883978,-0.201613,0.933702,-0.548387,1.044199,-0.516129,0.878453,-0.354839,0.756906,-0.532258,0.79558,-0.83871,0.895028,-0.782258,0.745856,-0.637097,0.624309,-0.846774,0.618785,-1.129032,0.729282,-1.040323,0.59116,-0.879032,0.491713,0,0,0.0,0.0,0.0,0.0,0.0,0.0,0.0,0.0,0.0,0.0,0.0,0.0,0.0,0.0,0.0,0.0,0.0,0.0,0.0,0.0,0.0,0.0,0.0,0.0,0.0,0.0,0.0,0.0,0.0,0.0,0.0,0.0,0.0,0.0,0.0,0.0,0.0,0.0,0.0,0.0,0.0,0.0,Z,12
0.0,0.0,0.401408,0.164706,0.697183,0.464706,0.690141,0.717647,0.443662,0.823529,0.415493,1.0,0.366197,1.317647,0.359155,1.394118,0.394366,1.388235,0.06338,0.970588,-0.042254,1.076471,0.049296,0.858824,0.183099,0.670588,-0.28169,0.847059,-0.394366,0.970588,-0.288732,0.8,-0.15493,0.623529,-0.584507,0.682353,-0.711268,0.788235,-0.591549,0.664706,-0.457746,0.541176,0,0,0.0,0.0,0.0,0.0,0.0,0.0,0.0,0.0,0.0,0.0,0.0,0.0,0.0,0.0,0.0,0.0,0.0,0.0,0.0,0.0,0.0,0.0,0.0,0.0,0.0,0.0,0.0,0.0,0.0,0.0,0.0,0.0,0.0,0.0,0.0,0.0,0.0,0.0,0.0,0.0,0.0,0.0,Z,12
0.0,0.0,0.317881,0.168421,0.629139,0.352632,0.728477,0.505263,0.602649,0.589474,0.331126,1.0,0.543046,1.063158,0.649007,1.047368,0.715232,1.068421,-0.05298,1.031579,0.284768,0.8,0.410596,0.478947,0.417219,0.394737,-0.390728,0.915789,-0.006623,0.642105,0.112583,0.368421,0.086093,0.321053,-0.668874,0.726316,-0.357616,0.531579,-0.231788,0.326316,-0.251656,0.284211,0,0,0.0,0.0,0.0,0.0,0.0,0.0,0.0,0.0,0.0,0.0,0.0,0.0,0.0,0.0,0.0,0.0,0.0,0.0,0.0,0.0,0.0,0.0,0.0,0.0,0.0,0.0,0.0,0.0,0.0,0.0,0.0,0.0,0.0,0.0,0.0,0.0,0.0,0.0,0.0,0.0,0.0,0.0,Z,12
0.0,0.0,0.460938,0.150538,0.804688,0.311828,0.976562,0.392473,1.085938,0.451613,0.609375,1.0,0.953125,0.833333,1.054688,0.537634,1.054688,0.44086,0.242188,0.978495,0.679688,0.747312,0.773438,0.44086,0.742188,0.397849,-0.101562,0.849462,0.34375,0.596774,0.453125,0.33871,0.40625,0.317204,-0.390625,0.66129,-0.039062,0.424731,0.078125,0.268817,0.046875,0.284946,0,0,0.0,0.0,0.0,0.0,0.0,0.0,0.0,0.0,0.0,0.0,0.0,0.0,0.0,0.0,0.0,0.0,0.0,0.0,0.0,0.0,0.0,0.0,0.0,0.0,0.0,0.0,0.0,0.0,0.0,0.0,0.0,0.0,0.0,0.0,0.0,0.0,0.0,0.0,0.0,0.0,0.0,0.0,Z,12
0.0,0.0,0.468531,0.065789,0.888112,0.243421,1.132867,0.381579,1.300699,0.519737,0.776224,1.0,1.125874,1.171053,1.41958,1.322368,1.671329,1.467105,0.433566,1.085526,0.811189,0.776316,0.888112,0.394737,0.867133,0.256579,0.097902,0.993421,0.475524,0.585526,0.51049,0.282895,0.461538,0.236842,-0.223776,0.802632,0.083916,0.447368,0.13986,0.223684,0.097902,0.203947,0,0,0.0,0.0,0.0,0.0,0.0,0.0,0.0,0.0,0.0,0.0,0.0,0.0,0.0,0.0,0.0,0.0,0.0,0.0,0.0,0.0,0.0,0.0,0.0,0.0,0.0,0.0,0.0,0.0,0.0,0.0,0.0,0.0,0.0,0.0,0.0,0.0,0.0,0.0,0.0,0.0,0.0,0.0,Z,12
0.0,0.0,0.557971,0.120253,1.0,0.379747,1.217391,0.651899,1.347826,0.898734,0.76087,1.0,1.173913,1.139241,1.434783,1.246835,1.630435,1.405063,0.405797,1.082278,0.833333,0.759494,0.811594,0.379747,0.688406,0.367089,0.072464,0.974684,0.456522,0.550633,0.42029,0.253165,0.297101,0.303797,-0.23913,0.78481,0.028986,0.405063,0.072464,0.202532,-0.007246,0.246835,0,0,0.0,0.0,0.0,0.0,0.0,0.0,0.0,0.0,0.0,0.0,0.0,0.0,0.0,0.0,0.0,0.0,0.0,0.0,0.0,0.0,0.0,0.0,0.0,0.0,0.0,0.0,0.0,0.0,0.0,0.0,0.0,0.0,0.0,0.0,0.0,0.0,0.0,0.0,0.0,0.0,0.0,0.0,Z,12
0.0,0.0,0.517483,0.090278,0.916084,0.25,1.118881,0.395833,1.230769,0.541667,0.825175,1.0,1.237762,1.159722,1.496503,1.319444,1.685315,1.5,0.468531,1.111111,0.846154,0.791667,0.811189,0.368056,0.706294,0.3125,0.13986,1.006944,0.468531,0.590278,0.454545,0.256944,0.356643,0.263889,-0.174825,0.805556,0.062937,0.465278,0.153846,0.222222,0.125874,0.215278,0,0,0.0,0.0,0.0,0.0,0.0,0.0,0.0,0.0,0.0,0.0,0.0,0.0,0.0,0.0,0.0,0.0,0.0,0.0,0.0,0.0,0.0,0.0,0.0,0.0,0.0,0.0,0.0,0.0,0.0,0.0,0.0,0.0,0.0,0.0,0.0,0.0,0.0,0.0,0.0,0.0,0.0,0.0,Z,12
0.0,0.0,0.520548,0.112676,0.89726,0.260563,1.116438,0.415493,1.089041,0.521127,0.849315,1.0,1.260274,1.15493,1.520548,1.316901,1.69863,1.485915,0.493151,1.105634,0.849315,0.809859,0.80137,0.359155,0.719178,0.288732,0.150685,1.0,0.479452,0.549296,0.438356,0.211268,0.342466,0.21831,-0.150685,0.802817,0.089041,0.422535,0.150685,0.183099,0.109589,0.197183,0,0,0.0,0.0,0.0,0.0,0.0,0.0,0.0,0.0,0.0,0.0,0.0,0.0,0.0,0.0,0.0,0.0,0.0,0.0,0.0,0.0,0.0,0.0,0.0,0.0,0.0,0.0,0.0,0.0,0.0,0.0,0.0,0.0,0.0,0.0,0.0,0.0,0.0,0.0,0.0,0.0,0.0,0.0,Z,12
0.0,0.0,0.493056,0.116438,0.861111,0.273973,1.027778,0.445205,1.0625,0.616438,0.791667,1.0,1.180556,1.164384,1.451389,1.321918,1.638889,1.5,0.430556,1.123288,0.770833,0.808219,0.715278,0.383562,0.618056,0.349315,0.097222,1.020548,0.416667,0.575342,0.381944,0.253425,0.270833,0.308219,-0.208333,0.815068,0.027778,0.438356,0.083333,0.219178,0.020833,0.253425,0,0,0.0,0.0,0.0,0.0,0.0,0.0,0.0,0.0,0.0,0.0,0.0,0.0,0.0,0.0,0.0,0.0,0.0,0.0,0.0,0.0,0.0,0.0,0.0,0.0,0.0,0.0,0.0,0.0,0.0,0.0,0.0,0.0,0.0,0.0,0.0,0.0,0.0,0.0,0.0,0.0,0.0,0.0,Z,12
0.0,0.0,0.507246,0.121019,0.963768,0.414013,1.246377,0.713376,1.391304,0.987261,0.644928,1.0,1.050725,1.121019,1.347826,1.235669,1.572464,1.375796,0.275362,1.089172,0.644928,0.738854,0.615942,0.382166,0.5,0.350318,-0.057971,0.980892,0.282609,0.515924,0.26087,0.267516,0.152174,0.33121,-0.355072,0.77707,-0.108696,0.388535,-0.086957,0.22293,-0.188406,0.280255,0,0,0.0,0.0,0.0,0.0,0.0,0.0,0.0,0.0,0.0,0.0,0.0,0.0,0.0,0.0,0.0,0.0,0.0,0.0,0.0,0.0,0.0,0.0,0.0,0.0,0.0,0.0,0.0,0.0,0.0,0.0,0.0,0.0,0.0,0.0,0.0,0.0,0.0,0.0,0.0,0.0,0.0,0.0,Z,12
0.0,0.0,0.525926,0.047619,1.022222,0.306122,1.340741,0.537415,1.525926,0.734694,0.785185,1.0,1.185185,1.163265,1.474074,1.306122,1.711111,1.442177,0.437037,1.115646,0.785185,0.77551,0.740741,0.428571,0.622222,0.312925,0.103704,1.054422,0.422222,0.632653,0.385185,0.346939,0.281481,0.278912,-0.214815,0.911565,0.044444,0.571429,0.066667,0.333333,0.014815,0.258503,0,0,0.0,0.0,0.0,0.0,0.0,0.0,0.0,0.0,0.0,0.0,0.0,0.0,0.0,0.0,0.0,0.0,0.0,0.0,0.0,0.0,0.0,0.0,0.0,0.0,0.0,0.0,0.0,0.0,0.0,0.0,0.0,0.0,0.0,0.0,0.0,0.0,0.0,0.0,0.0,0.0,0.0,0.0,Z,12
0.0,0.0,0.565574,0.071895,1.057377,0.267974,1.270492,0.45098,1.286885,0.614379,0.819672,1.0,1.204918,1.098039,1.45082,1.156863,1.647541,1.235294,0.45082,1.058824,0.811475,0.803922,0.770492,0.562092,0.639344,0.496732,0.114754,0.96732,0.467213,0.633987,0.45082,0.411765,0.336066,0.379085,-0.180328,0.79085,0.155738,0.509804,0.172131,0.333333,0.090164,0.281046,0,0,0.0,0.0,0.0,0.0,0.0,0.0,0.0,0.0,0.0,0.0,0.0,0.0,0.0,0.0,0.0,0.0,0.0,0.0,0.0,0.0,0.0,0.0,0.0,0.0,0.0,0.0,0.0,0.0,0.0,0.0,0.0,0.0,0.0,0.0,0.0,0.0,0.0,0.0,0.0,0.0,0.0,0.0,Z,12
0.0,0.0,0.384058,0.117647,0.717391,0.300654,0.782609,0.431373,0.695652,0.522876,0.471014,1.0,0.717391,1.111111,0.884058,1.183007,1.0,1.27451,0.086957,1.013072,0.34058,0.869281,0.434783,0.568627,0.434783,0.464052,-0.246377,0.869281,0.028986,0.581699,0.101449,0.339869,0.065217,0.300654,-0.528986,0.647059,-0.275362,0.411765,-0.195652,0.24183,-0.217391,0.222222,0,0,0.0,0.0,0.0,0.0,0.0,0.0,0.0,0.0,0.0,0.0,0.0,0.0,0.0,0.0,0.0,0.0,0.0,0.0,0.0,0.0,0.0,0.0,0.0,0.0,0.0,0.0,0.0,0.0,0.0,0.0,0.0,0.0,0.0,0.0,0.0,0.0,0.0,0.0,0.0,0.0,0.0,0.0,Z,12
0.0,0.0,0.333333,0.067227,0.733333,0.386555,0.885714,0.705882,0.847619,0.97479,0.52381,1.0,0.67619,1.369748,0.838095,1.630252,0.92381,1.882353,0.190476,1.084034,0.571429,1.084034,0.533333,0.647059,0.371429,0.546218,-0.142857,1.02521,0.228571,0.941176,0.219048,0.529412,0.07619,0.478992,-0.47619,0.882353,-0.142857,0.815126,-0.085714,0.512605,-0.2,0.462185,0,0,0.0,0.0,0.0,0.0,0.0,0.0,0.0,0.0,0.0,0.0,0.0,0.0,0.0,0.0,0.0,0.0,0.0,0.0,0.0,0.0,0.0,0.0,0.0,0.0,0.0,0.0,0.0,0.0,0.0,0.0,0.0,0.0,0.0,0.0,0.0,0.0,0.0,0.0,0.0,0.0,0.0,0.0,Z,13
0.0,0.0,0.455446,0.093023,0.851485,0.364341,1.059406,0.643411,1.069307,0.883721,0.693069,1.0,0.930693,1.372093,1.118812,1.651163,1.217822,1.883721,0.326733,1.062016,0.762376,1.054264,0.722772,0.627907,0.554455,0.542636,0.0,1.007752,0.425743,0.868217,0.366337,0.511628,0.178218,0.48062,-0.306931,0.875969,0.049505,0.75969,0.059406,0.496124,-0.09901,0.472868,0,0,0.0,0.0,0.0,0.0,0.0,0.0,0.0,0.0,0.0,0.0,0.0,0.0,0.0,0.0,0.0,0.0,0.0,0.0,0.0,0.0,0.0,0.0,0.0,0.0,0.0,0.0,0.0,0.0,0.0,0.0,0.0,0.0,0.0,0.0,0.0,0.0,0.0,0.0,0.0,0.0,0.0,0.0,Z,13
0.0,0.0,0.504854,0.097015,0.92233,0.380597,1.135922,0.664179,1.145631,0.91791,0.757282,1.0,1.019417,1.380597,1.213592,1.649254,1.320388,1.880597,0.38835,1.052239,0.825243,1.044776,0.76699,0.641791,0.601942,0.574627,0.067961,1.0,0.485437,0.880597,0.427184,0.522388,0.252427,0.507463,-0.242718,0.880597,0.135922,0.783582,0.145631,0.514925,-0.009709,0.485075,0,0,0.0,0.0,0.0,0.0,0.0,0.0,0.0,0.0,0.0,0.0,0.0,0.0,0.0,0.0,0.0,0.0,0.0,0.0,0.0,0.0,0.0,0.0,0.0,0.0,0.0,0.0,0.0,0.0,0.0,0.0,0.0,0.0,0.0,0.0,0.0,0.0,0.0,0.0,0.0,0.0,0.0,0.0,Z,13
0.0,0.0,0.529412,0.116788,0.960784,0.372263,1.176471,0.635036,1.147059,0.890511,0.784314,1.0,1.058824,1.364964,1.254902,1.627737,1.362745,1.861314,0.421569,1.051095,0.843137,1.058394,0.794118,0.656934,0.627451,0.591241,0.098039,1.007299,0.5,0.905109,0.45098,0.540146,0.284314,0.50365,-0.215686,0.890511,0.137255,0.80292,0.166667,0.532847,0.029412,0.49635,0,0,0.0,0.0,0.0,0.0,0.0,0.0,0.0,0.0,0.0,0.0,0.0,0.0,0.0,0.0,0.0,0.0,0.0,0.0,0.0,0.0,0.0,0.0,0.0,0.0,0.0,0.0,0.0,0.0,0.0,0.0,0.0,0.0,0.0,0.0,0.0,0.0,0.0,0.0,0.0,0.0,0.0,0.0,Z,13
0.0,0.0,0.553398,0.117647,0.980583,0.360294,1.184466,0.625,1.165049,0.882353,0.825243,1.0,1.087379,1.375,1.281553,1.639706,1.378641,1.867647,0.456311,1.058824,0.864078,1.058824,0.796117,0.654412,0.640777,0.602941,0.126214,1.014706,0.524272,0.897059,0.456311,0.544118,0.300971,0.529412,-0.174757,0.911765,0.165049,0.794118,0.184466,0.536765,0.048544,0.514706,0,0,0.0,0.0,0.0,0.0,0.0,0.0,0.0,0.0,0.0,0.0,0.0,0.0,0.0,0.0,0.0,0.0,0.0,0.0,0.0,0.0,0.0,0.0,0.0,0.0,0.0,0.0,0.0,0.0,0.0,0.0,0.0,0.0,0.0,0.0,0.0,0.0,0.0,0.0,0.0,0.0,0.0,0.0,Z,13
0.0,0.0,0.563107,0.109489,0.990291,0.357664,1.203883,0.613139,1.213592,0.861314,0.834951,1.0,1.116505,1.372263,1.320388,1.627737,1.427184,1.854015,0.466019,1.058394,0.893204,1.058394,0.825243,0.664234,0.660194,0.59854,0.135922,1.014599,0.543689,0.905109,0.475728,0.554745,0.320388,0.532847,-0.165049,0.912409,0.184466,0.810219,0.203883,0.554745,0.067961,0.525547,0,0,0.0,0.0,0.0,0.0,0.0,0.0,0.0,0.0,0.0,0.0,0.0,0.0,0.0,0.0,0.0,0.0,0.0,0.0,0.0,0.0,0.0,0.0,0.0,0.0,0.0,0.0,0.0,0.0,0.0,0.0,0.0,0.0,0.0,0.0,0.0,0.0,0.0,0.0,0.0,0.0,0.0,0.0,Z,13
0.0,0.0,0.54902,0.115942,1.0,0.369565,1.22549,0.630435,1.22549,0.884058,0.833333,1.0,1.107843,1.362319,1.313725,1.615942,1.441176,1.84058,0.460784,1.057971,0.892157,1.057971,0.833333,0.681159,0.676471,0.608696,0.137255,1.014493,0.558824,0.905797,0.490196,0.565217,0.343137,0.536232,-0.166667,0.92029,0.196078,0.811594,0.215686,0.565217,0.088235,0.536232,0,0,0.0,0.0,0.0,0.0,0.0,0.0,0.0,0.0,0.0,0.0,0.0,0.0,0.0,0.0,0.0,0.0,0.0,0.0,0.0,0.0,0.0,0.0,0.0,0.0,0.0,0.0,0.0,0.0,0.0,0.0,0.0,0.0,0.0,0.0,0.0,0.0,0.0,0.0,0.0,0.0,0.0,0.0,Z,13
0.0,0.0,0.543689,0.108696,0.990291,0.362319,1.213592,0.623188,1.213592,0.876812,0.84466,1.0,1.116505,1.362319,1.31068,1.615942,1.427184,1.84058,0.485437,1.065217,0.893204,1.07971,0.834951,0.695652,0.68932,0.608696,0.15534,1.021739,0.543689,0.913043,0.475728,0.572464,0.320388,0.528986,-0.15534,0.927536,0.194175,0.833333,0.203883,0.586957,0.07767,0.550725,0,0,0.0,0.0,0.0,0.0,0.0,0.0,0.0,0.0,0.0,0.0,0.0,0.0,0.0,0.0,0.0,0.0,0.0,0.0,0.0,0.0,0.0,0.0,0.0,0.0,0.0,0.0,0.0,0.0,0.0,0.0,0.0,0.0,0.0,0.0,0.0,0.0,0.0,0.0,0.0,0.0,0.0,0.0,Z,13
0.0,0.0,0.539216,0.123188,0.980392,0.369565,1.215686,0.623188,1.215686,0.876812,0.833333,1.0,1.127451,1.369565,1.323529,1.615942,1.45098,1.84058,0.480392,1.065217,0.872549,1.072464,0.813725,0.688406,0.647059,0.601449,0.156863,1.021739,0.529412,0.934783,0.470588,0.586957,0.313725,0.536232,-0.166667,0.92029,0.166667,0.847826,0.196078,0.586957,0.078431,0.543478,0,0,0.0,0.0,0.0,0.0,0.0,0.0,0.0,0.0,0.0,0.0,0.0,0.0,0.0,0.0,0.0,0.0,0.0,0.0,0.0,0.0,0.0,0.0,0.0,0.0,0.0,0.0,0.0,0.0,0.0,0.0,0.0,0.0,0.0,0.0,0.0,0.0,0.0,0.0,0.0,0.0,0.0,0.0,Z,13
0.0,0.0,0.543689,0.115942,0.980583,0.369565,1.184466,0.623188,1.15534,0.869565,0.825243,1.0,1.126214,1.369565,1.330097,1.615942,1.446602,1.84058,0.466019,1.072464,0.864078,1.072464,0.786408,0.688406,0.621359,0.601449,0.135922,1.028986,0.524272,0.934783,0.446602,0.57971,0.291262,0.528986,-0.174757,0.92029,0.15534,0.847826,0.184466,0.586957,0.07767,0.543478,0,0,0.0,0.0,0.0,0.0,0.0,0.0,0.0,0.0,0.0,0.0,0.0,0.0,0.0,0.0,0.0,0.0,0.0,0.0,0.0,0.0,0.0,0.0,0.0,0.0,0.0,0.0,0.0,0.0,0.0,0.0,0.0,0.0,0.0,0.0,0.0,0.0,0.0,0.0,0.0,0.0,0.0,0.0,Z,13
0.0,0.0,0.52381,0.116788,0.952381,0.372263,1.171429,0.627737,1.142857,0.883212,0.819048,1.0,1.104762,1.372263,1.304762,1.620438,1.409524,1.854015,0.466667,1.072993,0.838095,1.087591,0.761905,0.693431,0.609524,0.605839,0.142857,1.029197,0.495238,0.941606,0.428571,0.583942,0.27619,0.532847,-0.180952,0.934307,0.133333,0.854015,0.161905,0.591241,0.057143,0.540146,0,0,0.0,0.0,0.0,0.0,0.0,0.0,0.0,0.0,0.0,0.0,0.0,0.0,0.0,0.0,0.0,0.0,0.0,0.0,0.0,0.0,0.0,0.0,0.0,0.0,0.0,0.0,0.0,0.0,0.0,0.0,0.0,0.0,0.0,0.0,0.0,0.0,0.0,0.0,0.0,0.0,0.0,0.0,Z,13
0.0,0.0,0.514286,0.108696,0.942857,0.369565,1.152381,0.623188,1.142857,0.876812,0.809524,1.0,1.114286,1.362319,1.314286,1.615942,1.419048,1.84058,0.457143,1.072464,0.838095,1.07971,0.752381,0.695652,0.580952,0.615942,0.12381,1.028986,0.495238,0.92029,0.409524,0.565217,0.238095,0.536232,-0.190476,0.927536,0.142857,0.847826,0.152381,0.586957,0.028571,0.557971,0,0,0.0,0.0,0.0,0.0,0.0,0.0,0.0,0.0,0.0,0.0,0.0,0.0,0.0,0.0,0.0,0.0,0.0,0.0,0.0,0.0,0.0,0.0,0.0,0.0,0.0,0.0,0.0,0.0,0.0,0.0,0.0,0.0,0.0,0.0,0.0,0.0,0.0,0.0,0.0,0.0,0.0,0.0,Z,13
0.0,0.0,0.495327,0.101449,0.915888,0.369565,1.140187,0.623188,1.121495,0.876812,0.803738,1.0,1.102804,1.362319,1.299065,1.608696,1.411215,1.84058,0.448598,1.065217,0.82243,1.094203,0.757009,0.710145,0.598131,0.608696,0.121495,1.028986,0.476636,0.927536,0.411215,0.57971,0.252336,0.536232,-0.196262,0.934783,0.140187,0.84058,0.149533,0.586957,0.028037,0.550725,0,0,0.0,0.0,0.0,0.0,0.0,0.0,0.0,0.0,0.0,0.0,0.0,0.0,0.0,0.0,0.0,0.0,0.0,0.0,0.0,0.0,0.0,0.0,0.0,0.0,0.0,0.0,0.0,0.0,0.0,0.0,0.0,0.0,0.0,0.0,0.0,0.0,0.0,0.0,0.0,0.0,0.0,0.0,Z,13
0.0,0.0,0.486239,0.100719,0.899083,0.366906,1.12844,0.625899,1.110092,0.877698,0.807339,1.0,1.110092,1.352518,1.302752,1.604317,1.40367,1.827338,0.458716,1.064748,0.798165,1.086331,0.733945,0.697842,0.587156,0.625899,0.12844,1.028777,0.46789,0.935252,0.40367,0.589928,0.256881,0.568345,-0.192661,0.935252,0.12844,0.848921,0.146789,0.597122,0.036697,0.568345,0,0,0.0,0.0,0.0,0.0,0.0,0.0,0.0,0.0,0.0,0.0,0.0,0.0,0.0,0.0,0.0,0.0,0.0,0.0,0.0,0.0,0.0,0.0,0.0,0.0,0.0,0.0,0.0,0.0,0.0,0.0,0.0,0.0,0.0,0.0,0.0,0.0,0.0,0.0,0.0,0.0,0.0,0.0,Z,13
0.0,0.0,0.486239,0.085714,0.889908,0.371429,1.100917,0.642857,1.082569,0.892857,0.807339,1.0,1.119266,1.342857,1.321101,1.585714,1.431193,1.8,0.449541,1.071429,0.761468,1.057143,0.688073,0.692857,0.541284,0.628571,0.119266,1.028571,0.431193,0.907143,0.366972,0.585714,0.238532,0.585714,-0.192661,0.928571,0.082569,0.814286,0.100917,0.585714,0.018349,0.571429,0,0,0.0,0.0,0.0,0.0,0.0,0.0,0.0,0.0,0.0,0.0,0.0,0.0,0.0,0.0,0.0,0.0,0.0,0.0,0.0,0.0,0.0,0.0,0.0,0.0,0.0,0.0,0.0,0.0,0.0,0.0,0.0,0.0,0.0,0.0,0.0,0.0,0.0,0.0,0.0,0.0,0.0,0.0,Z,13
0.0,0.0,0.378641,0.02521,0.815534,0.369748,1.009709,0.672269,0.951456,0.932773,0.563107,1.0,0.825243,1.243697,0.990291,1.285714,1.087379,1.386555,0.23301,1.042017,0.485437,1.151261,0.514563,0.764706,0.417476,0.630252,-0.097087,0.97479,0.145631,1.033613,0.203883,0.680672,0.097087,0.563025,-0.436893,0.840336,-0.203883,0.87395,-0.097087,0.596639,-0.15534,0.487395,-0.18446601941747573,0.18487394957983194,0.0,0.0,0.486239,0.055556,0.917431,0.354167,1.119266,0.631944,1.119266,0.895833,0.779817,1.0,1.091743,1.340278,1.302752,1.555556,1.431193,1.763889,0.431193,1.041667,0.724771,1.076389,0.706422,0.736111,0.577982,0.638889,0.100917,0.986111,0.385321,0.965278,0.394495,0.659722,0.293578,0.597222,-0.220183,0.875,0.036697,0.854167,0.110092,0.631944,0.055046,0.576389,Z,13
0.0,0.0,0.495413,0.109589,0.899083,0.417808,0.944954,0.684932,0.862385,0.890411,0.743119,1.0,1.018349,1.342466,1.220183,1.554795,1.357798,1.746575,0.394495,1.020548,0.623853,1.061644,0.623853,0.760274,0.550459,0.650685,0.06422,0.952055,0.229358,0.993151,0.266055,0.69863,0.229358,0.60274,-0.256881,0.828767,-0.137615,0.863014,-0.036697,0.643836,-0.027523,0.554795,0,0,0.0,0.0,0.0,0.0,0.0,0.0,0.0,0.0,0.0,0.0,0.0,0.0,0.0,0.0,0.0,0.0,0.0,0.0,0.0,0.0,0.0,0.0,0.0,0.0,0.0,0.0,0.0,0.0,0.0,0.0,0.0,0.0,0.0,0.0,0.0,0.0,0.0,0.0,0.0,0.0,0.0,0.0,Z,13
0.0,0.0,0.438776,0.142857,0.816327,0.537815,0.897959,0.882353,0.826531,1.10084,0.530612,1.0,0.571429,1.226891,0.602041,0.966387,0.642857,0.789916,0.204082,0.97479,0.234694,1.168067,0.316327,0.865546,0.336735,0.689076,-0.122449,0.890756,-0.102041,1.067227,-0.010204,0.781513,0.010204,0.605042,-0.469388,0.756303,-0.397959,0.92437,-0.306122,0.722689,-0.295918,0.571429,-0.10204081632653061,0.15966386554621848,0.0,0.0,0.53271,0.174825,0.962617,0.48951,1.018692,0.776224,0.943925,0.972028,0.616822,1.0,0.766355,1.370629,0.841121,1.34965,0.915888,1.34965,0.280374,0.979021,0.429907,1.167832,0.542056,0.881119,0.560748,0.748252,-0.046729,0.895105,0.074766,1.048951,0.17757,0.783217,0.17757,0.657343,-0.383178,0.769231,-0.242991,0.888112,-0.130841,0.706294,-0.130841,0.601399,Z,13
0.0,0.0,0.561798,0.26087,1.05618,0.536232,1.134831,0.797101,0.955056,0.942029,0.516854,1.0,0.573034,1.297101,0.696629,1.108696,0.741573,0.963768,0.179775,0.942029,0.269663,1.181159,0.438202,0.956522,0.460674,0.833333,-0.146067,0.847826,-0.033708,1.072464,0.146067,0.862319,0.179775,0.73913,-0.483146,0.731884,-0.325843,0.92029,-0.168539,0.775362,-0.134831,0.666667,0,0,0.0,0.0,0.0,0.0,0.0,0.0,0.0,0.0,0.0,0.0,0.0,0.0,0.0,0.0,0.0,0.0,0.0,0.0,0.0,0.0,0.0,0.0,0.0,0.0,0.0,0.0,0.0,0.0,0.0,0.0,0.0,0.0,0.0,0.0,0.0,0.0,0.0,0.0,0.0,0.0,0.0,0.0,Z,13
0.0,0.0,0.488889,0.253521,0.8,0.626761,0.744444,0.922535,0.377778,0.992958,0.155556,1.0,0.133333,1.28169,0.288889,1.070423,0.322222,0.922535,-0.177778,0.93662,-0.177778,1.161972,0.044444,0.915493,0.077778,0.788732,-0.5,0.816901,-0.466667,1.014085,-0.244444,0.788732,-0.211111,0.669014,-0.844444,0.669014,-0.777778,0.859155,-0.566667,0.711268,-0.522222,0.598592,0,0,0.0,0.0,0.0,0.0,0.0,0.0,0.0,0.0,0.0,0.0,0.0,0.0,0.0,0.0,0.0,0.0,0.0,0.0,0.0,0.0,0.0,0.0,0.0,0.0,0.0,0.0,0.0,0.0,0.0,0.0,0.0,0.0,0.0,0.0,0.0,0.0,0.0,0.0,0.0,0.0,0.0,0.0,Z,13
0.0,0.0,0.376238,0.170213,0.594059,0.531915,0.534653,0.822695,0.29703,0.985816,0.207921,1.0,0.277228,1.397163,0.336634,1.680851,0.336634,1.907801,-0.148515,0.950355,-0.148515,1.234043,0.029703,0.971631,0.09901,0.77305,-0.475248,0.822695,-0.415842,0.971631,-0.207921,0.723404,-0.158416,0.58156,-0.792079,0.64539,-0.70297,0.794326,-0.50495,0.624113,-0.455446,0.503546,0,0,0.0,0.0,0.0,0.0,0.0,0.0,0.0,0.0,0.0,0.0,0.0,0.0,0.0,0.0,0.0,0.0,0.0,0.0,0.0,0.0,0.0,0.0,0.0,0.0,0.0,0.0,0.0,0.0,0.0,0.0,0.0,0.0,0.0,0.0,0.0,0.0,0.0,0.0,0.0,0.0,0.0,0.0,Z,13
0.0,0.0,0.339623,0.221477,0.528302,0.583893,0.396226,0.845638,0.132075,0.979866,0.179245,1.0,0.198113,1.389262,0.179245,1.651007,0.122642,1.872483,-0.198113,0.939597,-0.292453,1.208054,-0.132075,0.946309,-0.056604,0.744966,-0.528302,0.805369,-0.575472,0.95302,-0.377358,0.704698,-0.301887,0.57047,-0.820755,0.61745,-0.830189,0.765101,-0.622642,0.597315,-0.537736,0.496644,0,0,0.0,0.0,0.0,0.0,0.0,0.0,0.0,0.0,0.0,0.0,0.0,0.0,0.0,0.0,0.0,0.0,0.0,0.0,0.0,0.0,0.0,0.0,0.0,0.0,0.0,0.0,0.0,0.0,0.0,0.0,0.0,0.0,0.0,0.0,0.0,0.0,0.0,0.0,0.0,0.0,0.0,0.0,Z,13
0.0,0.0,0.365385,0.248366,0.576923,0.594771,0.403846,0.849673,0.096154,0.986928,0.192308,1.0,0.211538,1.366013,0.173077,1.614379,0.115385,1.830065,-0.192308,0.928105,-0.298077,1.169935,-0.144231,0.862745,-0.057692,0.718954,-0.519231,0.797386,-0.615385,0.921569,-0.394231,0.633987,-0.298077,0.542484,-0.807692,0.620915,-0.884615,0.732026,-0.663462,0.542484,-0.567308,0.470588,0,0,0.0,0.0,0.0,0.0,0.0,0.0,0.0,0.0,0.0,0.0,0.0,0.0,0.0,0.0,0.0,0.0,0.0,0.0,0.0,0.0,0.0,0.0,0.0,0.0,0.0,0.0,0.0,0.0,0.0,0.0,0.0,0.0,0.0,0.0,0.0,0.0,0.0,0.0,0.0,0.0,0.0,0.0,Z,13
0.0,0.0,0.355769,0.228758,0.567308,0.555556,0.403846,0.823529,0.115385,0.993464,0.173077,1.0,0.182692,1.359477,0.125,1.607843,0.057692,1.816993,-0.201923,0.928105,-0.307692,1.176471,-0.163462,0.856209,-0.076923,0.72549,-0.528846,0.797386,-0.625,0.921569,-0.413462,0.627451,-0.326923,0.54902,-0.826923,0.614379,-0.903846,0.732026,-0.682692,0.542484,-0.576923,0.470588,0,0,0.0,0.0,0.0,0.0,0.0,0.0,0.0,0.0,0.0,0.0,0.0,0.0,0.0,0.0,0.0,0.0,0.0,0.0,0.0,0.0,0.0,0.0,0.0,0.0,0.0,0.0,0.0,0.0,0.0,0.0,0.0,0.0,0.0,0.0,0.0,0.0,0.0,0.0,0.0,0.0,0.0,0.0,Z,13
0.0,0.0,0.364486,0.22973,0.588785,0.567568,0.429907,0.844595,0.121495,0.993243,0.214953,1.0,0.205607,1.391892,0.149533,1.635135,0.074766,1.858108,-0.158879,0.945946,-0.280374,1.216216,-0.140187,0.898649,-0.018692,0.716216,-0.485981,0.824324,-0.579439,0.932432,-0.364486,0.621622,-0.224299,0.486486,-0.785047,0.641892,-0.859813,0.756757,-0.635514,0.547297,-0.495327,0.445946,0,0,0.0,0.0,0.0,0.0,0.0,0.0,0.0,0.0,0.0,0.0,0.0,0.0,0.0,0.0,0.0,0.0,0.0,0.0,0.0,0.0,0.0,0.0,0.0,0.0,0.0,0.0,0.0,0.0,0.0,0.0,0.0,0.0,0.0,0.0,0.0,0.0,0.0,0.0,0.0,0.0,0.0,0.0,Z,13
0.0,0.0,0.327434,0.206667,0.548673,0.54,0.389381,0.833333,0.097345,1.013333,0.20354,1.0,0.20354,1.36,0.150442,1.593333,0.088496,1.806667,-0.168142,0.973333,-0.256637,1.186667,-0.097345,0.893333,0.017699,0.713333,-0.495575,0.873333,-0.530973,0.92,-0.345133,0.653333,-0.230088,0.546667,-0.79646,0.713333,-0.787611,0.726667,-0.59292,0.546667,-0.477876,0.493333,0,0,0.0,0.0,0.0,0.0,0.0,0.0,0.0,0.0,0.0,0.0,0.0,0.0,0.0,0.0,0.0,0.0,0.0,0.0,0.0,0.0,0.0,0.0,0.0,0.0,0.0,0.0,0.0,0.0,0.0,0.0,0.0,0.0,0.0,0.0,0.0,0.0,0.0,0.0,0.0,0.0,0.0,0.0,Z,13
0.0,0.0,0.383178,0.192053,0.626168,0.536424,0.495327,0.807947,0.168224,0.92053,0.242991,1.0,0.196262,1.350993,0.149533,1.589404,0.102804,1.801325,-0.121495,0.986755,-0.158879,1.05298,-0.009346,0.761589,0.121495,0.589404,-0.448598,0.874172,-0.457944,0.86755,-0.261682,0.622517,-0.130841,0.483444,-0.757009,0.715232,-0.738318,0.701987,-0.551402,0.529801,-0.429907,0.443709,0,0,0.0,0.0,0.0,0.0,0.0,0.0,0.0,0.0,0.0,0.0,0.0,0.0,0.0,0.0,0.0,0.0,0.0,0.0,0.0,0.0,0.0,0.0,0.0,0.0,0.0,0.0,0.0,0.0,0.0,0.0,0.0,0.0,0.0,0.0,0.0,0.0,0.0,0.0,0.0,0.0,0.0,0.0,Z,13
0.0,0.0,0.479592,0.258741,0.846939,0.566434,0.857143,0.818182,0.602041,0.916084,0.316327,1.0,-0.091837,1.258741,-0.091837,1.153846,0.040816,1.027972,-0.030612,0.937063,-0.479592,1.181818,-0.469388,1.076923,-0.316327,0.944056,-0.377551,0.825175,-0.785714,1.062937,-0.744898,0.951049,-0.591837,0.818182,-0.683673,0.692308,-1.010204,0.895105,-0.94898,0.797203,-0.785714,0.692308,0,0,0.0,0.0,0.0,0.0,0.0,0.0,0.0,0.0,0.0,0.0,0.0,0.0,0.0,0.0,0.0,0.0,0.0,0.0,0.0,0.0,0.0,0.0,0.0,0.0,0.0,0.0,0.0,0.0,0.0,0.0,0.0,0.0,0.0,0.0,0.0,0.0,0.0,0.0,0.0,0.0,0.0,0.0,Z,13
0.0,0.0,0.393939,0.277778,0.737374,0.722222,0.787879,1.074074,0.545455,1.305556,0.525253,1.0,0.59596,1.398148,0.616162,1.712963,0.636364,1.972222,0.222222,0.898148,0.060606,1.324074,-0.212121,1.574074,-0.40404,1.703704,-0.111111,0.703704,-0.292929,1.101852,-0.555556,1.351852,-0.717172,1.481481,-0.474747,0.481481,-0.646465,0.842593,-0.79798,1.046296,-0.909091,1.138889,-0.15151515151515152,0.018518518518518517,0.0,0.0,0.457447,0.216418,0.829787,0.567164,0.893617,0.835821,0.702128,0.962687,0.351064,1.0,0.329787,1.044776,0.574468,0.828358,0.808511,0.679104,0.0,0.940299,-0.021277,0.977612,0.234043,0.768657,0.43617,0.626866,-0.340426,0.835821,-0.404255,0.925373,-0.202128,0.723881,-0.031915,0.567164,-0.648936,0.701493,-0.755319,0.798507,-0.606383,0.656716,-0.457447,0.537313,Z,13
0.0,0.0,0.347107,0.091603,0.694215,0.374046,0.743802,0.664122,0.553719,0.824427,0.487603,1.0,0.677686,1.160305,0.793388,1.129771,0.867769,1.160305,0.123967,1.030534,0.280992,1.0,0.347107,0.671756,0.371901,0.51145,-0.206612,0.938931,-0.049587,0.870229,0.016529,0.587786,0.024793,0.435115,-0.512397,0.778626,-0.46281,0.763359,-0.38843,0.580153,-0.380165,0.503817,0,0,0.0,0.0,0.0,0.0,0.0,0.0,0.0,0.0,0.0,0.0,0.0,0.0,0.0,0.0,0.0,0.0,0.0,0.0,0.0,0.0,0.0,0.0,0.0,0.0,0.0,0.0,0.0,0.0,0.0,0.0,0.0,0.0,0.0,0.0,0.0,0.0,0.0,0.0,0.0,0.0,0.0,0.0,Z,13
0.0,0.0,0.353448,0.109489,0.715517,0.335766,0.836207,0.569343,0.741379,0.751825,0.482759,1.0,0.741379,1.109489,0.948276,1.19708,1.112069,1.291971,0.103448,1.072993,0.396552,0.963504,0.482759,0.620438,0.465517,0.49635,-0.232759,0.985401,0.094828,0.722628,0.155172,0.445255,0.12931,0.408759,-0.517241,0.810219,-0.232759,0.547445,-0.146552,0.350365,-0.172414,0.335766,0,0,0.0,0.0,0.0,0.0,0.0,0.0,0.0,0.0,0.0,0.0,0.0,0.0,0.0,0.0,0.0,0.0,0.0,0.0,0.0,0.0,0.0,0.0,0.0,0.0,0.0,0.0,0.0,0.0,0.0,0.0,0.0,0.0,0.0,0.0,0.0,0.0,0.0,0.0,0.0,0.0,0.0,0.0,Z,13
0.0,0.0,0.394495,0.098485,0.770642,0.310606,0.93578,0.55303,0.853211,0.742424,0.541284,1.0,0.798165,1.151515,1.018349,1.310606,1.192661,1.439394,0.174312,1.083333,0.458716,0.94697,0.522936,0.583333,0.504587,0.416667,-0.174312,0.992424,0.12844,0.681818,0.201835,0.416667,0.192661,0.371212,-0.458716,0.80303,-0.211009,0.522727,-0.12844,0.340909,-0.155963,0.333333,0,0,0.0,0.0,0.0,0.0,0.0,0.0,0.0,0.0,0.0,0.0,0.0,0.0,0.0,0.0,0.0,0.0,0.0,0.0,0.0,0.0,0.0,0.0,0.0,0.0,0.0,0.0,0.0,0.0,0.0,0.0,0.0,0.0,0.0,0.0,0.0,0.0,0.0,0.0,0.0,0.0,0.0,0.0,Z,13
0.0,0.0,0.396396,0.076923,0.801802,0.3,0.945946,0.546154,0.864865,0.753846,0.603604,1.0,0.918919,1.192308,1.144144,1.353846,1.324324,1.515385,0.243243,1.092308,0.540541,0.946154,0.54955,0.576923,0.477477,0.446154,-0.099099,1.015385,0.216216,0.692308,0.243243,0.423077,0.189189,0.407692,-0.396396,0.830769,-0.126126,0.530769,-0.054054,0.330769,-0.09009,0.346154,0,0,0.0,0.0,0.0,0.0,0.0,0.0,0.0,0.0,0.0,0.0,0.0,0.0,0.0,0.0,0.0,0.0,0.0,0.0,0.0,0.0,0.0,0.0,0.0,0.0,0.0,0.0,0.0,0.0,0.0,0.0,0.0,0.0,0.0,0.0,0.0,0.0,0.0,0.0,0.0,0.0,0.0,0.0,Z,13
0.0,0.0,0.410256,0.083333,0.777778,0.295455,0.880342,0.537879,0.811966,0.765152,0.615385,1.0,0.923077,1.181818,1.119658,1.340909,1.25641,1.5,0.247863,1.098485,0.529915,0.916667,0.529915,0.537879,0.461538,0.416667,-0.08547,1.007576,0.196581,0.666667,0.213675,0.378788,0.162393,0.363636,-0.384615,0.825758,-0.145299,0.515152,-0.068376,0.30303,-0.094017,0.318182,0,0,0.0,0.0,0.0,0.0,0.0,0.0,0.0,0.0,0.0,0.0,0.0,0.0,0.0,0.0,0.0,0.0,0.0,0.0,0.0,0.0,0.0,0.0,0.0,0.0,0.0,0.0,0.0,0.0,0.0,0.0,0.0,0.0,0.0,0.0,0.0,0.0,0.0,0.0,0.0,0.0,0.0,0.0,Z,13
0.0,0.0,0.431034,0.098485,0.784483,0.295455,0.905172,0.537879,0.87069,0.757576,0.646552,1.0,0.965517,1.166667,1.163793,1.333333,1.318966,1.5,0.275862,1.098485,0.586207,0.901515,0.560345,0.537879,0.448276,0.44697,-0.051724,1.015152,0.232759,0.628788,0.232759,0.348485,0.155172,0.356061,-0.353448,0.833333,-0.12069,0.492424,-0.043103,0.287879,-0.068966,0.310606,0,0,0.0,0.0,0.0,0.0,0.0,0.0,0.0,0.0,0.0,0.0,0.0,0.0,0.0,0.0,0.0,0.0,0.0,0.0,0.0,0.0,0.0,0.0,0.0,0.0,0.0,0.0,0.0,0.0,0.0,0.0,0.0,0.0,0.0,0.0,0.0,0.0,0.0,0.0,0.0,0.0,0.0,0.0,Z,13
0.0,0.0,0.396552,0.091603,0.784483,0.335878,0.887931,0.59542,0.836207,0.816794,0.594828,1.0,0.913793,1.167939,1.12931,1.320611,1.293103,1.473282,0.224138,1.091603,0.517241,0.862595,0.491379,0.503817,0.37069,0.465649,-0.112069,0.992366,0.189655,0.633588,0.189655,0.358779,0.103448,0.40458,-0.405172,0.80916,-0.172414,0.51145,-0.112069,0.320611,-0.172414,0.351145,0,0,0.0,0.0,0.0,0.0,0.0,0.0,0.0,0.0,0.0,0.0,0.0,0.0,0.0,0.0,0.0,0.0,0.0,0.0,0.0,0.0,0.0,0.0,0.0,0.0,0.0,0.0,0.0,0.0,0.0,0.0,0.0,0.0,0.0,0.0,0.0,0.0,0.0,0.0,0.0,0.0,0.0,0.0,Z,13
0.0,0.0,0.385965,0.085938,0.807018,0.320312,0.947368,0.554688,0.938596,0.773438,0.596491,1.0,0.903509,1.179688,1.131579,1.335938,1.324561,1.484375,0.22807,1.101562,0.526316,0.835938,0.5,0.53125,0.403509,0.445312,-0.105263,1.0,0.201754,0.640625,0.192982,0.390625,0.131579,0.375,-0.403509,0.804688,-0.157895,0.492188,-0.105263,0.304688,-0.140351,0.304688,0,0,0.0,0.0,0.0,0.0,0.0,0.0,0.0,0.0,0.0,0.0,0.0,0.0,0.0,0.0,0.0,0.0,0.0,0.0,0.0,0.0,0.0,0.0,0.0,0.0,0.0,0.0,0.0,0.0,0.0,0.0,0.0,0.0,0.0,0.0,0.0,0.0,0.0,0.0,0.0,0.0,0.0,0.0,Z,13
0.0,0.0,0.471698,0.116279,0.915094,0.379845,1.113208,0.612403,1.141509,0.79845,0.59434,1.0,0.90566,1.139535,1.141509,1.255814,1.339623,1.379845,0.226415,1.046512,0.518868,0.806202,0.556604,0.55814,0.509434,0.51938,-0.113208,0.922481,0.198113,0.589147,0.235849,0.395349,0.179245,0.418605,-0.40566,0.72093,-0.132075,0.434109,-0.066038,0.27907,-0.103774,0.294574,0,0,0.0,0.0,0.0,0.0,0.0,0.0,0.0,0.0,0.0,0.0,0.0,0.0,0.0,0.0,0.0,0.0,0.0,0.0,0.0,0.0,0.0,0.0,0.0,0.0,0.0,0.0,0.0,0.0,0.0,0.0,0.0,0.0,0.0,0.0,0.0,0.0,0.0,0.0,0.0,0.0,0.0,0.0,Z,13
0.0,0.0,0.516484,0.116279,0.934066,0.395349,1.010989,0.635659,0.857143,0.744186,0.483516,1.0,0.78022,1.162791,1.043956,1.286822,1.285714,1.387597,0.087912,0.992248,0.340659,1.031008,0.571429,0.922481,0.703297,0.844961,-0.241758,0.860465,0.131868,0.790698,0.351648,0.658915,0.461538,0.596899,-0.516484,0.651163,-0.153846,0.635659,0.065934,0.55814,0.175824,0.51938,0,0,0.0,0.0,0.0,0.0,0.0,0.0,0.0,0.0,0.0,0.0,0.0,0.0,0.0,0.0,0.0,0.0,0.0,0.0,0.0,0.0,0.0,0.0,0.0,0.0,0.0,0.0,0.0,0.0,0.0,0.0,0.0,0.0,0.0,0.0,0.0,0.0,0.0,0.0,0.0,0.0,0.0,0.0,Z,13
0.0,0.0,0.263158,0.217742,1.210526,0.540323,2.578947,0.733871,3.631579,0.854839,1.789474,1.0,3.315789,1.217742,4.842105,1.322581,6.315789,1.403226,2.473684,0.887097,4.842105,0.967742,5.789474,0.83871,6.157895,0.741935,2.789474,0.725806,5.052632,0.717742,4.578947,0.5,3.578947,0.354839,2.789474,0.532258,4.631579,0.556452,4.210526,0.395161,3.315789,0.282258,0,0,0.0,0.0,0.0,0.0,0.0,0.0,0.0,0.0,0.0,0.0,0.0,0.0,0.0,0.0,0.0,0.0,0.0,0.0,0.0,0.0,0.0,0.0,0.0,0.0,0.0,0.0,0.0,0.0,0.0,0.0,0.0,0.0,0.0,0.0,0.0,0.0,0.0,0.0,0.0,0.0,0.0,0.0,Z,13
0.0,0.0,0.125,0.490566,-0.2,1.084906,-0.7375,1.433962,-1.0875,1.754717,-0.425,1.0,-0.75,1.311321,-1.0,1.509434,-1.225,1.669811,-0.825,0.773585,-1.35,0.896226,-0.875,0.773585,-0.425,0.698113,-1.1625,0.509434,-1.625,0.603774,-1.0875,0.518868,-0.6625,0.462264,-1.425,0.235849,-1.85,0.377358,-1.4375,0.330189,-1.0875,0.292453,0,0,0.0,0.0,0.0,0.0,0.0,0.0,0.0,0.0,0.0,0.0,0.0,0.0,0.0,0.0,0.0,0.0,0.0,0.0,0.0,0.0,0.0,0.0,0.0,0.0,0.0,0.0,0.0,0.0,0.0,0.0,0.0,0.0,0.0,0.0,0.0,0.0,0.0,0.0,0.0,0.0,0.0,0.0,Z,13
0.0,0.0,0.29,0.260563,0.28,0.521127,-0.09,0.690141,-0.53,0.760563,-0.14,1.0,-0.36,1.169014,-0.6,1.295775,-0.83,1.457746,-0.54,0.866197,-0.91,0.859155,-0.56,0.528169,-0.32,0.5,-0.89,0.690141,-1.18,0.612676,-0.8,0.366197,-0.57,0.380282,-1.14,0.492958,-1.37,0.43662,-1.06,0.288732,-0.85,0.28169,0,0,0.0,0.0,0.0,0.0,0.0,0.0,0.0,0.0,0.0,0.0,0.0,0.0,0.0,0.0,0.0,0.0,0.0,0.0,0.0,0.0,0.0,0.0,0.0,0.0,0.0,0.0,0.0,0.0,0.0,0.0,0.0,0.0,0.0,0.0,0.0,0.0,0.0,0.0,0.0,0.0,0.0,0.0,Z,13
0.0,0.0,0.26,0.262069,0.27,0.572414,-0.12,0.696552,-0.57,0.710345,-0.2,1.0,-0.41,1.165517,-0.62,1.289655,-0.83,1.455172,-0.61,0.882759,-0.92,0.875862,-0.59,0.537931,-0.39,0.531034,-0.95,0.717241,-1.2,0.627586,-0.82,0.372414,-0.64,0.42069,-1.2,0.517241,-1.37,0.427586,-1.05,0.296552,-0.86,0.317241,0,0,0.0,0.0,0.0,0.0,0.0,0.0,0.0,0.0,0.0,0.0,0.0,0.0,0.0,0.0,0.0,0.0,0.0,0.0,0.0,0.0,0.0,0.0,0.0,0.0,0.0,0.0,0.0,0.0,0.0,0.0,0.0,0.0,0.0,0.0,0.0,0.0,0.0,0.0,0.0,0.0,0.0,0.0,Z,13
0.0,0.0,0.257732,0.273973,0.247423,0.568493,-0.134021,0.726027,-0.608247,0.739726,-0.247423,1.0,-0.443299,1.150685,-0.670103,1.267123,-0.886598,1.417808,-0.670103,0.869863,-0.979381,0.890411,-0.649485,0.561644,-0.443299,0.554795,-1.0,0.69863,-1.247423,0.636986,-0.876289,0.39726,-0.690722,0.424658,-1.247423,0.493151,-1.42268,0.438356,-1.123711,0.321918,-0.927835,0.335616,0,0,0.0,0.0,0.0,0.0,0.0,0.0,0.0,0.0,0.0,0.0,0.0,0.0,0.0,0.0,0.0,0.0,0.0,0.0,0.0,0.0,0.0,0.0,0.0,0.0,0.0,0.0,0.0,0.0,0.0,0.0,0.0,0.0,0.0,0.0,0.0,0.0,0.0,0.0,0.0,0.0,0.0,0.0,Z,13
0.0,0.0,0.252525,0.27972,0.282828,0.573427,-0.090909,0.706294,-0.505051,0.713287,-0.212121,1.0,-0.383838,1.153846,-0.616162,1.27972,-0.818182,1.433566,-0.636364,0.881119,-0.939394,0.916084,-0.686869,0.573427,-0.474747,0.503497,-0.969697,0.713287,-1.191919,0.636364,-0.878788,0.391608,-0.676768,0.384615,-1.212121,0.496503,-1.373737,0.440559,-1.10101,0.307692,-0.89899,0.314685,0,0,0.0,0.0,0.0,0.0,0.0,0.0,0.0,0.0,0.0,0.0,0.0,0.0,0.0,0.0,0.0,0.0,0.0,0.0,0.0,0.0,0.0,0.0,0.0,0.0,0.0,0.0,0.0,0.0,0.0,0.0,0.0,0.0,0.0,0.0,0.0,0.0,0.0,0.0,0.0,0.0,0.0,0.0,Z,13
0.0,0.0,0.257732,0.268966,0.298969,0.57931,-0.103093,0.696552,-0.525773,0.682759,-0.216495,1.0,-0.402062,1.158621,-0.618557,1.282759,-0.824742,1.427586,-0.659794,0.903448,-0.948454,0.896552,-0.659794,0.565517,-0.43299,0.496552,-0.989691,0.737931,-1.216495,0.634483,-0.886598,0.4,-0.670103,0.393103,-1.216495,0.531034,-1.391753,0.455172,-1.103093,0.310345,-0.896907,0.317241,0,0,0.0,0.0,0.0,0.0,0.0,0.0,0.0,0.0,0.0,0.0,0.0,0.0,0.0,0.0,0.0,0.0,0.0,0.0,0.0,0.0,0.0,0.0,0.0,0.0,0.0,0.0,0.0,0.0,0.0,0.0,0.0,0.0,0.0,0.0,0.0,0.0,0.0,0.0,0.0,0.0,0.0,0.0,Z,13
0.0,0.0,0.27551,0.267606,0.306122,0.56338,-0.061224,0.711268,-0.479592,0.725352,-0.183673,1.0,-0.367347,1.176056,-0.602041,1.309859,-0.795918,1.464789,-0.622449,0.901408,-0.908163,0.908451,-0.683673,0.570423,-0.469388,0.492958,-0.94898,0.746479,-1.163265,0.633803,-0.867347,0.380282,-0.642857,0.373239,-1.183673,0.542254,-1.367347,0.457746,-1.091837,0.302817,-0.867347,0.302817,0,0,0.0,0.0,0.0,0.0,0.0,0.0,0.0,0.0,0.0,0.0,0.0,0.0,0.0,0.0,0.0,0.0,0.0,0.0,0.0,0.0,0.0,0.0,0.0,0.0,0.0,0.0,0.0,0.0,0.0,0.0,0.0,0.0,0.0,0.0,0.0,0.0,0.0,0.0,0.0,0.0,0.0,0.0,Z,13
0.0,0.0,0.272727,0.268116,0.292929,0.572464,-0.080808,0.731884,-0.494949,0.753623,-0.181818,1.0,-0.363636,1.188406,-0.585859,1.34058,-0.787879,1.507246,-0.606061,0.891304,-0.929293,0.905797,-0.666667,0.572464,-0.414141,0.492754,-0.939394,0.724638,-1.171717,0.637681,-0.848485,0.384058,-0.606061,0.384058,-1.181818,0.507246,-1.353535,0.442029,-1.050505,0.282609,-0.838384,0.289855,0,0,0.0,0.0,0.0,0.0,0.0,0.0,0.0,0.0,0.0,0.0,0.0,0.0,0.0,0.0,0.0,0.0,0.0,0.0,0.0,0.0,0.0,0.0,0.0,0.0,0.0,0.0,0.0,0.0,0.0,0.0,0.0,0.0,0.0,0.0,0.0,0.0,0.0,0.0,0.0,0.0,0.0,0.0,Z,13
0.0,0.0,0.27,0.266187,0.31,0.561151,-0.06,0.71223,-0.45,0.726619,-0.19,1.0,-0.34,1.165468,-0.57,1.309353,-0.77,1.460432,-0.61,0.920863,-0.9,0.892086,-0.62,0.546763,-0.39,0.47482,-0.95,0.76259,-1.15,0.633094,-0.83,0.374101,-0.6,0.374101,-1.19,0.546763,-1.35,0.438849,-1.06,0.280576,-0.83,0.294964,0,0,0.0,0.0,0.0,0.0,0.0,0.0,0.0,0.0,0.0,0.0,0.0,0.0,0.0,0.0,0.0,0.0,0.0,0.0,0.0,0.0,0.0,0.0,0.0,0.0,0.0,0.0,0.0,0.0,0.0,0.0,0.0,0.0,0.0,0.0,0.0,0.0,0.0,0.0,0.0,0.0,0.0,0.0,Z,13
0.0,0.0,0.259615,0.25,0.298077,0.542857,-0.028846,0.714286,-0.423077,0.75,-0.134615,1.0,-0.307692,1.171429,-0.519231,1.314286,-0.721154,1.485714,-0.548077,0.914286,-0.836538,0.885714,-0.548077,0.535714,-0.336538,0.492857,-0.884615,0.764286,-1.105769,0.65,-0.788462,0.378571,-0.586538,0.392857,-1.134615,0.557143,-1.298077,0.45,-1.009615,0.285714,-0.817308,0.292857,0,0,0.0,0.0,0.0,0.0,0.0,0.0,0.0,0.0,0.0,0.0,0.0,0.0,0.0,0.0,0.0,0.0,0.0,0.0,0.0,0.0,0.0,0.0,0.0,0.0,0.0,0.0,0.0,0.0,0.0,0.0,0.0,0.0,0.0,0.0,0.0,0.0,0.0,0.0,0.0,0.0,0.0,0.0,Z,13
0.0,0.0,0.242718,0.258993,0.300971,0.546763,-0.029126,0.726619,-0.446602,0.755396,-0.15534,1.0,-0.330097,1.179856,-0.543689,1.323741,-0.747573,1.496403,-0.572816,0.913669,-0.873786,0.935252,-0.592233,0.582734,-0.398058,0.546763,-0.902913,0.76259,-1.135922,0.669065,-0.815534,0.410072,-0.631068,0.431655,-1.15534,0.546763,-1.320388,0.460432,-1.038835,0.316547,-0.854369,0.338129,0,0,0.0,0.0,0.0,0.0,0.0,0.0,0.0,0.0,0.0,0.0,0.0,0.0,0.0,0.0,0.0,0.0,0.0,0.0,0.0,0.0,0.0,0.0,0.0,0.0,0.0,0.0,0.0,0.0,0.0,0.0,0.0,0.0,0.0,0.0,0.0,0.0,0.0,0.0,0.0,0.0,0.0,0.0,Z,13
0.0,0.0,0.271845,0.231293,0.300971,0.510204,-0.029126,0.680272,-0.456311,0.714286,-0.15534,1.0,-0.349515,1.142857,-0.533981,1.272109,-0.708738,1.435374,-0.553398,0.904762,-0.864078,0.857143,-0.533981,0.517007,-0.349515,0.530612,-0.893204,0.755102,-1.116505,0.612245,-0.76699,0.353741,-0.601942,0.408163,-1.15534,0.557823,-1.281553,0.428571,-0.990291,0.278912,-0.825243,0.312925,0,0,0.0,0.0,0.0,0.0,0.0,0.0,0.0,0.0,0.0,0.0,0.0,0.0,0.0,0.0,0.0,0.0,0.0,0.0,0.0,0.0,0.0,0.0,0.0,0.0,0.0,0.0,0.0,0.0,0.0,0.0,0.0,0.0,0.0,0.0,0.0,0.0,0.0,0.0,0.0,0.0,0.0,0.0,Z,13
0.0,0.0,0.262626,0.265306,0.313131,0.591837,-0.050505,0.748299,-0.515152,0.748299,-0.222222,1.0,-0.393939,1.156463,-0.59596,1.285714,-0.777778,1.442177,-0.646465,0.918367,-0.909091,0.870748,-0.616162,0.557823,-0.393939,0.52381,-0.969697,0.755102,-1.181818,0.619048,-0.838384,0.380952,-0.616162,0.394558,-1.222222,0.544218,-1.363636,0.428571,-1.050505,0.278912,-0.828283,0.292517,0,0,0.0,0.0,0.0,0.0,0.0,0.0,0.0,0.0,0.0,0.0,0.0,0.0,0.0,0.0,0.0,0.0,0.0,0.0,0.0,0.0,0.0,0.0,0.0,0.0,0.0,0.0,0.0,0.0,0.0,0.0,0.0,0.0,0.0,0.0,0.0,0.0,0.0,0.0,0.0,0.0,0.0,0.0,Z,13
0.0,0.0,0.25,0.260274,0.29,0.561644,-0.04,0.705479,-0.46,0.719178,-0.25,1.0,-0.4,1.157534,-0.59,1.30137,-0.76,1.445205,-0.68,0.910959,-0.89,0.876712,-0.62,0.561644,-0.42,0.527397,-1.0,0.746575,-1.14,0.616438,-0.82,0.390411,-0.63,0.410959,-1.25,0.527397,-1.35,0.445205,-1.05,0.308219,-0.86,0.328767,0,0,0.0,0.0,0.0,0.0,0.0,0.0,0.0,0.0,0.0,0.0,0.0,0.0,0.0,0.0,0.0,0.0,0.0,0.0,0.0,0.0,0.0,0.0,0.0,0.0,0.0,0.0,0.0,0.0,0.0,0.0,0.0,0.0,0.0,0.0,0.0,0.0,0.0,0.0,0.0,0.0,0.0,0.0,Z,13
0.0,0.0,0.282828,0.268966,0.333333,0.586207,-0.050505,0.717241,-0.474747,0.717241,-0.20202,1.0,-0.353535,1.165517,-0.535354,1.289655,-0.727273,1.448276,-0.626263,0.910345,-0.868687,0.862069,-0.565657,0.558621,-0.323232,0.489655,-0.959596,0.751724,-1.121212,0.606897,-0.777778,0.372414,-0.565657,0.372414,-1.20202,0.537931,-1.313131,0.434483,-1.010101,0.282759,-0.808081,0.289655,0,0,0.0,0.0,0.0,0.0,0.0,0.0,0.0,0.0,0.0,0.0,0.0,0.0,0.0,0.0,0.0,0.0,0.0,0.0,0.0,0.0,0.0,0.0,0.0,0.0,0.0,0.0,0.0,0.0,0.0,0.0,0.0,0.0,0.0,0.0,0.0,0.0,0.0,0.0,0.0,0.0,0.0,0.0,Z,13
0.0,0.0,0.284314,0.269504,0.362745,0.595745,-0.019608,0.730496,-0.411765,0.744681,-0.156863,1.0,-0.294118,1.184397,-0.490196,1.333333,-0.666667,1.503546,-0.588235,0.921986,-0.823529,0.914894,-0.598039,0.595745,-0.392157,0.510638,-0.911765,0.765957,-1.068627,0.64539,-0.784314,0.397163,-0.568627,0.382979,-1.156863,0.553191,-1.284314,0.468085,-1.019608,0.304965,-0.823529,0.312057,0,0,0.0,0.0,0.0,0.0,0.0,0.0,0.0,0.0,0.0,0.0,0.0,0.0,0.0,0.0,0.0,0.0,0.0,0.0,0.0,0.0,0.0,0.0,0.0,0.0,0.0,0.0,0.0,0.0,0.0,0.0,0.0,0.0,0.0,0.0,0.0,0.0,0.0,0.0,0.0,0.0,0.0,0.0,Z,13
0.0,0.0,0.283019,0.240602,0.396226,0.56391,0.066038,0.729323,-0.311321,0.766917,-0.04717,1.0,-0.207547,1.225564,-0.396226,1.390977,-0.584906,1.578947,-0.462264,0.93985,-0.735849,0.93985,-0.481132,0.586466,-0.301887,0.548872,-0.792453,0.796992,-1.0,0.661654,-0.707547,0.406015,-0.537736,0.428571,-1.04717,0.586466,-1.188679,0.473684,-0.924528,0.308271,-0.754717,0.330827,0,0,0.0,0.0,0.0,0.0,0.0,0.0,0.0,0.0,0.0,0.0,0.0,0.0,0.0,0.0,0.0,0.0,0.0,0.0,0.0,0.0,0.0,0.0,0.0,0.0,0.0,0.0,0.0,0.0,0.0,0.0,0.0,0.0,0.0,0.0,0.0,0.0,0.0,0.0,0.0,0.0,0.0,0.0,Z,13
0.0,0.0,0.269231,0.246377,0.394231,0.550725,0.067308,0.710145,-0.326923,0.746377,-0.067308,1.0,-0.221154,1.202899,-0.403846,1.355072,-0.586538,1.528986,-0.480769,0.934783,-0.740385,0.934783,-0.480769,0.57971,-0.307692,0.528986,-0.807692,0.789855,-1.009615,0.666667,-0.711538,0.398551,-0.538462,0.413043,-1.067308,0.594203,-1.201923,0.478261,-0.932692,0.304348,-0.759615,0.326087,0,0,0.0,0.0,0.0,0.0,0.0,0.0,0.0,0.0,0.0,0.0,0.0,0.0,0.0,0.0,0.0,0.0,0.0,0.0,0.0,0.0,0.0,0.0,0.0,0.0,0.0,0.0,0.0,0.0,0.0,0.0,0.0,0.0,0.0,0.0,0.0,0.0,0.0,0.0,0.0,0.0,0.0,0.0,Z,13
0.0,0.0,0.262136,0.26087,0.349515,0.565217,0.009709,0.724638,-0.398058,0.76087,-0.126214,1.0,-0.252427,1.181159,-0.436893,1.355072,-0.621359,1.528986,-0.543689,0.927536,-0.776699,0.92029,-0.504854,0.572464,-0.320388,0.507246,-0.873786,0.782609,-1.048544,0.65942,-0.737864,0.405797,-0.563107,0.413043,-1.126214,0.565217,-1.252427,0.456522,-0.961165,0.304348,-0.786408,0.318841,0,0,0.0,0.0,0.0,0.0,0.0,0.0,0.0,0.0,0.0,0.0,0.0,0.0,0.0,0.0,0.0,0.0,0.0,0.0,0.0,0.0,0.0,0.0,0.0,0.0,0.0,0.0,0.0,0.0,0.0,0.0,0.0,0.0,0.0,0.0,0.0,0.0,0.0,0.0,0.0,0.0,0.0,0.0,Z,13
0.0,0.0,0.3,0.251799,0.4,0.582734,0.08,0.733813,-0.34,0.741007,-0.09,1.0,-0.23,1.201439,-0.4,1.345324,-0.59,1.52518,-0.5,0.928058,-0.76,0.920863,-0.47,0.589928,-0.26,0.517986,-0.83,0.76259,-1.02,0.647482,-0.69,0.395683,-0.47,0.388489,-1.09,0.553957,-1.22,0.453237,-0.91,0.294964,-0.7,0.294964,0,0,0.0,0.0,0.0,0.0,0.0,0.0,0.0,0.0,0.0,0.0,0.0,0.0,0.0,0.0,0.0,0.0,0.0,0.0,0.0,0.0,0.0,0.0,0.0,0.0,0.0,0.0,0.0,0.0,0.0,0.0,0.0,0.0,0.0,0.0,0.0,0.0,0.0,0.0,0.0,0.0,0.0,0.0,Z,13
0.0,0.0,0.276596,0.298611,0.287234,0.652778,-0.138298,0.791667,-0.574468,0.756944,-0.255319,1.0,-0.382979,1.173611,-0.553191,1.319444,-0.712766,1.479167,-0.691489,0.895833,-0.882979,0.923611,-0.553191,0.611111,-0.361702,0.541667,-1.021277,0.722222,-1.180851,0.666667,-0.797872,0.4375,-0.617021,0.423611,-1.255319,0.493056,-1.37234,0.465278,-1.031915,0.326389,-0.851064,0.326389,0,0,0.0,0.0,0.0,0.0,0.0,0.0,0.0,0.0,0.0,0.0,0.0,0.0,0.0,0.0,0.0,0.0,0.0,0.0,0.0,0.0,0.0,0.0,0.0,0.0,0.0,0.0,0.0,0.0,0.0,0.0,0.0,0.0,0.0,0.0,0.0,0.0,0.0,0.0,0.0,0.0,0.0,0.0,Z,13
0.0,0.0,0.305263,0.285714,0.357895,0.664286,-0.042105,0.807143,-0.442105,0.778571,-0.157895,1.0,-0.284211,1.221429,-0.463158,1.364286,-0.642105,1.55,-0.568421,0.914286,-0.821053,0.935714,-0.505263,0.614286,-0.273684,0.535714,-0.894737,0.764286,-1.084211,0.678571,-0.736842,0.435714,-0.526316,0.428571,-1.157895,0.557143,-1.284211,0.492857,-0.968421,0.35,-0.778947,0.342857,0,0,0.0,0.0,0.0,0.0,0.0,0.0,0.0,0.0,0.0,0.0,0.0,0.0,0.0,0.0,0.0,0.0,0.0,0.0,0.0,0.0,0.0,0.0,0.0,0.0,0.0,0.0,0.0,0.0,0.0,0.0,0.0,0.0,0.0,0.0,0.0,0.0,0.0,0.0,0.0,0.0,0.0,0.0,Z,13
0.0,0.0,0.317308,0.231884,0.423077,0.565217,0.125,0.746377,-0.269231,0.782609,-0.028846,1.0,-0.163462,1.231884,-0.326923,1.376812,-0.5,1.565217,-0.432692,0.949275,-0.663462,0.898551,-0.403846,0.565217,-0.211538,0.543478,-0.759615,0.804348,-0.932692,0.65942,-0.625,0.398551,-0.442308,0.427536,-1.028846,0.615942,-1.134615,0.485507,-0.855769,0.318841,-0.673077,0.333333,0,0,0.0,0.0,0.0,0.0,0.0,0.0,0.0,0.0,0.0,0.0,0.0,0.0,0.0,0.0,0.0,0.0,0.0,0.0,0.0,0.0,0.0,0.0,0.0,0.0,0.0,0.0,0.0,0.0,0.0,0.0,0.0,0.0,0.0,0.0,0.0,0.0,0.0,0.0,0.0,0.0,0.0,0.0,Z,13
0.0,0.0,0.287129,0.235294,0.376238,0.558824,0.089109,0.735294,-0.306931,0.772059,-0.089109,1.0,-0.217822,1.220588,-0.376238,1.389706,-0.544554,1.580882,-0.514851,0.919118,-0.712871,0.948529,-0.455446,0.602941,-0.287129,0.551471,-0.841584,0.764706,-0.990099,0.683824,-0.683168,0.411765,-0.50495,0.411765,-1.089109,0.558824,-1.19802,0.485294,-0.910891,0.316176,-0.722772,0.323529,0,0,0.0,0.0,0.0,0.0,0.0,0.0,0.0,0.0,0.0,0.0,0.0,0.0,0.0,0.0,0.0,0.0,0.0,0.0,0.0,0.0,0.0,0.0,0.0,0.0,0.0,0.0,0.0,0.0,0.0,0.0,0.0,0.0,0.0,0.0,0.0,0.0,0.0,0.0,0.0,0.0,0.0,0.0,Z,13
0.0,0.0,0.302083,0.248175,0.427083,0.540146,0.125,0.722628,-0.291667,0.781022,-0.0625,1.0,-0.197917,1.226277,-0.375,1.394161,-0.53125,1.576642,-0.479167,0.912409,-0.729167,0.992701,-0.458333,0.620438,-0.28125,0.583942,-0.8125,0.766423,-1.020833,0.722628,-0.708333,0.445255,-0.53125,0.452555,-1.0625,0.554745,-1.239583,0.50365,-0.947917,0.343066,-0.75,0.343066,0,0,0.0,0.0,0.0,0.0,0.0,0.0,0.0,0.0,0.0,0.0,0.0,0.0,0.0,0.0,0.0,0.0,0.0,0.0,0.0,0.0,0.0,0.0,0.0,0.0,0.0,0.0,0.0,0.0,0.0,0.0,0.0,0.0,0.0,0.0,0.0,0.0,0.0,0.0,0.0,0.0,0.0,0.0,Z,13
0.0,0.0,0.306122,0.222222,0.428571,0.548148,0.153061,0.755556,-0.27551,0.777778,-0.071429,1.0,-0.193878,1.244444,-0.367347,1.407407,-0.540816,1.592593,-0.489796,0.911111,-0.72449,1.02963,-0.5,0.674074,-0.316327,0.562963,-0.816327,0.748148,-0.979592,0.711111,-0.693878,0.437037,-0.5,0.392593,-1.071429,0.533333,-1.204082,0.503704,-0.928571,0.333333,-0.72449,0.311111,0,0,0.0,0.0,0.0,0.0,0.0,0.0,0.0,0.0,0.0,0.0,0.0,0.0,0.0,0.0,0.0,0.0,0.0,0.0,0.0,0.0,0.0,0.0,0.0,0.0,0.0,0.0,0.0,0.0,0.0,0.0,0.0,0.0,0.0,0.0,0.0,0.0,0.0,0.0,0.0,0.0,0.0,0.0,Z,13
0.0,0.0,0.333333,0.268116,0.40625,0.623188,0.083333,0.811594,-0.322917,0.818841,-0.0625,1.0,-0.1875,1.246377,-0.364583,1.42029,-0.520833,1.608696,-0.479167,0.913043,-0.729167,1.028986,-0.510417,0.695652,-0.333333,0.57971,-0.8125,0.76087,-1.0,0.746377,-0.708333,0.485507,-0.541667,0.442029,-1.0625,0.550725,-1.208333,0.543478,-0.927083,0.391304,-0.760417,0.362319,0,0,0.0,0.0,0.0,0.0,0.0,0.0,0.0,0.0,0.0,0.0,0.0,0.0,0.0,0.0,0.0,0.0,0.0,0.0,0.0,0.0,0.0,0.0,0.0,0.0,0.0,0.0,0.0,0.0,0.0,0.0,0.0,0.0,0.0,0.0,0.0,0.0,0.0,0.0,0.0,0.0,0.0,0.0,Z,13
0.0,0.0,0.295918,0.26087,0.408163,0.637681,0.061224,0.811594,-0.346939,0.826087,-0.061224,1.0,-0.183673,1.246377,-0.357143,1.413043,-0.510204,1.601449,-0.469388,0.92029,-0.714286,1.021739,-0.479592,0.681159,-0.295918,0.594203,-0.795918,0.782609,-0.979592,0.731884,-0.673469,0.471014,-0.489796,0.456522,-1.061224,0.586957,-1.183673,0.543478,-0.897959,0.376812,-0.72449,0.376812,0,0,0.0,0.0,0.0,0.0,0.0,0.0,0.0,0.0,0.0,0.0,0.0,0.0,0.0,0.0,0.0,0.0,0.0,0.0,0.0,0.0,0.0,0.0,0.0,0.0,0.0,0.0,0.0,0.0,0.0,0.0,0.0,0.0,0.0,0.0,0.0,0.0,0.0,0.0,0.0,0.0,0.0,0.0,Z,13
0.0,0.0,0.34375,0.264706,0.447917,0.654412,0.0625,0.838235,-0.364583,0.867647,-0.03125,1.0,-0.15625,1.272059,-0.322917,1.433824,-0.479167,1.625,-0.427083,0.933824,-0.697917,1.014706,-0.458333,0.698529,-0.25,0.588235,-0.760417,0.786765,-0.958333,0.742647,-0.625,0.470588,-0.40625,0.433824,-1.03125,0.595588,-1.15625,0.551471,-0.84375,0.367647,-0.635417,0.345588,0,0,0.0,0.0,0.0,0.0,0.0,0.0,0.0,0.0,0.0,0.0,0.0,0.0,0.0,0.0,0.0,0.0,0.0,0.0,0.0,0.0,0.0,0.0,0.0,0.0,0.0,0.0,0.0,0.0,0.0,0.0,0.0,0.0,0.0,0.0,0.0,0.0,0.0,0.0,0.0,0.0,0.0,0.0,Z,13
0.0,0.0,0.313725,0.231884,0.460784,0.594203,0.127451,0.797101,-0.294118,0.855072,-0.009804,1.0,-0.147059,1.253623,-0.303922,1.413043,-0.460784,1.608696,-0.411765,0.934783,-0.647059,1.028986,-0.401961,0.673913,-0.245098,0.623188,-0.745098,0.804348,-0.931373,0.775362,-0.637255,0.5,-0.490196,0.5,-1.009804,0.615942,-1.127451,0.572464,-0.852941,0.398551,-0.705882,0.391304,0,0,0.0,0.0,0.0,0.0,0.0,0.0,0.0,0.0,0.0,0.0,0.0,0.0,0.0,0.0,0.0,0.0,0.0,0.0,0.0,0.0,0.0,0.0,0.0,0.0,0.0,0.0,0.0,0.0,0.0,0.0,0.0,0.0,0.0,0.0,0.0,0.0,0.0,0.0,0.0,0.0,0.0,0.0,Z,13
0.0,0.0,0.304762,0.235294,0.466667,0.580882,0.171429,0.794118,-0.219048,0.838235,0.009524,1.0,-0.12381,1.25,-0.266667,1.426471,-0.419048,1.625,-0.390476,0.955882,-0.609524,1.014706,-0.390476,0.669118,-0.247619,0.602941,-0.72381,0.830882,-0.87619,0.735294,-0.590476,0.470588,-0.428571,0.470588,-0.990476,0.647059,-1.066667,0.551471,-0.790476,0.367647,-0.638095,0.375,0,0,0.0,0.0,0.0,0.0,0.0,0.0,0.0,0.0,0.0,0.0,0.0,0.0,0.0,0.0,0.0,0.0,0.0,0.0,0.0,0.0,0.0,0.0,0.0,0.0,0.0,0.0,0.0,0.0,0.0,0.0,0.0,0.0,0.0,0.0,0.0,0.0,0.0,0.0,0.0,0.0,0.0,0.0,Z,13
0.0,0.0,0.29,0.244604,0.39,0.57554,0.06,0.776978,-0.34,0.863309,-0.05,1.0,-0.18,1.244604,-0.32,1.42446,-0.45,1.618705,-0.46,0.920863,-0.68,1.028777,-0.44,0.683453,-0.32,0.661871,-0.79,0.784173,-0.97,0.755396,-0.65,0.482014,-0.53,0.517986,-1.05,0.589928,-1.16,0.539568,-0.86,0.381295,-0.73,0.395683,0,0,0.0,0.0,0.0,0.0,0.0,0.0,0.0,0.0,0.0,0.0,0.0,0.0,0.0,0.0,0.0,0.0,0.0,0.0,0.0,0.0,0.0,0.0,0.0,0.0,0.0,0.0,0.0,0.0,0.0,0.0,0.0,0.0,0.0,0.0,0.0,0.0,0.0,0.0,0.0,0.0,0.0,0.0,Z,13
0.0,0.0,0.284314,0.241135,0.421569,0.58156,0.098039,0.780142,-0.313725,0.822695,-0.029412,1.0,-0.147059,1.241135,-0.294118,1.404255,-0.441176,1.595745,-0.441176,0.929078,-0.666667,1.021277,-0.421569,0.666667,-0.27451,0.609929,-0.764706,0.801418,-0.941176,0.751773,-0.647059,0.468085,-0.490196,0.475177,-1.029412,0.609929,-1.147059,0.560284,-0.872549,0.382979,-0.735294,0.382979,0,0,0.0,0.0,0.0,0.0,0.0,0.0,0.0,0.0,0.0,0.0,0.0,0.0,0.0,0.0,0.0,0.0,0.0,0.0,0.0,0.0,0.0,0.0,0.0,0.0,0.0,0.0,0.0,0.0,0.0,0.0,0.0,0.0,0.0,0.0,0.0,0.0,0.0,0.0,0.0,0.0,0.0,0.0,Z,13
0.0,0.0,0.28,0.278571,0.39,0.621429,0.06,0.792857,-0.35,0.8,-0.08,1.0,-0.19,1.242857,-0.33,1.407143,-0.46,1.592857,-0.5,0.921429,-0.7,1.035714,-0.45,0.685714,-0.32,0.614286,-0.83,0.778571,-0.99,0.757143,-0.68,0.485714,-0.54,0.478571,-1.08,0.571429,-1.2,0.542857,-0.92,0.385714,-0.78,0.378571,0,0,0.0,0.0,0.0,0.0,0.0,0.0,0.0,0.0,0.0,0.0,0.0,0.0,0.0,0.0,0.0,0.0,0.0,0.0,0.0,0.0,0.0,0.0,0.0,0.0,0.0,0.0,0.0,0.0,0.0,0.0,0.0,0.0,0.0,0.0,0.0,0.0,0.0,0.0,0.0,0.0,0.0,0.0,Z,13
0.0,0.0,0.303922,0.248227,0.421569,0.588652,0.127451,0.801418,-0.264706,0.829787,-0.019608,1.0,-0.127451,1.241135,-0.27451,1.41844,-0.411765,1.602837,-0.421569,0.943262,-0.656863,1.028369,-0.421569,0.680851,-0.254902,0.588652,-0.754902,0.815603,-0.931373,0.77305,-0.647059,0.503546,-0.470588,0.468085,-1.019608,0.631206,-1.137255,0.588652,-0.872549,0.411348,-0.705882,0.390071,0,0,0.0,0.0,0.0,0.0,0.0,0.0,0.0,0.0,0.0,0.0,0.0,0.0,0.0,0.0,0.0,0.0,0.0,0.0,0.0,0.0,0.0,0.0,0.0,0.0,0.0,0.0,0.0,0.0,0.0,0.0,0.0,0.0,0.0,0.0,0.0,0.0,0.0,0.0,0.0,0.0,0.0,0.0,Z,13
0.0,0.0,0.32,0.25,0.45,0.611111,0.12,0.819444,-0.3,0.847222,-0.01,1.0,-0.13,1.236111,-0.27,1.395833,-0.4,1.583333,-0.41,0.930556,-0.63,1.020833,-0.41,0.673611,-0.25,0.625,-0.74,0.8125,-0.94,0.777778,-0.65,0.5,-0.48,0.5,-1.01,0.631944,-1.16,0.590278,-0.88,0.423611,-0.72,0.409722,0,0,0.0,0.0,0.0,0.0,0.0,0.0,0.0,0.0,0.0,0.0,0.0,0.0,0.0,0.0,0.0,0.0,0.0,0.0,0.0,0.0,0.0,0.0,0.0,0.0,0.0,0.0,0.0,0.0,0.0,0.0,0.0,0.0,0.0,0.0,0.0,0.0,0.0,0.0,0.0,0.0,0.0,0.0,Z,13
0.0,0.0,0.313725,0.23913,0.431373,0.608696,0.107843,0.818841,-0.284314,0.862319,0.0,1.0,-0.117647,1.268116,-0.245098,1.434783,-0.382353,1.630435,-0.401961,0.942029,-0.607843,1.043478,-0.401961,0.695652,-0.264706,0.623188,-0.735294,0.826087,-0.901961,0.782609,-0.627451,0.5,-0.470588,0.492754,-1.0,0.644928,-1.107843,0.586957,-0.833333,0.405797,-0.686275,0.398551,0,0,0.0,0.0,0.0,0.0,0.0,0.0,0.0,0.0,0.0,0.0,0.0,0.0,0.0,0.0,0.0,0.0,0.0,0.0,0.0,0.0,0.0,0.0,0.0,0.0,0.0,0.0,0.0,0.0,0.0,0.0,0.0,0.0,0.0,0.0,0.0,0.0,0.0,0.0,0.0,0.0,0.0,0.0,Z,13
0.0,0.0,0.320388,0.23913,0.456311,0.608696,0.116505,0.826087,-0.291262,0.884058,0.019417,1.0,-0.106796,1.268116,-0.252427,1.42029,-0.378641,1.630435,-0.378641,0.934783,-0.601942,1.036232,-0.378641,0.666667,-0.223301,0.623188,-0.708738,0.811594,-0.902913,0.775362,-0.592233,0.471014,-0.427184,0.485507,-0.980583,0.644928,-1.097087,0.586957,-0.805825,0.391304,-0.650485,0.384058,0,0,0.0,0.0,0.0,0.0,0.0,0.0,0.0,0.0,0.0,0.0,0.0,0.0,0.0,0.0,0.0,0.0,0.0,0.0,0.0,0.0,0.0,0.0,0.0,0.0,0.0,0.0,0.0,0.0,0.0,0.0,0.0,0.0,0.0,0.0,0.0,0.0,0.0,0.0,0.0,0.0,0.0,0.0,Z,13
0.0,0.0,0.336634,0.224638,0.49505,0.586957,0.128713,0.797101,-0.287129,0.862319,0.019802,1.0,-0.108911,1.268116,-0.237624,1.42029,-0.376238,1.623188,-0.376238,0.934783,-0.60396,1.021739,-0.356436,0.652174,-0.207921,0.630435,-0.712871,0.818841,-0.910891,0.768116,-0.594059,0.471014,-0.445545,0.492754,-0.980198,0.637681,-1.108911,0.572464,-0.811881,0.398551,-0.673267,0.398551,0,0,0.0,0.0,0.0,0.0,0.0,0.0,0.0,0.0,0.0,0.0,0.0,0.0,0.0,0.0,0.0,0.0,0.0,0.0,0.0,0.0,0.0,0.0,0.0,0.0,0.0,0.0,0.0,0.0,0.0,0.0,0.0,0.0,0.0,0.0,0.0,0.0,0.0,0.0,0.0,0.0,0.0,0.0,Z,13
0.0,0.0,0.30303,0.228571,0.454545,0.564286,0.161616,0.792857,-0.262626,0.842857,-0.040404,1.0,-0.141414,1.242857,-0.282828,1.414286,-0.40404,1.6,-0.454545,0.935714,-0.646465,1.035714,-0.424242,0.678571,-0.272727,0.628571,-0.777778,0.8,-0.949495,0.764286,-0.656566,0.485714,-0.494949,0.478571,-1.040404,0.614286,-1.161616,0.564286,-0.858586,0.4,-0.69697,0.4,0,0,0.0,0.0,0.0,0.0,0.0,0.0,0.0,0.0,0.0,0.0,0.0,0.0,0.0,0.0,0.0,0.0,0.0,0.0,0.0,0.0,0.0,0.0,0.0,0.0,0.0,0.0,0.0,0.0,0.0,0.0,0.0,0.0,0.0,0.0,0.0,0.0,0.0,0.0,0.0,0.0,0.0,0.0,Z,13
0.0,0.0,0.287129,0.221429,0.415842,0.542857,0.168317,0.785714,-0.237624,0.85,-0.019802,1.0,-0.128713,1.235714,-0.267327,1.414286,-0.405941,1.6,-0.435644,0.928571,-0.623762,1.035714,-0.386139,0.678571,-0.257426,0.614286,-0.752475,0.792857,-0.920792,0.764286,-0.623762,0.492857,-0.485149,0.478571,-1.019802,0.607143,-1.128713,0.571429,-0.851485,0.407143,-0.70297,0.392857,0,0,0.0,0.0,0.0,0.0,0.0,0.0,0.0,0.0,0.0,0.0,0.0,0.0,0.0,0.0,0.0,0.0,0.0,0.0,0.0,0.0,0.0,0.0,0.0,0.0,0.0,0.0,0.0,0.0,0.0,0.0,0.0,0.0,0.0,0.0,0.0,0.0,0.0,0.0,0.0,0.0,0.0,0.0,Z,13
0.0,0.0,0.27451,0.21831,0.421569,0.535211,0.166667,0.774648,-0.235294,0.838028,-0.009804,1.0,-0.127451,1.232394,-0.27451,1.401408,-0.401961,1.584507,-0.411765,0.929577,-0.617647,1.028169,-0.401961,0.669014,-0.264706,0.612676,-0.745098,0.802817,-0.901961,0.753521,-0.627451,0.478873,-0.460784,0.478873,-1.009804,0.626761,-1.107843,0.556338,-0.843137,0.387324,-0.686275,0.387324,0,0,0.0,0.0,0.0,0.0,0.0,0.0,0.0,0.0,0.0,0.0,0.0,0.0,0.0,0.0,0.0,0.0,0.0,0.0,0.0,0.0,0.0,0.0,0.0,0.0,0.0,0.0,0.0,0.0,0.0,0.0,0.0,0.0,0.0,0.0,0.0,0.0,0.0,0.0,0.0,0.0,0.0,0.0,Z,13
0.0,0.0,0.28,0.237762,0.43,0.566434,0.14,0.776224,-0.27,0.832168,-0.04,1.0,-0.16,1.230769,-0.3,1.391608,-0.43,1.573427,-0.45,0.916084,-0.67,1.013986,-0.42,0.664336,-0.28,0.608392,-0.78,0.776224,-0.96,0.734266,-0.64,0.468531,-0.48,0.461538,-1.04,0.587413,-1.14,0.538462,-0.85,0.370629,-0.7,0.370629,0,0,0.0,0.0,0.0,0.0,0.0,0.0,0.0,0.0,0.0,0.0,0.0,0.0,0.0,0.0,0.0,0.0,0.0,0.0,0.0,0.0,0.0,0.0,0.0,0.0,0.0,0.0,0.0,0.0,0.0,0.0,0.0,0.0,0.0,0.0,0.0,0.0,0.0,0.0,0.0,0.0,0.0,0.0,Z,13
0.0,0.0,0.29703,0.241135,0.415842,0.588652,0.118812,0.787234,-0.257426,0.829787,-0.009901,1.0,-0.128713,1.241135,-0.277228,1.404255,-0.415842,1.588652,-0.415842,0.943262,-0.643564,1.028369,-0.455446,0.673759,-0.287129,0.595745,-0.742574,0.815603,-0.930693,0.751773,-0.653465,0.475177,-0.465347,0.468085,-1.009901,0.64539,-1.138614,0.574468,-0.861386,0.382979,-0.673267,0.382979,0,0,0.0,0.0,0.0,0.0,0.0,0.0,0.0,0.0,0.0,0.0,0.0,0.0,0.0,0.0,0.0,0.0,0.0,0.0,0.0,0.0,0.0,0.0,0.0,0.0,0.0,0.0,0.0,0.0,0.0,0.0,0.0,0.0,0.0,0.0,0.0,0.0,0.0,0.0,0.0,0.0,0.0,0.0,Z,13
0.0,0.0,0.32,0.228571,0.45,0.592857,0.14,0.8,-0.26,0.85,-0.02,1.0,-0.14,1.257143,-0.28,1.421429,-0.41,1.614286,-0.42,0.928571,-0.65,1.028571,-0.42,0.685714,-0.26,0.621429,-0.75,0.8,-0.95,0.764286,-0.64,0.485714,-0.47,0.478571,-1.02,0.621429,-1.15,0.585714,-0.85,0.407143,-0.68,0.4,0,0,0.0,0.0,0.0,0.0,0.0,0.0,0.0,0.0,0.0,0.0,0.0,0.0,0.0,0.0,0.0,0.0,0.0,0.0,0.0,0.0,0.0,0.0,0.0,0.0,0.0,0.0,0.0,0.0,0.0,0.0,0.0,0.0,0.0,0.0,0.0,0.0,0.0,0.0,0.0,0.0,0.0,0.0,Z,13
0.0,0.0,0.323529,0.234043,0.460784,0.588652,0.156863,0.815603,-0.245098,0.865248,0.019608,1.0,-0.098039,1.255319,-0.235294,1.411348,-0.362745,1.609929,-0.372549,0.957447,-0.607843,1.042553,-0.392157,0.695035,-0.22549,0.64539,-0.705882,0.843972,-0.901961,0.787234,-0.607843,0.503546,-0.441176,0.510638,-0.980392,0.673759,-1.107843,0.595745,-0.823529,0.411348,-0.656863,0.411348,0,0,0.0,0.0,0.0,0.0,0.0,0.0,0.0,0.0,0.0,0.0,0.0,0.0,0.0,0.0,0.0,0.0,0.0,0.0,0.0,0.0,0.0,0.0,0.0,0.0,0.0,0.0,0.0,0.0,0.0,0.0,0.0,0.0,0.0,0.0,0.0,0.0,0.0,0.0,0.0,0.0,0.0,0.0,Z,13
0.0,0.0,0.303922,0.219858,0.431373,0.560284,0.117647,0.780142,-0.284314,0.851064,-0.009804,1.0,-0.127451,1.234043,-0.254902,1.397163,-0.372549,1.588652,-0.411765,0.93617,-0.617647,1.014184,-0.372549,0.659574,-0.245098,0.638298,-0.735294,0.815603,-0.921569,0.77305,-0.617647,0.496454,-0.470588,0.51773,-1.009804,0.64539,-1.098039,0.574468,-0.813725,0.404255,-0.656863,0.411348,0,0,0.0,0.0,0.0,0.0,0.0,0.0,0.0,0.0,0.0,0.0,0.0,0.0,0.0,0.0,0.0,0.0,0.0,0.0,0.0,0.0,0.0,0.0,0.0,0.0,0.0,0.0,0.0,0.0,0.0,0.0,0.0,0.0,0.0,0.0,0.0,0.0,0.0,0.0,0.0,0.0,0.0,0.0,Z,13
0.0,0.0,0.380282,0.179775,0.690141,0.483146,0.71831,0.775281,0.521127,1.011236,0.492958,1.0,0.661972,1.370787,0.732394,1.617978,0.774648,1.842697,0.126761,0.977528,0.239437,1.146067,0.239437,0.752809,0.197183,0.707865,-0.183099,0.910112,-0.098592,0.988764,-0.014085,0.629213,-0.042254,0.629213,-0.507042,0.797753,-0.408451,0.853933,-0.28169,0.617978,-0.28169,0.573034,0,0,0.0,0.0,0.0,0.0,0.0,0.0,0.0,0.0,0.0,0.0,0.0,0.0,0.0,0.0,0.0,0.0,0.0,0.0,0.0,0.0,0.0,0.0,0.0,0.0,0.0,0.0,0.0,0.0,0.0,0.0,0.0,0.0,0.0,0.0,0.0,0.0,0.0,0.0,0.0,0.0,0.0,0.0,Z,14
0.0,0.0,0.385714,0.174419,0.7,0.476744,0.742857,0.802326,0.5,1.046512,0.485714,1.0,0.657143,1.383721,0.742857,1.627907,0.785714,1.883721,0.128571,0.976744,0.242857,1.162791,0.257143,0.755814,0.228571,0.697674,-0.2,0.906977,-0.114286,1.011628,-0.028571,0.651163,-0.042857,0.639535,-0.514286,0.802326,-0.428571,0.872093,-0.271429,0.627907,-0.271429,0.569767,0,0,0.0,0.0,0.0,0.0,0.0,0.0,0.0,0.0,0.0,0.0,0.0,0.0,0.0,0.0,0.0,0.0,0.0,0.0,0.0,0.0,0.0,0.0,0.0,0.0,0.0,0.0,0.0,0.0,0.0,0.0,0.0,0.0,0.0,0.0,0.0,0.0,0.0,0.0,0.0,0.0,0.0,0.0,Z,14
0.0,0.0,0.405797,0.164706,0.73913,0.470588,0.782609,0.8,0.550725,1.047059,0.507246,1.0,0.695652,1.388235,0.782609,1.647059,0.826087,1.894118,0.15942,0.988235,0.26087,1.152941,0.275362,0.741176,0.246377,0.705882,-0.15942,0.917647,-0.101449,1.011765,-0.014493,0.647059,-0.043478,0.635294,-0.492754,0.811765,-0.42029,0.882353,-0.26087,0.623529,-0.26087,0.576471,0,0,0.0,0.0,0.0,0.0,0.0,0.0,0.0,0.0,0.0,0.0,0.0,0.0,0.0,0.0,0.0,0.0,0.0,0.0,0.0,0.0,0.0,0.0,0.0,0.0,0.0,0.0,0.0,0.0,0.0,0.0,0.0,0.0,0.0,0.0,0.0,0.0,0.0,0.0,0.0,0.0,0.0,0.0,Z,14
0.0,0.0,0.376812,0.174419,0.724638,0.465116,0.753623,0.790698,0.536232,1.034884,0.492754,1.0,0.666667,1.372093,0.753623,1.616279,0.811594,1.872093,0.130435,0.988372,0.231884,1.139535,0.246377,0.732558,0.217391,0.697674,-0.188406,0.918605,-0.115942,1.0,-0.043478,0.639535,-0.057971,0.639535,-0.507246,0.813953,-0.434783,0.860465,-0.289855,0.616279,-0.275362,0.569767,0,0,0.0,0.0,0.0,0.0,0.0,0.0,0.0,0.0,0.0,0.0,0.0,0.0,0.0,0.0,0.0,0.0,0.0,0.0,0.0,0.0,0.0,0.0,0.0,0.0,0.0,0.0,0.0,0.0,0.0,0.0,0.0,0.0,0.0,0.0,0.0,0.0,0.0,0.0,0.0,0.0,0.0,0.0,Z,14
0.0,0.0,0.405797,0.162791,0.73913,0.465116,0.768116,0.790698,0.521739,1.023256,0.492754,1.0,0.666667,1.372093,0.753623,1.627907,0.797101,1.872093,0.130435,0.976744,0.246377,1.151163,0.26087,0.732558,0.231884,0.697674,-0.188406,0.906977,-0.101449,1.0,-0.028986,0.627907,-0.057971,0.627907,-0.507246,0.802326,-0.42029,0.860465,-0.26087,0.604651,-0.275362,0.55814,0,0,0.0,0.0,0.0,0.0,0.0,0.0,0.0,0.0,0.0,0.0,0.0,0.0,0.0,0.0,0.0,0.0,0.0,0.0,0.0,0.0,0.0,0.0,0.0,0.0,0.0,0.0,0.0,0.0,0.0,0.0,0.0,0.0,0.0,0.0,0.0,0.0,0.0,0.0,0.0,0.0,0.0,0.0,Z,14
0.0,0.0,0.4,0.162791,0.728571,0.465116,0.757143,0.790698,0.514286,1.023256,0.485714,1.0,0.657143,1.383721,0.742857,1.627907,0.8,1.872093,0.128571,0.988372,0.242857,1.151163,0.257143,0.732558,0.228571,0.697674,-0.2,0.930233,-0.114286,0.988372,-0.028571,0.616279,-0.057143,0.627907,-0.514286,0.825581,-0.414286,0.860465,-0.271429,0.604651,-0.271429,0.569767,0,0,0.0,0.0,0.0,0.0,0.0,0.0,0.0,0.0,0.0,0.0,0.0,0.0,0.0,0.0,0.0,0.0,0.0,0.0,0.0,0.0,0.0,0.0,0.0,0.0,0.0,0.0,0.0,0.0,0.0,0.0,0.0,0.0,0.0,0.0,0.0,0.0,0.0,0.0,0.0,0.0,0.0,0.0,Z,14
0.0,0.0,0.411765,0.152941,0.75,0.458824,0.779412,0.788235,0.529412,1.035294,0.5,1.0,0.676471,1.388235,0.764706,1.647059,0.808824,1.905882,0.147059,0.976471,0.235294,1.164706,0.264706,0.741176,0.235294,0.694118,-0.191176,0.917647,-0.117647,1.0,-0.014706,0.623529,-0.029412,0.623529,-0.5,0.8,-0.426471,0.858824,-0.264706,0.6,-0.25,0.552941,0,0,0.0,0.0,0.0,0.0,0.0,0.0,0.0,0.0,0.0,0.0,0.0,0.0,0.0,0.0,0.0,0.0,0.0,0.0,0.0,0.0,0.0,0.0,0.0,0.0,0.0,0.0,0.0,0.0,0.0,0.0,0.0,0.0,0.0,0.0,0.0,0.0,0.0,0.0,0.0,0.0,0.0,0.0,Z,14
0.0,0.0,0.397059,0.164706,0.735294,0.458824,0.764706,0.788235,0.529412,1.035294,0.485294,1.0,0.647059,1.4,0.75,1.658824,0.779412,1.905882,0.117647,0.976471,0.220588,1.152941,0.25,0.741176,0.220588,0.694118,-0.205882,0.905882,-0.117647,0.988235,-0.029412,0.623529,-0.058824,0.623529,-0.514706,0.8,-0.426471,0.858824,-0.279412,0.611765,-0.264706,0.552941,0,0,0.0,0.0,0.0,0.0,0.0,0.0,0.0,0.0,0.0,0.0,0.0,0.0,0.0,0.0,0.0,0.0,0.0,0.0,0.0,0.0,0.0,0.0,0.0,0.0,0.0,0.0,0.0,0.0,0.0,0.0,0.0,0.0,0.0,0.0,0.0,0.0,0.0,0.0,0.0,0.0,0.0,0.0,Z,14
0.0,0.0,0.405797,0.152941,0.710145,0.447059,0.753623,0.776471,0.521739,1.011765,0.492754,1.0,0.652174,1.4,0.724638,1.658824,0.768116,1.905882,0.144928,0.976471,0.217391,1.141176,0.246377,0.741176,0.217391,0.694118,-0.188406,0.905882,-0.130435,0.988235,-0.028986,0.623529,-0.043478,0.623529,-0.507246,0.8,-0.434783,0.847059,-0.289855,0.6,-0.275362,0.552941,0,0,0.0,0.0,0.0,0.0,0.0,0.0,0.0,0.0,0.0,0.0,0.0,0.0,0.0,0.0,0.0,0.0,0.0,0.0,0.0,0.0,0.0,0.0,0.0,0.0,0.0,0.0,0.0,0.0,0.0,0.0,0.0,0.0,0.0,0.0,0.0,0.0,0.0,0.0,0.0,0.0,0.0,0.0,Z,14
0.0,0.0,0.411765,0.164706,0.735294,0.482353,0.764706,0.8,0.5,1.035294,0.5,1.0,0.647059,1.411765,0.735294,1.670588,0.779412,1.929412,0.132353,0.952941,0.220588,1.152941,0.25,0.729412,0.220588,0.682353,-0.191176,0.882353,-0.132353,1.0,-0.029412,0.611765,-0.029412,0.611765,-0.5,0.776471,-0.441176,0.858824,-0.279412,0.611765,-0.264706,0.552941,0,0,0.0,0.0,0.0,0.0,0.0,0.0,0.0,0.0,0.0,0.0,0.0,0.0,0.0,0.0,0.0,0.0,0.0,0.0,0.0,0.0,0.0,0.0,0.0,0.0,0.0,0.0,0.0,0.0,0.0,0.0,0.0,0.0,0.0,0.0,0.0,0.0,0.0,0.0,0.0,0.0,0.0,0.0,Z,14
0.0,0.0,0.397059,0.156627,0.720588,0.46988,0.75,0.807229,0.485294,1.036145,0.485294,1.0,0.647059,1.433735,0.720588,1.686747,0.764706,1.951807,0.132353,0.963855,0.220588,1.13253,0.25,0.722892,0.220588,0.686747,-0.205882,0.891566,-0.147059,1.0,-0.044118,0.614458,-0.058824,0.614458,-0.514706,0.795181,-0.455882,0.86747,-0.294118,0.614458,-0.279412,0.554217,0,0,0.0,0.0,0.0,0.0,0.0,0.0,0.0,0.0,0.0,0.0,0.0,0.0,0.0,0.0,0.0,0.0,0.0,0.0,0.0,0.0,0.0,0.0,0.0,0.0,0.0,0.0,0.0,0.0,0.0,0.0,0.0,0.0,0.0,0.0,0.0,0.0,0.0,0.0,0.0,0.0,0.0,0.0,Z,14
0.0,0.0,0.363636,0.181818,0.636364,0.5,0.606061,0.772727,0.333333,0.943182,0.378788,1.0,0.409091,1.397727,0.393939,1.681818,0.333333,1.909091,0.015152,0.965909,0.060606,1.113636,0.106061,0.738636,0.106061,0.625,-0.30303,0.875,-0.287879,0.965909,-0.166667,0.636364,-0.166667,0.556818,-0.621212,0.75,-0.575758,0.829545,-0.424242,0.602273,-0.378788,0.511364,0,0,0.0,0.0,0.0,0.0,0.0,0.0,0.0,0.0,0.0,0.0,0.0,0.0,0.0,0.0,0.0,0.0,0.0,0.0,0.0,0.0,0.0,0.0,0.0,0.0,0.0,0.0,0.0,0.0,0.0,0.0,0.0,0.0,0.0,0.0,0.0,0.0,0.0,0.0,0.0,0.0,0.0,0.0,Z,14
0.0,0.0,0.390625,0.188889,0.65625,0.488889,0.609375,0.777778,0.328125,0.955556,0.359375,1.0,0.390625,1.388889,0.40625,1.666667,0.375,1.888889,0.0,0.955556,0.015625,1.1,0.078125,0.766667,0.078125,0.666667,-0.328125,0.866667,-0.3125,0.955556,-0.1875,0.655556,-0.171875,0.588889,-0.640625,0.744444,-0.59375,0.822222,-0.4375,0.611111,-0.40625,0.533333,0,0,0.0,0.0,0.0,0.0,0.0,0.0,0.0,0.0,0.0,0.0,0.0,0.0,0.0,0.0,0.0,0.0,0.0,0.0,0.0,0.0,0.0,0.0,0.0,0.0,0.0,0.0,0.0,0.0,0.0,0.0,0.0,0.0,0.0,0.0,0.0,0.0,0.0,0.0,0.0,0.0,0.0,0.0,Z,14
0.0,0.0,0.349206,0.180851,0.571429,0.468085,0.444444,0.702128,0.079365,0.840426,0.174603,1.0,-0.063492,1.329787,-0.269841,1.56383,-0.492063,1.755319,-0.206349,0.914894,-0.301587,0.968085,-0.126984,0.617021,-0.031746,0.585106,-0.52381,0.797872,-0.634921,0.797872,-0.396825,0.510638,-0.301587,0.510638,-0.825397,0.670213,-0.873016,0.680851,-0.619048,0.489362,-0.507937,0.446809,0,0,0.0,0.0,0.0,0.0,0.0,0.0,0.0,0.0,0.0,0.0,0.0,0.0,0.0,0.0,0.0,0.0,0.0,0.0,0.0,0.0,0.0,0.0,0.0,0.0,0.0,0.0,0.0,0.0,0.0,0.0,0.0,0.0,0.0,0.0,0.0,0.0,0.0,0.0,0.0,0.0,0.0,0.0,Z,14
0.0,0.0,0.366667,0.173913,0.566667,0.467391,0.45,0.706522,0.083333,0.847826,0.15,1.0,-0.1,1.358696,-0.333333,1.586957,-0.566667,1.804348,-0.216667,0.913043,-0.316667,0.98913,-0.1,0.619565,-0.016667,0.586957,-0.55,0.804348,-0.65,0.836957,-0.416667,0.521739,-0.316667,0.521739,-0.85,0.684783,-0.916667,0.706522,-0.65,0.5,-0.533333,0.456522,0,0,0.0,0.0,0.0,0.0,0.0,0.0,0.0,0.0,0.0,0.0,0.0,0.0,0.0,0.0,0.0,0.0,0.0,0.0,0.0,0.0,0.0,0.0,0.0,0.0,0.0,0.0,0.0,0.0,0.0,0.0,0.0,0.0,0.0,0.0,0.0,0.0,0.0,0.0,0.0,0.0,0.0,0.0,Z,14
0.0,0.0,0.366667,0.168421,0.583333,0.442105,0.466667,0.684211,0.066667,0.821053,0.133333,1.0,-0.133333,1.326316,-0.4,1.547368,-0.65,1.736842,-0.233333,0.894737,-0.366667,0.968421,-0.183333,0.610526,-0.066667,0.589474,-0.566667,0.789474,-0.716667,0.810526,-0.483333,0.505263,-0.35,0.515789,-0.866667,0.663158,-0.983333,0.684211,-0.733333,0.484211,-0.583333,0.442105,0,0,0.0,0.0,0.0,0.0,0.0,0.0,0.0,0.0,0.0,0.0,0.0,0.0,0.0,0.0,0.0,0.0,0.0,0.0,0.0,0.0,0.0,0.0,0.0,0.0,0.0,0.0,0.0,0.0,0.0,0.0,0.0,0.0,0.0,0.0,0.0,0.0,0.0,0.0,0.0,0.0,0.0,0.0,Z,14
0.0,0.0,0.389831,0.180851,0.627119,0.457447,0.474576,0.702128,0.050847,0.829787,0.135593,1.0,-0.152542,1.340426,-0.40678,1.553191,-0.661017,1.744681,-0.237288,0.904255,-0.389831,0.968085,-0.152542,0.606383,-0.050847,0.595745,-0.559322,0.787234,-0.711864,0.808511,-0.457627,0.510638,-0.338983,0.531915,-0.864407,0.670213,-0.966102,0.670213,-0.677966,0.468085,-0.525424,0.446809,0,0,0.0,0.0,0.0,0.0,0.0,0.0,0.0,0.0,0.0,0.0,0.0,0.0,0.0,0.0,0.0,0.0,0.0,0.0,0.0,0.0,0.0,0.0,0.0,0.0,0.0,0.0,0.0,0.0,0.0,0.0,0.0,0.0,0.0,0.0,0.0,0.0,0.0,0.0,0.0,0.0,0.0,0.0,Z,14
0.0,0.0,0.372881,0.170213,0.559322,0.446809,0.423729,0.691489,0.016949,0.819149,0.101695,1.0,-0.20339,1.340426,-0.474576,1.56383,-0.728814,1.755319,-0.271186,0.882979,-0.423729,0.957447,-0.220339,0.595745,-0.084746,0.56383,-0.59322,0.776596,-0.762712,0.797872,-0.525424,0.5,-0.372881,0.510638,-0.898305,0.648936,-1.033898,0.670213,-0.779661,0.478723,-0.610169,0.43617,0,0,0.0,0.0,0.0,0.0,0.0,0.0,0.0,0.0,0.0,0.0,0.0,0.0,0.0,0.0,0.0,0.0,0.0,0.0,0.0,0.0,0.0,0.0,0.0,0.0,0.0,0.0,0.0,0.0,0.0,0.0,0.0,0.0,0.0,0.0,0.0,0.0,0.0,0.0,0.0,0.0,0.0,0.0,Z,14
0.0,0.0,0.372881,0.178947,0.576271,0.452632,0.423729,0.684211,0.016949,0.831579,0.101695,1.0,-0.20339,1.326316,-0.474576,1.547368,-0.745763,1.736842,-0.271186,0.884211,-0.440678,0.947368,-0.220339,0.6,-0.084746,0.578947,-0.59322,0.778947,-0.779661,0.8,-0.508475,0.505263,-0.372881,0.515789,-0.898305,0.652632,-1.033898,0.663158,-0.762712,0.463158,-0.576271,0.431579,0,0,0.0,0.0,0.0,0.0,0.0,0.0,0.0,0.0,0.0,0.0,0.0,0.0,0.0,0.0,0.0,0.0,0.0,0.0,0.0,0.0,0.0,0.0,0.0,0.0,0.0,0.0,0.0,0.0,0.0,0.0,0.0,0.0,0.0,0.0,0.0,0.0,0.0,0.0,0.0,0.0,0.0,0.0,Z,14
0.0,0.0,0.372881,0.178947,0.576271,0.452632,0.423729,0.684211,0.016949,0.831579,0.101695,1.0,-0.20339,1.326316,-0.474576,1.547368,-0.745763,1.736842,-0.271186,0.894737,-0.440678,0.947368,-0.220339,0.6,-0.084746,0.578947,-0.59322,0.778947,-0.779661,0.8,-0.508475,0.505263,-0.372881,0.515789,-0.898305,0.652632,-1.033898,0.663158,-0.762712,0.463158,-0.576271,0.431579,0,0,0.0,0.0,0.0,0.0,0.0,0.0,0.0,0.0,0.0,0.0,0.0,0.0,0.0,0.0,0.0,0.0,0.0,0.0,0.0,0.0,0.0,0.0,0.0,0.0,0.0,0.0,0.0,0.0,0.0,0.0,0.0,0.0,0.0,0.0,0.0,0.0,0.0,0.0,0.0,0.0,0.0,0.0,Z,14
0.0,0.0,0.33871,0.166667,0.532258,0.427083,0.403226,0.645833,0.0,0.78125,0.096774,1.0,-0.225806,1.3125,-0.516129,1.541667,-0.758065,1.71875,-0.274194,0.90625,-0.451613,0.927083,-0.225806,0.5625,-0.064516,0.53125,-0.596774,0.802083,-0.774194,0.770833,-0.532258,0.479167,-0.354839,0.479167,-0.903226,0.6875,-1.032258,0.645833,-0.774194,0.447917,-0.564516,0.416667,0,0,0.0,0.0,0.0,0.0,0.0,0.0,0.0,0.0,0.0,0.0,0.0,0.0,0.0,0.0,0.0,0.0,0.0,0.0,0.0,0.0,0.0,0.0,0.0,0.0,0.0,0.0,0.0,0.0,0.0,0.0,0.0,0.0,0.0,0.0,0.0,0.0,0.0,0.0,0.0,0.0,0.0,0.0,Z,14
0.0,0.0,0.383333,0.170213,0.583333,0.43617,0.45,0.670213,0.033333,0.787234,0.1,1.0,-0.233333,1.329787,-0.533333,1.56383,-0.8,1.744681,-0.283333,0.904255,-0.516667,0.925532,-0.3,0.56383,-0.116667,0.531915,-0.616667,0.787234,-0.85,0.765957,-0.583333,0.478723,-0.383333,0.468085,-0.9,0.659574,-1.1,0.62766,-0.833333,0.425532,-0.616667,0.393617,0,0,0.0,0.0,0.0,0.0,0.0,0.0,0.0,0.0,0.0,0.0,0.0,0.0,0.0,0.0,0.0,0.0,0.0,0.0,0.0,0.0,0.0,0.0,0.0,0.0,0.0,0.0,0.0,0.0,0.0,0.0,0.0,0.0,0.0,0.0,0.0,0.0,0.0,0.0,0.0,0.0,0.0,0.0,Z,14
0.0,0.0,0.352941,0.133333,0.705882,0.411111,0.558824,0.611111,0.205882,0.666667,0.235294,1.0,0.014706,1.311111,-0.191176,1.511111,-0.382353,1.688889,-0.161765,1.011111,-0.220588,0.833333,-0.088235,0.5,0.044118,0.366667,-0.485294,0.911111,-0.5,0.666667,-0.323529,0.411111,-0.161765,0.333333,-0.764706,0.766667,-0.764706,0.6,-0.558824,0.377778,-0.411765,0.311111,0,0,0.0,0.0,0.0,0.0,0.0,0.0,0.0,0.0,0.0,0.0,0.0,0.0,0.0,0.0,0.0,0.0,0.0,0.0,0.0,0.0,0.0,0.0,0.0,0.0,0.0,0.0,0.0,0.0,0.0,0.0,0.0,0.0,0.0,0.0,0.0,0.0,0.0,0.0,0.0,0.0,0.0,0.0,Z,14
0.0,0.0,0.352113,0.117647,0.676056,0.376471,0.56338,0.588235,0.253521,0.670588,0.28169,1.0,0.070423,1.341176,-0.140845,1.564706,-0.338028,1.764706,-0.098592,1.035294,-0.197183,0.858824,-0.070423,0.494118,0.056338,0.352941,-0.422535,0.941176,-0.478873,0.705882,-0.323944,0.411765,-0.169014,0.329412,-0.71831,0.788235,-0.71831,0.623529,-0.549296,0.376471,-0.380282,0.305882,0,0,0.0,0.0,0.0,0.0,0.0,0.0,0.0,0.0,0.0,0.0,0.0,0.0,0.0,0.0,0.0,0.0,0.0,0.0,0.0,0.0,0.0,0.0,0.0,0.0,0.0,0.0,0.0,0.0,0.0,0.0,0.0,0.0,0.0,0.0,0.0,0.0,0.0,0.0,0.0,0.0,0.0,0.0,Z,14
0.0,0.0,0.352113,0.116279,0.647887,0.383721,0.535211,0.581395,0.239437,0.662791,0.267606,1.0,0.070423,1.313953,-0.140845,1.534884,-0.338028,1.744186,-0.098592,1.023256,-0.211268,0.837209,-0.084507,0.465116,0.042254,0.337209,-0.43662,0.930233,-0.492958,0.697674,-0.338028,0.395349,-0.183099,0.313953,-0.732394,0.77907,-0.732394,0.616279,-0.549296,0.372093,-0.380282,0.302326,0,0,0.0,0.0,0.0,0.0,0.0,0.0,0.0,0.0,0.0,0.0,0.0,0.0,0.0,0.0,0.0,0.0,0.0,0.0,0.0,0.0,0.0,0.0,0.0,0.0,0.0,0.0,0.0,0.0,0.0,0.0,0.0,0.0,0.0,0.0,0.0,0.0,0.0,0.0,0.0,0.0,0.0,0.0,Z,14
0.0,0.0,0.292683,0.078947,0.597561,0.236842,0.670732,0.355263,0.536585,0.473684,0.45122,1.0,0.353659,1.197368,0.207317,1.368421,0.085366,1.565789,0.073171,1.131579,0.085366,0.592105,0.195122,0.197368,0.280488,0.144737,-0.256098,1.026316,-0.195122,0.421053,-0.073171,0.157895,0.012195,0.171053,-0.54878,0.855263,-0.463415,0.368421,-0.329268,0.131579,-0.231707,0.131579,0,0,0.0,0.0,0.0,0.0,0.0,0.0,0.0,0.0,0.0,0.0,0.0,0.0,0.0,0.0,0.0,0.0,0.0,0.0,0.0,0.0,0.0,0.0,0.0,0.0,0.0,0.0,0.0,0.0,0.0,0.0,0.0,0.0,0.0,0.0,0.0,0.0,0.0,0.0,0.0,0.0,0.0,0.0,Z,14
0.0,0.0,0.304878,0.093333,0.621951,0.24,0.695122,0.4,0.560976,0.52,0.47561,1.0,0.390244,1.2,0.268293,1.4,0.146341,1.613333,0.097561,1.12,0.134146,0.68,0.219512,0.28,0.292683,0.173333,-0.243902,1.026667,-0.134146,0.466667,-0.060976,0.2,-0.012195,0.2,-0.52439,0.826667,-0.426829,0.373333,-0.292683,0.146667,-0.207317,0.146667,0,0,0.0,0.0,0.0,0.0,0.0,0.0,0.0,0.0,0.0,0.0,0.0,0.0,0.0,0.0,0.0,0.0,0.0,0.0,0.0,0.0,0.0,0.0,0.0,0.0,0.0,0.0,0.0,0.0,0.0,0.0,0.0,0.0,0.0,0.0,0.0,0.0,0.0,0.0,0.0,0.0,0.0,0.0,Z,14
0.0,0.0,0.333333,0.031746,0.679487,0.142857,0.858974,0.222222,0.807692,0.333333,0.615385,1.0,0.666667,1.126984,0.692308,1.142857,0.679487,1.206349,0.25641,1.15873,0.410256,0.52381,0.423077,0.079365,0.371795,0.111111,-0.076923,1.047619,0.089744,0.301587,0.141026,0.047619,0.102564,0.190476,-0.384615,0.84127,-0.24359,0.269841,-0.153846,0.031746,-0.153846,0.095238,0,0,0.0,0.0,0.0,0.0,0.0,0.0,0.0,0.0,0.0,0.0,0.0,0.0,0.0,0.0,0.0,0.0,0.0,0.0,0.0,0.0,0.0,0.0,0.0,0.0,0.0,0.0,0.0,0.0,0.0,0.0,0.0,0.0,0.0,0.0,0.0,0.0,0.0,0.0,0.0,0.0,0.0,0.0,Z,14
0.0,0.0,0.329114,0.064516,0.670886,0.177419,0.822785,0.258065,0.746835,0.306452,0.582278,1.0,0.607595,1.112903,0.620253,1.177419,0.64557,1.322581,0.227848,1.177419,0.35443,0.483871,0.379747,0.048387,0.35443,0.048387,-0.113924,1.064516,0.050633,0.241935,0.088608,-0.016129,0.075949,0.112903,-0.417722,0.83871,-0.278481,0.225806,-0.189873,0.0,-0.189873,0.064516,0,0,0.0,0.0,0.0,0.0,0.0,0.0,0.0,0.0,0.0,0.0,0.0,0.0,0.0,0.0,0.0,0.0,0.0,0.0,0.0,0.0,0.0,0.0,0.0,0.0,0.0,0.0,0.0,0.0,0.0,0.0,0.0,0.0,0.0,0.0,0.0,0.0,0.0,0.0,0.0,0.0,0.0,0.0,Z,14
0.0,0.0,0.418919,0.05,0.837838,0.133333,1.040541,0.2,0.932432,0.25,0.743243,1.0,0.932432,1.016667,1.067568,1.1,1.162162,1.25,0.405405,1.183333,0.689189,0.416667,0.608108,0.0,0.472973,0.083333,0.054054,1.066667,0.324324,0.233333,0.297297,-0.016667,0.216216,0.183333,-0.256757,0.833333,-0.054054,0.216667,0.0,-0.016667,-0.040541,0.083333,0,0,0.0,0.0,0.0,0.0,0.0,0.0,0.0,0.0,0.0,0.0,0.0,0.0,0.0,0.0,0.0,0.0,0.0,0.0,0.0,0.0,0.0,0.0,0.0,0.0,0.0,0.0,0.0,0.0,0.0,0.0,0.0,0.0,0.0,0.0,0.0,0.0,0.0,0.0,0.0,0.0,0.0,0.0,Z,14
0.0,0.0,0.4,0.066667,0.813333,0.2,0.986667,0.266667,0.813333,0.25,0.666667,1.0,0.813333,1.016667,0.933333,1.1,1.04,1.266667,0.333333,1.183333,0.573333,0.433333,0.506667,0.0,0.426667,0.016667,-0.013333,1.083333,0.226667,0.233333,0.213333,-0.05,0.173333,0.1,-0.333333,0.833333,-0.133333,0.233333,-0.066667,0.0,-0.093333,0.066667,0,0,0.0,0.0,0.0,0.0,0.0,0.0,0.0,0.0,0.0,0.0,0.0,0.0,0.0,0.0,0.0,0.0,0.0,0.0,0.0,0.0,0.0,0.0,0.0,0.0,0.0,0.0,0.0,0.0,0.0,0.0,0.0,0.0,0.0,0.0,0.0,0.0,0.0,0.0,0.0,0.0,0.0,0.0,Z,14
0.0,0.0,0.4,0.034483,0.773333,0.12069,0.96,0.189655,0.866667,0.275862,0.693333,1.0,0.84,1.0,1.013333,1.086207,1.173333,1.224138,0.36,1.189655,0.573333,0.448276,0.506667,-0.017241,0.413333,0.034483,0.013333,1.086207,0.226667,0.224138,0.2,-0.068966,0.146667,0.12069,-0.306667,0.844828,-0.133333,0.206897,-0.08,-0.034483,-0.106667,0.051724,0,0,0.0,0.0,0.0,0.0,0.0,0.0,0.0,0.0,0.0,0.0,0.0,0.0,0.0,0.0,0.0,0.0,0.0,0.0,0.0,0.0,0.0,0.0,0.0,0.0,0.0,0.0,0.0,0.0,0.0,0.0,0.0,0.0,0.0,0.0,0.0,0.0,0.0,0.0,0.0,0.0,0.0,0.0,Z,14
0.0,0.0,0.364865,0.051724,0.756757,0.137931,0.945946,0.224138,0.810811,0.275862,0.648649,1.0,0.810811,1.0,0.986486,1.068966,1.148649,1.206897,0.310811,1.189655,0.527027,0.431034,0.472973,-0.034483,0.391892,0.017241,-0.040541,1.086207,0.162162,0.224138,0.162162,-0.068966,0.121622,0.12069,-0.351351,0.844828,-0.189189,0.206897,-0.121622,-0.034483,-0.162162,0.051724,0,0,0.0,0.0,0.0,0.0,0.0,0.0,0.0,0.0,0.0,0.0,0.0,0.0,0.0,0.0,0.0,0.0,0.0,0.0,0.0,0.0,0.0,0.0,0.0,0.0,0.0,0.0,0.0,0.0,0.0,0.0,0.0,0.0,0.0,0.0,0.0,0.0,0.0,0.0,0.0,0.0,0.0,0.0,Z,14
0.0,0.0,0.386667,0.017857,0.786667,0.107143,0.973333,0.196429,0.826667,0.25,0.68,1.0,0.84,1.0,1.0,1.071429,1.16,1.232143,0.346667,1.196429,0.56,0.410714,0.493333,-0.053571,0.413333,0.0,0.0,1.089286,0.2,0.196429,0.186667,-0.107143,0.133333,0.089286,-0.32,0.857143,-0.173333,0.178571,-0.106667,-0.071429,-0.133333,0.017857,0,0,0.0,0.0,0.0,0.0,0.0,0.0,0.0,0.0,0.0,0.0,0.0,0.0,0.0,0.0,0.0,0.0,0.0,0.0,0.0,0.0,0.0,0.0,0.0,0.0,0.0,0.0,0.0,0.0,0.0,0.0,0.0,0.0,0.0,0.0,0.0,0.0,0.0,0.0,0.0,0.0,0.0,0.0,Z,14
0.0,0.0,0.307692,0.0,0.653846,0.042553,0.730769,0.0,0.576923,0.0,0.576923,1.0,0.705128,1.085106,0.794872,1.276596,0.897436,1.468085,0.25641,1.340426,0.230769,0.276596,0.25641,-0.12766,0.282051,-0.170213,-0.089744,1.276596,-0.076923,0.085106,-0.025641,-0.06383,0.012821,0.106383,-0.423077,1.021277,-0.397436,0.170213,-0.333333,-0.042553,-0.307692,0.085106,0,0,0.0,0.0,0.0,0.0,0.0,0.0,0.0,0.0,0.0,0.0,0.0,0.0,0.0,0.0,0.0,0.0,0.0,0.0,0.0,0.0,0.0,0.0,0.0,0.0,0.0,0.0,0.0,0.0,0.0,0.0,0.0,0.0,0.0,0.0,0.0,0.0,0.0,0.0,0.0,0.0,0.0,0.0,Z,14
0.0,0.0,0.311688,-0.042553,0.675325,0.021277,0.779221,0.0,0.649351,-0.021277,0.623377,1.0,0.753247,1.06383,0.844156,1.234043,0.948052,1.425532,0.298701,1.340426,0.285714,0.297872,0.298701,-0.170213,0.324675,-0.276596,-0.051948,1.276596,-0.038961,0.12766,0.0,-0.106383,0.025974,0.0,-0.376623,1.042553,-0.350649,0.170213,-0.298701,-0.06383,-0.285714,0.021277,0,0,0.0,0.0,0.0,0.0,0.0,0.0,0.0,0.0,0.0,0.0,0.0,0.0,0.0,0.0,0.0,0.0,0.0,0.0,0.0,0.0,0.0,0.0,0.0,0.0,0.0,0.0,0.0,0.0,0.0,0.0,0.0,0.0,0.0,0.0,0.0,0.0,0.0,0.0,0.0,0.0,0.0,0.0,Z,14
0.0,0.0,0.3375,0.087719,0.6625,0.22807,0.6,0.140351,0.325,-0.035088,0.525,1.0,0.4,1.140351,0.2375,1.22807,0.1,1.403509,0.1625,1.22807,0.025,0.333333,0.1125,-0.105263,0.1875,-0.105263,-0.1875,1.157895,-0.25,0.175439,-0.125,-0.070175,-0.0125,0.070175,-0.475,0.964912,-0.4875,0.245614,-0.35,-0.017544,-0.25,0.035088,0,0,0.0,0.0,0.0,0.0,0.0,0.0,0.0,0.0,0.0,0.0,0.0,0.0,0.0,0.0,0.0,0.0,0.0,0.0,0.0,0.0,0.0,0.0,0.0,0.0,0.0,0.0,0.0,0.0,0.0,0.0,0.0,0.0,0.0,0.0,0.0,0.0,0.0,0.0,0.0,0.0,0.0,0.0,Z,14
0.0,0.0,0.35,0.087719,0.675,0.22807,0.6625,0.175439,0.4625,0.070175,0.6,1.0,0.4625,1.157895,0.3,1.315789,0.1625,1.491228,0.25,1.263158,0.0625,0.438596,0.15,0.0,0.2625,-0.070175,-0.1,1.22807,-0.2125,0.298246,-0.1,0.017544,0.025,0.017544,-0.4,1.070175,-0.4625,0.350877,-0.325,0.070175,-0.175,0.052632,0,0,0.0,0.0,0.0,0.0,0.0,0.0,0.0,0.0,0.0,0.0,0.0,0.0,0.0,0.0,0.0,0.0,0.0,0.0,0.0,0.0,0.0,0.0,0.0,0.0,0.0,0.0,0.0,0.0,0.0,0.0,0.0,0.0,0.0,0.0,0.0,0.0,0.0,0.0,0.0,0.0,0.0,0.0,Z,14
0.0,0.0,0.325,0.105263,0.6375,0.22807,0.575,0.140351,0.35,0.017544,0.5625,1.0,0.45,1.140351,0.2875,1.280702,0.15,1.491228,0.2125,1.263158,0.05,0.403509,0.1375,-0.017544,0.2625,-0.087719,-0.1375,1.22807,-0.2375,0.263158,-0.125,-0.017544,0.0125,0.017544,-0.4375,1.052632,-0.4875,0.315789,-0.35,0.017544,-0.2125,0.0,0,0,0.0,0.0,0.0,0.0,0.0,0.0,0.0,0.0,0.0,0.0,0.0,0.0,0.0,0.0,0.0,0.0,0.0,0.0,0.0,0.0,0.0,0.0,0.0,0.0,0.0,0.0,0.0,0.0,0.0,0.0,0.0,0.0,0.0,0.0,0.0,0.0,0.0,0.0,0.0,0.0,0.0,0.0,Z,14
0.0,0.0,0.345679,0.1,0.666667,0.25,0.617284,0.2,0.395062,0.066667,0.592593,1.0,0.444444,1.15,0.271605,1.283333,0.135802,1.466667,0.234568,1.25,0.074074,0.45,0.160494,0.033333,0.271605,-0.05,-0.111111,1.2,-0.209877,0.3,-0.098765,0.033333,0.024691,0.033333,-0.407407,1.05,-0.45679,0.35,-0.320988,0.066667,-0.185185,0.033333,0,0,0.0,0.0,0.0,0.0,0.0,0.0,0.0,0.0,0.0,0.0,0.0,0.0,0.0,0.0,0.0,0.0,0.0,0.0,0.0,0.0,0.0,0.0,0.0,0.0,0.0,0.0,0.0,0.0,0.0,0.0,0.0,0.0,0.0,0.0,0.0,0.0,0.0,0.0,0.0,0.0,0.0,0.0,Z,14
0.0,0.0,0.345679,0.087719,0.654321,0.22807,0.592593,0.140351,0.37037,0.0,0.567901,1.0,0.444444,1.157895,0.271605,1.298246,0.123457,1.491228,0.222222,1.263158,0.061728,0.403509,0.160494,-0.017544,0.283951,-0.087719,-0.123457,1.22807,-0.234568,0.245614,-0.098765,-0.017544,0.037037,0.0,-0.432099,1.052632,-0.469136,0.298246,-0.333333,0.017544,-0.197531,0.0,0,0,0.0,0.0,0.0,0.0,0.0,0.0,0.0,0.0,0.0,0.0,0.0,0.0,0.0,0.0,0.0,0.0,0.0,0.0,0.0,0.0,0.0,0.0,0.0,0.0,0.0,0.0,0.0,0.0,0.0,0.0,0.0,0.0,0.0,0.0,0.0,0.0,0.0,0.0,0.0,0.0,0.0,0.0,Z,14
0.0,0.0,0.291667,-0.666667,0.333333,-1.277778,0.180556,-1.611111,-0.055556,-1.888889,0.041667,1.0,-0.263889,0.611111,-0.388889,0.944444,-0.569444,1.666667,-0.416667,1.277778,-0.722222,-1.055556,-0.513889,-2.555556,-0.402778,-2.555556,-0.736111,1.0,-0.958333,-1.5,-0.736111,-2.722222,-0.555556,-2.555556,-0.958333,0.5,-1.013889,-1.388889,-0.833333,-2.388889,-0.680556,-2.277778,-0.18055555555555555,2.7777777777777777,0.0,0.0,0.411765,0.080645,0.691176,0.193548,0.426471,0.193548,0.088235,0.129032,0.367647,1.0,-0.029412,1.16129,-0.323529,1.274194,-0.544118,1.451613,-0.029412,1.112903,-0.308824,0.483871,-0.132353,0.080645,0.044118,0.080645,-0.367647,1.048387,-0.573529,0.33871,-0.338235,0.048387,-0.147059,0.080645,-0.632353,0.919355,-0.779412,0.403226,-0.602941,0.145161,-0.455882,0.145161,Z,14
0.0,0.0,0.363636,0.050847,0.675325,0.186441,0.480519,0.20339,0.194805,0.186441,0.402597,1.0,0.077922,1.186441,-0.194805,1.322034,-0.415584,1.542373,0.025974,1.220339,-0.233766,0.508475,-0.025974,0.050847,0.181818,0.084746,-0.311688,1.186441,-0.506494,0.355932,-0.298701,0.033898,-0.116883,0.101695,-0.597403,1.050847,-0.714286,0.372881,-0.506494,0.084746,-0.337662,0.084746,0,0,0.0,0.0,0.0,0.0,0.0,0.0,0.0,0.0,0.0,0.0,0.0,0.0,0.0,0.0,0.0,0.0,0.0,0.0,0.0,0.0,0.0,0.0,0.0,0.0,0.0,0.0,0.0,0.0,0.0,0.0,0.0,0.0,0.0,0.0,0.0,0.0,0.0,0.0,0.0,0.0,0.0,0.0,Z,14
0.0,0.0,0.355263,0.037037,0.671053,0.185185,0.5,0.203704,0.210526,0.166667,0.368421,1.0,0.026316,1.203704,-0.223684,1.37037,-0.421053,1.62963,-0.013158,1.240741,-0.263158,0.407407,-0.039474,-0.018519,0.157895,0.055556,-0.355263,1.240741,-0.539474,0.314815,-0.328947,0.0,-0.144737,0.092593,-0.631579,1.111111,-0.736842,0.351852,-0.539474,0.074074,-0.381579,0.092593,0,0,0.0,0.0,0.0,0.0,0.0,0.0,0.0,0.0,0.0,0.0,0.0,0.0,0.0,0.0,0.0,0.0,0.0,0.0,0.0,0.0,0.0,0.0,0.0,0.0,0.0,0.0,0.0,0.0,0.0,0.0,0.0,0.0,0.0,0.0,0.0,0.0,0.0,0.0,0.0,0.0,0.0,0.0,Z,14
0.0,0.0,0.373333,0.054545,0.693333,0.2,0.44,0.181818,0.106667,0.109091,0.32,1.0,-0.026667,1.2,-0.293333,1.345455,-0.506667,1.6,-0.066667,1.2,-0.28,0.4,-0.053333,-0.054545,0.16,0.018182,-0.4,1.181818,-0.56,0.272727,-0.333333,-0.054545,-0.146667,0.054545,-0.68,1.036364,-0.76,0.309091,-0.56,0.018182,-0.386667,0.0,0,0,0.0,0.0,0.0,0.0,0.0,0.0,0.0,0.0,0.0,0.0,0.0,0.0,0.0,0.0,0.0,0.0,0.0,0.0,0.0,0.0,0.0,0.0,0.0,0.0,0.0,0.0,0.0,0.0,0.0,0.0,0.0,0.0,0.0,0.0,0.0,0.0,0.0,0.0,0.0,0.0,0.0,0.0,Z,14
0.0,0.0,0.373333,0.037736,0.693333,0.169811,0.453333,0.150943,0.106667,0.09434,0.306667,1.0,-0.026667,1.188679,-0.306667,1.339623,-0.52,1.603774,-0.08,1.207547,-0.306667,0.358491,-0.066667,-0.113208,0.133333,0.0,-0.413333,1.169811,-0.573333,0.245283,-0.373333,-0.075472,-0.186667,0.037736,-0.693333,1.018868,-0.773333,0.245283,-0.573333,-0.037736,-0.413333,0.0,0,0,0.0,0.0,0.0,0.0,0.0,0.0,0.0,0.0,0.0,0.0,0.0,0.0,0.0,0.0,0.0,0.0,0.0,0.0,0.0,0.0,0.0,0.0,0.0,0.0,0.0,0.0,0.0,0.0,0.0,0.0,0.0,0.0,0.0,0.0,0.0,0.0,0.0,0.0,0.0,0.0,0.0,0.0,Z,14
0.0,0.0,0.373333,0.038462,0.693333,0.211538,0.466667,0.134615,0.146667,0.038462,0.306667,1.0,-0.026667,1.192308,-0.293333,1.326923,-0.506667,1.576923,-0.093333,1.230769,-0.306667,0.307692,-0.08,-0.153846,0.12,-0.076923,-0.426667,1.192308,-0.573333,0.211538,-0.36,-0.115385,-0.186667,-0.019231,-0.693333,1.038462,-0.773333,0.230769,-0.573333,-0.038462,-0.413333,-0.038462,0,0,0.0,0.0,0.0,0.0,0.0,0.0,0.0,0.0,0.0,0.0,0.0,0.0,0.0,0.0,0.0,0.0,0.0,0.0,0.0,0.0,0.0,0.0,0.0,0.0,0.0,0.0,0.0,0.0,0.0,0.0,0.0,0.0,0.0,0.0,0.0,0.0,0.0,0.0,0.0,0.0,0.0,0.0,Z,14
0.0,0.0,0.373333,0.038462,0.666667,0.230769,0.426667,0.153846,0.12,0.076923,0.293333,1.0,-0.04,1.211538,-0.306667,1.365385,-0.52,1.596154,-0.093333,1.230769,-0.306667,0.346154,-0.08,-0.115385,0.106667,-0.057692,-0.426667,1.192308,-0.573333,0.230769,-0.36,-0.115385,-0.186667,-0.019231,-0.706667,1.019231,-0.773333,0.25,-0.573333,-0.038462,-0.4,-0.038462,0,0,0.0,0.0,0.0,0.0,0.0,0.0,0.0,0.0,0.0,0.0,0.0,0.0,0.0,0.0,0.0,0.0,0.0,0.0,0.0,0.0,0.0,0.0,0.0,0.0,0.0,0.0,0.0,0.0,0.0,0.0,0.0,0.0,0.0,0.0,0.0,0.0,0.0,0.0,0.0,0.0,0.0,0.0,Z,14
0.0,0.0,0.346667,0.019231,0.666667,0.173077,0.48,0.173077,0.16,0.134615,0.293333,1.0,-0.053333,1.192308,-0.32,1.326923,-0.533333,1.576923,-0.106667,1.25,-0.333333,0.326923,-0.106667,-0.134615,0.093333,-0.038462,-0.44,1.211538,-0.6,0.211538,-0.386667,-0.096154,-0.213333,0.0,-0.706667,1.057692,-0.8,0.25,-0.613333,-0.019231,-0.453333,-0.019231,0,0,0.0,0.0,0.0,0.0,0.0,0.0,0.0,0.0,0.0,0.0,0.0,0.0,0.0,0.0,0.0,0.0,0.0,0.0,0.0,0.0,0.0,0.0,0.0,0.0,0.0,0.0,0.0,0.0,0.0,0.0,0.0,0.0,0.0,0.0,0.0,0.0,0.0,0.0,0.0,0.0,0.0,0.0,Z,14
0.0,0.0,0.342105,0.038462,0.657895,0.192308,0.473684,0.134615,0.144737,0.076923,0.289474,1.0,-0.039474,1.153846,-0.302632,1.288462,-0.513158,1.538462,-0.105263,1.211538,-0.302632,0.288462,-0.092105,-0.153846,0.105263,-0.038462,-0.434211,1.173077,-0.565789,0.211538,-0.381579,-0.134615,-0.223684,0.019231,-0.710526,1.019231,-0.789474,0.230769,-0.592105,-0.038462,-0.447368,0.0,0,0,0.0,0.0,0.0,0.0,0.0,0.0,0.0,0.0,0.0,0.0,0.0,0.0,0.0,0.0,0.0,0.0,0.0,0.0,0.0,0.0,0.0,0.0,0.0,0.0,0.0,0.0,0.0,0.0,0.0,0.0,0.0,0.0,0.0,0.0,0.0,0.0,0.0,0.0,0.0,0.0,0.0,0.0,Z,14
0.0,0.0,0.342105,0.038462,0.657895,0.192308,0.460526,0.153846,0.157895,0.096154,0.289474,1.0,-0.026316,1.192308,-0.289474,1.326923,-0.513158,1.576923,-0.092105,1.230769,-0.289474,0.346154,-0.078947,-0.134615,0.118421,-0.038462,-0.434211,1.173077,-0.565789,0.230769,-0.368421,-0.115385,-0.184211,0.0,-0.710526,1.019231,-0.789474,0.230769,-0.592105,-0.057692,-0.421053,-0.038462,0,0,0.0,0.0,0.0,0.0,0.0,0.0,0.0,0.0,0.0,0.0,0.0,0.0,0.0,0.0,0.0,0.0,0.0,0.0,0.0,0.0,0.0,0.0,0.0,0.0,0.0,0.0,0.0,0.0,0.0,0.0,0.0,0.0,0.0,0.0,0.0,0.0,0.0,0.0,0.0,0.0,0.0,0.0,Z,14
0.0,0.0,0.355263,0.037736,0.710526,0.207547,0.552632,0.207547,0.236842,0.150943,0.355263,1.0,0.039474,1.207547,-0.236842,1.358491,-0.447368,1.584906,-0.039474,1.264151,-0.223684,0.358491,-0.013158,-0.113208,0.171053,-0.037736,-0.368421,1.226415,-0.486842,0.264151,-0.302632,-0.075472,-0.131579,0.018868,-0.644737,1.056604,-0.723684,0.301887,-0.539474,0.018868,-0.381579,0.037736,0,0,0.0,0.0,0.0,0.0,0.0,0.0,0.0,0.0,0.0,0.0,0.0,0.0,0.0,0.0,0.0,0.0,0.0,0.0,0.0,0.0,0.0,0.0,0.0,0.0,0.0,0.0,0.0,0.0,0.0,0.0,0.0,0.0,0.0,0.0,0.0,0.0,0.0,0.0,0.0,0.0,0.0,0.0,Z,14
0.0,0.0,0.350649,0.037736,0.688312,0.188679,0.519481,0.188679,0.220779,0.113208,0.350649,1.0,0.012987,1.207547,-0.246753,1.358491,-0.454545,1.584906,-0.025974,1.226415,-0.246753,0.396226,-0.038961,-0.075472,0.168831,-0.018868,-0.363636,1.188679,-0.519481,0.283019,-0.324675,-0.075472,-0.142857,0.0,-0.649351,1.056604,-0.74026,0.320755,-0.532468,0.0,-0.363636,0.0,0,0,0.0,0.0,0.0,0.0,0.0,0.0,0.0,0.0,0.0,0.0,0.0,0.0,0.0,0.0,0.0,0.0,0.0,0.0,0.0,0.0,0.0,0.0,0.0,0.0,0.0,0.0,0.0,0.0,0.0,0.0,0.0,0.0,0.0,0.0,0.0,0.0,0.0,0.0,0.0,0.0,0.0,0.0,Z,14
0.0,0.0,0.363636,0.0,0.714286,0.153846,0.545455,0.173077,0.246753,0.153846,0.350649,1.0,0.0,1.192308,-0.246753,1.346154,-0.441558,1.596154,-0.051948,1.25,-0.272727,0.346154,-0.025974,-0.096154,0.168831,-0.019231,-0.38961,1.25,-0.532468,0.25,-0.311688,-0.057692,-0.12987,0.019231,-0.649351,1.115385,-0.727273,0.365385,-0.545455,0.057692,-0.415584,0.038462,0,0,0.0,0.0,0.0,0.0,0.0,0.0,0.0,0.0,0.0,0.0,0.0,0.0,0.0,0.0,0.0,0.0,0.0,0.0,0.0,0.0,0.0,0.0,0.0,0.0,0.0,0.0,0.0,0.0,0.0,0.0,0.0,0.0,0.0,0.0,0.0,0.0,0.0,0.0,0.0,0.0,0.0,0.0,Z,14
0.0,0.0,0.358974,0.053571,0.692308,0.196429,0.525641,0.196429,0.230769,0.160714,0.346154,1.0,0.025641,1.160714,-0.230769,1.285714,-0.423077,1.517857,-0.051282,1.196429,-0.24359,0.357143,-0.012821,-0.053571,0.179487,0.0,-0.384615,1.178571,-0.512821,0.285714,-0.307692,-0.035714,-0.128205,0.053571,-0.653846,1.035714,-0.717949,0.339286,-0.512821,0.053571,-0.371795,0.035714,0,0,0.0,0.0,0.0,0.0,0.0,0.0,0.0,0.0,0.0,0.0,0.0,0.0,0.0,0.0,0.0,0.0,0.0,0.0,0.0,0.0,0.0,0.0,0.0,0.0,0.0,0.0,0.0,0.0,0.0,0.0,0.0,0.0,0.0,0.0,0.0,0.0,0.0,0.0,0.0,0.0,0.0,0.0,Z,14
0.0,0.0,0.3625,0.037037,0.6875,0.203704,0.5125,0.222222,0.2125,0.166667,0.3625,1.0,0.0375,1.185185,-0.2125,1.314815,-0.4,1.574074,-0.025,1.240741,-0.2375,0.37037,-0.0125,-0.074074,0.1875,0.0,-0.3625,1.240741,-0.5125,0.296296,-0.3,-0.018519,-0.125,0.055556,-0.6375,1.111111,-0.7,0.351852,-0.5,0.055556,-0.35,0.037037,0,0,0.0,0.0,0.0,0.0,0.0,0.0,0.0,0.0,0.0,0.0,0.0,0.0,0.0,0.0,0.0,0.0,0.0,0.0,0.0,0.0,0.0,0.0,0.0,0.0,0.0,0.0,0.0,0.0,0.0,0.0,0.0,0.0,0.0,0.0,0.0,0.0,0.0,0.0,0.0,0.0,0.0,0.0,Z,14
0.0,0.0,0.346154,0.038462,0.692308,0.192308,0.538462,0.211538,0.217949,0.134615,0.346154,1.0,0.025641,1.211538,-0.230769,1.384615,-0.448718,1.634615,-0.038462,1.25,-0.24359,0.365385,-0.038462,-0.076923,0.166667,0.0,-0.384615,1.230769,-0.525641,0.288462,-0.320513,-0.038462,-0.141026,0.038462,-0.653846,1.096154,-0.74359,0.365385,-0.551282,0.076923,-0.397436,0.057692,0,0,0.0,0.0,0.0,0.0,0.0,0.0,0.0,0.0,0.0,0.0,0.0,0.0,0.0,0.0,0.0,0.0,0.0,0.0,0.0,0.0,0.0,0.0,0.0,0.0,0.0,0.0,0.0,0.0,0.0,0.0,0.0,0.0,0.0,0.0,0.0,0.0,0.0,0.0,0.0,0.0,0.0,0.0,Z,14
0.0,0.0,0.341772,0.019231,0.683544,0.173077,0.544304,0.192308,0.240506,0.134615,0.35443,1.0,0.050633,1.211538,-0.202532,1.365385,-0.405063,1.615385,-0.025316,1.230769,-0.227848,0.384615,-0.025316,-0.096154,0.164557,-0.019231,-0.367089,1.192308,-0.506329,0.288462,-0.316456,-0.057692,-0.139241,0.019231,-0.64557,1.057692,-0.721519,0.307692,-0.531646,0.019231,-0.367089,0.019231,0,0,0.0,0.0,0.0,0.0,0.0,0.0,0.0,0.0,0.0,0.0,0.0,0.0,0.0,0.0,0.0,0.0,0.0,0.0,0.0,0.0,0.0,0.0,0.0,0.0,0.0,0.0,0.0,0.0,0.0,0.0,0.0,0.0,0.0,0.0,0.0,0.0,0.0,0.0,0.0,0.0,0.0,0.0,Z,14
0.0,0.0,0.371795,0.038462,0.717949,0.192308,0.551282,0.211538,0.230769,0.134615,0.371795,1.0,0.051282,1.211538,-0.205128,1.384615,-0.423077,1.634615,-0.025641,1.25,-0.230769,0.365385,0.0,-0.057692,0.192308,0.0,-0.358974,1.211538,-0.5,0.288462,-0.307692,-0.038462,-0.141026,0.038462,-0.628205,1.076923,-0.717949,0.307692,-0.512821,0.019231,-0.346154,0.038462,0,0,0.0,0.0,0.0,0.0,0.0,0.0,0.0,0.0,0.0,0.0,0.0,0.0,0.0,0.0,0.0,0.0,0.0,0.0,0.0,0.0,0.0,0.0,0.0,0.0,0.0,0.0,0.0,0.0,0.0,0.0,0.0,0.0,0.0,0.0,0.0,0.0,0.0,0.0,0.0,0.0,0.0,0.0,Z,14
0.0,0.0,0.35,0.038462,0.6875,0.192308,0.5375,0.173077,0.2375,0.096154,0.375,1.0,0.0625,1.192308,-0.2,1.365385,-0.4,1.615385,-0.0125,1.230769,-0.2125,0.346154,-0.0125,-0.076923,0.175,-0.019231,-0.35,1.211538,-0.4875,0.269231,-0.3,-0.057692,-0.1375,0.019231,-0.625,1.076923,-0.7,0.307692,-0.5125,0.019231,-0.35,0.019231,0,0,0.0,0.0,0.0,0.0,0.0,0.0,0.0,0.0,0.0,0.0,0.0,0.0,0.0,0.0,0.0,0.0,0.0,0.0,0.0,0.0,0.0,0.0,0.0,0.0,0.0,0.0,0.0,0.0,0.0,0.0,0.0,0.0,0.0,0.0,0.0,0.0,0.0,0.0,0.0,0.0,0.0,0.0,Z,14
0.0,0.0,0.379747,0.037037,0.734177,0.222222,0.582278,0.240741,0.278481,0.166667,0.405063,1.0,0.075949,1.203704,-0.177215,1.351852,-0.367089,1.592593,0.012658,1.240741,-0.202532,0.407407,0.025316,-0.018519,0.21519,0.037037,-0.316456,1.222222,-0.468354,0.296296,-0.265823,-0.018519,-0.088608,0.055556,-0.594937,1.092593,-0.683544,0.351852,-0.481013,0.055556,-0.316456,0.037037,0,0,0.0,0.0,0.0,0.0,0.0,0.0,0.0,0.0,0.0,0.0,0.0,0.0,0.0,0.0,0.0,0.0,0.0,0.0,0.0,0.0,0.0,0.0,0.0,0.0,0.0,0.0,0.0,0.0,0.0,0.0,0.0,0.0,0.0,0.0,0.0,0.0,0.0,0.0,0.0,0.0,0.0,0.0,Z,14
0.0,0.0,0.371795,0.019608,0.717949,0.156863,0.564103,0.176471,0.269231,0.117647,0.410256,1.0,0.076923,1.196078,-0.179487,1.372549,-0.384615,1.627451,0.025641,1.254902,-0.217949,0.352941,0.0,-0.098039,0.205128,-0.058824,-0.320513,1.235294,-0.487179,0.254902,-0.282051,-0.078431,-0.089744,-0.019608,-0.589744,1.117647,-0.705128,0.333333,-0.5,0.0,-0.320513,-0.039216,0,0,0.0,0.0,0.0,0.0,0.0,0.0,0.0,0.0,0.0,0.0,0.0,0.0,0.0,0.0,0.0,0.0,0.0,0.0,0.0,0.0,0.0,0.0,0.0,0.0,0.0,0.0,0.0,0.0,0.0,0.0,0.0,0.0,0.0,0.0,0.0,0.0,0.0,0.0,0.0,0.0,0.0,0.0,Z,14
0.0,0.0,0.367089,0.019231,0.708861,0.153846,0.56962,0.192308,0.265823,0.134615,0.392405,1.0,0.063291,1.192308,-0.189873,1.365385,-0.379747,1.634615,0.012658,1.25,-0.21519,0.365385,-0.012658,-0.076923,0.189873,-0.019231,-0.329114,1.230769,-0.493671,0.269231,-0.278481,-0.038462,-0.101266,0.019231,-0.607595,1.115385,-0.696203,0.346154,-0.493671,0.057692,-0.341772,0.019231,0,0,0.0,0.0,0.0,0.0,0.0,0.0,0.0,0.0,0.0,0.0,0.0,0.0,0.0,0.0,0.0,0.0,0.0,0.0,0.0,0.0,0.0,0.0,0.0,0.0,0.0,0.0,0.0,0.0,0.0,0.0,0.0,0.0,0.0,0.0,0.0,0.0,0.0,0.0,0.0,0.0,0.0,0.0,Z,14
0.0,0.0,0.363636,0.055556,0.701299,0.222222,0.519481,0.222222,0.207792,0.12963,0.363636,1.0,0.025974,1.203704,-0.220779,1.333333,-0.415584,1.574074,-0.025974,1.222222,-0.233766,0.37037,-0.012987,-0.055556,0.181818,0.0,-0.363636,1.185185,-0.519481,0.277778,-0.298701,-0.037037,-0.116883,0.037037,-0.636364,1.055556,-0.727273,0.333333,-0.519481,0.018519,-0.350649,0.0,0,0,0.0,0.0,0.0,0.0,0.0,0.0,0.0,0.0,0.0,0.0,0.0,0.0,0.0,0.0,0.0,0.0,0.0,0.0,0.0,0.0,0.0,0.0,0.0,0.0,0.0,0.0,0.0,0.0,0.0,0.0,0.0,0.0,0.0,0.0,0.0,0.0,0.0,0.0,0.0,0.0,0.0,0.0,Z,14
0.0,0.0,0.3625,0.072727,0.6875,0.254545,0.5125,0.254545,0.2125,0.163636,0.3625,1.0,0.05,1.2,-0.1875,1.327273,-0.3875,1.563636,-0.0375,1.236364,-0.2125,0.381818,0.0,-0.054545,0.1875,0.018182,-0.375,1.2,-0.4875,0.290909,-0.2875,-0.018182,-0.1125,0.054545,-0.6375,1.054545,-0.7,0.309091,-0.4875,0.036364,-0.3375,0.018182,0,0,0.0,0.0,0.0,0.0,0.0,0.0,0.0,0.0,0.0,0.0,0.0,0.0,0.0,0.0,0.0,0.0,0.0,0.0,0.0,0.0,0.0,0.0,0.0,0.0,0.0,0.0,0.0,0.0,0.0,0.0,0.0,0.0,0.0,0.0,0.0,0.0,0.0,0.0,0.0,0.0,0.0,0.0,Z,14
0.0,0.0,0.371795,0.037037,0.717949,0.222222,0.538462,0.240741,0.230769,0.203704,0.358974,1.0,0.038462,1.222222,-0.205128,1.37037,-0.410256,1.611111,-0.025641,1.240741,-0.230769,0.425926,-0.012821,-0.037037,0.179487,0.018519,-0.371795,1.222222,-0.512821,0.333333,-0.307692,0.0,-0.128205,0.055556,-0.641026,1.092593,-0.730769,0.37037,-0.525641,0.055556,-0.358974,0.037037,0,0,0.0,0.0,0.0,0.0,0.0,0.0,0.0,0.0,0.0,0.0,0.0,0.0,0.0,0.0,0.0,0.0,0.0,0.0,0.0,0.0,0.0,0.0,0.0,0.0,0.0,0.0,0.0,0.0,0.0,0.0,0.0,0.0,0.0,0.0,0.0,0.0,0.0,0.0,0.0,0.0,0.0,0.0,Z,14
0.0,0.0,0.35443,0.056604,0.683544,0.207547,0.531646,0.188679,0.21519,0.113208,0.35443,1.0,0.025316,1.188679,-0.227848,1.339623,-0.43038,1.603774,-0.037975,1.226415,-0.227848,0.358491,-0.012658,-0.132075,0.177215,-0.037736,-0.379747,1.226415,-0.506329,0.283019,-0.303797,-0.075472,-0.139241,0.018868,-0.64557,1.09434,-0.721519,0.339623,-0.518987,0.0,-0.367089,0.0,0,0,0.0,0.0,0.0,0.0,0.0,0.0,0.0,0.0,0.0,0.0,0.0,0.0,0.0,0.0,0.0,0.0,0.0,0.0,0.0,0.0,0.0,0.0,0.0,0.0,0.0,0.0,0.0,0.0,0.0,0.0,0.0,0.0,0.0,0.0,0.0,0.0,0.0,0.0,0.0,0.0,0.0,0.0,Z,14
0.0,0.0,0.371795,0.037037,0.717949,0.203704,0.551282,0.222222,0.230769,0.185185,0.358974,1.0,0.051282,1.203704,-0.205128,1.351852,-0.410256,1.592593,-0.038462,1.240741,-0.230769,0.388889,-0.012821,-0.074074,0.179487,0.0,-0.371795,1.222222,-0.512821,0.314815,-0.307692,-0.037037,-0.128205,0.037037,-0.641026,1.092593,-0.717949,0.351852,-0.525641,0.037037,-0.358974,0.018519,0,0,0.0,0.0,0.0,0.0,0.0,0.0,0.0,0.0,0.0,0.0,0.0,0.0,0.0,0.0,0.0,0.0,0.0,0.0,0.0,0.0,0.0,0.0,0.0,0.0,0.0,0.0,0.0,0.0,0.0,0.0,0.0,0.0,0.0,0.0,0.0,0.0,0.0,0.0,0.0,0.0,0.0,0.0,Z,14
0.0,0.0,0.333333,0.037736,0.679487,0.207547,0.551282,0.188679,0.25641,0.150943,0.346154,1.0,0.012821,1.188679,-0.24359,1.339623,-0.435897,1.584906,-0.038462,1.207547,-0.24359,0.377358,-0.025641,-0.075472,0.179487,0.018868,-0.384615,1.169811,-0.512821,0.283019,-0.307692,-0.037736,-0.141026,0.056604,-0.653846,1.037736,-0.730769,0.320755,-0.538462,0.018868,-0.384615,0.056604,0,0,0.0,0.0,0.0,0.0,0.0,0.0,0.0,0.0,0.0,0.0,0.0,0.0,0.0,0.0,0.0,0.0,0.0,0.0,0.0,0.0,0.0,0.0,0.0,0.0,0.0,0.0,0.0,0.0,0.0,0.0,0.0,0.0,0.0,0.0,0.0,0.0,0.0,0.0,0.0,0.0,0.0,0.0,Z,14
0.0,0.0,0.341772,0.038462,0.670886,0.211538,0.506329,0.192308,0.202532,0.134615,0.341772,1.0,0.012658,1.192308,-0.240506,1.346154,-0.443038,1.596154,-0.037975,1.230769,-0.253165,0.365385,-0.025316,-0.096154,0.164557,0.0,-0.379747,1.211538,-0.518987,0.269231,-0.316456,-0.057692,-0.139241,0.019231,-0.658228,1.076923,-0.734177,0.307692,-0.531646,0.0,-0.367089,0.0,0,0,0.0,0.0,0.0,0.0,0.0,0.0,0.0,0.0,0.0,0.0,0.0,0.0,0.0,0.0,0.0,0.0,0.0,0.0,0.0,0.0,0.0,0.0,0.0,0.0,0.0,0.0,0.0,0.0,0.0,0.0,0.0,0.0,0.0,0.0,0.0,0.0,0.0,0.0,0.0,0.0,0.0,0.0,Z,14
0.0,0.0,0.333333,0.053571,0.692308,0.214286,0.551282,0.25,0.24359,0.214286,0.346154,1.0,0.025641,1.196429,-0.230769,1.321429,-0.435897,1.553571,-0.038462,1.232143,-0.230769,0.428571,-0.025641,-0.017857,0.166667,0.053571,-0.371795,1.196429,-0.512821,0.321429,-0.320513,0.0,-0.141026,0.089286,-0.653846,1.053571,-0.730769,0.357143,-0.551282,0.089286,-0.384615,0.107143,0,0,0.0,0.0,0.0,0.0,0.0,0.0,0.0,0.0,0.0,0.0,0.0,0.0,0.0,0.0,0.0,0.0,0.0,0.0,0.0,0.0,0.0,0.0,0.0,0.0,0.0,0.0,0.0,0.0,0.0,0.0,0.0,0.0,0.0,0.0,0.0,0.0,0.0,0.0,0.0,0.0,0.0,0.0,Z,14
0.0,0.0,0.329114,0.053571,0.670886,0.25,0.493671,0.25,0.202532,0.196429,0.329114,1.0,0.012658,1.196429,-0.240506,1.321429,-0.443038,1.553571,-0.063291,1.196429,-0.240506,0.410714,-0.037975,-0.035714,0.164557,0.035714,-0.392405,1.160714,-0.518987,0.321429,-0.329114,0.0,-0.151899,0.089286,-0.670886,1.035714,-0.746835,0.375,-0.544304,0.089286,-0.392405,0.089286,0,0,0.0,0.0,0.0,0.0,0.0,0.0,0.0,0.0,0.0,0.0,0.0,0.0,0.0,0.0,0.0,0.0,0.0,0.0,0.0,0.0,0.0,0.0,0.0,0.0,0.0,0.0,0.0,0.0,0.0,0.0,0.0,0.0,0.0,0.0,0.0,0.0,0.0,0.0,0.0,0.0,0.0,0.0,Z,14
0.0,0.0,0.341772,0.054545,0.670886,0.236364,0.506329,0.236364,0.189873,0.163636,0.341772,1.0,0.012658,1.181818,-0.240506,1.309091,-0.443038,1.545455,-0.050633,1.2,-0.240506,0.4,-0.012658,-0.072727,0.177215,0.018182,-0.379747,1.163636,-0.506329,0.290909,-0.303797,-0.036364,-0.139241,0.054545,-0.658228,1.036364,-0.721519,0.327273,-0.531646,0.036364,-0.367089,0.054545,0,0,0.0,0.0,0.0,0.0,0.0,0.0,0.0,0.0,0.0,0.0,0.0,0.0,0.0,0.0,0.0,0.0,0.0,0.0,0.0,0.0,0.0,0.0,0.0,0.0,0.0,0.0,0.0,0.0,0.0,0.0,0.0,0.0,0.0,0.0,0.0,0.0,0.0,0.0,0.0,0.0,0.0,0.0,Z,14
0.0,0.0,0.358974,0.019231,0.717949,0.192308,0.538462,0.192308,0.217949,0.134615,0.358974,1.0,0.038462,1.211538,-0.217949,1.346154,-0.435897,1.615385,-0.025641,1.25,-0.230769,0.346154,-0.012821,-0.134615,0.179487,-0.057692,-0.358974,1.230769,-0.5,0.269231,-0.307692,-0.076923,-0.128205,0.0,-0.641026,1.096154,-0.730769,0.326923,-0.525641,0.0,-0.358974,0.0,0,0,0.0,0.0,0.0,0.0,0.0,0.0,0.0,0.0,0.0,0.0,0.0,0.0,0.0,0.0,0.0,0.0,0.0,0.0,0.0,0.0,0.0,0.0,0.0,0.0,0.0,0.0,0.0,0.0,0.0,0.0,0.0,0.0,0.0,0.0,0.0,0.0,0.0,0.0,0.0,0.0,0.0,0.0,Z,14
0.0,0.0,0.371795,0.037037,0.717949,0.185185,0.576923,0.203704,0.25641,0.12963,0.371795,1.0,0.038462,1.166667,-0.217949,1.314815,-0.410256,1.574074,-0.025641,1.222222,-0.24359,0.37037,-0.025641,-0.074074,0.166667,0.0,-0.358974,1.185185,-0.512821,0.296296,-0.307692,-0.037037,-0.128205,0.037037,-0.628205,1.037037,-0.717949,0.333333,-0.512821,0.018519,-0.346154,0.0,0,0,0.0,0.0,0.0,0.0,0.0,0.0,0.0,0.0,0.0,0.0,0.0,0.0,0.0,0.0,0.0,0.0,0.0,0.0,0.0,0.0,0.0,0.0,0.0,0.0,0.0,0.0,0.0,0.0,0.0,0.0,0.0,0.0,0.0,0.0,0.0,0.0,0.0,0.0,0.0,0.0,0.0,0.0,Z,14
0.0,0.0,0.358974,0.054545,0.705128,0.218182,0.551282,0.2,0.25641,0.127273,0.358974,1.0,0.025641,1.163636,-0.217949,1.309091,-0.410256,1.545455,-0.038462,1.2,-0.230769,0.381818,-0.012821,-0.054545,0.179487,0.018182,-0.371795,1.163636,-0.512821,0.290909,-0.307692,-0.036364,-0.128205,0.036364,-0.641026,1.018182,-0.730769,0.309091,-0.525641,0.018182,-0.358974,0.018182,0,0,0.0,0.0,0.0,0.0,0.0,0.0,0.0,0.0,0.0,0.0,0.0,0.0,0.0,0.0,0.0,0.0,0.0,0.0,0.0,0.0,0.0,0.0,0.0,0.0,0.0,0.0,0.0,0.0,0.0,0.0,0.0,0.0,0.0,0.0,0.0,0.0,0.0,0.0,0.0,0.0,0.0,0.0,Z,14
0.0,0.0,0.35443,0.055556,0.670886,0.240741,0.493671,0.222222,0.202532,0.148148,0.341772,1.0,0.0,1.166667,-0.240506,1.296296,-0.43038,1.555556,-0.050633,1.203704,-0.265823,0.37037,-0.037975,-0.074074,0.151899,0.018519,-0.392405,1.185185,-0.531646,0.296296,-0.316456,-0.037037,-0.139241,0.055556,-0.658228,1.037037,-0.734177,0.333333,-0.544304,0.055556,-0.379747,0.037037,0,0,0.0,0.0,0.0,0.0,0.0,0.0,0.0,0.0,0.0,0.0,0.0,0.0,0.0,0.0,0.0,0.0,0.0,0.0,0.0,0.0,0.0,0.0,0.0,0.0,0.0,0.0,0.0,0.0,0.0,0.0,0.0,0.0,0.0,0.0,0.0,0.0,0.0,0.0,0.0,0.0,0.0,0.0,Z,14
0.0,0.0,0.341772,0.04,0.658228,0.22,0.481013,0.18,0.164557,0.1,0.341772,1.0,0.012658,1.2,-0.240506,1.36,-0.443038,1.64,-0.063291,1.26,-0.253165,0.34,-0.037975,-0.16,0.164557,-0.06,-0.392405,1.24,-0.518987,0.24,-0.316456,-0.12,-0.139241,-0.02,-0.658228,1.1,-0.734177,0.28,-0.544304,-0.06,-0.379747,-0.02,0,0,0.0,0.0,0.0,0.0,0.0,0.0,0.0,0.0,0.0,0.0,0.0,0.0,0.0,0.0,0.0,0.0,0.0,0.0,0.0,0.0,0.0,0.0,0.0,0.0,0.0,0.0,0.0,0.0,0.0,0.0,0.0,0.0,0.0,0.0,0.0,0.0,0.0,0.0,0.0,0.0,0.0,0.0,Z,14
0.0,0.0,0.346154,0.037736,0.717949,0.169811,0.589744,0.169811,0.294872,0.132075,0.384615,1.0,0.089744,1.188679,-0.179487,1.320755,-0.384615,1.54717,0.0,1.226415,-0.192308,0.358491,0.012821,-0.113208,0.217949,-0.018868,-0.333333,1.188679,-0.474359,0.245283,-0.282051,-0.09434,-0.115385,0.0,-0.615385,1.037736,-0.692308,0.264151,-0.5,-0.037736,-0.346154,-0.018868,0,0,0.0,0.0,0.0,0.0,0.0,0.0,0.0,0.0,0.0,0.0,0.0,0.0,0.0,0.0,0.0,0.0,0.0,0.0,0.0,0.0,0.0,0.0,0.0,0.0,0.0,0.0,0.0,0.0,0.0,0.0,0.0,0.0,0.0,0.0,0.0,0.0,0.0,0.0,0.0,0.0,0.0,0.0,Z,14
0.0,0.0,0.350649,0.019231,0.714286,0.153846,0.571429,0.173077,0.272727,0.134615,0.376623,1.0,0.051948,1.211538,-0.207792,1.365385,-0.415584,1.596154,0.0,1.230769,-0.220779,0.365385,0.0,-0.096154,0.207792,-0.038462,-0.337662,1.211538,-0.506494,0.269231,-0.298701,-0.076923,-0.116883,0.0,-0.623377,1.076923,-0.714286,0.307692,-0.519481,0.0,-0.363636,-0.019231,0,0,0.0,0.0,0.0,0.0,0.0,0.0,0.0,0.0,0.0,0.0,0.0,0.0,0.0,0.0,0.0,0.0,0.0,0.0,0.0,0.0,0.0,0.0,0.0,0.0,0.0,0.0,0.0,0.0,0.0,0.0,0.0,0.0,0.0,0.0,0.0,0.0,0.0,0.0,0.0,0.0,0.0,0.0,Z,14
0.0,0.0,0.371795,0.019231,0.717949,0.192308,0.551282,0.211538,0.24359,0.134615,0.384615,1.0,0.051282,1.211538,-0.192308,1.365385,-0.397436,1.615385,-0.012821,1.25,-0.230769,0.365385,-0.012821,-0.057692,0.179487,0.0,-0.346154,1.230769,-0.5,0.25,-0.294872,-0.057692,-0.115385,0.019231,-0.615385,1.096154,-0.705128,0.307692,-0.5,0.019231,-0.346154,0.019231,0,0,0.0,0.0,0.0,0.0,0.0,0.0,0.0,0.0,0.0,0.0,0.0,0.0,0.0,0.0,0.0,0.0,0.0,0.0,0.0,0.0,0.0,0.0,0.0,0.0,0.0,0.0,0.0,0.0,0.0,0.0,0.0,0.0,0.0,0.0,0.0,0.0,0.0,0.0,0.0,0.0,0.0,0.0,Z,14
0.0,0.0,0.371795,0.038462,0.717949,0.211538,0.564103,0.211538,0.25641,0.115385,0.384615,1.0,0.051282,1.192308,-0.192308,1.346154,-0.397436,1.615385,0.0,1.25,-0.230769,0.384615,-0.012821,-0.076923,0.179487,0.0,-0.346154,1.230769,-0.512821,0.269231,-0.294872,-0.057692,-0.115385,0.019231,-0.615385,1.096154,-0.705128,0.326923,-0.512821,0.0,-0.346154,-0.019231,0,0,0.0,0.0,0.0,0.0,0.0,0.0,0.0,0.0,0.0,0.0,0.0,0.0,0.0,0.0,0.0,0.0,0.0,0.0,0.0,0.0,0.0,0.0,0.0,0.0,0.0,0.0,0.0,0.0,0.0,0.0,0.0,0.0,0.0,0.0,0.0,0.0,0.0,0.0,0.0,0.0,0.0,0.0,Z,14
0.0,0.0,0.367089,0.038462,0.708861,0.211538,0.556962,0.211538,0.253165,0.115385,0.379747,1.0,0.050633,1.192308,-0.189873,1.346154,-0.392405,1.596154,0.0,1.25,-0.240506,0.365385,-0.012658,-0.076923,0.177215,0.0,-0.341772,1.230769,-0.506329,0.269231,-0.291139,-0.057692,-0.113924,0.019231,-0.620253,1.096154,-0.708861,0.326923,-0.506329,0.019231,-0.35443,0.0,0,0,0.0,0.0,0.0,0.0,0.0,0.0,0.0,0.0,0.0,0.0,0.0,0.0,0.0,0.0,0.0,0.0,0.0,0.0,0.0,0.0,0.0,0.0,0.0,0.0,0.0,0.0,0.0,0.0,0.0,0.0,0.0,0.0,0.0,0.0,0.0,0.0,0.0,0.0,0.0,0.0,0.0,0.0,Z,14
0.0,0.0,0.337662,0.018868,0.688312,0.207547,0.545455,0.226415,0.246753,0.150943,0.350649,1.0,0.025974,1.207547,-0.220779,1.358491,-0.428571,1.584906,-0.038961,1.207547,-0.233766,0.415094,-0.012987,-0.037736,0.181818,0.018868,-0.363636,1.188679,-0.506494,0.264151,-0.298701,-0.037736,-0.142857,0.037736,-0.649351,1.037736,-0.727273,0.301887,-0.532468,0.018868,-0.38961,0.056604,0,0,0.0,0.0,0.0,0.0,0.0,0.0,0.0,0.0,0.0,0.0,0.0,0.0,0.0,0.0,0.0,0.0,0.0,0.0,0.0,0.0,0.0,0.0,0.0,0.0,0.0,0.0,0.0,0.0,0.0,0.0,0.0,0.0,0.0,0.0,0.0,0.0,0.0,0.0,0.0,0.0,0.0,0.0,Z,14
0.0,0.0,0.329114,0.02,0.670886,0.16,0.531646,0.14,0.227848,0.08,0.367089,1.0,0.063291,1.2,-0.189873,1.34,-0.392405,1.6,-0.025316,1.22,-0.202532,0.38,0.012658,-0.16,0.21519,-0.08,-0.35443,1.18,-0.481013,0.24,-0.278481,-0.14,-0.101266,-0.04,-0.632911,1.04,-0.696203,0.24,-0.506329,-0.08,-0.341772,-0.06,0,0,0.0,0.0,0.0,0.0,0.0,0.0,0.0,0.0,0.0,0.0,0.0,0.0,0.0,0.0,0.0,0.0,0.0,0.0,0.0,0.0,0.0,0.0,0.0,0.0,0.0,0.0,0.0,0.0,0.0,0.0,0.0,0.0,0.0,0.0,0.0,0.0,0.0,0.0,0.0,0.0,0.0,0.0,Z,14
0.0,0.0,0.333333,0.019231,0.692308,0.173077,0.564103,0.192308,0.25641,0.153846,0.371795,1.0,0.064103,1.211538,-0.192308,1.346154,-0.397436,1.576923,-0.012821,1.192308,-0.192308,0.403846,0.012821,-0.076923,0.205128,0.0,-0.346154,1.153846,-0.474359,0.288462,-0.282051,-0.076923,-0.115385,0.0,-0.628205,1.019231,-0.717949,0.288462,-0.512821,-0.019231,-0.358974,-0.019231,0,0,0.0,0.0,0.0,0.0,0.0,0.0,0.0,0.0,0.0,0.0,0.0,0.0,0.0,0.0,0.0,0.0,0.0,0.0,0.0,0.0,0.0,0.0,0.0,0.0,0.0,0.0,0.0,0.0,0.0,0.0,0.0,0.0,0.0,0.0,0.0,0.0,0.0,0.0,0.0,0.0,0.0,0.0,Z,14
0.0,0.0,0.325,0.038462,0.6875,0.192308,0.5625,0.192308,0.2625,0.115385,0.3875,1.0,0.075,1.192308,-0.175,1.346154,-0.3625,1.596154,0.0,1.230769,-0.1875,0.384615,0.025,-0.096154,0.225,-0.038462,-0.325,1.192308,-0.4625,0.269231,-0.2625,-0.076923,-0.0875,-0.019231,-0.6125,1.057692,-0.6875,0.307692,-0.5,-0.019231,-0.3375,-0.038462,0,0,0.0,0.0,0.0,0.0,0.0,0.0,0.0,0.0,0.0,0.0,0.0,0.0,0.0,0.0,0.0,0.0,0.0,0.0,0.0,0.0,0.0,0.0,0.0,0.0,0.0,0.0,0.0,0.0,0.0,0.0,0.0,0.0,0.0,0.0,0.0,0.0,0.0,0.0,0.0,0.0,0.0,0.0,Z,14
0.0,0.0,0.350649,0.019231,0.688312,0.211538,0.532468,0.211538,0.233766,0.153846,0.350649,1.0,0.012987,1.192308,-0.233766,1.346154,-0.428571,1.596154,-0.038961,1.230769,-0.246753,0.346154,-0.012987,-0.096154,0.181818,0.0,-0.376623,1.211538,-0.519481,0.230769,-0.311688,-0.076923,-0.12987,0.019231,-0.649351,1.076923,-0.74026,0.307692,-0.545455,0.0,-0.402597,0.0,0,0,0.0,0.0,0.0,0.0,0.0,0.0,0.0,0.0,0.0,0.0,0.0,0.0,0.0,0.0,0.0,0.0,0.0,0.0,0.0,0.0,0.0,0.0,0.0,0.0,0.0,0.0,0.0,0.0,0.0,0.0,0.0,0.0,0.0,0.0,0.0,0.0,0.0,0.0,0.0,0.0,0.0,0.0,Z,14
0.0,0.0,0.346154,0.038462,0.666667,0.230769,0.5,0.211538,0.192308,0.153846,0.333333,1.0,0.012821,1.211538,-0.230769,1.346154,-0.435897,1.596154,-0.064103,1.230769,-0.24359,0.384615,-0.025641,-0.076923,0.179487,-0.019231,-0.397436,1.192308,-0.525641,0.288462,-0.320513,-0.076923,-0.141026,0.019231,-0.666667,1.038462,-0.74359,0.288462,-0.538462,-0.019231,-0.371795,0.0,0,0,0.0,0.0,0.0,0.0,0.0,0.0,0.0,0.0,0.0,0.0,0.0,0.0,0.0,0.0,0.0,0.0,0.0,0.0,0.0,0.0,0.0,0.0,0.0,0.0,0.0,0.0,0.0,0.0,0.0,0.0,0.0,0.0,0.0,0.0,0.0,0.0,0.0,0.0,0.0,0.0,0.0,0.0,Z,14
0.0,0.0,0.388889,0.149425,0.722222,0.436782,0.847222,0.724138,0.75,0.988506,0.527778,1.0,0.708333,1.37931,0.791667,1.632184,0.805556,1.873563,0.166667,1.022989,0.416667,1.149425,0.416667,0.724138,0.333333,0.655172,-0.152778,0.965517,0.055556,1.045977,0.111111,0.62069,0.027778,0.586207,-0.472222,0.827586,-0.277778,0.885057,-0.138889,0.597701,-0.208333,0.528736,0,0,0.0,0.0,0.0,0.0,0.0,0.0,0.0,0.0,0.0,0.0,0.0,0.0,0.0,0.0,0.0,0.0,0.0,0.0,0.0,0.0,0.0,0.0,0.0,0.0,0.0,0.0,0.0,0.0,0.0,0.0,0.0,0.0,0.0,0.0,0.0,0.0,0.0,0.0,0.0,0.0,0.0,0.0,Z,15
0.0,0.0,0.430556,0.157303,0.777778,0.438202,0.916667,0.741573,0.777778,0.977528,0.555556,1.0,0.736111,1.370787,0.805556,1.629213,0.833333,1.853933,0.194444,1.0,0.458333,1.157303,0.472222,0.730337,0.361111,0.640449,-0.125,0.932584,0.111111,1.033708,0.152778,0.640449,0.041667,0.573034,-0.444444,0.808989,-0.222222,0.88764,-0.097222,0.617978,-0.152778,0.52809,0,0,0.0,0.0,0.0,0.0,0.0,0.0,0.0,0.0,0.0,0.0,0.0,0.0,0.0,0.0,0.0,0.0,0.0,0.0,0.0,0.0,0.0,0.0,0.0,0.0,0.0,0.0,0.0,0.0,0.0,0.0,0.0,0.0,0.0,0.0,0.0,0.0,0.0,0.0,0.0,0.0,0.0,0.0,Z,15
0.0,0.0,0.444444,0.166667,0.791667,0.444444,0.930556,0.733333,0.763889,0.977778,0.569444,1.0,0.736111,1.355556,0.819444,1.611111,0.847222,1.833333,0.208333,1.011111,0.472222,1.144444,0.472222,0.722222,0.375,0.633333,-0.111111,0.944444,0.111111,1.022222,0.152778,0.633333,0.055556,0.577778,-0.430556,0.811111,-0.208333,0.877778,-0.083333,0.6,-0.152778,0.522222,0,0,0.0,0.0,0.0,0.0,0.0,0.0,0.0,0.0,0.0,0.0,0.0,0.0,0.0,0.0,0.0,0.0,0.0,0.0,0.0,0.0,0.0,0.0,0.0,0.0,0.0,0.0,0.0,0.0,0.0,0.0,0.0,0.0,0.0,0.0,0.0,0.0,0.0,0.0,0.0,0.0,0.0,0.0,Z,15
0.0,0.0,0.444444,0.155556,0.791667,0.433333,0.916667,0.722222,0.777778,0.966667,0.569444,1.0,0.75,1.355556,0.819444,1.611111,0.833333,1.833333,0.208333,1.0,0.472222,1.144444,0.472222,0.722222,0.375,0.633333,-0.111111,0.933333,0.111111,1.022222,0.166667,0.633333,0.055556,0.566667,-0.430556,0.811111,-0.208333,0.888889,-0.083333,0.6,-0.138889,0.511111,0,0,0.0,0.0,0.0,0.0,0.0,0.0,0.0,0.0,0.0,0.0,0.0,0.0,0.0,0.0,0.0,0.0,0.0,0.0,0.0,0.0,0.0,0.0,0.0,0.0,0.0,0.0,0.0,0.0,0.0,0.0,0.0,0.0,0.0,0.0,0.0,0.0,0.0,0.0,0.0,0.0,0.0,0.0,Z,15
0.0,0.0,0.444444,0.166667,0.791667,0.444444,0.930556,0.733333,0.777778,0.966667,0.569444,1.0,0.75,1.355556,0.819444,1.6,0.847222,1.833333,0.208333,1.011111,0.472222,1.144444,0.472222,0.722222,0.375,0.622222,-0.111111,0.944444,0.111111,1.022222,0.166667,0.633333,0.069444,0.555556,-0.430556,0.811111,-0.208333,0.877778,-0.083333,0.6,-0.138889,0.511111,0,0,0.0,0.0,0.0,0.0,0.0,0.0,0.0,0.0,0.0,0.0,0.0,0.0,0.0,0.0,0.0,0.0,0.0,0.0,0.0,0.0,0.0,0.0,0.0,0.0,0.0,0.0,0.0,0.0,0.0,0.0,0.0,0.0,0.0,0.0,0.0,0.0,0.0,0.0,0.0,0.0,0.0,0.0,Z,15
0.0,0.0,0.444444,0.155556,0.791667,0.444444,0.930556,0.733333,0.777778,0.966667,0.569444,1.0,0.75,1.355556,0.819444,1.6,0.847222,1.833333,0.208333,1.011111,0.472222,1.144444,0.472222,0.722222,0.375,0.622222,-0.111111,0.944444,0.111111,1.022222,0.166667,0.633333,0.069444,0.555556,-0.430556,0.811111,-0.208333,0.888889,-0.083333,0.6,-0.138889,0.511111,0,0,0.0,0.0,0.0,0.0,0.0,0.0,0.0,0.0,0.0,0.0,0.0,0.0,0.0,0.0,0.0,0.0,0.0,0.0,0.0,0.0,0.0,0.0,0.0,0.0,0.0,0.0,0.0,0.0,0.0,0.0,0.0,0.0,0.0,0.0,0.0,0.0,0.0,0.0,0.0,0.0,0.0,0.0,Z,15
0.0,0.0,0.438356,0.157303,0.780822,0.438202,0.90411,0.730337,0.780822,0.977528,0.561644,1.0,0.739726,1.359551,0.808219,1.617978,0.821918,1.842697,0.205479,1.011236,0.452055,1.134831,0.465753,0.707865,0.369863,0.629213,-0.123288,0.94382,0.109589,1.011236,0.150685,0.617978,0.054795,0.561798,-0.438356,0.808989,-0.205479,0.876404,-0.082192,0.595506,-0.150685,0.505618,0,0,0.0,0.0,0.0,0.0,0.0,0.0,0.0,0.0,0.0,0.0,0.0,0.0,0.0,0.0,0.0,0.0,0.0,0.0,0.0,0.0,0.0,0.0,0.0,0.0,0.0,0.0,0.0,0.0,0.0,0.0,0.0,0.0,0.0,0.0,0.0,0.0,0.0,0.0,0.0,0.0,0.0,0.0,Z,15
0.0,0.0,0.444444,0.146067,0.805556,0.438202,0.930556,0.741573,0.777778,0.966292,0.555556,1.0,0.75,1.359551,0.819444,1.606742,0.833333,1.842697,0.194444,1.011236,0.458333,1.134831,0.472222,0.707865,0.361111,0.629213,-0.125,0.94382,0.111111,1.011236,0.166667,0.617978,0.055556,0.561798,-0.444444,0.820225,-0.208333,0.876404,-0.083333,0.595506,-0.138889,0.505618,0,0,0.0,0.0,0.0,0.0,0.0,0.0,0.0,0.0,0.0,0.0,0.0,0.0,0.0,0.0,0.0,0.0,0.0,0.0,0.0,0.0,0.0,0.0,0.0,0.0,0.0,0.0,0.0,0.0,0.0,0.0,0.0,0.0,0.0,0.0,0.0,0.0,0.0,0.0,0.0,0.0,0.0,0.0,Z,15
0.0,0.0,0.444444,0.155556,0.805556,0.433333,0.930556,0.722222,0.777778,0.955556,0.555556,1.0,0.75,1.344444,0.819444,1.588889,0.847222,1.822222,0.194444,1.011111,0.458333,1.122222,0.472222,0.7,0.361111,0.622222,-0.125,0.933333,0.111111,1.0,0.166667,0.611111,0.055556,0.555556,-0.444444,0.811111,-0.208333,0.866667,-0.083333,0.588889,-0.138889,0.5,0,0,0.0,0.0,0.0,0.0,0.0,0.0,0.0,0.0,0.0,0.0,0.0,0.0,0.0,0.0,0.0,0.0,0.0,0.0,0.0,0.0,0.0,0.0,0.0,0.0,0.0,0.0,0.0,0.0,0.0,0.0,0.0,0.0,0.0,0.0,0.0,0.0,0.0,0.0,0.0,0.0,0.0,0.0,Z,15
0.0,0.0,0.432432,0.155556,0.783784,0.433333,0.918919,0.722222,0.77027,0.955556,0.567568,1.0,0.743243,1.355556,0.810811,1.6,0.824324,1.822222,0.202703,1.011111,0.472973,1.122222,0.472973,0.7,0.364865,0.622222,-0.108108,0.944444,0.121622,1.0,0.162162,0.611111,0.054054,0.566667,-0.432432,0.811111,-0.216216,0.866667,-0.081081,0.588889,-0.135135,0.511111,0,0,0.0,0.0,0.0,0.0,0.0,0.0,0.0,0.0,0.0,0.0,0.0,0.0,0.0,0.0,0.0,0.0,0.0,0.0,0.0,0.0,0.0,0.0,0.0,0.0,0.0,0.0,0.0,0.0,0.0,0.0,0.0,0.0,0.0,0.0,0.0,0.0,0.0,0.0,0.0,0.0,0.0,0.0,Z,15
0.0,0.0,0.452055,0.155556,0.794521,0.433333,0.917808,0.733333,0.780822,0.977778,0.561644,1.0,0.739726,1.355556,0.821918,1.6,0.835616,1.833333,0.205479,1.011111,0.479452,1.122222,0.465753,0.7,0.356164,0.622222,-0.123288,0.944444,0.123288,0.988889,0.164384,0.6,0.054795,0.555556,-0.438356,0.811111,-0.205479,0.866667,-0.082192,0.588889,-0.150685,0.511111,0,0,0.0,0.0,0.0,0.0,0.0,0.0,0.0,0.0,0.0,0.0,0.0,0.0,0.0,0.0,0.0,0.0,0.0,0.0,0.0,0.0,0.0,0.0,0.0,0.0,0.0,0.0,0.0,0.0,0.0,0.0,0.0,0.0,0.0,0.0,0.0,0.0,0.0,0.0,0.0,0.0,0.0,0.0,Z,15
0.0,0.0,0.391892,0.153846,0.743243,0.43956,0.864865,0.725275,0.72973,0.956044,0.513514,1.0,0.675676,1.362637,0.743243,1.604396,0.756757,1.835165,0.162162,1.010989,0.418919,1.131868,0.418919,0.714286,0.324324,0.659341,-0.162162,0.934066,0.067568,1.010989,0.121622,0.626374,0.027027,0.593407,-0.486486,0.802198,-0.283784,0.857143,-0.148649,0.582418,-0.189189,0.516484,0,0,0.0,0.0,0.0,0.0,0.0,0.0,0.0,0.0,0.0,0.0,0.0,0.0,0.0,0.0,0.0,0.0,0.0,0.0,0.0,0.0,0.0,0.0,0.0,0.0,0.0,0.0,0.0,0.0,0.0,0.0,0.0,0.0,0.0,0.0,0.0,0.0,0.0,0.0,0.0,0.0,0.0,0.0,Z,15
0.0,0.0,0.410959,0.153846,0.767123,0.43956,0.890411,0.725275,0.739726,0.934066,0.520548,1.0,0.69863,1.351648,0.767123,1.604396,0.794521,1.824176,0.164384,1.0,0.424658,1.120879,0.424658,0.714286,0.315068,0.626374,-0.150685,0.923077,0.068493,1.0,0.123288,0.626374,0.013699,0.571429,-0.479452,0.78022,-0.260274,0.857143,-0.123288,0.593407,-0.164384,0.505495,0,0,0.0,0.0,0.0,0.0,0.0,0.0,0.0,0.0,0.0,0.0,0.0,0.0,0.0,0.0,0.0,0.0,0.0,0.0,0.0,0.0,0.0,0.0,0.0,0.0,0.0,0.0,0.0,0.0,0.0,0.0,0.0,0.0,0.0,0.0,0.0,0.0,0.0,0.0,0.0,0.0,0.0,0.0,Z,15
0.0,0.0,0.355263,0.172043,0.684211,0.44086,0.776316,0.72043,0.644737,0.924731,0.486842,1.0,0.605263,1.354839,0.657895,1.612903,0.644737,1.827957,0.131579,1.0,0.328947,1.129032,0.342105,0.72043,0.263158,0.645161,-0.197368,0.924731,0.0,0.967742,0.065789,0.612903,-0.013158,0.569892,-0.513158,0.774194,-0.342105,0.817204,-0.184211,0.55914,-0.210526,0.494624,0,0,0.0,0.0,0.0,0.0,0.0,0.0,0.0,0.0,0.0,0.0,0.0,0.0,0.0,0.0,0.0,0.0,0.0,0.0,0.0,0.0,0.0,0.0,0.0,0.0,0.0,0.0,0.0,0.0,0.0,0.0,0.0,0.0,0.0,0.0,0.0,0.0,0.0,0.0,0.0,0.0,0.0,0.0,Z,15
0.0,0.0,0.424658,0.153846,0.753425,0.43956,0.849315,0.725275,0.69863,0.923077,0.493151,1.0,0.630137,1.384615,0.684932,1.637363,0.69863,1.879121,0.136986,0.989011,0.356164,1.087912,0.369863,0.703297,0.287671,0.637363,-0.191781,0.912088,0.0,0.967033,0.068493,0.615385,0.0,0.56044,-0.506849,0.78022,-0.328767,0.835165,-0.178082,0.582418,-0.191781,0.505495,0,0,0.0,0.0,0.0,0.0,0.0,0.0,0.0,0.0,0.0,0.0,0.0,0.0,0.0,0.0,0.0,0.0,0.0,0.0,0.0,0.0,0.0,0.0,0.0,0.0,0.0,0.0,0.0,0.0,0.0,0.0,0.0,0.0,0.0,0.0,0.0,0.0,0.0,0.0,0.0,0.0,0.0,0.0,Z,15
0.0,0.0,0.394737,0.153846,0.723684,0.43956,0.815789,0.725275,0.671053,0.945055,0.5,1.0,0.618421,1.395604,0.657895,1.648352,0.657895,1.879121,0.157895,1.0,0.342105,1.076923,0.355263,0.681319,0.263158,0.648352,-0.171053,0.934066,0.0,0.978022,0.065789,0.615385,0.0,0.582418,-0.5,0.813187,-0.315789,0.835165,-0.184211,0.582418,-0.210526,0.516484,0,0,0.0,0.0,0.0,0.0,0.0,0.0,0.0,0.0,0.0,0.0,0.0,0.0,0.0,0.0,0.0,0.0,0.0,0.0,0.0,0.0,0.0,0.0,0.0,0.0,0.0,0.0,0.0,0.0,0.0,0.0,0.0,0.0,0.0,0.0,0.0,0.0,0.0,0.0,0.0,0.0,0.0,0.0,Z,15
0.0,0.0,0.378378,0.1875,0.716216,0.46875,0.77027,0.75,0.540541,0.958333,0.432432,1.0,0.527027,1.354167,0.527027,1.604167,0.5,1.8125,0.081081,0.979167,0.22973,1.114583,0.283784,0.71875,0.22973,0.666667,-0.243243,0.895833,-0.121622,0.958333,-0.013514,0.604167,-0.081081,0.583333,-0.567568,0.75,-0.445946,0.791667,-0.283784,0.5625,-0.324324,0.510417,0,0,0.0,0.0,0.0,0.0,0.0,0.0,0.0,0.0,0.0,0.0,0.0,0.0,0.0,0.0,0.0,0.0,0.0,0.0,0.0,0.0,0.0,0.0,0.0,0.0,0.0,0.0,0.0,0.0,0.0,0.0,0.0,0.0,0.0,0.0,0.0,0.0,0.0,0.0,0.0,0.0,0.0,0.0,Z,15
0.0,0.0,0.416667,0.168421,0.75,0.463158,0.805556,0.747368,0.597222,0.947368,0.416667,1.0,0.5,1.378947,0.527778,1.621053,0.513889,1.852632,0.055556,0.957895,0.208333,1.094737,0.263889,0.705263,0.208333,0.663158,-0.263889,0.863158,-0.138889,0.957895,-0.041667,0.610526,-0.097222,0.578947,-0.583333,0.736842,-0.472222,0.8,-0.305556,0.568421,-0.319444,0.505263,0,0,0.0,0.0,0.0,0.0,0.0,0.0,0.0,0.0,0.0,0.0,0.0,0.0,0.0,0.0,0.0,0.0,0.0,0.0,0.0,0.0,0.0,0.0,0.0,0.0,0.0,0.0,0.0,0.0,0.0,0.0,0.0,0.0,0.0,0.0,0.0,0.0,0.0,0.0,0.0,0.0,0.0,0.0,Z,15
0.0,0.0,0.414286,0.157895,0.742857,0.452632,0.814286,0.736842,0.614286,0.947368,0.414286,1.0,0.514286,1.378947,0.542857,1.621053,0.528571,1.852632,0.057143,0.957895,0.214286,1.094737,0.285714,0.705263,0.228571,0.663158,-0.271429,0.863158,-0.142857,0.957895,-0.028571,0.610526,-0.085714,0.578947,-0.585714,0.736842,-0.485714,0.8,-0.314286,0.557895,-0.314286,0.494737,0,0,0.0,0.0,0.0,0.0,0.0,0.0,0.0,0.0,0.0,0.0,0.0,0.0,0.0,0.0,0.0,0.0,0.0,0.0,0.0,0.0,0.0,0.0,0.0,0.0,0.0,0.0,0.0,0.0,0.0,0.0,0.0,0.0,0.0,0.0,0.0,0.0,0.0,0.0,0.0,0.0,0.0,0.0,Z,15
0.0,0.0,0.351351,0.195876,0.635135,0.484536,0.675676,0.762887,0.405405,0.948454,0.324324,1.0,0.337838,1.402062,0.297297,1.659794,0.216216,1.886598,-0.040541,0.938144,0.054054,1.092784,0.135135,0.701031,0.108108,0.639175,-0.351351,0.835052,-0.297297,0.938144,-0.162162,0.597938,-0.189189,0.56701,-0.675676,0.680412,-0.608108,0.742268,-0.418919,0.515464,-0.391892,0.463918,0,0,0.0,0.0,0.0,0.0,0.0,0.0,0.0,0.0,0.0,0.0,0.0,0.0,0.0,0.0,0.0,0.0,0.0,0.0,0.0,0.0,0.0,0.0,0.0,0.0,0.0,0.0,0.0,0.0,0.0,0.0,0.0,0.0,0.0,0.0,0.0,0.0,0.0,0.0,0.0,0.0,0.0,0.0,Z,15
0.0,0.0,0.369863,0.185567,0.671233,0.484536,0.671233,0.762887,0.410959,0.948454,0.315068,1.0,0.328767,1.381443,0.287671,1.649485,0.232877,1.886598,-0.041096,0.927835,0.041096,1.092784,0.136986,0.701031,0.123288,0.639175,-0.356164,0.814433,-0.30137,0.938144,-0.164384,0.597938,-0.178082,0.556701,-0.684932,0.659794,-0.630137,0.762887,-0.438356,0.536082,-0.410959,0.463918,0,0,0.0,0.0,0.0,0.0,0.0,0.0,0.0,0.0,0.0,0.0,0.0,0.0,0.0,0.0,0.0,0.0,0.0,0.0,0.0,0.0,0.0,0.0,0.0,0.0,0.0,0.0,0.0,0.0,0.0,0.0,0.0,0.0,0.0,0.0,0.0,0.0,0.0,0.0,0.0,0.0,0.0,0.0,Z,15
0.0,0.0,0.356164,0.2,0.630137,0.49,0.60274,0.78,0.30137,0.94,0.315068,1.0,0.260274,1.38,0.150685,1.62,0.027397,1.84,-0.041096,0.91,-0.054795,1.09,0.054795,0.7,0.09589,0.65,-0.369863,0.8,-0.410959,0.94,-0.246575,0.59,-0.191781,0.55,-0.684932,0.66,-0.739726,0.76,-0.520548,0.54,-0.424658,0.46,0,0,0.0,0.0,0.0,0.0,0.0,0.0,0.0,0.0,0.0,0.0,0.0,0.0,0.0,0.0,0.0,0.0,0.0,0.0,0.0,0.0,0.0,0.0,0.0,0.0,0.0,0.0,0.0,0.0,0.0,0.0,0.0,0.0,0.0,0.0,0.0,0.0,0.0,0.0,0.0,0.0,0.0,0.0,Z,15
0.0,0.0,0.356164,0.20202,0.643836,0.494949,0.630137,0.787879,0.30137,0.969697,0.287671,1.0,0.232877,1.393939,0.136986,1.636364,0.013699,1.868687,-0.068493,0.919192,-0.068493,1.111111,0.054795,0.717172,0.082192,0.666667,-0.383562,0.808081,-0.424658,0.969697,-0.232877,0.616162,-0.191781,0.565657,-0.712329,0.666667,-0.753425,0.787879,-0.520548,0.555556,-0.424658,0.474747,0,0,0.0,0.0,0.0,0.0,0.0,0.0,0.0,0.0,0.0,0.0,0.0,0.0,0.0,0.0,0.0,0.0,0.0,0.0,0.0,0.0,0.0,0.0,0.0,0.0,0.0,0.0,0.0,0.0,0.0,0.0,0.0,0.0,0.0,0.0,0.0,0.0,0.0,0.0,0.0,0.0,0.0,0.0,Z,15
0.0,0.0,0.366197,0.205882,0.633803,0.490196,0.56338,0.77451,0.239437,0.931373,0.253521,1.0,0.15493,1.372549,0.0,1.617647,-0.140845,1.823529,-0.112676,0.901961,-0.126761,1.068627,-0.014085,0.705882,0.028169,0.656863,-0.43662,0.794118,-0.492958,0.931373,-0.309859,0.617647,-0.253521,0.578431,-0.746479,0.637255,-0.802817,0.735294,-0.577465,0.539216,-0.464789,0.460784,0,0,0.0,0.0,0.0,0.0,0.0,0.0,0.0,0.0,0.0,0.0,0.0,0.0,0.0,0.0,0.0,0.0,0.0,0.0,0.0,0.0,0.0,0.0,0.0,0.0,0.0,0.0,0.0,0.0,0.0,0.0,0.0,0.0,0.0,0.0,0.0,0.0,0.0,0.0,0.0,0.0,0.0,0.0,Z,15
0.0,0.0,0.356164,0.207921,0.630137,0.50495,0.575342,0.792079,0.232877,0.940594,0.219178,1.0,0.109589,1.376238,-0.013699,1.613861,-0.150685,1.821782,-0.136986,0.910891,-0.150685,1.079208,0.0,0.70297,0.027397,0.643564,-0.465753,0.792079,-0.506849,0.930693,-0.315068,0.60396,-0.260274,0.554455,-0.780822,0.653465,-0.808219,0.752475,-0.575342,0.534653,-0.479452,0.455446,0,0,0.0,0.0,0.0,0.0,0.0,0.0,0.0,0.0,0.0,0.0,0.0,0.0,0.0,0.0,0.0,0.0,0.0,0.0,0.0,0.0,0.0,0.0,0.0,0.0,0.0,0.0,0.0,0.0,0.0,0.0,0.0,0.0,0.0,0.0,0.0,0.0,0.0,0.0,0.0,0.0,0.0,0.0,Z,15
0.0,0.0,0.361111,0.19802,0.638889,0.50495,0.597222,0.792079,0.25,0.940594,0.236111,1.0,0.125,1.376238,-0.013889,1.613861,-0.138889,1.821782,-0.125,0.910891,-0.152778,1.089109,0.0,0.70297,0.041667,0.643564,-0.444444,0.80198,-0.5,0.930693,-0.305556,0.60396,-0.236111,0.554455,-0.763889,0.653465,-0.805556,0.752475,-0.583333,0.534653,-0.472222,0.465347,0,0,0.0,0.0,0.0,0.0,0.0,0.0,0.0,0.0,0.0,0.0,0.0,0.0,0.0,0.0,0.0,0.0,0.0,0.0,0.0,0.0,0.0,0.0,0.0,0.0,0.0,0.0,0.0,0.0,0.0,0.0,0.0,0.0,0.0,0.0,0.0,0.0,0.0,0.0,0.0,0.0,0.0,0.0,Z,15
0.0,0.0,0.347826,0.194175,0.594203,0.485437,0.550725,0.757282,0.188406,0.912621,0.188406,1.0,0.072464,1.349515,-0.086957,1.592233,-0.26087,1.796117,-0.173913,0.893204,-0.202899,1.048544,-0.057971,0.68932,-0.028986,0.660194,-0.507246,0.76699,-0.57971,0.902913,-0.376812,0.601942,-0.333333,0.582524,-0.811594,0.61165,-0.869565,0.718447,-0.637681,0.514563,-0.550725,0.456311,0,0,0.0,0.0,0.0,0.0,0.0,0.0,0.0,0.0,0.0,0.0,0.0,0.0,0.0,0.0,0.0,0.0,0.0,0.0,0.0,0.0,0.0,0.0,0.0,0.0,0.0,0.0,0.0,0.0,0.0,0.0,0.0,0.0,0.0,0.0,0.0,0.0,0.0,0.0,0.0,0.0,0.0,0.0,Z,15
0.0,0.0,0.342857,0.205882,0.6,0.509804,0.542857,0.794118,0.185714,0.931373,0.171429,1.0,0.042857,1.362745,-0.114286,1.598039,-0.271429,1.803922,-0.2,0.901961,-0.228571,1.068627,-0.071429,0.705882,-0.028571,0.647059,-0.514286,0.784314,-0.571429,0.911765,-0.371429,0.598039,-0.314286,0.54902,-0.828571,0.627451,-0.885714,0.735294,-0.657143,0.529412,-0.557143,0.45098,0,0,0.0,0.0,0.0,0.0,0.0,0.0,0.0,0.0,0.0,0.0,0.0,0.0,0.0,0.0,0.0,0.0,0.0,0.0,0.0,0.0,0.0,0.0,0.0,0.0,0.0,0.0,0.0,0.0,0.0,0.0,0.0,0.0,0.0,0.0,0.0,0.0,0.0,0.0,0.0,0.0,0.0,0.0,Z,15
0.0,0.0,0.376812,0.19802,0.637681,0.50495,0.594203,0.80198,0.246377,0.970297,0.202899,1.0,0.057971,1.376238,-0.101449,1.60396,-0.26087,1.831683,-0.15942,0.90099,-0.202899,1.039604,-0.028986,0.663366,0.014493,0.623762,-0.478261,0.792079,-0.565217,0.920792,-0.347826,0.584158,-0.26087,0.554455,-0.797101,0.653465,-0.884058,0.752475,-0.623188,0.544554,-0.492754,0.465347,0,0,0.0,0.0,0.0,0.0,0.0,0.0,0.0,0.0,0.0,0.0,0.0,0.0,0.0,0.0,0.0,0.0,0.0,0.0,0.0,0.0,0.0,0.0,0.0,0.0,0.0,0.0,0.0,0.0,0.0,0.0,0.0,0.0,0.0,0.0,0.0,0.0,0.0,0.0,0.0,0.0,0.0,0.0,Z,15
0.0,0.0,0.347222,0.191919,0.625,0.505051,0.597222,0.808081,0.25,0.959596,0.194444,1.0,0.069444,1.383838,-0.097222,1.606061,-0.263889,1.838384,-0.166667,0.909091,-0.208333,1.030303,-0.027778,0.646465,0.027778,0.626263,-0.486111,0.808081,-0.583333,0.909091,-0.361111,0.575758,-0.277778,0.555556,-0.805556,0.676768,-0.888889,0.737374,-0.652778,0.515152,-0.527778,0.444444,0,0,0.0,0.0,0.0,0.0,0.0,0.0,0.0,0.0,0.0,0.0,0.0,0.0,0.0,0.0,0.0,0.0,0.0,0.0,0.0,0.0,0.0,0.0,0.0,0.0,0.0,0.0,0.0,0.0,0.0,0.0,0.0,0.0,0.0,0.0,0.0,0.0,0.0,0.0,0.0,0.0,0.0,0.0,Z,15
0.0,0.0,0.356164,0.191919,0.630137,0.505051,0.60274,0.808081,0.260274,0.959596,0.205479,1.0,0.068493,1.383838,-0.082192,1.606061,-0.232877,1.838384,-0.136986,0.909091,-0.178082,1.030303,-0.013699,0.646465,0.041096,0.616162,-0.465753,0.808081,-0.547945,0.919192,-0.328767,0.575758,-0.246575,0.545455,-0.794521,0.676768,-0.849315,0.757576,-0.616438,0.535354,-0.493151,0.454545,0,0,0.0,0.0,0.0,0.0,0.0,0.0,0.0,0.0,0.0,0.0,0.0,0.0,0.0,0.0,0.0,0.0,0.0,0.0,0.0,0.0,0.0,0.0,0.0,0.0,0.0,0.0,0.0,0.0,0.0,0.0,0.0,0.0,0.0,0.0,0.0,0.0,0.0,0.0,0.0,0.0,0.0,0.0,Z,15
0.0,0.0,0.347222,0.19802,0.611111,0.485149,0.583333,0.772277,0.277778,0.960396,0.236111,1.0,0.125,1.346535,-0.013889,1.594059,-0.152778,1.80198,-0.125,0.940594,-0.138889,1.009901,0.013889,0.633663,0.069444,0.584158,-0.444444,0.831683,-0.5,0.881188,-0.305556,0.564356,-0.222222,0.524752,-0.763889,0.683168,-0.805556,0.732673,-0.569444,0.514851,-0.472222,0.445545,0,0,0.0,0.0,0.0,0.0,0.0,0.0,0.0,0.0,0.0,0.0,0.0,0.0,0.0,0.0,0.0,0.0,0.0,0.0,0.0,0.0,0.0,0.0,0.0,0.0,0.0,0.0,0.0,0.0,0.0,0.0,0.0,0.0,0.0,0.0,0.0,0.0,0.0,0.0,0.0,0.0,0.0,0.0,Z,15
0.0,0.0,0.333333,0.161616,0.626667,0.454545,0.586667,0.757576,0.293333,0.939394,0.24,1.0,0.133333,1.363636,0.0,1.59596,-0.146667,1.818182,-0.12,0.959596,-0.146667,0.989899,0.013333,0.616162,0.066667,0.585859,-0.44,0.858586,-0.493333,0.858586,-0.293333,0.535354,-0.2,0.515152,-0.76,0.727273,-0.813333,0.727273,-0.586667,0.505051,-0.466667,0.444444,0,0,0.0,0.0,0.0,0.0,0.0,0.0,0.0,0.0,0.0,0.0,0.0,0.0,0.0,0.0,0.0,0.0,0.0,0.0,0.0,0.0,0.0,0.0,0.0,0.0,0.0,0.0,0.0,0.0,0.0,0.0,0.0,0.0,0.0,0.0,0.0,0.0,0.0,0.0,0.0,0.0,0.0,0.0,Z,15
0.0,0.0,0.317073,0.163462,0.597561,0.394231,0.609756,0.653846,0.378049,0.817308,0.329268,1.0,0.268293,1.269231,0.146341,1.509615,0.02439,1.692308,-0.04878,1.038462,0.0,0.913462,0.073171,0.567308,0.109756,0.519231,-0.365854,0.942308,-0.341463,0.769231,-0.207317,0.5,-0.158537,0.480769,-0.670732,0.788462,-0.634146,0.634615,-0.463415,0.432692,-0.378049,0.413462,0,0,0.0,0.0,0.0,0.0,0.0,0.0,0.0,0.0,0.0,0.0,0.0,0.0,0.0,0.0,0.0,0.0,0.0,0.0,0.0,0.0,0.0,0.0,0.0,0.0,0.0,0.0,0.0,0.0,0.0,0.0,0.0,0.0,0.0,0.0,0.0,0.0,0.0,0.0,0.0,0.0,0.0,0.0,Z,15
0.0,0.0,0.320988,0.156863,0.62963,0.401961,0.604938,0.666667,0.358025,0.823529,0.296296,1.0,0.234568,1.294118,0.111111,1.519608,0.012346,1.715686,-0.074074,1.029412,0.024691,0.911765,0.098765,0.54902,0.111111,0.490196,-0.407407,0.931373,-0.296296,0.77451,-0.197531,0.490196,-0.160494,0.460784,-0.703704,0.77451,-0.617284,0.647059,-0.444444,0.45098,-0.395062,0.401961,0,0,0.0,0.0,0.0,0.0,0.0,0.0,0.0,0.0,0.0,0.0,0.0,0.0,0.0,0.0,0.0,0.0,0.0,0.0,0.0,0.0,0.0,0.0,0.0,0.0,0.0,0.0,0.0,0.0,0.0,0.0,0.0,0.0,0.0,0.0,0.0,0.0,0.0,0.0,0.0,0.0,0.0,0.0,Z,15
0.0,0.0,0.317073,0.138614,0.609756,0.39604,0.597561,0.653465,0.341463,0.821782,0.292683,1.0,0.219512,1.287129,0.109756,1.524752,0.012195,1.722772,-0.073171,1.029703,0.02439,0.90099,0.097561,0.544554,0.121951,0.475248,-0.402439,0.930693,-0.304878,0.772277,-0.195122,0.485149,-0.158537,0.445545,-0.707317,0.762376,-0.621951,0.643564,-0.45122,0.435644,-0.378049,0.39604,0,0,0.0,0.0,0.0,0.0,0.0,0.0,0.0,0.0,0.0,0.0,0.0,0.0,0.0,0.0,0.0,0.0,0.0,0.0,0.0,0.0,0.0,0.0,0.0,0.0,0.0,0.0,0.0,0.0,0.0,0.0,0.0,0.0,0.0,0.0,0.0,0.0,0.0,0.0,0.0,0.0,0.0,0.0,Z,15
0.0,0.0,0.321429,0.156863,0.630952,0.382353,0.654762,0.627451,0.428571,0.794118,0.369048,1.0,0.321429,1.254902,0.22619,1.480392,0.130952,1.666667,-0.011905,1.058824,0.047619,0.892157,0.107143,0.54902,0.142857,0.5,-0.333333,0.970588,-0.285714,0.754902,-0.178571,0.480392,-0.107143,0.470588,-0.630952,0.823529,-0.583333,0.627451,-0.428571,0.431373,-0.345238,0.421569,0,0,0.0,0.0,0.0,0.0,0.0,0.0,0.0,0.0,0.0,0.0,0.0,0.0,0.0,0.0,0.0,0.0,0.0,0.0,0.0,0.0,0.0,0.0,0.0,0.0,0.0,0.0,0.0,0.0,0.0,0.0,0.0,0.0,0.0,0.0,0.0,0.0,0.0,0.0,0.0,0.0,0.0,0.0,Z,15
0.0,0.0,0.321429,0.141414,0.654762,0.383838,0.654762,0.616162,0.440476,0.787879,0.357143,1.0,0.309524,1.272727,0.214286,1.505051,0.119048,1.69697,-0.011905,1.060606,0.083333,0.89899,0.142857,0.545455,0.154762,0.474747,-0.345238,0.969697,-0.238095,0.757576,-0.142857,0.474747,-0.095238,0.444444,-0.642857,0.818182,-0.547619,0.626263,-0.392857,0.414141,-0.321429,0.393939,0,0,0.0,0.0,0.0,0.0,0.0,0.0,0.0,0.0,0.0,0.0,0.0,0.0,0.0,0.0,0.0,0.0,0.0,0.0,0.0,0.0,0.0,0.0,0.0,0.0,0.0,0.0,0.0,0.0,0.0,0.0,0.0,0.0,0.0,0.0,0.0,0.0,0.0,0.0,0.0,0.0,0.0,0.0,Z,15
0.0,0.0,0.348837,0.13,0.662791,0.35,0.72093,0.6,0.511628,0.77,0.406977,1.0,0.395349,1.24,0.325581,1.46,0.255814,1.65,0.034884,1.07,0.151163,0.89,0.186047,0.55,0.209302,0.47,-0.290698,0.98,-0.162791,0.73,-0.081395,0.47,-0.046512,0.44,-0.593023,0.82,-0.476744,0.61,-0.337209,0.41,-0.267442,0.39,0,0,0.0,0.0,0.0,0.0,0.0,0.0,0.0,0.0,0.0,0.0,0.0,0.0,0.0,0.0,0.0,0.0,0.0,0.0,0.0,0.0,0.0,0.0,0.0,0.0,0.0,0.0,0.0,0.0,0.0,0.0,0.0,0.0,0.0,0.0,0.0,0.0,0.0,0.0,0.0,0.0,0.0,0.0,Z,15
0.0,0.0,0.341176,0.123711,0.670588,0.350515,0.717647,0.597938,0.505882,0.762887,0.4,1.0,0.376471,1.268041,0.317647,1.494845,0.270588,1.680412,0.035294,1.061856,0.152941,0.876289,0.2,0.515464,0.211765,0.43299,-0.294118,0.979381,-0.164706,0.731959,-0.082353,0.453608,-0.047059,0.412371,-0.6,0.824742,-0.470588,0.608247,-0.317647,0.391753,-0.247059,0.371134,0,0,0.0,0.0,0.0,0.0,0.0,0.0,0.0,0.0,0.0,0.0,0.0,0.0,0.0,0.0,0.0,0.0,0.0,0.0,0.0,0.0,0.0,0.0,0.0,0.0,0.0,0.0,0.0,0.0,0.0,0.0,0.0,0.0,0.0,0.0,0.0,0.0,0.0,0.0,0.0,0.0,0.0,0.0,Z,15
0.0,0.0,0.345238,0.123711,0.666667,0.350515,0.72619,0.587629,0.52381,0.762887,0.404762,1.0,0.380952,1.257732,0.333333,1.484536,0.285714,1.680412,0.035714,1.061856,0.154762,0.876289,0.202381,0.515464,0.202381,0.43299,-0.285714,0.979381,-0.166667,0.731959,-0.083333,0.453608,-0.047619,0.42268,-0.595238,0.824742,-0.47619,0.597938,-0.321429,0.391753,-0.25,0.371134,0,0,0.0,0.0,0.0,0.0,0.0,0.0,0.0,0.0,0.0,0.0,0.0,0.0,0.0,0.0,0.0,0.0,0.0,0.0,0.0,0.0,0.0,0.0,0.0,0.0,0.0,0.0,0.0,0.0,0.0,0.0,0.0,0.0,0.0,0.0,0.0,0.0,0.0,0.0,0.0,0.0,0.0,0.0,Z,15
0.0,0.0,0.345238,0.123711,0.666667,0.350515,0.72619,0.587629,0.52381,0.762887,0.404762,1.0,0.380952,1.257732,0.333333,1.494845,0.285714,1.680412,0.035714,1.072165,0.154762,0.876289,0.202381,0.515464,0.202381,0.43299,-0.285714,0.979381,-0.154762,0.731959,-0.083333,0.453608,-0.059524,0.42268,-0.595238,0.824742,-0.47619,0.597938,-0.321429,0.391753,-0.25,0.371134,0,0,0.0,0.0,0.0,0.0,0.0,0.0,0.0,0.0,0.0,0.0,0.0,0.0,0.0,0.0,0.0,0.0,0.0,0.0,0.0,0.0,0.0,0.0,0.0,0.0,0.0,0.0,0.0,0.0,0.0,0.0,0.0,0.0,0.0,0.0,0.0,0.0,0.0,0.0,0.0,0.0,0.0,0.0,Z,15
0.0,0.0,0.367816,0.106383,0.724138,0.308511,0.862069,0.489362,0.793103,0.670213,0.574713,1.0,0.689655,1.223404,0.712644,1.414894,0.735632,1.617021,0.218391,1.117021,0.436782,0.829787,0.402299,0.478723,0.356322,0.393617,-0.114943,1.042553,0.103448,0.659574,0.126437,0.382979,0.114943,0.382979,-0.425287,0.882979,-0.241379,0.574468,-0.137931,0.340426,-0.08046,0.319149,0,0,0.0,0.0,0.0,0.0,0.0,0.0,0.0,0.0,0.0,0.0,0.0,0.0,0.0,0.0,0.0,0.0,0.0,0.0,0.0,0.0,0.0,0.0,0.0,0.0,0.0,0.0,0.0,0.0,0.0,0.0,0.0,0.0,0.0,0.0,0.0,0.0,0.0,0.0,0.0,0.0,0.0,0.0,Z,15
0.0,0.0,0.360465,0.10989,0.697674,0.296703,0.837209,0.483516,0.755814,0.648352,0.523256,1.0,0.616279,1.230769,0.651163,1.43956,0.674419,1.637363,0.174419,1.131868,0.360465,0.824176,0.348837,0.472527,0.313953,0.373626,-0.174419,1.054945,0.034884,0.67033,0.069767,0.395604,0.069767,0.340659,-0.476744,0.89011,-0.302326,0.593407,-0.186047,0.362637,-0.127907,0.318681,0,0,0.0,0.0,0.0,0.0,0.0,0.0,0.0,0.0,0.0,0.0,0.0,0.0,0.0,0.0,0.0,0.0,0.0,0.0,0.0,0.0,0.0,0.0,0.0,0.0,0.0,0.0,0.0,0.0,0.0,0.0,0.0,0.0,0.0,0.0,0.0,0.0,0.0,0.0,0.0,0.0,0.0,0.0,Z,15
0.0,0.0,0.352941,0.098901,0.682353,0.285714,0.835294,0.483516,0.752941,0.648352,0.529412,1.0,0.623529,1.230769,0.647059,1.43956,0.682353,1.648352,0.176471,1.120879,0.352941,0.824176,0.329412,0.461538,0.294118,0.362637,-0.164706,1.043956,0.047059,0.659341,0.058824,0.384615,0.058824,0.340659,-0.470588,0.879121,-0.294118,0.571429,-0.188235,0.340659,-0.129412,0.307692,0,0,0.0,0.0,0.0,0.0,0.0,0.0,0.0,0.0,0.0,0.0,0.0,0.0,0.0,0.0,0.0,0.0,0.0,0.0,0.0,0.0,0.0,0.0,0.0,0.0,0.0,0.0,0.0,0.0,0.0,0.0,0.0,0.0,0.0,0.0,0.0,0.0,0.0,0.0,0.0,0.0,0.0,0.0,Z,15
0.0,0.0,0.390244,0.088889,0.768293,0.266667,0.95122,0.466667,0.878049,0.6,0.609756,1.0,0.768293,1.211111,0.865854,1.388889,0.939024,1.577778,0.256098,1.122222,0.512195,0.777778,0.487805,0.411111,0.426829,0.333333,-0.085366,1.044444,0.182927,0.6,0.195122,0.322222,0.182927,0.322222,-0.390244,0.877778,-0.182927,0.511111,-0.109756,0.277778,-0.085366,0.277778,0,0,0.0,0.0,0.0,0.0,0.0,0.0,0.0,0.0,0.0,0.0,0.0,0.0,0.0,0.0,0.0,0.0,0.0,0.0,0.0,0.0,0.0,0.0,0.0,0.0,0.0,0.0,0.0,0.0,0.0,0.0,0.0,0.0,0.0,0.0,0.0,0.0,0.0,0.0,0.0,0.0,0.0,0.0,Z,15
0.0,0.0,0.376471,0.090909,0.729412,0.272727,0.894118,0.443182,0.811765,0.568182,0.576471,1.0,0.717647,1.227273,0.8,1.420455,0.870588,1.613636,0.235294,1.136364,0.458824,0.772727,0.435294,0.397727,0.376471,0.295455,-0.105882,1.056818,0.129412,0.590909,0.129412,0.318182,0.105882,0.318182,-0.423529,0.875,-0.223529,0.511364,-0.141176,0.284091,-0.117647,0.272727,0,0,0.0,0.0,0.0,0.0,0.0,0.0,0.0,0.0,0.0,0.0,0.0,0.0,0.0,0.0,0.0,0.0,0.0,0.0,0.0,0.0,0.0,0.0,0.0,0.0,0.0,0.0,0.0,0.0,0.0,0.0,0.0,0.0,0.0,0.0,0.0,0.0,0.0,0.0,0.0,0.0,0.0,0.0,Z,15
0.0,0.0,0.373494,0.068182,0.771084,0.25,0.975904,0.431818,0.891566,0.568182,0.662651,1.0,0.86747,1.181818,0.987952,1.340909,1.096386,1.534091,0.313253,1.147727,0.614458,0.715909,0.53012,0.352273,0.445783,0.295455,-0.024096,1.079545,0.26506,0.568182,0.228916,0.306818,0.192771,0.329545,-0.337349,0.909091,-0.13253,0.511364,-0.060241,0.284091,-0.036145,0.261364,0,0,0.0,0.0,0.0,0.0,0.0,0.0,0.0,0.0,0.0,0.0,0.0,0.0,0.0,0.0,0.0,0.0,0.0,0.0,0.0,0.0,0.0,0.0,0.0,0.0,0.0,0.0,0.0,0.0,0.0,0.0,0.0,0.0,0.0,0.0,0.0,0.0,0.0,0.0,0.0,0.0,0.0,0.0,Z,15
0.0,0.0,0.409639,0.079545,0.795181,0.261364,1.012048,0.431818,0.939759,0.522727,0.698795,1.0,0.903614,1.170455,1.012048,1.352273,1.120482,1.522727,0.361446,1.147727,0.638554,0.727273,0.554217,0.363636,0.457831,0.295455,0.024096,1.079545,0.289157,0.556818,0.240964,0.295455,0.192771,0.318182,-0.301205,0.909091,-0.084337,0.477273,-0.024096,0.25,-0.012048,0.261364,0,0,0.0,0.0,0.0,0.0,0.0,0.0,0.0,0.0,0.0,0.0,0.0,0.0,0.0,0.0,0.0,0.0,0.0,0.0,0.0,0.0,0.0,0.0,0.0,0.0,0.0,0.0,0.0,0.0,0.0,0.0,0.0,0.0,0.0,0.0,0.0,0.0,0.0,0.0,0.0,0.0,0.0,0.0,Z,15
0.0,0.0,0.395062,0.08046,0.790123,0.241379,1.012346,0.402299,0.962963,0.528736,0.691358,1.0,0.91358,1.149425,1.061728,1.287356,1.197531,1.45977,0.358025,1.16092,0.666667,0.701149,0.580247,0.344828,0.469136,0.275862,0.012346,1.091954,0.296296,0.54023,0.259259,0.275862,0.197531,0.287356,-0.308642,0.908046,-0.08642,0.482759,-0.037037,0.252874,-0.037037,0.241379,0,0,0.0,0.0,0.0,0.0,0.0,0.0,0.0,0.0,0.0,0.0,0.0,0.0,0.0,0.0,0.0,0.0,0.0,0.0,0.0,0.0,0.0,0.0,0.0,0.0,0.0,0.0,0.0,0.0,0.0,0.0,0.0,0.0,0.0,0.0,0.0,0.0,0.0,0.0,0.0,0.0,0.0,0.0,Z,15
0.0,0.0,0.390244,0.059524,0.768293,0.214286,1.0,0.357143,0.97561,0.5,0.707317,1.0,0.926829,1.154762,1.073171,1.309524,1.207317,1.47619,0.378049,1.166667,0.670732,0.714286,0.573171,0.357143,0.463415,0.27381,0.036585,1.107143,0.304878,0.52381,0.243902,0.261905,0.182927,0.285714,-0.292683,0.916667,-0.085366,0.452381,-0.036585,0.22619,-0.04878,0.238095,0,0,0.0,0.0,0.0,0.0,0.0,0.0,0.0,0.0,0.0,0.0,0.0,0.0,0.0,0.0,0.0,0.0,0.0,0.0,0.0,0.0,0.0,0.0,0.0,0.0,0.0,0.0,0.0,0.0,0.0,0.0,0.0,0.0,0.0,0.0,0.0,0.0,0.0,0.0,0.0,0.0,0.0,0.0,Z,15
0.0,0.0,0.390244,0.072289,0.756098,0.216867,0.97561,0.361446,0.963415,0.506024,0.695122,1.0,0.914634,1.156627,1.073171,1.313253,1.219512,1.481928,0.365854,1.180723,0.646341,0.686747,0.54878,0.313253,0.439024,0.253012,0.02439,1.120482,0.280488,0.506024,0.219512,0.253012,0.158537,0.289157,-0.304878,0.927711,-0.097561,0.445783,-0.060976,0.228916,-0.085366,0.253012,0,0,0.0,0.0,0.0,0.0,0.0,0.0,0.0,0.0,0.0,0.0,0.0,0.0,0.0,0.0,0.0,0.0,0.0,0.0,0.0,0.0,0.0,0.0,0.0,0.0,0.0,0.0,0.0,0.0,0.0,0.0,0.0,0.0,0.0,0.0,0.0,0.0,0.0,0.0,0.0,0.0,0.0,0.0,Z,15
0.0,0.0,0.382716,0.060976,0.765432,0.219512,0.987654,0.353659,0.975309,0.5,0.703704,1.0,0.925926,1.158537,1.08642,1.317073,1.234568,1.487805,0.37037,1.170732,0.654321,0.682927,0.555556,0.317073,0.432099,0.256098,0.024691,1.109756,0.296296,0.5,0.234568,0.243902,0.160494,0.280488,-0.296296,0.914634,-0.098765,0.45122,-0.049383,0.219512,-0.061728,0.243902,0,0,0.0,0.0,0.0,0.0,0.0,0.0,0.0,0.0,0.0,0.0,0.0,0.0,0.0,0.0,0.0,0.0,0.0,0.0,0.0,0.0,0.0,0.0,0.0,0.0,0.0,0.0,0.0,0.0,0.0,0.0,0.0,0.0,0.0,0.0,0.0,0.0,0.0,0.0,0.0,0.0,0.0,0.0,Z,15
0.0,0.0,0.382716,0.060976,0.753086,0.219512,0.975309,0.353659,0.975309,0.5,0.703704,1.0,0.925926,1.158537,1.08642,1.317073,1.234568,1.487805,0.37037,1.170732,0.654321,0.682927,0.555556,0.317073,0.432099,0.256098,0.024691,1.109756,0.296296,0.5,0.222222,0.243902,0.160494,0.280488,-0.296296,0.926829,-0.098765,0.45122,-0.049383,0.231707,-0.061728,0.243902,0,0,0.0,0.0,0.0,0.0,0.0,0.0,0.0,0.0,0.0,0.0,0.0,0.0,0.0,0.0,0.0,0.0,0.0,0.0,0.0,0.0,0.0,0.0,0.0,0.0,0.0,0.0,0.0,0.0,0.0,0.0,0.0,0.0,0.0,0.0,0.0,0.0,0.0,0.0,0.0,0.0,0.0,0.0,Z,15
0.0,0.0,0.349398,0.072289,0.722892,0.240964,0.939759,0.409639,0.891566,0.506024,0.674699,1.0,0.843373,1.168675,0.975904,1.325301,1.096386,1.506024,0.337349,1.180723,0.614458,0.698795,0.53012,0.337349,0.421687,0.289157,0.0,1.108434,0.240964,0.542169,0.192771,0.277108,0.13253,0.337349,-0.325301,0.915663,-0.144578,0.457831,-0.108434,0.240964,-0.13253,0.277108,0,0,0.0,0.0,0.0,0.0,0.0,0.0,0.0,0.0,0.0,0.0,0.0,0.0,0.0,0.0,0.0,0.0,0.0,0.0,0.0,0.0,0.0,0.0,0.0,0.0,0.0,0.0,0.0,0.0,0.0,0.0,0.0,0.0,0.0,0.0,0.0,0.0,0.0,0.0,0.0,0.0,0.0,0.0,Z,15
0.0,0.0,0.373494,0.060976,0.771084,0.219512,0.987952,0.390244,0.927711,0.5,0.698795,1.0,0.891566,1.170732,1.036145,1.341463,1.156627,1.512195,0.373494,1.170732,0.638554,0.695122,0.542169,0.329268,0.409639,0.280488,0.024096,1.109756,0.277108,0.512195,0.216867,0.268293,0.144578,0.317073,-0.301205,0.926829,-0.108434,0.439024,-0.072289,0.219512,-0.084337,0.243902,0,0,0.0,0.0,0.0,0.0,0.0,0.0,0.0,0.0,0.0,0.0,0.0,0.0,0.0,0.0,0.0,0.0,0.0,0.0,0.0,0.0,0.0,0.0,0.0,0.0,0.0,0.0,0.0,0.0,0.0,0.0,0.0,0.0,0.0,0.0,0.0,0.0,0.0,0.0,0.0,0.0,0.0,0.0,Z,15
0.0,0.0,0.329412,0.049383,0.694118,0.209877,0.894118,0.37037,0.823529,0.506173,0.635294,1.0,0.776471,1.17284,0.858824,1.358025,0.952941,1.567901,0.305882,1.185185,0.505882,0.679012,0.435294,0.308642,0.352941,0.234568,-0.035294,1.111111,0.164706,0.506173,0.129412,0.246914,0.094118,0.271605,-0.364706,0.925926,-0.2,0.45679,-0.152941,0.222222,-0.141176,0.222222,0,0,0.0,0.0,0.0,0.0,0.0,0.0,0.0,0.0,0.0,0.0,0.0,0.0,0.0,0.0,0.0,0.0,0.0,0.0,0.0,0.0,0.0,0.0,0.0,0.0,0.0,0.0,0.0,0.0,0.0,0.0,0.0,0.0,0.0,0.0,0.0,0.0,0.0,0.0,0.0,0.0,0.0,0.0,Z,15
0.0,0.0,0.352941,0.060976,0.717647,0.219512,0.917647,0.378049,0.847059,0.52439,0.647059,1.0,0.788235,1.195122,0.858824,1.378049,0.929412,1.573171,0.317647,1.182927,0.529412,0.695122,0.458824,0.329268,0.364706,0.256098,-0.023529,1.121951,0.164706,0.52439,0.129412,0.268293,0.082353,0.304878,-0.352941,0.939024,-0.211765,0.45122,-0.152941,0.219512,-0.129412,0.231707,0,0,0.0,0.0,0.0,0.0,0.0,0.0,0.0,0.0,0.0,0.0,0.0,0.0,0.0,0.0,0.0,0.0,0.0,0.0,0.0,0.0,0.0,0.0,0.0,0.0,0.0,0.0,0.0,0.0,0.0,0.0,0.0,0.0,0.0,0.0,0.0,0.0,0.0,0.0,0.0,0.0,0.0,0.0,Z,15
0.0,0.0,0.348837,0.060241,0.709302,0.228916,0.895349,0.385542,0.825581,0.53012,0.639535,1.0,0.77907,1.192771,0.848837,1.373494,0.918605,1.566265,0.302326,1.180723,0.511628,0.698795,0.44186,0.337349,0.348837,0.26506,-0.046512,1.120482,0.151163,0.518072,0.116279,0.277108,0.069767,0.301205,-0.360465,0.939759,-0.22093,0.445783,-0.162791,0.216867,-0.139535,0.228916,0,0,0.0,0.0,0.0,0.0,0.0,0.0,0.0,0.0,0.0,0.0,0.0,0.0,0.0,0.0,0.0,0.0,0.0,0.0,0.0,0.0,0.0,0.0,0.0,0.0,0.0,0.0,0.0,0.0,0.0,0.0,0.0,0.0,0.0,0.0,0.0,0.0,0.0,0.0,0.0,0.0,0.0,0.0,Z,15
0.0,0.0,0.329545,0.05,0.681818,0.1875,0.863636,0.3625,0.772727,0.5,0.613636,1.0,0.715909,1.1875,0.75,1.3625,0.795455,1.5875,0.272727,1.1875,0.443182,0.6625,0.386364,0.2875,0.318182,0.2375,-0.079545,1.1125,0.113636,0.4875,0.102273,0.2125,0.079545,0.2625,-0.386364,0.9125,-0.238636,0.4375,-0.170455,0.2,-0.147727,0.225,0,0,0.0,0.0,0.0,0.0,0.0,0.0,0.0,0.0,0.0,0.0,0.0,0.0,0.0,0.0,0.0,0.0,0.0,0.0,0.0,0.0,0.0,0.0,0.0,0.0,0.0,0.0,0.0,0.0,0.0,0.0,0.0,0.0,0.0,0.0,0.0,0.0,0.0,0.0,0.0,0.0,0.0,0.0,Z,15
0.0,0.0,0.318182,0.072289,0.670455,0.240964,0.840909,0.39759,0.75,0.53012,0.590909,1.0,0.693182,1.192771,0.715909,1.373494,0.75,1.578313,0.25,1.192771,0.431818,0.710843,0.386364,0.337349,0.329545,0.277108,-0.090909,1.120482,0.079545,0.542169,0.079545,0.277108,0.068182,0.301205,-0.409091,0.939759,-0.272727,0.457831,-0.193182,0.228916,-0.170455,0.228916,0,0,0.0,0.0,0.0,0.0,0.0,0.0,0.0,0.0,0.0,0.0,0.0,0.0,0.0,0.0,0.0,0.0,0.0,0.0,0.0,0.0,0.0,0.0,0.0,0.0,0.0,0.0,0.0,0.0,0.0,0.0,0.0,0.0,0.0,0.0,0.0,0.0,0.0,0.0,0.0,0.0,0.0,0.0,Z,15
0.0,0.0,0.318182,0.082353,0.670455,0.247059,0.840909,0.411765,0.761364,0.529412,0.590909,1.0,0.681818,1.176471,0.704545,1.364706,0.738636,1.564706,0.25,1.188235,0.431818,0.717647,0.375,0.352941,0.318182,0.294118,-0.090909,1.117647,0.090909,0.552941,0.079545,0.294118,0.056818,0.329412,-0.409091,0.941176,-0.261364,0.470588,-0.181818,0.247059,-0.170455,0.258824,0,0,0.0,0.0,0.0,0.0,0.0,0.0,0.0,0.0,0.0,0.0,0.0,0.0,0.0,0.0,0.0,0.0,0.0,0.0,0.0,0.0,0.0,0.0,0.0,0.0,0.0,0.0,0.0,0.0,0.0,0.0,0.0,0.0,0.0,0.0,0.0,0.0,0.0,0.0,0.0,0.0,0.0,0.0,Z,15
0.0,0.0,0.311111,0.071429,0.644444,0.22619,0.811111,0.404762,0.711111,0.535714,0.577778,1.0,0.644444,1.190476,0.655556,1.357143,0.666667,1.559524,0.233333,1.178571,0.388889,0.654762,0.333333,0.285714,0.266667,0.25,-0.111111,1.107143,0.055556,0.47619,0.044444,0.238095,0.033333,0.297619,-0.422222,0.916667,-0.288889,0.440476,-0.222222,0.22619,-0.2,0.261905,0,0,0.0,0.0,0.0,0.0,0.0,0.0,0.0,0.0,0.0,0.0,0.0,0.0,0.0,0.0,0.0,0.0,0.0,0.0,0.0,0.0,0.0,0.0,0.0,0.0,0.0,0.0,0.0,0.0,0.0,0.0,0.0,0.0,0.0,0.0,0.0,0.0,0.0,0.0,0.0,0.0,0.0,0.0,Z,15
0.0,0.0,0.285714,0.081395,0.615385,0.267442,0.758242,0.418605,0.67033,0.534884,0.527473,1.0,0.593407,1.174419,0.593407,1.360465,0.593407,1.569767,0.175824,1.174419,0.32967,0.697674,0.296703,0.337209,0.252747,0.255814,-0.164835,1.104651,0.0,0.523256,0.010989,0.27907,0.0,0.290698,-0.472527,0.930233,-0.32967,0.465116,-0.252747,0.244186,-0.230769,0.255814,0,0,0.0,0.0,0.0,0.0,0.0,0.0,0.0,0.0,0.0,0.0,0.0,0.0,0.0,0.0,0.0,0.0,0.0,0.0,0.0,0.0,0.0,0.0,0.0,0.0,0.0,0.0,0.0,0.0,0.0,0.0,0.0,0.0,0.0,0.0,0.0,0.0,0.0,0.0,0.0,0.0,0.0,0.0,Z,15
0.0,0.0,0.290323,0.0375,0.612903,0.2,0.774194,0.375,0.677419,0.4875,0.548387,1.0,0.591398,1.2375,0.569892,1.4125,0.526882,1.6125,0.193548,1.2,0.311828,0.6375,0.301075,0.2625,0.27957,0.175,-0.139785,1.1125,-0.010753,0.45,0.032258,0.2,0.053763,0.2375,-0.451613,0.9,-0.333333,0.3875,-0.247312,0.1625,-0.204301,0.1625,0,0,0.0,0.0,0.0,0.0,0.0,0.0,0.0,0.0,0.0,0.0,0.0,0.0,0.0,0.0,0.0,0.0,0.0,0.0,0.0,0.0,0.0,0.0,0.0,0.0,0.0,0.0,0.0,0.0,0.0,0.0,0.0,0.0,0.0,0.0,0.0,0.0,0.0,0.0,0.0,0.0,0.0,0.0,Z,15
0.0,0.0,0.287234,0.060976,0.595745,0.207317,0.744681,0.365854,0.638298,0.5,0.521277,1.0,0.56383,1.207317,0.542553,1.390244,0.510638,1.585366,0.159574,1.182927,0.276596,0.658537,0.276596,0.280488,0.244681,0.195122,-0.170213,1.097561,-0.031915,0.45122,0.0,0.207317,0.010638,0.231707,-0.478723,0.890244,-0.361702,0.390244,-0.265957,0.170732,-0.223404,0.170732,0,0,0.0,0.0,0.0,0.0,0.0,0.0,0.0,0.0,0.0,0.0,0.0,0.0,0.0,0.0,0.0,0.0,0.0,0.0,0.0,0.0,0.0,0.0,0.0,0.0,0.0,0.0,0.0,0.0,0.0,0.0,0.0,0.0,0.0,0.0,0.0,0.0,0.0,0.0,0.0,0.0,0.0,0.0,Z,15
0.0,0.0,0.273684,0.072289,0.557895,0.216867,0.663158,0.373494,0.547368,0.46988,0.473684,1.0,0.463158,1.192771,0.4,1.361446,0.315789,1.554217,0.115789,1.156627,0.168421,0.650602,0.210526,0.253012,0.242105,0.13253,-0.221053,1.060241,-0.147368,0.421687,-0.052632,0.156627,0.021053,0.156627,-0.526316,0.855422,-0.442105,0.373494,-0.305263,0.13253,-0.210526,0.108434,0,0,0.0,0.0,0.0,0.0,0.0,0.0,0.0,0.0,0.0,0.0,0.0,0.0,0.0,0.0,0.0,0.0,0.0,0.0,0.0,0.0,0.0,0.0,0.0,0.0,0.0,0.0,0.0,0.0,0.0,0.0,0.0,0.0,0.0,0.0,0.0,0.0,0.0,0.0,0.0,0.0,0.0,0.0,Z,15
0.0,0.0,0.28125,0.04878,0.583333,0.182927,0.6875,0.341463,0.5625,0.45122,0.5,1.0,0.489583,1.182927,0.40625,1.365854,0.322917,1.560976,0.135417,1.170732,0.197917,0.658537,0.239583,0.256098,0.260417,0.134146,-0.197917,1.073171,-0.114583,0.439024,-0.020833,0.170732,0.03125,0.158537,-0.5,0.865854,-0.416667,0.353659,-0.291667,0.109756,-0.1875,0.085366,0,0,0.0,0.0,0.0,0.0,0.0,0.0,0.0,0.0,0.0,0.0,0.0,0.0,0.0,0.0,0.0,0.0,0.0,0.0,0.0,0.0,0.0,0.0,0.0,0.0,0.0,0.0,0.0,0.0,0.0,0.0,0.0,0.0,0.0,0.0,0.0,0.0,0.0,0.0,0.0,0.0,0.0,0.0,Z,15
0.0,0.0,0.270833,0.060241,0.5625,0.204819,0.65625,0.361446,0.520833,0.46988,0.46875,1.0,0.458333,1.180723,0.375,1.373494,0.291667,1.566265,0.114583,1.156627,0.15625,0.674699,0.208333,0.253012,0.239583,0.108434,-0.229167,1.072289,-0.135417,0.445783,-0.052083,0.168675,0.010417,0.144578,-0.53125,0.86747,-0.447917,0.361446,-0.322917,0.120482,-0.229167,0.096386,0,0,0.0,0.0,0.0,0.0,0.0,0.0,0.0,0.0,0.0,0.0,0.0,0.0,0.0,0.0,0.0,0.0,0.0,0.0,0.0,0.0,0.0,0.0,0.0,0.0,0.0,0.0,0.0,0.0,0.0,0.0,0.0,0.0,0.0,0.0,0.0,0.0,0.0,0.0,0.0,0.0,0.0,0.0,Z,15
0.0,0.0,0.347368,-0.056604,0.642105,0.09434,0.642105,0.018868,0.463158,-0.09434,0.473684,1.0,0.389474,1.245283,0.252632,1.396226,0.126316,1.622642,0.063158,1.169811,0.084211,0.169811,0.210526,-0.509434,0.305263,-0.622642,-0.263158,1.018868,-0.231579,0.018868,-0.073684,-0.528302,0.021053,-0.528302,-0.526316,0.754717,-0.494737,-0.075472,-0.336842,-0.509434,-0.221053,-0.528302,0.06315789473684211,0.6792452830188679,0.0,0.0,0.27551,0.094118,0.540816,0.247059,0.571429,0.352941,0.428571,0.411765,0.408163,1.0,0.326531,1.176471,0.214286,1.329412,0.102041,1.494118,0.040816,1.141176,0.040816,0.564706,0.132653,0.164706,0.204082,0.070588,-0.295918,1.035294,-0.265306,0.376471,-0.142857,0.094118,-0.040816,0.094118,-0.591837,0.835294,-0.540816,0.329412,-0.387755,0.070588,-0.255102,0.047059,Z,15
0.0,0.0,0.28866,0.060976,0.57732,0.195122,0.618557,0.329268,0.443299,0.390244,0.43299,1.0,0.350515,1.170732,0.237113,1.329268,0.123711,1.5,0.061856,1.146341,0.061856,0.585366,0.14433,0.195122,0.206186,0.097561,-0.278351,1.036585,-0.247423,0.390244,-0.123711,0.121951,-0.020619,0.097561,-0.56701,0.817073,-0.515464,0.304878,-0.350515,0.060976,-0.216495,0.036585,0,0,0.0,0.0,0.0,0.0,0.0,0.0,0.0,0.0,0.0,0.0,0.0,0.0,0.0,0.0,0.0,0.0,0.0,0.0,0.0,0.0,0.0,0.0,0.0,0.0,0.0,0.0,0.0,0.0,0.0,0.0,0.0,0.0,0.0,0.0,0.0,0.0,0.0,0.0,0.0,0.0,0.0,0.0,Z,15
0.0,0.0,0.344086,-0.018519,0.623656,0.092593,0.612903,0.074074,0.408602,0.018519,0.44086,1.0,0.311828,1.148148,0.193548,1.296296,0.043011,1.574074,0.032258,1.12963,0.010753,0.185185,0.172043,-0.481481,0.301075,-0.481481,-0.301075,0.981481,-0.301075,0.037037,-0.096774,-0.518519,0.032258,-0.462963,-0.55914,0.759259,-0.526882,-0.074074,-0.354839,-0.518519,-0.215054,-0.518519,0.010752688172043012,0.6111111111111112,0.0,0.0,0.29,0.063291,0.61,0.253165,0.64,0.392405,0.43,0.417722,0.44,1.0,0.34,1.189873,0.2,1.367089,0.07,1.594937,0.07,1.177215,0.06,0.56962,0.17,0.177215,0.26,0.177215,-0.26,1.101266,-0.26,0.392405,-0.11,0.088608,0.0,0.126582,-0.56,0.911392,-0.53,0.367089,-0.37,0.101266,-0.25,0.113924,Z,15
0.0,0.0,0.282828,0.081395,0.585859,0.255814,0.616162,0.383721,0.424242,0.465116,0.414141,1.0,0.313131,1.174419,0.181818,1.337209,0.050505,1.523256,0.040404,1.139535,0.040404,0.616279,0.151515,0.232558,0.242424,0.197674,-0.292929,1.05814,-0.252525,0.418605,-0.121212,0.139535,-0.010101,0.162791,-0.585859,0.872093,-0.535354,0.372093,-0.373737,0.127907,-0.242424,0.116279,0,0,0.0,0.0,0.0,0.0,0.0,0.0,0.0,0.0,0.0,0.0,0.0,0.0,0.0,0.0,0.0,0.0,0.0,0.0,0.0,0.0,0.0,0.0,0.0,0.0,0.0,0.0,0.0,0.0,0.0,0.0,0.0,0.0,0.0,0.0,0.0,0.0,0.0,0.0,0.0,0.0,0.0,0.0,Z,15
0.0,0.0,0.28866,0.121951,0.597938,0.341463,0.546392,0.414634,0.309278,0.353659,0.340206,1.0,0.195876,1.170732,0.030928,1.304878,-0.134021,1.512195,-0.041237,1.158537,-0.051546,0.560976,0.103093,0.146341,0.216495,0.134146,-0.381443,1.060976,-0.360825,0.390244,-0.175258,0.073171,-0.051546,0.097561,-0.659794,0.865854,-0.628866,0.329268,-0.43299,0.060976,-0.298969,0.060976,0,0,0.0,0.0,0.0,0.0,0.0,0.0,0.0,0.0,0.0,0.0,0.0,0.0,0.0,0.0,0.0,0.0,0.0,0.0,0.0,0.0,0.0,0.0,0.0,0.0,0.0,0.0,0.0,0.0,0.0,0.0,0.0,0.0,0.0,0.0,0.0,0.0,0.0,0.0,0.0,0.0,0.0,0.0,Z,15
0.0,0.0,0.309278,0.101266,0.639175,0.35443,0.57732,0.417722,0.350515,0.341772,0.391753,1.0,0.257732,1.202532,0.092784,1.35443,-0.092784,1.556962,0.010309,1.177215,-0.030928,0.556962,0.134021,0.164557,0.247423,0.139241,-0.319588,1.088608,-0.319588,0.379747,-0.134021,0.063291,0.010309,0.075949,-0.608247,0.911392,-0.57732,0.329114,-0.381443,0.037975,-0.237113,0.037975,0,0,0.0,0.0,0.0,0.0,0.0,0.0,0.0,0.0,0.0,0.0,0.0,0.0,0.0,0.0,0.0,0.0,0.0,0.0,0.0,0.0,0.0,0.0,0.0,0.0,0.0,0.0,0.0,0.0,0.0,0.0,0.0,0.0,0.0,0.0,0.0,0.0,0.0,0.0,0.0,0.0,0.0,0.0,Z,15
0.0,0.0,0.291667,0.117647,0.614583,0.364706,0.53125,0.447059,0.302083,0.4,0.34375,1.0,0.21875,1.188235,0.041667,1.317647,-0.125,1.505882,-0.041667,1.141176,-0.0625,0.576471,0.09375,0.211765,0.21875,0.188235,-0.385417,1.058824,-0.364583,0.4,-0.166667,0.117647,-0.03125,0.129412,-0.65625,0.870588,-0.625,0.352941,-0.427083,0.094118,-0.28125,0.094118,0,0,0.0,0.0,0.0,0.0,0.0,0.0,0.0,0.0,0.0,0.0,0.0,0.0,0.0,0.0,0.0,0.0,0.0,0.0,0.0,0.0,0.0,0.0,0.0,0.0,0.0,0.0,0.0,0.0,0.0,0.0,0.0,0.0,0.0,0.0,0.0,0.0,0.0,0.0,0.0,0.0,0.0,0.0,Z,15
0.0,0.0,0.309278,0.089744,0.649485,0.307692,0.556701,0.371795,0.309278,0.320513,0.381443,1.0,0.206186,1.166667,0.020619,1.307692,-0.175258,1.525641,0.0,1.153846,-0.051546,0.538462,0.123711,0.128205,0.247423,0.128205,-0.329897,1.064103,-0.350515,0.346154,-0.14433,0.025641,-0.010309,0.051282,-0.618557,0.871795,-0.597938,0.282051,-0.402062,-0.012821,-0.257732,-0.012821,0,0,0.0,0.0,0.0,0.0,0.0,0.0,0.0,0.0,0.0,0.0,0.0,0.0,0.0,0.0,0.0,0.0,0.0,0.0,0.0,0.0,0.0,0.0,0.0,0.0,0.0,0.0,0.0,0.0,0.0,0.0,0.0,0.0,0.0,0.0,0.0,0.0,0.0,0.0,0.0,0.0,0.0,0.0,Z,15
0.0,0.0,0.306122,0.125,0.612245,0.3625,0.510204,0.4125,0.265306,0.325,0.326531,1.0,0.173469,1.1875,-0.010204,1.3375,-0.204082,1.5375,-0.071429,1.15,-0.102041,0.55,0.081633,0.1625,0.204082,0.175,-0.397959,1.0625,-0.397959,0.35,-0.183673,0.05,-0.030612,0.075,-0.673469,0.8625,-0.642857,0.2875,-0.438776,0.0125,-0.285714,0.0125,0,0,0.0,0.0,0.0,0.0,0.0,0.0,0.0,0.0,0.0,0.0,0.0,0.0,0.0,0.0,0.0,0.0,0.0,0.0,0.0,0.0,0.0,0.0,0.0,0.0,0.0,0.0,0.0,0.0,0.0,0.0,0.0,0.0,0.0,0.0,0.0,0.0,0.0,0.0,0.0,0.0,0.0,0.0,Z,15
0.0,0.0,0.306122,0.102564,0.632653,0.333333,0.530612,0.397436,0.295918,0.346154,0.357143,1.0,0.173469,1.205128,-0.010204,1.346154,-0.193878,1.564103,-0.030612,1.166667,-0.112245,0.538462,0.071429,0.153846,0.214286,0.141026,-0.367347,1.089744,-0.397959,0.358974,-0.193878,0.038462,-0.030612,0.051282,-0.642857,0.897436,-0.632653,0.307692,-0.428571,0.0,-0.27551,-0.012821,0,0,0.0,0.0,0.0,0.0,0.0,0.0,0.0,0.0,0.0,0.0,0.0,0.0,0.0,0.0,0.0,0.0,0.0,0.0,0.0,0.0,0.0,0.0,0.0,0.0,0.0,0.0,0.0,0.0,0.0,0.0,0.0,0.0,0.0,0.0,0.0,0.0,0.0,0.0,0.0,0.0,0.0,0.0,Z,15
0.0,0.0,0.309278,0.1,0.628866,0.3125,0.56701,0.4,0.319588,0.3875,0.350515,1.0,0.164948,1.2,-0.030928,1.325,-0.206186,1.525,-0.030928,1.15,-0.134021,0.5625,0.061856,0.15,0.216495,0.15,-0.371134,1.05,-0.412371,0.3875,-0.206186,0.0625,-0.051546,0.075,-0.649485,0.8625,-0.639175,0.325,-0.43299,0.0375,-0.278351,0.025,0,0,0.0,0.0,0.0,0.0,0.0,0.0,0.0,0.0,0.0,0.0,0.0,0.0,0.0,0.0,0.0,0.0,0.0,0.0,0.0,0.0,0.0,0.0,0.0,0.0,0.0,0.0,0.0,0.0,0.0,0.0,0.0,0.0,0.0,0.0,0.0,0.0,0.0,0.0,0.0,0.0,0.0,0.0,Z,15
0.0,0.0,0.322917,0.1,0.625,0.3375,0.53125,0.4125,0.291667,0.3625,0.333333,1.0,0.15625,1.2,-0.052083,1.3375,-0.239583,1.55,-0.052083,1.1625,-0.145833,0.5625,0.041667,0.1625,0.208333,0.125,-0.385417,1.075,-0.447917,0.4,-0.21875,0.075,-0.041667,0.0625,-0.666667,0.8875,-0.677083,0.3375,-0.458333,0.05,-0.28125,0.025,0,0,0.0,0.0,0.0,0.0,0.0,0.0,0.0,0.0,0.0,0.0,0.0,0.0,0.0,0.0,0.0,0.0,0.0,0.0,0.0,0.0,0.0,0.0,0.0,0.0,0.0,0.0,0.0,0.0,0.0,0.0,0.0,0.0,0.0,0.0,0.0,0.0,0.0,0.0,0.0,0.0,0.0,0.0,Z,15
0.0,0.0,0.3125,0.097561,0.635417,0.353659,0.520833,0.463415,0.25,0.414634,0.34375,1.0,0.15625,1.195122,-0.041667,1.329268,-0.239583,1.536585,-0.041667,1.170732,-0.135417,0.585366,0.052083,0.182927,0.197917,0.182927,-0.375,1.097561,-0.427083,0.426829,-0.208333,0.121951,-0.052083,0.134146,-0.65625,0.926829,-0.666667,0.390244,-0.458333,0.109756,-0.302083,0.097561,0,0,0.0,0.0,0.0,0.0,0.0,0.0,0.0,0.0,0.0,0.0,0.0,0.0,0.0,0.0,0.0,0.0,0.0,0.0,0.0,0.0,0.0,0.0,0.0,0.0,0.0,0.0,0.0,0.0,0.0,0.0,0.0,0.0,0.0,0.0,0.0,0.0,0.0,0.0,0.0,0.0,0.0,0.0,Z,15
0.0,0.0,0.309278,0.123596,0.628866,0.382022,0.505155,0.47191,0.247423,0.404494,0.329897,1.0,0.123711,1.168539,-0.082474,1.292135,-0.278351,1.47191,-0.051546,1.134831,-0.154639,0.58427,0.030928,0.213483,0.164948,0.202247,-0.381443,1.05618,-0.443299,0.438202,-0.226804,0.146067,-0.072165,0.146067,-0.670103,0.898876,-0.670103,0.404494,-0.463918,0.134831,-0.309278,0.123596,0,0,0.0,0.0,0.0,0.0,0.0,0.0,0.0,0.0,0.0,0.0,0.0,0.0,0.0,0.0,0.0,0.0,0.0,0.0,0.0,0.0,0.0,0.0,0.0,0.0,0.0,0.0,0.0,0.0,0.0,0.0,0.0,0.0,0.0,0.0,0.0,0.0,0.0,0.0,0.0,0.0,0.0,0.0,Z,15
0.0,0.0,0.309278,0.119565,0.628866,0.380435,0.505155,0.48913,0.237113,0.445652,0.329897,1.0,0.123711,1.173913,-0.082474,1.293478,-0.278351,1.467391,-0.051546,1.141304,-0.14433,0.608696,0.030928,0.23913,0.164948,0.228261,-0.391753,1.065217,-0.443299,0.478261,-0.237113,0.184783,-0.082474,0.184783,-0.670103,0.913043,-0.680412,0.445652,-0.474227,0.184783,-0.319588,0.163043,0,0,0.0,0.0,0.0,0.0,0.0,0.0,0.0,0.0,0.0,0.0,0.0,0.0,0.0,0.0,0.0,0.0,0.0,0.0,0.0,0.0,0.0,0.0,0.0,0.0,0.0,0.0,0.0,0.0,0.0,0.0,0.0,0.0,0.0,0.0,0.0,0.0,0.0,0.0,0.0,0.0,0.0,0.0,Z,15
0.0,0.0,0.3125,0.122222,0.625,0.355556,0.5,0.466667,0.21875,0.444444,0.3125,1.0,0.104167,1.177778,-0.104167,1.288889,-0.3125,1.477778,-0.072917,1.144444,-0.177083,0.6,0.010417,0.222222,0.145833,0.222222,-0.40625,1.066667,-0.479167,0.455556,-0.260417,0.155556,-0.114583,0.177778,-0.6875,0.9,-0.708333,0.4,-0.5,0.144444,-0.364583,0.133333,0,0,0.0,0.0,0.0,0.0,0.0,0.0,0.0,0.0,0.0,0.0,0.0,0.0,0.0,0.0,0.0,0.0,0.0,0.0,0.0,0.0,0.0,0.0,0.0,0.0,0.0,0.0,0.0,0.0,0.0,0.0,0.0,0.0,0.0,0.0,0.0,0.0,0.0,0.0,0.0,0.0,0.0,0.0,Z,15
0.0,0.0,0.319588,0.11236,0.639175,0.337079,0.505155,0.449438,0.237113,0.426966,0.319588,1.0,0.103093,1.157303,-0.103093,1.269663,-0.309278,1.460674,-0.072165,1.146067,-0.175258,0.573034,0.010309,0.179775,0.154639,0.191011,-0.402062,1.078652,-0.463918,0.438202,-0.247423,0.134831,-0.103093,0.157303,-0.680412,0.910112,-0.690722,0.404494,-0.494845,0.146067,-0.360825,0.134831,0,0,0.0,0.0,0.0,0.0,0.0,0.0,0.0,0.0,0.0,0.0,0.0,0.0,0.0,0.0,0.0,0.0,0.0,0.0,0.0,0.0,0.0,0.0,0.0,0.0,0.0,0.0,0.0,0.0,0.0,0.0,0.0,0.0,0.0,0.0,0.0,0.0,0.0,0.0,0.0,0.0,0.0,0.0,Z,15
0.0,0.0,0.3125,0.141304,0.604167,0.380435,0.447917,0.478261,0.15625,0.467391,0.302083,1.0,0.072917,1.163043,-0.135417,1.271739,-0.333333,1.456522,-0.083333,1.141304,-0.21875,0.597826,-0.010417,0.23913,0.135417,0.26087,-0.416667,1.076087,-0.5,0.467391,-0.270833,0.184783,-0.125,0.23913,-0.697917,0.923913,-0.729167,0.423913,-0.53125,0.184783,-0.40625,0.195652,0,0,0.0,0.0,0.0,0.0,0.0,0.0,0.0,0.0,0.0,0.0,0.0,0.0,0.0,0.0,0.0,0.0,0.0,0.0,0.0,0.0,0.0,0.0,0.0,0.0,0.0,0.0,0.0,0.0,0.0,0.0,0.0,0.0,0.0,0.0,0.0,0.0,0.0,0.0,0.0,0.0,0.0,0.0,Z,15
0.0,0.0,0.3125,0.141414,0.625,0.40404,0.479167,0.525253,0.1875,0.494949,0.291667,1.0,0.052083,1.151515,-0.177083,1.242424,-0.395833,1.414141,-0.09375,1.121212,-0.229167,0.636364,-0.020833,0.282828,0.135417,0.313131,-0.427083,1.050505,-0.510417,0.505051,-0.291667,0.232323,-0.145833,0.272727,-0.708333,0.909091,-0.739583,0.464646,-0.541667,0.242424,-0.40625,0.242424,0,0,0.0,0.0,0.0,0.0,0.0,0.0,0.0,0.0,0.0,0.0,0.0,0.0,0.0,0.0,0.0,0.0,0.0,0.0,0.0,0.0,0.0,0.0,0.0,0.0,0.0,0.0,0.0,0.0,0.0,0.0,0.0,0.0,0.0,0.0,0.0,0.0,0.0,0.0,0.0,0.0,0.0,0.0,Z,15
0.0,0.0,0.315789,0.147368,0.631579,0.410526,0.484211,0.526316,0.2,0.484211,0.326316,1.0,0.073684,1.157895,-0.147368,1.252632,-0.368421,1.431579,-0.063158,1.126316,-0.221053,0.621053,-0.021053,0.263158,0.136842,0.284211,-0.4,1.063158,-0.505263,0.494737,-0.284211,0.210526,-0.136842,0.242105,-0.673684,0.915789,-0.726316,0.442105,-0.536842,0.2,-0.4,0.210526,0,0,0.0,0.0,0.0,0.0,0.0,0.0,0.0,0.0,0.0,0.0,0.0,0.0,0.0,0.0,0.0,0.0,0.0,0.0,0.0,0.0,0.0,0.0,0.0,0.0,0.0,0.0,0.0,0.0,0.0,0.0,0.0,0.0,0.0,0.0,0.0,0.0,0.0,0.0,0.0,0.0,0.0,0.0,Z,15
0.0,0.0,0.369863,0.16092,0.684932,0.45977,0.767123,0.793103,0.616438,1.057471,0.520548,1.0,0.753425,1.37931,0.917808,1.62069,0.986301,1.862069,0.164384,1.034483,0.356164,1.172414,0.315068,0.747126,0.232877,0.701149,-0.164384,0.977011,0.0,1.034483,0.027397,0.643678,-0.041096,0.632184,-0.479452,0.862069,-0.342466,0.908046,-0.219178,0.632184,-0.260274,0.586207,0,0,0.0,0.0,0.0,0.0,0.0,0.0,0.0,0.0,0.0,0.0,0.0,0.0,0.0,0.0,0.0,0.0,0.0,0.0,0.0,0.0,0.0,0.0,0.0,0.0,0.0,0.0,0.0,0.0,0.0,0.0,0.0,0.0,0.0,0.0,0.0,0.0,0.0,0.0,0.0,0.0,0.0,0.0,Z,16
0.0,0.0,0.376623,0.151163,0.714286,0.453488,0.779221,0.790698,0.623377,1.046512,0.545455,1.0,0.779221,1.383721,0.896104,1.639535,0.974026,1.883721,0.194805,1.046512,0.38961,1.162791,0.350649,0.732558,0.246753,0.674419,-0.12987,1.0,0.038961,1.011628,0.064935,0.627907,-0.025974,0.627907,-0.454545,0.883721,-0.285714,0.895349,-0.168831,0.627907,-0.220779,0.593023,0,0,0.0,0.0,0.0,0.0,0.0,0.0,0.0,0.0,0.0,0.0,0.0,0.0,0.0,0.0,0.0,0.0,0.0,0.0,0.0,0.0,0.0,0.0,0.0,0.0,0.0,0.0,0.0,0.0,0.0,0.0,0.0,0.0,0.0,0.0,0.0,0.0,0.0,0.0,0.0,0.0,0.0,0.0,Z,16
0.0,0.0,0.394737,0.151163,0.723684,0.453488,0.802632,0.802326,0.644737,1.069767,0.552632,1.0,0.789474,1.383721,0.907895,1.639535,1.0,1.883721,0.197368,1.046512,0.394737,1.174419,0.355263,0.744186,0.263158,0.686047,-0.131579,1.0,0.039474,1.023256,0.065789,0.639535,-0.013158,0.627907,-0.447368,0.883721,-0.289474,0.906977,-0.157895,0.639535,-0.197368,0.593023,0,0,0.0,0.0,0.0,0.0,0.0,0.0,0.0,0.0,0.0,0.0,0.0,0.0,0.0,0.0,0.0,0.0,0.0,0.0,0.0,0.0,0.0,0.0,0.0,0.0,0.0,0.0,0.0,0.0,0.0,0.0,0.0,0.0,0.0,0.0,0.0,0.0,0.0,0.0,0.0,0.0,0.0,0.0,Z,16
0.0,0.0,0.376623,0.16092,0.714286,0.448276,0.779221,0.781609,0.623377,1.045977,0.545455,1.0,0.766234,1.37931,0.896104,1.632184,0.974026,1.873563,0.194805,1.034483,0.38961,1.16092,0.350649,0.724138,0.246753,0.666667,-0.12987,0.988506,0.038961,1.022989,0.064935,0.632184,-0.025974,0.62069,-0.454545,0.873563,-0.285714,0.896552,-0.168831,0.632184,-0.207792,0.586207,0,0,0.0,0.0,0.0,0.0,0.0,0.0,0.0,0.0,0.0,0.0,0.0,0.0,0.0,0.0,0.0,0.0,0.0,0.0,0.0,0.0,0.0,0.0,0.0,0.0,0.0,0.0,0.0,0.0,0.0,0.0,0.0,0.0,0.0,0.0,0.0,0.0,0.0,0.0,0.0,0.0,0.0,0.0,Z,16
0.0,0.0,0.376623,0.149425,0.714286,0.45977,0.792208,0.793103,0.623377,1.057471,0.545455,1.0,0.766234,1.37931,0.896104,1.632184,0.974026,1.873563,0.194805,1.045977,0.38961,1.16092,0.350649,0.724138,0.246753,0.666667,-0.12987,1.0,0.038961,1.011494,0.064935,0.632184,-0.025974,0.62069,-0.454545,0.885057,-0.285714,0.908046,-0.168831,0.632184,-0.194805,0.586207,0,0,0.0,0.0,0.0,0.0,0.0,0.0,0.0,0.0,0.0,0.0,0.0,0.0,0.0,0.0,0.0,0.0,0.0,0.0,0.0,0.0,0.0,0.0,0.0,0.0,0.0,0.0,0.0,0.0,0.0,0.0,0.0,0.0,0.0,0.0,0.0,0.0,0.0,0.0,0.0,0.0,0.0,0.0,Z,16
0.0,0.0,0.381579,0.16092,0.710526,0.45977,0.75,0.804598,0.618421,1.08046,0.539474,1.0,0.776316,1.390805,0.894737,1.643678,0.973684,1.896552,0.184211,1.034483,0.381579,1.16092,0.355263,0.735632,0.263158,0.678161,-0.131579,0.988506,0.039474,1.011494,0.065789,0.632184,-0.026316,0.62069,-0.460526,0.873563,-0.289474,0.896552,-0.171053,0.632184,-0.223684,0.586207,0,0,0.0,0.0,0.0,0.0,0.0,0.0,0.0,0.0,0.0,0.0,0.0,0.0,0.0,0.0,0.0,0.0,0.0,0.0,0.0,0.0,0.0,0.0,0.0,0.0,0.0,0.0,0.0,0.0,0.0,0.0,0.0,0.0,0.0,0.0,0.0,0.0,0.0,0.0,0.0,0.0,0.0,0.0,Z,16
0.0,0.0,0.381579,0.16092,0.710526,0.45977,0.776316,0.793103,0.618421,1.057471,0.539474,1.0,0.763158,1.390805,0.894737,1.643678,0.973684,1.896552,0.184211,1.034483,0.381579,1.172414,0.355263,0.735632,0.25,0.666667,-0.131579,0.977011,0.026316,1.022989,0.065789,0.643678,-0.026316,0.62069,-0.460526,0.862069,-0.289474,0.908046,-0.171053,0.643678,-0.210526,0.586207,0,0,0.0,0.0,0.0,0.0,0.0,0.0,0.0,0.0,0.0,0.0,0.0,0.0,0.0,0.0,0.0,0.0,0.0,0.0,0.0,0.0,0.0,0.0,0.0,0.0,0.0,0.0,0.0,0.0,0.0,0.0,0.0,0.0,0.0,0.0,0.0,0.0,0.0,0.0,0.0,0.0,0.0,0.0,Z,16
0.0,0.0,0.386667,0.162791,0.72,0.465116,0.773333,0.802326,0.626667,1.081395,0.546667,1.0,0.773333,1.395349,0.906667,1.662791,0.986667,1.918605,0.2,1.034884,0.386667,1.186047,0.36,0.744186,0.266667,0.686047,-0.133333,0.976744,0.04,1.034884,0.066667,0.639535,-0.013333,0.616279,-0.453333,0.872093,-0.293333,0.918605,-0.173333,0.639535,-0.213333,0.581395,0,0,0.0,0.0,0.0,0.0,0.0,0.0,0.0,0.0,0.0,0.0,0.0,0.0,0.0,0.0,0.0,0.0,0.0,0.0,0.0,0.0,0.0,0.0,0.0,0.0,0.0,0.0,0.0,0.0,0.0,0.0,0.0,0.0,0.0,0.0,0.0,0.0,0.0,0.0,0.0,0.0,0.0,0.0,Z,16
0.0,0.0,0.376623,0.147727,0.688312,0.454545,0.74026,0.795455,0.623377,1.068182,0.558442,1.0,0.792208,1.375,0.922078,1.636364,1.0,1.875,0.207792,1.034091,0.38961,1.147727,0.350649,0.715909,0.25974,0.693182,-0.116883,0.988636,0.051948,1.0,0.077922,0.625,-0.012987,0.636364,-0.441558,0.886364,-0.285714,0.886364,-0.168831,0.613636,-0.207792,0.590909,0,0,0.0,0.0,0.0,0.0,0.0,0.0,0.0,0.0,0.0,0.0,0.0,0.0,0.0,0.0,0.0,0.0,0.0,0.0,0.0,0.0,0.0,0.0,0.0,0.0,0.0,0.0,0.0,0.0,0.0,0.0,0.0,0.0,0.0,0.0,0.0,0.0,0.0,0.0,0.0,0.0,0.0,0.0,Z,16
0.0,0.0,0.373333,0.16092,0.706667,0.471264,0.76,0.816092,0.64,1.091954,0.546667,1.0,0.786667,1.390805,0.92,1.655172,1.013333,1.908046,0.2,1.034483,0.386667,1.183908,0.346667,0.747126,0.253333,0.678161,-0.133333,0.977011,0.026667,1.022989,0.053333,0.632184,-0.013333,0.62069,-0.453333,0.873563,-0.32,0.931034,-0.186667,0.655172,-0.213333,0.597701,0,0,0.0,0.0,0.0,0.0,0.0,0.0,0.0,0.0,0.0,0.0,0.0,0.0,0.0,0.0,0.0,0.0,0.0,0.0,0.0,0.0,0.0,0.0,0.0,0.0,0.0,0.0,0.0,0.0,0.0,0.0,0.0,0.0,0.0,0.0,0.0,0.0,0.0,0.0,0.0,0.0,0.0,0.0,Z,16
0.0,0.0,0.373333,0.174419,0.706667,0.488372,0.76,0.825581,0.626667,1.104651,0.546667,1.0,0.786667,1.406977,0.92,1.674419,1.013333,1.930233,0.186667,1.034884,0.386667,1.186047,0.346667,0.755814,0.253333,0.697674,-0.133333,0.988372,0.026667,1.011628,0.053333,0.627907,-0.013333,0.627907,-0.453333,0.883721,-0.32,0.930233,-0.186667,0.651163,-0.213333,0.604651,0,0,0.0,0.0,0.0,0.0,0.0,0.0,0.0,0.0,0.0,0.0,0.0,0.0,0.0,0.0,0.0,0.0,0.0,0.0,0.0,0.0,0.0,0.0,0.0,0.0,0.0,0.0,0.0,0.0,0.0,0.0,0.0,0.0,0.0,0.0,0.0,0.0,0.0,0.0,0.0,0.0,0.0,0.0,Z,16
0.0,0.0,0.381579,0.164706,0.710526,0.482353,0.763158,0.823529,0.605263,1.094118,0.552632,1.0,0.776316,1.411765,0.907895,1.682353,1.0,1.929412,0.197368,1.023529,0.381579,1.141176,0.342105,0.729412,0.25,0.682353,-0.131579,0.976471,0.026316,1.011765,0.052632,0.623529,-0.013158,0.623529,-0.447368,0.882353,-0.302632,0.929412,-0.184211,0.658824,-0.210526,0.6,0,0,0.0,0.0,0.0,0.0,0.0,0.0,0.0,0.0,0.0,0.0,0.0,0.0,0.0,0.0,0.0,0.0,0.0,0.0,0.0,0.0,0.0,0.0,0.0,0.0,0.0,0.0,0.0,0.0,0.0,0.0,0.0,0.0,0.0,0.0,0.0,0.0,0.0,0.0,0.0,0.0,0.0,0.0,Z,16
0.0,0.0,0.391304,0.2,0.681159,0.511111,0.695652,0.811111,0.449275,1.022222,0.449275,1.0,0.594203,1.444444,0.681159,1.733333,0.695652,1.988889,0.086957,0.977778,0.173913,1.144444,0.188406,0.755556,0.144928,0.655556,-0.246377,0.888889,-0.188406,1.0,-0.086957,0.655556,-0.101449,0.6,-0.550725,0.766667,-0.492754,0.866667,-0.347826,0.622222,-0.347826,0.533333,0,0,0.0,0.0,0.0,0.0,0.0,0.0,0.0,0.0,0.0,0.0,0.0,0.0,0.0,0.0,0.0,0.0,0.0,0.0,0.0,0.0,0.0,0.0,0.0,0.0,0.0,0.0,0.0,0.0,0.0,0.0,0.0,0.0,0.0,0.0,0.0,0.0,0.0,0.0,0.0,0.0,0.0,0.0,Z,16
0.0,0.0,0.376812,0.186813,0.666667,0.505495,0.666667,0.813187,0.405797,1.032967,0.391304,1.0,0.536232,1.450549,0.623188,1.736264,0.652174,1.989011,0.028986,0.956044,0.130435,1.10989,0.173913,0.736264,0.144928,0.659341,-0.289855,0.868132,-0.217391,0.989011,-0.101449,0.648352,-0.130435,0.582418,-0.608696,0.736264,-0.521739,0.857143,-0.362319,0.615385,-0.347826,0.505495,0,0,0.0,0.0,0.0,0.0,0.0,0.0,0.0,0.0,0.0,0.0,0.0,0.0,0.0,0.0,0.0,0.0,0.0,0.0,0.0,0.0,0.0,0.0,0.0,0.0,0.0,0.0,0.0,0.0,0.0,0.0,0.0,0.0,0.0,0.0,0.0,0.0,0.0,0.0,0.0,0.0,0.0,0.0,Z,16
0.0,0.0,0.376812,0.195652,0.681159,0.51087,0.666667,0.815217,0.434783,1.043478,0.405797,1.0,0.565217,1.434783,0.652174,1.717391,0.666667,1.967391,0.057971,0.956522,0.144928,1.108696,0.202899,0.728261,0.173913,0.652174,-0.26087,0.869565,-0.202899,0.98913,-0.086957,0.652174,-0.101449,0.586957,-0.594203,0.728261,-0.521739,0.858696,-0.362319,0.619565,-0.333333,0.51087,0,0,0.0,0.0,0.0,0.0,0.0,0.0,0.0,0.0,0.0,0.0,0.0,0.0,0.0,0.0,0.0,0.0,0.0,0.0,0.0,0.0,0.0,0.0,0.0,0.0,0.0,0.0,0.0,0.0,0.0,0.0,0.0,0.0,0.0,0.0,0.0,0.0,0.0,0.0,0.0,0.0,0.0,0.0,Z,16
0.0,0.0,0.361111,0.210526,0.611111,0.536842,0.555556,0.852632,0.222222,1.021053,0.361111,1.0,0.458333,1.421053,0.472222,1.705263,0.444444,1.957895,0.0,0.957895,0.0,1.115789,0.027778,0.736842,0.041667,0.631579,-0.319444,0.863158,-0.375,0.978947,-0.222222,0.652632,-0.180556,0.568421,-0.638889,0.726316,-0.680556,0.821053,-0.486111,0.589474,-0.416667,0.494737,0,0,0.0,0.0,0.0,0.0,0.0,0.0,0.0,0.0,0.0,0.0,0.0,0.0,0.0,0.0,0.0,0.0,0.0,0.0,0.0,0.0,0.0,0.0,0.0,0.0,0.0,0.0,0.0,0.0,0.0,0.0,0.0,0.0,0.0,0.0,0.0,0.0,0.0,0.0,0.0,0.0,0.0,0.0,Z,16
0.0,0.0,0.338028,0.221053,0.591549,0.547368,0.56338,0.852632,0.225352,1.031579,0.366197,1.0,0.450704,1.431579,0.464789,1.726316,0.43662,1.968421,0.0,0.968421,-0.042254,1.136842,0.0,0.757895,0.028169,0.652632,-0.323944,0.873684,-0.394366,0.989474,-0.267606,0.663158,-0.211268,0.578947,-0.633803,0.747368,-0.676056,0.831579,-0.521127,0.610526,-0.450704,0.515789,0,0,0.0,0.0,0.0,0.0,0.0,0.0,0.0,0.0,0.0,0.0,0.0,0.0,0.0,0.0,0.0,0.0,0.0,0.0,0.0,0.0,0.0,0.0,0.0,0.0,0.0,0.0,0.0,0.0,0.0,0.0,0.0,0.0,0.0,0.0,0.0,0.0,0.0,0.0,0.0,0.0,0.0,0.0,Z,16
0.0,0.0,0.343284,0.216495,0.58209,0.546392,0.462687,0.85567,0.059701,1.010309,0.268657,1.0,0.268657,1.412371,0.223881,1.690722,0.149254,1.927835,-0.104478,0.948454,-0.208955,1.113402,-0.149254,0.742268,-0.089552,0.639175,-0.432836,0.85567,-0.567164,0.938144,-0.402985,0.639175,-0.313433,0.587629,-0.731343,0.721649,-0.820896,0.783505,-0.626866,0.57732,-0.537313,0.515464,0,0,0.0,0.0,0.0,0.0,0.0,0.0,0.0,0.0,0.0,0.0,0.0,0.0,0.0,0.0,0.0,0.0,0.0,0.0,0.0,0.0,0.0,0.0,0.0,0.0,0.0,0.0,0.0,0.0,0.0,0.0,0.0,0.0,0.0,0.0,0.0,0.0,0.0,0.0,0.0,0.0,0.0,0.0,Z,16
0.0,0.0,0.343284,0.226804,0.537313,0.556701,0.41791,0.85567,0.059701,1.010309,0.253731,1.0,0.238806,1.42268,0.179104,1.701031,0.119403,1.938144,-0.119403,0.948454,-0.238806,1.123711,-0.164179,0.762887,-0.119403,0.639175,-0.447761,0.824742,-0.537313,0.958763,-0.41791,0.649485,-0.343284,0.57732,-0.746269,0.659794,-0.835821,0.762887,-0.656716,0.56701,-0.567164,0.484536,0,0,0.0,0.0,0.0,0.0,0.0,0.0,0.0,0.0,0.0,0.0,0.0,0.0,0.0,0.0,0.0,0.0,0.0,0.0,0.0,0.0,0.0,0.0,0.0,0.0,0.0,0.0,0.0,0.0,0.0,0.0,0.0,0.0,0.0,0.0,0.0,0.0,0.0,0.0,0.0,0.0,0.0,0.0,Z,16
0.0,0.0,0.318182,0.213592,0.530303,0.533981,0.348485,0.815534,-0.045455,0.970874,0.151515,1.0,0.106061,1.368932,0.015152,1.621359,-0.075758,1.854369,-0.227273,0.902913,-0.348485,1.067961,-0.181818,0.708738,-0.090909,0.660194,-0.545455,0.796117,-0.712121,0.92233,-0.484848,0.621359,-0.393939,0.592233,-0.848485,0.660194,-0.954545,0.757282,-0.727273,0.563107,-0.621212,0.504854,0,0,0.0,0.0,0.0,0.0,0.0,0.0,0.0,0.0,0.0,0.0,0.0,0.0,0.0,0.0,0.0,0.0,0.0,0.0,0.0,0.0,0.0,0.0,0.0,0.0,0.0,0.0,0.0,0.0,0.0,0.0,0.0,0.0,0.0,0.0,0.0,0.0,0.0,0.0,0.0,0.0,0.0,0.0,Z,16
0.0,0.0,0.328125,0.227723,0.5,0.554455,0.3125,0.831683,-0.078125,1.0,0.140625,1.0,0.078125,1.39604,0.0,1.653465,-0.09375,1.881188,-0.25,0.920792,-0.375,1.09901,-0.234375,0.742574,-0.15625,0.663366,-0.578125,0.80198,-0.6875,0.891089,-0.46875,0.594059,-0.375,0.574257,-0.859375,0.643564,-0.96875,0.732673,-0.75,0.554455,-0.625,0.49505,0,0,0.0,0.0,0.0,0.0,0.0,0.0,0.0,0.0,0.0,0.0,0.0,0.0,0.0,0.0,0.0,0.0,0.0,0.0,0.0,0.0,0.0,0.0,0.0,0.0,0.0,0.0,0.0,0.0,0.0,0.0,0.0,0.0,0.0,0.0,0.0,0.0,0.0,0.0,0.0,0.0,0.0,0.0,Z,16
0.0,0.0,0.328125,0.23,0.515625,0.56,0.3125,0.84,-0.078125,1.01,0.140625,1.0,0.078125,1.41,0.0,1.68,-0.109375,1.91,-0.25,0.92,-0.375,1.11,-0.234375,0.76,-0.15625,0.67,-0.5625,0.8,-0.671875,0.9,-0.46875,0.61,-0.375,0.57,-0.859375,0.65,-0.96875,0.75,-0.734375,0.57,-0.625,0.51,0,0,0.0,0.0,0.0,0.0,0.0,0.0,0.0,0.0,0.0,0.0,0.0,0.0,0.0,0.0,0.0,0.0,0.0,0.0,0.0,0.0,0.0,0.0,0.0,0.0,0.0,0.0,0.0,0.0,0.0,0.0,0.0,0.0,0.0,0.0,0.0,0.0,0.0,0.0,0.0,0.0,0.0,0.0,Z,16
0.0,0.0,0.318841,0.2,0.521739,0.52,0.391304,0.8,0.0,0.96,0.202899,1.0,0.130435,1.39,0.014493,1.64,-0.086957,1.87,-0.173913,0.94,-0.318841,1.06,-0.173913,0.69,-0.086957,0.64,-0.507246,0.84,-0.666667,0.9,-0.463768,0.6,-0.347826,0.57,-0.797101,0.7,-0.927536,0.76,-0.710145,0.55,-0.57971,0.49,0,0,0.0,0.0,0.0,0.0,0.0,0.0,0.0,0.0,0.0,0.0,0.0,0.0,0.0,0.0,0.0,0.0,0.0,0.0,0.0,0.0,0.0,0.0,0.0,0.0,0.0,0.0,0.0,0.0,0.0,0.0,0.0,0.0,0.0,0.0,0.0,0.0,0.0,0.0,0.0,0.0,0.0,0.0,Z,16
0.0,0.0,0.323077,0.21,0.523077,0.52,0.369231,0.81,0.0,0.97,0.184615,1.0,0.123077,1.39,0.030769,1.65,-0.076923,1.88,-0.184615,0.92,-0.338462,1.08,-0.2,0.71,-0.138462,0.65,-0.523077,0.8,-0.646154,0.89,-0.446154,0.59,-0.369231,0.57,-0.815385,0.65,-0.938462,0.73,-0.707692,0.53,-0.615385,0.48,0,0,0.0,0.0,0.0,0.0,0.0,0.0,0.0,0.0,0.0,0.0,0.0,0.0,0.0,0.0,0.0,0.0,0.0,0.0,0.0,0.0,0.0,0.0,0.0,0.0,0.0,0.0,0.0,0.0,0.0,0.0,0.0,0.0,0.0,0.0,0.0,0.0,0.0,0.0,0.0,0.0,0.0,0.0,Z,16
0.0,0.0,0.319444,0.173469,0.583333,0.479592,0.486111,0.785714,0.138889,0.959184,0.305556,1.0,0.305556,1.387755,0.222222,1.653061,0.138889,1.887755,-0.069444,0.969388,-0.208333,1.081633,-0.111111,0.683673,0.0,0.602041,-0.388889,0.887755,-0.555556,0.918367,-0.402778,0.591837,-0.263889,0.540816,-0.694444,0.765306,-0.833333,0.795918,-0.666667,0.55102,-0.527778,0.469388,0,0,0.0,0.0,0.0,0.0,0.0,0.0,0.0,0.0,0.0,0.0,0.0,0.0,0.0,0.0,0.0,0.0,0.0,0.0,0.0,0.0,0.0,0.0,0.0,0.0,0.0,0.0,0.0,0.0,0.0,0.0,0.0,0.0,0.0,0.0,0.0,0.0,0.0,0.0,0.0,0.0,0.0,0.0,Z,16
0.0,0.0,0.328767,0.177083,0.589041,0.489583,0.479452,0.791667,0.136986,0.958333,0.287671,1.0,0.273973,1.40625,0.219178,1.677083,0.150685,1.916667,-0.082192,0.958333,-0.178082,1.072917,-0.082192,0.677083,0.0,0.625,-0.410959,0.875,-0.547945,0.9375,-0.383562,0.59375,-0.273973,0.572917,-0.712329,0.75,-0.835616,0.791667,-0.643836,0.552083,-0.520548,0.479167,0,0,0.0,0.0,0.0,0.0,0.0,0.0,0.0,0.0,0.0,0.0,0.0,0.0,0.0,0.0,0.0,0.0,0.0,0.0,0.0,0.0,0.0,0.0,0.0,0.0,0.0,0.0,0.0,0.0,0.0,0.0,0.0,0.0,0.0,0.0,0.0,0.0,0.0,0.0,0.0,0.0,0.0,0.0,Z,16
0.0,0.0,0.333333,0.16129,0.666667,0.462366,0.613333,0.774194,0.32,0.956989,0.44,1.0,0.506667,1.387097,0.453333,1.655914,0.4,1.903226,0.08,1.021505,0.0,1.096774,0.053333,0.709677,0.146667,0.612903,-0.24,0.946237,-0.36,0.956989,-0.24,0.623656,-0.133333,0.569892,-0.56,0.817204,-0.64,0.827957,-0.48,0.580645,-0.36,0.505376,0,0,0.0,0.0,0.0,0.0,0.0,0.0,0.0,0.0,0.0,0.0,0.0,0.0,0.0,0.0,0.0,0.0,0.0,0.0,0.0,0.0,0.0,0.0,0.0,0.0,0.0,0.0,0.0,0.0,0.0,0.0,0.0,0.0,0.0,0.0,0.0,0.0,0.0,0.0,0.0,0.0,0.0,0.0,Z,16
0.0,0.0,0.333333,0.152174,0.666667,0.445652,0.602564,0.75,0.333333,0.934783,0.423077,1.0,0.474359,1.358696,0.448718,1.630435,0.410256,1.869565,0.076923,1.032609,-0.012821,1.054348,0.051282,0.663043,0.128205,0.597826,-0.25641,0.978261,-0.371795,0.934783,-0.24359,0.597826,-0.141026,0.554348,-0.576923,0.858696,-0.679487,0.815217,-0.512821,0.565217,-0.410256,0.48913,0,0,0.0,0.0,0.0,0.0,0.0,0.0,0.0,0.0,0.0,0.0,0.0,0.0,0.0,0.0,0.0,0.0,0.0,0.0,0.0,0.0,0.0,0.0,0.0,0.0,0.0,0.0,0.0,0.0,0.0,0.0,0.0,0.0,0.0,0.0,0.0,0.0,0.0,0.0,0.0,0.0,0.0,0.0,Z,16
0.0,0.0,0.329114,0.153846,0.632911,0.450549,0.582278,0.758242,0.303797,0.934066,0.405063,1.0,0.468354,1.362637,0.443038,1.637363,0.392405,1.879121,0.050633,1.021978,0.0,1.065934,0.063291,0.659341,0.126582,0.582418,-0.265823,0.956044,-0.35443,0.934066,-0.227848,0.593407,-0.151899,0.549451,-0.594937,0.824176,-0.658228,0.802198,-0.481013,0.549451,-0.392405,0.483516,0,0,0.0,0.0,0.0,0.0,0.0,0.0,0.0,0.0,0.0,0.0,0.0,0.0,0.0,0.0,0.0,0.0,0.0,0.0,0.0,0.0,0.0,0.0,0.0,0.0,0.0,0.0,0.0,0.0,0.0,0.0,0.0,0.0,0.0,0.0,0.0,0.0,0.0,0.0,0.0,0.0,0.0,0.0,Z,16
0.0,0.0,0.325301,0.11828,0.638554,0.376344,0.626506,0.677419,0.433735,0.88172,0.481928,1.0,0.590361,1.301075,0.614458,1.548387,0.638554,1.741935,0.13253,1.086022,0.144578,1.0,0.156627,0.623656,0.192771,0.548387,-0.192771,1.032258,-0.192771,0.88172,-0.120482,0.569892,-0.060241,0.516129,-0.518072,0.903226,-0.493976,0.763441,-0.373494,0.526882,-0.289157,0.483871,0,0,0.0,0.0,0.0,0.0,0.0,0.0,0.0,0.0,0.0,0.0,0.0,0.0,0.0,0.0,0.0,0.0,0.0,0.0,0.0,0.0,0.0,0.0,0.0,0.0,0.0,0.0,0.0,0.0,0.0,0.0,0.0,0.0,0.0,0.0,0.0,0.0,0.0,0.0,0.0,0.0,0.0,0.0,Z,16
0.0,0.0,0.329268,0.108696,0.670732,0.369565,0.646341,0.673913,0.426829,0.869565,0.463415,1.0,0.573171,1.304348,0.597561,1.532609,0.621951,1.728261,0.109756,1.086957,0.146341,0.98913,0.170732,0.608696,0.182927,0.51087,-0.219512,1.032609,-0.195122,0.847826,-0.121951,0.532609,-0.073171,0.478261,-0.536585,0.913043,-0.5,0.73913,-0.365854,0.5,-0.292683,0.445652,0,0,0.0,0.0,0.0,0.0,0.0,0.0,0.0,0.0,0.0,0.0,0.0,0.0,0.0,0.0,0.0,0.0,0.0,0.0,0.0,0.0,0.0,0.0,0.0,0.0,0.0,0.0,0.0,0.0,0.0,0.0,0.0,0.0,0.0,0.0,0.0,0.0,0.0,0.0,0.0,0.0,0.0,0.0,Z,16
0.0,0.0,0.341176,0.108696,0.694118,0.347826,0.729412,0.619565,0.552941,0.815217,0.541176,1.0,0.729412,1.26087,0.8,1.467391,0.847059,1.652174,0.2,1.119565,0.305882,0.945652,0.270588,0.586957,0.247059,0.48913,-0.129412,1.065217,-0.011765,0.826087,0.011765,0.521739,0.023529,0.478261,-0.458824,0.923913,-0.329412,0.728261,-0.235294,0.48913,-0.188235,0.445652,0,0,0.0,0.0,0.0,0.0,0.0,0.0,0.0,0.0,0.0,0.0,0.0,0.0,0.0,0.0,0.0,0.0,0.0,0.0,0.0,0.0,0.0,0.0,0.0,0.0,0.0,0.0,0.0,0.0,0.0,0.0,0.0,0.0,0.0,0.0,0.0,0.0,0.0,0.0,0.0,0.0,0.0,0.0,Z,16
0.0,0.0,0.341176,0.107527,0.694118,0.333333,0.752941,0.602151,0.564706,0.774194,0.505882,1.0,0.670588,1.236559,0.752941,1.430108,0.823529,1.612903,0.152941,1.107527,0.294118,0.913978,0.282353,0.537634,0.247059,0.44086,-0.176471,1.043011,-0.047059,0.784946,0.0,0.473118,0.023529,0.430108,-0.494118,0.903226,-0.364706,0.677419,-0.247059,0.44086,-0.2,0.397849,0,0,0.0,0.0,0.0,0.0,0.0,0.0,0.0,0.0,0.0,0.0,0.0,0.0,0.0,0.0,0.0,0.0,0.0,0.0,0.0,0.0,0.0,0.0,0.0,0.0,0.0,0.0,0.0,0.0,0.0,0.0,0.0,0.0,0.0,0.0,0.0,0.0,0.0,0.0,0.0,0.0,0.0,0.0,Z,16
0.0,0.0,0.341176,0.1,0.717647,0.333333,0.8,0.6,0.647059,0.788889,0.576471,1.0,0.788235,1.2,0.882353,1.377778,0.976471,1.555556,0.223529,1.133333,0.352941,0.9,0.305882,0.533333,0.258824,0.455556,-0.105882,1.088889,0.023529,0.766667,0.035294,0.466667,0.035294,0.433333,-0.423529,0.944444,-0.305882,0.711111,-0.211765,0.455556,-0.164706,0.411111,0,0,0.0,0.0,0.0,0.0,0.0,0.0,0.0,0.0,0.0,0.0,0.0,0.0,0.0,0.0,0.0,0.0,0.0,0.0,0.0,0.0,0.0,0.0,0.0,0.0,0.0,0.0,0.0,0.0,0.0,0.0,0.0,0.0,0.0,0.0,0.0,0.0,0.0,0.0,0.0,0.0,0.0,0.0,Z,16
0.0,0.0,0.345238,0.098901,0.702381,0.318681,0.785714,0.571429,0.630952,0.747253,0.547619,1.0,0.738095,1.186813,0.845238,1.362637,0.940476,1.538462,0.202381,1.120879,0.333333,0.901099,0.297619,0.527473,0.27381,0.406593,-0.130952,1.065934,-0.011905,0.758242,0.02381,0.450549,0.047619,0.395604,-0.452381,0.934066,-0.345238,0.681319,-0.238095,0.43956,-0.178571,0.384615,0,0,0.0,0.0,0.0,0.0,0.0,0.0,0.0,0.0,0.0,0.0,0.0,0.0,0.0,0.0,0.0,0.0,0.0,0.0,0.0,0.0,0.0,0.0,0.0,0.0,0.0,0.0,0.0,0.0,0.0,0.0,0.0,0.0,0.0,0.0,0.0,0.0,0.0,0.0,0.0,0.0,0.0,0.0,Z,16
0.0,0.0,0.357143,0.1,0.702381,0.311111,0.785714,0.566667,0.630952,0.766667,0.559524,1.0,0.738095,1.188889,0.857143,1.377778,0.952381,1.555556,0.214286,1.133333,0.345238,0.911111,0.309524,0.533333,0.27381,0.411111,-0.119048,1.077778,0.0,0.766667,0.02381,0.455556,0.047619,0.4,-0.440476,0.944444,-0.333333,0.677778,-0.238095,0.433333,-0.166667,0.388889,0,0,0.0,0.0,0.0,0.0,0.0,0.0,0.0,0.0,0.0,0.0,0.0,0.0,0.0,0.0,0.0,0.0,0.0,0.0,0.0,0.0,0.0,0.0,0.0,0.0,0.0,0.0,0.0,0.0,0.0,0.0,0.0,0.0,0.0,0.0,0.0,0.0,0.0,0.0,0.0,0.0,0.0,0.0,Z,16
0.0,0.0,0.352941,0.070588,0.717647,0.282353,0.835294,0.517647,0.717647,0.729412,0.635294,1.0,0.858824,1.2,0.988235,1.388235,1.105882,1.576471,0.294118,1.164706,0.411765,0.905882,0.364706,0.529412,0.329412,0.4,-0.047059,1.129412,0.070588,0.764706,0.070588,0.447059,0.094118,0.4,-0.364706,0.988235,-0.270588,0.682353,-0.188235,0.423529,-0.117647,0.376471,0,0,0.0,0.0,0.0,0.0,0.0,0.0,0.0,0.0,0.0,0.0,0.0,0.0,0.0,0.0,0.0,0.0,0.0,0.0,0.0,0.0,0.0,0.0,0.0,0.0,0.0,0.0,0.0,0.0,0.0,0.0,0.0,0.0,0.0,0.0,0.0,0.0,0.0,0.0,0.0,0.0,0.0,0.0,Z,16
0.0,0.0,0.352941,0.070588,0.717647,0.282353,0.823529,0.529412,0.705882,0.717647,0.611765,1.0,0.835294,1.188235,0.964706,1.364706,1.082353,1.552941,0.270588,1.164706,0.4,0.894118,0.352941,0.505882,0.317647,0.376471,-0.070588,1.129412,0.058824,0.752941,0.070588,0.435294,0.082353,0.376471,-0.388235,0.988235,-0.282353,0.694118,-0.176471,0.435294,-0.117647,0.388235,0,0,0.0,0.0,0.0,0.0,0.0,0.0,0.0,0.0,0.0,0.0,0.0,0.0,0.0,0.0,0.0,0.0,0.0,0.0,0.0,0.0,0.0,0.0,0.0,0.0,0.0,0.0,0.0,0.0,0.0,0.0,0.0,0.0,0.0,0.0,0.0,0.0,0.0,0.0,0.0,0.0,0.0,0.0,Z,16
0.0,0.0,0.356322,0.049383,0.735632,0.246914,0.873563,0.506173,0.735632,0.716049,0.655172,1.0,0.908046,1.185185,1.057471,1.37037,1.195402,1.555556,0.321839,1.185185,0.45977,0.901235,0.402299,0.493827,0.356322,0.358025,-0.011494,1.160494,0.137931,0.753086,0.114943,0.407407,0.114943,0.345679,-0.344828,1.012346,-0.218391,0.691358,-0.126437,0.407407,-0.068966,0.345679,0,0,0.0,0.0,0.0,0.0,0.0,0.0,0.0,0.0,0.0,0.0,0.0,0.0,0.0,0.0,0.0,0.0,0.0,0.0,0.0,0.0,0.0,0.0,0.0,0.0,0.0,0.0,0.0,0.0,0.0,0.0,0.0,0.0,0.0,0.0,0.0,0.0,0.0,0.0,0.0,0.0,0.0,0.0,Z,16
0.0,0.0,0.369048,0.049383,0.738095,0.234568,0.892857,0.469136,0.785714,0.679012,0.642857,1.0,0.904762,1.17284,1.071429,1.345679,1.214286,1.530864,0.309524,1.185185,0.47619,0.888889,0.416667,0.469136,0.369048,0.345679,-0.035714,1.148148,0.130952,0.740741,0.130952,0.395062,0.130952,0.320988,-0.357143,1.012346,-0.22619,0.691358,-0.119048,0.395062,-0.047619,0.333333,0,0,0.0,0.0,0.0,0.0,0.0,0.0,0.0,0.0,0.0,0.0,0.0,0.0,0.0,0.0,0.0,0.0,0.0,0.0,0.0,0.0,0.0,0.0,0.0,0.0,0.0,0.0,0.0,0.0,0.0,0.0,0.0,0.0,0.0,0.0,0.0,0.0,0.0,0.0,0.0,0.0,0.0,0.0,Z,16
0.0,0.0,0.352941,0.04878,0.705882,0.256098,0.858824,0.487805,0.764706,0.695122,0.635294,1.0,0.870588,1.170732,1.035294,1.341463,1.188235,1.536585,0.294118,1.170732,0.458824,0.890244,0.4,0.47561,0.341176,0.341463,-0.047059,1.146341,0.117647,0.743902,0.117647,0.402439,0.117647,0.341463,-0.364706,1.012195,-0.235294,0.682927,-0.141176,0.402439,-0.070588,0.341463,0,0,0.0,0.0,0.0,0.0,0.0,0.0,0.0,0.0,0.0,0.0,0.0,0.0,0.0,0.0,0.0,0.0,0.0,0.0,0.0,0.0,0.0,0.0,0.0,0.0,0.0,0.0,0.0,0.0,0.0,0.0,0.0,0.0,0.0,0.0,0.0,0.0,0.0,0.0,0.0,0.0,0.0,0.0,Z,16
0.0,0.0,0.357143,0.072289,0.72619,0.277108,0.869048,0.518072,0.77381,0.710843,0.654762,1.0,0.892857,1.144578,1.047619,1.301205,1.190476,1.481928,0.321429,1.156627,0.47619,0.891566,0.416667,0.493976,0.357143,0.385542,-0.011905,1.13253,0.130952,0.746988,0.119048,0.421687,0.119048,0.39759,-0.345238,0.987952,-0.22619,0.674699,-0.154762,0.421687,-0.107143,0.39759,0,0,0.0,0.0,0.0,0.0,0.0,0.0,0.0,0.0,0.0,0.0,0.0,0.0,0.0,0.0,0.0,0.0,0.0,0.0,0.0,0.0,0.0,0.0,0.0,0.0,0.0,0.0,0.0,0.0,0.0,0.0,0.0,0.0,0.0,0.0,0.0,0.0,0.0,0.0,0.0,0.0,0.0,0.0,Z,16
0.0,0.0,0.345238,0.061728,0.714286,0.259259,0.857143,0.518519,0.761905,0.716049,0.642857,1.0,0.869048,1.160494,1.035714,1.320988,1.178571,1.506173,0.309524,1.17284,0.47619,0.901235,0.404762,0.506173,0.345238,0.395062,-0.035714,1.135802,0.119048,0.753086,0.107143,0.419753,0.107143,0.395062,-0.357143,1.0,-0.238095,0.679012,-0.154762,0.419753,-0.107143,0.395062,0,0,0.0,0.0,0.0,0.0,0.0,0.0,0.0,0.0,0.0,0.0,0.0,0.0,0.0,0.0,0.0,0.0,0.0,0.0,0.0,0.0,0.0,0.0,0.0,0.0,0.0,0.0,0.0,0.0,0.0,0.0,0.0,0.0,0.0,0.0,0.0,0.0,0.0,0.0,0.0,0.0,0.0,0.0,Z,16
0.0,0.0,0.341176,0.082353,0.705882,0.329412,0.776471,0.6,0.623529,0.776471,0.588235,1.0,0.741176,1.141176,0.847059,1.282353,0.952941,1.423529,0.258824,1.141176,0.364706,0.905882,0.329412,0.529412,0.282353,0.411765,-0.082353,1.094118,0.023529,0.752941,0.047059,0.458824,0.047059,0.423529,-0.411765,0.941176,-0.305882,0.670588,-0.223529,0.423529,-0.188235,0.388235,0,0,0.0,0.0,0.0,0.0,0.0,0.0,0.0,0.0,0.0,0.0,0.0,0.0,0.0,0.0,0.0,0.0,0.0,0.0,0.0,0.0,0.0,0.0,0.0,0.0,0.0,0.0,0.0,0.0,0.0,0.0,0.0,0.0,0.0,0.0,0.0,0.0,0.0,0.0,0.0,0.0,0.0,0.0,Z,16
0.0,0.0,0.345238,0.070588,0.714286,0.305882,0.797619,0.6,0.630952,0.776471,0.571429,1.0,0.72619,1.141176,0.845238,1.282353,0.964286,1.423529,0.238095,1.141176,0.369048,0.905882,0.333333,0.529412,0.285714,0.411765,-0.107143,1.082353,0.02381,0.752941,0.035714,0.458824,0.059524,0.423529,-0.428571,0.941176,-0.321429,0.658824,-0.238095,0.411765,-0.190476,0.376471,0,0,0.0,0.0,0.0,0.0,0.0,0.0,0.0,0.0,0.0,0.0,0.0,0.0,0.0,0.0,0.0,0.0,0.0,0.0,0.0,0.0,0.0,0.0,0.0,0.0,0.0,0.0,0.0,0.0,0.0,0.0,0.0,0.0,0.0,0.0,0.0,0.0,0.0,0.0,0.0,0.0,0.0,0.0,Z,16
0.0,0.0,0.309524,0.093023,0.690476,0.325581,0.702381,0.604651,0.52381,0.790698,0.547619,1.0,0.678571,1.139535,0.738095,1.290698,0.797619,1.453488,0.202381,1.139535,0.261905,0.930233,0.238095,0.546512,0.214286,0.465116,-0.130952,1.081395,-0.071429,0.790698,-0.035714,0.476744,-0.02381,0.465116,-0.452381,0.94186,-0.392857,0.697674,-0.297619,0.44186,-0.25,0.406977,0,0,0.0,0.0,0.0,0.0,0.0,0.0,0.0,0.0,0.0,0.0,0.0,0.0,0.0,0.0,0.0,0.0,0.0,0.0,0.0,0.0,0.0,0.0,0.0,0.0,0.0,0.0,0.0,0.0,0.0,0.0,0.0,0.0,0.0,0.0,0.0,0.0,0.0,0.0,0.0,0.0,0.0,0.0,Z,16
0.0,0.0,0.294118,0.081395,0.670588,0.325581,0.658824,0.604651,0.494118,0.813953,0.505882,1.0,0.623529,1.139535,0.694118,1.27907,0.764706,1.44186,0.164706,1.127907,0.235294,0.94186,0.223529,0.55814,0.211765,0.465116,-0.164706,1.069767,-0.105882,0.825581,-0.058824,0.511628,-0.023529,0.453488,-0.494118,0.918605,-0.435294,0.744186,-0.329412,0.488372,-0.282353,0.430233,0,0,0.0,0.0,0.0,0.0,0.0,0.0,0.0,0.0,0.0,0.0,0.0,0.0,0.0,0.0,0.0,0.0,0.0,0.0,0.0,0.0,0.0,0.0,0.0,0.0,0.0,0.0,0.0,0.0,0.0,0.0,0.0,0.0,0.0,0.0,0.0,0.0,0.0,0.0,0.0,0.0,0.0,0.0,Z,16
0.0,0.0,0.305882,0.070588,0.682353,0.305882,0.694118,0.588235,0.517647,0.788235,0.517647,1.0,0.635294,1.141176,0.705882,1.282353,0.776471,1.447059,0.176471,1.129412,0.247059,0.929412,0.235294,0.552941,0.223529,0.447059,-0.152941,1.070588,-0.082353,0.823529,-0.047059,0.505882,-0.023529,0.447059,-0.482353,0.917647,-0.411765,0.741176,-0.317647,0.482353,-0.270588,0.435294,0,0,0.0,0.0,0.0,0.0,0.0,0.0,0.0,0.0,0.0,0.0,0.0,0.0,0.0,0.0,0.0,0.0,0.0,0.0,0.0,0.0,0.0,0.0,0.0,0.0,0.0,0.0,0.0,0.0,0.0,0.0,0.0,0.0,0.0,0.0,0.0,0.0,0.0,0.0,0.0,0.0,0.0,0.0,Z,16
0.0,0.0,0.294118,0.081395,0.635294,0.337209,0.635294,0.616279,0.4,0.790698,0.482353,1.0,0.541176,1.139535,0.552941,1.302326,0.564706,1.465116,0.152941,1.104651,0.082353,0.976744,0.094118,0.581395,0.129412,0.44186,-0.188235,1.034884,-0.235294,0.883721,-0.152941,0.55814,-0.094118,0.465116,-0.517647,0.883721,-0.517647,0.77907,-0.4,0.523256,-0.329412,0.430233,0,0,0.0,0.0,0.0,0.0,0.0,0.0,0.0,0.0,0.0,0.0,0.0,0.0,0.0,0.0,0.0,0.0,0.0,0.0,0.0,0.0,0.0,0.0,0.0,0.0,0.0,0.0,0.0,0.0,0.0,0.0,0.0,0.0,0.0,0.0,0.0,0.0,0.0,0.0,0.0,0.0,0.0,0.0,Z,16
0.0,0.0,0.290698,0.072289,0.627907,0.337349,0.616279,0.626506,0.372093,0.819277,0.476744,1.0,0.534884,1.180723,0.534884,1.337349,0.534884,1.493976,0.127907,1.096386,0.081395,1.024096,0.081395,0.614458,0.127907,0.433735,-0.209302,1.024096,-0.244186,0.915663,-0.186047,0.578313,-0.104651,0.433735,-0.523256,0.879518,-0.523256,0.807229,-0.418605,0.542169,-0.337209,0.409639,0,0,0.0,0.0,0.0,0.0,0.0,0.0,0.0,0.0,0.0,0.0,0.0,0.0,0.0,0.0,0.0,0.0,0.0,0.0,0.0,0.0,0.0,0.0,0.0,0.0,0.0,0.0,0.0,0.0,0.0,0.0,0.0,0.0,0.0,0.0,0.0,0.0,0.0,0.0,0.0,0.0,0.0,0.0,Z,16
0.0,0.0,0.297619,0.123596,0.571429,0.370787,0.52381,0.651685,0.261905,0.808989,0.392857,1.0,0.380952,1.134831,0.345238,1.280899,0.309524,1.41573,0.035714,1.033708,-0.035714,0.988764,0.011905,0.595506,0.059524,0.483146,-0.285714,0.955056,-0.357143,0.876404,-0.238095,0.561798,-0.166667,0.47191,-0.607143,0.786517,-0.630952,0.741573,-0.488095,0.494382,-0.392857,0.426966,0,0,0.0,0.0,0.0,0.0,0.0,0.0,0.0,0.0,0.0,0.0,0.0,0.0,0.0,0.0,0.0,0.0,0.0,0.0,0.0,0.0,0.0,0.0,0.0,0.0,0.0,0.0,0.0,0.0,0.0,0.0,0.0,0.0,0.0,0.0,0.0,0.0,0.0,0.0,0.0,0.0,0.0,0.0,Z,16
0.0,0.0,0.302326,0.096386,0.593023,0.349398,0.534884,0.662651,0.255814,0.855422,0.453488,1.0,0.453488,1.13253,0.395349,1.301205,0.348837,1.493976,0.104651,1.084337,-0.023256,1.048193,-0.011628,0.650602,0.05814,0.506024,-0.22093,1.036145,-0.348837,0.951807,-0.267442,0.60241,-0.162791,0.493976,-0.546512,0.891566,-0.616279,0.831325,-0.5,0.566265,-0.395349,0.46988,0,0,0.0,0.0,0.0,0.0,0.0,0.0,0.0,0.0,0.0,0.0,0.0,0.0,0.0,0.0,0.0,0.0,0.0,0.0,0.0,0.0,0.0,0.0,0.0,0.0,0.0,0.0,0.0,0.0,0.0,0.0,0.0,0.0,0.0,0.0,0.0,0.0,0.0,0.0,0.0,0.0,0.0,0.0,Z,16
0.0,0.0,0.272727,0.107527,0.568182,0.344086,0.511364,0.634409,0.227273,0.784946,0.375,1.0,0.329545,1.075269,0.25,1.193548,0.159091,1.354839,0.011364,1.107527,-0.102273,0.860215,-0.034091,0.473118,0.045455,0.451613,-0.318182,1.053763,-0.420455,0.774194,-0.295455,0.462366,-0.181818,0.451613,-0.625,0.913978,-0.681818,0.688172,-0.522727,0.451613,-0.397727,0.419355,0,0,0.0,0.0,0.0,0.0,0.0,0.0,0.0,0.0,0.0,0.0,0.0,0.0,0.0,0.0,0.0,0.0,0.0,0.0,0.0,0.0,0.0,0.0,0.0,0.0,0.0,0.0,0.0,0.0,0.0,0.0,0.0,0.0,0.0,0.0,0.0,0.0,0.0,0.0,0.0,0.0,0.0,0.0,Z,16
0.0,0.0,0.272727,0.087912,0.579545,0.32967,0.534091,0.637363,0.261364,0.802198,0.397727,1.0,0.363636,1.076923,0.261364,1.208791,0.181818,1.373626,0.034091,1.131868,-0.090909,0.868132,-0.034091,0.483516,0.056818,0.472527,-0.295455,1.087912,-0.431818,0.78022,-0.295455,0.461538,-0.170455,0.461538,-0.602273,0.967033,-0.670455,0.692308,-0.522727,0.450549,-0.386364,0.428571,0,0,0.0,0.0,0.0,0.0,0.0,0.0,0.0,0.0,0.0,0.0,0.0,0.0,0.0,0.0,0.0,0.0,0.0,0.0,0.0,0.0,0.0,0.0,0.0,0.0,0.0,0.0,0.0,0.0,0.0,0.0,0.0,0.0,0.0,0.0,0.0,0.0,0.0,0.0,0.0,0.0,0.0,0.0,Z,16
0.0,0.0,0.267442,0.106383,0.581395,0.340426,0.546512,0.62766,0.267442,0.787234,0.383721,1.0,0.348837,1.06383,0.255814,1.180851,0.174419,1.351064,0.023256,1.106383,-0.104651,0.840426,-0.034884,0.478723,0.046512,0.478723,-0.313953,1.06383,-0.44186,0.755319,-0.302326,0.457447,-0.174419,0.457447,-0.616279,0.925532,-0.686047,0.670213,-0.534884,0.43617,-0.383721,0.414894,0,0,0.0,0.0,0.0,0.0,0.0,0.0,0.0,0.0,0.0,0.0,0.0,0.0,0.0,0.0,0.0,0.0,0.0,0.0,0.0,0.0,0.0,0.0,0.0,0.0,0.0,0.0,0.0,0.0,0.0,0.0,0.0,0.0,0.0,0.0,0.0,0.0,0.0,0.0,0.0,0.0,0.0,0.0,Z,16
0.0,0.0,0.272727,0.106383,0.590909,0.351064,0.488636,0.638298,0.193182,0.755319,0.375,1.0,0.306818,1.053191,0.215909,1.170213,0.136364,1.329787,0.011364,1.106383,-0.113636,0.851064,-0.045455,0.468085,0.045455,0.457447,-0.318182,1.053191,-0.443182,0.776596,-0.318182,0.457447,-0.204545,0.468085,-0.625,0.914894,-0.681818,0.670213,-0.545455,0.446809,-0.431818,0.43617,0,0,0.0,0.0,0.0,0.0,0.0,0.0,0.0,0.0,0.0,0.0,0.0,0.0,0.0,0.0,0.0,0.0,0.0,0.0,0.0,0.0,0.0,0.0,0.0,0.0,0.0,0.0,0.0,0.0,0.0,0.0,0.0,0.0,0.0,0.0,0.0,0.0,0.0,0.0,0.0,0.0,0.0,0.0,Z,16
0.0,0.0,0.295455,0.106383,0.602273,0.37234,0.488636,0.648936,0.181818,0.765957,0.363636,1.0,0.306818,1.053191,0.215909,1.159574,0.125,1.329787,-0.011364,1.106383,-0.125,0.829787,-0.045455,0.446809,0.034091,0.457447,-0.340909,1.053191,-0.454545,0.755319,-0.306818,0.43617,-0.193182,0.446809,-0.636364,0.914894,-0.693182,0.659574,-0.534091,0.43617,-0.420455,0.414894,0,0,0.0,0.0,0.0,0.0,0.0,0.0,0.0,0.0,0.0,0.0,0.0,0.0,0.0,0.0,0.0,0.0,0.0,0.0,0.0,0.0,0.0,0.0,0.0,0.0,0.0,0.0,0.0,0.0,0.0,0.0,0.0,0.0,0.0,0.0,0.0,0.0,0.0,0.0,0.0,0.0,0.0,0.0,Z,16
0.0,0.0,0.284091,0.106383,0.568182,0.351064,0.488636,0.638298,0.193182,0.776596,0.386364,1.0,0.306818,1.053191,0.193182,1.170213,0.079545,1.340426,0.011364,1.106383,-0.136364,0.829787,-0.079545,0.457447,0.022727,0.446809,-0.318182,1.053191,-0.465909,0.765957,-0.352273,0.457447,-0.215909,0.446809,-0.613636,0.914894,-0.693182,0.680851,-0.556818,0.457447,-0.420455,0.425532,0,0,0.0,0.0,0.0,0.0,0.0,0.0,0.0,0.0,0.0,0.0,0.0,0.0,0.0,0.0,0.0,0.0,0.0,0.0,0.0,0.0,0.0,0.0,0.0,0.0,0.0,0.0,0.0,0.0,0.0,0.0,0.0,0.0,0.0,0.0,0.0,0.0,0.0,0.0,0.0,0.0,0.0,0.0,Z,16
0.0,0.0,0.272727,0.096774,0.556818,0.354839,0.454545,0.655914,0.147727,0.784946,0.363636,1.0,0.284091,1.043011,0.170455,1.16129,0.068182,1.344086,-0.011364,1.107527,-0.147727,0.827957,-0.079545,0.451613,0.022727,0.44086,-0.340909,1.064516,-0.488636,0.774194,-0.340909,0.451613,-0.215909,0.44086,-0.636364,0.935484,-0.704545,0.688172,-0.556818,0.451613,-0.409091,0.430108,0,0,0.0,0.0,0.0,0.0,0.0,0.0,0.0,0.0,0.0,0.0,0.0,0.0,0.0,0.0,0.0,0.0,0.0,0.0,0.0,0.0,0.0,0.0,0.0,0.0,0.0,0.0,0.0,0.0,0.0,0.0,0.0,0.0,0.0,0.0,0.0,0.0,0.0,0.0,0.0,0.0,0.0,0.0,Z,16
0.0,0.0,0.269663,0.095745,0.550562,0.351064,0.449438,0.638298,0.146067,0.765957,0.370787,1.0,0.280899,1.031915,0.168539,1.138298,0.067416,1.319149,0.0,1.106383,-0.146067,0.808511,-0.078652,0.43617,0.011236,0.43617,-0.337079,1.06383,-0.483146,0.755319,-0.348315,0.446809,-0.224719,0.446809,-0.629213,0.925532,-0.707865,0.680851,-0.561798,0.446809,-0.426966,0.425532,0,0,0.0,0.0,0.0,0.0,0.0,0.0,0.0,0.0,0.0,0.0,0.0,0.0,0.0,0.0,0.0,0.0,0.0,0.0,0.0,0.0,0.0,0.0,0.0,0.0,0.0,0.0,0.0,0.0,0.0,0.0,0.0,0.0,0.0,0.0,0.0,0.0,0.0,0.0,0.0,0.0,0.0,0.0,Z,16
0.0,0.0,0.272727,0.114583,0.534091,0.375,0.397727,0.65625,0.090909,0.78125,0.329545,1.0,0.215909,1.052083,0.090909,1.15625,-0.022727,1.34375,-0.045455,1.083333,-0.204545,0.833333,-0.113636,0.447917,0.0,0.458333,-0.375,1.041667,-0.545455,0.78125,-0.386364,0.458333,-0.25,0.46875,-0.670455,0.916667,-0.761364,0.697917,-0.602273,0.46875,-0.465909,0.46875,0,0,0.0,0.0,0.0,0.0,0.0,0.0,0.0,0.0,0.0,0.0,0.0,0.0,0.0,0.0,0.0,0.0,0.0,0.0,0.0,0.0,0.0,0.0,0.0,0.0,0.0,0.0,0.0,0.0,0.0,0.0,0.0,0.0,0.0,0.0,0.0,0.0,0.0,0.0,0.0,0.0,0.0,0.0,Z,16
0.0,0.0,0.258427,0.113402,0.516854,0.371134,0.404494,0.649485,0.089888,0.762887,0.303371,1.0,0.202247,1.030928,0.078652,1.134021,-0.022472,1.309278,-0.078652,1.072165,-0.213483,0.804124,-0.123596,0.43299,-0.011236,0.443299,-0.404494,1.010309,-0.561798,0.752577,-0.404494,0.443299,-0.258427,0.443299,-0.696629,0.865979,-0.786517,0.649485,-0.617978,0.43299,-0.47191,0.42268,0,0,0.0,0.0,0.0,0.0,0.0,0.0,0.0,0.0,0.0,0.0,0.0,0.0,0.0,0.0,0.0,0.0,0.0,0.0,0.0,0.0,0.0,0.0,0.0,0.0,0.0,0.0,0.0,0.0,0.0,0.0,0.0,0.0,0.0,0.0,0.0,0.0,0.0,0.0,0.0,0.0,0.0,0.0,Z,16
0.0,0.0,0.287356,0.114583,0.551724,0.364583,0.425287,0.645833,0.114943,0.760417,0.310345,1.0,0.206897,1.041667,0.091954,1.135417,-0.011494,1.302083,-0.068966,1.072917,-0.229885,0.791667,-0.114943,0.416667,-0.011494,0.4375,-0.402299,1.010417,-0.574713,0.739583,-0.402299,0.427083,-0.252874,0.4375,-0.689655,0.864583,-0.793103,0.645833,-0.62069,0.427083,-0.471264,0.416667,0,0,0.0,0.0,0.0,0.0,0.0,0.0,0.0,0.0,0.0,0.0,0.0,0.0,0.0,0.0,0.0,0.0,0.0,0.0,0.0,0.0,0.0,0.0,0.0,0.0,0.0,0.0,0.0,0.0,0.0,0.0,0.0,0.0,0.0,0.0,0.0,0.0,0.0,0.0,0.0,0.0,0.0,0.0,Z,16
0.0,0.0,0.275862,0.123711,0.54023,0.381443,0.413793,0.659794,0.091954,0.762887,0.298851,1.0,0.195402,1.041237,0.08046,1.134021,-0.011494,1.298969,-0.091954,1.072165,-0.241379,0.793814,-0.126437,0.42268,-0.022989,0.443299,-0.413793,1.010309,-0.586207,0.742268,-0.413793,0.43299,-0.264368,0.43299,-0.701149,0.865979,-0.804598,0.649485,-0.632184,0.43299,-0.482759,0.42268,0,0,0.0,0.0,0.0,0.0,0.0,0.0,0.0,0.0,0.0,0.0,0.0,0.0,0.0,0.0,0.0,0.0,0.0,0.0,0.0,0.0,0.0,0.0,0.0,0.0,0.0,0.0,0.0,0.0,0.0,0.0,0.0,0.0,0.0,0.0,0.0,0.0,0.0,0.0,0.0,0.0,0.0,0.0,Z,16
0.0,0.0,0.290698,0.114583,0.569767,0.375,0.44186,0.65625,0.093023,0.770833,0.290698,1.0,0.186047,1.052083,0.069767,1.135417,-0.046512,1.302083,-0.093023,1.072917,-0.255814,0.8125,-0.139535,0.427083,-0.011628,0.458333,-0.418605,1.010417,-0.604651,0.739583,-0.418605,0.416667,-0.267442,0.427083,-0.709302,0.864583,-0.813953,0.645833,-0.639535,0.416667,-0.488372,0.40625,0,0,0.0,0.0,0.0,0.0,0.0,0.0,0.0,0.0,0.0,0.0,0.0,0.0,0.0,0.0,0.0,0.0,0.0,0.0,0.0,0.0,0.0,0.0,0.0,0.0,0.0,0.0,0.0,0.0,0.0,0.0,0.0,0.0,0.0,0.0,0.0,0.0,0.0,0.0,0.0,0.0,0.0,0.0,Z,16
0.0,0.0,0.305882,0.131313,0.576471,0.393939,0.423529,0.646465,0.070588,0.737374,0.270588,1.0,0.152941,1.040404,0.058824,1.111111,-0.047059,1.272727,-0.117647,1.060606,-0.294118,0.787879,-0.152941,0.434343,-0.035294,0.444444,-0.447059,0.989899,-0.623529,0.717172,-0.435294,0.414141,-0.270588,0.414141,-0.729412,0.838384,-0.835294,0.626263,-0.647059,0.40404,-0.482353,0.393939,0,0,0.0,0.0,0.0,0.0,0.0,0.0,0.0,0.0,0.0,0.0,0.0,0.0,0.0,0.0,0.0,0.0,0.0,0.0,0.0,0.0,0.0,0.0,0.0,0.0,0.0,0.0,0.0,0.0,0.0,0.0,0.0,0.0,0.0,0.0,0.0,0.0,0.0,0.0,0.0,0.0,0.0,0.0,Z,16
0.0,0.0,0.321429,0.122449,0.595238,0.397959,0.416667,0.653061,0.047619,0.744898,0.261905,1.0,0.119048,1.040816,0.011905,1.112245,-0.083333,1.27551,-0.130952,1.061224,-0.321429,0.77551,-0.190476,0.418367,-0.059524,0.428571,-0.464286,1.0,-0.642857,0.714286,-0.452381,0.408163,-0.27381,0.408163,-0.738095,0.857143,-0.833333,0.632653,-0.642857,0.418367,-0.488095,0.387755,0,0,0.0,0.0,0.0,0.0,0.0,0.0,0.0,0.0,0.0,0.0,0.0,0.0,0.0,0.0,0.0,0.0,0.0,0.0,0.0,0.0,0.0,0.0,0.0,0.0,0.0,0.0,0.0,0.0,0.0,0.0,0.0,0.0,0.0,0.0,0.0,0.0,0.0,0.0,0.0,0.0,0.0,0.0,Z,16
0.0,0.0,0.305882,0.121212,0.576471,0.383838,0.411765,0.636364,0.058824,0.737374,0.270588,1.0,0.129412,1.030303,0.023529,1.111111,-0.082353,1.262626,-0.117647,1.060606,-0.317647,0.767677,-0.188235,0.414141,-0.058824,0.414141,-0.447059,1.0,-0.635294,0.707071,-0.447059,0.40404,-0.282353,0.40404,-0.729412,0.858586,-0.823529,0.636364,-0.647059,0.414141,-0.494118,0.393939,0,0,0.0,0.0,0.0,0.0,0.0,0.0,0.0,0.0,0.0,0.0,0.0,0.0,0.0,0.0,0.0,0.0,0.0,0.0,0.0,0.0,0.0,0.0,0.0,0.0,0.0,0.0,0.0,0.0,0.0,0.0,0.0,0.0,0.0,0.0,0.0,0.0,0.0,0.0,0.0,0.0,0.0,0.0,Z,16
0.0,0.0,0.290698,0.111111,0.55814,0.373737,0.418605,0.626263,0.069767,0.727273,0.244186,1.0,0.116279,1.030303,-0.011628,1.111111,-0.139535,1.252525,-0.151163,1.060606,-0.325581,0.787879,-0.197674,0.424242,-0.081395,0.424242,-0.476744,0.989899,-0.651163,0.717172,-0.476744,0.414141,-0.325581,0.414141,-0.755814,0.848485,-0.860465,0.626263,-0.674419,0.414141,-0.523256,0.40404,0,0,0.0,0.0,0.0,0.0,0.0,0.0,0.0,0.0,0.0,0.0,0.0,0.0,0.0,0.0,0.0,0.0,0.0,0.0,0.0,0.0,0.0,0.0,0.0,0.0,0.0,0.0,0.0,0.0,0.0,0.0,0.0,0.0,0.0,0.0,0.0,0.0,0.0,0.0,0.0,0.0,0.0,0.0,Z,16
0.0,0.0,0.309524,0.118812,0.595238,0.386139,0.428571,0.643564,0.047619,0.722772,0.214286,1.0,0.095238,1.029703,-0.011905,1.09901,-0.107143,1.217822,-0.178571,1.039604,-0.345238,0.782178,-0.202381,0.425743,-0.083333,0.415842,-0.5,0.960396,-0.666667,0.693069,-0.47619,0.39604,-0.321429,0.386139,-0.785714,0.811881,-0.869048,0.613861,-0.678571,0.39604,-0.52381,0.376238,0,0,0.0,0.0,0.0,0.0,0.0,0.0,0.0,0.0,0.0,0.0,0.0,0.0,0.0,0.0,0.0,0.0,0.0,0.0,0.0,0.0,0.0,0.0,0.0,0.0,0.0,0.0,0.0,0.0,0.0,0.0,0.0,0.0,0.0,0.0,0.0,0.0,0.0,0.0,0.0,0.0,0.0,0.0,Z,16
0.0,0.0,0.302326,0.125,0.581395,0.395833,0.418605,0.666667,0.05814,0.760417,0.232558,1.0,0.116279,1.041667,-0.011628,1.125,-0.162791,1.260417,-0.151163,1.083333,-0.325581,0.791667,-0.186047,0.427083,-0.069767,0.427083,-0.488372,1.020833,-0.639535,0.71875,-0.453488,0.40625,-0.290698,0.40625,-0.767442,0.875,-0.848837,0.645833,-0.662791,0.416667,-0.523256,0.40625,0,0,0.0,0.0,0.0,0.0,0.0,0.0,0.0,0.0,0.0,0.0,0.0,0.0,0.0,0.0,0.0,0.0,0.0,0.0,0.0,0.0,0.0,0.0,0.0,0.0,0.0,0.0,0.0,0.0,0.0,0.0,0.0,0.0,0.0,0.0,0.0,0.0,0.0,0.0,0.0,0.0,0.0,0.0,Z,16
0.0,0.0,0.313953,0.13,0.593023,0.39,0.406977,0.66,0.023256,0.73,0.232558,1.0,0.104651,1.03,-0.023256,1.09,-0.139535,1.23,-0.162791,1.06,-0.348837,0.79,-0.197674,0.42,-0.069767,0.43,-0.488372,0.99,-0.674419,0.71,-0.465116,0.4,-0.302326,0.41,-0.767442,0.84,-0.860465,0.62,-0.674419,0.41,-0.523256,0.4,0,0,0.0,0.0,0.0,0.0,0.0,0.0,0.0,0.0,0.0,0.0,0.0,0.0,0.0,0.0,0.0,0.0,0.0,0.0,0.0,0.0,0.0,0.0,0.0,0.0,0.0,0.0,0.0,0.0,0.0,0.0,0.0,0.0,0.0,0.0,0.0,0.0,0.0,0.0,0.0,0.0,0.0,0.0,Z,16
0.0,0.0,0.309524,0.13,0.607143,0.4,0.440476,0.66,0.047619,0.74,0.214286,1.0,0.083333,1.03,-0.011905,1.08,-0.119048,1.23,-0.178571,1.06,-0.369048,0.77,-0.202381,0.42,-0.071429,0.45,-0.511905,0.99,-0.690476,0.69,-0.464286,0.4,-0.309524,0.42,-0.785714,0.84,-0.880952,0.61,-0.666667,0.4,-0.511905,0.39,0,0,0.0,0.0,0.0,0.0,0.0,0.0,0.0,0.0,0.0,0.0,0.0,0.0,0.0,0.0,0.0,0.0,0.0,0.0,0.0,0.0,0.0,0.0,0.0,0.0,0.0,0.0,0.0,0.0,0.0,0.0,0.0,0.0,0.0,0.0,0.0,0.0,0.0,0.0,0.0,0.0,0.0,0.0,Z,16
0.0,0.0,0.321429,0.131313,0.619048,0.393939,0.452381,0.656566,0.059524,0.737374,0.22619,1.0,0.095238,1.020202,-0.011905,1.090909,-0.130952,1.232323,-0.166667,1.070707,-0.369048,0.757576,-0.202381,0.40404,-0.071429,0.444444,-0.5,1.0,-0.678571,0.69697,-0.464286,0.393939,-0.297619,0.414141,-0.77381,0.858586,-0.869048,0.616162,-0.666667,0.40404,-0.511905,0.393939,0,0,0.0,0.0,0.0,0.0,0.0,0.0,0.0,0.0,0.0,0.0,0.0,0.0,0.0,0.0,0.0,0.0,0.0,0.0,0.0,0.0,0.0,0.0,0.0,0.0,0.0,0.0,0.0,0.0,0.0,0.0,0.0,0.0,0.0,0.0,0.0,0.0,0.0,0.0,0.0,0.0,0.0,0.0,Z,16
0.0,0.0,0.317647,0.13,0.611765,0.4,0.435294,0.65,0.058824,0.74,0.235294,1.0,0.105882,1.03,-0.011765,1.09,-0.141176,1.24,-0.152941,1.07,-0.352941,0.77,-0.188235,0.41,-0.070588,0.45,-0.494118,1.0,-0.670588,0.7,-0.458824,0.4,-0.294118,0.42,-0.764706,0.85,-0.858824,0.61,-0.658824,0.41,-0.505882,0.4,0,0,0.0,0.0,0.0,0.0,0.0,0.0,0.0,0.0,0.0,0.0,0.0,0.0,0.0,0.0,0.0,0.0,0.0,0.0,0.0,0.0,0.0,0.0,0.0,0.0,0.0,0.0,0.0,0.0,0.0,0.0,0.0,0.0,0.0,0.0,0.0,0.0,0.0,0.0,0.0,0.0,0.0,0.0,Z,16
0.0,0.0,0.305882,0.131313,0.588235,0.393939,0.423529,0.646465,0.058824,0.737374,0.211765,1.0,0.094118,1.020202,-0.011765,1.080808,-0.129412,1.212121,-0.176471,1.060606,-0.352941,0.767677,-0.2,0.414141,-0.082353,0.444444,-0.505882,0.989899,-0.682353,0.69697,-0.470588,0.393939,-0.317647,0.414141,-0.788235,0.848485,-0.870588,0.606061,-0.682353,0.393939,-0.529412,0.393939,0,0,0.0,0.0,0.0,0.0,0.0,0.0,0.0,0.0,0.0,0.0,0.0,0.0,0.0,0.0,0.0,0.0,0.0,0.0,0.0,0.0,0.0,0.0,0.0,0.0,0.0,0.0,0.0,0.0,0.0,0.0,0.0,0.0,0.0,0.0,0.0,0.0,0.0,0.0,0.0,0.0,0.0,0.0,Z,16
0.0,0.0,0.287356,0.13,0.551724,0.38,0.390805,0.64,0.045977,0.73,0.218391,1.0,0.091954,1.01,-0.022989,1.06,-0.137931,1.19,-0.172414,1.06,-0.344828,0.76,-0.206897,0.4,-0.091954,0.42,-0.505747,0.99,-0.655172,0.68,-0.45977,0.39,-0.310345,0.4,-0.781609,0.84,-0.862069,0.6,-0.678161,0.38,-0.528736,0.38,0,0,0.0,0.0,0.0,0.0,0.0,0.0,0.0,0.0,0.0,0.0,0.0,0.0,0.0,0.0,0.0,0.0,0.0,0.0,0.0,0.0,0.0,0.0,0.0,0.0,0.0,0.0,0.0,0.0,0.0,0.0,0.0,0.0,0.0,0.0,0.0,0.0,0.0,0.0,0.0,0.0,0.0,0.0,Z,16
0.0,0.0,0.282353,0.128713,0.552941,0.39604,0.411765,0.643564,0.058824,0.732673,0.2,1.0,0.070588,1.009901,-0.023529,1.059406,-0.129412,1.188119,-0.188235,1.049505,-0.352941,0.772277,-0.211765,0.425743,-0.094118,0.445545,-0.517647,0.980198,-0.670588,0.693069,-0.482353,0.405941,-0.341176,0.415842,-0.8,0.831683,-0.882353,0.60396,-0.694118,0.405941,-0.564706,0.405941,0,0,0.0,0.0,0.0,0.0,0.0,0.0,0.0,0.0,0.0,0.0,0.0,0.0,0.0,0.0,0.0,0.0,0.0,0.0,0.0,0.0,0.0,0.0,0.0,0.0,0.0,0.0,0.0,0.0,0.0,0.0,0.0,0.0,0.0,0.0,0.0,0.0,0.0,0.0,0.0,0.0,0.0,0.0,Z,16
0.0,0.0,0.297619,0.128713,0.571429,0.386139,0.428571,0.643564,0.071429,0.732673,0.214286,1.0,0.095238,1.009901,-0.011905,1.069307,-0.119048,1.188119,-0.178571,1.059406,-0.333333,0.772277,-0.202381,0.415842,-0.083333,0.445545,-0.511905,0.980198,-0.666667,0.693069,-0.47619,0.405941,-0.333333,0.425743,-0.785714,0.841584,-0.869048,0.613861,-0.702381,0.415842,-0.559524,0.415842,0,0,0.0,0.0,0.0,0.0,0.0,0.0,0.0,0.0,0.0,0.0,0.0,0.0,0.0,0.0,0.0,0.0,0.0,0.0,0.0,0.0,0.0,0.0,0.0,0.0,0.0,0.0,0.0,0.0,0.0,0.0,0.0,0.0,0.0,0.0,0.0,0.0,0.0,0.0,0.0,0.0,0.0,0.0,Z,16
0.0,0.0,0.294118,0.138614,0.564706,0.39604,0.423529,0.653465,0.058824,0.732673,0.223529,1.0,0.094118,1.009901,-0.011765,1.069307,-0.117647,1.19802,-0.176471,1.049505,-0.341176,0.772277,-0.2,0.415842,-0.082353,0.435644,-0.494118,0.980198,-0.658824,0.70297,-0.470588,0.405941,-0.317647,0.415842,-0.776471,0.841584,-0.858824,0.623762,-0.694118,0.415842,-0.552941,0.415842,0,0,0.0,0.0,0.0,0.0,0.0,0.0,0.0,0.0,0.0,0.0,0.0,0.0,0.0,0.0,0.0,0.0,0.0,0.0,0.0,0.0,0.0,0.0,0.0,0.0,0.0,0.0,0.0,0.0,0.0,0.0,0.0,0.0,0.0,0.0,0.0,0.0,0.0,0.0,0.0,0.0,0.0,0.0,Z,16
0.0,0.0,0.309524,0.121212,0.595238,0.393939,0.428571,0.656566,0.059524,0.727273,0.22619,1.0,0.107143,1.020202,0.011905,1.070707,-0.083333,1.181818,-0.166667,1.050505,-0.333333,0.777778,-0.190476,0.424242,-0.071429,0.414141,-0.5,0.979798,-0.654762,0.69697,-0.464286,0.393939,-0.297619,0.393939,-0.77381,0.838384,-0.857143,0.616162,-0.678571,0.393939,-0.52381,0.373737,0,0,0.0,0.0,0.0,0.0,0.0,0.0,0.0,0.0,0.0,0.0,0.0,0.0,0.0,0.0,0.0,0.0,0.0,0.0,0.0,0.0,0.0,0.0,0.0,0.0,0.0,0.0,0.0,0.0,0.0,0.0,0.0,0.0,0.0,0.0,0.0,0.0,0.0,0.0,0.0,0.0,0.0,0.0,Z,16
0.0,0.0,0.317647,0.121212,0.6,0.393939,0.411765,0.636364,0.047059,0.717172,0.235294,1.0,0.105882,1.0,0.011765,1.050505,-0.094118,1.171717,-0.164706,1.050505,-0.352941,0.767677,-0.2,0.414141,-0.070588,0.393939,-0.494118,0.979798,-0.658824,0.686869,-0.458824,0.383838,-0.294118,0.373737,-0.764706,0.838384,-0.847059,0.606061,-0.658824,0.383838,-0.505882,0.363636,0,0,0.0,0.0,0.0,0.0,0.0,0.0,0.0,0.0,0.0,0.0,0.0,0.0,0.0,0.0,0.0,0.0,0.0,0.0,0.0,0.0,0.0,0.0,0.0,0.0,0.0,0.0,0.0,0.0,0.0,0.0,0.0,0.0,0.0,0.0,0.0,0.0,0.0,0.0,0.0,0.0,0.0,0.0,Z,16
0.0,0.0,0.309524,0.131313,0.595238,0.40404,0.404762,0.656566,0.02381,0.737374,0.214286,1.0,0.083333,1.010101,-0.011905,1.060606,-0.130952,1.181818,-0.178571,1.050505,-0.369048,0.767677,-0.214286,0.414141,-0.095238,0.424242,-0.511905,0.979798,-0.678571,0.686869,-0.47619,0.393939,-0.309524,0.393939,-0.785714,0.838384,-0.869048,0.616162,-0.678571,0.393939,-0.52381,0.383838,0,0,0.0,0.0,0.0,0.0,0.0,0.0,0.0,0.0,0.0,0.0,0.0,0.0,0.0,0.0,0.0,0.0,0.0,0.0,0.0,0.0,0.0,0.0,0.0,0.0,0.0,0.0,0.0,0.0,0.0,0.0,0.0,0.0,0.0,0.0,0.0,0.0,0.0,0.0,0.0,0.0,0.0,0.0,Z,16
0.0,0.0,0.309524,0.123711,0.607143,0.371134,0.464286,0.639175,0.095238,0.752577,0.238095,1.0,0.130952,1.030928,0.02381,1.092784,-0.107143,1.216495,-0.154762,1.072165,-0.321429,0.773196,-0.178571,0.42268,-0.059524,0.453608,-0.488095,1.0,-0.654762,0.701031,-0.452381,0.391753,-0.297619,0.412371,-0.761905,0.85567,-0.857143,0.628866,-0.678571,0.412371,-0.52381,0.402062,0,0,0.0,0.0,0.0,0.0,0.0,0.0,0.0,0.0,0.0,0.0,0.0,0.0,0.0,0.0,0.0,0.0,0.0,0.0,0.0,0.0,0.0,0.0,0.0,0.0,0.0,0.0,0.0,0.0,0.0,0.0,0.0,0.0,0.0,0.0,0.0,0.0,0.0,0.0,0.0,0.0,0.0,0.0,Z,16
0.0,0.0,0.305882,0.111111,0.6,0.373737,0.435294,0.636364,0.058824,0.727273,0.235294,1.0,0.105882,1.010101,0.011765,1.060606,-0.094118,1.181818,-0.164706,1.060606,-0.341176,0.767677,-0.188235,0.40404,-0.070588,0.434343,-0.482353,0.979798,-0.658824,0.686869,-0.458824,0.383838,-0.305882,0.40404,-0.764706,0.838384,-0.858824,0.606061,-0.670588,0.393939,-0.529412,0.383838,0,0,0.0,0.0,0.0,0.0,0.0,0.0,0.0,0.0,0.0,0.0,0.0,0.0,0.0,0.0,0.0,0.0,0.0,0.0,0.0,0.0,0.0,0.0,0.0,0.0,0.0,0.0,0.0,0.0,0.0,0.0,0.0,0.0,0.0,0.0,0.0,0.0,0.0,0.0,0.0,0.0,0.0,0.0,Z,16
0.0,0.0,0.317647,0.132653,0.611765,0.408163,0.423529,0.653061,0.047059,0.734694,0.223529,1.0,0.105882,1.030612,0.011765,1.081633,-0.117647,1.22449,-0.176471,1.05102,-0.341176,0.77551,-0.188235,0.418367,-0.070588,0.44898,-0.494118,0.989796,-0.670588,0.704082,-0.447059,0.397959,-0.294118,0.428571,-0.776471,0.836735,-0.858824,0.612245,-0.658824,0.397959,-0.517647,0.397959,0,0,0.0,0.0,0.0,0.0,0.0,0.0,0.0,0.0,0.0,0.0,0.0,0.0,0.0,0.0,0.0,0.0,0.0,0.0,0.0,0.0,0.0,0.0,0.0,0.0,0.0,0.0,0.0,0.0,0.0,0.0,0.0,0.0,0.0,0.0,0.0,0.0,0.0,0.0,0.0,0.0,0.0,0.0,Z,16
0.0,0.0,0.317647,0.131313,0.611765,0.40404,0.435294,0.656566,0.047059,0.737374,0.235294,1.0,0.117647,1.030303,0.0,1.090909,-0.117647,1.222222,-0.164706,1.060606,-0.341176,0.767677,-0.2,0.414141,-0.082353,0.434343,-0.494118,1.0,-0.658824,0.69697,-0.458824,0.393939,-0.294118,0.414141,-0.764706,0.848485,-0.858824,0.616162,-0.670588,0.40404,-0.517647,0.40404,0,0,0.0,0.0,0.0,0.0,0.0,0.0,0.0,0.0,0.0,0.0,0.0,0.0,0.0,0.0,0.0,0.0,0.0,0.0,0.0,0.0,0.0,0.0,0.0,0.0,0.0,0.0,0.0,0.0,0.0,0.0,0.0,0.0,0.0,0.0,0.0,0.0,0.0,0.0,0.0,0.0,0.0,0.0,Z,16
0.0,0.0,0.313953,0.122449,0.604651,0.397959,0.418605,0.642857,0.05814,0.734694,0.232558,1.0,0.104651,1.020408,0.0,1.071429,-0.116279,1.214286,-0.162791,1.061224,-0.348837,0.765306,-0.197674,0.408163,-0.081395,0.438776,-0.488372,0.989796,-0.662791,0.693878,-0.453488,0.387755,-0.302326,0.418367,-0.767442,0.846939,-0.848837,0.612245,-0.662791,0.397959,-0.511628,0.397959,0,0,0.0,0.0,0.0,0.0,0.0,0.0,0.0,0.0,0.0,0.0,0.0,0.0,0.0,0.0,0.0,0.0,0.0,0.0,0.0,0.0,0.0,0.0,0.0,0.0,0.0,0.0,0.0,0.0,0.0,0.0,0.0,0.0,0.0,0.0,0.0,0.0,0.0,0.0,0.0,0.0,0.0,0.0,Z,16
0.0,0.0,0.325301,0.123711,0.638554,0.402062,0.457831,0.659794,0.072289,0.742268,0.216867,1.0,0.108434,1.030928,0.012048,1.082474,-0.096386,1.226804,-0.180723,1.061856,-0.349398,0.773196,-0.204819,0.42268,-0.084337,0.443299,-0.506024,1.0,-0.674699,0.701031,-0.46988,0.402062,-0.313253,0.412371,-0.783133,0.845361,-0.86747,0.618557,-0.686747,0.402062,-0.53012,0.381443,0,0,0.0,0.0,0.0,0.0,0.0,0.0,0.0,0.0,0.0,0.0,0.0,0.0,0.0,0.0,0.0,0.0,0.0,0.0,0.0,0.0,0.0,0.0,0.0,0.0,0.0,0.0,0.0,0.0,0.0,0.0,0.0,0.0,0.0,0.0,0.0,0.0,0.0,0.0,0.0,0.0,0.0,0.0,Z,16
0.0,0.0,0.373333,0.125,0.72,0.409091,0.866667,0.693182,0.8,0.943182,0.573333,1.0,0.893333,1.352273,1.106667,1.602273,1.213333,1.852273,0.213333,1.045455,0.56,1.125,0.546667,0.670455,0.4,0.579545,-0.12,0.988636,0.213333,0.943182,0.226667,0.534091,0.093333,0.488636,-0.426667,0.840909,-0.133333,0.818182,-0.026667,0.534091,-0.106667,0.465909,0,0,0.0,0.0,0.0,0.0,0.0,0.0,0.0,0.0,0.0,0.0,0.0,0.0,0.0,0.0,0.0,0.0,0.0,0.0,0.0,0.0,0.0,0.0,0.0,0.0,0.0,0.0,0.0,0.0,0.0,0.0,0.0,0.0,0.0,0.0,0.0,0.0,0.0,0.0,0.0,0.0,0.0,0.0,Z,17
0.0,0.0,0.445946,0.148936,0.797297,0.414894,0.972973,0.680851,0.918919,0.93617,0.648649,1.0,0.972973,1.329787,1.189189,1.574468,1.324324,1.787234,0.283784,1.021277,0.648649,1.085106,0.621622,0.680851,0.486486,0.606383,-0.040541,0.946809,0.310811,0.946809,0.310811,0.574468,0.162162,0.542553,-0.351351,0.808511,-0.040541,0.797872,0.040541,0.542553,-0.067568,0.5,0,0,0.0,0.0,0.0,0.0,0.0,0.0,0.0,0.0,0.0,0.0,0.0,0.0,0.0,0.0,0.0,0.0,0.0,0.0,0.0,0.0,0.0,0.0,0.0,0.0,0.0,0.0,0.0,0.0,0.0,0.0,0.0,0.0,0.0,0.0,0.0,0.0,0.0,0.0,0.0,0.0,0.0,0.0,Z,17
0.0,0.0,0.465753,0.170213,0.835616,0.425532,0.986301,0.691489,0.917808,0.93617,0.657534,1.0,1.0,1.340426,1.219178,1.585106,1.356164,1.797872,0.287671,1.031915,0.657534,1.095745,0.630137,0.691489,0.493151,0.617021,-0.027397,0.968085,0.315068,0.957447,0.315068,0.595745,0.178082,0.553191,-0.342466,0.829787,-0.027397,0.808511,0.054795,0.553191,-0.041096,0.510638,0,0,0.0,0.0,0.0,0.0,0.0,0.0,0.0,0.0,0.0,0.0,0.0,0.0,0.0,0.0,0.0,0.0,0.0,0.0,0.0,0.0,0.0,0.0,0.0,0.0,0.0,0.0,0.0,0.0,0.0,0.0,0.0,0.0,0.0,0.0,0.0,0.0,0.0,0.0,0.0,0.0,0.0,0.0,Z,17
0.0,0.0,0.472973,0.168421,0.824324,0.431579,0.959459,0.684211,0.905405,0.936842,0.648649,1.0,0.986486,1.336842,1.189189,1.578947,1.324324,1.8,0.27027,1.021053,0.648649,1.094737,0.621622,0.694737,0.486486,0.610526,-0.054054,0.957895,0.297297,0.947368,0.297297,0.578947,0.162162,0.536842,-0.351351,0.831579,-0.027027,0.821053,0.054054,0.557895,-0.067568,0.515789,0,0,0.0,0.0,0.0,0.0,0.0,0.0,0.0,0.0,0.0,0.0,0.0,0.0,0.0,0.0,0.0,0.0,0.0,0.0,0.0,0.0,0.0,0.0,0.0,0.0,0.0,0.0,0.0,0.0,0.0,0.0,0.0,0.0,0.0,0.0,0.0,0.0,0.0,0.0,0.0,0.0,0.0,0.0,Z,17
0.0,0.0,0.472973,0.168421,0.837838,0.442105,0.972973,0.694737,0.905405,0.947368,0.648649,1.0,0.986486,1.336842,1.189189,1.578947,1.324324,1.789474,0.283784,1.021053,0.648649,1.094737,0.635135,0.694737,0.5,0.610526,-0.040541,0.957895,0.310811,0.947368,0.297297,0.589474,0.162162,0.536842,-0.351351,0.831579,-0.027027,0.810526,0.054054,0.557895,-0.067568,0.515789,0,0,0.0,0.0,0.0,0.0,0.0,0.0,0.0,0.0,0.0,0.0,0.0,0.0,0.0,0.0,0.0,0.0,0.0,0.0,0.0,0.0,0.0,0.0,0.0,0.0,0.0,0.0,0.0,0.0,0.0,0.0,0.0,0.0,0.0,0.0,0.0,0.0,0.0,0.0,0.0,0.0,0.0,0.0,Z,17
0.0,0.0,0.453333,0.178947,0.813333,0.431579,0.96,0.694737,0.893333,0.936842,0.653333,1.0,0.973333,1.347368,1.186667,1.589474,1.32,1.8,0.293333,1.031579,0.64,1.094737,0.626667,0.705263,0.493333,0.621053,-0.04,0.968421,0.293333,0.957895,0.293333,0.6,0.16,0.557895,-0.346667,0.831579,-0.04,0.810526,0.053333,0.557895,-0.053333,0.515789,0,0,0.0,0.0,0.0,0.0,0.0,0.0,0.0,0.0,0.0,0.0,0.0,0.0,0.0,0.0,0.0,0.0,0.0,0.0,0.0,0.0,0.0,0.0,0.0,0.0,0.0,0.0,0.0,0.0,0.0,0.0,0.0,0.0,0.0,0.0,0.0,0.0,0.0,0.0,0.0,0.0,0.0,0.0,Z,17
0.0,0.0,0.453333,0.168421,0.8,0.431579,0.96,0.694737,0.893333,0.947368,0.653333,1.0,0.973333,1.347368,1.173333,1.589474,1.306667,1.8,0.28,1.031579,0.64,1.094737,0.626667,0.705263,0.493333,0.610526,-0.04,0.968421,0.293333,0.957895,0.293333,0.6,0.16,0.557895,-0.346667,0.831579,-0.04,0.810526,0.04,0.557895,-0.053333,0.515789,0,0,0.0,0.0,0.0,0.0,0.0,0.0,0.0,0.0,0.0,0.0,0.0,0.0,0.0,0.0,0.0,0.0,0.0,0.0,0.0,0.0,0.0,0.0,0.0,0.0,0.0,0.0,0.0,0.0,0.0,0.0,0.0,0.0,0.0,0.0,0.0,0.0,0.0,0.0,0.0,0.0,0.0,0.0,Z,17
0.0,0.0,0.453333,0.168421,0.813333,0.431579,0.96,0.694737,0.893333,0.947368,0.653333,1.0,0.973333,1.347368,1.186667,1.578947,1.306667,1.8,0.293333,1.031579,0.64,1.094737,0.613333,0.705263,0.493333,0.610526,-0.04,0.968421,0.293333,0.957895,0.293333,0.6,0.16,0.557895,-0.346667,0.831579,-0.04,0.810526,0.04,0.557895,-0.053333,0.515789,0,0,0.0,0.0,0.0,0.0,0.0,0.0,0.0,0.0,0.0,0.0,0.0,0.0,0.0,0.0,0.0,0.0,0.0,0.0,0.0,0.0,0.0,0.0,0.0,0.0,0.0,0.0,0.0,0.0,0.0,0.0,0.0,0.0,0.0,0.0,0.0,0.0,0.0,0.0,0.0,0.0,0.0,0.0,Z,17
0.0,0.0,0.428571,0.16129,0.779221,0.430108,0.935065,0.688172,0.896104,0.946237,0.649351,1.0,0.961039,1.365591,1.168831,1.612903,1.285714,1.849462,0.285714,1.043011,0.623377,1.11828,0.61039,0.698925,0.480519,0.591398,-0.038961,0.978495,0.272727,0.956989,0.285714,0.580645,0.155844,0.526882,-0.350649,0.849462,-0.064935,0.827957,0.025974,0.55914,-0.038961,0.494624,0,0,0.0,0.0,0.0,0.0,0.0,0.0,0.0,0.0,0.0,0.0,0.0,0.0,0.0,0.0,0.0,0.0,0.0,0.0,0.0,0.0,0.0,0.0,0.0,0.0,0.0,0.0,0.0,0.0,0.0,0.0,0.0,0.0,0.0,0.0,0.0,0.0,0.0,0.0,0.0,0.0,0.0,0.0,Z,17
0.0,0.0,0.434211,0.166667,0.789474,0.4375,0.907895,0.6875,0.855263,0.916667,0.618421,1.0,0.947368,1.333333,1.157895,1.572917,1.289474,1.78125,0.25,1.020833,0.605263,1.072917,0.592105,0.6875,0.460526,0.59375,-0.065789,0.958333,0.263158,0.9375,0.276316,0.572917,0.144737,0.520833,-0.381579,0.822917,-0.052632,0.802083,0.026316,0.541667,-0.065789,0.479167,0,0,0.0,0.0,0.0,0.0,0.0,0.0,0.0,0.0,0.0,0.0,0.0,0.0,0.0,0.0,0.0,0.0,0.0,0.0,0.0,0.0,0.0,0.0,0.0,0.0,0.0,0.0,0.0,0.0,0.0,0.0,0.0,0.0,0.0,0.0,0.0,0.0,0.0,0.0,0.0,0.0,0.0,0.0,Z,17
0.0,0.0,0.397436,0.164948,0.717949,0.443299,0.846154,0.701031,0.846154,0.938144,0.602564,1.0,0.910256,1.329897,1.102564,1.57732,1.217949,1.793814,0.25641,1.030928,0.538462,1.082474,0.512821,0.690722,0.397436,0.618557,-0.076923,0.958763,0.205128,0.927835,0.205128,0.57732,0.089744,0.536082,-0.397436,0.824742,-0.153846,0.804124,-0.051282,0.546392,-0.128205,0.494845,0,0,0.0,0.0,0.0,0.0,0.0,0.0,0.0,0.0,0.0,0.0,0.0,0.0,0.0,0.0,0.0,0.0,0.0,0.0,0.0,0.0,0.0,0.0,0.0,0.0,0.0,0.0,0.0,0.0,0.0,0.0,0.0,0.0,0.0,0.0,0.0,0.0,0.0,0.0,0.0,0.0,0.0,0.0,Z,17
0.0,0.0,0.415584,0.175258,0.74026,0.443299,0.844156,0.701031,0.844156,0.938144,0.61039,1.0,0.909091,1.340206,1.116883,1.57732,1.246753,1.804124,0.25974,1.020619,0.545455,1.092784,0.519481,0.701031,0.402597,0.608247,-0.064935,0.948454,0.207792,0.948454,0.220779,0.587629,0.090909,0.536082,-0.38961,0.804124,-0.12987,0.804124,-0.038961,0.546392,-0.116883,0.494845,0,0,0.0,0.0,0.0,0.0,0.0,0.0,0.0,0.0,0.0,0.0,0.0,0.0,0.0,0.0,0.0,0.0,0.0,0.0,0.0,0.0,0.0,0.0,0.0,0.0,0.0,0.0,0.0,0.0,0.0,0.0,0.0,0.0,0.0,0.0,0.0,0.0,0.0,0.0,0.0,0.0,0.0,0.0,Z,17
0.0,0.0,0.415584,0.175258,0.74026,0.453608,0.857143,0.701031,0.831169,0.938144,0.61039,1.0,0.922078,1.340206,1.116883,1.57732,1.246753,1.804124,0.25974,1.020619,0.545455,1.092784,0.532468,0.690722,0.402597,0.608247,-0.064935,0.948454,0.220779,0.938144,0.220779,0.57732,0.103896,0.536082,-0.38961,0.804124,-0.12987,0.814433,-0.038961,0.546392,-0.116883,0.494845,0,0,0.0,0.0,0.0,0.0,0.0,0.0,0.0,0.0,0.0,0.0,0.0,0.0,0.0,0.0,0.0,0.0,0.0,0.0,0.0,0.0,0.0,0.0,0.0,0.0,0.0,0.0,0.0,0.0,0.0,0.0,0.0,0.0,0.0,0.0,0.0,0.0,0.0,0.0,0.0,0.0,0.0,0.0,Z,17
0.0,0.0,0.384615,0.171717,0.705128,0.454545,0.782051,0.727273,0.692308,0.979798,0.525641,1.0,0.807692,1.323232,0.987179,1.565657,1.076923,1.767677,0.166667,1.0,0.397436,1.10101,0.397436,0.707071,0.294872,0.636364,-0.166667,0.919192,0.076923,0.929293,0.115385,0.585859,0.0,0.555556,-0.474359,0.777778,-0.24359,0.777778,-0.141026,0.535354,-0.217949,0.505051,0,0,0.0,0.0,0.0,0.0,0.0,0.0,0.0,0.0,0.0,0.0,0.0,0.0,0.0,0.0,0.0,0.0,0.0,0.0,0.0,0.0,0.0,0.0,0.0,0.0,0.0,0.0,0.0,0.0,0.0,0.0,0.0,0.0,0.0,0.0,0.0,0.0,0.0,0.0,0.0,0.0,0.0,0.0,Z,17
0.0,0.0,0.358025,0.170213,0.691358,0.457447,0.765432,0.744681,0.679012,1.0,0.518519,1.0,0.790123,1.382979,0.962963,1.62766,1.074074,1.851064,0.148148,1.031915,0.407407,1.12766,0.395062,0.712766,0.283951,0.595745,-0.17284,0.957447,0.08642,0.925532,0.111111,0.553191,0.0,0.5,-0.481481,0.819149,-0.222222,0.808511,-0.123457,0.542553,-0.185185,0.478723,0,0,0.0,0.0,0.0,0.0,0.0,0.0,0.0,0.0,0.0,0.0,0.0,0.0,0.0,0.0,0.0,0.0,0.0,0.0,0.0,0.0,0.0,0.0,0.0,0.0,0.0,0.0,0.0,0.0,0.0,0.0,0.0,0.0,0.0,0.0,0.0,0.0,0.0,0.0,0.0,0.0,0.0,0.0,Z,17
0.0,0.0,0.346154,0.163265,0.653846,0.44898,0.717949,0.755102,0.551282,0.989796,0.474359,1.0,0.705128,1.367347,0.833333,1.632653,0.897436,1.867347,0.102564,1.0,0.25641,1.122449,0.25641,0.714286,0.205128,0.653061,-0.217949,0.918367,-0.089744,0.928571,-0.012821,0.581633,-0.051282,0.561224,-0.525641,0.77551,-0.423077,0.77551,-0.269231,0.530612,-0.282051,0.489796,0,0,0.0,0.0,0.0,0.0,0.0,0.0,0.0,0.0,0.0,0.0,0.0,0.0,0.0,0.0,0.0,0.0,0.0,0.0,0.0,0.0,0.0,0.0,0.0,0.0,0.0,0.0,0.0,0.0,0.0,0.0,0.0,0.0,0.0,0.0,0.0,0.0,0.0,0.0,0.0,0.0,0.0,0.0,Z,17
0.0,0.0,0.329114,0.163265,0.64557,0.459184,0.696203,0.744898,0.556962,0.969388,0.455696,1.0,0.670886,1.387755,0.810127,1.632653,0.886076,1.877551,0.075949,1.0,0.265823,1.122449,0.291139,0.714286,0.21519,0.663265,-0.240506,0.918367,-0.075949,0.938776,0.012658,0.581633,-0.050633,0.561224,-0.544304,0.765306,-0.392405,0.795918,-0.240506,0.561224,-0.265823,0.510204,0,0,0.0,0.0,0.0,0.0,0.0,0.0,0.0,0.0,0.0,0.0,0.0,0.0,0.0,0.0,0.0,0.0,0.0,0.0,0.0,0.0,0.0,0.0,0.0,0.0,0.0,0.0,0.0,0.0,0.0,0.0,0.0,0.0,0.0,0.0,0.0,0.0,0.0,0.0,0.0,0.0,0.0,0.0,Z,17
0.0,0.0,0.341772,0.153061,0.658228,0.44898,0.708861,0.72449,0.594937,0.938776,0.455696,1.0,0.670886,1.377551,0.810127,1.632653,0.898734,1.867347,0.088608,0.989796,0.265823,1.102041,0.303797,0.693878,0.227848,0.632653,-0.240506,0.908163,-0.075949,0.928571,0.025316,0.581633,-0.037975,0.540816,-0.544304,0.755102,-0.392405,0.795918,-0.240506,0.55102,-0.253165,0.489796,0,0,0.0,0.0,0.0,0.0,0.0,0.0,0.0,0.0,0.0,0.0,0.0,0.0,0.0,0.0,0.0,0.0,0.0,0.0,0.0,0.0,0.0,0.0,0.0,0.0,0.0,0.0,0.0,0.0,0.0,0.0,0.0,0.0,0.0,0.0,0.0,0.0,0.0,0.0,0.0,0.0,0.0,0.0,Z,17
0.0,0.0,0.35,0.163265,0.6375,0.44898,0.65,0.744898,0.4875,0.989796,0.45,1.0,0.65,1.387755,0.7375,1.642857,0.7875,1.877551,0.0875,1.0,0.1875,1.112245,0.225,0.714286,0.2125,0.653061,-0.2375,0.918367,-0.1625,0.938776,-0.05,0.581633,-0.05,0.55102,-0.55,0.77551,-0.475,0.785714,-0.3,0.540816,-0.2625,0.489796,0,0,0.0,0.0,0.0,0.0,0.0,0.0,0.0,0.0,0.0,0.0,0.0,0.0,0.0,0.0,0.0,0.0,0.0,0.0,0.0,0.0,0.0,0.0,0.0,0.0,0.0,0.0,0.0,0.0,0.0,0.0,0.0,0.0,0.0,0.0,0.0,0.0,0.0,0.0,0.0,0.0,0.0,0.0,Z,17
0.0,0.0,0.367089,0.177083,0.658228,0.458333,0.696203,0.75,0.506329,0.979167,0.443038,1.0,0.632911,1.395833,0.746835,1.666667,0.810127,1.90625,0.075949,0.989583,0.189873,1.135417,0.227848,0.71875,0.189873,0.645833,-0.253165,0.90625,-0.151899,0.927083,-0.050633,0.572917,-0.050633,0.541667,-0.556962,0.760417,-0.481013,0.791667,-0.291139,0.541667,-0.265823,0.489583,0,0,0.0,0.0,0.0,0.0,0.0,0.0,0.0,0.0,0.0,0.0,0.0,0.0,0.0,0.0,0.0,0.0,0.0,0.0,0.0,0.0,0.0,0.0,0.0,0.0,0.0,0.0,0.0,0.0,0.0,0.0,0.0,0.0,0.0,0.0,0.0,0.0,0.0,0.0,0.0,0.0,0.0,0.0,Z,17
0.0,0.0,0.329114,0.175258,0.607595,0.463918,0.632911,0.752577,0.43038,0.979381,0.417722,1.0,0.56962,1.391753,0.658228,1.659794,0.683544,1.896907,0.050633,0.979381,0.113924,1.113402,0.164557,0.721649,0.151899,0.659794,-0.265823,0.896907,-0.240506,0.958763,-0.113924,0.608247,-0.101266,0.57732,-0.582278,0.762887,-0.556962,0.793814,-0.367089,0.556701,-0.316456,0.494845,0,0,0.0,0.0,0.0,0.0,0.0,0.0,0.0,0.0,0.0,0.0,0.0,0.0,0.0,0.0,0.0,0.0,0.0,0.0,0.0,0.0,0.0,0.0,0.0,0.0,0.0,0.0,0.0,0.0,0.0,0.0,0.0,0.0,0.0,0.0,0.0,0.0,0.0,0.0,0.0,0.0,0.0,0.0,Z,17
0.0,0.0,0.35,0.177083,0.6375,0.46875,0.6375,0.770833,0.4375,1.0,0.4,1.0,0.5625,1.40625,0.65,1.677083,0.7,1.927083,0.0375,0.979167,0.1125,1.135417,0.1625,0.729167,0.15,0.635417,-0.2875,0.885417,-0.225,0.958333,-0.1,0.604167,-0.1,0.552083,-0.6,0.739583,-0.5375,0.802083,-0.35,0.5625,-0.3,0.489583,0,0,0.0,0.0,0.0,0.0,0.0,0.0,0.0,0.0,0.0,0.0,0.0,0.0,0.0,0.0,0.0,0.0,0.0,0.0,0.0,0.0,0.0,0.0,0.0,0.0,0.0,0.0,0.0,0.0,0.0,0.0,0.0,0.0,0.0,0.0,0.0,0.0,0.0,0.0,0.0,0.0,0.0,0.0,Z,17
0.0,0.0,0.35443,0.1875,0.64557,0.479167,0.658228,0.78125,0.443038,1.0,0.405063,1.0,0.56962,1.416667,0.658228,1.6875,0.708861,1.927083,0.037975,0.989583,0.113924,1.145833,0.164557,0.739583,0.151899,0.645833,-0.291139,0.895833,-0.227848,0.96875,-0.113924,0.614583,-0.101266,0.552083,-0.594937,0.75,-0.544304,0.802083,-0.35443,0.5625,-0.303797,0.489583,0,0,0.0,0.0,0.0,0.0,0.0,0.0,0.0,0.0,0.0,0.0,0.0,0.0,0.0,0.0,0.0,0.0,0.0,0.0,0.0,0.0,0.0,0.0,0.0,0.0,0.0,0.0,0.0,0.0,0.0,0.0,0.0,0.0,0.0,0.0,0.0,0.0,0.0,0.0,0.0,0.0,0.0,0.0,Z,17
0.0,0.0,0.341772,0.164948,0.620253,0.453608,0.632911,0.752577,0.417722,0.969072,0.379747,1.0,0.518987,1.391753,0.56962,1.670103,0.594937,1.917526,0.012658,0.989691,0.088608,1.123711,0.139241,0.71134,0.139241,0.639175,-0.303797,0.907216,-0.265823,0.938144,-0.139241,0.597938,-0.113924,0.56701,-0.620253,0.773196,-0.582278,0.773196,-0.392405,0.536082,-0.341772,0.494845,0,0,0.0,0.0,0.0,0.0,0.0,0.0,0.0,0.0,0.0,0.0,0.0,0.0,0.0,0.0,0.0,0.0,0.0,0.0,0.0,0.0,0.0,0.0,0.0,0.0,0.0,0.0,0.0,0.0,0.0,0.0,0.0,0.0,0.0,0.0,0.0,0.0,0.0,0.0,0.0,0.0,0.0,0.0,Z,17
0.0,0.0,0.35,0.166667,0.6375,0.458333,0.65,0.760417,0.425,0.96875,0.4,1.0,0.525,1.40625,0.5875,1.6875,0.6125,1.927083,0.025,0.989583,0.0875,1.125,0.15,0.71875,0.15,0.614583,-0.2875,0.90625,-0.25,0.947917,-0.125,0.59375,-0.1,0.53125,-0.6,0.760417,-0.5625,0.78125,-0.375,0.541667,-0.3125,0.46875,0,0,0.0,0.0,0.0,0.0,0.0,0.0,0.0,0.0,0.0,0.0,0.0,0.0,0.0,0.0,0.0,0.0,0.0,0.0,0.0,0.0,0.0,0.0,0.0,0.0,0.0,0.0,0.0,0.0,0.0,0.0,0.0,0.0,0.0,0.0,0.0,0.0,0.0,0.0,0.0,0.0,0.0,0.0,Z,17
0.0,0.0,0.353659,0.151515,0.658537,0.393939,0.682927,0.656566,0.5,0.858586,0.414634,1.0,0.573171,1.343434,0.646341,1.59596,0.670732,1.818182,0.036585,1.040404,0.170732,1.0,0.219512,0.636364,0.231707,0.535354,-0.280488,0.949495,-0.158537,0.808081,-0.04878,0.505051,-0.012195,0.444444,-0.585366,0.79798,-0.463415,0.666667,-0.280488,0.444444,-0.219512,0.40404,0,0,0.0,0.0,0.0,0.0,0.0,0.0,0.0,0.0,0.0,0.0,0.0,0.0,0.0,0.0,0.0,0.0,0.0,0.0,0.0,0.0,0.0,0.0,0.0,0.0,0.0,0.0,0.0,0.0,0.0,0.0,0.0,0.0,0.0,0.0,0.0,0.0,0.0,0.0,0.0,0.0,0.0,0.0,Z,17
0.0,0.0,0.337349,0.132653,0.650602,0.387755,0.650602,0.663265,0.445783,0.857143,0.39759,1.0,0.542169,1.336735,0.614458,1.591837,0.638554,1.816327,0.012048,1.05102,0.156627,0.979592,0.216867,0.602041,0.192771,0.520408,-0.313253,0.959184,-0.156627,0.795918,-0.060241,0.489796,-0.048193,0.44898,-0.60241,0.795918,-0.46988,0.632653,-0.289157,0.418367,-0.240964,0.387755,0,0,0.0,0.0,0.0,0.0,0.0,0.0,0.0,0.0,0.0,0.0,0.0,0.0,0.0,0.0,0.0,0.0,0.0,0.0,0.0,0.0,0.0,0.0,0.0,0.0,0.0,0.0,0.0,0.0,0.0,0.0,0.0,0.0,0.0,0.0,0.0,0.0,0.0,0.0,0.0,0.0,0.0,0.0,Z,17
0.0,0.0,0.341463,0.132653,0.658537,0.387755,0.658537,0.673469,0.463415,0.867347,0.390244,1.0,0.54878,1.336735,0.609756,1.591837,0.646341,1.816327,0.012195,1.05102,0.170732,0.989796,0.219512,0.602041,0.182927,0.530612,-0.317073,0.959184,-0.158537,0.795918,-0.04878,0.489796,-0.060976,0.44898,-0.609756,0.795918,-0.463415,0.632653,-0.292683,0.408163,-0.243902,0.387755,0,0,0.0,0.0,0.0,0.0,0.0,0.0,0.0,0.0,0.0,0.0,0.0,0.0,0.0,0.0,0.0,0.0,0.0,0.0,0.0,0.0,0.0,0.0,0.0,0.0,0.0,0.0,0.0,0.0,0.0,0.0,0.0,0.0,0.0,0.0,0.0,0.0,0.0,0.0,0.0,0.0,0.0,0.0,Z,17
0.0,0.0,0.378049,0.14433,0.743902,0.360825,0.817073,0.56701,0.707317,0.721649,0.512195,1.0,0.804878,1.268041,1.0,1.474227,1.158537,1.659794,0.134146,1.072165,0.426829,0.907216,0.45122,0.556701,0.426829,0.42268,-0.182927,0.989691,0.109756,0.71134,0.170732,0.42268,0.170732,0.350515,-0.487805,0.824742,-0.243902,0.628866,-0.109756,0.381443,-0.036585,0.309278,0,0,0.0,0.0,0.0,0.0,0.0,0.0,0.0,0.0,0.0,0.0,0.0,0.0,0.0,0.0,0.0,0.0,0.0,0.0,0.0,0.0,0.0,0.0,0.0,0.0,0.0,0.0,0.0,0.0,0.0,0.0,0.0,0.0,0.0,0.0,0.0,0.0,0.0,0.0,0.0,0.0,0.0,0.0,Z,17
0.0,0.0,0.37037,0.115789,0.703704,0.336842,0.814815,0.536842,0.728395,0.715789,0.481481,1.0,0.765432,1.273684,0.962963,1.484211,1.111111,1.684211,0.111111,1.073684,0.37037,0.873684,0.419753,0.515789,0.407407,0.368421,-0.222222,0.989474,0.049383,0.694737,0.123457,0.4,0.123457,0.315789,-0.518519,0.821053,-0.283951,0.610526,-0.135802,0.378947,-0.074074,0.305263,0,0,0.0,0.0,0.0,0.0,0.0,0.0,0.0,0.0,0.0,0.0,0.0,0.0,0.0,0.0,0.0,0.0,0.0,0.0,0.0,0.0,0.0,0.0,0.0,0.0,0.0,0.0,0.0,0.0,0.0,0.0,0.0,0.0,0.0,0.0,0.0,0.0,0.0,0.0,0.0,0.0,0.0,0.0,Z,17
0.0,0.0,0.375,0.106383,0.725,0.319149,0.85,0.521277,0.7875,0.702128,0.4875,1.0,0.7875,1.276596,0.9875,1.489362,1.15,1.680851,0.1125,1.074468,0.3875,0.87234,0.4375,0.510638,0.4125,0.361702,-0.2125,0.989362,0.075,0.691489,0.1375,0.393617,0.1375,0.308511,-0.5125,0.819149,-0.275,0.606383,-0.1375,0.37234,-0.0625,0.297872,0,0,0.0,0.0,0.0,0.0,0.0,0.0,0.0,0.0,0.0,0.0,0.0,0.0,0.0,0.0,0.0,0.0,0.0,0.0,0.0,0.0,0.0,0.0,0.0,0.0,0.0,0.0,0.0,0.0,0.0,0.0,0.0,0.0,0.0,0.0,0.0,0.0,0.0,0.0,0.0,0.0,0.0,0.0,Z,17
0.0,0.0,0.440476,0.119565,0.833333,0.293478,0.988095,0.467391,0.928571,0.619565,0.678571,1.0,1.047619,1.173913,1.333333,1.315217,1.571429,1.445652,0.321429,1.097826,0.678571,0.793478,0.642857,0.413043,0.559524,0.315217,0.0,1.032609,0.345238,0.630435,0.333333,0.326087,0.27381,0.293478,-0.321429,0.869565,-0.047619,0.554348,0.071429,0.293478,0.107143,0.25,0,0,0.0,0.0,0.0,0.0,0.0,0.0,0.0,0.0,0.0,0.0,0.0,0.0,0.0,0.0,0.0,0.0,0.0,0.0,0.0,0.0,0.0,0.0,0.0,0.0,0.0,0.0,0.0,0.0,0.0,0.0,0.0,0.0,0.0,0.0,0.0,0.0,0.0,0.0,0.0,0.0,0.0,0.0,Z,17
0.0,0.0,0.439024,0.101124,0.792683,0.292135,0.963415,0.483146,0.878049,0.629213,0.670732,1.0,1.02439,1.157303,1.292683,1.280899,1.536585,1.404494,0.317073,1.089888,0.670732,0.786517,0.621951,0.393258,0.54878,0.280899,-0.012195,1.011236,0.317073,0.617978,0.292683,0.303371,0.231707,0.269663,-0.329268,0.842697,-0.073171,0.561798,0.02439,0.303371,0.04878,0.247191,0,0,0.0,0.0,0.0,0.0,0.0,0.0,0.0,0.0,0.0,0.0,0.0,0.0,0.0,0.0,0.0,0.0,0.0,0.0,0.0,0.0,0.0,0.0,0.0,0.0,0.0,0.0,0.0,0.0,0.0,0.0,0.0,0.0,0.0,0.0,0.0,0.0,0.0,0.0,0.0,0.0,0.0,0.0,Z,17
0.0,0.0,0.4625,0.104651,0.8625,0.267442,1.075,0.418605,1.075,0.616279,0.7625,1.0,1.225,1.081395,1.5625,1.162791,1.85,1.244186,0.4125,1.104651,0.8375,0.709302,0.775,0.313953,0.65,0.22093,0.075,1.011628,0.475,0.523256,0.425,0.209302,0.325,0.209302,-0.2375,0.837209,0.075,0.476744,0.1375,0.22093,0.1125,0.186047,0,0,0.0,0.0,0.0,0.0,0.0,0.0,0.0,0.0,0.0,0.0,0.0,0.0,0.0,0.0,0.0,0.0,0.0,0.0,0.0,0.0,0.0,0.0,0.0,0.0,0.0,0.0,0.0,0.0,0.0,0.0,0.0,0.0,0.0,0.0,0.0,0.0,0.0,0.0,0.0,0.0,0.0,0.0,Z,17
0.0,0.0,0.4625,0.083333,0.8625,0.261905,1.0625,0.452381,1.0,0.642857,0.75,1.0,1.1875,1.083333,1.5125,1.178571,1.7875,1.27381,0.4125,1.107143,0.8,0.702381,0.75,0.297619,0.6625,0.190476,0.075,1.011905,0.4375,0.52381,0.4,0.214286,0.325,0.190476,-0.25,0.821429,0.05,0.488095,0.125,0.22619,0.1125,0.190476,0,0,0.0,0.0,0.0,0.0,0.0,0.0,0.0,0.0,0.0,0.0,0.0,0.0,0.0,0.0,0.0,0.0,0.0,0.0,0.0,0.0,0.0,0.0,0.0,0.0,0.0,0.0,0.0,0.0,0.0,0.0,0.0,0.0,0.0,0.0,0.0,0.0,0.0,0.0,0.0,0.0,0.0,0.0,Z,17
0.0,0.0,0.469136,0.097561,0.864198,0.243902,1.061728,0.402439,1.061728,0.573171,0.814815,1.0,1.283951,1.036585,1.654321,1.097561,1.950617,1.170732,0.481481,1.109756,0.901235,0.646341,0.790123,0.219512,0.62963,0.158537,0.148148,1.012195,0.530864,0.47561,0.45679,0.146341,0.320988,0.182927,-0.185185,0.829268,0.135802,0.414634,0.17284,0.158537,0.123457,0.158537,0,0,0.0,0.0,0.0,0.0,0.0,0.0,0.0,0.0,0.0,0.0,0.0,0.0,0.0,0.0,0.0,0.0,0.0,0.0,0.0,0.0,0.0,0.0,0.0,0.0,0.0,0.0,0.0,0.0,0.0,0.0,0.0,0.0,0.0,0.0,0.0,0.0,0.0,0.0,0.0,0.0,0.0,0.0,Z,17
0.0,0.0,0.4875,0.1,0.8875,0.25,1.1125,0.3875,1.1,0.55,0.8375,1.0,1.3,1.05,1.65,1.125,1.9125,1.225,0.5,1.125,0.9375,0.65,0.825,0.2125,0.6625,0.125,0.1625,1.0375,0.5375,0.4875,0.475,0.1625,0.35,0.15,-0.1625,0.85,0.1375,0.4375,0.1875,0.1625,0.1375,0.1375,0,0,0.0,0.0,0.0,0.0,0.0,0.0,0.0,0.0,0.0,0.0,0.0,0.0,0.0,0.0,0.0,0.0,0.0,0.0,0.0,0.0,0.0,0.0,0.0,0.0,0.0,0.0,0.0,0.0,0.0,0.0,0.0,0.0,0.0,0.0,0.0,0.0,0.0,0.0,0.0,0.0,0.0,0.0,Z,17
0.0,0.0,0.481013,0.088608,0.886076,0.227848,1.113924,0.392405,1.113924,0.582278,0.822785,1.0,1.303797,1.050633,1.64557,1.126582,1.924051,1.21519,0.493671,1.126582,0.924051,0.64557,0.822785,0.202532,0.658228,0.113924,0.151899,1.037975,0.531646,0.468354,0.455696,0.139241,0.329114,0.151899,-0.177215,0.848101,0.126582,0.417722,0.164557,0.151899,0.113924,0.139241,0,0,0.0,0.0,0.0,0.0,0.0,0.0,0.0,0.0,0.0,0.0,0.0,0.0,0.0,0.0,0.0,0.0,0.0,0.0,0.0,0.0,0.0,0.0,0.0,0.0,0.0,0.0,0.0,0.0,0.0,0.0,0.0,0.0,0.0,0.0,0.0,0.0,0.0,0.0,0.0,0.0,0.0,0.0,Z,17
0.0,0.0,0.487179,0.113924,0.897436,0.227848,1.141026,0.316456,1.230769,0.417722,0.897436,1.0,1.423077,0.974684,1.820513,1.0,2.141026,1.050633,0.564103,1.113924,1.012821,0.531646,0.871795,0.126582,0.692308,0.101266,0.230769,1.0,0.615385,0.367089,0.512821,0.063291,0.371795,0.126582,-0.102564,0.797468,0.205128,0.329114,0.24359,0.088608,0.166667,0.126582,0,0,0.0,0.0,0.0,0.0,0.0,0.0,0.0,0.0,0.0,0.0,0.0,0.0,0.0,0.0,0.0,0.0,0.0,0.0,0.0,0.0,0.0,0.0,0.0,0.0,0.0,0.0,0.0,0.0,0.0,0.0,0.0,0.0,0.0,0.0,0.0,0.0,0.0,0.0,0.0,0.0,0.0,0.0,Z,17
0.0,0.0,0.493506,0.078947,0.922078,0.197368,1.168831,0.315789,1.220779,0.473684,0.896104,1.0,1.415584,1.0,1.792208,1.052632,2.103896,1.131579,0.571429,1.131579,0.987013,0.552632,0.857143,0.131579,0.675325,0.078947,0.220779,1.039474,0.571429,0.381579,0.480519,0.065789,0.363636,0.105263,-0.103896,0.842105,0.168831,0.355263,0.194805,0.092105,0.12987,0.105263,0,0,0.0,0.0,0.0,0.0,0.0,0.0,0.0,0.0,0.0,0.0,0.0,0.0,0.0,0.0,0.0,0.0,0.0,0.0,0.0,0.0,0.0,0.0,0.0,0.0,0.0,0.0,0.0,0.0,0.0,0.0,0.0,0.0,0.0,0.0,0.0,0.0,0.0,0.0,0.0,0.0,0.0,0.0,Z,17
0.0,0.0,0.4625,0.069444,0.8625,0.152778,1.1,0.236111,1.1125,0.361111,0.8875,1.0,1.3625,0.986111,1.75,1.027778,2.05,1.097222,0.55,1.138889,0.925,0.5,0.7875,0.055556,0.625,0.013889,0.2125,1.027778,0.525,0.319444,0.4375,0.013889,0.3125,0.069444,-0.1125,0.819444,0.1375,0.305556,0.1625,0.055556,0.1,0.083333,0,0,0.0,0.0,0.0,0.0,0.0,0.0,0.0,0.0,0.0,0.0,0.0,0.0,0.0,0.0,0.0,0.0,0.0,0.0,0.0,0.0,0.0,0.0,0.0,0.0,0.0,0.0,0.0,0.0,0.0,0.0,0.0,0.0,0.0,0.0,0.0,0.0,0.0,0.0,0.0,0.0,0.0,0.0,Z,17
0.0,0.0,0.4625,0.084507,0.8625,0.183099,1.1,0.267606,1.075,0.366197,0.875,1.0,1.35,1.0,1.725,1.042254,2.025,1.112676,0.5375,1.140845,0.9125,0.492958,0.775,0.056338,0.625,0.0,0.2,1.042254,0.5125,0.309859,0.4125,-0.014085,0.2875,0.056338,-0.125,0.816901,0.125,0.295775,0.15,0.042254,0.075,0.070423,0,0,0.0,0.0,0.0,0.0,0.0,0.0,0.0,0.0,0.0,0.0,0.0,0.0,0.0,0.0,0.0,0.0,0.0,0.0,0.0,0.0,0.0,0.0,0.0,0.0,0.0,0.0,0.0,0.0,0.0,0.0,0.0,0.0,0.0,0.0,0.0,0.0,0.0,0.0,0.0,0.0,0.0,0.0,Z,17
0.0,0.0,0.4375,0.083333,0.8375,0.166667,1.075,0.263889,1.0625,0.388889,0.8625,1.0,1.3375,1.0,1.7125,1.041667,2.0125,1.111111,0.525,1.138889,0.9,0.513889,0.7625,0.069444,0.6125,0.027778,0.1875,1.041667,0.5,0.333333,0.4,0.013889,0.2875,0.069444,-0.1375,0.819444,0.1125,0.305556,0.1375,0.055556,0.075,0.083333,0,0,0.0,0.0,0.0,0.0,0.0,0.0,0.0,0.0,0.0,0.0,0.0,0.0,0.0,0.0,0.0,0.0,0.0,0.0,0.0,0.0,0.0,0.0,0.0,0.0,0.0,0.0,0.0,0.0,0.0,0.0,0.0,0.0,0.0,0.0,0.0,0.0,0.0,0.0,0.0,0.0,0.0,0.0,Z,17
0.0,0.0,0.4375,0.070423,0.8375,0.169014,1.075,0.253521,1.05,0.380282,0.85,1.0,1.325,1.0,1.7,1.042254,2.0,1.112676,0.525,1.140845,0.9,0.492958,0.7625,0.056338,0.6125,0.014085,0.175,1.028169,0.5,0.323944,0.4,0.014085,0.2875,0.070423,-0.15,0.816901,0.1125,0.295775,0.1375,0.042254,0.075,0.070423,0,0,0.0,0.0,0.0,0.0,0.0,0.0,0.0,0.0,0.0,0.0,0.0,0.0,0.0,0.0,0.0,0.0,0.0,0.0,0.0,0.0,0.0,0.0,0.0,0.0,0.0,0.0,0.0,0.0,0.0,0.0,0.0,0.0,0.0,0.0,0.0,0.0,0.0,0.0,0.0,0.0,0.0,0.0,Z,17
0.0,0.0,0.4375,0.083333,0.8375,0.180556,1.075,0.277778,1.05,0.388889,0.85,1.0,1.325,1.0,1.7,1.041667,2.0,1.111111,0.525,1.138889,0.9,0.5,0.7625,0.069444,0.6,0.027778,0.175,1.027778,0.5,0.333333,0.4125,0.027778,0.2875,0.083333,-0.15,0.805556,0.1125,0.305556,0.1375,0.055556,0.075,0.083333,0,0,0.0,0.0,0.0,0.0,0.0,0.0,0.0,0.0,0.0,0.0,0.0,0.0,0.0,0.0,0.0,0.0,0.0,0.0,0.0,0.0,0.0,0.0,0.0,0.0,0.0,0.0,0.0,0.0,0.0,0.0,0.0,0.0,0.0,0.0,0.0,0.0,0.0,0.0,0.0,0.0,0.0,0.0,Z,17
0.0,0.0,0.322222,-0.06,0.666667,-0.04,0.8,-0.1,0.688889,-0.1,0.622222,1.0,0.933333,1.24,1.166667,1.44,1.377778,1.62,0.266667,1.24,0.411111,0.4,0.422222,-0.26,0.422222,-0.6,-0.077778,1.12,0.033333,0.2,0.066667,-0.28,0.088889,-0.46,-0.377778,0.92,-0.288889,0.26,-0.233333,-0.14,-0.211111,-0.3,0.022222222222222223,0.1,0.0,0.0,0.353659,0.0,0.719512,0.076923,0.853659,0.038462,0.719512,0.076923,0.646341,1.0,1.012195,1.25,1.304878,1.442308,1.54878,1.653846,0.304878,1.25,0.378049,0.365385,0.365854,-0.25,0.341463,-0.519231,-0.04878,1.153846,0.04878,0.038462,0.04878,-0.269231,0.04878,-0.230769,-0.353659,0.903846,-0.243902,0.173077,-0.195122,-0.173077,-0.182927,-0.230769,Z,17
0.0,0.0,0.321429,0.0,0.666667,0.072727,0.797619,0.036364,0.642857,0.0,0.607143,1.0,0.952381,1.181818,1.22619,1.363636,1.464286,1.527273,0.261905,1.236364,0.369048,0.254545,0.380952,-0.309091,0.369048,-0.545455,-0.083333,1.127273,0.059524,0.090909,0.095238,-0.145455,0.083333,-0.090909,-0.392857,0.854545,-0.285714,0.163636,-0.214286,-0.090909,-0.178571,-0.109091,0,0,0.0,0.0,0.0,0.0,0.0,0.0,0.0,0.0,0.0,0.0,0.0,0.0,0.0,0.0,0.0,0.0,0.0,0.0,0.0,0.0,0.0,0.0,0.0,0.0,0.0,0.0,0.0,0.0,0.0,0.0,0.0,0.0,0.0,0.0,0.0,0.0,0.0,0.0,0.0,0.0,0.0,0.0,Z,17
0.0,0.0,0.321429,0.1,0.630952,0.266667,0.654762,0.2,0.47619,0.116667,0.488095,1.0,0.702381,1.233333,0.869048,1.433333,1.011905,1.65,0.119048,1.216667,0.107143,0.35,0.142857,-0.133333,0.166667,-0.25,-0.22619,1.1,-0.166667,0.083333,-0.059524,-0.166667,0.011905,-0.083333,-0.511905,0.833333,-0.440476,0.166667,-0.297619,-0.1,-0.190476,-0.133333,0,0,0.0,0.0,0.0,0.0,0.0,0.0,0.0,0.0,0.0,0.0,0.0,0.0,0.0,0.0,0.0,0.0,0.0,0.0,0.0,0.0,0.0,0.0,0.0,0.0,0.0,0.0,0.0,0.0,0.0,0.0,0.0,0.0,0.0,0.0,0.0,0.0,0.0,0.0,0.0,0.0,0.0,0.0,Z,17
0.0,0.0,0.305882,0.076923,0.635294,0.246154,0.682353,0.261538,0.517647,0.246154,0.541176,1.0,0.752941,1.215385,0.882353,1.446154,1.011765,1.661538,0.164706,1.246154,0.176471,0.415385,0.2,0.0,0.247059,-0.123077,-0.176471,1.169231,-0.117647,0.230769,-0.023529,0.0,0.047059,0.030769,-0.458824,0.938462,-0.411765,0.261538,-0.282353,0.015385,-0.164706,0.0,0,0,0.0,0.0,0.0,0.0,0.0,0.0,0.0,0.0,0.0,0.0,0.0,0.0,0.0,0.0,0.0,0.0,0.0,0.0,0.0,0.0,0.0,0.0,0.0,0.0,0.0,0.0,0.0,0.0,0.0,0.0,0.0,0.0,0.0,0.0,0.0,0.0,0.0,0.0,0.0,0.0,0.0,0.0,Z,17
0.0,0.0,0.321429,0.09375,0.642857,0.265625,0.702381,0.25,0.547619,0.1875,0.535714,1.0,0.761905,1.1875,0.916667,1.40625,1.059524,1.625,0.166667,1.234375,0.178571,0.421875,0.214286,-0.03125,0.238095,-0.203125,-0.178571,1.15625,-0.119048,0.203125,-0.02381,-0.078125,0.059524,-0.078125,-0.464286,0.9375,-0.416667,0.25,-0.27381,-0.03125,-0.154762,-0.078125,0,0,0.0,0.0,0.0,0.0,0.0,0.0,0.0,0.0,0.0,0.0,0.0,0.0,0.0,0.0,0.0,0.0,0.0,0.0,0.0,0.0,0.0,0.0,0.0,0.0,0.0,0.0,0.0,0.0,0.0,0.0,0.0,0.0,0.0,0.0,0.0,0.0,0.0,0.0,0.0,0.0,0.0,0.0,Z,17
0.0,0.0,0.284091,0.055556,0.556818,0.166667,0.488636,0.055556,0.261364,-0.074074,0.454545,1.0,0.556818,1.277778,0.625,1.555556,0.670455,1.888889,0.079545,1.314815,0.0,0.277778,0.079545,-0.222222,0.147727,-0.314815,-0.272727,1.222222,-0.284091,0.018519,-0.113636,-0.277778,0.011364,-0.203704,-0.545455,0.944444,-0.534091,0.111111,-0.352273,-0.222222,-0.215909,-0.277778,0,0,0.0,0.0,0.0,0.0,0.0,0.0,0.0,0.0,0.0,0.0,0.0,0.0,0.0,0.0,0.0,0.0,0.0,0.0,0.0,0.0,0.0,0.0,0.0,0.0,0.0,0.0,0.0,0.0,0.0,0.0,0.0,0.0,0.0,0.0,0.0,0.0,0.0,0.0,0.0,0.0,0.0,0.0,Z,17
0.0,0.0,0.284091,0.064516,0.590909,0.193548,0.545455,0.177419,0.340909,0.112903,0.477273,1.0,0.568182,1.241935,0.613636,1.483871,0.647727,1.758065,0.102273,1.258065,0.022727,0.370968,0.090909,-0.129032,0.170455,-0.290323,-0.25,1.16129,-0.284091,0.177419,-0.113636,-0.129032,0.034091,-0.16129,-0.522727,0.935484,-0.545455,0.241935,-0.386364,-0.064516,-0.227273,-0.112903,0,0,0.0,0.0,0.0,0.0,0.0,0.0,0.0,0.0,0.0,0.0,0.0,0.0,0.0,0.0,0.0,0.0,0.0,0.0,0.0,0.0,0.0,0.0,0.0,0.0,0.0,0.0,0.0,0.0,0.0,0.0,0.0,0.0,0.0,0.0,0.0,0.0,0.0,0.0,0.0,0.0,0.0,0.0,Z,17
0.0,0.0,0.306818,0.053571,0.613636,0.214286,0.534091,0.178571,0.318182,0.089286,0.443182,1.0,0.488636,1.339286,0.488636,1.625,0.488636,1.946429,0.056818,1.339286,-0.011364,0.303571,0.068182,-0.125,0.125,-0.125,-0.284091,1.232143,-0.306818,0.160714,-0.136364,-0.125,0.0,-0.071429,-0.556818,0.964286,-0.556818,0.178571,-0.375,-0.107143,-0.215909,-0.125,0,0,0.0,0.0,0.0,0.0,0.0,0.0,0.0,0.0,0.0,0.0,0.0,0.0,0.0,0.0,0.0,0.0,0.0,0.0,0.0,0.0,0.0,0.0,0.0,0.0,0.0,0.0,0.0,0.0,0.0,0.0,0.0,0.0,0.0,0.0,0.0,0.0,0.0,0.0,0.0,0.0,0.0,0.0,Z,17
0.0,0.0,0.302326,0.035714,0.616279,0.160714,0.55814,0.142857,0.360465,0.107143,0.465116,1.0,0.511628,1.321429,0.5,1.607143,0.5,1.964286,0.081395,1.357143,-0.011628,0.303571,0.093023,-0.160714,0.174419,-0.178571,-0.267442,1.267857,-0.302326,0.178571,-0.127907,-0.142857,0.023256,-0.107143,-0.534884,1.035714,-0.55814,0.214286,-0.383721,-0.107143,-0.22093,-0.142857,0,0,0.0,0.0,0.0,0.0,0.0,0.0,0.0,0.0,0.0,0.0,0.0,0.0,0.0,0.0,0.0,0.0,0.0,0.0,0.0,0.0,0.0,0.0,0.0,0.0,0.0,0.0,0.0,0.0,0.0,0.0,0.0,0.0,0.0,0.0,0.0,0.0,0.0,0.0,0.0,0.0,0.0,0.0,Z,17
0.0,0.0,0.27907,0.0625,0.593023,0.203125,0.523256,0.203125,0.325581,0.15625,0.430233,1.0,0.453488,1.265625,0.44186,1.5,0.430233,1.8125,0.046512,1.265625,-0.05814,0.421875,0.05814,-0.046875,0.174419,-0.109375,-0.302326,1.1875,-0.360465,0.25,-0.162791,-0.0625,0.0,-0.046875,-0.569767,0.984375,-0.604651,0.28125,-0.430233,-0.015625,-0.267442,-0.015625,0,0,0.0,0.0,0.0,0.0,0.0,0.0,0.0,0.0,0.0,0.0,0.0,0.0,0.0,0.0,0.0,0.0,0.0,0.0,0.0,0.0,0.0,0.0,0.0,0.0,0.0,0.0,0.0,0.0,0.0,0.0,0.0,0.0,0.0,0.0,0.0,0.0,0.0,0.0,0.0,0.0,0.0,0.0,Z,17
0.0,0.0,0.298851,0.048387,0.62069,0.193548,0.528736,0.177419,0.321839,0.112903,0.448276,1.0,0.45977,1.241935,0.448276,1.5,0.425287,1.822581,0.057471,1.274194,-0.045977,0.387097,0.08046,-0.096774,0.195402,-0.145161,-0.287356,1.177419,-0.333333,0.193548,-0.114943,-0.112903,0.057471,-0.096774,-0.551724,0.967742,-0.574713,0.241935,-0.390805,-0.080645,-0.218391,-0.096774,0,0,0.0,0.0,0.0,0.0,0.0,0.0,0.0,0.0,0.0,0.0,0.0,0.0,0.0,0.0,0.0,0.0,0.0,0.0,0.0,0.0,0.0,0.0,0.0,0.0,0.0,0.0,0.0,0.0,0.0,0.0,0.0,0.0,0.0,0.0,0.0,0.0,0.0,0.0,0.0,0.0,0.0,0.0,Z,17
0.0,0.0,0.290698,0.076923,0.627907,0.215385,0.534884,0.2,0.337209,0.138462,0.44186,1.0,0.465116,1.246154,0.453488,1.476923,0.430233,1.784615,0.046512,1.246154,-0.046512,0.415385,0.081395,-0.046154,0.197674,-0.076923,-0.290698,1.169231,-0.337209,0.246154,-0.127907,-0.061538,0.034884,-0.046154,-0.55814,0.969231,-0.581395,0.276923,-0.395349,-0.030769,-0.232558,-0.046154,0,0,0.0,0.0,0.0,0.0,0.0,0.0,0.0,0.0,0.0,0.0,0.0,0.0,0.0,0.0,0.0,0.0,0.0,0.0,0.0,0.0,0.0,0.0,0.0,0.0,0.0,0.0,0.0,0.0,0.0,0.0,0.0,0.0,0.0,0.0,0.0,0.0,0.0,0.0,0.0,0.0,0.0,0.0,Z,17
0.0,0.0,0.275862,0.081967,0.563218,0.213115,0.45977,0.163934,0.264368,0.081967,0.402299,1.0,0.413793,1.245902,0.402299,1.508197,0.37931,1.836066,0.011494,1.278689,-0.103448,0.360656,0.034483,-0.114754,0.149425,-0.147541,-0.333333,1.196721,-0.37931,0.180328,-0.172414,-0.114754,0.0,-0.098361,-0.597701,0.967213,-0.62069,0.213115,-0.425287,-0.098361,-0.241379,-0.098361,0,0,0.0,0.0,0.0,0.0,0.0,0.0,0.0,0.0,0.0,0.0,0.0,0.0,0.0,0.0,0.0,0.0,0.0,0.0,0.0,0.0,0.0,0.0,0.0,0.0,0.0,0.0,0.0,0.0,0.0,0.0,0.0,0.0,0.0,0.0,0.0,0.0,0.0,0.0,0.0,0.0,0.0,0.0,Z,17
0.0,0.0,0.305882,0.035088,0.611765,0.175439,0.517647,0.122807,0.317647,0.052632,0.435294,1.0,0.447059,1.263158,0.435294,1.54386,0.411765,1.912281,0.047059,1.298246,-0.058824,0.333333,0.070588,-0.175439,0.2,-0.22807,-0.294118,1.22807,-0.341176,0.157895,-0.129412,-0.175439,0.058824,-0.175439,-0.564706,1.0,-0.588235,0.175439,-0.4,-0.157895,-0.211765,-0.175439,0,0,0.0,0.0,0.0,0.0,0.0,0.0,0.0,0.0,0.0,0.0,0.0,0.0,0.0,0.0,0.0,0.0,0.0,0.0,0.0,0.0,0.0,0.0,0.0,0.0,0.0,0.0,0.0,0.0,0.0,0.0,0.0,0.0,0.0,0.0,0.0,0.0,0.0,0.0,0.0,0.0,0.0,0.0,Z,17
0.0,0.0,0.297619,0.050847,0.607143,0.186441,0.52381,0.152542,0.321429,0.101695,0.452381,1.0,0.464286,1.254237,0.452381,1.525424,0.428571,1.864407,0.059524,1.288136,-0.059524,0.355932,0.059524,-0.135593,0.190476,-0.186441,-0.27381,1.20339,-0.345238,0.186441,-0.130952,-0.135593,0.059524,-0.135593,-0.547619,1.0,-0.595238,0.220339,-0.392857,-0.118644,-0.202381,-0.152542,0,0,0.0,0.0,0.0,0.0,0.0,0.0,0.0,0.0,0.0,0.0,0.0,0.0,0.0,0.0,0.0,0.0,0.0,0.0,0.0,0.0,0.0,0.0,0.0,0.0,0.0,0.0,0.0,0.0,0.0,0.0,0.0,0.0,0.0,0.0,0.0,0.0,0.0,0.0,0.0,0.0,0.0,0.0,Z,17
0.0,0.0,0.282353,0.050847,0.6,0.169492,0.494118,0.118644,0.282353,0.084746,0.423529,1.0,0.435294,1.254237,0.388235,1.491525,0.352941,1.813559,0.035294,1.305085,-0.105882,0.305085,0.023529,-0.186441,0.152941,-0.220339,-0.305882,1.220339,-0.4,0.169492,-0.188235,-0.169492,-0.011765,-0.152542,-0.576471,0.983051,-0.623529,0.186441,-0.447059,-0.135593,-0.270588,-0.152542,0,0,0.0,0.0,0.0,0.0,0.0,0.0,0.0,0.0,0.0,0.0,0.0,0.0,0.0,0.0,0.0,0.0,0.0,0.0,0.0,0.0,0.0,0.0,0.0,0.0,0.0,0.0,0.0,0.0,0.0,0.0,0.0,0.0,0.0,0.0,0.0,0.0,0.0,0.0,0.0,0.0,0.0,0.0,Z,17
0.0,0.0,0.305882,0.04918,0.623529,0.196721,0.494118,0.163934,0.282353,0.114754,0.423529,1.0,0.447059,1.245902,0.411765,1.491803,0.376471,1.803279,0.035294,1.278689,-0.094118,0.327869,0.035294,-0.147541,0.164706,-0.163934,-0.305882,1.196721,-0.376471,0.163934,-0.164706,-0.147541,0.011765,-0.114754,-0.576471,0.983607,-0.623529,0.213115,-0.435294,-0.114754,-0.258824,-0.114754,0,0,0.0,0.0,0.0,0.0,0.0,0.0,0.0,0.0,0.0,0.0,0.0,0.0,0.0,0.0,0.0,0.0,0.0,0.0,0.0,0.0,0.0,0.0,0.0,0.0,0.0,0.0,0.0,0.0,0.0,0.0,0.0,0.0,0.0,0.0,0.0,0.0,0.0,0.0,0.0,0.0,0.0,0.0,Z,17
0.0,0.0,0.287356,0.050847,0.609195,0.20339,0.494253,0.135593,0.275862,0.050847,0.413793,1.0,0.413793,1.254237,0.37931,1.508475,0.344828,1.830508,0.022989,1.288136,-0.091954,0.338983,0.057471,-0.152542,0.195402,-0.169492,-0.310345,1.220339,-0.37931,0.169492,-0.16092,-0.152542,0.0,-0.101695,-0.586207,1.0,-0.62069,0.20339,-0.436782,-0.135593,-0.275862,-0.118644,0,0,0.0,0.0,0.0,0.0,0.0,0.0,0.0,0.0,0.0,0.0,0.0,0.0,0.0,0.0,0.0,0.0,0.0,0.0,0.0,0.0,0.0,0.0,0.0,0.0,0.0,0.0,0.0,0.0,0.0,0.0,0.0,0.0,0.0,0.0,0.0,0.0,0.0,0.0,0.0,0.0,0.0,0.0,Z,17
0.0,0.0,0.302326,0.065574,0.627907,0.229508,0.511628,0.180328,0.27907,0.081967,0.418605,1.0,0.430233,1.262295,0.383721,1.491803,0.348837,1.786885,0.023256,1.262295,-0.081395,0.393443,0.069767,-0.098361,0.197674,-0.131148,-0.313953,1.196721,-0.360465,0.196721,-0.162791,-0.131148,0.0,-0.081967,-0.581395,1.0,-0.604651,0.213115,-0.418605,-0.098361,-0.255814,-0.098361,0,0,0.0,0.0,0.0,0.0,0.0,0.0,0.0,0.0,0.0,0.0,0.0,0.0,0.0,0.0,0.0,0.0,0.0,0.0,0.0,0.0,0.0,0.0,0.0,0.0,0.0,0.0,0.0,0.0,0.0,0.0,0.0,0.0,0.0,0.0,0.0,0.0,0.0,0.0,0.0,0.0,0.0,0.0,Z,17
0.0,0.0,0.302326,0.065574,0.627907,0.245902,0.5,0.180328,0.267442,0.081967,0.406977,1.0,0.418605,1.262295,0.383721,1.491803,0.337209,1.803279,0.011628,1.278689,-0.093023,0.393443,0.05814,-0.098361,0.197674,-0.114754,-0.325581,1.196721,-0.372093,0.196721,-0.162791,-0.114754,0.0,-0.065574,-0.593023,1.0,-0.627907,0.213115,-0.44186,-0.098361,-0.27907,-0.065574,0,0,0.0,0.0,0.0,0.0,0.0,0.0,0.0,0.0,0.0,0.0,0.0,0.0,0.0,0.0,0.0,0.0,0.0,0.0,0.0,0.0,0.0,0.0,0.0,0.0,0.0,0.0,0.0,0.0,0.0,0.0,0.0,0.0,0.0,0.0,0.0,0.0,0.0,0.0,0.0,0.0,0.0,0.0,Z,17
0.0,0.0,0.298851,0.066667,0.62069,0.216667,0.528736,0.2,0.298851,0.15,0.425287,1.0,0.425287,1.266667,0.37931,1.5,0.344828,1.783333,0.034483,1.283333,-0.091954,0.416667,0.034483,-0.083333,0.16092,-0.15,-0.298851,1.216667,-0.356322,0.216667,-0.149425,-0.116667,0.022989,-0.1,-0.574713,1.033333,-0.597701,0.25,-0.413793,-0.083333,-0.229885,-0.083333,0,0,0.0,0.0,0.0,0.0,0.0,0.0,0.0,0.0,0.0,0.0,0.0,0.0,0.0,0.0,0.0,0.0,0.0,0.0,0.0,0.0,0.0,0.0,0.0,0.0,0.0,0.0,0.0,0.0,0.0,0.0,0.0,0.0,0.0,0.0,0.0,0.0,0.0,0.0,0.0,0.0,0.0,0.0,Z,17
0.0,0.0,0.310345,0.066667,0.62069,0.233333,0.494253,0.166667,0.264368,0.066667,0.413793,1.0,0.425287,1.233333,0.37931,1.466667,0.344828,1.766667,0.022989,1.266667,-0.103448,0.366667,0.045977,-0.116667,0.172414,-0.166667,-0.321839,1.2,-0.367816,0.166667,-0.149425,-0.15,0.011494,-0.116667,-0.586207,0.983333,-0.609195,0.183333,-0.413793,-0.133333,-0.229885,-0.133333,0,0,0.0,0.0,0.0,0.0,0.0,0.0,0.0,0.0,0.0,0.0,0.0,0.0,0.0,0.0,0.0,0.0,0.0,0.0,0.0,0.0,0.0,0.0,0.0,0.0,0.0,0.0,0.0,0.0,0.0,0.0,0.0,0.0,0.0,0.0,0.0,0.0,0.0,0.0,0.0,0.0,0.0,0.0,Z,17
0.0,0.0,0.295455,0.035088,0.602273,0.192982,0.511364,0.105263,0.306818,0.017544,0.431818,1.0,0.431818,1.280702,0.397727,1.526316,0.352273,1.842105,0.045455,1.315789,-0.079545,0.315789,0.068182,-0.175439,0.204545,-0.192982,-0.295455,1.245614,-0.352273,0.122807,-0.136364,-0.210526,0.034091,-0.140351,-0.568182,1.017544,-0.590909,0.157895,-0.397727,-0.175439,-0.227273,-0.140351,0,0,0.0,0.0,0.0,0.0,0.0,0.0,0.0,0.0,0.0,0.0,0.0,0.0,0.0,0.0,0.0,0.0,0.0,0.0,0.0,0.0,0.0,0.0,0.0,0.0,0.0,0.0,0.0,0.0,0.0,0.0,0.0,0.0,0.0,0.0,0.0,0.0,0.0,0.0,0.0,0.0,0.0,0.0,Z,17
0.0,0.0,0.287356,0.04918,0.609195,0.196721,0.505747,0.163934,0.298851,0.098361,0.436782,1.0,0.436782,1.278689,0.390805,1.491803,0.356322,1.786885,0.045977,1.278689,-0.068966,0.377049,0.068966,-0.114754,0.183908,-0.147541,-0.298851,1.196721,-0.344828,0.180328,-0.126437,-0.147541,0.034483,-0.098361,-0.563218,0.983607,-0.586207,0.229508,-0.390805,-0.098361,-0.218391,-0.098361,0,0,0.0,0.0,0.0,0.0,0.0,0.0,0.0,0.0,0.0,0.0,0.0,0.0,0.0,0.0,0.0,0.0,0.0,0.0,0.0,0.0,0.0,0.0,0.0,0.0,0.0,0.0,0.0,0.0,0.0,0.0,0.0,0.0,0.0,0.0,0.0,0.0,0.0,0.0,0.0,0.0,0.0,0.0,Z,17
0.0,0.0,0.302326,0.05,0.616279,0.2,0.511628,0.15,0.302326,0.066667,0.430233,1.0,0.430233,1.25,0.383721,1.483333,0.360465,1.8,0.034884,1.283333,-0.093023,0.35,0.05814,-0.133333,0.186047,-0.15,-0.302326,1.2,-0.372093,0.166667,-0.139535,-0.15,0.034884,-0.116667,-0.569767,0.983333,-0.604651,0.2,-0.406977,-0.116667,-0.232558,-0.116667,0,0,0.0,0.0,0.0,0.0,0.0,0.0,0.0,0.0,0.0,0.0,0.0,0.0,0.0,0.0,0.0,0.0,0.0,0.0,0.0,0.0,0.0,0.0,0.0,0.0,0.0,0.0,0.0,0.0,0.0,0.0,0.0,0.0,0.0,0.0,0.0,0.0,0.0,0.0,0.0,0.0,0.0,0.0,Z,17
0.0,0.0,0.27907,0.051724,0.604651,0.189655,0.511628,0.103448,0.302326,0.017241,0.430233,1.0,0.44186,1.241379,0.406977,1.482759,0.372093,1.810345,0.034884,1.293103,-0.081395,0.327586,0.069767,-0.189655,0.197674,-0.224138,-0.302326,1.206897,-0.360465,0.137931,-0.139535,-0.206897,0.034884,-0.172414,-0.569767,1.0,-0.604651,0.172414,-0.418605,-0.172414,-0.232558,-0.172414,0,0,0.0,0.0,0.0,0.0,0.0,0.0,0.0,0.0,0.0,0.0,0.0,0.0,0.0,0.0,0.0,0.0,0.0,0.0,0.0,0.0,0.0,0.0,0.0,0.0,0.0,0.0,0.0,0.0,0.0,0.0,0.0,0.0,0.0,0.0,0.0,0.0,0.0,0.0,0.0,0.0,0.0,0.0,Z,17
0.0,0.0,0.290698,0.050847,0.616279,0.169492,0.511628,0.118644,0.302326,0.050847,0.453488,1.0,0.465116,1.237288,0.430233,1.474576,0.395349,1.79661,0.05814,1.271186,-0.05814,0.338983,0.069767,-0.169492,0.186047,-0.20339,-0.27907,1.20339,-0.337209,0.152542,-0.139535,-0.169492,0.034884,-0.152542,-0.546512,0.983051,-0.593023,0.20339,-0.406977,-0.135593,-0.244186,-0.135593,0,0,0.0,0.0,0.0,0.0,0.0,0.0,0.0,0.0,0.0,0.0,0.0,0.0,0.0,0.0,0.0,0.0,0.0,0.0,0.0,0.0,0.0,0.0,0.0,0.0,0.0,0.0,0.0,0.0,0.0,0.0,0.0,0.0,0.0,0.0,0.0,0.0,0.0,0.0,0.0,0.0,0.0,0.0,Z,17
0.0,0.0,0.287356,0.017544,0.609195,0.140351,0.505747,0.070175,0.298851,0.0,0.436782,1.0,0.448276,1.22807,0.413793,1.473684,0.37931,1.789474,0.045977,1.298246,-0.068966,0.263158,0.045977,-0.263158,0.149425,-0.263158,-0.298851,1.192982,-0.356322,0.087719,-0.137931,-0.245614,0.022989,-0.192982,-0.563218,0.964912,-0.586207,0.140351,-0.413793,-0.210526,-0.252874,-0.210526,0,0,0.0,0.0,0.0,0.0,0.0,0.0,0.0,0.0,0.0,0.0,0.0,0.0,0.0,0.0,0.0,0.0,0.0,0.0,0.0,0.0,0.0,0.0,0.0,0.0,0.0,0.0,0.0,0.0,0.0,0.0,0.0,0.0,0.0,0.0,0.0,0.0,0.0,0.0,0.0,0.0,0.0,0.0,Z,17
0.0,0.0,0.284091,0.050847,0.602273,0.186441,0.511364,0.152542,0.295455,0.084746,0.431818,1.0,0.431818,1.254237,0.409091,1.474576,0.363636,1.779661,0.034091,1.271186,-0.079545,0.338983,0.045455,-0.169492,0.159091,-0.20339,-0.306818,1.20339,-0.363636,0.152542,-0.159091,-0.169492,0.011364,-0.135593,-0.568182,0.983051,-0.590909,0.20339,-0.409091,-0.135593,-0.25,-0.118644,0,0,0.0,0.0,0.0,0.0,0.0,0.0,0.0,0.0,0.0,0.0,0.0,0.0,0.0,0.0,0.0,0.0,0.0,0.0,0.0,0.0,0.0,0.0,0.0,0.0,0.0,0.0,0.0,0.0,0.0,0.0,0.0,0.0,0.0,0.0,0.0,0.0,0.0,0.0,0.0,0.0,0.0,0.0,Z,17
0.0,0.0,0.280899,0.034483,0.595506,0.172414,0.516854,0.103448,0.314607,0.017241,0.449438,1.0,0.449438,1.258621,0.41573,1.482759,0.382022,1.758621,0.05618,1.293103,-0.067416,0.327586,0.067416,-0.206897,0.191011,-0.206897,-0.280899,1.224138,-0.337079,0.12069,-0.134831,-0.224138,0.033708,-0.155172,-0.550562,1.017241,-0.573034,0.155172,-0.393258,-0.172414,-0.235955,-0.155172,0,0,0.0,0.0,0.0,0.0,0.0,0.0,0.0,0.0,0.0,0.0,0.0,0.0,0.0,0.0,0.0,0.0,0.0,0.0,0.0,0.0,0.0,0.0,0.0,0.0,0.0,0.0,0.0,0.0,0.0,0.0,0.0,0.0,0.0,0.0,0.0,0.0,0.0,0.0,0.0,0.0,0.0,0.0,Z,17
0.0,0.0,0.287356,0.050847,0.62069,0.20339,0.517241,0.152542,0.298851,0.033898,0.425287,1.0,0.425287,1.254237,0.37931,1.440678,0.333333,1.728814,0.022989,1.288136,-0.091954,0.322034,0.045977,-0.186441,0.16092,-0.169492,-0.310345,1.20339,-0.367816,0.135593,-0.149425,-0.186441,0.011494,-0.135593,-0.574713,0.983051,-0.597701,0.186441,-0.402299,-0.152542,-0.229885,-0.135593,0,0,0.0,0.0,0.0,0.0,0.0,0.0,0.0,0.0,0.0,0.0,0.0,0.0,0.0,0.0,0.0,0.0,0.0,0.0,0.0,0.0,0.0,0.0,0.0,0.0,0.0,0.0,0.0,0.0,0.0,0.0,0.0,0.0,0.0,0.0,0.0,0.0,0.0,0.0,0.0,0.0,0.0,0.0,Z,17
0.0,0.0,0.284091,0.053571,0.602273,0.178571,0.5,0.071429,0.284091,-0.035714,0.420455,1.0,0.409091,1.25,0.375,1.464286,0.340909,1.75,0.022727,1.285714,-0.090909,0.285714,0.056818,-0.232143,0.181818,-0.214286,-0.306818,1.214286,-0.363636,0.089286,-0.147727,-0.25,0.022727,-0.196429,-0.579545,1.0,-0.602273,0.125,-0.409091,-0.232143,-0.238636,-0.196429,0,0,0.0,0.0,0.0,0.0,0.0,0.0,0.0,0.0,0.0,0.0,0.0,0.0,0.0,0.0,0.0,0.0,0.0,0.0,0.0,0.0,0.0,0.0,0.0,0.0,0.0,0.0,0.0,0.0,0.0,0.0,0.0,0.0,0.0,0.0,0.0,0.0,0.0,0.0,0.0,0.0,0.0,0.0,Z,17
0.0,0.0,0.298851,0.068966,0.597701,0.224138,0.471264,0.137931,0.241379,0.017241,0.402299,1.0,0.402299,1.275862,0.356322,1.482759,0.321839,1.758621,0.0,1.275862,-0.114943,0.327586,0.022989,-0.172414,0.16092,-0.224138,-0.344828,1.206897,-0.390805,0.12069,-0.172414,-0.206897,0.011494,-0.172414,-0.597701,0.982759,-0.632184,0.172414,-0.425287,-0.155172,-0.252874,-0.155172,0,0,0.0,0.0,0.0,0.0,0.0,0.0,0.0,0.0,0.0,0.0,0.0,0.0,0.0,0.0,0.0,0.0,0.0,0.0,0.0,0.0,0.0,0.0,0.0,0.0,0.0,0.0,0.0,0.0,0.0,0.0,0.0,0.0,0.0,0.0,0.0,0.0,0.0,0.0,0.0,0.0,0.0,0.0,Z,17
0.0,0.0,0.287356,0.037037,0.597701,0.203704,0.482759,0.111111,0.252874,-0.037037,0.390805,1.0,0.390805,1.259259,0.356322,1.518519,0.321839,1.833333,-0.011494,1.314815,-0.114943,0.240741,0.034483,-0.259259,0.16092,-0.277778,-0.344828,1.259259,-0.37931,0.055556,-0.172414,-0.259259,0.011494,-0.203704,-0.609195,1.037037,-0.62069,0.111111,-0.425287,-0.222222,-0.241379,-0.222222,0,0,0.0,0.0,0.0,0.0,0.0,0.0,0.0,0.0,0.0,0.0,0.0,0.0,0.0,0.0,0.0,0.0,0.0,0.0,0.0,0.0,0.0,0.0,0.0,0.0,0.0,0.0,0.0,0.0,0.0,0.0,0.0,0.0,0.0,0.0,0.0,0.0,0.0,0.0,0.0,0.0,0.0,0.0,Z,17
0.0,0.0,0.284091,0.053571,0.590909,0.214286,0.454545,0.142857,0.215909,0.017857,0.397727,1.0,0.386364,1.285714,0.352273,1.5,0.306818,1.803571,0.0,1.303571,-0.125,0.285714,0.034091,-0.214286,0.170455,-0.25,-0.340909,1.232143,-0.375,0.089286,-0.159091,-0.232143,0.022727,-0.196429,-0.602273,1.017857,-0.613636,0.142857,-0.409091,-0.196429,-0.238636,-0.160714,0,0,0.0,0.0,0.0,0.0,0.0,0.0,0.0,0.0,0.0,0.0,0.0,0.0,0.0,0.0,0.0,0.0,0.0,0.0,0.0,0.0,0.0,0.0,0.0,0.0,0.0,0.0,0.0,0.0,0.0,0.0,0.0,0.0,0.0,0.0,0.0,0.0,0.0,0.0,0.0,0.0,0.0,0.0,Z,17
0.0,0.0,0.298851,0.067797,0.62069,0.237288,0.494253,0.186441,0.252874,0.084746,0.402299,1.0,0.402299,1.237288,0.356322,1.457627,0.310345,1.711864,0.0,1.271186,-0.114943,0.338983,0.034483,-0.135593,0.183908,-0.169492,-0.321839,1.20339,-0.390805,0.152542,-0.172414,-0.169492,0.011494,-0.135593,-0.597701,1.0,-0.62069,0.186441,-0.425287,-0.135593,-0.241379,-0.118644,0,0,0.0,0.0,0.0,0.0,0.0,0.0,0.0,0.0,0.0,0.0,0.0,0.0,0.0,0.0,0.0,0.0,0.0,0.0,0.0,0.0,0.0,0.0,0.0,0.0,0.0,0.0,0.0,0.0,0.0,0.0,0.0,0.0,0.0,0.0,0.0,0.0,0.0,0.0,0.0,0.0,0.0,0.0,Z,17
0.0,0.0,0.298851,0.051724,0.632184,0.241379,0.494253,0.155172,0.252874,0.017241,0.402299,1.0,0.402299,1.241379,0.344828,1.448276,0.298851,1.706897,0.011494,1.275862,-0.114943,0.327586,0.045977,-0.155172,0.195402,-0.172414,-0.321839,1.206897,-0.390805,0.137931,-0.172414,-0.189655,0.0,-0.137931,-0.597701,1.017241,-0.62069,0.172414,-0.425287,-0.155172,-0.241379,-0.12069,0,0,0.0,0.0,0.0,0.0,0.0,0.0,0.0,0.0,0.0,0.0,0.0,0.0,0.0,0.0,0.0,0.0,0.0,0.0,0.0,0.0,0.0,0.0,0.0,0.0,0.0,0.0,0.0,0.0,0.0,0.0,0.0,0.0,0.0,0.0,0.0,0.0,0.0,0.0,0.0,0.0,0.0,0.0,Z,17
0.0,0.0,0.310345,0.051724,0.62069,0.206897,0.471264,0.137931,0.229885,0.051724,0.402299,1.0,0.402299,1.275862,0.356322,1.465517,0.310345,1.706897,0.011494,1.293103,-0.091954,0.327586,0.057471,-0.155172,0.195402,-0.189655,-0.321839,1.206897,-0.367816,0.137931,-0.16092,-0.189655,0.0,-0.137931,-0.597701,1.0,-0.609195,0.172414,-0.425287,-0.137931,-0.252874,-0.12069,0,0,0.0,0.0,0.0,0.0,0.0,0.0,0.0,0.0,0.0,0.0,0.0,0.0,0.0,0.0,0.0,0.0,0.0,0.0,0.0,0.0,0.0,0.0,0.0,0.0,0.0,0.0,0.0,0.0,0.0,0.0,0.0,0.0,0.0,0.0,0.0,0.0,0.0,0.0,0.0,0.0,0.0,0.0,Z,17
0.0,0.0,0.302326,0.05,0.604651,0.2,0.476744,0.15,0.244186,0.083333,0.395349,1.0,0.406977,1.216667,0.360465,1.433333,0.313953,1.683333,0.0,1.266667,-0.116279,0.35,0.034884,-0.15,0.174419,-0.183333,-0.337209,1.2,-0.395349,0.166667,-0.174419,-0.15,0.0,-0.133333,-0.604651,0.983333,-0.627907,0.2,-0.44186,-0.116667,-0.255814,-0.133333,0,0,0.0,0.0,0.0,0.0,0.0,0.0,0.0,0.0,0.0,0.0,0.0,0.0,0.0,0.0,0.0,0.0,0.0,0.0,0.0,0.0,0.0,0.0,0.0,0.0,0.0,0.0,0.0,0.0,0.0,0.0,0.0,0.0,0.0,0.0,0.0,0.0,0.0,0.0,0.0,0.0,0.0,0.0,Z,17
0.0,0.0,0.302326,0.067797,0.616279,0.220339,0.5,0.186441,0.267442,0.118644,0.406977,1.0,0.406977,1.254237,0.372093,1.474576,0.325581,1.779661,0.011628,1.288136,-0.104651,0.355932,0.034884,-0.118644,0.174419,-0.152542,-0.313953,1.237288,-0.383721,0.186441,-0.174419,-0.135593,0.0,-0.101695,-0.593023,1.033898,-0.627907,0.220339,-0.430233,-0.101695,-0.255814,-0.084746,0,0,0.0,0.0,0.0,0.0,0.0,0.0,0.0,0.0,0.0,0.0,0.0,0.0,0.0,0.0,0.0,0.0,0.0,0.0,0.0,0.0,0.0,0.0,0.0,0.0,0.0,0.0,0.0,0.0,0.0,0.0,0.0,0.0,0.0,0.0,0.0,0.0,0.0,0.0,0.0,0.0,0.0,0.0,Z,17
0.0,0.0,0.306818,0.096774,0.613636,0.258065,0.454545,0.177419,0.227273,0.080645,0.397727,1.0,0.386364,1.209677,0.352273,1.403226,0.306818,1.66129,0.0,1.258065,-0.102273,0.354839,0.056818,-0.096774,0.181818,-0.112903,-0.340909,1.177419,-0.375,0.16129,-0.170455,-0.129032,0.0,-0.064516,-0.602273,0.983871,-0.613636,0.193548,-0.420455,-0.112903,-0.25,-0.080645,0,0,0.0,0.0,0.0,0.0,0.0,0.0,0.0,0.0,0.0,0.0,0.0,0.0,0.0,0.0,0.0,0.0,0.0,0.0,0.0,0.0,0.0,0.0,0.0,0.0,0.0,0.0,0.0,0.0,0.0,0.0,0.0,0.0,0.0,0.0,0.0,0.0,0.0,0.0,0.0,0.0,0.0,0.0,Z,17
0.0,0.0,0.310345,0.051724,0.609195,0.224138,0.482759,0.12069,0.241379,0.0,0.390805,1.0,0.37931,1.258621,0.344828,1.465517,0.298851,1.706897,-0.011494,1.275862,-0.114943,0.344828,0.045977,-0.155172,0.183908,-0.206897,-0.344828,1.206897,-0.37931,0.137931,-0.172414,-0.189655,0.0,-0.137931,-0.609195,1.0,-0.62069,0.155172,-0.425287,-0.172414,-0.252874,-0.137931,0,0,0.0,0.0,0.0,0.0,0.0,0.0,0.0,0.0,0.0,0.0,0.0,0.0,0.0,0.0,0.0,0.0,0.0,0.0,0.0,0.0,0.0,0.0,0.0,0.0,0.0,0.0,0.0,0.0,0.0,0.0,0.0,0.0,0.0,0.0,0.0,0.0,0.0,0.0,0.0,0.0,0.0,0.0,Z,17
0.0,0.0,0.298851,0.051724,0.609195,0.241379,0.471264,0.155172,0.241379,0.0,0.390805,1.0,0.390805,1.293103,0.344828,1.482759,0.298851,1.672414,-0.011494,1.275862,-0.114943,0.362069,0.045977,-0.137931,0.172414,-0.189655,-0.344828,1.189655,-0.37931,0.155172,-0.172414,-0.189655,-0.011494,-0.137931,-0.609195,0.982759,-0.632184,0.172414,-0.436782,-0.155172,-0.252874,-0.155172,0,0,0.0,0.0,0.0,0.0,0.0,0.0,0.0,0.0,0.0,0.0,0.0,0.0,0.0,0.0,0.0,0.0,0.0,0.0,0.0,0.0,0.0,0.0,0.0,0.0,0.0,0.0,0.0,0.0,0.0,0.0,0.0,0.0,0.0,0.0,0.0,0.0,0.0,0.0,0.0,0.0,0.0,0.0,Z,17
0.0,0.0,0.290698,0.111111,0.604651,0.301587,0.488372,0.269841,0.27907,0.15873,0.372093,1.0,0.395349,1.206349,0.372093,1.412698,0.360465,1.68254,-0.023256,1.253968,-0.139535,0.412698,0.023256,-0.047619,0.162791,-0.095238,-0.360465,1.190476,-0.418605,0.238095,-0.209302,-0.079365,-0.023256,-0.063492,-0.627907,0.984127,-0.662791,0.253968,-0.465116,-0.063492,-0.27907,-0.063492,0,0,0.0,0.0,0.0,0.0,0.0,0.0,0.0,0.0,0.0,0.0,0.0,0.0,0.0,0.0,0.0,0.0,0.0,0.0,0.0,0.0,0.0,0.0,0.0,0.0,0.0,0.0,0.0,0.0,0.0,0.0,0.0,0.0,0.0,0.0,0.0,0.0,0.0,0.0,0.0,0.0,0.0,0.0,Z,17
0.0,0.0,0.323944,0.107143,0.676056,0.428571,0.802817,0.75,0.704225,1.047619,0.478873,1.0,0.732394,1.380952,0.957746,1.630952,1.098592,1.869048,0.15493,1.047619,0.43662,1.309524,0.43662,0.845238,0.309859,0.72619,-0.183099,0.988095,0.042254,1.107143,0.098592,0.678571,-0.028169,0.607143,-0.521127,0.857143,-0.309859,0.928571,-0.183099,0.630952,-0.28169,0.571429,0,0,0.0,0.0,0.0,0.0,0.0,0.0,0.0,0.0,0.0,0.0,0.0,0.0,0.0,0.0,0.0,0.0,0.0,0.0,0.0,0.0,0.0,0.0,0.0,0.0,0.0,0.0,0.0,0.0,0.0,0.0,0.0,0.0,0.0,0.0,0.0,0.0,0.0,0.0,0.0,0.0,0.0,0.0,Z,18
0.0,0.0,0.405405,0.130435,0.756757,0.445652,0.864865,0.76087,0.756757,1.021739,0.554054,1.0,0.837838,1.380435,1.040541,1.619565,1.189189,1.847826,0.202703,1.021739,0.486486,1.26087,0.5,0.826087,0.364865,0.706522,-0.121622,0.956522,0.121622,1.076087,0.189189,0.684783,0.054054,0.630435,-0.445946,0.826087,-0.202703,0.923913,-0.067568,0.652174,-0.162162,0.576087,0,0,0.0,0.0,0.0,0.0,0.0,0.0,0.0,0.0,0.0,0.0,0.0,0.0,0.0,0.0,0.0,0.0,0.0,0.0,0.0,0.0,0.0,0.0,0.0,0.0,0.0,0.0,0.0,0.0,0.0,0.0,0.0,0.0,0.0,0.0,0.0,0.0,0.0,0.0,0.0,0.0,0.0,0.0,Z,18
0.0,0.0,0.424658,0.145833,0.780822,0.458333,0.90411,0.760417,0.794521,1.0,0.575342,1.0,0.876712,1.364583,1.09589,1.604167,1.232877,1.8125,0.219178,1.010417,0.506849,1.229167,0.520548,0.8125,0.39726,0.697917,-0.109589,0.9375,0.136986,1.041667,0.191781,0.677083,0.082192,0.625,-0.424658,0.802083,-0.191781,0.895833,-0.054795,0.645833,-0.123288,0.572917,0,0,0.0,0.0,0.0,0.0,0.0,0.0,0.0,0.0,0.0,0.0,0.0,0.0,0.0,0.0,0.0,0.0,0.0,0.0,0.0,0.0,0.0,0.0,0.0,0.0,0.0,0.0,0.0,0.0,0.0,0.0,0.0,0.0,0.0,0.0,0.0,0.0,0.0,0.0,0.0,0.0,0.0,0.0,Z,18
0.0,0.0,0.432432,0.173469,0.783784,0.469388,0.891892,0.744898,0.797297,0.989796,0.567568,1.0,0.851351,1.357143,1.067568,1.591837,1.202703,1.795918,0.202703,1.010204,0.5,1.214286,0.513514,0.816327,0.391892,0.693878,-0.121622,0.938776,0.121622,1.030612,0.189189,0.673469,0.067568,0.622449,-0.432432,0.806122,-0.202703,0.897959,-0.067568,0.642857,-0.135135,0.571429,0,0,0.0,0.0,0.0,0.0,0.0,0.0,0.0,0.0,0.0,0.0,0.0,0.0,0.0,0.0,0.0,0.0,0.0,0.0,0.0,0.0,0.0,0.0,0.0,0.0,0.0,0.0,0.0,0.0,0.0,0.0,0.0,0.0,0.0,0.0,0.0,0.0,0.0,0.0,0.0,0.0,0.0,0.0,Z,18
0.0,0.0,0.445946,0.164948,0.797297,0.453608,0.905405,0.731959,0.810811,0.989691,0.594595,1.0,0.891892,1.360825,1.094595,1.597938,1.22973,1.814433,0.22973,1.0,0.527027,1.216495,0.540541,0.814433,0.432432,0.690722,-0.094595,0.927835,0.148649,1.030928,0.202703,0.670103,0.094595,0.608247,-0.405405,0.804124,-0.175676,0.886598,-0.054054,0.639175,-0.121622,0.56701,0,0,0.0,0.0,0.0,0.0,0.0,0.0,0.0,0.0,0.0,0.0,0.0,0.0,0.0,0.0,0.0,0.0,0.0,0.0,0.0,0.0,0.0,0.0,0.0,0.0,0.0,0.0,0.0,0.0,0.0,0.0,0.0,0.0,0.0,0.0,0.0,0.0,0.0,0.0,0.0,0.0,0.0,0.0,Z,18
0.0,0.0,0.426667,0.164948,0.773333,0.453608,0.893333,0.731959,0.813333,0.989691,0.573333,1.0,0.853333,1.360825,1.066667,1.587629,1.2,1.804124,0.213333,1.010309,0.506667,1.216495,0.52,0.814433,0.413333,0.690722,-0.106667,0.938144,0.133333,1.030928,0.186667,0.670103,0.093333,0.608247,-0.426667,0.804124,-0.186667,0.886598,-0.066667,0.639175,-0.12,0.56701,0,0,0.0,0.0,0.0,0.0,0.0,0.0,0.0,0.0,0.0,0.0,0.0,0.0,0.0,0.0,0.0,0.0,0.0,0.0,0.0,0.0,0.0,0.0,0.0,0.0,0.0,0.0,0.0,0.0,0.0,0.0,0.0,0.0,0.0,0.0,0.0,0.0,0.0,0.0,0.0,0.0,0.0,0.0,Z,18
0.0,0.0,0.426667,0.164948,0.773333,0.453608,0.893333,0.731959,0.8,0.989691,0.573333,1.0,0.853333,1.360825,1.066667,1.597938,1.2,1.804124,0.213333,1.0,0.506667,1.216495,0.52,0.814433,0.4,0.690722,-0.106667,0.938144,0.146667,1.030928,0.186667,0.670103,0.08,0.608247,-0.426667,0.804124,-0.173333,0.886598,-0.053333,0.628866,-0.12,0.56701,0,0,0.0,0.0,0.0,0.0,0.0,0.0,0.0,0.0,0.0,0.0,0.0,0.0,0.0,0.0,0.0,0.0,0.0,0.0,0.0,0.0,0.0,0.0,0.0,0.0,0.0,0.0,0.0,0.0,0.0,0.0,0.0,0.0,0.0,0.0,0.0,0.0,0.0,0.0,0.0,0.0,0.0,0.0,Z,18
0.0,0.0,0.445946,0.173469,0.783784,0.459184,0.891892,0.734694,0.824324,0.989796,0.581081,1.0,0.864865,1.346939,1.081081,1.581633,1.216216,1.785714,0.216216,1.010204,0.527027,1.214286,0.527027,0.816327,0.418919,0.693878,-0.108108,0.938776,0.148649,1.040816,0.189189,0.673469,0.094595,0.612245,-0.418919,0.806122,-0.189189,0.887755,-0.067568,0.642857,-0.121622,0.561224,0,0,0.0,0.0,0.0,0.0,0.0,0.0,0.0,0.0,0.0,0.0,0.0,0.0,0.0,0.0,0.0,0.0,0.0,0.0,0.0,0.0,0.0,0.0,0.0,0.0,0.0,0.0,0.0,0.0,0.0,0.0,0.0,0.0,0.0,0.0,0.0,0.0,0.0,0.0,0.0,0.0,0.0,0.0,Z,18
0.0,0.0,0.445946,0.166667,0.783784,0.46875,0.891892,0.75,0.824324,1.0,0.594595,1.0,0.878378,1.364583,1.094595,1.604167,1.22973,1.822917,0.22973,1.010417,0.513514,1.21875,0.527027,0.8125,0.405405,0.697917,-0.094595,0.9375,0.148649,1.03125,0.189189,0.666667,0.081081,0.614583,-0.405405,0.8125,-0.175676,0.885417,-0.054054,0.635417,-0.135135,0.572917,0,0,0.0,0.0,0.0,0.0,0.0,0.0,0.0,0.0,0.0,0.0,0.0,0.0,0.0,0.0,0.0,0.0,0.0,0.0,0.0,0.0,0.0,0.0,0.0,0.0,0.0,0.0,0.0,0.0,0.0,0.0,0.0,0.0,0.0,0.0,0.0,0.0,0.0,0.0,0.0,0.0,0.0,0.0,Z,18
0.0,0.0,0.44,0.164948,0.786667,0.453608,0.893333,0.731959,0.813333,0.989691,0.6,1.0,0.88,1.350515,1.08,1.587629,1.226667,1.793814,0.24,1.0,0.52,1.216495,0.52,0.814433,0.413333,0.690722,-0.08,0.938144,0.16,1.030928,0.2,0.670103,0.106667,0.608247,-0.4,0.804124,-0.173333,0.886598,-0.053333,0.639175,-0.106667,0.56701,0,0,0.0,0.0,0.0,0.0,0.0,0.0,0.0,0.0,0.0,0.0,0.0,0.0,0.0,0.0,0.0,0.0,0.0,0.0,0.0,0.0,0.0,0.0,0.0,0.0,0.0,0.0,0.0,0.0,0.0,0.0,0.0,0.0,0.0,0.0,0.0,0.0,0.0,0.0,0.0,0.0,0.0,0.0,Z,18
0.0,0.0,0.44,0.175258,0.773333,0.463918,0.88,0.731959,0.813333,0.989691,0.586667,1.0,0.866667,1.350515,1.08,1.587629,1.213333,1.793814,0.226667,1.0,0.506667,1.216495,0.52,0.814433,0.4,0.690722,-0.093333,0.927835,0.146667,1.030928,0.2,0.670103,0.093333,0.608247,-0.413333,0.793814,-0.186667,0.876289,-0.053333,0.628866,-0.12,0.56701,0,0,0.0,0.0,0.0,0.0,0.0,0.0,0.0,0.0,0.0,0.0,0.0,0.0,0.0,0.0,0.0,0.0,0.0,0.0,0.0,0.0,0.0,0.0,0.0,0.0,0.0,0.0,0.0,0.0,0.0,0.0,0.0,0.0,0.0,0.0,0.0,0.0,0.0,0.0,0.0,0.0,0.0,0.0,Z,18
0.0,0.0,0.426667,0.175258,0.773333,0.463918,0.88,0.742268,0.8,0.989691,0.586667,1.0,0.866667,1.350515,1.08,1.587629,1.213333,1.793814,0.226667,1.0,0.506667,1.206186,0.506667,0.814433,0.4,0.690722,-0.093333,0.927835,0.133333,1.030928,0.186667,0.670103,0.08,0.618557,-0.413333,0.793814,-0.186667,0.876289,-0.053333,0.628866,-0.12,0.56701,0,0,0.0,0.0,0.0,0.0,0.0,0.0,0.0,0.0,0.0,0.0,0.0,0.0,0.0,0.0,0.0,0.0,0.0,0.0,0.0,0.0,0.0,0.0,0.0,0.0,0.0,0.0,0.0,0.0,0.0,0.0,0.0,0.0,0.0,0.0,0.0,0.0,0.0,0.0,0.0,0.0,0.0,0.0,Z,18
0.0,0.0,0.397436,0.157895,0.705128,0.452632,0.846154,0.715789,0.807692,0.989474,0.602564,1.0,0.871795,1.378947,1.064103,1.621053,1.192308,1.852632,0.269231,1.021053,0.525641,1.252632,0.525641,0.852632,0.423077,0.705263,-0.064103,0.957895,0.166667,1.063158,0.192308,0.705263,0.076923,0.631579,-0.397436,0.821053,-0.166667,0.905263,-0.064103,0.652632,-0.115385,0.568421,0,0,0.0,0.0,0.0,0.0,0.0,0.0,0.0,0.0,0.0,0.0,0.0,0.0,0.0,0.0,0.0,0.0,0.0,0.0,0.0,0.0,0.0,0.0,0.0,0.0,0.0,0.0,0.0,0.0,0.0,0.0,0.0,0.0,0.0,0.0,0.0,0.0,0.0,0.0,0.0,0.0,0.0,0.0,Z,18
0.0,0.0,0.402597,0.163265,0.727273,0.44898,0.831169,0.714286,0.766234,0.959184,0.558442,1.0,0.857143,1.346939,1.064935,1.571429,1.194805,1.785714,0.207792,1.010204,0.506494,1.204082,0.506494,0.806122,0.38961,0.683673,-0.116883,0.938776,0.142857,1.030612,0.168831,0.673469,0.064935,0.602041,-0.441558,0.806122,-0.181818,0.887755,-0.077922,0.632653,-0.142857,0.55102,0,0,0.0,0.0,0.0,0.0,0.0,0.0,0.0,0.0,0.0,0.0,0.0,0.0,0.0,0.0,0.0,0.0,0.0,0.0,0.0,0.0,0.0,0.0,0.0,0.0,0.0,0.0,0.0,0.0,0.0,0.0,0.0,0.0,0.0,0.0,0.0,0.0,0.0,0.0,0.0,0.0,0.0,0.0,Z,18
0.0,0.0,0.418919,0.20202,0.72973,0.515152,0.810811,0.787879,0.635135,0.979798,0.554054,1.0,0.837838,1.363636,1.054054,1.59596,1.189189,1.818182,0.202703,1.0,0.405405,1.191919,0.405405,0.828283,0.324324,0.69697,-0.121622,0.919192,0.081081,1.030303,0.135135,0.686869,0.054054,0.606061,-0.445946,0.777778,-0.243243,0.868687,-0.121622,0.636364,-0.189189,0.565657,0,0,0.0,0.0,0.0,0.0,0.0,0.0,0.0,0.0,0.0,0.0,0.0,0.0,0.0,0.0,0.0,0.0,0.0,0.0,0.0,0.0,0.0,0.0,0.0,0.0,0.0,0.0,0.0,0.0,0.0,0.0,0.0,0.0,0.0,0.0,0.0,0.0,0.0,0.0,0.0,0.0,0.0,0.0,Z,18
0.0,0.0,0.4,0.183673,0.72,0.510204,0.8,0.785714,0.64,1.0,0.52,1.0,0.813333,1.367347,1.026667,1.602041,1.16,1.826531,0.173333,0.979592,0.4,1.183673,0.44,0.816327,0.36,0.673469,-0.146667,0.897959,0.066667,1.0,0.146667,0.653061,0.053333,0.561224,-0.48,0.744898,-0.253333,0.857143,-0.133333,0.612245,-0.186667,0.530612,0,0,0.0,0.0,0.0,0.0,0.0,0.0,0.0,0.0,0.0,0.0,0.0,0.0,0.0,0.0,0.0,0.0,0.0,0.0,0.0,0.0,0.0,0.0,0.0,0.0,0.0,0.0,0.0,0.0,0.0,0.0,0.0,0.0,0.0,0.0,0.0,0.0,0.0,0.0,0.0,0.0,0.0,0.0,Z,18
0.0,0.0,0.413333,0.197917,0.746667,0.520833,0.813333,0.8125,0.64,1.020833,0.546667,1.0,0.826667,1.395833,1.04,1.645833,1.173333,1.864583,0.213333,0.989583,0.413333,1.21875,0.453333,0.84375,0.386667,0.666667,-0.12,0.895833,0.106667,1.010417,0.173333,0.666667,0.08,0.552083,-0.453333,0.75,-0.226667,0.864583,-0.106667,0.625,-0.173333,0.53125,0,0,0.0,0.0,0.0,0.0,0.0,0.0,0.0,0.0,0.0,0.0,0.0,0.0,0.0,0.0,0.0,0.0,0.0,0.0,0.0,0.0,0.0,0.0,0.0,0.0,0.0,0.0,0.0,0.0,0.0,0.0,0.0,0.0,0.0,0.0,0.0,0.0,0.0,0.0,0.0,0.0,0.0,0.0,Z,18
0.0,0.0,0.4,0.223301,0.666667,0.572816,0.68,0.84466,0.56,1.019417,0.48,1.0,0.693333,1.368932,0.826667,1.61165,0.893333,1.834951,0.12,0.970874,0.186667,1.203883,0.253333,0.873786,0.213333,0.699029,-0.213333,0.873786,-0.12,1.038835,0.0,0.718447,-0.026667,0.601942,-0.52,0.708738,-0.4,0.84466,-0.253333,0.631068,-0.253333,0.543689,0,0,0.0,0.0,0.0,0.0,0.0,0.0,0.0,0.0,0.0,0.0,0.0,0.0,0.0,0.0,0.0,0.0,0.0,0.0,0.0,0.0,0.0,0.0,0.0,0.0,0.0,0.0,0.0,0.0,0.0,0.0,0.0,0.0,0.0,0.0,0.0,0.0,0.0,0.0,0.0,0.0,0.0,0.0,Z,18
0.0,0.0,0.422535,0.217822,0.71831,0.623762,0.816901,0.930693,0.816901,1.079208,0.43662,1.0,0.690141,1.356436,0.830986,1.60396,0.901408,1.811881,0.084507,0.970297,0.183099,1.237624,0.253521,0.980198,0.225352,0.851485,-0.253521,0.861386,-0.084507,1.029703,0.028169,0.742574,-0.014085,0.653465,-0.56338,0.712871,-0.380282,0.851485,-0.225352,0.643564,-0.239437,0.554455,0,0,0.0,0.0,0.0,0.0,0.0,0.0,0.0,0.0,0.0,0.0,0.0,0.0,0.0,0.0,0.0,0.0,0.0,0.0,0.0,0.0,0.0,0.0,0.0,0.0,0.0,0.0,0.0,0.0,0.0,0.0,0.0,0.0,0.0,0.0,0.0,0.0,0.0,0.0,0.0,0.0,0.0,0.0,Z,18
0.0,0.0,0.4,0.242718,0.642857,0.572816,0.557143,0.864078,0.242857,1.029126,0.342857,1.0,0.457143,1.407767,0.528571,1.669903,0.557143,1.92233,-0.014286,0.961165,-0.085714,1.223301,-0.028571,0.92233,0.0,0.728155,-0.357143,0.84466,-0.4,1.009709,-0.257143,0.728155,-0.2,0.592233,-0.657143,0.68932,-0.671429,0.834951,-0.5,0.640777,-0.428571,0.533981,0,0,0.0,0.0,0.0,0.0,0.0,0.0,0.0,0.0,0.0,0.0,0.0,0.0,0.0,0.0,0.0,0.0,0.0,0.0,0.0,0.0,0.0,0.0,0.0,0.0,0.0,0.0,0.0,0.0,0.0,0.0,0.0,0.0,0.0,0.0,0.0,0.0,0.0,0.0,0.0,0.0,0.0,0.0,Z,18
0.0,0.0,0.380282,0.240385,0.619718,0.576923,0.507042,0.846154,0.225352,1.009615,0.338028,1.0,0.450704,1.394231,0.507042,1.663462,0.521127,1.884615,-0.028169,0.951923,-0.084507,1.221154,-0.028169,0.903846,0.028169,0.711538,-0.366197,0.836538,-0.408451,1.009615,-0.267606,0.721154,-0.211268,0.586538,-0.661972,0.673077,-0.676056,0.826923,-0.507042,0.634615,-0.43662,0.528846,0,0,0.0,0.0,0.0,0.0,0.0,0.0,0.0,0.0,0.0,0.0,0.0,0.0,0.0,0.0,0.0,0.0,0.0,0.0,0.0,0.0,0.0,0.0,0.0,0.0,0.0,0.0,0.0,0.0,0.0,0.0,0.0,0.0,0.0,0.0,0.0,0.0,0.0,0.0,0.0,0.0,0.0,0.0,Z,18
0.0,0.0,0.385714,0.247619,0.614286,0.571429,0.514286,0.838095,0.242857,1.0,0.328571,1.0,0.457143,1.380952,0.514286,1.647619,0.542857,1.866667,-0.042857,0.952381,-0.1,1.219048,-0.028571,0.914286,0.028571,0.714286,-0.371429,0.838095,-0.414286,1.019048,-0.271429,0.733333,-0.2,0.6,-0.671429,0.666667,-0.685714,0.838095,-0.514286,0.647619,-0.442857,0.533333,0,0,0.0,0.0,0.0,0.0,0.0,0.0,0.0,0.0,0.0,0.0,0.0,0.0,0.0,0.0,0.0,0.0,0.0,0.0,0.0,0.0,0.0,0.0,0.0,0.0,0.0,0.0,0.0,0.0,0.0,0.0,0.0,0.0,0.0,0.0,0.0,0.0,0.0,0.0,0.0,0.0,0.0,0.0,Z,18
0.0,0.0,0.357143,0.242991,0.528571,0.560748,0.428571,0.859813,0.057143,1.018692,0.257143,1.0,0.285714,1.35514,0.228571,1.616822,0.171429,1.841121,-0.128571,0.925234,-0.285714,1.186916,-0.2,0.859813,-0.1,0.728972,-0.457143,0.813084,-0.628571,0.990654,-0.442857,0.71028,-0.314286,0.626168,-0.742857,0.672897,-0.857143,0.794393,-0.671429,0.626168,-0.542857,0.542056,0,0,0.0,0.0,0.0,0.0,0.0,0.0,0.0,0.0,0.0,0.0,0.0,0.0,0.0,0.0,0.0,0.0,0.0,0.0,0.0,0.0,0.0,0.0,0.0,0.0,0.0,0.0,0.0,0.0,0.0,0.0,0.0,0.0,0.0,0.0,0.0,0.0,0.0,0.0,0.0,0.0,0.0,0.0,Z,18
0.0,0.0,0.333333,0.224299,0.521739,0.542056,0.405797,0.841121,0.043478,1.018692,0.217391,1.0,0.246377,1.35514,0.202899,1.616822,0.15942,1.841121,-0.173913,0.934579,-0.304348,1.168224,-0.202899,0.841121,-0.101449,0.719626,-0.492754,0.813084,-0.666667,0.971963,-0.449275,0.682243,-0.318841,0.607477,-0.782609,0.654206,-0.913043,0.785047,-0.695652,0.598131,-0.550725,0.514019,0,0,0.0,0.0,0.0,0.0,0.0,0.0,0.0,0.0,0.0,0.0,0.0,0.0,0.0,0.0,0.0,0.0,0.0,0.0,0.0,0.0,0.0,0.0,0.0,0.0,0.0,0.0,0.0,0.0,0.0,0.0,0.0,0.0,0.0,0.0,0.0,0.0,0.0,0.0,0.0,0.0,0.0,0.0,Z,18
0.0,0.0,0.338235,0.226415,0.544118,0.556604,0.441176,0.858491,0.058824,1.018868,0.205882,1.0,0.191176,1.358491,0.117647,1.613208,0.044118,1.849057,-0.176471,0.933962,-0.323529,1.188679,-0.205882,0.858491,-0.088235,0.735849,-0.5,0.820755,-0.661765,1.0,-0.470588,0.707547,-0.338235,0.622642,-0.794118,0.669811,-0.911765,0.811321,-0.705882,0.613208,-0.573529,0.528302,0,0,0.0,0.0,0.0,0.0,0.0,0.0,0.0,0.0,0.0,0.0,0.0,0.0,0.0,0.0,0.0,0.0,0.0,0.0,0.0,0.0,0.0,0.0,0.0,0.0,0.0,0.0,0.0,0.0,0.0,0.0,0.0,0.0,0.0,0.0,0.0,0.0,0.0,0.0,0.0,0.0,0.0,0.0,Z,18
0.0,0.0,0.358209,0.226415,0.567164,0.537736,0.447761,0.839623,0.074627,1.009434,0.223881,1.0,0.19403,1.349057,0.119403,1.613208,0.029851,1.830189,-0.164179,0.924528,-0.313433,1.179245,-0.19403,0.849057,-0.089552,0.716981,-0.492537,0.811321,-0.656716,0.981132,-0.447761,0.688679,-0.313433,0.59434,-0.776119,0.650943,-0.910448,0.783019,-0.701493,0.59434,-0.567164,0.509434,0,0,0.0,0.0,0.0,0.0,0.0,0.0,0.0,0.0,0.0,0.0,0.0,0.0,0.0,0.0,0.0,0.0,0.0,0.0,0.0,0.0,0.0,0.0,0.0,0.0,0.0,0.0,0.0,0.0,0.0,0.0,0.0,0.0,0.0,0.0,0.0,0.0,0.0,0.0,0.0,0.0,0.0,0.0,Z,18
0.0,0.0,0.373134,0.226415,0.58209,0.537736,0.462687,0.839623,0.074627,1.0,0.223881,1.0,0.208955,1.349057,0.134328,1.613208,0.044776,1.830189,-0.164179,0.924528,-0.313433,1.179245,-0.208955,0.849057,-0.089552,0.716981,-0.492537,0.811321,-0.656716,0.990566,-0.462687,0.698113,-0.313433,0.603774,-0.776119,0.650943,-0.910448,0.792453,-0.701493,0.603774,-0.552239,0.509434,0,0,0.0,0.0,0.0,0.0,0.0,0.0,0.0,0.0,0.0,0.0,0.0,0.0,0.0,0.0,0.0,0.0,0.0,0.0,0.0,0.0,0.0,0.0,0.0,0.0,0.0,0.0,0.0,0.0,0.0,0.0,0.0,0.0,0.0,0.0,0.0,0.0,0.0,0.0,0.0,0.0,0.0,0.0,Z,18
0.0,0.0,0.323944,0.233645,0.549296,0.53271,0.478873,0.841121,0.112676,0.981308,0.225352,1.0,0.211268,1.327103,0.126761,1.570093,0.042254,1.785047,-0.15493,0.943925,-0.253521,1.186916,-0.140845,0.850467,-0.056338,0.738318,-0.478873,0.82243,-0.605634,1.0,-0.422535,0.728972,-0.338028,0.654206,-0.774648,0.663551,-0.873239,0.813084,-0.676056,0.635514,-0.577465,0.551402,0,0,0.0,0.0,0.0,0.0,0.0,0.0,0.0,0.0,0.0,0.0,0.0,0.0,0.0,0.0,0.0,0.0,0.0,0.0,0.0,0.0,0.0,0.0,0.0,0.0,0.0,0.0,0.0,0.0,0.0,0.0,0.0,0.0,0.0,0.0,0.0,0.0,0.0,0.0,0.0,0.0,0.0,0.0,Z,18
0.0,0.0,0.328571,0.242991,0.557143,0.542056,0.471429,0.831776,0.128571,0.990654,0.214286,1.0,0.2,1.336449,0.114286,1.588785,0.028571,1.794393,-0.171429,0.925234,-0.257143,1.186916,-0.142857,0.859813,-0.071429,0.728972,-0.485714,0.813084,-0.585714,0.981308,-0.4,0.691589,-0.314286,0.598131,-0.785714,0.64486,-0.871429,0.803738,-0.657143,0.616822,-0.542857,0.523364,0,0,0.0,0.0,0.0,0.0,0.0,0.0,0.0,0.0,0.0,0.0,0.0,0.0,0.0,0.0,0.0,0.0,0.0,0.0,0.0,0.0,0.0,0.0,0.0,0.0,0.0,0.0,0.0,0.0,0.0,0.0,0.0,0.0,0.0,0.0,0.0,0.0,0.0,0.0,0.0,0.0,0.0,0.0,Z,18
0.0,0.0,0.347222,0.211538,0.625,0.509615,0.555556,0.807692,0.208333,0.971154,0.277778,1.0,0.305556,1.317308,0.236111,1.548077,0.152778,1.75,-0.097222,0.951923,-0.166667,1.221154,-0.069444,0.875,-0.013889,0.75,-0.416667,0.836538,-0.513889,1.0,-0.347222,0.701923,-0.277778,0.634615,-0.722222,0.673077,-0.777778,0.807692,-0.583333,0.615385,-0.5,0.538462,0,0,0.0,0.0,0.0,0.0,0.0,0.0,0.0,0.0,0.0,0.0,0.0,0.0,0.0,0.0,0.0,0.0,0.0,0.0,0.0,0.0,0.0,0.0,0.0,0.0,0.0,0.0,0.0,0.0,0.0,0.0,0.0,0.0,0.0,0.0,0.0,0.0,0.0,0.0,0.0,0.0,0.0,0.0,Z,18
0.0,0.0,0.352113,0.211538,0.619718,0.519231,0.56338,0.826923,0.211268,1.0,0.267606,1.0,0.28169,1.317308,0.239437,1.557692,0.169014,1.769231,-0.112676,0.942308,-0.15493,1.201923,-0.056338,0.846154,-0.014085,0.740385,-0.43662,0.836538,-0.492958,1.0,-0.338028,0.692308,-0.295775,0.634615,-0.732394,0.682692,-0.788732,0.826923,-0.577465,0.625,-0.507042,0.548077,0,0,0.0,0.0,0.0,0.0,0.0,0.0,0.0,0.0,0.0,0.0,0.0,0.0,0.0,0.0,0.0,0.0,0.0,0.0,0.0,0.0,0.0,0.0,0.0,0.0,0.0,0.0,0.0,0.0,0.0,0.0,0.0,0.0,0.0,0.0,0.0,0.0,0.0,0.0,0.0,0.0,0.0,0.0,Z,18
0.0,0.0,0.346154,0.178218,0.666667,0.475248,0.615385,0.782178,0.333333,0.970297,0.384615,1.0,0.474359,1.29703,0.435897,1.50495,0.397436,1.693069,0.025641,0.980198,0.025641,1.188119,0.089744,0.821782,0.115385,0.732673,-0.294872,0.891089,-0.307692,0.990099,-0.179487,0.663366,-0.141026,0.623762,-0.615385,0.752475,-0.602564,0.831683,-0.435897,0.613861,-0.371795,0.554455,0,0,0.0,0.0,0.0,0.0,0.0,0.0,0.0,0.0,0.0,0.0,0.0,0.0,0.0,0.0,0.0,0.0,0.0,0.0,0.0,0.0,0.0,0.0,0.0,0.0,0.0,0.0,0.0,0.0,0.0,0.0,0.0,0.0,0.0,0.0,0.0,0.0,0.0,0.0,0.0,0.0,0.0,0.0,Z,18
0.0,0.0,0.337662,0.174757,0.649351,0.475728,0.61039,0.776699,0.311688,0.970874,0.350649,1.0,0.428571,1.271845,0.415584,1.475728,0.38961,1.660194,-0.012987,0.980583,0.0,1.184466,0.077922,0.815534,0.116883,0.737864,-0.324675,0.883495,-0.324675,0.980583,-0.194805,0.669903,-0.168831,0.631068,-0.649351,0.747573,-0.61039,0.815534,-0.428571,0.601942,-0.376623,0.553398,0,0,0.0,0.0,0.0,0.0,0.0,0.0,0.0,0.0,0.0,0.0,0.0,0.0,0.0,0.0,0.0,0.0,0.0,0.0,0.0,0.0,0.0,0.0,0.0,0.0,0.0,0.0,0.0,0.0,0.0,0.0,0.0,0.0,0.0,0.0,0.0,0.0,0.0,0.0,0.0,0.0,0.0,0.0,Z,18
0.0,0.0,0.346154,0.166667,0.653846,0.470588,0.615385,0.784314,0.307692,0.960784,0.371795,1.0,0.435897,1.27451,0.423077,1.480392,0.384615,1.666667,0.012821,0.980392,0.012821,1.176471,0.089744,0.813725,0.128205,0.72549,-0.307692,0.892157,-0.320513,0.980392,-0.179487,0.656863,-0.141026,0.617647,-0.628205,0.754902,-0.602564,0.823529,-0.423077,0.598039,-0.346154,0.54902,0,0,0.0,0.0,0.0,0.0,0.0,0.0,0.0,0.0,0.0,0.0,0.0,0.0,0.0,0.0,0.0,0.0,0.0,0.0,0.0,0.0,0.0,0.0,0.0,0.0,0.0,0.0,0.0,0.0,0.0,0.0,0.0,0.0,0.0,0.0,0.0,0.0,0.0,0.0,0.0,0.0,0.0,0.0,Z,18
0.0,0.0,0.345238,0.158416,0.678571,0.415842,0.714286,0.70297,0.488095,0.891089,0.440476,1.0,0.595238,1.19802,0.654762,1.366337,0.702381,1.514851,0.083333,1.029703,0.190476,1.108911,0.214286,0.722772,0.202381,0.643564,-0.238095,0.970297,-0.142857,0.940594,-0.059524,0.613861,-0.047619,0.574257,-0.559524,0.831683,-0.464286,0.80198,-0.309524,0.564356,-0.27381,0.514851,0,0,0.0,0.0,0.0,0.0,0.0,0.0,0.0,0.0,0.0,0.0,0.0,0.0,0.0,0.0,0.0,0.0,0.0,0.0,0.0,0.0,0.0,0.0,0.0,0.0,0.0,0.0,0.0,0.0,0.0,0.0,0.0,0.0,0.0,0.0,0.0,0.0,0.0,0.0,0.0,0.0,0.0,0.0,Z,18
0.0,0.0,0.321429,0.134021,0.654762,0.391753,0.702381,0.680412,0.488095,0.865979,0.452381,1.0,0.571429,1.206186,0.630952,1.371134,0.666667,1.536082,0.095238,1.051546,0.178571,1.082474,0.214286,0.680412,0.202381,0.628866,-0.22619,0.989691,-0.154762,0.907216,-0.083333,0.57732,-0.083333,0.56701,-0.547619,0.85567,-0.47619,0.752577,-0.321429,0.515464,-0.285714,0.515464,0,0,0.0,0.0,0.0,0.0,0.0,0.0,0.0,0.0,0.0,0.0,0.0,0.0,0.0,0.0,0.0,0.0,0.0,0.0,0.0,0.0,0.0,0.0,0.0,0.0,0.0,0.0,0.0,0.0,0.0,0.0,0.0,0.0,0.0,0.0,0.0,0.0,0.0,0.0,0.0,0.0,0.0,0.0,Z,18
0.0,0.0,0.364706,0.103093,0.776471,0.350515,0.823529,0.628866,0.6,0.804124,0.541176,1.0,0.729412,1.092784,0.858824,1.206186,0.976471,1.329897,0.2,1.092784,0.376471,1.020619,0.376471,0.639175,0.341176,0.57732,-0.129412,1.041237,0.035294,0.865979,0.082353,0.546392,0.070588,0.536082,-0.458824,0.917526,-0.282353,0.71134,-0.164706,0.484536,-0.141176,0.474227,0,0,0.0,0.0,0.0,0.0,0.0,0.0,0.0,0.0,0.0,0.0,0.0,0.0,0.0,0.0,0.0,0.0,0.0,0.0,0.0,0.0,0.0,0.0,0.0,0.0,0.0,0.0,0.0,0.0,0.0,0.0,0.0,0.0,0.0,0.0,0.0,0.0,0.0,0.0,0.0,0.0,0.0,0.0,Z,18
0.0,0.0,0.378049,0.115789,0.780488,0.336842,0.865854,0.610526,0.658537,0.778947,0.560976,1.0,0.756098,1.084211,0.865854,1.210526,0.97561,1.336842,0.219512,1.094737,0.378049,1.021053,0.365854,0.642105,0.317073,0.547368,-0.109756,1.052632,0.036585,0.873684,0.073171,0.557895,0.060976,0.515789,-0.439024,0.915789,-0.292683,0.736842,-0.170732,0.505263,-0.134146,0.473684,0,0,0.0,0.0,0.0,0.0,0.0,0.0,0.0,0.0,0.0,0.0,0.0,0.0,0.0,0.0,0.0,0.0,0.0,0.0,0.0,0.0,0.0,0.0,0.0,0.0,0.0,0.0,0.0,0.0,0.0,0.0,0.0,0.0,0.0,0.0,0.0,0.0,0.0,0.0,0.0,0.0,0.0,0.0,Z,18
0.0,0.0,0.365854,0.097826,0.768293,0.326087,0.853659,0.608696,0.646341,0.782609,0.54878,1.0,0.731707,1.097826,0.853659,1.217391,0.963415,1.358696,0.219512,1.097826,0.365854,1.032609,0.365854,0.652174,0.317073,0.543478,-0.121951,1.054348,0.02439,0.880435,0.073171,0.554348,0.04878,0.51087,-0.45122,0.913043,-0.317073,0.73913,-0.182927,0.48913,-0.146341,0.456522,0,0,0.0,0.0,0.0,0.0,0.0,0.0,0.0,0.0,0.0,0.0,0.0,0.0,0.0,0.0,0.0,0.0,0.0,0.0,0.0,0.0,0.0,0.0,0.0,0.0,0.0,0.0,0.0,0.0,0.0,0.0,0.0,0.0,0.0,0.0,0.0,0.0,0.0,0.0,0.0,0.0,0.0,0.0,Z,18
0.0,0.0,0.419753,0.076087,0.839506,0.271739,0.975309,0.5,0.839506,0.663043,0.62963,1.0,0.901235,0.978261,1.123457,1.0,1.358025,1.054348,0.296296,1.108696,0.567901,0.913043,0.518519,0.543478,0.444444,0.434783,-0.049383,1.054348,0.197531,0.782609,0.185185,0.467391,0.160494,0.434783,-0.37037,0.913043,-0.17284,0.673913,-0.08642,0.423913,-0.061728,0.391304,0,0,0.0,0.0,0.0,0.0,0.0,0.0,0.0,0.0,0.0,0.0,0.0,0.0,0.0,0.0,0.0,0.0,0.0,0.0,0.0,0.0,0.0,0.0,0.0,0.0,0.0,0.0,0.0,0.0,0.0,0.0,0.0,0.0,0.0,0.0,0.0,0.0,0.0,0.0,0.0,0.0,0.0,0.0,Z,18
0.0,0.0,0.443038,0.074468,0.860759,0.287234,1.012658,0.5,0.898734,0.670213,0.658228,1.0,0.936709,0.957447,1.164557,0.989362,1.379747,1.053191,0.329114,1.095745,0.582278,0.882979,0.544304,0.531915,0.481013,0.404255,-0.012658,1.031915,0.21519,0.765957,0.21519,0.468085,0.202532,0.414894,-0.341772,0.882979,-0.151899,0.670213,-0.063291,0.425532,-0.012658,0.361702,0,0,0.0,0.0,0.0,0.0,0.0,0.0,0.0,0.0,0.0,0.0,0.0,0.0,0.0,0.0,0.0,0.0,0.0,0.0,0.0,0.0,0.0,0.0,0.0,0.0,0.0,0.0,0.0,0.0,0.0,0.0,0.0,0.0,0.0,0.0,0.0,0.0,0.0,0.0,0.0,0.0,0.0,0.0,Z,18
0.0,0.0,0.475,0.088889,0.8875,0.266667,1.05,0.455556,0.95,0.588889,0.7125,1.0,1.025,0.911111,1.2875,0.877778,1.5625,0.877778,0.375,1.1,0.725,0.811111,0.65,0.433333,0.575,0.322222,0.0375,1.055556,0.3625,0.677778,0.3125,0.377778,0.2625,0.355556,-0.2875,0.911111,-0.0375,0.588889,0.0125,0.355556,0.0125,0.333333,0,0,0.0,0.0,0.0,0.0,0.0,0.0,0.0,0.0,0.0,0.0,0.0,0.0,0.0,0.0,0.0,0.0,0.0,0.0,0.0,0.0,0.0,0.0,0.0,0.0,0.0,0.0,0.0,0.0,0.0,0.0,0.0,0.0,0.0,0.0,0.0,0.0,0.0,0.0,0.0,0.0,0.0,0.0,Z,18
0.0,0.0,0.487179,0.086957,0.910256,0.271739,1.076923,0.467391,0.974359,0.619565,0.705128,1.0,1.038462,0.902174,1.320513,0.869565,1.602564,0.880435,0.371795,1.086957,0.717949,0.804348,0.666667,0.423913,0.589744,0.282609,0.025641,1.021739,0.346154,0.673913,0.307692,0.380435,0.25641,0.326087,-0.294872,0.869565,-0.038462,0.586957,0.012821,0.347826,0.012821,0.315217,0,0,0.0,0.0,0.0,0.0,0.0,0.0,0.0,0.0,0.0,0.0,0.0,0.0,0.0,0.0,0.0,0.0,0.0,0.0,0.0,0.0,0.0,0.0,0.0,0.0,0.0,0.0,0.0,0.0,0.0,0.0,0.0,0.0,0.0,0.0,0.0,0.0,0.0,0.0,0.0,0.0,0.0,0.0,Z,18
0.0,0.0,0.480519,0.066667,0.909091,0.255556,1.077922,0.444444,0.961039,0.588889,0.714286,1.0,1.051948,0.911111,1.324675,0.888889,1.61039,0.9,0.376623,1.088889,0.727273,0.811111,0.662338,0.433333,0.597403,0.288889,0.038961,1.033333,0.350649,0.677778,0.311688,0.377778,0.25974,0.333333,-0.285714,0.877778,-0.038961,0.588889,0.025974,0.344444,0.025974,0.311111,0,0,0.0,0.0,0.0,0.0,0.0,0.0,0.0,0.0,0.0,0.0,0.0,0.0,0.0,0.0,0.0,0.0,0.0,0.0,0.0,0.0,0.0,0.0,0.0,0.0,0.0,0.0,0.0,0.0,0.0,0.0,0.0,0.0,0.0,0.0,0.0,0.0,0.0,0.0,0.0,0.0,0.0,0.0,Z,18
0.0,0.0,0.4875,0.069767,0.9375,0.22093,1.15,0.383721,1.05,0.534884,0.8,1.0,1.2,0.872093,1.5,0.825581,1.8,0.825581,0.475,1.116279,0.85,0.744186,0.75,0.337209,0.6375,0.209302,0.1375,1.05814,0.475,0.639535,0.4,0.313953,0.3375,0.27907,-0.2,0.918605,0.05,0.581395,0.1125,0.313953,0.125,0.255814,0,0,0.0,0.0,0.0,0.0,0.0,0.0,0.0,0.0,0.0,0.0,0.0,0.0,0.0,0.0,0.0,0.0,0.0,0.0,0.0,0.0,0.0,0.0,0.0,0.0,0.0,0.0,0.0,0.0,0.0,0.0,0.0,0.0,0.0,0.0,0.0,0.0,0.0,0.0,0.0,0.0,0.0,0.0,Z,18
0.0,0.0,0.5,0.068182,0.935897,0.227273,1.128205,0.409091,1.025641,0.556818,0.782051,1.0,1.179487,0.875,1.487179,0.840909,1.794872,0.840909,0.448718,1.102273,0.846154,0.75,0.75641,0.363636,0.666667,0.25,0.115385,1.045455,0.461538,0.625,0.397436,0.318182,0.333333,0.284091,-0.217949,0.897727,0.051282,0.568182,0.102564,0.318182,0.102564,0.272727,0,0,0.0,0.0,0.0,0.0,0.0,0.0,0.0,0.0,0.0,0.0,0.0,0.0,0.0,0.0,0.0,0.0,0.0,0.0,0.0,0.0,0.0,0.0,0.0,0.0,0.0,0.0,0.0,0.0,0.0,0.0,0.0,0.0,0.0,0.0,0.0,0.0,0.0,0.0,0.0,0.0,0.0,0.0,Z,18
0.0,0.0,0.487179,0.068966,0.923077,0.229885,1.128205,0.402299,1.025641,0.54023,0.769231,1.0,1.166667,0.885057,1.461538,0.850575,1.769231,0.850575,0.435897,1.114943,0.820513,0.758621,0.74359,0.37931,0.653846,0.264368,0.102564,1.045977,0.435897,0.632184,0.384615,0.321839,0.320513,0.298851,-0.230769,0.896552,0.038462,0.563218,0.089744,0.310345,0.089744,0.275862,0,0,0.0,0.0,0.0,0.0,0.0,0.0,0.0,0.0,0.0,0.0,0.0,0.0,0.0,0.0,0.0,0.0,0.0,0.0,0.0,0.0,0.0,0.0,0.0,0.0,0.0,0.0,0.0,0.0,0.0,0.0,0.0,0.0,0.0,0.0,0.0,0.0,0.0,0.0,0.0,0.0,0.0,0.0,Z,18
0.0,0.0,0.4625,0.119048,0.8875,0.261905,1.125,0.392857,1.0625,0.52381,0.8125,1.0,1.275,0.904762,1.6,0.892857,1.9125,0.928571,0.475,1.130952,0.875,0.738095,0.75,0.345238,0.6125,0.25,0.1375,1.071429,0.4875,0.619048,0.4,0.285714,0.325,0.27381,-0.1875,0.928571,0.075,0.559524,0.1125,0.285714,0.1125,0.261905,0,0,0.0,0.0,0.0,0.0,0.0,0.0,0.0,0.0,0.0,0.0,0.0,0.0,0.0,0.0,0.0,0.0,0.0,0.0,0.0,0.0,0.0,0.0,0.0,0.0,0.0,0.0,0.0,0.0,0.0,0.0,0.0,0.0,0.0,0.0,0.0,0.0,0.0,0.0,0.0,0.0,0.0,0.0,Z,18
0.0,0.0,0.5,0.084337,0.935897,0.216867,1.179487,0.349398,1.128205,0.506024,0.833333,1.0,1.307692,0.891566,1.641026,0.879518,1.961538,0.903614,0.5,1.13253,0.923077,0.710843,0.782051,0.313253,0.653846,0.204819,0.166667,1.072289,0.538462,0.590361,0.435897,0.26506,0.346154,0.240964,-0.166667,0.915663,0.115385,0.554217,0.141026,0.277108,0.141026,0.240964,0,0,0.0,0.0,0.0,0.0,0.0,0.0,0.0,0.0,0.0,0.0,0.0,0.0,0.0,0.0,0.0,0.0,0.0,0.0,0.0,0.0,0.0,0.0,0.0,0.0,0.0,0.0,0.0,0.0,0.0,0.0,0.0,0.0,0.0,0.0,0.0,0.0,0.0,0.0,0.0,0.0,0.0,0.0,Z,18
0.0,0.0,0.5,0.084337,0.935897,0.216867,1.179487,0.361446,1.102564,0.493976,0.833333,1.0,1.307692,0.891566,1.653846,0.879518,1.974359,0.891566,0.5,1.13253,0.923077,0.710843,0.794872,0.313253,0.666667,0.204819,0.153846,1.072289,0.538462,0.590361,0.448718,0.26506,0.358974,0.228916,-0.166667,0.915663,0.102564,0.554217,0.141026,0.277108,0.141026,0.228916,0,0,0.0,0.0,0.0,0.0,0.0,0.0,0.0,0.0,0.0,0.0,0.0,0.0,0.0,0.0,0.0,0.0,0.0,0.0,0.0,0.0,0.0,0.0,0.0,0.0,0.0,0.0,0.0,0.0,0.0,0.0,0.0,0.0,0.0,0.0,0.0,0.0,0.0,0.0,0.0,0.0,0.0,0.0,Z,18
0.0,0.0,0.5,0.095238,0.935897,0.238095,1.179487,0.369048,1.102564,0.511905,0.833333,1.0,1.307692,0.892857,1.641026,0.880952,1.961538,0.904762,0.5,1.130952,0.923077,0.714286,0.794872,0.321429,0.666667,0.22619,0.153846,1.071429,0.538462,0.595238,0.448718,0.27381,0.358974,0.25,-0.166667,0.904762,0.115385,0.559524,0.153846,0.285714,0.153846,0.238095,0,0,0.0,0.0,0.0,0.0,0.0,0.0,0.0,0.0,0.0,0.0,0.0,0.0,0.0,0.0,0.0,0.0,0.0,0.0,0.0,0.0,0.0,0.0,0.0,0.0,0.0,0.0,0.0,0.0,0.0,0.0,0.0,0.0,0.0,0.0,0.0,0.0,0.0,0.0,0.0,0.0,0.0,0.0,Z,18
0.0,0.0,0.493671,0.084337,0.924051,0.228916,1.164557,0.361446,1.088608,0.493976,0.822785,1.0,1.291139,0.891566,1.620253,0.879518,1.949367,0.891566,0.493671,1.13253,0.911392,0.710843,0.78481,0.313253,0.658228,0.216867,0.151899,1.072289,0.531646,0.590361,0.443038,0.26506,0.35443,0.240964,-0.177215,0.903614,0.113924,0.554217,0.151899,0.277108,0.151899,0.228916,0,0,0.0,0.0,0.0,0.0,0.0,0.0,0.0,0.0,0.0,0.0,0.0,0.0,0.0,0.0,0.0,0.0,0.0,0.0,0.0,0.0,0.0,0.0,0.0,0.0,0.0,0.0,0.0,0.0,0.0,0.0,0.0,0.0,0.0,0.0,0.0,0.0,0.0,0.0,0.0,0.0,0.0,0.0,Z,18
0.0,0.0,0.45122,0.060976,0.878049,0.219512,1.109756,0.378049,1.036585,0.52439,0.743902,1.0,1.121951,0.878049,1.426829,0.878049,1.731707,0.890244,0.414634,1.109756,0.695122,0.621951,0.609756,0.243902,0.512195,0.146341,0.073171,1.02439,0.329268,0.5,0.280488,0.219512,0.219512,0.195122,-0.256098,0.841463,-0.073171,0.439024,-0.02439,0.207317,-0.012195,0.182927,0,0,0.0,0.0,0.0,0.0,0.0,0.0,0.0,0.0,0.0,0.0,0.0,0.0,0.0,0.0,0.0,0.0,0.0,0.0,0.0,0.0,0.0,0.0,0.0,0.0,0.0,0.0,0.0,0.0,0.0,0.0,0.0,0.0,0.0,0.0,0.0,0.0,0.0,0.0,0.0,0.0,0.0,0.0,Z,18
0.0,0.0,0.458824,0.05,0.870588,0.2125,1.094118,0.3625,1.023529,0.4875,0.752941,1.0,1.094118,0.9,1.4,0.875,1.682353,0.8875,0.423529,1.1125,0.705882,0.625,0.611765,0.225,0.517647,0.1125,0.082353,1.025,0.341176,0.4875,0.282353,0.175,0.223529,0.1625,-0.247059,0.85,-0.047059,0.4375,0.0,0.175,0.011765,0.1625,0,0,0.0,0.0,0.0,0.0,0.0,0.0,0.0,0.0,0.0,0.0,0.0,0.0,0.0,0.0,0.0,0.0,0.0,0.0,0.0,0.0,0.0,0.0,0.0,0.0,0.0,0.0,0.0,0.0,0.0,0.0,0.0,0.0,0.0,0.0,0.0,0.0,0.0,0.0,0.0,0.0,0.0,0.0,Z,18
0.0,0.0,0.392857,0.075949,0.809524,0.253165,0.904762,0.443038,0.714286,0.556962,0.583333,1.0,0.845238,0.949367,1.083333,0.949367,1.333333,0.987342,0.238095,1.126582,0.404762,0.64557,0.369048,0.278481,0.333333,0.202532,-0.107143,1.037975,0.059524,0.518987,0.071429,0.227848,0.083333,0.227848,-0.416667,0.860759,-0.297619,0.481013,-0.214286,0.227848,-0.178571,0.189873,0,0,0.0,0.0,0.0,0.0,0.0,0.0,0.0,0.0,0.0,0.0,0.0,0.0,0.0,0.0,0.0,0.0,0.0,0.0,0.0,0.0,0.0,0.0,0.0,0.0,0.0,0.0,0.0,0.0,0.0,0.0,0.0,0.0,0.0,0.0,0.0,0.0,0.0,0.0,0.0,0.0,0.0,0.0,Z,18
0.0,0.0,0.364706,0.051282,0.776471,0.230769,0.882353,0.410256,0.741176,0.525641,0.564706,1.0,0.811765,0.961538,1.047059,0.948718,1.294118,0.974359,0.223529,1.128205,0.388235,0.666667,0.352941,0.307692,0.317647,0.217949,-0.117647,1.064103,0.047059,0.538462,0.058824,0.230769,0.070588,0.205128,-0.435294,0.897436,-0.305882,0.487179,-0.223529,0.24359,-0.164706,0.192308,0,0,0.0,0.0,0.0,0.0,0.0,0.0,0.0,0.0,0.0,0.0,0.0,0.0,0.0,0.0,0.0,0.0,0.0,0.0,0.0,0.0,0.0,0.0,0.0,0.0,0.0,0.0,0.0,0.0,0.0,0.0,0.0,0.0,0.0,0.0,0.0,0.0,0.0,0.0,0.0,0.0,0.0,0.0,Z,18
0.0,0.0,0.329412,0.068493,0.705882,0.232877,0.776471,0.39726,0.611765,0.506849,0.505882,1.0,0.6,1.013699,0.741176,1.054795,0.882353,1.123288,0.152941,1.164384,0.152941,0.671233,0.176471,0.273973,0.223529,0.136986,-0.188235,1.09589,-0.152941,0.465753,-0.094118,0.164384,-0.023529,0.150685,-0.494118,0.917808,-0.447059,0.452055,-0.341176,0.178082,-0.258824,0.109589,0,0,0.0,0.0,0.0,0.0,0.0,0.0,0.0,0.0,0.0,0.0,0.0,0.0,0.0,0.0,0.0,0.0,0.0,0.0,0.0,0.0,0.0,0.0,0.0,0.0,0.0,0.0,0.0,0.0,0.0,0.0,0.0,0.0,0.0,0.0,0.0,0.0,0.0,0.0,0.0,0.0,0.0,0.0,Z,18
0.0,0.0,0.306818,0.038961,0.670455,0.207792,0.715909,0.38961,0.545455,0.506494,0.465909,1.0,0.568182,0.948052,0.659091,0.987013,0.784091,1.077922,0.102273,1.155844,0.102273,0.636364,0.159091,0.25974,0.215909,0.142857,-0.238636,1.064935,-0.193182,0.467532,-0.102273,0.181818,-0.022727,0.12987,-0.534091,0.857143,-0.477273,0.415584,-0.352273,0.155844,-0.25,0.103896,0,0,0.0,0.0,0.0,0.0,0.0,0.0,0.0,0.0,0.0,0.0,0.0,0.0,0.0,0.0,0.0,0.0,0.0,0.0,0.0,0.0,0.0,0.0,0.0,0.0,0.0,0.0,0.0,0.0,0.0,0.0,0.0,0.0,0.0,0.0,0.0,0.0,0.0,0.0,0.0,0.0,0.0,0.0,Z,18
0.0,0.0,0.345238,0.063291,0.714286,0.240506,0.75,0.443038,0.547619,0.556962,0.452381,1.0,0.535714,0.962025,0.654762,0.949367,0.797619,0.974684,0.083333,1.126582,0.119048,0.658228,0.178571,0.316456,0.238095,0.177215,-0.261905,1.037975,-0.190476,0.443038,-0.095238,0.177215,-0.02381,0.126582,-0.547619,0.848101,-0.47619,0.417722,-0.357143,0.164557,-0.261905,0.101266,0,0,0.0,0.0,0.0,0.0,0.0,0.0,0.0,0.0,0.0,0.0,0.0,0.0,0.0,0.0,0.0,0.0,0.0,0.0,0.0,0.0,0.0,0.0,0.0,0.0,0.0,0.0,0.0,0.0,0.0,0.0,0.0,0.0,0.0,0.0,0.0,0.0,0.0,0.0,0.0,0.0,0.0,0.0,Z,18
0.0,0.0,0.353659,0.096386,0.658537,0.277108,0.512195,0.409639,0.268293,0.481928,0.353659,1.0,0.341463,0.987952,0.378049,0.915663,0.414634,0.879518,-0.02439,1.108434,-0.121951,0.590361,0.02439,0.240964,0.134146,0.192771,-0.353659,1.024096,-0.390244,0.433735,-0.243902,0.156627,-0.109756,0.168675,-0.646341,0.855422,-0.646341,0.421687,-0.5,0.168675,-0.390244,0.156627,0,0,0.0,0.0,0.0,0.0,0.0,0.0,0.0,0.0,0.0,0.0,0.0,0.0,0.0,0.0,0.0,0.0,0.0,0.0,0.0,0.0,0.0,0.0,0.0,0.0,0.0,0.0,0.0,0.0,0.0,0.0,0.0,0.0,0.0,0.0,0.0,0.0,0.0,0.0,0.0,0.0,0.0,0.0,Z,18
0.0,0.0,0.317073,0.091954,0.597561,0.264368,0.426829,0.402299,0.182927,0.494253,0.292683,1.0,0.317073,0.965517,0.353659,0.896552,0.378049,0.885057,-0.097561,1.08046,-0.195122,0.62069,-0.02439,0.298851,0.109756,0.275862,-0.439024,0.977011,-0.487805,0.425287,-0.280488,0.183908,-0.121951,0.195402,-0.707317,0.793103,-0.731707,0.390805,-0.536585,0.172414,-0.390244,0.16092,0,0,0.0,0.0,0.0,0.0,0.0,0.0,0.0,0.0,0.0,0.0,0.0,0.0,0.0,0.0,0.0,0.0,0.0,0.0,0.0,0.0,0.0,0.0,0.0,0.0,0.0,0.0,0.0,0.0,0.0,0.0,0.0,0.0,0.0,0.0,0.0,0.0,0.0,0.0,0.0,0.0,0.0,0.0,Z,18
0.0,0.0,0.295455,0.089744,0.579545,0.25641,0.375,0.358974,0.056818,0.358974,0.306818,1.0,0.261364,0.948718,0.227273,0.884615,0.170455,0.910256,-0.090909,1.128205,-0.261364,0.538462,-0.090909,0.205128,0.056818,0.205128,-0.420455,1.038462,-0.534091,0.371795,-0.340909,0.089744,-0.193182,0.128205,-0.693182,0.846154,-0.75,0.346154,-0.556818,0.089744,-0.420455,0.089744,0,0,0.0,0.0,0.0,0.0,0.0,0.0,0.0,0.0,0.0,0.0,0.0,0.0,0.0,0.0,0.0,0.0,0.0,0.0,0.0,0.0,0.0,0.0,0.0,0.0,0.0,0.0,0.0,0.0,0.0,0.0,0.0,0.0,0.0,0.0,0.0,0.0,0.0,0.0,0.0,0.0,0.0,0.0,Z,18
0.0,0.0,0.298851,0.096386,0.586207,0.277108,0.367816,0.385542,0.034483,0.39759,0.275862,1.0,0.241379,0.879518,0.206897,0.831325,0.137931,0.879518,-0.126437,1.108434,-0.275862,0.53012,-0.103448,0.204819,0.045977,0.192771,-0.45977,1.012048,-0.551724,0.39759,-0.367816,0.120482,-0.218391,0.144578,-0.724138,0.831325,-0.781609,0.349398,-0.609195,0.108434,-0.45977,0.120482,0,0,0.0,0.0,0.0,0.0,0.0,0.0,0.0,0.0,0.0,0.0,0.0,0.0,0.0,0.0,0.0,0.0,0.0,0.0,0.0,0.0,0.0,0.0,0.0,0.0,0.0,0.0,0.0,0.0,0.0,0.0,0.0,0.0,0.0,0.0,0.0,0.0,0.0,0.0,0.0,0.0,0.0,0.0,Z,18
0.0,0.0,0.302326,0.128205,0.534884,0.346154,0.267442,0.410256,-0.093023,0.384615,0.209302,1.0,0.139535,0.884615,0.093023,0.858974,0.034884,0.910256,-0.209302,1.102564,-0.360465,0.474359,-0.162791,0.153846,0.034884,0.128205,-0.534884,0.987179,-0.651163,0.358974,-0.418605,0.089744,-0.22093,0.102564,-0.790698,0.794872,-0.872093,0.307692,-0.662791,0.076923,-0.476744,0.089744,0,0,0.0,0.0,0.0,0.0,0.0,0.0,0.0,0.0,0.0,0.0,0.0,0.0,0.0,0.0,0.0,0.0,0.0,0.0,0.0,0.0,0.0,0.0,0.0,0.0,0.0,0.0,0.0,0.0,0.0,0.0,0.0,0.0,0.0,0.0,0.0,0.0,0.0,0.0,0.0,0.0,0.0,0.0,Z,18
0.0,0.0,0.329412,0.101266,0.6,0.316456,0.352941,0.392405,-0.011765,0.367089,0.258824,1.0,0.211765,0.949367,0.152941,0.898734,0.058824,0.898734,-0.152941,1.113924,-0.317647,0.531646,-0.129412,0.177215,0.011765,0.164557,-0.470588,1.012658,-0.623529,0.417722,-0.388235,0.113924,-0.223529,0.139241,-0.741176,0.822785,-0.847059,0.35443,-0.635294,0.101266,-0.470588,0.139241,0,0,0.0,0.0,0.0,0.0,0.0,0.0,0.0,0.0,0.0,0.0,0.0,0.0,0.0,0.0,0.0,0.0,0.0,0.0,0.0,0.0,0.0,0.0,0.0,0.0,0.0,0.0,0.0,0.0,0.0,0.0,0.0,0.0,0.0,0.0,0.0,0.0,0.0,0.0,0.0,0.0,0.0,0.0,Z,18
0.0,0.0,0.292135,0.113924,0.516854,0.329114,0.258427,0.367089,-0.078652,0.35443,0.213483,1.0,0.123596,0.848101,0.078652,0.810127,0.022472,0.860759,-0.202247,1.088608,-0.359551,0.455696,-0.168539,0.126582,0.011236,0.113924,-0.52809,0.987342,-0.640449,0.35443,-0.426966,0.063291,-0.247191,0.075949,-0.786517,0.78481,-0.853933,0.278481,-0.662921,0.025316,-0.494382,0.050633,0,0,0.0,0.0,0.0,0.0,0.0,0.0,0.0,0.0,0.0,0.0,0.0,0.0,0.0,0.0,0.0,0.0,0.0,0.0,0.0,0.0,0.0,0.0,0.0,0.0,0.0,0.0,0.0,0.0,0.0,0.0,0.0,0.0,0.0,0.0,0.0,0.0,0.0,0.0,0.0,0.0,0.0,0.0,Z,18
0.0,0.0,0.302326,0.102564,0.569767,0.294872,0.360465,0.358974,0.0,0.320513,0.22093,1.0,0.186047,0.897436,0.127907,0.833333,0.046512,0.858974,-0.186047,1.102564,-0.348837,0.5,-0.139535,0.141026,0.0,0.166667,-0.511628,1.0,-0.627907,0.384615,-0.395349,0.064103,-0.232558,0.102564,-0.77907,0.807692,-0.848837,0.307692,-0.627907,0.051282,-0.465116,0.089744,0,0,0.0,0.0,0.0,0.0,0.0,0.0,0.0,0.0,0.0,0.0,0.0,0.0,0.0,0.0,0.0,0.0,0.0,0.0,0.0,0.0,0.0,0.0,0.0,0.0,0.0,0.0,0.0,0.0,0.0,0.0,0.0,0.0,0.0,0.0,0.0,0.0,0.0,0.0,0.0,0.0,0.0,0.0,Z,18
0.0,0.0,0.309524,0.116883,0.571429,0.311688,0.333333,0.376623,-0.02381,0.324675,0.202381,1.0,0.166667,0.922078,0.119048,0.87013,0.047619,0.883117,-0.202381,1.103896,-0.357143,0.493506,-0.154762,0.155844,0.0,0.168831,-0.535714,1.0,-0.642857,0.376623,-0.404762,0.064935,-0.238095,0.103896,-0.797619,0.818182,-0.869048,0.311688,-0.642857,0.051948,-0.47619,0.077922,0,0,0.0,0.0,0.0,0.0,0.0,0.0,0.0,0.0,0.0,0.0,0.0,0.0,0.0,0.0,0.0,0.0,0.0,0.0,0.0,0.0,0.0,0.0,0.0,0.0,0.0,0.0,0.0,0.0,0.0,0.0,0.0,0.0,0.0,0.0,0.0,0.0,0.0,0.0,0.0,0.0,0.0,0.0,Z,18
0.0,0.0,0.317647,0.102564,0.576471,0.307692,0.329412,0.371795,-0.023529,0.320513,0.235294,1.0,0.164706,0.871795,0.105882,0.807692,0.023529,0.833333,-0.176471,1.102564,-0.352941,0.487179,-0.164706,0.128205,-0.011765,0.128205,-0.505882,1.0,-0.647059,0.384615,-0.411765,0.064103,-0.247059,0.089744,-0.764706,0.807692,-0.847059,0.307692,-0.635294,0.051282,-0.470588,0.076923,0,0,0.0,0.0,0.0,0.0,0.0,0.0,0.0,0.0,0.0,0.0,0.0,0.0,0.0,0.0,0.0,0.0,0.0,0.0,0.0,0.0,0.0,0.0,0.0,0.0,0.0,0.0,0.0,0.0,0.0,0.0,0.0,0.0,0.0,0.0,0.0,0.0,0.0,0.0,0.0,0.0,0.0,0.0,Z,18
0.0,0.0,0.305882,0.1,0.564706,0.3125,0.329412,0.375,-0.035294,0.3375,0.235294,1.0,0.164706,0.8875,0.105882,0.825,0.023529,0.8625,-0.176471,1.1,-0.341176,0.5125,-0.164706,0.1625,-0.011765,0.1625,-0.505882,1.0,-0.635294,0.4,-0.423529,0.0875,-0.258824,0.1125,-0.764706,0.8125,-0.847059,0.3375,-0.635294,0.075,-0.470588,0.1,0,0,0.0,0.0,0.0,0.0,0.0,0.0,0.0,0.0,0.0,0.0,0.0,0.0,0.0,0.0,0.0,0.0,0.0,0.0,0.0,0.0,0.0,0.0,0.0,0.0,0.0,0.0,0.0,0.0,0.0,0.0,0.0,0.0,0.0,0.0,0.0,0.0,0.0,0.0,0.0,0.0,0.0,0.0,Z,18
0.0,0.0,0.310345,0.13253,0.505747,0.349398,0.206897,0.39759,-0.137931,0.373494,0.206897,1.0,0.103448,0.807229,0.045977,0.73494,-0.022989,0.795181,-0.206897,1.072289,-0.390805,0.457831,-0.195402,0.144578,-0.057471,0.156627,-0.54023,0.963855,-0.678161,0.373494,-0.45977,0.084337,-0.287356,0.120482,-0.793103,0.771084,-0.862069,0.289157,-0.666667,0.048193,-0.505747,0.084337,0,0,0.0,0.0,0.0,0.0,0.0,0.0,0.0,0.0,0.0,0.0,0.0,0.0,0.0,0.0,0.0,0.0,0.0,0.0,0.0,0.0,0.0,0.0,0.0,0.0,0.0,0.0,0.0,0.0,0.0,0.0,0.0,0.0,0.0,0.0,0.0,0.0,0.0,0.0,0.0,0.0,0.0,0.0,Z,18
0.0,0.0,0.317647,0.111111,0.541176,0.308642,0.282353,0.345679,-0.082353,0.308642,0.211765,1.0,0.129412,0.814815,0.082353,0.740741,0.011765,0.777778,-0.2,1.074074,-0.376471,0.469136,-0.176471,0.135802,-0.035294,0.148148,-0.529412,0.962963,-0.670588,0.37037,-0.435294,0.074074,-0.270588,0.098765,-0.788235,0.765432,-0.858824,0.283951,-0.647059,0.037037,-0.494118,0.074074,0,0,0.0,0.0,0.0,0.0,0.0,0.0,0.0,0.0,0.0,0.0,0.0,0.0,0.0,0.0,0.0,0.0,0.0,0.0,0.0,0.0,0.0,0.0,0.0,0.0,0.0,0.0,0.0,0.0,0.0,0.0,0.0,0.0,0.0,0.0,0.0,0.0,0.0,0.0,0.0,0.0,0.0,0.0,Z,18
0.0,0.0,0.317647,0.1,0.552941,0.3125,0.294118,0.35,-0.082353,0.3125,0.223529,1.0,0.152941,0.8375,0.105882,0.75,0.023529,0.8,-0.188235,1.0875,-0.364706,0.475,-0.164706,0.1375,-0.023529,0.1625,-0.517647,0.975,-0.658824,0.375,-0.435294,0.075,-0.270588,0.1125,-0.776471,0.775,-0.858824,0.2875,-0.647059,0.05,-0.494118,0.0875,0,0,0.0,0.0,0.0,0.0,0.0,0.0,0.0,0.0,0.0,0.0,0.0,0.0,0.0,0.0,0.0,0.0,0.0,0.0,0.0,0.0,0.0,0.0,0.0,0.0,0.0,0.0,0.0,0.0,0.0,0.0,0.0,0.0,0.0,0.0,0.0,0.0,0.0,0.0,0.0,0.0,0.0,0.0,Z,18
0.0,0.0,0.298851,0.115385,0.517241,0.320513,0.264368,0.358974,-0.103448,0.320513,0.195402,1.0,0.126437,0.858974,0.057471,0.794872,-0.022989,0.846154,-0.229885,1.076923,-0.367816,0.474359,-0.183908,0.141026,-0.034483,0.141026,-0.551724,0.974359,-0.643678,0.371795,-0.425287,0.064103,-0.264368,0.089744,-0.804598,0.782051,-0.850575,0.282051,-0.643678,0.038462,-0.482759,0.064103,0,0,0.0,0.0,0.0,0.0,0.0,0.0,0.0,0.0,0.0,0.0,0.0,0.0,0.0,0.0,0.0,0.0,0.0,0.0,0.0,0.0,0.0,0.0,0.0,0.0,0.0,0.0,0.0,0.0,0.0,0.0,0.0,0.0,0.0,0.0,0.0,0.0,0.0,0.0,0.0,0.0,0.0,0.0,Z,18
0.0,0.0,0.305882,0.102564,0.552941,0.320513,0.294118,0.371795,-0.082353,0.320513,0.211765,1.0,0.141176,0.858974,0.058824,0.807692,-0.035294,0.858974,-0.211765,1.089744,-0.376471,0.474359,-0.2,0.115385,-0.035294,0.102564,-0.541176,0.987179,-0.670588,0.371795,-0.447059,0.051282,-0.258824,0.076923,-0.788235,0.794872,-0.858824,0.294872,-0.647059,0.038462,-0.470588,0.064103,0,0,0.0,0.0,0.0,0.0,0.0,0.0,0.0,0.0,0.0,0.0,0.0,0.0,0.0,0.0,0.0,0.0,0.0,0.0,0.0,0.0,0.0,0.0,0.0,0.0,0.0,0.0,0.0,0.0,0.0,0.0,0.0,0.0,0.0,0.0,0.0,0.0,0.0,0.0,0.0,0.0,0.0,0.0,Z,18
0.0,0.0,0.313953,0.103896,0.55814,0.311688,0.337209,0.363636,-0.011628,0.324675,0.244186,1.0,0.174419,0.883117,0.081395,0.818182,-0.023256,0.844156,-0.174419,1.103896,-0.360465,0.480519,-0.174419,0.116883,-0.011628,0.12987,-0.5,1.0,-0.651163,0.376623,-0.418605,0.051948,-0.244186,0.090909,-0.755814,0.805195,-0.837209,0.285714,-0.627907,0.025974,-0.453488,0.051948,0,0,0.0,0.0,0.0,0.0,0.0,0.0,0.0,0.0,0.0,0.0,0.0,0.0,0.0,0.0,0.0,0.0,0.0,0.0,0.0,0.0,0.0,0.0,0.0,0.0,0.0,0.0,0.0,0.0,0.0,0.0,0.0,0.0,0.0,0.0,0.0,0.0,0.0,0.0,0.0,0.0,0.0,0.0,Z,18
0.0,0.0,0.313953,0.1125,0.534884,0.3375,0.27907,0.3875,-0.093023,0.35,0.209302,1.0,0.151163,0.8875,0.081395,0.8125,-0.011628,0.8375,-0.197674,1.0875,-0.372093,0.5,-0.174419,0.1625,-0.023256,0.2,-0.523256,0.9875,-0.662791,0.375,-0.430233,0.0875,-0.267442,0.1375,-0.790698,0.7875,-0.860465,0.3,-0.639535,0.0625,-0.476744,0.1,0,0,0.0,0.0,0.0,0.0,0.0,0.0,0.0,0.0,0.0,0.0,0.0,0.0,0.0,0.0,0.0,0.0,0.0,0.0,0.0,0.0,0.0,0.0,0.0,0.0,0.0,0.0,0.0,0.0,0.0,0.0,0.0,0.0,0.0,0.0,0.0,0.0,0.0,0.0,0.0,0.0,0.0,0.0,Z,18
0.0,0.0,0.310345,0.113924,0.54023,0.329114,0.287356,0.379747,-0.08046,0.35443,0.229885,1.0,0.149425,0.860759,0.08046,0.78481,-0.011494,0.822785,-0.183908,1.101266,-0.356322,0.481013,-0.16092,0.139241,-0.022989,0.177215,-0.517241,1.0,-0.655172,0.379747,-0.436782,0.075949,-0.287356,0.113924,-0.770115,0.797468,-0.850575,0.291139,-0.643678,0.037975,-0.482759,0.088608,0,0,0.0,0.0,0.0,0.0,0.0,0.0,0.0,0.0,0.0,0.0,0.0,0.0,0.0,0.0,0.0,0.0,0.0,0.0,0.0,0.0,0.0,0.0,0.0,0.0,0.0,0.0,0.0,0.0,0.0,0.0,0.0,0.0,0.0,0.0,0.0,0.0,0.0,0.0,0.0,0.0,0.0,0.0,Z,18
0.0,0.0,0.313953,0.101266,0.55814,0.329114,0.313953,0.392405,-0.05814,0.379747,0.232558,1.0,0.162791,0.860759,0.104651,0.78481,0.011628,0.822785,-0.174419,1.088608,-0.348837,0.481013,-0.162791,0.139241,-0.023256,0.164557,-0.5,0.987342,-0.651163,0.392405,-0.418605,0.075949,-0.267442,0.126582,-0.767442,0.797468,-0.848837,0.303797,-0.639535,0.050633,-0.476744,0.088608,0,0,0.0,0.0,0.0,0.0,0.0,0.0,0.0,0.0,0.0,0.0,0.0,0.0,0.0,0.0,0.0,0.0,0.0,0.0,0.0,0.0,0.0,0.0,0.0,0.0,0.0,0.0,0.0,0.0,0.0,0.0,0.0,0.0,0.0,0.0,0.0,0.0,0.0,0.0,0.0,0.0,0.0,0.0,Z,18
0.0,0.0,0.302326,0.111111,0.534884,0.333333,0.27907,0.395062,-0.081395,0.37037,0.22093,1.0,0.127907,0.851852,0.069767,0.777778,-0.023256,0.814815,-0.197674,1.074074,-0.372093,0.481481,-0.186047,0.148148,-0.034884,0.160494,-0.523256,0.975309,-0.662791,0.395062,-0.44186,0.08642,-0.267442,0.123457,-0.77907,0.790123,-0.860465,0.308642,-0.651163,0.061728,-0.476744,0.08642,0,0,0.0,0.0,0.0,0.0,0.0,0.0,0.0,0.0,0.0,0.0,0.0,0.0,0.0,0.0,0.0,0.0,0.0,0.0,0.0,0.0,0.0,0.0,0.0,0.0,0.0,0.0,0.0,0.0,0.0,0.0,0.0,0.0,0.0,0.0,0.0,0.0,0.0,0.0,0.0,0.0,0.0,0.0,Z,18
0.0,0.0,0.310345,0.115385,0.54023,0.333333,0.321839,0.371795,-0.022989,0.320513,0.252874,1.0,0.16092,0.846154,0.103448,0.769231,0.011494,0.782051,-0.16092,1.076923,-0.333333,0.461538,-0.149425,0.128205,0.0,0.141026,-0.482759,0.961538,-0.62069,0.358974,-0.402299,0.064103,-0.229885,0.102564,-0.747126,0.769231,-0.816092,0.269231,-0.62069,0.025641,-0.471264,0.064103,0,0,0.0,0.0,0.0,0.0,0.0,0.0,0.0,0.0,0.0,0.0,0.0,0.0,0.0,0.0,0.0,0.0,0.0,0.0,0.0,0.0,0.0,0.0,0.0,0.0,0.0,0.0,0.0,0.0,0.0,0.0,0.0,0.0,0.0,0.0,0.0,0.0,0.0,0.0,0.0,0.0,0.0,0.0,Z,18
0.0,0.0,0.313953,0.1125,0.55814,0.3125,0.313953,0.375,-0.046512,0.3375,0.232558,1.0,0.151163,0.8875,0.093023,0.8125,0.011628,0.8125,-0.174419,1.0875,-0.348837,0.5,-0.151163,0.1625,0.0,0.175,-0.5,0.9875,-0.627907,0.3875,-0.406977,0.0875,-0.244186,0.1125,-0.767442,0.8,-0.837209,0.3125,-0.627907,0.0625,-0.476744,0.1,0,0,0.0,0.0,0.0,0.0,0.0,0.0,0.0,0.0,0.0,0.0,0.0,0.0,0.0,0.0,0.0,0.0,0.0,0.0,0.0,0.0,0.0,0.0,0.0,0.0,0.0,0.0,0.0,0.0,0.0,0.0,0.0,0.0,0.0,0.0,0.0,0.0,0.0,0.0,0.0,0.0,0.0,0.0,Z,18
0.0,0.0,0.317647,0.102564,0.564706,0.307692,0.305882,0.358974,-0.058824,0.320513,0.223529,1.0,0.152941,0.871795,0.070588,0.807692,-0.011765,0.820513,-0.188235,1.102564,-0.352941,0.5,-0.176471,0.141026,-0.011765,0.128205,-0.505882,1.0,-0.647059,0.371795,-0.423529,0.064103,-0.258824,0.089744,-0.776471,0.794872,-0.858824,0.307692,-0.647059,0.038462,-0.482353,0.064103,0,0,0.0,0.0,0.0,0.0,0.0,0.0,0.0,0.0,0.0,0.0,0.0,0.0,0.0,0.0,0.0,0.0,0.0,0.0,0.0,0.0,0.0,0.0,0.0,0.0,0.0,0.0,0.0,0.0,0.0,0.0,0.0,0.0,0.0,0.0,0.0,0.0,0.0,0.0,0.0,0.0,0.0,0.0,Z,18
0.0,0.0,0.313953,0.106667,0.55814,0.306667,0.337209,0.36,-0.011628,0.32,0.244186,1.0,0.162791,0.88,0.093023,0.813333,0.0,0.8,-0.162791,1.093333,-0.337209,0.48,-0.162791,0.12,0.0,0.106667,-0.488372,1.0,-0.627907,0.36,-0.418605,0.04,-0.232558,0.066667,-0.755814,0.8,-0.837209,0.28,-0.639535,0.013333,-0.476744,0.04,0,0,0.0,0.0,0.0,0.0,0.0,0.0,0.0,0.0,0.0,0.0,0.0,0.0,0.0,0.0,0.0,0.0,0.0,0.0,0.0,0.0,0.0,0.0,0.0,0.0,0.0,0.0,0.0,0.0,0.0,0.0,0.0,0.0,0.0,0.0,0.0,0.0,0.0,0.0,0.0,0.0,0.0,0.0,Z,18
0.0,0.0,0.313953,0.089744,0.581395,0.307692,0.348837,0.384615,-0.023256,0.346154,0.232558,1.0,0.174419,0.897436,0.116279,0.807692,0.034884,0.820513,-0.174419,1.089744,-0.337209,0.487179,-0.139535,0.141026,0.0,0.166667,-0.5,0.987179,-0.627907,0.371795,-0.406977,0.064103,-0.244186,0.115385,-0.767442,0.807692,-0.837209,0.307692,-0.639535,0.051282,-0.488372,0.089744,0,0,0.0,0.0,0.0,0.0,0.0,0.0,0.0,0.0,0.0,0.0,0.0,0.0,0.0,0.0,0.0,0.0,0.0,0.0,0.0,0.0,0.0,0.0,0.0,0.0,0.0,0.0,0.0,0.0,0.0,0.0,0.0,0.0,0.0,0.0,0.0,0.0,0.0,0.0,0.0,0.0,0.0,0.0,Z,18
0.0,0.0,0.310345,0.101266,0.563218,0.316456,0.333333,0.392405,-0.034483,0.367089,0.241379,1.0,0.16092,0.873418,0.114943,0.78481,0.034483,0.810127,-0.172414,1.075949,-0.333333,0.455696,-0.137931,0.113924,0.0,0.151899,-0.494253,0.974684,-0.62069,0.35443,-0.402299,0.050633,-0.241379,0.101266,-0.758621,0.797468,-0.827586,0.291139,-0.632184,0.037975,-0.482759,0.075949,0,0,0.0,0.0,0.0,0.0,0.0,0.0,0.0,0.0,0.0,0.0,0.0,0.0,0.0,0.0,0.0,0.0,0.0,0.0,0.0,0.0,0.0,0.0,0.0,0.0,0.0,0.0,0.0,0.0,0.0,0.0,0.0,0.0,0.0,0.0,0.0,0.0,0.0,0.0,0.0,0.0,0.0,0.0,Z,18
0.0,0.0,0.313953,0.113924,0.55814,0.329114,0.313953,0.405063,-0.046512,0.379747,0.22093,1.0,0.162791,0.886076,0.104651,0.797468,0.034884,0.810127,-0.186047,1.088608,-0.337209,0.481013,-0.151163,0.126582,-0.011628,0.164557,-0.511628,0.987342,-0.639535,0.367089,-0.418605,0.063291,-0.267442,0.113924,-0.77907,0.797468,-0.848837,0.303797,-0.651163,0.050633,-0.5,0.088608,0,0,0.0,0.0,0.0,0.0,0.0,0.0,0.0,0.0,0.0,0.0,0.0,0.0,0.0,0.0,0.0,0.0,0.0,0.0,0.0,0.0,0.0,0.0,0.0,0.0,0.0,0.0,0.0,0.0,0.0,0.0,0.0,0.0,0.0,0.0,0.0,0.0,0.0,0.0,0.0,0.0,0.0,0.0,Z,18
0.0,0.0,0.313953,0.139241,0.523256,0.341772,0.255814,0.405063,-0.116279,0.392405,0.209302,1.0,0.127907,0.822785,0.05814,0.721519,-0.046512,0.746835,-0.209302,1.075949,-0.360465,0.455696,-0.197674,0.113924,-0.069767,0.113924,-0.534884,0.962025,-0.662791,0.35443,-0.453488,0.063291,-0.290698,0.101266,-0.790698,0.759494,-0.860465,0.253165,-0.662791,0.012658,-0.511628,0.063291,0,0,0.0,0.0,0.0,0.0,0.0,0.0,0.0,0.0,0.0,0.0,0.0,0.0,0.0,0.0,0.0,0.0,0.0,0.0,0.0,0.0,0.0,0.0,0.0,0.0,0.0,0.0,0.0,0.0,0.0,0.0,0.0,0.0,0.0,0.0,0.0,0.0,0.0,0.0,0.0,0.0,0.0,0.0,Z,18
0.0,0.0,0.333333,0.102564,0.571429,0.307692,0.285714,0.346154,-0.095238,0.307692,0.22619,1.0,0.142857,0.833333,0.071429,0.75641,-0.011905,0.782051,-0.202381,1.076923,-0.369048,0.474359,-0.178571,0.115385,-0.035714,0.115385,-0.52381,0.974359,-0.666667,0.358974,-0.440476,0.051282,-0.261905,0.076923,-0.77381,0.75641,-0.869048,0.269231,-0.642857,0.012821,-0.47619,0.038462,0,0,0.0,0.0,0.0,0.0,0.0,0.0,0.0,0.0,0.0,0.0,0.0,0.0,0.0,0.0,0.0,0.0,0.0,0.0,0.0,0.0,0.0,0.0,0.0,0.0,0.0,0.0,0.0,0.0,0.0,0.0,0.0,0.0,0.0,0.0,0.0,0.0,0.0,0.0,0.0,0.0,0.0,0.0,Z,18
0.0,0.0,0.385542,0.169811,0.746988,0.471698,0.915663,0.754717,0.819277,1.009434,0.590361,1.0,0.879518,1.358491,1.084337,1.584906,1.192771,1.820755,0.240964,1.028302,0.53012,1.216981,0.506024,0.811321,0.385542,0.726415,-0.072289,0.981132,0.156627,1.132075,0.192771,0.745283,0.084337,0.688679,-0.409639,0.877358,-0.180723,0.95283,-0.084337,0.698113,-0.168675,0.632075,0,0,0.0,0.0,0.0,0.0,0.0,0.0,0.0,0.0,0.0,0.0,0.0,0.0,0.0,0.0,0.0,0.0,0.0,0.0,0.0,0.0,0.0,0.0,0.0,0.0,0.0,0.0,0.0,0.0,0.0,0.0,0.0,0.0,0.0,0.0,0.0,0.0,0.0,0.0,0.0,0.0,0.0,0.0,Z,19
0.0,0.0,0.457831,0.173077,0.819277,0.480769,1.0,0.769231,0.86747,1.028846,0.626506,1.0,0.915663,1.384615,1.120482,1.625,1.240964,1.855769,0.277108,1.019231,0.566265,1.259615,0.566265,0.855769,0.433735,0.721154,-0.048193,0.951923,0.180723,1.144231,0.228916,0.759615,0.120482,0.682692,-0.373494,0.836538,-0.144578,0.961538,-0.024096,0.692308,-0.108434,0.605769,0,0,0.0,0.0,0.0,0.0,0.0,0.0,0.0,0.0,0.0,0.0,0.0,0.0,0.0,0.0,0.0,0.0,0.0,0.0,0.0,0.0,0.0,0.0,0.0,0.0,0.0,0.0,0.0,0.0,0.0,0.0,0.0,0.0,0.0,0.0,0.0,0.0,0.0,0.0,0.0,0.0,0.0,0.0,Z,19
0.0,0.0,0.440476,0.194444,0.797619,0.490741,0.952381,0.759259,0.857143,1.0,0.607143,1.0,0.892857,1.361111,1.083333,1.592593,1.190476,1.814815,0.261905,1.018519,0.559524,1.25,0.547619,0.851852,0.428571,0.740741,-0.059524,0.972222,0.190476,1.12037,0.22619,0.75,0.107143,0.685185,-0.392857,0.851852,-0.142857,0.962963,-0.035714,0.703704,-0.107143,0.62037,0,0,0.0,0.0,0.0,0.0,0.0,0.0,0.0,0.0,0.0,0.0,0.0,0.0,0.0,0.0,0.0,0.0,0.0,0.0,0.0,0.0,0.0,0.0,0.0,0.0,0.0,0.0,0.0,0.0,0.0,0.0,0.0,0.0,0.0,0.0,0.0,0.0,0.0,0.0,0.0,0.0,0.0,0.0,Z,19
0.0,0.0,0.445783,0.179245,0.819277,0.481132,0.987952,0.764151,0.86747,1.0,0.626506,1.0,0.915663,1.377358,1.108434,1.613208,1.228916,1.839623,0.277108,1.009434,0.566265,1.264151,0.578313,0.858491,0.457831,0.726415,-0.048193,0.95283,0.180723,1.132075,0.240964,0.754717,0.13253,0.669811,-0.373494,0.830189,-0.13253,0.943396,-0.012048,0.688679,-0.096386,0.603774,0,0,0.0,0.0,0.0,0.0,0.0,0.0,0.0,0.0,0.0,0.0,0.0,0.0,0.0,0.0,0.0,0.0,0.0,0.0,0.0,0.0,0.0,0.0,0.0,0.0,0.0,0.0,0.0,0.0,0.0,0.0,0.0,0.0,0.0,0.0,0.0,0.0,0.0,0.0,0.0,0.0,0.0,0.0,Z,19
0.0,0.0,0.423529,0.185185,0.776471,0.472222,0.952941,0.740741,0.847059,0.981481,0.6,1.0,0.882353,1.351852,1.070588,1.583333,1.176471,1.805556,0.258824,1.018519,0.541176,1.25,0.541176,0.851852,0.423529,0.722222,-0.070588,0.972222,0.176471,1.12963,0.223529,0.75,0.105882,0.675926,-0.4,0.851852,-0.152941,0.953704,-0.035294,0.694444,-0.105882,0.611111,0,0,0.0,0.0,0.0,0.0,0.0,0.0,0.0,0.0,0.0,0.0,0.0,0.0,0.0,0.0,0.0,0.0,0.0,0.0,0.0,0.0,0.0,0.0,0.0,0.0,0.0,0.0,0.0,0.0,0.0,0.0,0.0,0.0,0.0,0.0,0.0,0.0,0.0,0.0,0.0,0.0,0.0,0.0,Z,19
0.0,0.0,0.423529,0.182692,0.8,0.5,0.964706,0.778846,0.858824,1.028846,0.6,1.0,0.882353,1.403846,1.082353,1.644231,1.188235,1.865385,0.258824,1.028846,0.564706,1.307692,0.6,0.894231,0.470588,0.75,-0.058824,0.990385,0.223529,1.163462,0.270588,0.778846,0.117647,0.682692,-0.4,0.884615,-0.105882,0.951923,-0.011765,0.701923,-0.141176,0.634615,0,0,0.0,0.0,0.0,0.0,0.0,0.0,0.0,0.0,0.0,0.0,0.0,0.0,0.0,0.0,0.0,0.0,0.0,0.0,0.0,0.0,0.0,0.0,0.0,0.0,0.0,0.0,0.0,0.0,0.0,0.0,0.0,0.0,0.0,0.0,0.0,0.0,0.0,0.0,0.0,0.0,0.0,0.0,Z,19
0.0,0.0,0.44186,0.185185,0.802326,0.481481,0.965116,0.75,0.848837,0.990741,0.604651,1.0,0.895349,1.351852,1.081395,1.583333,1.209302,1.805556,0.267442,1.027778,0.55814,1.240741,0.546512,0.842593,0.418605,0.731481,-0.05814,0.972222,0.186047,1.12037,0.22093,0.75,0.104651,0.685185,-0.395349,0.851852,-0.139535,0.944444,-0.034884,0.685185,-0.104651,0.611111,0,0,0.0,0.0,0.0,0.0,0.0,0.0,0.0,0.0,0.0,0.0,0.0,0.0,0.0,0.0,0.0,0.0,0.0,0.0,0.0,0.0,0.0,0.0,0.0,0.0,0.0,0.0,0.0,0.0,0.0,0.0,0.0,0.0,0.0,0.0,0.0,0.0,0.0,0.0,0.0,0.0,0.0,0.0,Z,19
0.0,0.0,0.481928,0.196078,0.843373,0.509804,1.012048,0.794118,0.903614,1.039216,0.626506,1.0,0.927711,1.421569,1.13253,1.666667,1.26506,1.892157,0.301205,1.019608,0.614458,1.313725,0.626506,0.911765,0.506024,0.715686,-0.024096,0.980392,0.253012,1.196078,0.301205,0.833333,0.168675,0.696078,-0.373494,0.892157,-0.084337,1.0,0.024096,0.764706,-0.060241,0.666667,0,0,0.0,0.0,0.0,0.0,0.0,0.0,0.0,0.0,0.0,0.0,0.0,0.0,0.0,0.0,0.0,0.0,0.0,0.0,0.0,0.0,0.0,0.0,0.0,0.0,0.0,0.0,0.0,0.0,0.0,0.0,0.0,0.0,0.0,0.0,0.0,0.0,0.0,0.0,0.0,0.0,0.0,0.0,Z,19
0.0,0.0,0.418605,0.17757,0.767442,0.476636,0.918605,0.747664,0.825581,1.009346,0.604651,1.0,0.883721,1.35514,1.05814,1.598131,1.174419,1.82243,0.255814,1.028037,0.546512,1.252336,0.523256,0.850467,0.406977,0.738318,-0.05814,0.971963,0.174419,1.130841,0.209302,0.757009,0.093023,0.691589,-0.395349,0.859813,-0.151163,0.962617,-0.034884,0.691589,-0.104651,0.616822,0,0,0.0,0.0,0.0,0.0,0.0,0.0,0.0,0.0,0.0,0.0,0.0,0.0,0.0,0.0,0.0,0.0,0.0,0.0,0.0,0.0,0.0,0.0,0.0,0.0,0.0,0.0,0.0,0.0,0.0,0.0,0.0,0.0,0.0,0.0,0.0,0.0,0.0,0.0,0.0,0.0,0.0,0.0,Z,19
0.0,0.0,0.463415,0.182692,0.829268,0.5,0.987805,0.807692,0.878049,1.048077,0.609756,1.0,0.914634,1.394231,1.121951,1.634615,1.256098,1.865385,0.280488,1.038462,0.597561,1.288462,0.597561,0.903846,0.463415,0.75,-0.04878,1.009615,0.243902,1.182692,0.280488,0.846154,0.158537,0.740385,-0.390244,0.913462,-0.085366,0.990385,0.036585,0.75,-0.04878,0.653846,0,0,0.0,0.0,0.0,0.0,0.0,0.0,0.0,0.0,0.0,0.0,0.0,0.0,0.0,0.0,0.0,0.0,0.0,0.0,0.0,0.0,0.0,0.0,0.0,0.0,0.0,0.0,0.0,0.0,0.0,0.0,0.0,0.0,0.0,0.0,0.0,0.0,0.0,0.0,0.0,0.0,0.0,0.0,Z,19
0.0,0.0,0.390805,0.175926,0.724138,0.472222,0.850575,0.740741,0.735632,0.990741,0.563218,1.0,0.827586,1.351852,1.0,1.592593,1.103448,1.805556,0.229885,1.018519,0.471264,1.212963,0.436782,0.824074,0.321839,0.731481,-0.091954,0.953704,0.103448,1.092593,0.126437,0.731481,0.011494,0.685185,-0.436782,0.833333,-0.241379,0.916667,-0.137931,0.666667,-0.206897,0.611111,0,0,0.0,0.0,0.0,0.0,0.0,0.0,0.0,0.0,0.0,0.0,0.0,0.0,0.0,0.0,0.0,0.0,0.0,0.0,0.0,0.0,0.0,0.0,0.0,0.0,0.0,0.0,0.0,0.0,0.0,0.0,0.0,0.0,0.0,0.0,0.0,0.0,0.0,0.0,0.0,0.0,0.0,0.0,Z,19
0.0,0.0,0.411765,0.17757,0.764706,0.485981,0.870588,0.775701,0.741176,1.018692,0.564706,1.0,0.847059,1.364486,1.035294,1.598131,1.152941,1.831776,0.223529,1.028037,0.458824,1.252336,0.470588,0.953271,0.376471,0.859813,-0.105882,0.971963,0.094118,1.084112,0.117647,0.785047,0.035294,0.757009,-0.435294,0.850467,-0.235294,0.88785,-0.141176,0.663551,-0.188235,0.616822,0,0,0.0,0.0,0.0,0.0,0.0,0.0,0.0,0.0,0.0,0.0,0.0,0.0,0.0,0.0,0.0,0.0,0.0,0.0,0.0,0.0,0.0,0.0,0.0,0.0,0.0,0.0,0.0,0.0,0.0,0.0,0.0,0.0,0.0,0.0,0.0,0.0,0.0,0.0,0.0,0.0,0.0,0.0,Z,19
0.0,0.0,0.364706,0.168224,0.682353,0.476636,0.741176,0.775701,0.552941,0.990654,0.494118,1.0,0.717647,1.383178,0.858824,1.64486,0.917647,1.878505,0.141176,0.990654,0.258824,1.186916,0.282353,0.803738,0.223529,0.71028,-0.188235,0.906542,-0.105882,1.046729,-0.023529,0.700935,-0.070588,0.654206,-0.505882,0.766355,-0.423529,0.869159,-0.282353,0.635514,-0.282353,0.570093,0,0,0.0,0.0,0.0,0.0,0.0,0.0,0.0,0.0,0.0,0.0,0.0,0.0,0.0,0.0,0.0,0.0,0.0,0.0,0.0,0.0,0.0,0.0,0.0,0.0,0.0,0.0,0.0,0.0,0.0,0.0,0.0,0.0,0.0,0.0,0.0,0.0,0.0,0.0,0.0,0.0,0.0,0.0,Z,19
0.0,0.0,0.363636,0.175926,0.670455,0.5,0.659091,0.777778,0.511364,0.972222,0.454545,1.0,0.681818,1.37963,0.806818,1.62963,0.875,1.861111,0.102273,0.981481,0.227273,1.194444,0.25,0.842593,0.204545,0.740741,-0.215909,0.898148,-0.113636,1.046296,-0.034091,0.712963,-0.079545,0.657407,-0.545455,0.75,-0.420455,0.87963,-0.295455,0.648148,-0.306818,0.574074,0,0,0.0,0.0,0.0,0.0,0.0,0.0,0.0,0.0,0.0,0.0,0.0,0.0,0.0,0.0,0.0,0.0,0.0,0.0,0.0,0.0,0.0,0.0,0.0,0.0,0.0,0.0,0.0,0.0,0.0,0.0,0.0,0.0,0.0,0.0,0.0,0.0,0.0,0.0,0.0,0.0,0.0,0.0,Z,19
0.0,0.0,0.363636,0.172727,0.681818,0.490909,0.602273,0.772727,0.375,0.945455,0.465909,1.0,0.681818,1.363636,0.818182,1.609091,0.886364,1.836364,0.102273,0.981818,0.227273,1.172727,0.25,0.836364,0.193182,0.745455,-0.215909,0.9,-0.102273,1.036364,-0.022727,0.709091,-0.079545,0.654545,-0.534091,0.754545,-0.409091,0.872727,-0.272727,0.645455,-0.284091,0.572727,0,0,0.0,0.0,0.0,0.0,0.0,0.0,0.0,0.0,0.0,0.0,0.0,0.0,0.0,0.0,0.0,0.0,0.0,0.0,0.0,0.0,0.0,0.0,0.0,0.0,0.0,0.0,0.0,0.0,0.0,0.0,0.0,0.0,0.0,0.0,0.0,0.0,0.0,0.0,0.0,0.0,0.0,0.0,Z,19
0.0,0.0,0.352273,0.172727,0.670455,0.481818,0.602273,0.772727,0.340909,0.945455,0.465909,1.0,0.681818,1.363636,0.818182,1.609091,0.886364,1.836364,0.102273,0.981818,0.215909,1.172727,0.238636,0.827273,0.193182,0.727273,-0.215909,0.9,-0.113636,1.036364,-0.034091,0.709091,-0.079545,0.645455,-0.534091,0.745455,-0.420455,0.872727,-0.284091,0.645455,-0.284091,0.572727,0,0,0.0,0.0,0.0,0.0,0.0,0.0,0.0,0.0,0.0,0.0,0.0,0.0,0.0,0.0,0.0,0.0,0.0,0.0,0.0,0.0,0.0,0.0,0.0,0.0,0.0,0.0,0.0,0.0,0.0,0.0,0.0,0.0,0.0,0.0,0.0,0.0,0.0,0.0,0.0,0.0,0.0,0.0,Z,19
0.0,0.0,0.301205,0.205128,0.578313,0.504274,0.493976,0.803419,0.096386,0.948718,0.228916,1.0,0.26506,1.376068,0.277108,1.623932,0.228916,1.854701,-0.156627,0.923077,-0.253012,1.094017,-0.108434,0.709402,-0.060241,0.675214,-0.46988,0.803419,-0.590361,0.931624,-0.373494,0.615385,-0.301205,0.598291,-0.771084,0.649573,-0.86747,0.726496,-0.638554,0.538462,-0.566265,0.478632,0,0,0.0,0.0,0.0,0.0,0.0,0.0,0.0,0.0,0.0,0.0,0.0,0.0,0.0,0.0,0.0,0.0,0.0,0.0,0.0,0.0,0.0,0.0,0.0,0.0,0.0,0.0,0.0,0.0,0.0,0.0,0.0,0.0,0.0,0.0,0.0,0.0,0.0,0.0,0.0,0.0,0.0,0.0,Z,19
0.0,0.0,0.341772,0.181818,0.632911,0.5,0.531646,0.827273,0.101266,0.963636,0.303797,1.0,0.341772,1.418182,0.316456,1.7,0.265823,1.945455,-0.088608,0.954545,-0.189873,1.127273,-0.088608,0.736364,-0.012658,0.654545,-0.405063,0.845455,-0.544304,0.945455,-0.35443,0.627273,-0.253165,0.572727,-0.696203,0.7,-0.772152,0.772727,-0.56962,0.563636,-0.455696,0.5,0,0,0.0,0.0,0.0,0.0,0.0,0.0,0.0,0.0,0.0,0.0,0.0,0.0,0.0,0.0,0.0,0.0,0.0,0.0,0.0,0.0,0.0,0.0,0.0,0.0,0.0,0.0,0.0,0.0,0.0,0.0,0.0,0.0,0.0,0.0,0.0,0.0,0.0,0.0,0.0,0.0,0.0,0.0,Z,19
0.0,0.0,0.3375,0.185841,0.6125,0.495575,0.5,0.79646,0.1,0.946903,0.25,1.0,0.2875,1.389381,0.275,1.663717,0.2375,1.893805,-0.1375,0.938053,-0.225,1.097345,-0.1,0.725664,-0.025,0.663717,-0.4625,0.814159,-0.5875,0.920354,-0.3875,0.628319,-0.3125,0.59292,-0.75,0.654867,-0.8375,0.725664,-0.625,0.548673,-0.5375,0.486726,0,0,0.0,0.0,0.0,0.0,0.0,0.0,0.0,0.0,0.0,0.0,0.0,0.0,0.0,0.0,0.0,0.0,0.0,0.0,0.0,0.0,0.0,0.0,0.0,0.0,0.0,0.0,0.0,0.0,0.0,0.0,0.0,0.0,0.0,0.0,0.0,0.0,0.0,0.0,0.0,0.0,0.0,0.0,Z,19
0.0,0.0,0.329114,0.213675,0.56962,0.521368,0.405063,0.794872,0.0,0.91453,0.164557,1.0,0.139241,1.358974,0.088608,1.623932,0.012658,1.854701,-0.240506,0.91453,-0.379747,1.051282,-0.189873,0.683761,-0.088608,0.632479,-0.556962,0.794872,-0.734177,0.91453,-0.481013,0.606838,-0.367089,0.57265,-0.835443,0.632479,-0.974684,0.726496,-0.734177,0.538462,-0.607595,0.478632,0,0,0.0,0.0,0.0,0.0,0.0,0.0,0.0,0.0,0.0,0.0,0.0,0.0,0.0,0.0,0.0,0.0,0.0,0.0,0.0,0.0,0.0,0.0,0.0,0.0,0.0,0.0,0.0,0.0,0.0,0.0,0.0,0.0,0.0,0.0,0.0,0.0,0.0,0.0,0.0,0.0,0.0,0.0,Z,19
0.0,0.0,0.363636,0.181818,0.623377,0.509091,0.467532,0.809091,0.038961,0.936364,0.220779,1.0,0.207792,1.418182,0.142857,1.690909,0.064935,1.927273,-0.168831,0.936364,-0.324675,1.1,-0.181818,0.727273,-0.077922,0.654545,-0.493506,0.827273,-0.662338,0.936364,-0.454545,0.636364,-0.337662,0.590909,-0.779221,0.672727,-0.896104,0.763636,-0.688312,0.572727,-0.571429,0.509091,0,0,0.0,0.0,0.0,0.0,0.0,0.0,0.0,0.0,0.0,0.0,0.0,0.0,0.0,0.0,0.0,0.0,0.0,0.0,0.0,0.0,0.0,0.0,0.0,0.0,0.0,0.0,0.0,0.0,0.0,0.0,0.0,0.0,0.0,0.0,0.0,0.0,0.0,0.0,0.0,0.0,0.0,0.0,Z,19
0.0,0.0,0.337662,0.213675,0.545455,0.521368,0.363636,0.811966,-0.064935,0.931624,0.116883,1.0,0.077922,1.350427,0.0,1.615385,-0.103896,1.846154,-0.285714,0.91453,-0.454545,1.059829,-0.246753,0.700855,-0.12987,0.632479,-0.597403,0.786325,-0.805195,0.905983,-0.545455,0.623932,-0.415584,0.57265,-0.883117,0.615385,-1.038961,0.717949,-0.779221,0.547009,-0.649351,0.478632,0,0,0.0,0.0,0.0,0.0,0.0,0.0,0.0,0.0,0.0,0.0,0.0,0.0,0.0,0.0,0.0,0.0,0.0,0.0,0.0,0.0,0.0,0.0,0.0,0.0,0.0,0.0,0.0,0.0,0.0,0.0,0.0,0.0,0.0,0.0,0.0,0.0,0.0,0.0,0.0,0.0,0.0,0.0,Z,19
0.0,0.0,0.355263,0.205357,0.578947,0.535714,0.381579,0.839286,-0.065789,0.964286,0.157895,1.0,0.105263,1.401786,0.013158,1.678571,-0.078947,1.901786,-0.236842,0.928571,-0.394737,1.116071,-0.236842,0.75,-0.131579,0.642857,-0.565789,0.803571,-0.710526,0.955357,-0.5,0.660714,-0.394737,0.571429,-0.842105,0.625,-0.960526,0.732143,-0.776316,0.571429,-0.684211,0.508929,0,0,0.0,0.0,0.0,0.0,0.0,0.0,0.0,0.0,0.0,0.0,0.0,0.0,0.0,0.0,0.0,0.0,0.0,0.0,0.0,0.0,0.0,0.0,0.0,0.0,0.0,0.0,0.0,0.0,0.0,0.0,0.0,0.0,0.0,0.0,0.0,0.0,0.0,0.0,0.0,0.0,0.0,0.0,Z,19
0.0,0.0,0.346667,0.206897,0.546667,0.525862,0.346667,0.810345,-0.093333,0.922414,0.08,1.0,0.026667,1.362069,-0.08,1.62931,-0.186667,1.853448,-0.32,0.896552,-0.493333,1.051724,-0.266667,0.689655,-0.146667,0.612069,-0.653333,0.767241,-0.853333,0.887931,-0.586667,0.603448,-0.453333,0.543103,-0.92,0.577586,-1.093333,0.698276,-0.826667,0.525862,-0.68,0.439655,0,0,0.0,0.0,0.0,0.0,0.0,0.0,0.0,0.0,0.0,0.0,0.0,0.0,0.0,0.0,0.0,0.0,0.0,0.0,0.0,0.0,0.0,0.0,0.0,0.0,0.0,0.0,0.0,0.0,0.0,0.0,0.0,0.0,0.0,0.0,0.0,0.0,0.0,0.0,0.0,0.0,0.0,0.0,Z,19
0.0,0.0,0.346667,0.207207,0.586667,0.531532,0.386667,0.837838,-0.066667,0.954955,0.146667,1.0,0.066667,1.396396,-0.053333,1.675676,-0.16,1.900901,-0.253333,0.936937,-0.426667,1.099099,-0.266667,0.72973,-0.133333,0.612613,-0.573333,0.801802,-0.746667,0.936937,-0.52,0.63964,-0.4,0.558559,-0.853333,0.621622,-0.986667,0.693694,-0.786667,0.522523,-0.666667,0.468468,0,0,0.0,0.0,0.0,0.0,0.0,0.0,0.0,0.0,0.0,0.0,0.0,0.0,0.0,0.0,0.0,0.0,0.0,0.0,0.0,0.0,0.0,0.0,0.0,0.0,0.0,0.0,0.0,0.0,0.0,0.0,0.0,0.0,0.0,0.0,0.0,0.0,0.0,0.0,0.0,0.0,0.0,0.0,Z,19
0.0,0.0,0.320988,0.165138,0.617284,0.495413,0.444444,0.788991,0.049383,0.917431,0.197531,1.0,0.160494,1.394495,0.098765,1.642202,0.012346,1.880734,-0.185185,0.926606,-0.308642,1.027523,-0.123457,0.633028,-0.024691,0.577982,-0.506173,0.807339,-0.666667,0.87156,-0.419753,0.53211,-0.283951,0.495413,-0.802469,0.642202,-0.91358,0.678899,-0.654321,0.449541,-0.506173,0.394495,0,0,0.0,0.0,0.0,0.0,0.0,0.0,0.0,0.0,0.0,0.0,0.0,0.0,0.0,0.0,0.0,0.0,0.0,0.0,0.0,0.0,0.0,0.0,0.0,0.0,0.0,0.0,0.0,0.0,0.0,0.0,0.0,0.0,0.0,0.0,0.0,0.0,0.0,0.0,0.0,0.0,0.0,0.0,Z,19
0.0,0.0,0.333333,0.157407,0.628205,0.481481,0.461538,0.75,0.051282,0.87963,0.192308,1.0,0.141026,1.388889,0.064103,1.638889,-0.025641,1.87037,-0.205128,0.925926,-0.346154,1.0,-0.153846,0.611111,-0.038462,0.574074,-0.525641,0.805556,-0.705128,0.833333,-0.448718,0.509259,-0.307692,0.490741,-0.807692,0.62963,-0.935897,0.611111,-0.666667,0.398148,-0.512821,0.361111,0,0,0.0,0.0,0.0,0.0,0.0,0.0,0.0,0.0,0.0,0.0,0.0,0.0,0.0,0.0,0.0,0.0,0.0,0.0,0.0,0.0,0.0,0.0,0.0,0.0,0.0,0.0,0.0,0.0,0.0,0.0,0.0,0.0,0.0,0.0,0.0,0.0,0.0,0.0,0.0,0.0,0.0,0.0,Z,19
0.0,0.0,0.348315,0.134615,0.685393,0.432692,0.539326,0.692308,0.202247,0.807692,0.303371,1.0,0.337079,1.346154,0.303371,1.586538,0.258427,1.817308,-0.089888,1.028846,-0.157303,0.961538,-0.022472,0.567308,0.089888,0.471154,-0.41573,0.932692,-0.494382,0.807692,-0.303371,0.490385,-0.157303,0.423077,-0.696629,0.759615,-0.764045,0.682692,-0.550562,0.442308,-0.382022,0.375,0,0,0.0,0.0,0.0,0.0,0.0,0.0,0.0,0.0,0.0,0.0,0.0,0.0,0.0,0.0,0.0,0.0,0.0,0.0,0.0,0.0,0.0,0.0,0.0,0.0,0.0,0.0,0.0,0.0,0.0,0.0,0.0,0.0,0.0,0.0,0.0,0.0,0.0,0.0,0.0,0.0,0.0,0.0,Z,19
0.0,0.0,0.293478,0.11,0.630435,0.39,0.521739,0.66,0.217391,0.79,0.293478,1.0,0.326087,1.34,0.304348,1.59,0.271739,1.84,-0.086957,1.05,-0.163043,0.91,-0.021739,0.53,0.086957,0.45,-0.413043,0.95,-0.48913,0.75,-0.293478,0.45,-0.152174,0.4,-0.706522,0.78,-0.75,0.65,-0.543478,0.4,-0.402174,0.33,0,0,0.0,0.0,0.0,0.0,0.0,0.0,0.0,0.0,0.0,0.0,0.0,0.0,0.0,0.0,0.0,0.0,0.0,0.0,0.0,0.0,0.0,0.0,0.0,0.0,0.0,0.0,0.0,0.0,0.0,0.0,0.0,0.0,0.0,0.0,0.0,0.0,0.0,0.0,0.0,0.0,0.0,0.0,Z,19
0.0,0.0,0.296703,0.091837,0.637363,0.377551,0.538462,0.663265,0.230769,0.795918,0.296703,1.0,0.340659,1.357143,0.318681,1.612245,0.274725,1.867347,-0.076923,1.05102,-0.164835,0.928571,-0.032967,0.540816,0.087912,0.438776,-0.406593,0.94898,-0.494505,0.765306,-0.296703,0.44898,-0.142857,0.387755,-0.703297,0.785714,-0.747253,0.642857,-0.538462,0.387755,-0.373626,0.316327,0,0,0.0,0.0,0.0,0.0,0.0,0.0,0.0,0.0,0.0,0.0,0.0,0.0,0.0,0.0,0.0,0.0,0.0,0.0,0.0,0.0,0.0,0.0,0.0,0.0,0.0,0.0,0.0,0.0,0.0,0.0,0.0,0.0,0.0,0.0,0.0,0.0,0.0,0.0,0.0,0.0,0.0,0.0,Z,19
0.0,0.0,0.294737,0.10101,0.631579,0.343434,0.526316,0.565657,0.252632,0.676768,0.336842,1.0,0.442105,1.222222,0.442105,1.424242,0.452632,1.646465,-0.031579,1.090909,-0.073684,0.838384,0.031579,0.464646,0.126316,0.383838,-0.368421,1.0,-0.4,0.69697,-0.242105,0.393939,-0.094737,0.343434,-0.663158,0.828283,-0.684211,0.606061,-0.505263,0.363636,-0.357895,0.313131,0,0,0.0,0.0,0.0,0.0,0.0,0.0,0.0,0.0,0.0,0.0,0.0,0.0,0.0,0.0,0.0,0.0,0.0,0.0,0.0,0.0,0.0,0.0,0.0,0.0,0.0,0.0,0.0,0.0,0.0,0.0,0.0,0.0,0.0,0.0,0.0,0.0,0.0,0.0,0.0,0.0,0.0,0.0,Z,19
0.0,0.0,0.297872,0.083333,0.659574,0.302083,0.606383,0.552083,0.329787,0.677083,0.37234,1.0,0.457447,1.239583,0.489362,1.46875,0.510638,1.6875,0.0,1.104167,-0.010638,0.854167,0.074468,0.479167,0.170213,0.375,-0.329787,1.03125,-0.351064,0.697917,-0.191489,0.395833,-0.042553,0.333333,-0.62766,0.864583,-0.62766,0.625,-0.457447,0.385417,-0.308511,0.333333,0,0,0.0,0.0,0.0,0.0,0.0,0.0,0.0,0.0,0.0,0.0,0.0,0.0,0.0,0.0,0.0,0.0,0.0,0.0,0.0,0.0,0.0,0.0,0.0,0.0,0.0,0.0,0.0,0.0,0.0,0.0,0.0,0.0,0.0,0.0,0.0,0.0,0.0,0.0,0.0,0.0,0.0,0.0,Z,19
0.0,0.0,0.322917,0.076923,0.666667,0.296703,0.635417,0.516484,0.416667,0.615385,0.40625,1.0,0.541667,1.175824,0.614583,1.373626,0.697917,1.56044,0.041667,1.131868,0.09375,0.78022,0.166667,0.373626,0.25,0.197802,-0.291667,1.043956,-0.229167,0.659341,-0.09375,0.318681,0.041667,0.21978,-0.59375,0.868132,-0.541667,0.604396,-0.354167,0.351648,-0.197917,0.263736,0,0,0.0,0.0,0.0,0.0,0.0,0.0,0.0,0.0,0.0,0.0,0.0,0.0,0.0,0.0,0.0,0.0,0.0,0.0,0.0,0.0,0.0,0.0,0.0,0.0,0.0,0.0,0.0,0.0,0.0,0.0,0.0,0.0,0.0,0.0,0.0,0.0,0.0,0.0,0.0,0.0,0.0,0.0,Z,19
0.0,0.0,0.311828,0.09375,0.677419,0.291667,0.655914,0.5,0.419355,0.614583,0.408602,1.0,0.55914,1.135417,0.645161,1.322917,0.741935,1.520833,0.043011,1.114583,0.096774,0.770833,0.182796,0.395833,0.268817,0.208333,-0.290323,1.020833,-0.225806,0.666667,-0.096774,0.34375,0.021505,0.229167,-0.591398,0.833333,-0.548387,0.635417,-0.408602,0.416667,-0.27957,0.34375,0,0,0.0,0.0,0.0,0.0,0.0,0.0,0.0,0.0,0.0,0.0,0.0,0.0,0.0,0.0,0.0,0.0,0.0,0.0,0.0,0.0,0.0,0.0,0.0,0.0,0.0,0.0,0.0,0.0,0.0,0.0,0.0,0.0,0.0,0.0,0.0,0.0,0.0,0.0,0.0,0.0,0.0,0.0,Z,19
0.0,0.0,0.322917,0.025974,0.6875,0.168831,0.770833,0.324675,0.614583,0.480519,0.510417,1.0,0.6875,1.051948,0.854167,1.194805,1.020833,1.363636,0.15625,1.168831,0.28125,0.675325,0.302083,0.194805,0.333333,0.064935,-0.1875,1.090909,-0.052083,0.519481,0.020833,0.155844,0.083333,0.116883,-0.489583,0.896104,-0.385417,0.480519,-0.208333,0.155844,-0.09375,0.090909,0,0,0.0,0.0,0.0,0.0,0.0,0.0,0.0,0.0,0.0,0.0,0.0,0.0,0.0,0.0,0.0,0.0,0.0,0.0,0.0,0.0,0.0,0.0,0.0,0.0,0.0,0.0,0.0,0.0,0.0,0.0,0.0,0.0,0.0,0.0,0.0,0.0,0.0,0.0,0.0,0.0,0.0,0.0,Z,19
0.0,0.0,0.336842,0.04878,0.715789,0.195122,0.8,0.378049,0.610526,0.512195,0.494737,1.0,0.705263,1.02439,0.894737,1.146341,1.073684,1.304878,0.136842,1.146341,0.273684,0.658537,0.326316,0.219512,0.347368,0.085366,-0.2,1.060976,-0.042105,0.512195,0.042105,0.170732,0.073684,0.121951,-0.505263,0.878049,-0.368421,0.487805,-0.2,0.195122,-0.115789,0.134146,0,0,0.0,0.0,0.0,0.0,0.0,0.0,0.0,0.0,0.0,0.0,0.0,0.0,0.0,0.0,0.0,0.0,0.0,0.0,0.0,0.0,0.0,0.0,0.0,0.0,0.0,0.0,0.0,0.0,0.0,0.0,0.0,0.0,0.0,0.0,0.0,0.0,0.0,0.0,0.0,0.0,0.0,0.0,Z,19
0.0,0.0,0.333333,0.0,0.677083,0.057971,0.8125,0.086957,0.708333,0.231884,0.614583,1.0,0.875,0.913043,1.114583,0.956522,1.364583,1.057971,0.260417,1.188406,0.458333,0.478261,0.447917,-0.028986,0.427083,-0.072464,-0.072917,1.086957,0.114583,0.333333,0.145833,-0.057971,0.15625,-0.014493,-0.385417,0.884058,-0.229167,0.318841,-0.09375,-0.043478,-0.010417,-0.086957,0,0,0.0,0.0,0.0,0.0,0.0,0.0,0.0,0.0,0.0,0.0,0.0,0.0,0.0,0.0,0.0,0.0,0.0,0.0,0.0,0.0,0.0,0.0,0.0,0.0,0.0,0.0,0.0,0.0,0.0,0.0,0.0,0.0,0.0,0.0,0.0,0.0,0.0,0.0,0.0,0.0,0.0,0.0,Z,19
0.0,0.0,0.333333,0.028169,0.698925,0.098592,0.83871,0.169014,0.731183,0.323944,0.612903,1.0,0.870968,0.957746,1.139785,0.985915,1.408602,1.070423,0.268817,1.183099,0.473118,0.492958,0.451613,0.014085,0.430108,0.0,-0.075269,1.098592,0.11828,0.366197,0.150538,-0.014085,0.16129,0.028169,-0.387097,0.887324,-0.247312,0.366197,-0.107527,0.014085,-0.010753,-0.070423,0,0,0.0,0.0,0.0,0.0,0.0,0.0,0.0,0.0,0.0,0.0,0.0,0.0,0.0,0.0,0.0,0.0,0.0,0.0,0.0,0.0,0.0,0.0,0.0,0.0,0.0,0.0,0.0,0.0,0.0,0.0,0.0,0.0,0.0,0.0,0.0,0.0,0.0,0.0,0.0,0.0,0.0,0.0,Z,19
0.0,0.0,0.326316,0.015152,0.673684,0.045455,0.842105,0.015152,0.747368,0.075758,0.684211,1.0,0.957895,0.878788,1.252632,0.80303,1.547368,0.80303,0.347368,1.181818,0.547368,0.30303,0.484211,-0.19697,0.421053,-0.136364,0.010526,1.090909,0.2,0.227273,0.189474,-0.136364,0.157895,0.015152,-0.315789,0.909091,-0.147368,0.272727,-0.063158,-0.060606,-0.031579,-0.060606,0,0,0.0,0.0,0.0,0.0,0.0,0.0,0.0,0.0,0.0,0.0,0.0,0.0,0.0,0.0,0.0,0.0,0.0,0.0,0.0,0.0,0.0,0.0,0.0,0.0,0.0,0.0,0.0,0.0,0.0,0.0,0.0,0.0,0.0,0.0,0.0,0.0,0.0,0.0,0.0,0.0,0.0,0.0,Z,19
0.0,0.0,0.336957,0.015385,0.706522,0.061538,0.891304,0.030769,0.815217,0.138462,0.684783,1.0,0.978261,0.830769,1.282609,0.784615,1.586957,0.784615,0.358696,1.169231,0.586957,0.307692,0.532609,-0.2,0.478261,-0.2,0.01087,1.076923,0.217391,0.184615,0.206522,-0.153846,0.195652,-0.015385,-0.315217,0.876923,-0.152174,0.276923,-0.054348,-0.061538,-0.01087,-0.076923,0,0,0.0,0.0,0.0,0.0,0.0,0.0,0.0,0.0,0.0,0.0,0.0,0.0,0.0,0.0,0.0,0.0,0.0,0.0,0.0,0.0,0.0,0.0,0.0,0.0,0.0,0.0,0.0,0.0,0.0,0.0,0.0,0.0,0.0,0.0,0.0,0.0,0.0,0.0,0.0,0.0,0.0,0.0,Z,19
0.0,0.0,0.329787,0.047619,0.670213,0.063492,0.851064,0.0,0.787234,0.047619,0.702128,1.0,0.989362,0.825397,1.276596,0.714286,1.574468,0.666667,0.37234,1.174603,0.574468,0.253968,0.5,-0.253968,0.43617,-0.253968,0.031915,1.095238,0.223404,0.15873,0.191489,-0.174603,0.159574,-0.047619,-0.297872,0.904762,-0.138298,0.253968,-0.06383,-0.079365,-0.042553,-0.063492,0,0,0.0,0.0,0.0,0.0,0.0,0.0,0.0,0.0,0.0,0.0,0.0,0.0,0.0,0.0,0.0,0.0,0.0,0.0,0.0,0.0,0.0,0.0,0.0,0.0,0.0,0.0,0.0,0.0,0.0,0.0,0.0,0.0,0.0,0.0,0.0,0.0,0.0,0.0,0.0,0.0,0.0,0.0,Z,19
0.0,0.0,0.347826,0.048387,0.706522,0.080645,0.891304,0.0,0.836957,0.032258,0.73913,1.0,1.032609,0.790323,1.347826,0.693548,1.652174,0.645161,0.413043,1.177419,0.619565,0.209677,0.543478,-0.290323,0.478261,-0.258065,0.065217,1.096774,0.26087,0.112903,0.228261,-0.209677,0.195652,-0.032258,-0.26087,0.903226,-0.119565,0.241935,-0.043478,-0.080645,0.0,-0.080645,0,0,0.0,0.0,0.0,0.0,0.0,0.0,0.0,0.0,0.0,0.0,0.0,0.0,0.0,0.0,0.0,0.0,0.0,0.0,0.0,0.0,0.0,0.0,0.0,0.0,0.0,0.0,0.0,0.0,0.0,0.0,0.0,0.0,0.0,0.0,0.0,0.0,0.0,0.0,0.0,0.0,0.0,0.0,Z,19
0.0,0.0,0.351648,0.04918,0.703297,0.081967,0.901099,0.016393,0.857143,0.098361,0.703297,1.0,1.021978,0.770492,1.32967,0.672131,1.637363,0.606557,0.373626,1.163934,0.538462,0.180328,0.505495,-0.311475,0.483516,-0.311475,0.032967,1.081967,0.197802,0.065574,0.164835,-0.213115,0.142857,-0.016393,-0.296703,0.901639,-0.153846,0.196721,-0.087912,-0.098361,-0.076923,-0.04918,0,0,0.0,0.0,0.0,0.0,0.0,0.0,0.0,0.0,0.0,0.0,0.0,0.0,0.0,0.0,0.0,0.0,0.0,0.0,0.0,0.0,0.0,0.0,0.0,0.0,0.0,0.0,0.0,0.0,0.0,0.0,0.0,0.0,0.0,0.0,0.0,0.0,0.0,0.0,0.0,0.0,0.0,0.0,Z,19
0.0,0.0,0.336957,0.04918,0.706522,0.098361,0.891304,0.016393,0.826087,0.04918,0.706522,1.0,0.978261,0.786885,1.271739,0.672131,1.576087,0.622951,0.391304,1.163934,0.543478,0.163934,0.48913,-0.311475,0.456522,-0.295082,0.032609,1.065574,0.184783,0.081967,0.163043,-0.213115,0.141304,-0.032787,-0.293478,0.885246,-0.173913,0.213115,-0.097826,-0.098361,-0.065217,-0.081967,0,0,0.0,0.0,0.0,0.0,0.0,0.0,0.0,0.0,0.0,0.0,0.0,0.0,0.0,0.0,0.0,0.0,0.0,0.0,0.0,0.0,0.0,0.0,0.0,0.0,0.0,0.0,0.0,0.0,0.0,0.0,0.0,0.0,0.0,0.0,0.0,0.0,0.0,0.0,0.0,0.0,0.0,0.0,Z,19
0.0,0.0,0.340909,0.016949,0.681818,0.084746,0.886364,0.016949,0.954545,0.067797,0.693182,1.0,0.954545,0.813559,1.238636,0.694915,1.534091,0.610169,0.375,1.186441,0.5,0.186441,0.443182,-0.271186,0.397727,-0.254237,0.022727,1.118644,0.125,0.067797,0.090909,-0.169492,0.079545,0.016949,-0.306818,0.949153,-0.227273,0.186441,-0.193182,-0.101695,-0.181818,-0.050847,0,0,0.0,0.0,0.0,0.0,0.0,0.0,0.0,0.0,0.0,0.0,0.0,0.0,0.0,0.0,0.0,0.0,0.0,0.0,0.0,0.0,0.0,0.0,0.0,0.0,0.0,0.0,0.0,0.0,0.0,0.0,0.0,0.0,0.0,0.0,0.0,0.0,0.0,0.0,0.0,0.0,0.0,0.0,Z,19
0.0,0.0,0.348315,0.016667,0.696629,0.066667,0.898876,0.066667,1.011236,0.15,0.707865,1.0,0.955056,0.833333,1.235955,0.7,1.516854,0.6,0.382022,1.2,0.494382,0.233333,0.449438,-0.216667,0.404494,-0.266667,0.044944,1.133333,0.123596,0.116667,0.089888,-0.133333,0.05618,0.0,-0.292135,0.966667,-0.213483,0.233333,-0.168539,-0.05,-0.179775,-0.016667,0,0,0.0,0.0,0.0,0.0,0.0,0.0,0.0,0.0,0.0,0.0,0.0,0.0,0.0,0.0,0.0,0.0,0.0,0.0,0.0,0.0,0.0,0.0,0.0,0.0,0.0,0.0,0.0,0.0,0.0,0.0,0.0,0.0,0.0,0.0,0.0,0.0,0.0,0.0,0.0,0.0,0.0,0.0,Z,19
0.0,0.0,0.358696,0.053333,0.684783,0.213333,0.869565,0.36,1.01087,0.52,0.554348,1.0,0.608696,0.826667,0.728261,0.693333,0.880435,0.64,0.206522,1.12,0.25,0.346667,0.23913,-0.013333,0.26087,-0.013333,-0.130435,1.04,-0.086957,0.226667,-0.054348,-0.026667,-0.01087,0.08,-0.445652,0.853333,-0.402174,0.293333,-0.315217,0.066667,-0.26087,0.093333,0,0,0.0,0.0,0.0,0.0,0.0,0.0,0.0,0.0,0.0,0.0,0.0,0.0,0.0,0.0,0.0,0.0,0.0,0.0,0.0,0.0,0.0,0.0,0.0,0.0,0.0,0.0,0.0,0.0,0.0,0.0,0.0,0.0,0.0,0.0,0.0,0.0,0.0,0.0,0.0,0.0,0.0,0.0,Z,19
0.0,0.0,0.362637,0.053333,0.692308,0.253333,0.901099,0.373333,1.087912,0.506667,0.538462,1.0,0.626374,0.84,0.714286,0.653333,0.824176,0.573333,0.197802,1.106667,0.230769,0.306667,0.263736,-0.04,0.274725,-0.013333,-0.153846,0.986667,-0.10989,0.16,-0.054945,-0.093333,-0.032967,0.0,-0.461538,0.813333,-0.428571,0.2,-0.351648,-0.026667,-0.32967,0.04,0,0,0.0,0.0,0.0,0.0,0.0,0.0,0.0,0.0,0.0,0.0,0.0,0.0,0.0,0.0,0.0,0.0,0.0,0.0,0.0,0.0,0.0,0.0,0.0,0.0,0.0,0.0,0.0,0.0,0.0,0.0,0.0,0.0,0.0,0.0,0.0,0.0,0.0,0.0,0.0,0.0,0.0,0.0,Z,19
0.0,0.0,0.29703,0.022727,0.584158,0.136364,0.643564,0.306818,0.445545,0.488636,0.475248,1.0,0.425743,0.818182,0.405941,0.477273,0.39604,0.329545,0.108911,1.079545,-0.019802,0.443182,0.049505,0.045455,0.118812,0.090909,-0.227723,1.0,-0.326733,0.295455,-0.19802,-0.011364,-0.089109,0.056818,-0.524752,0.840909,-0.574257,0.340909,-0.445545,0.090909,-0.346535,0.113636,0,0,0.0,0.0,0.0,0.0,0.0,0.0,0.0,0.0,0.0,0.0,0.0,0.0,0.0,0.0,0.0,0.0,0.0,0.0,0.0,0.0,0.0,0.0,0.0,0.0,0.0,0.0,0.0,0.0,0.0,0.0,0.0,0.0,0.0,0.0,0.0,0.0,0.0,0.0,0.0,0.0,0.0,0.0,Z,19
0.0,0.0,0.313131,-0.025,0.646465,0.075,0.727273,0.2875,0.545455,0.5125,0.535354,1.0,0.535354,0.85,0.525253,0.55,0.515152,0.3875,0.171717,1.15,0.020202,0.4,0.090909,0.0375,0.161616,0.1,-0.161616,1.075,-0.30303,0.275,-0.181818,0.0125,-0.060606,0.0875,-0.464646,0.925,-0.575758,0.35,-0.454545,0.1125,-0.343434,0.15,0,0,0.0,0.0,0.0,0.0,0.0,0.0,0.0,0.0,0.0,0.0,0.0,0.0,0.0,0.0,0.0,0.0,0.0,0.0,0.0,0.0,0.0,0.0,0.0,0.0,0.0,0.0,0.0,0.0,0.0,0.0,0.0,0.0,0.0,0.0,0.0,0.0,0.0,0.0,0.0,0.0,0.0,0.0,Z,19
0.0,0.0,0.323529,0.052083,0.607843,0.1875,0.441176,0.34375,0.137255,0.458333,0.382353,1.0,0.284314,0.708333,0.245098,0.395833,0.235294,0.34375,-0.009804,1.041667,-0.147059,0.46875,-0.019608,0.166667,0.078431,0.229167,-0.352941,0.947917,-0.441176,0.3125,-0.27451,0.09375,-0.147059,0.1875,-0.617647,0.78125,-0.647059,0.34375,-0.5,0.135417,-0.392157,0.1875,0,0,0.0,0.0,0.0,0.0,0.0,0.0,0.0,0.0,0.0,0.0,0.0,0.0,0.0,0.0,0.0,0.0,0.0,0.0,0.0,0.0,0.0,0.0,0.0,0.0,0.0,0.0,0.0,0.0,0.0,0.0,0.0,0.0,0.0,0.0,0.0,0.0,0.0,0.0,0.0,0.0,0.0,0.0,Z,19
0.0,0.0,0.329897,0.021053,0.649485,0.157895,0.463918,0.336842,0.14433,0.473684,0.412371,1.0,0.257732,0.684211,0.268041,0.357895,0.298969,0.347368,0.020619,1.084211,-0.237113,0.431579,-0.103093,0.126316,0.010309,0.221053,-0.298969,1.0,-0.546392,0.357895,-0.371134,0.126316,-0.247423,0.221053,-0.587629,0.842105,-0.731959,0.378947,-0.57732,0.178947,-0.453608,0.242105,0,0,0.0,0.0,0.0,0.0,0.0,0.0,0.0,0.0,0.0,0.0,0.0,0.0,0.0,0.0,0.0,0.0,0.0,0.0,0.0,0.0,0.0,0.0,0.0,0.0,0.0,0.0,0.0,0.0,0.0,0.0,0.0,0.0,0.0,0.0,0.0,0.0,0.0,0.0,0.0,0.0,0.0,0.0,Z,19
0.0,0.0,0.336842,0.098039,0.631579,0.313725,0.326316,0.45098,-0.063158,0.5,0.284211,1.0,0.147368,0.666667,0.168421,0.352941,0.168421,0.372549,-0.126316,1.04902,-0.315789,0.5,-0.157895,0.196078,-0.063158,0.303922,-0.452632,0.960784,-0.610526,0.392157,-0.421053,0.156863,-0.326316,0.264706,-0.715789,0.813725,-0.810526,0.392157,-0.642105,0.176471,-0.536842,0.245098,0,0,0.0,0.0,0.0,0.0,0.0,0.0,0.0,0.0,0.0,0.0,0.0,0.0,0.0,0.0,0.0,0.0,0.0,0.0,0.0,0.0,0.0,0.0,0.0,0.0,0.0,0.0,0.0,0.0,0.0,0.0,0.0,0.0,0.0,0.0,0.0,0.0,0.0,0.0,0.0,0.0,0.0,0.0,Z,19
0.0,0.0,0.347368,0.05,0.673684,0.29,0.4,0.46,0.0,0.54,0.336842,1.0,0.147368,0.64,0.189474,0.34,0.221053,0.38,-0.063158,1.07,-0.315789,0.51,-0.157895,0.21,-0.052632,0.31,-0.389474,0.98,-0.621053,0.42,-0.431579,0.18,-0.336842,0.29,-0.663158,0.83,-0.810526,0.39,-0.631579,0.19,-0.515789,0.28,0,0,0.0,0.0,0.0,0.0,0.0,0.0,0.0,0.0,0.0,0.0,0.0,0.0,0.0,0.0,0.0,0.0,0.0,0.0,0.0,0.0,0.0,0.0,0.0,0.0,0.0,0.0,0.0,0.0,0.0,0.0,0.0,0.0,0.0,0.0,0.0,0.0,0.0,0.0,0.0,0.0,0.0,0.0,Z,19
0.0,0.0,0.344086,0.123711,0.580645,0.381443,0.204301,0.474227,-0.215054,0.453608,0.139785,1.0,-0.021505,0.628866,0.032258,0.329897,0.043011,0.350515,-0.27957,1.030928,-0.473118,0.453608,-0.268817,0.195876,-0.16129,0.28866,-0.602151,0.927835,-0.741935,0.340206,-0.526882,0.134021,-0.419355,0.257732,-0.860215,0.762887,-0.946237,0.329897,-0.752688,0.14433,-0.645161,0.216495,0,0,0.0,0.0,0.0,0.0,0.0,0.0,0.0,0.0,0.0,0.0,0.0,0.0,0.0,0.0,0.0,0.0,0.0,0.0,0.0,0.0,0.0,0.0,0.0,0.0,0.0,0.0,0.0,0.0,0.0,0.0,0.0,0.0,0.0,0.0,0.0,0.0,0.0,0.0,0.0,0.0,0.0,0.0,Z,19
0.0,0.0,0.362637,0.094737,0.637363,0.357895,0.296703,0.473684,-0.142857,0.494737,0.252747,1.0,0.021978,0.684211,0.054945,0.410526,0.065934,0.410526,-0.164835,1.063158,-0.417582,0.463158,-0.208791,0.178947,-0.076923,0.273684,-0.472527,0.978947,-0.725275,0.4,-0.505495,0.168421,-0.395604,0.273684,-0.747253,0.821053,-0.901099,0.357895,-0.692308,0.178947,-0.571429,0.263158,0,0,0.0,0.0,0.0,0.0,0.0,0.0,0.0,0.0,0.0,0.0,0.0,0.0,0.0,0.0,0.0,0.0,0.0,0.0,0.0,0.0,0.0,0.0,0.0,0.0,0.0,0.0,0.0,0.0,0.0,0.0,0.0,0.0,0.0,0.0,0.0,0.0,0.0,0.0,0.0,0.0,0.0,0.0,Z,19
0.0,0.0,0.344444,0.125,0.533333,0.40625,0.1,0.489583,-0.355556,0.4375,0.066667,1.0,-0.166667,0.645833,-0.088889,0.364583,-0.044444,0.385417,-0.355556,1.03125,-0.588889,0.4375,-0.333333,0.1875,-0.188889,0.291667,-0.677778,0.9375,-0.866667,0.322917,-0.6,0.125,-0.455556,0.25,-0.933333,0.760417,-1.044444,0.302083,-0.822222,0.135417,-0.7,0.21875,0,0,0.0,0.0,0.0,0.0,0.0,0.0,0.0,0.0,0.0,0.0,0.0,0.0,0.0,0.0,0.0,0.0,0.0,0.0,0.0,0.0,0.0,0.0,0.0,0.0,0.0,0.0,0.0,0.0,0.0,0.0,0.0,0.0,0.0,0.0,0.0,0.0,0.0,0.0,0.0,0.0,0.0,0.0,Z,19
0.0,0.0,0.333333,0.123711,0.569892,0.42268,0.215054,0.536082,-0.236559,0.505155,0.16129,1.0,-0.010753,0.804124,-0.021505,0.525773,-0.107527,0.484536,-0.258065,1.051546,-0.494624,0.474227,-0.225806,0.185567,-0.11828,0.319588,-0.569892,0.969072,-0.795699,0.391753,-0.516129,0.164948,-0.408602,0.298969,-0.83871,0.804124,-0.956989,0.340206,-0.72043,0.175258,-0.602151,0.278351,0,0,0.0,0.0,0.0,0.0,0.0,0.0,0.0,0.0,0.0,0.0,0.0,0.0,0.0,0.0,0.0,0.0,0.0,0.0,0.0,0.0,0.0,0.0,0.0,0.0,0.0,0.0,0.0,0.0,0.0,0.0,0.0,0.0,0.0,0.0,0.0,0.0,0.0,0.0,0.0,0.0,0.0,0.0,Z,19
0.0,0.0,0.351648,0.130435,0.549451,0.445652,0.142857,0.532609,-0.296703,0.467391,0.098901,1.0,-0.120879,0.663043,-0.10989,0.391304,-0.164835,0.423913,-0.32967,1.043478,-0.571429,0.391304,-0.296703,0.141304,-0.153846,0.282609,-0.659341,0.956522,-0.868132,0.315217,-0.582418,0.097826,-0.450549,0.23913,-0.901099,0.771739,-1.021978,0.271739,-0.78022,0.108696,-0.659341,0.217391,0,0,0.0,0.0,0.0,0.0,0.0,0.0,0.0,0.0,0.0,0.0,0.0,0.0,0.0,0.0,0.0,0.0,0.0,0.0,0.0,0.0,0.0,0.0,0.0,0.0,0.0,0.0,0.0,0.0,0.0,0.0,0.0,0.0,0.0,0.0,0.0,0.0,0.0,0.0,0.0,0.0,0.0,0.0,Z,19
0.0,0.0,0.356322,0.122449,0.551724,0.408163,0.137931,0.479592,-0.333333,0.44898,0.045977,1.0,-0.137931,0.673469,-0.08046,0.428571,-0.103448,0.418367,-0.390805,1.020408,-0.597701,0.44898,-0.321839,0.193878,-0.206897,0.295918,-0.712644,0.918367,-0.896552,0.336735,-0.609195,0.132653,-0.494253,0.265306,-0.954023,0.72449,-1.08046,0.295918,-0.827586,0.142857,-0.712644,0.22449,0,0,0.0,0.0,0.0,0.0,0.0,0.0,0.0,0.0,0.0,0.0,0.0,0.0,0.0,0.0,0.0,0.0,0.0,0.0,0.0,0.0,0.0,0.0,0.0,0.0,0.0,0.0,0.0,0.0,0.0,0.0,0.0,0.0,0.0,0.0,0.0,0.0,0.0,0.0,0.0,0.0,0.0,0.0,Z,19
0.0,0.0,0.351648,0.107527,0.56044,0.387097,0.175824,0.473118,-0.274725,0.462366,0.098901,1.0,-0.010989,0.763441,-0.021978,0.494624,-0.087912,0.44086,-0.32967,1.043011,-0.505495,0.408602,-0.241758,0.150538,-0.10989,0.268817,-0.659341,0.935484,-0.802198,0.311828,-0.527473,0.11828,-0.406593,0.247312,-0.901099,0.752688,-1.010989,0.290323,-0.78022,0.129032,-0.67033,0.204301,0,0,0.0,0.0,0.0,0.0,0.0,0.0,0.0,0.0,0.0,0.0,0.0,0.0,0.0,0.0,0.0,0.0,0.0,0.0,0.0,0.0,0.0,0.0,0.0,0.0,0.0,0.0,0.0,0.0,0.0,0.0,0.0,0.0,0.0,0.0,0.0,0.0,0.0,0.0,0.0,0.0,0.0,0.0,Z,19
0.0,0.0,0.351648,0.111111,0.538462,0.4,0.153846,0.511111,-0.296703,0.488889,0.098901,1.0,-0.032967,0.777778,-0.043956,0.511111,-0.120879,0.455556,-0.32967,1.044444,-0.538462,0.411111,-0.263736,0.133333,-0.120879,0.255556,-0.659341,0.955556,-0.835165,0.311111,-0.549451,0.1,-0.417582,0.244444,-0.901099,0.777778,-1.032967,0.288889,-0.791209,0.122222,-0.659341,0.211111,0,0,0.0,0.0,0.0,0.0,0.0,0.0,0.0,0.0,0.0,0.0,0.0,0.0,0.0,0.0,0.0,0.0,0.0,0.0,0.0,0.0,0.0,0.0,0.0,0.0,0.0,0.0,0.0,0.0,0.0,0.0,0.0,0.0,0.0,0.0,0.0,0.0,0.0,0.0,0.0,0.0,0.0,0.0,Z,19
0.0,0.0,0.351648,0.10989,0.56044,0.417582,0.175824,0.516484,-0.274725,0.505495,0.10989,1.0,-0.032967,0.78022,-0.021978,0.516484,-0.076923,0.461538,-0.318681,1.043956,-0.505495,0.428571,-0.241758,0.153846,-0.120879,0.263736,-0.637363,0.945055,-0.813187,0.340659,-0.538462,0.120879,-0.417582,0.263736,-0.89011,0.769231,-1.021978,0.318681,-0.78022,0.142857,-0.659341,0.230769,0,0,0.0,0.0,0.0,0.0,0.0,0.0,0.0,0.0,0.0,0.0,0.0,0.0,0.0,0.0,0.0,0.0,0.0,0.0,0.0,0.0,0.0,0.0,0.0,0.0,0.0,0.0,0.0,0.0,0.0,0.0,0.0,0.0,0.0,0.0,0.0,0.0,0.0,0.0,0.0,0.0,0.0,0.0,Z,19
0.0,0.0,0.377778,0.104167,0.555556,0.354167,0.122222,0.385417,-0.344444,0.333333,0.1,1.0,-0.166667,0.625,-0.088889,0.364583,-0.077778,0.395833,-0.333333,1.03125,-0.577778,0.4375,-0.311111,0.1875,-0.177778,0.302083,-0.655556,0.927083,-0.866667,0.333333,-0.588889,0.135417,-0.466667,0.260417,-0.9,0.739583,-1.011111,0.28125,-0.777778,0.135417,-0.655556,0.21875,0,0,0.0,0.0,0.0,0.0,0.0,0.0,0.0,0.0,0.0,0.0,0.0,0.0,0.0,0.0,0.0,0.0,0.0,0.0,0.0,0.0,0.0,0.0,0.0,0.0,0.0,0.0,0.0,0.0,0.0,0.0,0.0,0.0,0.0,0.0,0.0,0.0,0.0,0.0,0.0,0.0,0.0,0.0,Z,19
0.0,0.0,0.333333,0.11236,0.548387,0.359551,0.193548,0.404494,-0.225806,0.337079,0.139785,1.0,0.0,0.808989,-0.064516,0.483146,-0.182796,0.348315,-0.290323,1.05618,-0.526882,0.438202,-0.27957,0.179775,-0.139785,0.235955,-0.612903,0.94382,-0.795699,0.303371,-0.516129,0.101124,-0.376344,0.213483,-0.860215,0.752809,-0.967742,0.258427,-0.72043,0.101124,-0.580645,0.179775,0,0,0.0,0.0,0.0,0.0,0.0,0.0,0.0,0.0,0.0,0.0,0.0,0.0,0.0,0.0,0.0,0.0,0.0,0.0,0.0,0.0,0.0,0.0,0.0,0.0,0.0,0.0,0.0,0.0,0.0,0.0,0.0,0.0,0.0,0.0,0.0,0.0,0.0,0.0,0.0,0.0,0.0,0.0,Z,19
0.0,0.0,0.382022,0.106383,0.561798,0.361702,0.134831,0.37234,-0.325843,0.297872,0.11236,1.0,-0.123596,0.62766,-0.067416,0.382979,-0.067416,0.404255,-0.314607,1.021277,-0.550562,0.414894,-0.280899,0.180851,-0.134831,0.297872,-0.651685,0.925532,-0.831461,0.319149,-0.539326,0.117021,-0.404494,0.255319,-0.88764,0.734043,-1.011236,0.297872,-0.797753,0.12766,-0.685393,0.191489,0,0,0.0,0.0,0.0,0.0,0.0,0.0,0.0,0.0,0.0,0.0,0.0,0.0,0.0,0.0,0.0,0.0,0.0,0.0,0.0,0.0,0.0,0.0,0.0,0.0,0.0,0.0,0.0,0.0,0.0,0.0,0.0,0.0,0.0,0.0,0.0,0.0,0.0,0.0,0.0,0.0,0.0,0.0,Z,19
0.0,0.0,0.347826,0.126316,0.543478,0.378947,0.163043,0.431579,-0.271739,0.378947,0.141304,1.0,-0.01087,0.715789,-0.054348,0.442105,-0.163043,0.389474,-0.293478,1.042105,-0.5,0.452632,-0.25,0.221053,-0.119565,0.315789,-0.619565,0.947368,-0.771739,0.326316,-0.478261,0.147368,-0.347826,0.284211,-0.858696,0.768421,-0.978261,0.294737,-0.73913,0.136842,-0.630435,0.221053,0,0,0.0,0.0,0.0,0.0,0.0,0.0,0.0,0.0,0.0,0.0,0.0,0.0,0.0,0.0,0.0,0.0,0.0,0.0,0.0,0.0,0.0,0.0,0.0,0.0,0.0,0.0,0.0,0.0,0.0,0.0,0.0,0.0,0.0,0.0,0.0,0.0,0.0,0.0,0.0,0.0,0.0,0.0,Z,19
0.0,0.0,0.388235,0.112245,0.576471,0.357143,0.129412,0.397959,-0.364706,0.346939,0.082353,1.0,-0.164706,0.612245,-0.105882,0.367347,-0.105882,0.377551,-0.352941,1.020408,-0.588235,0.418367,-0.294118,0.183673,-0.141176,0.285714,-0.682353,0.908163,-0.858824,0.306122,-0.552941,0.132653,-0.4,0.255102,-0.917647,0.72449,-1.047059,0.285714,-0.788235,0.142857,-0.658824,0.204082,0,0,0.0,0.0,0.0,0.0,0.0,0.0,0.0,0.0,0.0,0.0,0.0,0.0,0.0,0.0,0.0,0.0,0.0,0.0,0.0,0.0,0.0,0.0,0.0,0.0,0.0,0.0,0.0,0.0,0.0,0.0,0.0,0.0,0.0,0.0,0.0,0.0,0.0,0.0,0.0,0.0,0.0,0.0,Z,19
0.0,0.0,0.344444,0.105263,0.522222,0.368421,0.122222,0.410526,-0.311111,0.357895,0.1,1.0,-0.055556,0.684211,-0.077778,0.4,-0.166667,0.347368,-0.333333,1.042105,-0.555556,0.421053,-0.288889,0.178947,-0.144444,0.273684,-0.666667,0.936842,-0.833333,0.305263,-0.544444,0.115789,-0.411111,0.242105,-0.9,0.757895,-1.011111,0.273684,-0.766667,0.126316,-0.644444,0.189474,0,0,0.0,0.0,0.0,0.0,0.0,0.0,0.0,0.0,0.0,0.0,0.0,0.0,0.0,0.0,0.0,0.0,0.0,0.0,0.0,0.0,0.0,0.0,0.0,0.0,0.0,0.0,0.0,0.0,0.0,0.0,0.0,0.0,0.0,0.0,0.0,0.0,0.0,0.0,0.0,0.0,0.0,0.0,Z,19
0.0,0.0,0.370787,0.111111,0.561798,0.363636,0.123596,0.40404,-0.370787,0.343434,0.101124,1.0,-0.123596,0.636364,-0.078652,0.40404,-0.089888,0.40404,-0.337079,1.020202,-0.561798,0.424242,-0.292135,0.20202,-0.157303,0.30303,-0.651685,0.919192,-0.842697,0.333333,-0.561798,0.151515,-0.438202,0.282828,-0.898876,0.737374,-1.022472,0.30303,-0.797753,0.161616,-0.685393,0.232323,0,0,0.0,0.0,0.0,0.0,0.0,0.0,0.0,0.0,0.0,0.0,0.0,0.0,0.0,0.0,0.0,0.0,0.0,0.0,0.0,0.0,0.0,0.0,0.0,0.0,0.0,0.0,0.0,0.0,0.0,0.0,0.0,0.0,0.0,0.0,0.0,0.0,0.0,0.0,0.0,0.0,0.0,0.0,Z,19
0.0,0.0,0.336957,0.117021,0.532609,0.382979,0.163043,0.43617,-0.271739,0.37234,0.119565,1.0,0.0,0.765957,-0.043478,0.468085,-0.163043,0.382979,-0.315217,1.031915,-0.521739,0.468085,-0.271739,0.223404,-0.152174,0.308511,-0.641304,0.93617,-0.793478,0.329787,-0.521739,0.148936,-0.391304,0.276596,-0.880435,0.765957,-1.0,0.297872,-0.782609,0.148936,-0.673913,0.223404,0,0,0.0,0.0,0.0,0.0,0.0,0.0,0.0,0.0,0.0,0.0,0.0,0.0,0.0,0.0,0.0,0.0,0.0,0.0,0.0,0.0,0.0,0.0,0.0,0.0,0.0,0.0,0.0,0.0,0.0,0.0,0.0,0.0,0.0,0.0,0.0,0.0,0.0,0.0,0.0,0.0,0.0,0.0,Z,19
0.0,0.0,0.370787,0.13,0.539326,0.38,0.089888,0.41,-0.382022,0.36,0.089888,1.0,-0.134831,0.68,-0.089888,0.44,-0.089888,0.43,-0.348315,1.02,-0.573034,0.45,-0.303371,0.22,-0.146067,0.3,-0.662921,0.91,-0.853933,0.34,-0.561798,0.15,-0.41573,0.27,-0.910112,0.73,-1.022472,0.3,-0.764045,0.15,-0.640449,0.23,0,0,0.0,0.0,0.0,0.0,0.0,0.0,0.0,0.0,0.0,0.0,0.0,0.0,0.0,0.0,0.0,0.0,0.0,0.0,0.0,0.0,0.0,0.0,0.0,0.0,0.0,0.0,0.0,0.0,0.0,0.0,0.0,0.0,0.0,0.0,0.0,0.0,0.0,0.0,0.0,0.0,0.0,0.0,Z,19
0.0,0.0,0.351648,0.134021,0.527473,0.381443,0.10989,0.42268,-0.351648,0.371134,0.098901,1.0,-0.054945,0.762887,-0.098901,0.474227,-0.208791,0.381443,-0.340659,1.030928,-0.56044,0.463918,-0.296703,0.226804,-0.142857,0.298969,-0.659341,0.927835,-0.824176,0.329897,-0.538462,0.154639,-0.395604,0.257732,-0.901099,0.752577,-1.0,0.28866,-0.747253,0.14433,-0.604396,0.216495,0,0,0.0,0.0,0.0,0.0,0.0,0.0,0.0,0.0,0.0,0.0,0.0,0.0,0.0,0.0,0.0,0.0,0.0,0.0,0.0,0.0,0.0,0.0,0.0,0.0,0.0,0.0,0.0,0.0,0.0,0.0,0.0,0.0,0.0,0.0,0.0,0.0,0.0,0.0,0.0,0.0,0.0,0.0,Z,19
0.0,0.0,0.355556,0.085106,0.555556,0.351064,0.155556,0.414894,-0.322222,0.393617,0.1,1.0,-0.144444,0.659574,-0.077778,0.404255,-0.055556,0.393617,-0.333333,1.031915,-0.577778,0.414894,-0.3,0.170213,-0.144444,0.265957,-0.655556,0.925532,-0.855556,0.297872,-0.555556,0.095745,-0.4,0.212766,-0.9,0.723404,-1.022222,0.276596,-0.766667,0.117021,-0.622222,0.180851,0,0,0.0,0.0,0.0,0.0,0.0,0.0,0.0,0.0,0.0,0.0,0.0,0.0,0.0,0.0,0.0,0.0,0.0,0.0,0.0,0.0,0.0,0.0,0.0,0.0,0.0,0.0,0.0,0.0,0.0,0.0,0.0,0.0,0.0,0.0,0.0,0.0,0.0,0.0,0.0,0.0,0.0,0.0,Z,19
0.0,0.0,0.351648,0.117647,0.549451,0.411765,0.186813,0.482353,-0.241758,0.423529,0.120879,1.0,-0.032967,0.788235,-0.032967,0.482353,-0.087912,0.388235,-0.307692,1.070588,-0.549451,0.423529,-0.274725,0.164706,-0.131868,0.247059,-0.637363,0.976471,-0.824176,0.305882,-0.538462,0.094118,-0.384615,0.211765,-0.879121,0.788235,-1.010989,0.270588,-0.747253,0.105882,-0.593407,0.176471,0,0,0.0,0.0,0.0,0.0,0.0,0.0,0.0,0.0,0.0,0.0,0.0,0.0,0.0,0.0,0.0,0.0,0.0,0.0,0.0,0.0,0.0,0.0,0.0,0.0,0.0,0.0,0.0,0.0,0.0,0.0,0.0,0.0,0.0,0.0,0.0,0.0,0.0,0.0,0.0,0.0,0.0,0.0,Z,19
0.0,0.0,0.340659,0.127907,0.538462,0.406977,0.175824,0.465116,-0.263736,0.418605,0.120879,1.0,-0.010989,0.837209,-0.043956,0.523256,-0.131868,0.383721,-0.307692,1.05814,-0.527473,0.430233,-0.263736,0.174419,-0.120879,0.232558,-0.637363,0.965116,-0.802198,0.302326,-0.516484,0.093023,-0.362637,0.209302,-0.879121,0.77907,-0.989011,0.27907,-0.736264,0.104651,-0.571429,0.174419,0,0,0.0,0.0,0.0,0.0,0.0,0.0,0.0,0.0,0.0,0.0,0.0,0.0,0.0,0.0,0.0,0.0,0.0,0.0,0.0,0.0,0.0,0.0,0.0,0.0,0.0,0.0,0.0,0.0,0.0,0.0,0.0,0.0,0.0,0.0,0.0,0.0,0.0,0.0,0.0,0.0,0.0,0.0,Z,19
0.0,0.0,0.362637,0.104167,0.56044,0.354167,0.164835,0.40625,-0.296703,0.375,0.120879,1.0,-0.098901,0.645833,-0.076923,0.416667,-0.098901,0.40625,-0.318681,1.03125,-0.538462,0.427083,-0.285714,0.208333,-0.142857,0.291667,-0.648352,0.927083,-0.824176,0.3125,-0.549451,0.125,-0.417582,0.239583,-0.879121,0.729167,-0.989011,0.260417,-0.736264,0.114583,-0.604396,0.197917,0,0,0.0,0.0,0.0,0.0,0.0,0.0,0.0,0.0,0.0,0.0,0.0,0.0,0.0,0.0,0.0,0.0,0.0,0.0,0.0,0.0,0.0,0.0,0.0,0.0,0.0,0.0,0.0,0.0,0.0,0.0,0.0,0.0,0.0,0.0,0.0,0.0,0.0,0.0,0.0,0.0,0.0,0.0,Z,19
0.0,0.0,0.351064,0.11828,0.510638,0.376344,0.12766,0.44086,-0.308511,0.397849,0.106383,1.0,-0.031915,0.677419,-0.053191,0.419355,-0.159574,0.387097,-0.340426,1.032258,-0.542553,0.430108,-0.276596,0.215054,-0.148936,0.311828,-0.659574,0.924731,-0.808511,0.301075,-0.542553,0.129032,-0.414894,0.258065,-0.893617,0.741935,-0.978723,0.236559,-0.744681,0.096774,-0.617021,0.204301,0,0,0.0,0.0,0.0,0.0,0.0,0.0,0.0,0.0,0.0,0.0,0.0,0.0,0.0,0.0,0.0,0.0,0.0,0.0,0.0,0.0,0.0,0.0,0.0,0.0,0.0,0.0,0.0,0.0,0.0,0.0,0.0,0.0,0.0,0.0,0.0,0.0,0.0,0.0,0.0,0.0,0.0,0.0,Z,19
0.0,0.0,0.370787,0.122449,0.561798,0.377551,0.134831,0.428571,-0.359551,0.387755,0.11236,1.0,-0.101124,0.693878,-0.067416,0.428571,-0.089888,0.387755,-0.337079,1.030612,-0.561798,0.44898,-0.303371,0.204082,-0.157303,0.285714,-0.651685,0.918367,-0.853933,0.336735,-0.573034,0.142857,-0.438202,0.255102,-0.88764,0.72449,-1.022472,0.295918,-0.775281,0.153061,-0.640449,0.22449,0,0,0.0,0.0,0.0,0.0,0.0,0.0,0.0,0.0,0.0,0.0,0.0,0.0,0.0,0.0,0.0,0.0,0.0,0.0,0.0,0.0,0.0,0.0,0.0,0.0,0.0,0.0,0.0,0.0,0.0,0.0,0.0,0.0,0.0,0.0,0.0,0.0,0.0,0.0,0.0,0.0,0.0,0.0,Z,19
0.0,0.0,0.366667,0.125,0.533333,0.375,0.1,0.40625,-0.377778,0.34375,0.077778,1.0,-0.088889,0.6875,-0.055556,0.385417,-0.111111,0.34375,-0.366667,1.010417,-0.566667,0.416667,-0.277778,0.197917,-0.122222,0.291667,-0.7,0.90625,-0.844444,0.291667,-0.544444,0.114583,-0.411111,0.25,-0.922222,0.71875,-1.022222,0.25,-0.766667,0.104167,-0.633333,0.197917,0,0,0.0,0.0,0.0,0.0,0.0,0.0,0.0,0.0,0.0,0.0,0.0,0.0,0.0,0.0,0.0,0.0,0.0,0.0,0.0,0.0,0.0,0.0,0.0,0.0,0.0,0.0,0.0,0.0,0.0,0.0,0.0,0.0,0.0,0.0,0.0,0.0,0.0,0.0,0.0,0.0,0.0,0.0,Z,19
0.0,0.0,0.362637,0.121212,0.571429,0.373737,0.175824,0.424242,-0.285714,0.383838,0.131868,1.0,-0.076923,0.686869,-0.065934,0.434343,-0.120879,0.40404,-0.307692,1.030303,-0.538462,0.454545,-0.285714,0.212121,-0.142857,0.282828,-0.637363,0.929293,-0.824176,0.353535,-0.56044,0.151515,-0.43956,0.252525,-0.868132,0.737374,-1.0,0.30303,-0.758242,0.151515,-0.626374,0.232323,0,0,0.0,0.0,0.0,0.0,0.0,0.0,0.0,0.0,0.0,0.0,0.0,0.0,0.0,0.0,0.0,0.0,0.0,0.0,0.0,0.0,0.0,0.0,0.0,0.0,0.0,0.0,0.0,0.0,0.0,0.0,0.0,0.0,0.0,0.0,0.0,0.0,0.0,0.0,0.0,0.0,0.0,0.0,Z,19
0.0,0.0,0.365591,0.117021,0.548387,0.37234,0.129032,0.404255,-0.311828,0.340426,0.107527,1.0,-0.053763,0.691489,-0.032258,0.404255,-0.096774,0.37234,-0.333333,1.031915,-0.537634,0.425532,-0.258065,0.191489,-0.139785,0.287234,-0.655914,0.925532,-0.817204,0.308511,-0.548387,0.117021,-0.44086,0.244681,-0.892473,0.734043,-0.978495,0.244681,-0.741935,0.095745,-0.623656,0.191489,0,0,0.0,0.0,0.0,0.0,0.0,0.0,0.0,0.0,0.0,0.0,0.0,0.0,0.0,0.0,0.0,0.0,0.0,0.0,0.0,0.0,0.0,0.0,0.0,0.0,0.0,0.0,0.0,0.0,0.0,0.0,0.0,0.0,0.0,0.0,0.0,0.0,0.0,0.0,0.0,0.0,0.0,0.0,Z,19
0.0,0.0,0.388889,0.106383,0.6,0.382979,0.177778,0.43617,-0.3,0.361702,0.122222,1.0,-0.122222,0.638298,-0.033333,0.37234,-0.011111,0.382979,-0.311111,1.031915,-0.544444,0.43617,-0.266667,0.202128,-0.122222,0.319149,-0.633333,0.925532,-0.833333,0.329787,-0.544444,0.12766,-0.422222,0.265957,-0.877778,0.744681,-0.988889,0.287234,-0.755556,0.138298,-0.633333,0.223404,0,0,0.0,0.0,0.0,0.0,0.0,0.0,0.0,0.0,0.0,0.0,0.0,0.0,0.0,0.0,0.0,0.0,0.0,0.0,0.0,0.0,0.0,0.0,0.0,0.0,0.0,0.0,0.0,0.0,0.0,0.0,0.0,0.0,0.0,0.0,0.0,0.0,0.0,0.0,0.0,0.0,0.0,0.0,Z,19
0.0,0.0,0.366667,0.120879,0.577778,0.395604,0.177778,0.428571,-0.277778,0.351648,0.1,1.0,-0.044444,0.703297,-0.011111,0.406593,-0.055556,0.384615,-0.333333,1.032967,-0.533333,0.43956,-0.255556,0.197802,-0.133333,0.318681,-0.655556,0.934066,-0.811111,0.318681,-0.533333,0.120879,-0.422222,0.263736,-0.9,0.747253,-1.0,0.263736,-0.755556,0.10989,-0.644444,0.208791,0,0,0.0,0.0,0.0,0.0,0.0,0.0,0.0,0.0,0.0,0.0,0.0,0.0,0.0,0.0,0.0,0.0,0.0,0.0,0.0,0.0,0.0,0.0,0.0,0.0,0.0,0.0,0.0,0.0,0.0,0.0,0.0,0.0,0.0,0.0,0.0,0.0,0.0,0.0,0.0,0.0,0.0,0.0,Z,19
0.0,0.0,0.373626,0.111111,0.571429,0.377778,0.175824,0.4,-0.274725,0.322222,0.10989,1.0,-0.021978,0.733333,0.010989,0.411111,-0.043956,0.355556,-0.32967,1.033333,-0.505495,0.411111,-0.230769,0.166667,-0.098901,0.277778,-0.648352,0.922222,-0.791209,0.277778,-0.494505,0.077778,-0.373626,0.233333,-0.89011,0.733333,-0.978022,0.222222,-0.725275,0.066667,-0.604396,0.177778,0,0,0.0,0.0,0.0,0.0,0.0,0.0,0.0,0.0,0.0,0.0,0.0,0.0,0.0,0.0,0.0,0.0,0.0,0.0,0.0,0.0,0.0,0.0,0.0,0.0,0.0,0.0,0.0,0.0,0.0,0.0,0.0,0.0,0.0,0.0,0.0,0.0,0.0,0.0,0.0,0.0,0.0,0.0,Z,19
0.0,0.0,0.366667,0.131313,0.566667,0.393939,0.177778,0.464646,-0.288889,0.424242,0.111111,1.0,-0.1,0.676768,-0.044444,0.424242,-0.033333,0.40404,-0.322222,1.030303,-0.544444,0.454545,-0.277778,0.212121,-0.122222,0.30303,-0.644444,0.919192,-0.833333,0.343434,-0.555556,0.151515,-0.411111,0.262626,-0.888889,0.737374,-1.011111,0.313131,-0.766667,0.161616,-0.633333,0.232323,0,0,0.0,0.0,0.0,0.0,0.0,0.0,0.0,0.0,0.0,0.0,0.0,0.0,0.0,0.0,0.0,0.0,0.0,0.0,0.0,0.0,0.0,0.0,0.0,0.0,0.0,0.0,0.0,0.0,0.0,0.0,0.0,0.0,0.0,0.0,0.0,0.0,0.0,0.0,0.0,0.0,0.0,0.0,Z,19
0.0,0.0,0.366667,0.101124,0.577778,0.370787,0.177778,0.41573,-0.277778,0.348315,0.111111,1.0,-0.022222,0.719101,0.011111,0.41573,-0.033333,0.348315,-0.333333,1.044944,-0.511111,0.393258,-0.222222,0.157303,-0.077778,0.258427,-0.655556,0.921348,-0.788889,0.258427,-0.5,0.078652,-0.355556,0.213483,-0.888889,0.730337,-0.977778,0.224719,-0.722222,0.05618,-0.588889,0.157303,0,0,0.0,0.0,0.0,0.0,0.0,0.0,0.0,0.0,0.0,0.0,0.0,0.0,0.0,0.0,0.0,0.0,0.0,0.0,0.0,0.0,0.0,0.0,0.0,0.0,0.0,0.0,0.0,0.0,0.0,0.0,0.0,0.0,0.0,0.0,0.0,0.0,0.0,0.0,0.0,0.0,0.0,0.0,Z,19
0.0,0.0,0.369565,0.095745,0.597826,0.361702,0.217391,0.425532,-0.23913,0.382979,0.152174,1.0,-0.065217,0.648936,-0.01087,0.382979,-0.021739,0.37234,-0.282609,1.031915,-0.51087,0.446809,-0.26087,0.202128,-0.130435,0.297872,-0.597826,0.925532,-0.793478,0.329787,-0.532609,0.12766,-0.402174,0.244681,-0.847826,0.734043,-0.967391,0.276596,-0.728261,0.12766,-0.597826,0.212766,0,0,0.0,0.0,0.0,0.0,0.0,0.0,0.0,0.0,0.0,0.0,0.0,0.0,0.0,0.0,0.0,0.0,0.0,0.0,0.0,0.0,0.0,0.0,0.0,0.0,0.0,0.0,0.0,0.0,0.0,0.0,0.0,0.0,0.0,0.0,0.0,0.0,0.0,0.0,0.0,0.0,0.0,0.0,Z,19
0.0,0.0,0.362637,0.089888,0.571429,0.382022,0.164835,0.426966,-0.296703,0.382022,0.10989,1.0,-0.021978,0.730337,0.0,0.41573,-0.065934,0.370787,-0.32967,1.044944,-0.527473,0.438202,-0.241758,0.191011,-0.10989,0.314607,-0.648352,0.94382,-0.824176,0.325843,-0.538462,0.123596,-0.417582,0.258427,-0.89011,0.764045,-0.989011,0.269663,-0.736264,0.11236,-0.615385,0.202247,0,0,0.0,0.0,0.0,0.0,0.0,0.0,0.0,0.0,0.0,0.0,0.0,0.0,0.0,0.0,0.0,0.0,0.0,0.0,0.0,0.0,0.0,0.0,0.0,0.0,0.0,0.0,0.0,0.0,0.0,0.0,0.0,0.0,0.0,0.0,0.0,0.0,0.0,0.0,0.0,0.0,0.0,0.0,Z,19
0.0,0.0,0.396552,0.057971,0.965517,0.376812,1.241379,0.710145,1.068966,0.956522,0.706897,1.0,0.931034,1.318841,1.155172,1.492754,1.396552,1.623188,0.396552,1.072464,0.758621,1.188406,0.689655,0.724638,0.551724,0.42029,0.068966,1.072464,0.396552,1.072464,0.344828,0.623188,0.206897,0.362319,-0.293103,1.0,0.034483,1.130435,0.068966,0.84058,-0.017241,0.637681,0,0,0.0,0.0,0.0,0.0,0.0,0.0,0.0,0.0,0.0,0.0,0.0,0.0,0.0,0.0,0.0,0.0,0.0,0.0,0.0,0.0,0.0,0.0,0.0,0.0,0.0,0.0,0.0,0.0,0.0,0.0,0.0,0.0,0.0,0.0,0.0,0.0,0.0,0.0,0.0,0.0,0.0,0.0,Z,20
0.0,0.0,0.472727,0.057971,1.054545,0.391304,1.345455,0.695652,1.218182,0.913043,0.8,1.0,1.054545,1.333333,1.272727,1.492754,1.509091,1.623188,0.490909,1.057971,0.872727,1.15942,0.781818,0.695652,0.636364,0.405797,0.163636,1.057971,0.509091,1.057971,0.4,0.637681,0.254545,0.391304,-0.2,1.014493,0.109091,1.144928,0.127273,0.869565,0.036364,0.681159,0,0,0.0,0.0,0.0,0.0,0.0,0.0,0.0,0.0,0.0,0.0,0.0,0.0,0.0,0.0,0.0,0.0,0.0,0.0,0.0,0.0,0.0,0.0,0.0,0.0,0.0,0.0,0.0,0.0,0.0,0.0,0.0,0.0,0.0,0.0,0.0,0.0,0.0,0.0,0.0,0.0,0.0,0.0,Z,20
0.0,0.0,0.464286,0.084507,1.017857,0.408451,1.285714,0.732394,1.107143,0.971831,0.767857,1.0,1.035714,1.323944,1.25,1.464789,1.5,1.591549,0.446429,1.070423,0.857143,1.15493,0.732143,0.704225,0.589286,0.408451,0.125,1.070423,0.464286,1.070423,0.339286,0.633803,0.214286,0.394366,-0.232143,1.014085,0.089286,1.15493,0.089286,0.873239,0.017857,0.690141,0,0,0.0,0.0,0.0,0.0,0.0,0.0,0.0,0.0,0.0,0.0,0.0,0.0,0.0,0.0,0.0,0.0,0.0,0.0,0.0,0.0,0.0,0.0,0.0,0.0,0.0,0.0,0.0,0.0,0.0,0.0,0.0,0.0,0.0,0.0,0.0,0.0,0.0,0.0,0.0,0.0,0.0,0.0,Z,20
0.0,0.0,0.473684,0.085714,1.035088,0.428571,1.280702,0.757143,1.105263,1.014286,0.789474,1.0,1.035088,1.342857,1.263158,1.5,1.473684,1.642857,0.473684,1.057143,0.842105,1.185714,0.719298,0.728571,0.578947,0.428571,0.140351,1.057143,0.473684,1.1,0.368421,0.657143,0.22807,0.4,-0.210526,1.028571,0.087719,1.185714,0.105263,0.9,0.017544,0.7,0,0,0.0,0.0,0.0,0.0,0.0,0.0,0.0,0.0,0.0,0.0,0.0,0.0,0.0,0.0,0.0,0.0,0.0,0.0,0.0,0.0,0.0,0.0,0.0,0.0,0.0,0.0,0.0,0.0,0.0,0.0,0.0,0.0,0.0,0.0,0.0,0.0,0.0,0.0,0.0,0.0,0.0,0.0,Z,20
0.0,0.0,0.45614,0.084507,1.0,0.394366,1.263158,0.690141,1.140351,0.929577,0.789474,1.0,1.035088,1.338028,1.245614,1.507042,1.473684,1.633803,0.473684,1.056338,0.842105,1.169014,0.719298,0.704225,0.578947,0.408451,0.140351,1.056338,0.45614,1.084507,0.333333,0.661972,0.210526,0.408451,-0.210526,1.028169,0.070175,1.169014,0.070175,0.887324,0.0,0.704225,0,0,0.0,0.0,0.0,0.0,0.0,0.0,0.0,0.0,0.0,0.0,0.0,0.0,0.0,0.0,0.0,0.0,0.0,0.0,0.0,0.0,0.0,0.0,0.0,0.0,0.0,0.0,0.0,0.0,0.0,0.0,0.0,0.0,0.0,0.0,0.0,0.0,0.0,0.0,0.0,0.0,0.0,0.0,Z,20
0.0,0.0,0.482759,0.084507,1.034483,0.408451,1.275862,0.732394,1.103448,0.971831,0.793103,1.0,1.017241,1.352113,1.224138,1.507042,1.465517,1.633803,0.465517,1.070423,0.844828,1.183099,0.706897,0.732394,0.551724,0.408451,0.137931,1.070423,0.465517,1.098592,0.327586,0.661972,0.189655,0.408451,-0.206897,1.042254,0.086207,1.183099,0.068966,0.887324,-0.017241,0.690141,0,0,0.0,0.0,0.0,0.0,0.0,0.0,0.0,0.0,0.0,0.0,0.0,0.0,0.0,0.0,0.0,0.0,0.0,0.0,0.0,0.0,0.0,0.0,0.0,0.0,0.0,0.0,0.0,0.0,0.0,0.0,0.0,0.0,0.0,0.0,0.0,0.0,0.0,0.0,0.0,0.0,0.0,0.0,Z,20
0.0,0.0,0.482759,0.084507,1.034483,0.422535,1.293103,0.746479,1.103448,0.985915,0.793103,1.0,1.034483,1.352113,1.224138,1.507042,1.448276,1.647887,0.482759,1.070423,0.844828,1.197183,0.706897,0.732394,0.568966,0.408451,0.155172,1.084507,0.465517,1.112676,0.344828,0.676056,0.224138,0.408451,-0.206897,1.056338,0.086207,1.169014,0.086207,0.887324,0.0,0.704225,0,0,0.0,0.0,0.0,0.0,0.0,0.0,0.0,0.0,0.0,0.0,0.0,0.0,0.0,0.0,0.0,0.0,0.0,0.0,0.0,0.0,0.0,0.0,0.0,0.0,0.0,0.0,0.0,0.0,0.0,0.0,0.0,0.0,0.0,0.0,0.0,0.0,0.0,0.0,0.0,0.0,0.0,0.0,Z,20
0.0,0.0,0.491228,0.098592,1.035088,0.422535,1.280702,0.732394,1.140351,0.957746,0.77193,1.0,1.017544,1.352113,1.210526,1.507042,1.421053,1.633803,0.473684,1.070423,0.842105,1.197183,0.736842,0.746479,0.596491,0.422535,0.122807,1.084507,0.45614,1.112676,0.333333,0.676056,0.210526,0.43662,-0.22807,1.056338,0.070175,1.183099,0.070175,0.901408,-0.017544,0.704225,0,0,0.0,0.0,0.0,0.0,0.0,0.0,0.0,0.0,0.0,0.0,0.0,0.0,0.0,0.0,0.0,0.0,0.0,0.0,0.0,0.0,0.0,0.0,0.0,0.0,0.0,0.0,0.0,0.0,0.0,0.0,0.0,0.0,0.0,0.0,0.0,0.0,0.0,0.0,0.0,0.0,0.0,0.0,Z,20
0.0,0.0,0.457627,0.097222,0.983051,0.416667,1.237288,0.75,1.067797,1.013889,0.745763,1.0,0.966102,1.347222,1.135593,1.486111,1.338983,1.611111,0.440678,1.055556,0.762712,1.208333,0.677966,0.763889,0.542373,0.444444,0.101695,1.055556,0.389831,1.111111,0.288136,0.680556,0.186441,0.416667,-0.254237,1.013889,-0.016949,1.180556,0.016949,0.916667,-0.050847,0.708333,0,0,0.0,0.0,0.0,0.0,0.0,0.0,0.0,0.0,0.0,0.0,0.0,0.0,0.0,0.0,0.0,0.0,0.0,0.0,0.0,0.0,0.0,0.0,0.0,0.0,0.0,0.0,0.0,0.0,0.0,0.0,0.0,0.0,0.0,0.0,0.0,0.0,0.0,0.0,0.0,0.0,0.0,0.0,Z,20
0.0,0.0,0.483333,0.125,1.016667,0.430556,1.216667,0.791667,1.0,1.027778,0.766667,1.0,0.95,1.333333,1.116667,1.486111,1.3,1.611111,0.45,1.055556,0.733333,1.222222,0.65,0.791667,0.55,0.486111,0.116667,1.055556,0.383333,1.125,0.3,0.722222,0.2,0.458333,-0.233333,1.013889,0.0,1.180556,0.016667,0.902778,-0.033333,0.694444,0,0,0.0,0.0,0.0,0.0,0.0,0.0,0.0,0.0,0.0,0.0,0.0,0.0,0.0,0.0,0.0,0.0,0.0,0.0,0.0,0.0,0.0,0.0,0.0,0.0,0.0,0.0,0.0,0.0,0.0,0.0,0.0,0.0,0.0,0.0,0.0,0.0,0.0,0.0,0.0,0.0,0.0,0.0,Z,20
0.0,0.0,0.467742,0.138889,0.951613,0.472222,1.064516,0.847222,0.822581,1.055556,0.709677,1.0,0.854839,1.333333,1.016129,1.486111,1.177419,1.597222,0.387097,1.055556,0.612903,1.208333,0.516129,0.791667,0.419355,0.5,0.080645,1.041667,0.274194,1.138889,0.209677,0.722222,0.129032,0.472222,-0.290323,1.013889,-0.080645,1.166667,-0.048387,0.888889,-0.112903,0.680556,0,0,0.0,0.0,0.0,0.0,0.0,0.0,0.0,0.0,0.0,0.0,0.0,0.0,0.0,0.0,0.0,0.0,0.0,0.0,0.0,0.0,0.0,0.0,0.0,0.0,0.0,0.0,0.0,0.0,0.0,0.0,0.0,0.0,0.0,0.0,0.0,0.0,0.0,0.0,0.0,0.0,0.0,0.0,Z,20
0.0,0.0,0.460317,0.15493,0.952381,0.478873,1.0,0.84507,0.698413,1.070423,0.698413,1.0,0.825397,1.352113,0.857143,1.492958,0.888889,1.521127,0.380952,1.042254,0.47619,1.253521,0.396825,0.859155,0.349206,0.549296,0.047619,1.042254,0.142857,1.169014,0.111111,0.802817,0.079365,0.521127,-0.301587,1.0,-0.190476,1.211268,-0.15873,0.943662,-0.174603,0.71831,0,0,0.0,0.0,0.0,0.0,0.0,0.0,0.0,0.0,0.0,0.0,0.0,0.0,0.0,0.0,0.0,0.0,0.0,0.0,0.0,0.0,0.0,0.0,0.0,0.0,0.0,0.0,0.0,0.0,0.0,0.0,0.0,0.0,0.0,0.0,0.0,0.0,0.0,0.0,0.0,0.0,0.0,0.0,Z,20
0.0,0.0,0.42623,0.106061,0.901639,0.439394,0.967213,0.833333,0.655738,1.075758,0.672131,1.0,0.803279,1.515152,0.819672,1.484848,0.786885,1.30303,0.360656,1.045455,0.442623,1.242424,0.377049,0.80303,0.311475,0.515152,0.032787,1.030303,0.114754,1.181818,0.081967,0.787879,0.032787,0.530303,-0.327869,1.015152,-0.213115,1.227273,-0.180328,0.954545,-0.196721,0.757576,0,0,0.0,0.0,0.0,0.0,0.0,0.0,0.0,0.0,0.0,0.0,0.0,0.0,0.0,0.0,0.0,0.0,0.0,0.0,0.0,0.0,0.0,0.0,0.0,0.0,0.0,0.0,0.0,0.0,0.0,0.0,0.0,0.0,0.0,0.0,0.0,0.0,0.0,0.0,0.0,0.0,0.0,0.0,Z,20
0.0,0.0,0.412698,0.088235,0.904762,0.426471,0.952381,0.808824,0.650794,1.044118,0.68254,1.0,0.777778,1.514706,0.777778,1.470588,0.746032,1.264706,0.349206,1.014706,0.428571,1.25,0.365079,0.779412,0.31746,0.5,0.031746,1.014706,0.095238,1.176471,0.063492,0.75,0.031746,0.514706,-0.31746,0.985294,-0.238095,1.205882,-0.206349,0.926471,-0.222222,0.735294,0,0,0.0,0.0,0.0,0.0,0.0,0.0,0.0,0.0,0.0,0.0,0.0,0.0,0.0,0.0,0.0,0.0,0.0,0.0,0.0,0.0,0.0,0.0,0.0,0.0,0.0,0.0,0.0,0.0,0.0,0.0,0.0,0.0,0.0,0.0,0.0,0.0,0.0,0.0,0.0,0.0,0.0,0.0,Z,20
0.0,0.0,0.421875,0.114286,0.890625,0.442857,0.921875,0.814286,0.640625,1.057143,0.6875,1.0,0.765625,1.442857,0.734375,1.5,0.6875,1.442857,0.375,1.042857,0.40625,1.271429,0.328125,0.828571,0.296875,0.542857,0.046875,1.028571,0.0625,1.2,0.03125,0.771429,0.015625,0.528571,-0.3125,1.0,-0.25,1.228571,-0.21875,0.928571,-0.234375,0.728571,0,0,0.0,0.0,0.0,0.0,0.0,0.0,0.0,0.0,0.0,0.0,0.0,0.0,0.0,0.0,0.0,0.0,0.0,0.0,0.0,0.0,0.0,0.0,0.0,0.0,0.0,0.0,0.0,0.0,0.0,0.0,0.0,0.0,0.0,0.0,0.0,0.0,0.0,0.0,0.0,0.0,0.0,0.0,Z,20
0.0,0.0,0.424242,0.138889,0.878788,0.486111,0.893939,0.888889,0.575758,1.138889,0.69697,1.0,0.757576,1.361111,0.712121,1.5,0.621212,1.541667,0.363636,1.041667,0.409091,1.291667,0.333333,0.847222,0.30303,0.569444,0.045455,1.041667,0.060606,1.208333,0.045455,0.777778,0.030303,0.541667,-0.30303,1.0,-0.257576,1.25,-0.227273,0.944444,-0.212121,0.736111,0,0,0.0,0.0,0.0,0.0,0.0,0.0,0.0,0.0,0.0,0.0,0.0,0.0,0.0,0.0,0.0,0.0,0.0,0.0,0.0,0.0,0.0,0.0,0.0,0.0,0.0,0.0,0.0,0.0,0.0,0.0,0.0,0.0,0.0,0.0,0.0,0.0,0.0,0.0,0.0,0.0,0.0,0.0,Z,20
0.0,0.0,0.4375,0.128571,0.90625,0.442857,0.9375,0.828571,0.640625,1.085714,0.671875,1.0,0.734375,1.385714,0.703125,1.5,0.640625,1.471429,0.34375,1.042857,0.390625,1.3,0.328125,0.842857,0.296875,0.557143,0.015625,1.028571,0.03125,1.2,0.015625,0.771429,0.03125,0.542857,-0.328125,1.0,-0.28125,1.242857,-0.234375,0.928571,-0.21875,0.728571,0,0,0.0,0.0,0.0,0.0,0.0,0.0,0.0,0.0,0.0,0.0,0.0,0.0,0.0,0.0,0.0,0.0,0.0,0.0,0.0,0.0,0.0,0.0,0.0,0.0,0.0,0.0,0.0,0.0,0.0,0.0,0.0,0.0,0.0,0.0,0.0,0.0,0.0,0.0,0.0,0.0,0.0,0.0,Z,20
0.0,0.0,0.415385,0.114286,0.876923,0.428571,0.907692,0.842857,0.6,1.085714,0.661538,1.0,0.707692,1.414286,0.707692,1.471429,0.646154,1.342857,0.323077,1.028571,0.369231,1.271429,0.323077,0.814286,0.307692,0.528571,0.015385,1.014286,0.030769,1.185714,0.030769,0.757143,0.015385,0.528571,-0.338462,0.985714,-0.276923,1.214286,-0.246154,0.942857,-0.230769,0.742857,0,0,0.0,0.0,0.0,0.0,0.0,0.0,0.0,0.0,0.0,0.0,0.0,0.0,0.0,0.0,0.0,0.0,0.0,0.0,0.0,0.0,0.0,0.0,0.0,0.0,0.0,0.0,0.0,0.0,0.0,0.0,0.0,0.0,0.0,0.0,0.0,0.0,0.0,0.0,0.0,0.0,0.0,0.0,Z,20
0.0,0.0,0.453125,0.115942,0.90625,0.449275,0.953125,0.84058,0.640625,1.101449,0.671875,1.0,0.75,1.376812,0.75,1.463768,0.703125,1.391304,0.34375,1.057971,0.421875,1.26087,0.359375,0.826087,0.296875,0.521739,0.015625,1.057971,0.0625,1.202899,0.046875,0.811594,0.015625,0.550725,-0.328125,1.028986,-0.25,1.231884,-0.21875,0.942029,-0.234375,0.753623,0,0,0.0,0.0,0.0,0.0,0.0,0.0,0.0,0.0,0.0,0.0,0.0,0.0,0.0,0.0,0.0,0.0,0.0,0.0,0.0,0.0,0.0,0.0,0.0,0.0,0.0,0.0,0.0,0.0,0.0,0.0,0.0,0.0,0.0,0.0,0.0,0.0,0.0,0.0,0.0,0.0,0.0,0.0,Z,20
0.0,0.0,0.446154,0.130435,0.923077,0.478261,0.953846,0.884058,0.630769,1.115942,0.692308,1.0,0.784615,1.289855,0.769231,1.434783,0.738462,1.449275,0.369231,1.072464,0.461538,1.275362,0.384615,0.869565,0.338462,0.565217,0.046154,1.072464,0.107692,1.231884,0.076923,0.826087,0.061538,0.565217,-0.307692,1.043478,-0.215385,1.246377,-0.184615,0.971014,-0.2,0.753623,0,0,0.0,0.0,0.0,0.0,0.0,0.0,0.0,0.0,0.0,0.0,0.0,0.0,0.0,0.0,0.0,0.0,0.0,0.0,0.0,0.0,0.0,0.0,0.0,0.0,0.0,0.0,0.0,0.0,0.0,0.0,0.0,0.0,0.0,0.0,0.0,0.0,0.0,0.0,0.0,0.0,0.0,0.0,Z,20
0.0,0.0,0.460317,0.119403,0.952381,0.432836,1.015873,0.820896,0.714286,1.044776,0.698413,1.0,0.809524,1.328358,0.84127,1.41791,0.84127,1.373134,0.380952,1.074627,0.492063,1.268657,0.428571,0.895522,0.380952,0.597015,0.063492,1.089552,0.15873,1.223881,0.126984,0.865672,0.095238,0.61194,-0.301587,1.059701,-0.15873,1.223881,-0.142857,0.955224,-0.15873,0.761194,0,0,0.0,0.0,0.0,0.0,0.0,0.0,0.0,0.0,0.0,0.0,0.0,0.0,0.0,0.0,0.0,0.0,0.0,0.0,0.0,0.0,0.0,0.0,0.0,0.0,0.0,0.0,0.0,0.0,0.0,0.0,0.0,0.0,0.0,0.0,0.0,0.0,0.0,0.0,0.0,0.0,0.0,0.0,Z,20
0.0,0.0,0.5,0.106061,1.033333,0.439394,1.116667,0.833333,0.816667,1.045455,0.733333,1.0,0.883333,1.287879,0.95,1.393939,0.983333,1.393939,0.433333,1.075758,0.583333,1.272727,0.533333,0.909091,0.45,0.606061,0.1,1.090909,0.266667,1.242424,0.25,0.878788,0.183333,0.590909,-0.266667,1.075758,-0.066667,1.242424,-0.016667,0.969697,-0.066667,0.742424,0,0,0.0,0.0,0.0,0.0,0.0,0.0,0.0,0.0,0.0,0.0,0.0,0.0,0.0,0.0,0.0,0.0,0.0,0.0,0.0,0.0,0.0,0.0,0.0,0.0,0.0,0.0,0.0,0.0,0.0,0.0,0.0,0.0,0.0,0.0,0.0,0.0,0.0,0.0,0.0,0.0,0.0,0.0,Z,20
0.0,0.0,0.466667,0.09375,1.0,0.40625,1.15,0.78125,0.9,1.046875,0.8,1.0,1.016667,1.265625,1.066667,1.375,1.033333,1.40625,0.483333,1.09375,0.683333,1.234375,0.583333,0.859375,0.466667,0.640625,0.166667,1.125,0.366667,1.203125,0.316667,0.84375,0.2,0.640625,-0.2,1.125,0.05,1.1875,0.05,0.921875,-0.05,0.78125,0,0,0.0,0.0,0.0,0.0,0.0,0.0,0.0,0.0,0.0,0.0,0.0,0.0,0.0,0.0,0.0,0.0,0.0,0.0,0.0,0.0,0.0,0.0,0.0,0.0,0.0,0.0,0.0,0.0,0.0,0.0,0.0,0.0,0.0,0.0,0.0,0.0,0.0,0.0,0.0,0.0,0.0,0.0,Z,20
0.0,0.0,0.509091,0.078125,1.090909,0.375,1.345455,0.703125,1.2,0.96875,0.854545,1.0,1.054545,1.328125,1.272727,1.359375,1.436364,1.265625,0.563636,1.09375,0.890909,1.203125,0.763636,0.78125,0.618182,0.484375,0.236364,1.125,0.545455,1.171875,0.436364,0.78125,0.290909,0.53125,-0.145455,1.140625,0.2,1.234375,0.181818,0.953125,0.072727,0.765625,0,0,0.0,0.0,0.0,0.0,0.0,0.0,0.0,0.0,0.0,0.0,0.0,0.0,0.0,0.0,0.0,0.0,0.0,0.0,0.0,0.0,0.0,0.0,0.0,0.0,0.0,0.0,0.0,0.0,0.0,0.0,0.0,0.0,0.0,0.0,0.0,0.0,0.0,0.0,0.0,0.0,0.0,0.0,Z,20
0.0,0.0,0.529412,0.078125,1.137255,0.375,1.45098,0.6875,1.352941,0.96875,0.921569,1.0,1.137255,1.3125,1.372549,1.34375,1.568627,1.265625,0.627451,1.0625,1.019608,1.1875,0.843137,0.78125,0.627451,0.53125,0.294118,1.09375,0.666667,1.15625,0.509804,0.765625,0.313725,0.5625,-0.078431,1.109375,0.27451,1.234375,0.254902,0.96875,0.117647,0.828125,0,0,0.0,0.0,0.0,0.0,0.0,0.0,0.0,0.0,0.0,0.0,0.0,0.0,0.0,0.0,0.0,0.0,0.0,0.0,0.0,0.0,0.0,0.0,0.0,0.0,0.0,0.0,0.0,0.0,0.0,0.0,0.0,0.0,0.0,0.0,0.0,0.0,0.0,0.0,0.0,0.0,0.0,0.0,Z,20
0.0,0.0,0.54,0.092308,1.16,0.4,1.5,0.692308,1.42,0.953846,0.92,1.0,1.18,1.323077,1.44,1.307692,1.64,1.215385,0.62,1.076923,1.06,1.153846,0.86,0.753846,0.62,0.523077,0.3,1.107692,0.7,1.138462,0.52,0.738462,0.32,0.538462,-0.08,1.123077,0.3,1.230769,0.28,0.953846,0.14,0.8,0,0,0.0,0.0,0.0,0.0,0.0,0.0,0.0,0.0,0.0,0.0,0.0,0.0,0.0,0.0,0.0,0.0,0.0,0.0,0.0,0.0,0.0,0.0,0.0,0.0,0.0,0.0,0.0,0.0,0.0,0.0,0.0,0.0,0.0,0.0,0.0,0.0,0.0,0.0,0.0,0.0,0.0,0.0,Z,20
0.0,0.0,0.529412,0.076923,1.176471,0.4,1.529412,0.692308,1.45098,0.953846,0.980392,1.0,1.235294,1.323077,1.470588,1.307692,1.666667,1.184615,0.686275,1.076923,1.117647,1.169231,0.901961,0.753846,0.666667,0.492308,0.352941,1.107692,0.784314,1.138462,0.588235,0.738462,0.372549,0.507692,-0.019608,1.123077,0.392157,1.215385,0.333333,0.938462,0.176471,0.784615,0,0,0.0,0.0,0.0,0.0,0.0,0.0,0.0,0.0,0.0,0.0,0.0,0.0,0.0,0.0,0.0,0.0,0.0,0.0,0.0,0.0,0.0,0.0,0.0,0.0,0.0,0.0,0.0,0.0,0.0,0.0,0.0,0.0,0.0,0.0,0.0,0.0,0.0,0.0,0.0,0.0,0.0,0.0,Z,20
0.0,0.0,0.538462,0.079365,1.134615,0.428571,1.480769,0.761905,1.346154,1.031746,0.961538,1.0,1.230769,1.380952,1.461538,1.380952,1.634615,1.269841,0.653846,1.063492,1.096154,1.206349,0.884615,0.761905,0.653846,0.507937,0.326923,1.111111,0.75,1.206349,0.557692,0.777778,0.346154,0.571429,-0.038462,1.126984,0.346154,1.285714,0.326923,1.015873,0.153846,0.84127,0,0,0.0,0.0,0.0,0.0,0.0,0.0,0.0,0.0,0.0,0.0,0.0,0.0,0.0,0.0,0.0,0.0,0.0,0.0,0.0,0.0,0.0,0.0,0.0,0.0,0.0,0.0,0.0,0.0,0.0,0.0,0.0,0.0,0.0,0.0,0.0,0.0,0.0,0.0,0.0,0.0,0.0,0.0,Z,20
0.0,0.0,0.557692,0.09375,1.153846,0.421875,1.480769,0.75,1.346154,1.015625,0.961538,1.0,1.230769,1.359375,1.480769,1.359375,1.673077,1.25,0.673077,1.078125,1.115385,1.1875,0.903846,0.765625,0.673077,0.515625,0.346154,1.125,0.75,1.1875,0.576923,0.78125,0.365385,0.578125,-0.038462,1.125,0.346154,1.28125,0.326923,1.015625,0.192308,0.828125,0,0,0.0,0.0,0.0,0.0,0.0,0.0,0.0,0.0,0.0,0.0,0.0,0.0,0.0,0.0,0.0,0.0,0.0,0.0,0.0,0.0,0.0,0.0,0.0,0.0,0.0,0.0,0.0,0.0,0.0,0.0,0.0,0.0,0.0,0.0,0.0,0.0,0.0,0.0,0.0,0.0,0.0,0.0,Z,20
0.0,0.0,0.566038,0.090909,1.169811,0.424242,1.490566,0.757576,1.339623,1.0,0.962264,1.0,1.226415,1.333333,1.45283,1.318182,1.622642,1.212121,0.679245,1.090909,1.09434,1.181818,0.886792,0.757576,0.641509,0.5,0.339623,1.121212,0.754717,1.166667,0.566038,0.757576,0.358491,0.545455,-0.037736,1.121212,0.339623,1.242424,0.320755,0.969697,0.188679,0.80303,0,0,0.0,0.0,0.0,0.0,0.0,0.0,0.0,0.0,0.0,0.0,0.0,0.0,0.0,0.0,0.0,0.0,0.0,0.0,0.0,0.0,0.0,0.0,0.0,0.0,0.0,0.0,0.0,0.0,0.0,0.0,0.0,0.0,0.0,0.0,0.0,0.0,0.0,0.0,0.0,0.0,0.0,0.0,Z,20
0.0,0.0,0.576923,0.089552,1.192308,0.402985,1.519231,0.701493,1.403846,0.940299,1.0,1.0,1.25,1.283582,1.480769,1.283582,1.673077,1.179104,0.711538,1.089552,1.134615,1.149254,0.923077,0.731343,0.673077,0.492537,0.384615,1.119403,0.807692,1.134328,0.596154,0.731343,0.365385,0.522388,0.0,1.134328,0.403846,1.208955,0.346154,0.925373,0.192308,0.761194,0,0,0.0,0.0,0.0,0.0,0.0,0.0,0.0,0.0,0.0,0.0,0.0,0.0,0.0,0.0,0.0,0.0,0.0,0.0,0.0,0.0,0.0,0.0,0.0,0.0,0.0,0.0,0.0,0.0,0.0,0.0,0.0,0.0,0.0,0.0,0.0,0.0,0.0,0.0,0.0,0.0,0.0,0.0,Z,20
0.0,0.0,0.557692,0.090909,1.173077,0.393939,1.5,0.681818,1.365385,0.924242,0.980769,1.0,1.230769,1.30303,1.480769,1.287879,1.673077,1.166667,0.692308,1.090909,1.096154,1.151515,0.884615,0.712121,0.653846,0.484848,0.346154,1.121212,0.769231,1.136364,0.576923,0.727273,0.365385,0.530303,-0.019231,1.121212,0.365385,1.19697,0.307692,0.939394,0.153846,0.80303,0,0,0.0,0.0,0.0,0.0,0.0,0.0,0.0,0.0,0.0,0.0,0.0,0.0,0.0,0.0,0.0,0.0,0.0,0.0,0.0,0.0,0.0,0.0,0.0,0.0,0.0,0.0,0.0,0.0,0.0,0.0,0.0,0.0,0.0,0.0,0.0,0.0,0.0,0.0,0.0,0.0,0.0,0.0,Z,20
0.0,0.0,0.538462,0.075758,1.153846,0.393939,1.5,0.69697,1.365385,0.954545,0.980769,1.0,1.230769,1.30303,1.480769,1.287879,1.673077,1.181818,0.692308,1.090909,1.115385,1.151515,0.903846,0.727273,0.653846,0.484848,0.346154,1.121212,0.769231,1.136364,0.576923,0.742424,0.346154,0.545455,-0.019231,1.121212,0.365385,1.212121,0.326923,0.939394,0.173077,0.80303,0,0,0.0,0.0,0.0,0.0,0.0,0.0,0.0,0.0,0.0,0.0,0.0,0.0,0.0,0.0,0.0,0.0,0.0,0.0,0.0,0.0,0.0,0.0,0.0,0.0,0.0,0.0,0.0,0.0,0.0,0.0,0.0,0.0,0.0,0.0,0.0,0.0,0.0,0.0,0.0,0.0,0.0,0.0,Z,20
0.0,0.0,0.576923,0.075758,1.192308,0.363636,1.519231,0.651515,1.423077,0.893939,1.0,1.0,1.288462,1.272727,1.538462,1.257576,1.75,1.151515,0.711538,1.090909,1.153846,1.121212,0.923077,0.69697,0.692308,0.454545,0.384615,1.121212,0.807692,1.106061,0.596154,0.712121,0.384615,0.515152,0.0,1.121212,0.423077,1.19697,0.365385,0.924242,0.211538,0.787879,0,0,0.0,0.0,0.0,0.0,0.0,0.0,0.0,0.0,0.0,0.0,0.0,0.0,0.0,0.0,0.0,0.0,0.0,0.0,0.0,0.0,0.0,0.0,0.0,0.0,0.0,0.0,0.0,0.0,0.0,0.0,0.0,0.0,0.0,0.0,0.0,0.0,0.0,0.0,0.0,0.0,0.0,0.0,Z,20
0.0,0.0,0.584906,0.060606,1.207547,0.348485,1.54717,0.606061,1.471698,0.848485,1.018868,1.0,1.301887,1.257576,1.54717,1.227273,1.754717,1.121212,0.716981,1.090909,1.150943,1.075758,0.924528,0.681818,0.679245,0.439394,0.396226,1.136364,0.811321,1.090909,0.603774,0.69697,0.377358,0.5,0.018868,1.136364,0.433962,1.166667,0.358491,0.893939,0.188679,0.742424,0,0,0.0,0.0,0.0,0.0,0.0,0.0,0.0,0.0,0.0,0.0,0.0,0.0,0.0,0.0,0.0,0.0,0.0,0.0,0.0,0.0,0.0,0.0,0.0,0.0,0.0,0.0,0.0,0.0,0.0,0.0,0.0,0.0,0.0,0.0,0.0,0.0,0.0,0.0,0.0,0.0,0.0,0.0,Z,20
0.0,0.0,0.58,0.078125,1.26,0.34375,1.62,0.59375,1.6,0.84375,1.02,1.0,1.3,1.3125,1.58,1.296875,1.8,1.1875,0.74,1.09375,1.18,1.125,0.98,0.734375,0.74,0.515625,0.4,1.140625,0.84,1.15625,0.66,0.765625,0.44,0.578125,0.02,1.140625,0.4,1.234375,0.38,0.96875,0.24,0.78125,0,0,0.0,0.0,0.0,0.0,0.0,0.0,0.0,0.0,0.0,0.0,0.0,0.0,0.0,0.0,0.0,0.0,0.0,0.0,0.0,0.0,0.0,0.0,0.0,0.0,0.0,0.0,0.0,0.0,0.0,0.0,0.0,0.0,0.0,0.0,0.0,0.0,0.0,0.0,0.0,0.0,0.0,0.0,Z,20
0.0,0.0,0.581818,0.076923,1.218182,0.338462,1.527273,0.6,1.418182,0.846154,0.945455,1.0,1.181818,1.276923,1.381818,1.2,1.509091,1.076923,0.654545,1.092308,0.981818,1.138462,0.818182,0.784615,0.636364,0.676923,0.327273,1.123077,0.672727,1.123077,0.527273,0.784615,0.345455,0.707692,-0.054545,1.123077,0.272727,1.107692,0.218182,0.846154,0.072727,0.769231,0,0,0.0,0.0,0.0,0.0,0.0,0.0,0.0,0.0,0.0,0.0,0.0,0.0,0.0,0.0,0.0,0.0,0.0,0.0,0.0,0.0,0.0,0.0,0.0,0.0,0.0,0.0,0.0,0.0,0.0,0.0,0.0,0.0,0.0,0.0,0.0,0.0,0.0,0.0,0.0,0.0,0.0,0.0,Z,20
0.0,0.0,0.553571,0.089552,1.142857,0.328358,1.482143,0.58209,1.321429,0.776119,0.857143,1.0,1.160714,1.223881,1.267857,1.074627,1.285714,0.925373,0.553571,1.074627,0.892857,1.104478,0.75,0.746269,0.553571,0.656716,0.232143,1.089552,0.589286,1.119403,0.464286,0.791045,0.285714,0.701493,-0.142857,1.074627,0.214286,1.089552,0.178571,0.820896,0.035714,0.731343,0,0,0.0,0.0,0.0,0.0,0.0,0.0,0.0,0.0,0.0,0.0,0.0,0.0,0.0,0.0,0.0,0.0,0.0,0.0,0.0,0.0,0.0,0.0,0.0,0.0,0.0,0.0,0.0,0.0,0.0,0.0,0.0,0.0,0.0,0.0,0.0,0.0,0.0,0.0,0.0,0.0,0.0,0.0,Z,20
0.0,0.0,0.5,0.094595,1.078125,0.310811,1.234375,0.635135,0.9375,0.783784,0.78125,1.0,0.9375,1.067568,0.859375,0.743243,0.78125,0.621622,0.453125,1.054054,0.578125,1.040541,0.53125,0.689189,0.4375,0.608108,0.125,1.027027,0.25,1.013514,0.234375,0.689189,0.171875,0.608108,-0.21875,0.945946,-0.078125,0.972973,-0.046875,0.72973,-0.09375,0.635135,0,0,0.0,0.0,0.0,0.0,0.0,0.0,0.0,0.0,0.0,0.0,0.0,0.0,0.0,0.0,0.0,0.0,0.0,0.0,0.0,0.0,0.0,0.0,0.0,0.0,0.0,0.0,0.0,0.0,0.0,0.0,0.0,0.0,0.0,0.0,0.0,0.0,0.0,0.0,0.0,0.0,0.0,0.0,Z,20
0.0,0.0,0.460317,0.057971,0.984127,0.26087,1.206349,0.550725,1.0,0.710145,0.730159,1.0,0.825397,1.15942,0.761905,0.884058,0.730159,0.710145,0.412698,1.086957,0.47619,1.15942,0.428571,0.753623,0.412698,0.594203,0.079365,1.072464,0.142857,1.086957,0.142857,0.73913,0.126984,0.594203,-0.269841,1.0,-0.190476,1.014493,-0.142857,0.753623,-0.142857,0.637681,0,0,0.0,0.0,0.0,0.0,0.0,0.0,0.0,0.0,0.0,0.0,0.0,0.0,0.0,0.0,0.0,0.0,0.0,0.0,0.0,0.0,0.0,0.0,0.0,0.0,0.0,0.0,0.0,0.0,0.0,0.0,0.0,0.0,0.0,0.0,0.0,0.0,0.0,0.0,0.0,0.0,0.0,0.0,Z,20
0.0,0.0,0.4375,0.061538,0.890625,0.230769,1.109375,0.446154,1.015625,0.6,0.734375,1.0,0.796875,1.246154,0.765625,1.061538,0.703125,0.830769,0.40625,1.107692,0.4375,1.246154,0.375,0.846154,0.34375,0.584615,0.078125,1.123077,0.09375,1.153846,0.09375,0.815385,0.109375,0.615385,-0.265625,1.061538,-0.25,1.030769,-0.203125,0.769231,-0.140625,0.646154,0,0,0.0,0.0,0.0,0.0,0.0,0.0,0.0,0.0,0.0,0.0,0.0,0.0,0.0,0.0,0.0,0.0,0.0,0.0,0.0,0.0,0.0,0.0,0.0,0.0,0.0,0.0,0.0,0.0,0.0,0.0,0.0,0.0,0.0,0.0,0.0,0.0,0.0,0.0,0.0,0.0,0.0,0.0,Z,20
0.0,0.0,0.4375,0.057143,0.890625,0.214286,1.046875,0.442857,0.828125,0.571429,0.703125,1.0,0.765625,1.114286,0.6875,0.957143,0.609375,0.757143,0.390625,1.128571,0.375,1.042857,0.3125,0.685714,0.296875,0.457143,0.046875,1.128571,0.03125,0.928571,0.03125,0.628571,0.078125,0.485714,-0.296875,1.057143,-0.3125,0.871429,-0.234375,0.628571,-0.171875,0.542857,0,0,0.0,0.0,0.0,0.0,0.0,0.0,0.0,0.0,0.0,0.0,0.0,0.0,0.0,0.0,0.0,0.0,0.0,0.0,0.0,0.0,0.0,0.0,0.0,0.0,0.0,0.0,0.0,0.0,0.0,0.0,0.0,0.0,0.0,0.0,0.0,0.0,0.0,0.0,0.0,0.0,0.0,0.0,Z,20
0.0,0.0,0.430769,0.082192,0.907692,0.219178,1.046154,0.438356,0.846154,0.575342,0.753846,1.0,0.723077,1.041096,0.6,0.890411,0.507692,0.753425,0.415385,1.136986,0.369231,0.917808,0.307692,0.60274,0.307692,0.465753,0.076923,1.123288,0.030769,0.821918,0.046154,0.561644,0.092308,0.493151,-0.246154,1.041096,-0.276923,0.794521,-0.215385,0.575342,-0.138462,0.534247,0,0,0.0,0.0,0.0,0.0,0.0,0.0,0.0,0.0,0.0,0.0,0.0,0.0,0.0,0.0,0.0,0.0,0.0,0.0,0.0,0.0,0.0,0.0,0.0,0.0,0.0,0.0,0.0,0.0,0.0,0.0,0.0,0.0,0.0,0.0,0.0,0.0,0.0,0.0,0.0,0.0,0.0,0.0,Z,20
0.0,0.0,0.40625,0.084507,0.84375,0.225352,1.03125,0.422535,0.859375,0.577465,0.6875,1.0,0.6875,1.098592,0.5625,0.985915,0.453125,0.830986,0.359375,1.126761,0.328125,0.985915,0.234375,0.633803,0.25,0.450704,0.015625,1.126761,-0.015625,0.887324,-0.015625,0.605634,0.046875,0.478873,-0.3125,1.056338,-0.328125,0.873239,-0.28125,0.633803,-0.203125,0.535211,0,0,0.0,0.0,0.0,0.0,0.0,0.0,0.0,0.0,0.0,0.0,0.0,0.0,0.0,0.0,0.0,0.0,0.0,0.0,0.0,0.0,0.0,0.0,0.0,0.0,0.0,0.0,0.0,0.0,0.0,0.0,0.0,0.0,0.0,0.0,0.0,0.0,0.0,0.0,0.0,0.0,0.0,0.0,Z,20
0.0,0.0,0.428571,0.072464,0.873016,0.202899,1.047619,0.405797,0.904762,0.565217,0.714286,1.0,0.730159,1.144928,0.619048,1.043478,0.52381,0.869565,0.396825,1.130435,0.349206,1.072464,0.285714,0.710145,0.285714,0.521739,0.047619,1.130435,0.0,0.971014,0.0,0.652174,0.063492,0.536232,-0.285714,1.072464,-0.333333,0.898551,-0.269841,0.652174,-0.174603,0.594203,0,0,0.0,0.0,0.0,0.0,0.0,0.0,0.0,0.0,0.0,0.0,0.0,0.0,0.0,0.0,0.0,0.0,0.0,0.0,0.0,0.0,0.0,0.0,0.0,0.0,0.0,0.0,0.0,0.0,0.0,0.0,0.0,0.0,0.0,0.0,0.0,0.0,0.0,0.0,0.0,0.0,0.0,0.0,Z,20
0.0,0.0,0.4,0.071429,0.846154,0.228571,1.0,0.457143,0.784615,0.585714,0.707692,1.0,0.723077,1.114286,0.6,1.014286,0.492308,0.871429,0.384615,1.142857,0.338462,1.014286,0.276923,0.657143,0.276923,0.471429,0.046154,1.142857,0.0,0.928571,0.0,0.628571,0.046154,0.514286,-0.292308,1.071429,-0.307692,0.9,-0.246154,0.657143,-0.169231,0.571429,0,0,0.0,0.0,0.0,0.0,0.0,0.0,0.0,0.0,0.0,0.0,0.0,0.0,0.0,0.0,0.0,0.0,0.0,0.0,0.0,0.0,0.0,0.0,0.0,0.0,0.0,0.0,0.0,0.0,0.0,0.0,0.0,0.0,0.0,0.0,0.0,0.0,0.0,0.0,0.0,0.0,0.0,0.0,Z,20
0.0,0.0,0.430769,0.072464,0.876923,0.217391,0.984615,0.434783,0.753846,0.57971,0.707692,1.0,0.723077,1.115942,0.6,1.028986,0.492308,0.884058,0.384615,1.130435,0.353846,1.057971,0.276923,0.695652,0.276923,0.492754,0.046154,1.130435,0.015385,0.985507,0.0,0.681159,0.061538,0.521739,-0.292308,1.072464,-0.323077,0.942029,-0.261538,0.695652,-0.169231,0.608696,0,0,0.0,0.0,0.0,0.0,0.0,0.0,0.0,0.0,0.0,0.0,0.0,0.0,0.0,0.0,0.0,0.0,0.0,0.0,0.0,0.0,0.0,0.0,0.0,0.0,0.0,0.0,0.0,0.0,0.0,0.0,0.0,0.0,0.0,0.0,0.0,0.0,0.0,0.0,0.0,0.0,0.0,0.0,Z,20
0.0,0.0,0.415385,0.076923,0.861538,0.230769,0.953846,0.461538,0.723077,0.6,0.676923,1.0,0.692308,1.2,0.584615,1.123077,0.476923,0.938462,0.353846,1.092308,0.338462,1.2,0.246154,0.769231,0.261538,0.523077,0.015385,1.107692,0.0,1.138462,-0.015385,0.769231,0.015385,0.569231,-0.323077,1.046154,-0.323077,1.076923,-0.276923,0.815385,-0.215385,0.676923,0,0,0.0,0.0,0.0,0.0,0.0,0.0,0.0,0.0,0.0,0.0,0.0,0.0,0.0,0.0,0.0,0.0,0.0,0.0,0.0,0.0,0.0,0.0,0.0,0.0,0.0,0.0,0.0,0.0,0.0,0.0,0.0,0.0,0.0,0.0,0.0,0.0,0.0,0.0,0.0,0.0,0.0,0.0,Z,20
0.0,0.0,0.40625,0.058824,0.84375,0.191176,0.984375,0.397059,0.796875,0.573529,0.71875,1.0,0.734375,1.147059,0.625,1.073529,0.515625,0.911765,0.390625,1.132353,0.359375,1.073529,0.265625,0.705882,0.265625,0.470588,0.0625,1.147059,0.015625,1.0,0.0,0.676471,0.046875,0.514706,-0.28125,1.073529,-0.328125,0.955882,-0.265625,0.705882,-0.171875,0.588235,0,0,0.0,0.0,0.0,0.0,0.0,0.0,0.0,0.0,0.0,0.0,0.0,0.0,0.0,0.0,0.0,0.0,0.0,0.0,0.0,0.0,0.0,0.0,0.0,0.0,0.0,0.0,0.0,0.0,0.0,0.0,0.0,0.0,0.0,0.0,0.0,0.0,0.0,0.0,0.0,0.0,0.0,0.0,Z,20
0.0,0.0,0.430769,0.1,0.861538,0.285714,0.892308,0.528571,0.630769,0.642857,0.676923,1.0,0.707692,1.128571,0.6,1.028571,0.476923,0.9,0.338462,1.128571,0.307692,1.057143,0.261538,0.685714,0.276923,0.457143,0.0,1.128571,-0.015385,0.971429,0.0,0.657143,0.046154,0.485714,-0.323077,1.042857,-0.323077,0.942857,-0.261538,0.7,-0.169231,0.585714,0,0,0.0,0.0,0.0,0.0,0.0,0.0,0.0,0.0,0.0,0.0,0.0,0.0,0.0,0.0,0.0,0.0,0.0,0.0,0.0,0.0,0.0,0.0,0.0,0.0,0.0,0.0,0.0,0.0,0.0,0.0,0.0,0.0,0.0,0.0,0.0,0.0,0.0,0.0,0.0,0.0,0.0,0.0,Z,20
0.0,0.0,0.4,0.070423,0.861538,0.225352,0.969231,0.43662,0.738462,0.549296,0.707692,1.0,0.692308,1.098592,0.584615,1.0,0.492308,0.84507,0.369231,1.112676,0.338462,1.028169,0.276923,0.661972,0.276923,0.478873,0.046154,1.112676,0.0,0.915493,0.015385,0.619718,0.061538,0.492958,-0.292308,1.042254,-0.307692,0.873239,-0.246154,0.647887,-0.169231,0.56338,0,0,0.0,0.0,0.0,0.0,0.0,0.0,0.0,0.0,0.0,0.0,0.0,0.0,0.0,0.0,0.0,0.0,0.0,0.0,0.0,0.0,0.0,0.0,0.0,0.0,0.0,0.0,0.0,0.0,0.0,0.0,0.0,0.0,0.0,0.0,0.0,0.0,0.0,0.0,0.0,0.0,0.0,0.0,Z,20
0.0,0.0,0.421875,0.070423,0.890625,0.211268,1.0,0.43662,0.75,0.549296,0.71875,1.0,0.734375,1.084507,0.625,0.971831,0.546875,0.84507,0.390625,1.140845,0.359375,0.985915,0.28125,0.633803,0.296875,0.478873,0.0625,1.140845,0.015625,0.901408,0.015625,0.605634,0.0625,0.521127,-0.28125,1.070423,-0.296875,0.859155,-0.234375,0.619718,-0.15625,0.56338,0,0,0.0,0.0,0.0,0.0,0.0,0.0,0.0,0.0,0.0,0.0,0.0,0.0,0.0,0.0,0.0,0.0,0.0,0.0,0.0,0.0,0.0,0.0,0.0,0.0,0.0,0.0,0.0,0.0,0.0,0.0,0.0,0.0,0.0,0.0,0.0,0.0,0.0,0.0,0.0,0.0,0.0,0.0,Z,20
0.0,0.0,0.428571,0.074627,0.873016,0.223881,1.031746,0.41791,0.825397,0.522388,0.68254,1.0,0.68254,1.149254,0.603175,1.029851,0.52381,0.865672,0.365079,1.104478,0.333333,1.119403,0.269841,0.731343,0.269841,0.492537,0.015873,1.104478,0.0,1.059701,-0.015873,0.701493,0.031746,0.522388,-0.31746,1.029851,-0.349206,0.985075,-0.285714,0.731343,-0.190476,0.597015,0,0,0.0,0.0,0.0,0.0,0.0,0.0,0.0,0.0,0.0,0.0,0.0,0.0,0.0,0.0,0.0,0.0,0.0,0.0,0.0,0.0,0.0,0.0,0.0,0.0,0.0,0.0,0.0,0.0,0.0,0.0,0.0,0.0,0.0,0.0,0.0,0.0,0.0,0.0,0.0,0.0,0.0,0.0,Z,20
0.0,0.0,0.384615,0.059701,0.769231,0.179104,0.969231,0.343284,0.861538,0.522388,0.692308,1.0,0.707692,1.149254,0.6,1.074627,0.492308,0.910448,0.369231,1.134328,0.338462,1.074627,0.261538,0.686567,0.276923,0.492537,0.030769,1.149254,0.015385,0.985075,0.0,0.671642,0.046154,0.522388,-0.307692,1.074627,-0.323077,1.0,-0.276923,0.746269,-0.2,0.641791,0,0,0.0,0.0,0.0,0.0,0.0,0.0,0.0,0.0,0.0,0.0,0.0,0.0,0.0,0.0,0.0,0.0,0.0,0.0,0.0,0.0,0.0,0.0,0.0,0.0,0.0,0.0,0.0,0.0,0.0,0.0,0.0,0.0,0.0,0.0,0.0,0.0,0.0,0.0,0.0,0.0,0.0,0.0,Z,20
0.0,0.0,0.415385,0.075758,0.861538,0.212121,0.953846,0.454545,0.707692,0.590909,0.692308,1.0,0.707692,1.19697,0.6,1.106061,0.492308,0.924242,0.353846,1.106061,0.338462,1.151515,0.276923,0.727273,0.276923,0.5,0.030769,1.106061,0.015385,1.060606,0.015385,0.69697,0.046154,0.515152,-0.307692,1.030303,-0.323077,1.030303,-0.261538,0.787879,-0.2,0.666667,0,0,0.0,0.0,0.0,0.0,0.0,0.0,0.0,0.0,0.0,0.0,0.0,0.0,0.0,0.0,0.0,0.0,0.0,0.0,0.0,0.0,0.0,0.0,0.0,0.0,0.0,0.0,0.0,0.0,0.0,0.0,0.0,0.0,0.0,0.0,0.0,0.0,0.0,0.0,0.0,0.0,0.0,0.0,Z,20
0.0,0.0,0.415385,0.088235,0.846154,0.205882,0.953846,0.426471,0.707692,0.558824,0.692308,1.0,0.692308,1.132353,0.584615,1.058824,0.476923,0.897059,0.369231,1.132353,0.323077,1.058824,0.246154,0.661765,0.276923,0.470588,0.030769,1.161765,-0.015385,0.955882,-0.015385,0.617647,0.030769,0.485294,-0.307692,1.088235,-0.338462,0.926471,-0.276923,0.676471,-0.2,0.573529,0,0,0.0,0.0,0.0,0.0,0.0,0.0,0.0,0.0,0.0,0.0,0.0,0.0,0.0,0.0,0.0,0.0,0.0,0.0,0.0,0.0,0.0,0.0,0.0,0.0,0.0,0.0,0.0,0.0,0.0,0.0,0.0,0.0,0.0,0.0,0.0,0.0,0.0,0.0,0.0,0.0,0.0,0.0,Z,20
0.0,0.0,0.444444,0.058824,0.920635,0.191176,0.984127,0.426471,0.714286,0.558824,0.746032,1.0,0.746032,1.117647,0.603175,1.014706,0.47619,0.838235,0.412698,1.132353,0.333333,1.014706,0.269841,0.632353,0.301587,0.441176,0.079365,1.147059,0.0,0.897059,0.0,0.588235,0.063492,0.470588,-0.253968,1.088235,-0.301587,0.882353,-0.269841,0.661765,-0.206349,0.573529,0,0,0.0,0.0,0.0,0.0,0.0,0.0,0.0,0.0,0.0,0.0,0.0,0.0,0.0,0.0,0.0,0.0,0.0,0.0,0.0,0.0,0.0,0.0,0.0,0.0,0.0,0.0,0.0,0.0,0.0,0.0,0.0,0.0,0.0,0.0,0.0,0.0,0.0,0.0,0.0,0.0,0.0,0.0,Z,20
0.0,0.0,0.403226,0.059701,0.83871,0.164179,1.016129,0.358209,0.854839,0.537313,0.725806,1.0,0.741935,1.104478,0.629032,1.014925,0.5,0.880597,0.403226,1.149254,0.354839,1.0,0.258065,0.641791,0.290323,0.477612,0.064516,1.164179,0.0,0.895522,-0.016129,0.597015,0.048387,0.477612,-0.274194,1.104478,-0.322581,0.895522,-0.290323,0.656716,-0.209677,0.567164,0,0,0.0,0.0,0.0,0.0,0.0,0.0,0.0,0.0,0.0,0.0,0.0,0.0,0.0,0.0,0.0,0.0,0.0,0.0,0.0,0.0,0.0,0.0,0.0,0.0,0.0,0.0,0.0,0.0,0.0,0.0,0.0,0.0,0.0,0.0,0.0,0.0,0.0,0.0,0.0,0.0,0.0,0.0,Z,20
0.0,0.0,0.430769,0.086957,0.892308,0.275362,0.892308,0.536232,0.584615,0.652174,0.692308,1.0,0.692308,1.130435,0.569231,1.014493,0.476923,0.855072,0.353846,1.115942,0.323077,1.086957,0.261538,0.666667,0.292308,0.492754,0.015385,1.101449,-0.015385,1.0,0.0,0.637681,0.046154,0.521739,-0.307692,1.028986,-0.323077,0.971014,-0.276923,0.724638,-0.215385,0.637681,0,0,0.0,0.0,0.0,0.0,0.0,0.0,0.0,0.0,0.0,0.0,0.0,0.0,0.0,0.0,0.0,0.0,0.0,0.0,0.0,0.0,0.0,0.0,0.0,0.0,0.0,0.0,0.0,0.0,0.0,0.0,0.0,0.0,0.0,0.0,0.0,0.0,0.0,0.0,0.0,0.0,0.0,0.0,Z,20
0.0,0.0,0.428571,0.073529,0.873016,0.235294,1.0,0.441176,0.809524,0.573529,0.714286,1.0,0.698413,1.147059,0.571429,1.014706,0.492063,0.838235,0.396825,1.117647,0.349206,1.102941,0.253968,0.735294,0.269841,0.514706,0.047619,1.117647,0.015873,1.014706,-0.015873,0.691176,0.047619,0.544118,-0.285714,1.058824,-0.31746,0.970588,-0.269841,0.735294,-0.190476,0.632353,0,0,0.0,0.0,0.0,0.0,0.0,0.0,0.0,0.0,0.0,0.0,0.0,0.0,0.0,0.0,0.0,0.0,0.0,0.0,0.0,0.0,0.0,0.0,0.0,0.0,0.0,0.0,0.0,0.0,0.0,0.0,0.0,0.0,0.0,0.0,0.0,0.0,0.0,0.0,0.0,0.0,0.0,0.0,Z,20
0.0,0.0,0.428571,0.063492,0.888889,0.253968,0.952381,0.492063,0.746032,0.634921,0.666667,1.0,0.68254,1.238095,0.555556,1.142857,0.444444,0.920635,0.333333,1.079365,0.333333,1.222222,0.238095,0.793651,0.238095,0.492063,0.0,1.079365,0.0,1.142857,-0.031746,0.761905,0.0,0.52381,-0.333333,1.015873,-0.349206,1.126984,-0.301587,0.857143,-0.238095,0.698413,0,0,0.0,0.0,0.0,0.0,0.0,0.0,0.0,0.0,0.0,0.0,0.0,0.0,0.0,0.0,0.0,0.0,0.0,0.0,0.0,0.0,0.0,0.0,0.0,0.0,0.0,0.0,0.0,0.0,0.0,0.0,0.0,0.0,0.0,0.0,0.0,0.0,0.0,0.0,0.0,0.0,0.0,0.0,Z,20
0.0,0.0,0.446154,0.102941,0.876923,0.294118,0.892308,0.529412,0.6,0.617647,0.661538,1.0,0.661538,1.147059,0.553846,1.029412,0.430769,0.838235,0.323077,1.088235,0.307692,1.147059,0.246154,0.75,0.230769,0.485294,0.0,1.088235,-0.015385,1.088235,-0.030769,0.75,0.0,0.514706,-0.338462,1.014706,-0.338462,1.0,-0.276923,0.75,-0.2,0.588235,0,0,0.0,0.0,0.0,0.0,0.0,0.0,0.0,0.0,0.0,0.0,0.0,0.0,0.0,0.0,0.0,0.0,0.0,0.0,0.0,0.0,0.0,0.0,0.0,0.0,0.0,0.0,0.0,0.0,0.0,0.0,0.0,0.0,0.0,0.0,0.0,0.0,0.0,0.0,0.0,0.0,0.0,0.0,Z,20
0.0,0.0,0.4375,0.111111,0.890625,0.319444,0.875,0.569444,0.5625,0.597222,0.65625,1.0,0.65625,1.097222,0.53125,0.986111,0.421875,0.833333,0.328125,1.111111,0.28125,1.013889,0.21875,0.652778,0.234375,0.458333,-0.015625,1.111111,-0.0625,0.944444,-0.046875,0.638889,0.015625,0.5,-0.34375,1.041667,-0.375,0.930556,-0.3125,0.694444,-0.21875,0.583333,0,0,0.0,0.0,0.0,0.0,0.0,0.0,0.0,0.0,0.0,0.0,0.0,0.0,0.0,0.0,0.0,0.0,0.0,0.0,0.0,0.0,0.0,0.0,0.0,0.0,0.0,0.0,0.0,0.0,0.0,0.0,0.0,0.0,0.0,0.0,0.0,0.0,0.0,0.0,0.0,0.0,0.0,0.0,Z,20
0.0,0.0,0.421875,0.073529,0.859375,0.25,0.953125,0.455882,0.765625,0.573529,0.6875,1.0,0.6875,1.161765,0.546875,1.029412,0.4375,0.852941,0.359375,1.102941,0.3125,1.117647,0.21875,0.735294,0.234375,0.514706,0.015625,1.102941,-0.03125,1.029412,-0.046875,0.691176,0.015625,0.529412,-0.3125,1.029412,-0.34375,0.970588,-0.296875,0.720588,-0.203125,0.617647,0,0,0.0,0.0,0.0,0.0,0.0,0.0,0.0,0.0,0.0,0.0,0.0,0.0,0.0,0.0,0.0,0.0,0.0,0.0,0.0,0.0,0.0,0.0,0.0,0.0,0.0,0.0,0.0,0.0,0.0,0.0,0.0,0.0,0.0,0.0,0.0,0.0,0.0,0.0,0.0,0.0,0.0,0.0,Z,20
0.0,0.0,0.444444,0.072464,0.904762,0.275362,0.968254,0.521739,0.698413,0.594203,0.698413,1.0,0.714286,1.130435,0.587302,1.028986,0.47619,0.869565,0.365079,1.130435,0.31746,1.043478,0.253968,0.681159,0.269841,0.463768,0.031746,1.115942,-0.015873,0.971014,-0.015873,0.652174,0.047619,0.478261,-0.301587,1.043478,-0.349206,0.956522,-0.285714,0.710145,-0.190476,0.57971,0,0,0.0,0.0,0.0,0.0,0.0,0.0,0.0,0.0,0.0,0.0,0.0,0.0,0.0,0.0,0.0,0.0,0.0,0.0,0.0,0.0,0.0,0.0,0.0,0.0,0.0,0.0,0.0,0.0,0.0,0.0,0.0,0.0,0.0,0.0,0.0,0.0,0.0,0.0,0.0,0.0,0.0,0.0,Z,20
0.0,0.0,0.4375,0.072464,0.90625,0.26087,0.96875,0.507246,0.6875,0.57971,0.6875,1.0,0.671875,1.130435,0.578125,0.985507,0.484375,0.826087,0.359375,1.115942,0.3125,1.043478,0.25,0.666667,0.28125,0.492754,0.015625,1.101449,-0.015625,0.956522,-0.015625,0.637681,0.046875,0.507246,-0.3125,1.028986,-0.34375,0.898551,-0.265625,0.652174,-0.1875,0.565217,0,0,0.0,0.0,0.0,0.0,0.0,0.0,0.0,0.0,0.0,0.0,0.0,0.0,0.0,0.0,0.0,0.0,0.0,0.0,0.0,0.0,0.0,0.0,0.0,0.0,0.0,0.0,0.0,0.0,0.0,0.0,0.0,0.0,0.0,0.0,0.0,0.0,0.0,0.0,0.0,0.0,0.0,0.0,Z,20
0.0,0.0,0.415385,0.085714,0.876923,0.271429,0.907692,0.528571,0.646154,0.642857,0.707692,1.0,0.723077,1.114286,0.6,1.057143,0.461538,0.928571,0.384615,1.128571,0.323077,1.014286,0.261538,0.642857,0.276923,0.485714,0.046154,1.142857,-0.015385,0.928571,-0.015385,0.628571,0.046154,0.528571,-0.292308,1.057143,-0.338462,0.928571,-0.276923,0.714286,-0.184615,0.628571,0,0,0.0,0.0,0.0,0.0,0.0,0.0,0.0,0.0,0.0,0.0,0.0,0.0,0.0,0.0,0.0,0.0,0.0,0.0,0.0,0.0,0.0,0.0,0.0,0.0,0.0,0.0,0.0,0.0,0.0,0.0,0.0,0.0,0.0,0.0,0.0,0.0,0.0,0.0,0.0,0.0,0.0,0.0,Z,20
0.0,0.0,0.40625,0.058824,0.84375,0.220588,0.984375,0.441176,0.796875,0.588235,0.703125,1.0,0.671875,1.147059,0.5625,1.044118,0.46875,0.852941,0.375,1.117647,0.328125,1.044118,0.234375,0.661765,0.25,0.470588,0.046875,1.132353,-0.015625,0.941176,-0.03125,0.632353,0.03125,0.5,-0.296875,1.073529,-0.34375,0.926471,-0.296875,0.691176,-0.203125,0.588235,0,0,0.0,0.0,0.0,0.0,0.0,0.0,0.0,0.0,0.0,0.0,0.0,0.0,0.0,0.0,0.0,0.0,0.0,0.0,0.0,0.0,0.0,0.0,0.0,0.0,0.0,0.0,0.0,0.0,0.0,0.0,0.0,0.0,0.0,0.0,0.0,0.0,0.0,0.0,0.0,0.0,0.0,0.0,Z,20
0.0,0.0,0.4,0.086957,0.830769,0.26087,0.938462,0.449275,0.753846,0.565217,0.661538,1.0,0.661538,1.101449,0.569231,1.043478,0.461538,0.913043,0.323077,1.130435,0.292308,0.985507,0.230769,0.623188,0.246154,0.463768,-0.015385,1.130435,-0.030769,0.927536,-0.046154,0.623188,0.015385,0.492754,-0.338462,1.043478,-0.353846,0.942029,-0.307692,0.695652,-0.230769,0.57971,0,0,0.0,0.0,0.0,0.0,0.0,0.0,0.0,0.0,0.0,0.0,0.0,0.0,0.0,0.0,0.0,0.0,0.0,0.0,0.0,0.0,0.0,0.0,0.0,0.0,0.0,0.0,0.0,0.0,0.0,0.0,0.0,0.0,0.0,0.0,0.0,0.0,0.0,0.0,0.0,0.0,0.0,0.0,Z,20
0.0,0.0,0.430769,0.097222,0.876923,0.277778,0.907692,0.513889,0.661538,0.611111,0.692308,1.0,0.676923,1.097222,0.538462,0.972222,0.446154,0.833333,0.369231,1.125,0.307692,1.013889,0.230769,0.638889,0.261538,0.486111,0.030769,1.138889,-0.030769,0.902778,-0.030769,0.597222,0.015385,0.513889,-0.307692,1.069444,-0.338462,0.861111,-0.276923,0.625,-0.2,0.569444,0,0,0.0,0.0,0.0,0.0,0.0,0.0,0.0,0.0,0.0,0.0,0.0,0.0,0.0,0.0,0.0,0.0,0.0,0.0,0.0,0.0,0.0,0.0,0.0,0.0,0.0,0.0,0.0,0.0,0.0,0.0,0.0,0.0,0.0,0.0,0.0,0.0,0.0,0.0,0.0,0.0,0.0,0.0,Z,20
0.0,0.0,0.4375,0.082192,0.90625,0.260274,0.96875,0.479452,0.703125,0.561644,0.703125,1.0,0.703125,1.027397,0.578125,0.917808,0.484375,0.808219,0.375,1.123288,0.3125,0.876712,0.265625,0.547945,0.296875,0.438356,0.03125,1.109589,-0.015625,0.808219,0.0,0.534247,0.046875,0.465753,-0.296875,1.027397,-0.328125,0.821918,-0.265625,0.589041,-0.1875,0.534247,0,0,0.0,0.0,0.0,0.0,0.0,0.0,0.0,0.0,0.0,0.0,0.0,0.0,0.0,0.0,0.0,0.0,0.0,0.0,0.0,0.0,0.0,0.0,0.0,0.0,0.0,0.0,0.0,0.0,0.0,0.0,0.0,0.0,0.0,0.0,0.0,0.0,0.0,0.0,0.0,0.0,0.0,0.0,Z,20
0.0,0.0,0.4,0.073529,0.846154,0.235294,0.938462,0.470588,0.738462,0.617647,0.692308,1.0,0.692308,1.132353,0.553846,1.058824,0.446154,0.882353,0.353846,1.132353,0.307692,1.058824,0.230769,0.676471,0.246154,0.455882,0.030769,1.147059,-0.015385,0.970588,-0.030769,0.647059,0.030769,0.485294,-0.307692,1.073529,-0.338462,0.926471,-0.276923,0.676471,-0.184615,0.558824,0,0,0.0,0.0,0.0,0.0,0.0,0.0,0.0,0.0,0.0,0.0,0.0,0.0,0.0,0.0,0.0,0.0,0.0,0.0,0.0,0.0,0.0,0.0,0.0,0.0,0.0,0.0,0.0,0.0,0.0,0.0,0.0,0.0,0.0,0.0,0.0,0.0,0.0,0.0,0.0,0.0,0.0,0.0,Z,20
0.0,0.0,0.415385,0.083333,0.861538,0.25,0.938462,0.458333,0.707692,0.597222,0.692308,1.0,0.692308,1.041667,0.584615,0.972222,0.476923,0.847222,0.353846,1.125,0.292308,0.902778,0.230769,0.569444,0.261538,0.444444,0.030769,1.125,-0.030769,0.833333,-0.030769,0.555556,0.030769,0.472222,-0.307692,1.055556,-0.338462,0.847222,-0.276923,0.611111,-0.184615,0.541667,0,0,0.0,0.0,0.0,0.0,0.0,0.0,0.0,0.0,0.0,0.0,0.0,0.0,0.0,0.0,0.0,0.0,0.0,0.0,0.0,0.0,0.0,0.0,0.0,0.0,0.0,0.0,0.0,0.0,0.0,0.0,0.0,0.0,0.0,0.0,0.0,0.0,0.0,0.0,0.0,0.0,0.0,0.0,Z,20
0.0,0.0,0.421875,0.073529,0.875,0.264706,0.90625,0.514706,0.65625,0.632353,0.6875,1.0,0.6875,1.147059,0.546875,1.058824,0.4375,0.897059,0.359375,1.132353,0.296875,1.058824,0.234375,0.691176,0.265625,0.455882,0.015625,1.132353,-0.03125,0.955882,-0.03125,0.647059,0.03125,0.5,-0.3125,1.058824,-0.34375,0.926471,-0.28125,0.691176,-0.203125,0.588235,0,0,0.0,0.0,0.0,0.0,0.0,0.0,0.0,0.0,0.0,0.0,0.0,0.0,0.0,0.0,0.0,0.0,0.0,0.0,0.0,0.0,0.0,0.0,0.0,0.0,0.0,0.0,0.0,0.0,0.0,0.0,0.0,0.0,0.0,0.0,0.0,0.0,0.0,0.0,0.0,0.0,0.0,0.0,Z,20
0.0,0.0,0.40625,0.072464,0.859375,0.246377,0.953125,0.463768,0.71875,0.57971,0.671875,1.0,0.671875,1.101449,0.5625,1.014493,0.46875,0.855072,0.34375,1.115942,0.3125,1.043478,0.25,0.666667,0.265625,0.463768,0.0,1.101449,-0.015625,0.985507,-0.015625,0.666667,0.03125,0.492754,-0.328125,1.014493,-0.359375,0.985507,-0.296875,0.768116,-0.21875,0.652174,0,0,0.0,0.0,0.0,0.0,0.0,0.0,0.0,0.0,0.0,0.0,0.0,0.0,0.0,0.0,0.0,0.0,0.0,0.0,0.0,0.0,0.0,0.0,0.0,0.0,0.0,0.0,0.0,0.0,0.0,0.0,0.0,0.0,0.0,0.0,0.0,0.0,0.0,0.0,0.0,0.0,0.0,0.0,Z,20
0.0,0.0,0.453125,0.085714,0.90625,0.285714,0.9375,0.528571,0.640625,0.6,0.6875,1.0,0.703125,1.128571,0.578125,1.014286,0.46875,0.857143,0.359375,1.114286,0.328125,1.071429,0.265625,0.7,0.28125,0.5,0.03125,1.114286,-0.015625,0.971429,0.0,0.657143,0.046875,0.5,-0.3125,1.014286,-0.328125,0.957143,-0.265625,0.714286,-0.1875,0.585714,0,0,0.0,0.0,0.0,0.0,0.0,0.0,0.0,0.0,0.0,0.0,0.0,0.0,0.0,0.0,0.0,0.0,0.0,0.0,0.0,0.0,0.0,0.0,0.0,0.0,0.0,0.0,0.0,0.0,0.0,0.0,0.0,0.0,0.0,0.0,0.0,0.0,0.0,0.0,0.0,0.0,0.0,0.0,Z,20
0.0,0.0,0.390625,0.074627,0.8125,0.223881,0.953125,0.432836,0.765625,0.58209,0.640625,1.0,0.640625,1.149254,0.53125,1.044776,0.421875,0.865672,0.3125,1.089552,0.296875,1.134328,0.203125,0.731343,0.203125,0.492537,-0.015625,1.089552,-0.046875,1.074627,-0.0625,0.716418,-0.03125,0.522388,-0.359375,1.0,-0.390625,1.029851,-0.328125,0.791045,-0.25,0.656716,0,0,0.0,0.0,0.0,0.0,0.0,0.0,0.0,0.0,0.0,0.0,0.0,0.0,0.0,0.0,0.0,0.0,0.0,0.0,0.0,0.0,0.0,0.0,0.0,0.0,0.0,0.0,0.0,0.0,0.0,0.0,0.0,0.0,0.0,0.0,0.0,0.0,0.0,0.0,0.0,0.0,0.0,0.0,Z,20
0.0,0.0,0.4,0.074627,0.815385,0.208955,0.969231,0.41791,0.784615,0.58209,0.676923,1.0,0.676923,1.179104,0.569231,1.104478,0.446154,0.925373,0.338462,1.119403,0.307692,1.119403,0.215385,0.701493,0.230769,0.462687,0.015385,1.119403,-0.030769,1.029851,-0.046154,0.686567,0.0,0.507463,-0.323077,1.059701,-0.369231,1.0,-0.323077,0.746269,-0.230769,0.626866,0,0,0.0,0.0,0.0,0.0,0.0,0.0,0.0,0.0,0.0,0.0,0.0,0.0,0.0,0.0,0.0,0.0,0.0,0.0,0.0,0.0,0.0,0.0,0.0,0.0,0.0,0.0,0.0,0.0,0.0,0.0,0.0,0.0,0.0,0.0,0.0,0.0,0.0,0.0,0.0,0.0,0.0,0.0,Z,20
0.0,0.0,0.424242,0.109589,0.848485,0.273973,0.893939,0.465753,0.666667,0.534247,0.651515,1.0,0.666667,1.082192,0.545455,0.972603,0.424242,0.821918,0.30303,1.123288,0.272727,0.945205,0.227273,0.589041,0.242424,0.424658,-0.030303,1.123288,-0.045455,0.849315,-0.030303,0.561644,0.015152,0.452055,-0.348485,1.041096,-0.363636,0.835616,-0.30303,0.60274,-0.212121,0.520548,0,0,0.0,0.0,0.0,0.0,0.0,0.0,0.0,0.0,0.0,0.0,0.0,0.0,0.0,0.0,0.0,0.0,0.0,0.0,0.0,0.0,0.0,0.0,0.0,0.0,0.0,0.0,0.0,0.0,0.0,0.0,0.0,0.0,0.0,0.0,0.0,0.0,0.0,0.0,0.0,0.0,0.0,0.0,Z,20
0.0,0.0,0.415385,0.088235,0.846154,0.235294,0.953846,0.455882,0.723077,0.588235,0.676923,1.0,0.676923,1.147059,0.553846,1.044118,0.430769,0.867647,0.353846,1.132353,0.307692,1.073529,0.230769,0.676471,0.246154,0.485294,0.015385,1.147059,-0.030769,0.970588,-0.046154,0.647059,0.015385,0.514706,-0.323077,1.088235,-0.353846,0.911765,-0.307692,0.676471,-0.215385,0.588235,0,0,0.0,0.0,0.0,0.0,0.0,0.0,0.0,0.0,0.0,0.0,0.0,0.0,0.0,0.0,0.0,0.0,0.0,0.0,0.0,0.0,0.0,0.0,0.0,0.0,0.0,0.0,0.0,0.0,0.0,0.0,0.0,0.0,0.0,0.0,0.0,0.0,0.0,0.0,0.0,0.0,0.0,0.0,Z,20
0.0,0.0,0.415385,0.086957,0.846154,0.275362,0.876923,0.521739,0.630769,0.623188,0.646154,1.0,0.661538,1.144928,0.523077,1.028986,0.415385,0.84058,0.323077,1.115942,0.276923,1.101449,0.215385,0.710145,0.230769,0.463768,-0.015385,1.115942,-0.046154,1.014493,-0.046154,0.681159,0.0,0.492754,-0.353846,1.028986,-0.369231,0.956522,-0.307692,0.710145,-0.215385,0.57971,0,0,0.0,0.0,0.0,0.0,0.0,0.0,0.0,0.0,0.0,0.0,0.0,0.0,0.0,0.0,0.0,0.0,0.0,0.0,0.0,0.0,0.0,0.0,0.0,0.0,0.0,0.0,0.0,0.0,0.0,0.0,0.0,0.0,0.0,0.0,0.0,0.0,0.0,0.0,0.0,0.0,0.0,0.0,Z,20
0.0,0.0,0.396825,0.072464,0.857143,0.231884,0.968254,0.449275,0.746032,0.57971,0.68254,1.0,0.68254,1.130435,0.52381,1.014493,0.412698,0.84058,0.365079,1.115942,0.301587,1.072464,0.206349,0.681159,0.222222,0.478261,0.015873,1.115942,-0.047619,0.985507,-0.063492,0.666667,0.0,0.507246,-0.31746,1.057971,-0.365079,0.942029,-0.31746,0.710145,-0.222222,0.608696,0,0,0.0,0.0,0.0,0.0,0.0,0.0,0.0,0.0,0.0,0.0,0.0,0.0,0.0,0.0,0.0,0.0,0.0,0.0,0.0,0.0,0.0,0.0,0.0,0.0,0.0,0.0,0.0,0.0,0.0,0.0,0.0,0.0,0.0,0.0,0.0,0.0,0.0,0.0,0.0,0.0,0.0,0.0,Z,20
0.0,0.0,0.430769,0.070423,0.876923,0.253521,0.907692,0.492958,0.630769,0.577465,0.661538,1.0,0.661538,1.098592,0.523077,0.985915,0.415385,0.830986,0.338462,1.126761,0.276923,1.014085,0.215385,0.647887,0.246154,0.43662,-0.015385,1.126761,-0.061538,0.915493,-0.046154,0.605634,0.015385,0.464789,-0.338462,1.042254,-0.369231,0.887324,-0.292308,0.633803,-0.215385,0.521127,0,0,0.0,0.0,0.0,0.0,0.0,0.0,0.0,0.0,0.0,0.0,0.0,0.0,0.0,0.0,0.0,0.0,0.0,0.0,0.0,0.0,0.0,0.0,0.0,0.0,0.0,0.0,0.0,0.0,0.0,0.0,0.0,0.0,0.0,0.0,0.0,0.0,0.0,0.0,0.0,0.0,0.0,0.0,Z,20
0.0,0.0,0.444444,0.101449,0.904762,0.289855,0.920635,0.521739,0.619048,0.57971,0.650794,1.0,0.634921,1.130435,0.507937,1.028986,0.396825,0.869565,0.31746,1.101449,0.269841,1.072464,0.206349,0.681159,0.206349,0.434783,-0.015873,1.086957,-0.063492,1.014493,-0.063492,0.681159,-0.015873,0.478261,-0.349206,1.0,-0.396825,1.014493,-0.333333,0.782609,-0.253968,0.623188,0,0,0.0,0.0,0.0,0.0,0.0,0.0,0.0,0.0,0.0,0.0,0.0,0.0,0.0,0.0,0.0,0.0,0.0,0.0,0.0,0.0,0.0,0.0,0.0,0.0,0.0,0.0,0.0,0.0,0.0,0.0,0.0,0.0,0.0,0.0,0.0,0.0,0.0,0.0,0.0,0.0,0.0,0.0,Z,20
0.0,0.0,0.415385,0.089552,0.861538,0.283582,0.923077,0.507463,0.676923,0.597015,0.646154,1.0,0.646154,1.19403,0.507692,1.104478,0.369231,0.895522,0.307692,1.089552,0.276923,1.134328,0.2,0.716418,0.2,0.41791,-0.030769,1.089552,-0.061538,1.074627,-0.061538,0.701493,-0.015385,0.462687,-0.353846,1.014925,-0.384615,1.044776,-0.307692,0.791045,-0.230769,0.597015,0,0,0.0,0.0,0.0,0.0,0.0,0.0,0.0,0.0,0.0,0.0,0.0,0.0,0.0,0.0,0.0,0.0,0.0,0.0,0.0,0.0,0.0,0.0,0.0,0.0,0.0,0.0,0.0,0.0,0.0,0.0,0.0,0.0,0.0,0.0,0.0,0.0,0.0,0.0,0.0,0.0,0.0,0.0,Z,20
0.0,0.0,0.390625,0.089552,0.8125,0.253731,0.921875,0.462687,0.71875,0.58209,0.625,1.0,0.59375,1.164179,0.46875,1.059701,0.375,0.865672,0.28125,1.089552,0.25,1.119403,0.171875,0.701493,0.1875,0.462687,-0.046875,1.074627,-0.078125,1.074627,-0.09375,0.701493,-0.03125,0.492537,-0.375,1.0,-0.421875,1.044776,-0.359375,0.791045,-0.265625,0.626866,0,0,0.0,0.0,0.0,0.0,0.0,0.0,0.0,0.0,0.0,0.0,0.0,0.0,0.0,0.0,0.0,0.0,0.0,0.0,0.0,0.0,0.0,0.0,0.0,0.0,0.0,0.0,0.0,0.0,0.0,0.0,0.0,0.0,0.0,0.0,0.0,0.0,0.0,0.0,0.0,0.0,0.0,0.0,Z,20
0.0,0.0,0.415385,0.094595,0.861538,0.243243,0.907692,0.459459,0.661538,0.540541,0.661538,1.0,0.584615,1.040541,0.446154,0.891892,0.369231,0.743243,0.323077,1.108108,0.246154,0.972973,0.169231,0.608108,0.2,0.418919,-0.015385,1.094595,-0.092308,0.905405,-0.092308,0.608108,-0.015385,0.472973,-0.338462,1.013514,-0.4,0.891892,-0.338462,0.662162,-0.230769,0.554054,0,0,0.0,0.0,0.0,0.0,0.0,0.0,0.0,0.0,0.0,0.0,0.0,0.0,0.0,0.0,0.0,0.0,0.0,0.0,0.0,0.0,0.0,0.0,0.0,0.0,0.0,0.0,0.0,0.0,0.0,0.0,0.0,0.0,0.0,0.0,0.0,0.0,0.0,0.0,0.0,0.0,0.0,0.0,Z,20
0.0,0.0,0.4375,0.085714,0.875,0.271429,0.90625,0.485714,0.640625,0.542857,0.625,1.0,0.609375,1.114286,0.46875,1.028571,0.34375,0.871429,0.28125,1.114286,0.234375,0.971429,0.1875,0.614286,0.234375,0.385714,-0.046875,1.1,-0.078125,0.885714,-0.0625,0.571429,0.015625,0.4,-0.375,1.0,-0.40625,0.914286,-0.328125,0.685714,-0.21875,0.557143,0,0,0.0,0.0,0.0,0.0,0.0,0.0,0.0,0.0,0.0,0.0,0.0,0.0,0.0,0.0,0.0,0.0,0.0,0.0,0.0,0.0,0.0,0.0,0.0,0.0,0.0,0.0,0.0,0.0,0.0,0.0,0.0,0.0,0.0,0.0,0.0,0.0,0.0,0.0,0.0,0.0,0.0,0.0,Z,20
0.0,0.0,0.40625,0.085714,0.859375,0.271429,0.90625,0.471429,0.65625,0.528571,0.625,1.0,0.609375,1.1,0.46875,1.028571,0.34375,0.885714,0.28125,1.128571,0.203125,0.928571,0.171875,0.585714,0.21875,0.371429,-0.0625,1.114286,-0.109375,0.857143,-0.078125,0.571429,0.0,0.414286,-0.375,1.014286,-0.4375,0.9,-0.359375,0.7,-0.25,0.571429,0,0,0.0,0.0,0.0,0.0,0.0,0.0,0.0,0.0,0.0,0.0,0.0,0.0,0.0,0.0,0.0,0.0,0.0,0.0,0.0,0.0,0.0,0.0,0.0,0.0,0.0,0.0,0.0,0.0,0.0,0.0,0.0,0.0,0.0,0.0,0.0,0.0,0.0,0.0,0.0,0.0,0.0,0.0,Z,20
0.0,0.0,0.45098,0.185185,0.901961,0.506173,1.0,0.839506,0.686275,1.037037,0.431373,1.0,0.54902,1.271605,0.784314,1.407407,1.0,1.481481,0.098039,1.0,0.490196,1.222222,0.509804,0.82716,0.352941,0.679012,-0.215686,0.950617,0.176471,1.08642,0.215686,0.728395,0.019608,0.617284,-0.568627,0.839506,-0.156863,1.0,-0.078431,0.765432,-0.235294,0.666667,0,0,0.0,0.0,0.0,0.0,0.0,0.0,0.0,0.0,0.0,0.0,0.0,0.0,0.0,0.0,0.0,0.0,0.0,0.0,0.0,0.0,0.0,0.0,0.0,0.0,0.0,0.0,0.0,0.0,0.0,0.0,0.0,0.0,0.0,0.0,0.0,0.0,0.0,0.0,0.0,0.0,0.0,0.0,Z,21
0.0,0.0,0.490196,0.195122,0.921569,0.52439,0.980392,0.841463,0.627451,1.036585,0.431373,1.0,0.54902,1.256098,0.784314,1.390244,0.980392,1.463415,0.098039,0.987805,0.470588,1.195122,0.509804,0.792683,0.372549,0.634146,-0.215686,0.926829,0.176471,1.060976,0.235294,0.707317,0.058824,0.585366,-0.568627,0.829268,-0.156863,0.963415,-0.078431,0.731707,-0.254902,0.646341,0,0,0.0,0.0,0.0,0.0,0.0,0.0,0.0,0.0,0.0,0.0,0.0,0.0,0.0,0.0,0.0,0.0,0.0,0.0,0.0,0.0,0.0,0.0,0.0,0.0,0.0,0.0,0.0,0.0,0.0,0.0,0.0,0.0,0.0,0.0,0.0,0.0,0.0,0.0,0.0,0.0,0.0,0.0,Z,21
0.0,0.0,0.470588,0.180723,0.901961,0.518072,0.980392,0.855422,0.647059,1.036145,0.45098,1.0,0.54902,1.253012,0.764706,1.385542,0.980392,1.445783,0.117647,0.987952,0.490196,1.180723,0.509804,0.783133,0.372549,0.614458,-0.196078,0.927711,0.196078,1.060241,0.235294,0.698795,0.078431,0.566265,-0.54902,0.831325,-0.156863,0.975904,-0.078431,0.746988,-0.215686,0.638554,0,0,0.0,0.0,0.0,0.0,0.0,0.0,0.0,0.0,0.0,0.0,0.0,0.0,0.0,0.0,0.0,0.0,0.0,0.0,0.0,0.0,0.0,0.0,0.0,0.0,0.0,0.0,0.0,0.0,0.0,0.0,0.0,0.0,0.0,0.0,0.0,0.0,0.0,0.0,0.0,0.0,0.0,0.0,Z,21
0.0,0.0,0.509804,0.192771,0.921569,0.53012,0.980392,0.843373,0.647059,1.036145,0.431373,1.0,0.54902,1.253012,0.784314,1.385542,1.0,1.457831,0.078431,0.975904,0.490196,1.168675,0.509804,0.771084,0.372549,0.614458,-0.215686,0.927711,0.196078,1.048193,0.235294,0.686747,0.039216,0.566265,-0.568627,0.831325,-0.156863,0.975904,-0.078431,0.73494,-0.254902,0.638554,0,0,0.0,0.0,0.0,0.0,0.0,0.0,0.0,0.0,0.0,0.0,0.0,0.0,0.0,0.0,0.0,0.0,0.0,0.0,0.0,0.0,0.0,0.0,0.0,0.0,0.0,0.0,0.0,0.0,0.0,0.0,0.0,0.0,0.0,0.0,0.0,0.0,0.0,0.0,0.0,0.0,0.0,0.0,Z,21
0.0,0.0,0.5,0.190476,0.94,0.511905,1.0,0.809524,0.68,0.988095,0.44,1.0,0.56,1.238095,0.8,1.357143,1.02,1.404762,0.1,0.988095,0.48,1.166667,0.5,0.785714,0.4,0.630952,-0.2,0.916667,0.18,1.035714,0.22,0.702381,0.06,0.571429,-0.56,0.809524,-0.16,0.940476,-0.08,0.72619,-0.24,0.630952,0,0,0.0,0.0,0.0,0.0,0.0,0.0,0.0,0.0,0.0,0.0,0.0,0.0,0.0,0.0,0.0,0.0,0.0,0.0,0.0,0.0,0.0,0.0,0.0,0.0,0.0,0.0,0.0,0.0,0.0,0.0,0.0,0.0,0.0,0.0,0.0,0.0,0.0,0.0,0.0,0.0,0.0,0.0,Z,21
0.0,0.0,0.509804,0.202381,0.941176,0.535714,0.980392,0.845238,0.647059,1.035714,0.45098,1.0,0.568627,1.25,0.803922,1.380952,1.039216,1.440476,0.098039,0.97619,0.490196,1.154762,0.490196,0.761905,0.352941,0.595238,-0.215686,0.928571,0.196078,1.047619,0.215686,0.690476,0.058824,0.559524,-0.54902,0.833333,-0.156863,0.97619,-0.078431,0.738095,-0.215686,0.630952,0,0,0.0,0.0,0.0,0.0,0.0,0.0,0.0,0.0,0.0,0.0,0.0,0.0,0.0,0.0,0.0,0.0,0.0,0.0,0.0,0.0,0.0,0.0,0.0,0.0,0.0,0.0,0.0,0.0,0.0,0.0,0.0,0.0,0.0,0.0,0.0,0.0,0.0,0.0,0.0,0.0,0.0,0.0,Z,21
0.0,0.0,0.54,0.204819,0.98,0.542169,1.02,0.855422,0.66,1.048193,0.48,1.0,0.58,1.26506,0.82,1.39759,1.06,1.445783,0.14,0.975904,0.5,1.180723,0.52,0.783133,0.38,0.614458,-0.18,0.915663,0.2,1.060241,0.24,0.710843,0.08,0.566265,-0.52,0.807229,-0.14,0.987952,-0.06,0.746988,-0.22,0.638554,0,0,0.0,0.0,0.0,0.0,0.0,0.0,0.0,0.0,0.0,0.0,0.0,0.0,0.0,0.0,0.0,0.0,0.0,0.0,0.0,0.0,0.0,0.0,0.0,0.0,0.0,0.0,0.0,0.0,0.0,0.0,0.0,0.0,0.0,0.0,0.0,0.0,0.0,0.0,0.0,0.0,0.0,0.0,Z,21
0.0,0.0,0.5,0.204819,0.923077,0.518072,0.980769,0.831325,0.653846,1.024096,0.480769,1.0,0.557692,1.26506,0.807692,1.39759,1.019231,1.445783,0.134615,0.987952,0.5,1.180723,0.519231,0.783133,0.365385,0.614458,-0.173077,0.927711,0.192308,1.060241,0.230769,0.710843,0.057692,0.590361,-0.519231,0.831325,-0.153846,0.975904,-0.057692,0.759036,-0.211538,0.662651,0,0,0.0,0.0,0.0,0.0,0.0,0.0,0.0,0.0,0.0,0.0,0.0,0.0,0.0,0.0,0.0,0.0,0.0,0.0,0.0,0.0,0.0,0.0,0.0,0.0,0.0,0.0,0.0,0.0,0.0,0.0,0.0,0.0,0.0,0.0,0.0,0.0,0.0,0.0,0.0,0.0,0.0,0.0,Z,21
0.0,0.0,0.5,0.195122,0.942308,0.52439,1.019231,0.841463,0.692308,1.02439,0.461538,1.0,0.576923,1.256098,0.788462,1.390244,1.0,1.439024,0.134615,0.987805,0.5,1.195122,0.557692,0.804878,0.423077,0.646341,-0.173077,0.926829,0.211538,1.073171,0.269231,0.719512,0.096154,0.597561,-0.538462,0.817073,-0.153846,0.97561,-0.057692,0.731707,-0.211538,0.634146,0,0,0.0,0.0,0.0,0.0,0.0,0.0,0.0,0.0,0.0,0.0,0.0,0.0,0.0,0.0,0.0,0.0,0.0,0.0,0.0,0.0,0.0,0.0,0.0,0.0,0.0,0.0,0.0,0.0,0.0,0.0,0.0,0.0,0.0,0.0,0.0,0.0,0.0,0.0,0.0,0.0,0.0,0.0,Z,21
0.0,0.0,0.480769,0.175,0.942308,0.5375,1.0,0.875,0.634615,1.0375,0.461538,1.0,0.576923,1.2625,0.788462,1.4,0.980769,1.4875,0.115385,0.9875,0.461538,1.1875,0.519231,0.8,0.384615,0.6375,-0.192308,0.925,0.173077,1.075,0.230769,0.725,0.076923,0.5875,-0.538462,0.825,-0.173077,0.9875,-0.076923,0.75,-0.211538,0.65,0,0,0.0,0.0,0.0,0.0,0.0,0.0,0.0,0.0,0.0,0.0,0.0,0.0,0.0,0.0,0.0,0.0,0.0,0.0,0.0,0.0,0.0,0.0,0.0,0.0,0.0,0.0,0.0,0.0,0.0,0.0,0.0,0.0,0.0,0.0,0.0,0.0,0.0,0.0,0.0,0.0,0.0,0.0,Z,21
0.0,0.0,0.470588,0.189873,0.901961,0.556962,0.941176,0.886076,0.54902,1.037975,0.411765,1.0,0.509804,1.291139,0.72549,1.43038,0.941176,1.506329,0.058824,0.987342,0.392157,1.202532,0.470588,0.835443,0.372549,0.658228,-0.254902,0.924051,0.098039,1.063291,0.176471,0.734177,0.039216,0.582278,-0.588235,0.810127,-0.235294,0.987342,-0.137255,0.759494,-0.27451,0.64557,0,0,0.0,0.0,0.0,0.0,0.0,0.0,0.0,0.0,0.0,0.0,0.0,0.0,0.0,0.0,0.0,0.0,0.0,0.0,0.0,0.0,0.0,0.0,0.0,0.0,0.0,0.0,0.0,0.0,0.0,0.0,0.0,0.0,0.0,0.0,0.0,0.0,0.0,0.0,0.0,0.0,0.0,0.0,Z,21
0.0,0.0,0.461538,0.17284,0.903846,0.555556,0.865385,0.91358,0.442308,1.049383,0.384615,1.0,0.480769,1.246914,0.673077,1.395062,0.846154,1.481481,0.038462,0.975309,0.326923,1.17284,0.403846,0.814815,0.307692,0.666667,-0.269231,0.901235,0.038462,1.037037,0.115385,0.716049,-0.019231,0.592593,-0.615385,0.777778,-0.307692,0.962963,-0.173077,0.740741,-0.288462,0.62963,0,0,0.0,0.0,0.0,0.0,0.0,0.0,0.0,0.0,0.0,0.0,0.0,0.0,0.0,0.0,0.0,0.0,0.0,0.0,0.0,0.0,0.0,0.0,0.0,0.0,0.0,0.0,0.0,0.0,0.0,0.0,0.0,0.0,0.0,0.0,0.0,0.0,0.0,0.0,0.0,0.0,0.0,0.0,Z,21
0.0,0.0,0.45098,0.202532,0.862745,0.594937,0.843137,0.936709,0.45098,1.075949,0.352941,1.0,0.431373,1.265823,0.588235,1.417722,0.764706,1.531646,0.019608,0.974684,0.254902,1.21519,0.372549,0.898734,0.333333,0.696203,-0.294118,0.898734,-0.039216,1.075949,0.078431,0.759494,-0.019608,0.594937,-0.647059,0.78481,-0.372549,0.987342,-0.235294,0.772152,-0.333333,0.632911,0,0,0.0,0.0,0.0,0.0,0.0,0.0,0.0,0.0,0.0,0.0,0.0,0.0,0.0,0.0,0.0,0.0,0.0,0.0,0.0,0.0,0.0,0.0,0.0,0.0,0.0,0.0,0.0,0.0,0.0,0.0,0.0,0.0,0.0,0.0,0.0,0.0,0.0,0.0,0.0,0.0,0.0,0.0,Z,21
0.0,0.0,0.433962,0.192308,0.811321,0.615385,0.660377,0.961538,0.245283,1.089744,0.358491,1.0,0.358491,1.24359,0.45283,1.435897,0.528302,1.576923,0.018868,0.987179,0.169811,1.24359,0.283019,0.897436,0.245283,0.692308,-0.301887,0.910256,-0.150943,1.102564,0.0,0.782051,-0.056604,0.615385,-0.641509,0.794872,-0.471698,1.012821,-0.339623,0.807692,-0.396226,0.666667,0,0,0.0,0.0,0.0,0.0,0.0,0.0,0.0,0.0,0.0,0.0,0.0,0.0,0.0,0.0,0.0,0.0,0.0,0.0,0.0,0.0,0.0,0.0,0.0,0.0,0.0,0.0,0.0,0.0,0.0,0.0,0.0,0.0,0.0,0.0,0.0,0.0,0.0,0.0,0.0,0.0,0.0,0.0,Z,21
0.0,0.0,0.392857,0.197368,0.75,0.605263,0.589286,0.973684,0.178571,1.118421,0.357143,1.0,0.339286,1.236842,0.375,1.434211,0.410714,1.592105,0.017857,0.973684,0.125,1.263158,0.25,0.907895,0.232143,0.697368,-0.285714,0.907895,-0.160714,1.105263,-0.017857,0.75,-0.071429,0.565789,-0.642857,0.789474,-0.482143,1.013158,-0.357143,0.776316,-0.428571,0.644737,0,0,0.0,0.0,0.0,0.0,0.0,0.0,0.0,0.0,0.0,0.0,0.0,0.0,0.0,0.0,0.0,0.0,0.0,0.0,0.0,0.0,0.0,0.0,0.0,0.0,0.0,0.0,0.0,0.0,0.0,0.0,0.0,0.0,0.0,0.0,0.0,0.0,0.0,0.0,0.0,0.0,0.0,0.0,Z,21
0.0,0.0,0.344828,0.181818,0.689655,0.61039,0.517241,0.974026,0.12069,1.12987,0.344828,1.0,0.310345,1.233766,0.310345,1.454545,0.327586,1.61039,0.0,0.974026,0.051724,1.272727,0.172414,0.922078,0.172414,0.701299,-0.310345,0.909091,-0.241379,1.116883,-0.086207,0.779221,-0.103448,0.584416,-0.655172,0.779221,-0.551724,1.025974,-0.413793,0.805195,-0.431034,0.662338,0,0,0.0,0.0,0.0,0.0,0.0,0.0,0.0,0.0,0.0,0.0,0.0,0.0,0.0,0.0,0.0,0.0,0.0,0.0,0.0,0.0,0.0,0.0,0.0,0.0,0.0,0.0,0.0,0.0,0.0,0.0,0.0,0.0,0.0,0.0,0.0,0.0,0.0,0.0,0.0,0.0,0.0,0.0,Z,21
0.0,0.0,0.368421,0.223684,0.666667,0.618421,0.526316,0.973684,0.122807,1.105263,0.333333,1.0,0.280702,1.263158,0.263158,1.460526,0.280702,1.578947,-0.017544,0.973684,0.017544,1.289474,0.140351,0.947368,0.175439,0.723684,-0.315789,0.907895,-0.245614,1.118421,-0.105263,0.776316,-0.105263,0.565789,-0.666667,0.789474,-0.578947,1.026316,-0.438596,0.815789,-0.45614,0.671053,0,0,0.0,0.0,0.0,0.0,0.0,0.0,0.0,0.0,0.0,0.0,0.0,0.0,0.0,0.0,0.0,0.0,0.0,0.0,0.0,0.0,0.0,0.0,0.0,0.0,0.0,0.0,0.0,0.0,0.0,0.0,0.0,0.0,0.0,0.0,0.0,0.0,0.0,0.0,0.0,0.0,0.0,0.0,Z,21
0.0,0.0,0.37931,0.192308,0.689655,0.615385,0.5,0.987179,0.068966,1.141026,0.344828,1.0,0.275862,1.230769,0.258621,1.448718,0.258621,1.576923,0.0,0.974359,0.068966,1.269231,0.172414,0.884615,0.155172,0.679487,-0.310345,0.897436,-0.224138,1.102564,-0.086207,0.74359,-0.12069,0.564103,-0.655172,0.769231,-0.551724,1.012821,-0.396552,0.769231,-0.431034,0.628205,0,0,0.0,0.0,0.0,0.0,0.0,0.0,0.0,0.0,0.0,0.0,0.0,0.0,0.0,0.0,0.0,0.0,0.0,0.0,0.0,0.0,0.0,0.0,0.0,0.0,0.0,0.0,0.0,0.0,0.0,0.0,0.0,0.0,0.0,0.0,0.0,0.0,0.0,0.0,0.0,0.0,0.0,0.0,Z,21
0.0,0.0,0.357143,0.192308,0.696429,0.615385,0.517857,1.0,0.053571,1.141026,0.321429,1.0,0.267857,1.230769,0.25,1.448718,0.25,1.589744,-0.017857,0.974359,0.053571,1.269231,0.160714,0.897436,0.160714,0.679487,-0.339286,0.897436,-0.267857,1.115385,-0.107143,0.75641,-0.142857,0.576923,-0.678571,0.794872,-0.571429,1.038462,-0.428571,0.794872,-0.464286,0.653846,0,0,0.0,0.0,0.0,0.0,0.0,0.0,0.0,0.0,0.0,0.0,0.0,0.0,0.0,0.0,0.0,0.0,0.0,0.0,0.0,0.0,0.0,0.0,0.0,0.0,0.0,0.0,0.0,0.0,0.0,0.0,0.0,0.0,0.0,0.0,0.0,0.0,0.0,0.0,0.0,0.0,0.0,0.0,Z,21
0.0,0.0,0.368421,0.189873,0.701754,0.607595,0.526316,0.974684,0.087719,1.113924,0.333333,1.0,0.298246,1.227848,0.280702,1.417722,0.245614,1.56962,-0.017544,0.974684,0.070175,1.240506,0.175439,0.860759,0.140351,0.670886,-0.315789,0.898734,-0.22807,1.101266,-0.087719,0.734177,-0.122807,0.556962,-0.666667,0.78481,-0.54386,1.025316,-0.403509,0.78481,-0.45614,0.64557,0,0,0.0,0.0,0.0,0.0,0.0,0.0,0.0,0.0,0.0,0.0,0.0,0.0,0.0,0.0,0.0,0.0,0.0,0.0,0.0,0.0,0.0,0.0,0.0,0.0,0.0,0.0,0.0,0.0,0.0,0.0,0.0,0.0,0.0,0.0,0.0,0.0,0.0,0.0,0.0,0.0,0.0,0.0,Z,21
0.0,0.0,0.333333,0.202532,0.666667,0.620253,0.526316,0.962025,0.122807,1.088608,0.315789,1.0,0.280702,1.227848,0.245614,1.417722,0.22807,1.556962,-0.035088,0.974684,0.035088,1.265823,0.157895,0.911392,0.175439,0.696203,-0.350877,0.898734,-0.263158,1.113924,-0.105263,0.759494,-0.105263,0.56962,-0.684211,0.78481,-0.596491,1.037975,-0.438596,0.822785,-0.438596,0.670886,0,0,0.0,0.0,0.0,0.0,0.0,0.0,0.0,0.0,0.0,0.0,0.0,0.0,0.0,0.0,0.0,0.0,0.0,0.0,0.0,0.0,0.0,0.0,0.0,0.0,0.0,0.0,0.0,0.0,0.0,0.0,0.0,0.0,0.0,0.0,0.0,0.0,0.0,0.0,0.0,0.0,0.0,0.0,Z,21
0.0,0.0,0.385965,0.2,0.719298,0.6,0.578947,0.9375,0.175439,1.0875,0.350877,1.0,0.315789,1.2125,0.315789,1.4,0.333333,1.525,0.0,0.9625,0.087719,1.25,0.210526,0.8875,0.210526,0.6875,-0.298246,0.8875,-0.192982,1.1,-0.052632,0.7625,-0.070175,0.575,-0.649123,0.775,-0.526316,1.0125,-0.368421,0.7875,-0.385965,0.6375,0,0,0.0,0.0,0.0,0.0,0.0,0.0,0.0,0.0,0.0,0.0,0.0,0.0,0.0,0.0,0.0,0.0,0.0,0.0,0.0,0.0,0.0,0.0,0.0,0.0,0.0,0.0,0.0,0.0,0.0,0.0,0.0,0.0,0.0,0.0,0.0,0.0,0.0,0.0,0.0,0.0,0.0,0.0,Z,21
0.0,0.0,0.392857,0.207792,0.785714,0.623377,0.607143,0.987013,0.178571,1.103896,0.357143,1.0,0.339286,1.233766,0.357143,1.415584,0.375,1.558442,0.0,0.987013,0.107143,1.272727,0.232143,0.948052,0.25,0.714286,-0.303571,0.909091,-0.196429,1.12987,-0.035714,0.805195,-0.035714,0.597403,-0.642857,0.792208,-0.517857,1.051948,-0.375,0.831169,-0.392857,0.662338,0,0,0.0,0.0,0.0,0.0,0.0,0.0,0.0,0.0,0.0,0.0,0.0,0.0,0.0,0.0,0.0,0.0,0.0,0.0,0.0,0.0,0.0,0.0,0.0,0.0,0.0,0.0,0.0,0.0,0.0,0.0,0.0,0.0,0.0,0.0,0.0,0.0,0.0,0.0,0.0,0.0,0.0,0.0,Z,21
0.0,0.0,0.428571,0.202703,0.821429,0.608108,0.642857,0.972973,0.267857,1.135135,0.410714,1.0,0.446429,1.22973,0.517857,1.405405,0.607143,1.513514,0.089286,1.013514,0.142857,1.324324,0.321429,1.337838,0.464286,1.324324,-0.232143,0.945946,-0.071429,1.135135,0.017857,0.837838,0.0,0.635135,-0.589286,0.837838,-0.428571,1.054054,-0.303571,0.837838,-0.321429,0.675676,0,0,0.0,0.0,0.0,0.0,0.0,0.0,0.0,0.0,0.0,0.0,0.0,0.0,0.0,0.0,0.0,0.0,0.0,0.0,0.0,0.0,0.0,0.0,0.0,0.0,0.0,0.0,0.0,0.0,0.0,0.0,0.0,0.0,0.0,0.0,0.0,0.0,0.0,0.0,0.0,0.0,0.0,0.0,Z,21
0.0,0.0,0.444444,0.186667,0.833333,0.586667,0.703704,0.96,0.296296,1.106667,0.333333,1.0,0.351852,1.253333,0.518519,1.4,0.666667,1.48,0.0,0.973333,0.166667,1.24,0.333333,0.96,0.333333,0.773333,-0.314815,0.906667,-0.111111,1.093333,0.037037,0.773333,-0.037037,0.613333,-0.666667,0.773333,-0.462963,1.013333,-0.296296,0.786667,-0.351852,0.64,0,0,0.0,0.0,0.0,0.0,0.0,0.0,0.0,0.0,0.0,0.0,0.0,0.0,0.0,0.0,0.0,0.0,0.0,0.0,0.0,0.0,0.0,0.0,0.0,0.0,0.0,0.0,0.0,0.0,0.0,0.0,0.0,0.0,0.0,0.0,0.0,0.0,0.0,0.0,0.0,0.0,0.0,0.0,Z,21
0.0,0.0,0.428571,0.183099,0.821429,0.605634,0.678571,0.971831,0.303571,1.126761,0.392857,1.0,0.464286,1.225352,0.589286,1.394366,0.732143,1.521127,0.089286,1.014085,0.178571,1.366197,0.392857,1.422535,0.571429,1.478873,-0.25,0.957746,-0.053571,1.140845,0.053571,0.84507,0.035714,0.661972,-0.607143,0.816901,-0.410714,1.028169,-0.267857,0.802817,-0.285714,0.647887,0,0,0.0,0.0,0.0,0.0,0.0,0.0,0.0,0.0,0.0,0.0,0.0,0.0,0.0,0.0,0.0,0.0,0.0,0.0,0.0,0.0,0.0,0.0,0.0,0.0,0.0,0.0,0.0,0.0,0.0,0.0,0.0,0.0,0.0,0.0,0.0,0.0,0.0,0.0,0.0,0.0,0.0,0.0,Z,21
0.0,0.0,0.510638,0.197531,1.021277,0.493827,1.148936,0.777778,0.851064,0.938272,0.510638,1.0,0.765957,1.222222,1.06383,1.283951,1.319149,1.259259,0.191489,1.0,0.638298,1.135802,0.723404,0.814815,0.638298,0.62963,-0.12766,0.950617,0.361702,1.024691,0.425532,0.728395,0.276596,0.567901,-0.489362,0.851852,-0.042553,0.938272,0.106383,0.716049,0.0,0.592593,0,0,0.0,0.0,0.0,0.0,0.0,0.0,0.0,0.0,0.0,0.0,0.0,0.0,0.0,0.0,0.0,0.0,0.0,0.0,0.0,0.0,0.0,0.0,0.0,0.0,0.0,0.0,0.0,0.0,0.0,0.0,0.0,0.0,0.0,0.0,0.0,0.0,0.0,0.0,0.0,0.0,0.0,0.0,Z,21
0.0,0.0,0.565217,0.170732,1.086957,0.47561,1.173913,0.756098,0.826087,0.890244,0.478261,1.0,0.717391,1.219512,1.065217,1.256098,1.347826,1.243902,0.130435,1.0,0.608696,1.073171,0.652174,0.756098,0.521739,0.609756,-0.195652,0.939024,0.304348,0.987805,0.347826,0.695122,0.195652,0.573171,-0.521739,0.829268,-0.065217,0.926829,0.065217,0.707317,-0.021739,0.585366,0,0,0.0,0.0,0.0,0.0,0.0,0.0,0.0,0.0,0.0,0.0,0.0,0.0,0.0,0.0,0.0,0.0,0.0,0.0,0.0,0.0,0.0,0.0,0.0,0.0,0.0,0.0,0.0,0.0,0.0,0.0,0.0,0.0,0.0,0.0,0.0,0.0,0.0,0.0,0.0,0.0,0.0,0.0,Z,21
0.0,0.0,0.55102,0.166667,1.081633,0.452381,1.204082,0.72619,0.877551,0.869048,0.530612,1.0,0.795918,1.178571,1.102041,1.202381,1.367347,1.190476,0.183673,1.02381,0.673469,1.011905,0.653061,0.690476,0.489796,0.571429,-0.142857,0.97619,0.387755,0.940476,0.346939,0.642857,0.163265,0.547619,-0.469388,0.869048,0.040816,0.880952,0.081633,0.666667,-0.061224,0.571429,0,0,0.0,0.0,0.0,0.0,0.0,0.0,0.0,0.0,0.0,0.0,0.0,0.0,0.0,0.0,0.0,0.0,0.0,0.0,0.0,0.0,0.0,0.0,0.0,0.0,0.0,0.0,0.0,0.0,0.0,0.0,0.0,0.0,0.0,0.0,0.0,0.0,0.0,0.0,0.0,0.0,0.0,0.0,Z,21
0.0,0.0,0.541667,0.154762,1.0625,0.428571,1.229167,0.702381,0.9375,0.869048,0.541667,1.0,0.854167,1.166667,1.1875,1.190476,1.458333,1.154762,0.166667,1.02381,0.729167,1.011905,0.6875,0.666667,0.5,0.571429,-0.145833,0.97619,0.4375,0.928571,0.395833,0.619048,0.208333,0.535714,-0.458333,0.869048,0.0625,0.869048,0.125,0.654762,-0.041667,0.571429,0,0,0.0,0.0,0.0,0.0,0.0,0.0,0.0,0.0,0.0,0.0,0.0,0.0,0.0,0.0,0.0,0.0,0.0,0.0,0.0,0.0,0.0,0.0,0.0,0.0,0.0,0.0,0.0,0.0,0.0,0.0,0.0,0.0,0.0,0.0,0.0,0.0,0.0,0.0,0.0,0.0,0.0,0.0,Z,21
0.0,0.0,0.553191,0.152941,1.06383,0.423529,1.297872,0.670588,1.042553,0.835294,0.553191,1.0,0.914894,1.164706,1.276596,1.176471,1.553191,1.141176,0.191489,1.035294,0.787234,1.0,0.723404,0.658824,0.531915,0.564706,-0.12766,0.976471,0.489362,0.917647,0.446809,0.623529,0.234043,0.529412,-0.446809,0.858824,0.106383,0.858824,0.170213,0.647059,0.021277,0.564706,0,0,0.0,0.0,0.0,0.0,0.0,0.0,0.0,0.0,0.0,0.0,0.0,0.0,0.0,0.0,0.0,0.0,0.0,0.0,0.0,0.0,0.0,0.0,0.0,0.0,0.0,0.0,0.0,0.0,0.0,0.0,0.0,0.0,0.0,0.0,0.0,0.0,0.0,0.0,0.0,0.0,0.0,0.0,Z,21
0.0,0.0,0.574468,0.152941,1.106383,0.411765,1.319149,0.647059,1.085106,0.835294,0.617021,1.0,1.0,1.164706,1.340426,1.164706,1.638298,1.141176,0.234043,1.023529,0.851064,1.0,0.765957,0.658824,0.574468,0.576471,-0.085106,0.976471,0.553191,0.917647,0.489362,0.611765,0.276596,0.541176,-0.382979,0.858824,0.212766,0.870588,0.234043,0.647059,0.042553,0.564706,0,0,0.0,0.0,0.0,0.0,0.0,0.0,0.0,0.0,0.0,0.0,0.0,0.0,0.0,0.0,0.0,0.0,0.0,0.0,0.0,0.0,0.0,0.0,0.0,0.0,0.0,0.0,0.0,0.0,0.0,0.0,0.0,0.0,0.0,0.0,0.0,0.0,0.0,0.0,0.0,0.0,0.0,0.0,Z,21
0.0,0.0,0.595745,0.152941,1.148936,0.411765,1.340426,0.670588,1.06383,0.823529,0.595745,1.0,0.978723,1.164706,1.319149,1.164706,1.595745,1.129412,0.212766,1.023529,0.829787,0.988235,0.765957,0.647059,0.553191,0.576471,-0.106383,0.964706,0.553191,0.905882,0.468085,0.588235,0.255319,0.541176,-0.404255,0.847059,0.170213,0.858824,0.191489,0.635294,0.021277,0.564706,0,0,0.0,0.0,0.0,0.0,0.0,0.0,0.0,0.0,0.0,0.0,0.0,0.0,0.0,0.0,0.0,0.0,0.0,0.0,0.0,0.0,0.0,0.0,0.0,0.0,0.0,0.0,0.0,0.0,0.0,0.0,0.0,0.0,0.0,0.0,0.0,0.0,0.0,0.0,0.0,0.0,0.0,0.0,Z,21
0.0,0.0,0.571429,0.152941,1.102041,0.423529,1.285714,0.682353,0.979592,0.835294,0.591837,1.0,0.959184,1.152941,1.265306,1.141176,1.530612,1.105882,0.22449,1.023529,0.77551,1.0,0.693878,0.670588,0.510204,0.564706,-0.081633,0.964706,0.489796,0.894118,0.408163,0.6,0.22449,0.529412,-0.408163,0.847059,0.142857,0.835294,0.163265,0.623529,0.0,0.552941,0,0,0.0,0.0,0.0,0.0,0.0,0.0,0.0,0.0,0.0,0.0,0.0,0.0,0.0,0.0,0.0,0.0,0.0,0.0,0.0,0.0,0.0,0.0,0.0,0.0,0.0,0.0,0.0,0.0,0.0,0.0,0.0,0.0,0.0,0.0,0.0,0.0,0.0,0.0,0.0,0.0,0.0,0.0,Z,21
0.0,0.0,0.583333,0.164706,1.125,0.423529,1.291667,0.682353,1.0,0.847059,0.583333,1.0,0.9375,1.152941,1.25,1.152941,1.541667,1.129412,0.208333,1.023529,0.770833,1.011765,0.708333,0.670588,0.520833,0.564706,-0.104167,0.964706,0.479167,0.917647,0.416667,0.611765,0.229167,0.529412,-0.416667,0.847059,0.125,0.858824,0.145833,0.647059,-0.020833,0.564706,0,0,0.0,0.0,0.0,0.0,0.0,0.0,0.0,0.0,0.0,0.0,0.0,0.0,0.0,0.0,0.0,0.0,0.0,0.0,0.0,0.0,0.0,0.0,0.0,0.0,0.0,0.0,0.0,0.0,0.0,0.0,0.0,0.0,0.0,0.0,0.0,0.0,0.0,0.0,0.0,0.0,0.0,0.0,Z,21
0.0,0.0,0.530612,0.154762,1.061224,0.440476,1.22449,0.714286,0.877551,0.833333,0.571429,1.0,0.857143,1.190476,1.183673,1.202381,1.469388,1.166667,0.204082,1.02381,0.693878,1.011905,0.673469,0.702381,0.510204,0.619048,-0.102041,0.952381,0.387755,0.928571,0.367347,0.654762,0.183673,0.571429,-0.428571,0.845238,0.020408,0.869048,0.081633,0.666667,-0.040816,0.583333,0,0,0.0,0.0,0.0,0.0,0.0,0.0,0.0,0.0,0.0,0.0,0.0,0.0,0.0,0.0,0.0,0.0,0.0,0.0,0.0,0.0,0.0,0.0,0.0,0.0,0.0,0.0,0.0,0.0,0.0,0.0,0.0,0.0,0.0,0.0,0.0,0.0,0.0,0.0,0.0,0.0,0.0,0.0,Z,21
0.0,0.0,0.54,0.154762,1.08,0.47619,1.16,0.77381,0.76,0.869048,0.56,1.0,0.8,1.214286,1.12,1.214286,1.38,1.178571,0.2,1.011905,0.64,1.035714,0.64,0.72619,0.5,0.654762,-0.12,0.952381,0.32,0.940476,0.34,0.654762,0.18,0.595238,-0.44,0.845238,0.0,0.857143,0.06,0.654762,-0.1,0.583333,0,0,0.0,0.0,0.0,0.0,0.0,0.0,0.0,0.0,0.0,0.0,0.0,0.0,0.0,0.0,0.0,0.0,0.0,0.0,0.0,0.0,0.0,0.0,0.0,0.0,0.0,0.0,0.0,0.0,0.0,0.0,0.0,0.0,0.0,0.0,0.0,0.0,0.0,0.0,0.0,0.0,0.0,0.0,Z,21
0.0,0.0,0.5,0.190476,0.961538,0.5,1.0,0.761905,0.673077,0.880952,0.519231,1.0,0.711538,1.214286,1.0,1.214286,1.25,1.166667,0.153846,1.0,0.557692,1.047619,0.596154,0.75,0.480769,0.642857,-0.153846,0.940476,0.230769,0.940476,0.269231,0.666667,0.134615,0.583333,-0.480769,0.821429,-0.115385,0.857143,-0.038462,0.654762,-0.153846,0.583333,0,0,0.0,0.0,0.0,0.0,0.0,0.0,0.0,0.0,0.0,0.0,0.0,0.0,0.0,0.0,0.0,0.0,0.0,0.0,0.0,0.0,0.0,0.0,0.0,0.0,0.0,0.0,0.0,0.0,0.0,0.0,0.0,0.0,0.0,0.0,0.0,0.0,0.0,0.0,0.0,0.0,0.0,0.0,Z,21
0.0,0.0,0.462963,0.195122,0.87037,0.573171,0.777778,0.878049,0.444444,1.02439,0.444444,1.0,0.537037,1.231707,0.722222,1.280488,0.888889,1.256098,0.111111,1.0,0.314815,1.134146,0.407407,0.865854,0.37037,0.743902,-0.203704,0.939024,0.0,1.02439,0.111111,0.768293,0.074074,0.670732,-0.555556,0.829268,-0.314815,0.939024,-0.185185,0.731707,-0.222222,0.646341,0,0,0.0,0.0,0.0,0.0,0.0,0.0,0.0,0.0,0.0,0.0,0.0,0.0,0.0,0.0,0.0,0.0,0.0,0.0,0.0,0.0,0.0,0.0,0.0,0.0,0.0,0.0,0.0,0.0,0.0,0.0,0.0,0.0,0.0,0.0,0.0,0.0,0.0,0.0,0.0,0.0,0.0,0.0,Z,21
0.0,0.0,0.454545,0.207792,0.854545,0.597403,0.690909,0.922078,0.309091,1.025974,0.490909,1.0,0.545455,1.25974,0.618182,1.350649,0.690909,1.363636,0.163636,1.012987,0.272727,1.207792,0.363636,0.935065,0.363636,0.792208,-0.145455,0.961039,-0.054545,1.090909,0.072727,0.844156,0.072727,0.714286,-0.509091,0.87013,-0.381818,1.012987,-0.236364,0.818182,-0.254545,0.701299,0,0,0.0,0.0,0.0,0.0,0.0,0.0,0.0,0.0,0.0,0.0,0.0,0.0,0.0,0.0,0.0,0.0,0.0,0.0,0.0,0.0,0.0,0.0,0.0,0.0,0.0,0.0,0.0,0.0,0.0,0.0,0.0,0.0,0.0,0.0,0.0,0.0,0.0,0.0,0.0,0.0,0.0,0.0,Z,21
0.0,0.0,0.431034,0.220779,0.775862,0.61039,0.586207,0.922078,0.189655,1.012987,0.482759,1.0,0.517241,1.207792,0.534483,1.337662,0.517241,1.415584,0.137931,1.012987,0.224138,1.25974,0.310345,0.987013,0.310345,0.805195,-0.172414,0.961039,-0.103448,1.142857,0.017241,0.857143,0.017241,0.688312,-0.517241,0.857143,-0.413793,1.051948,-0.275862,0.857143,-0.258621,0.701299,0,0,0.0,0.0,0.0,0.0,0.0,0.0,0.0,0.0,0.0,0.0,0.0,0.0,0.0,0.0,0.0,0.0,0.0,0.0,0.0,0.0,0.0,0.0,0.0,0.0,0.0,0.0,0.0,0.0,0.0,0.0,0.0,0.0,0.0,0.0,0.0,0.0,0.0,0.0,0.0,0.0,0.0,0.0,Z,21
0.0,0.0,0.35,0.2125,0.666667,0.5625,0.416667,0.8625,0.033333,1.0,0.5,1.0,0.533333,1.225,0.45,1.3,0.283333,1.3375,0.15,1.0125,0.183333,1.1875,0.233333,0.85,0.233333,0.7125,-0.166667,0.95,-0.2,1.0625,-0.066667,0.7375,-0.05,0.625,-0.5,0.85,-0.483333,0.9875,-0.383333,0.775,-0.383333,0.675,0,0,0.0,0.0,0.0,0.0,0.0,0.0,0.0,0.0,0.0,0.0,0.0,0.0,0.0,0.0,0.0,0.0,0.0,0.0,0.0,0.0,0.0,0.0,0.0,0.0,0.0,0.0,0.0,0.0,0.0,0.0,0.0,0.0,0.0,0.0,0.0,0.0,0.0,0.0,0.0,0.0,0.0,0.0,Z,21
0.0,0.0,0.35,0.2125,0.6,0.525,0.383333,0.8125,0.0,0.9625,0.45,1.0,0.433333,1.2375,0.333333,1.3125,0.2,1.2875,0.083333,0.9875,0.083333,1.1625,0.133333,0.8125,0.166667,0.6875,-0.216667,0.925,-0.266667,1.025,-0.15,0.7,-0.1,0.6,-0.55,0.8125,-0.533333,0.95,-0.433333,0.75,-0.416667,0.6625,0,0,0.0,0.0,0.0,0.0,0.0,0.0,0.0,0.0,0.0,0.0,0.0,0.0,0.0,0.0,0.0,0.0,0.0,0.0,0.0,0.0,0.0,0.0,0.0,0.0,0.0,0.0,0.0,0.0,0.0,0.0,0.0,0.0,0.0,0.0,0.0,0.0,0.0,0.0,0.0,0.0,0.0,0.0,Z,21
0.0,0.0,0.333333,0.197531,0.583333,0.518519,0.366667,0.790123,0.0,0.950617,0.416667,1.0,0.4,1.234568,0.3,1.308642,0.166667,1.283951,0.066667,0.975309,0.05,1.160494,0.116667,0.802469,0.15,0.666667,-0.25,0.888889,-0.266667,1.0,-0.133333,0.679012,-0.116667,0.555556,-0.583333,0.777778,-0.6,0.950617,-0.466667,0.740741,-0.416667,0.62963,0,0,0.0,0.0,0.0,0.0,0.0,0.0,0.0,0.0,0.0,0.0,0.0,0.0,0.0,0.0,0.0,0.0,0.0,0.0,0.0,0.0,0.0,0.0,0.0,0.0,0.0,0.0,0.0,0.0,0.0,0.0,0.0,0.0,0.0,0.0,0.0,0.0,0.0,0.0,0.0,0.0,0.0,0.0,Z,21
0.0,0.0,0.355932,0.2125,0.59322,0.5375,0.338983,0.8125,-0.050847,0.975,0.40678,1.0,0.372881,1.225,0.271186,1.3,0.169492,1.3,0.050847,0.9625,0.033898,1.175,0.118644,0.825,0.152542,0.6875,-0.271186,0.8875,-0.305085,1.0125,-0.169492,0.6875,-0.118644,0.575,-0.59322,0.775,-0.59322,0.925,-0.457627,0.7,-0.440678,0.5875,0,0,0.0,0.0,0.0,0.0,0.0,0.0,0.0,0.0,0.0,0.0,0.0,0.0,0.0,0.0,0.0,0.0,0.0,0.0,0.0,0.0,0.0,0.0,0.0,0.0,0.0,0.0,0.0,0.0,0.0,0.0,0.0,0.0,0.0,0.0,0.0,0.0,0.0,0.0,0.0,0.0,0.0,0.0,Z,21
0.0,0.0,0.355932,0.225,0.576271,0.5375,0.322034,0.8125,-0.050847,0.975,0.389831,1.0,0.355932,1.225,0.254237,1.325,0.152542,1.3,0.033898,0.9625,0.050847,1.1875,0.118644,0.8375,0.135593,0.7,-0.271186,0.8875,-0.288136,1.0125,-0.169492,0.7,-0.135593,0.5875,-0.610169,0.775,-0.610169,0.95,-0.491525,0.7375,-0.457627,0.6375,0,0,0.0,0.0,0.0,0.0,0.0,0.0,0.0,0.0,0.0,0.0,0.0,0.0,0.0,0.0,0.0,0.0,0.0,0.0,0.0,0.0,0.0,0.0,0.0,0.0,0.0,0.0,0.0,0.0,0.0,0.0,0.0,0.0,0.0,0.0,0.0,0.0,0.0,0.0,0.0,0.0,0.0,0.0,Z,21
0.0,0.0,0.333333,0.202532,0.6,0.531646,0.35,0.822785,-0.016667,0.987342,0.433333,1.0,0.4,1.240506,0.3,1.329114,0.166667,1.316456,0.066667,0.974684,0.066667,1.202532,0.133333,0.835443,0.166667,0.721519,-0.233333,0.898734,-0.266667,1.037975,-0.133333,0.696203,-0.116667,0.607595,-0.566667,0.797468,-0.55,0.962025,-0.433333,0.734177,-0.416667,0.64557,0,0,0.0,0.0,0.0,0.0,0.0,0.0,0.0,0.0,0.0,0.0,0.0,0.0,0.0,0.0,0.0,0.0,0.0,0.0,0.0,0.0,0.0,0.0,0.0,0.0,0.0,0.0,0.0,0.0,0.0,0.0,0.0,0.0,0.0,0.0,0.0,0.0,0.0,0.0,0.0,0.0,0.0,0.0,Z,21
0.0,0.0,0.35,0.2,0.6,0.525,0.35,0.8,-0.033333,0.975,0.416667,1.0,0.383333,1.225,0.283333,1.3,0.15,1.2875,0.05,0.975,0.05,1.1625,0.133333,0.8,0.15,0.6875,-0.25,0.9,-0.283333,1.0,-0.15,0.675,-0.133333,0.5875,-0.583333,0.7875,-0.566667,0.9375,-0.433333,0.7125,-0.416667,0.625,0,0,0.0,0.0,0.0,0.0,0.0,0.0,0.0,0.0,0.0,0.0,0.0,0.0,0.0,0.0,0.0,0.0,0.0,0.0,0.0,0.0,0.0,0.0,0.0,0.0,0.0,0.0,0.0,0.0,0.0,0.0,0.0,0.0,0.0,0.0,0.0,0.0,0.0,0.0,0.0,0.0,0.0,0.0,Z,21
0.0,0.0,0.327869,0.192308,0.590164,0.538462,0.360656,0.820513,-0.016393,0.987179,0.409836,1.0,0.377049,1.24359,0.278689,1.333333,0.147541,1.346154,0.04918,0.974359,0.065574,1.205128,0.147541,0.833333,0.163934,0.692308,-0.245902,0.910256,-0.262295,1.038462,-0.131148,0.692308,-0.114754,0.576923,-0.590164,0.782051,-0.57377,0.961538,-0.442623,0.74359,-0.42623,0.628205,0,0,0.0,0.0,0.0,0.0,0.0,0.0,0.0,0.0,0.0,0.0,0.0,0.0,0.0,0.0,0.0,0.0,0.0,0.0,0.0,0.0,0.0,0.0,0.0,0.0,0.0,0.0,0.0,0.0,0.0,0.0,0.0,0.0,0.0,0.0,0.0,0.0,0.0,0.0,0.0,0.0,0.0,0.0,Z,21
0.0,0.0,0.338983,0.205128,0.576271,0.538462,0.338983,0.820513,-0.016949,0.987179,0.389831,1.0,0.355932,1.25641,0.254237,1.346154,0.118644,1.307692,0.033898,0.961538,0.033898,1.179487,0.101695,0.820513,0.118644,0.679487,-0.271186,0.884615,-0.322034,1.012821,-0.186441,0.692308,-0.169492,0.576923,-0.610169,0.769231,-0.627119,0.948718,-0.508475,0.74359,-0.474576,0.653846,0,0,0.0,0.0,0.0,0.0,0.0,0.0,0.0,0.0,0.0,0.0,0.0,0.0,0.0,0.0,0.0,0.0,0.0,0.0,0.0,0.0,0.0,0.0,0.0,0.0,0.0,0.0,0.0,0.0,0.0,0.0,0.0,0.0,0.0,0.0,0.0,0.0,0.0,0.0,0.0,0.0,0.0,0.0,Z,21
0.0,0.0,0.333333,0.175,0.6,0.525,0.35,0.8125,-0.033333,0.975,0.4,1.0,0.35,1.225,0.266667,1.3,0.166667,1.2875,0.033333,0.9625,0.05,1.1625,0.133333,0.8,0.15,0.7,-0.266667,0.8875,-0.283333,1.0,-0.133333,0.675,-0.133333,0.5875,-0.6,0.7625,-0.583333,0.9125,-0.433333,0.6875,-0.416667,0.6,0,0,0.0,0.0,0.0,0.0,0.0,0.0,0.0,0.0,0.0,0.0,0.0,0.0,0.0,0.0,0.0,0.0,0.0,0.0,0.0,0.0,0.0,0.0,0.0,0.0,0.0,0.0,0.0,0.0,0.0,0.0,0.0,0.0,0.0,0.0,0.0,0.0,0.0,0.0,0.0,0.0,0.0,0.0,Z,21
0.0,0.0,0.344262,0.202532,0.606557,0.544304,0.327869,0.822785,-0.032787,0.974684,0.409836,1.0,0.360656,1.265823,0.262295,1.35443,0.147541,1.316456,0.04918,0.974684,0.04918,1.177215,0.114754,0.810127,0.147541,0.683544,-0.262295,0.898734,-0.278689,1.025316,-0.163934,0.696203,-0.131148,0.582278,-0.590164,0.772152,-0.590164,0.962025,-0.47541,0.772152,-0.459016,0.670886,0,0,0.0,0.0,0.0,0.0,0.0,0.0,0.0,0.0,0.0,0.0,0.0,0.0,0.0,0.0,0.0,0.0,0.0,0.0,0.0,0.0,0.0,0.0,0.0,0.0,0.0,0.0,0.0,0.0,0.0,0.0,0.0,0.0,0.0,0.0,0.0,0.0,0.0,0.0,0.0,0.0,0.0,0.0,Z,21
0.0,0.0,0.344262,0.2,0.606557,0.5375,0.327869,0.8125,-0.032787,0.9625,0.409836,1.0,0.360656,1.2375,0.262295,1.325,0.163934,1.3125,0.04918,0.9625,0.04918,1.1625,0.114754,0.8125,0.147541,0.675,-0.262295,0.8875,-0.278689,1.0125,-0.147541,0.7,-0.131148,0.575,-0.590164,0.7625,-0.57377,0.9375,-0.459016,0.7375,-0.442623,0.65,0,0,0.0,0.0,0.0,0.0,0.0,0.0,0.0,0.0,0.0,0.0,0.0,0.0,0.0,0.0,0.0,0.0,0.0,0.0,0.0,0.0,0.0,0.0,0.0,0.0,0.0,0.0,0.0,0.0,0.0,0.0,0.0,0.0,0.0,0.0,0.0,0.0,0.0,0.0,0.0,0.0,0.0,0.0,Z,21
0.0,0.0,0.35,0.2125,0.616667,0.5375,0.35,0.825,-0.033333,0.9625,0.383333,1.0,0.35,1.2375,0.266667,1.3125,0.15,1.2875,0.033333,0.975,0.033333,1.2,0.116667,0.8625,0.133333,0.725,-0.283333,0.9,-0.283333,1.025,-0.15,0.7125,-0.15,0.5875,-0.616667,0.775,-0.583333,0.95,-0.45,0.7375,-0.433333,0.625,0,0,0.0,0.0,0.0,0.0,0.0,0.0,0.0,0.0,0.0,0.0,0.0,0.0,0.0,0.0,0.0,0.0,0.0,0.0,0.0,0.0,0.0,0.0,0.0,0.0,0.0,0.0,0.0,0.0,0.0,0.0,0.0,0.0,0.0,0.0,0.0,0.0,0.0,0.0,0.0,0.0,0.0,0.0,Z,21
0.0,0.0,0.316667,0.2,0.583333,0.525,0.366667,0.8125,-0.033333,0.95,0.383333,1.0,0.366667,1.225,0.266667,1.3125,0.15,1.2875,0.033333,0.9625,0.033333,1.175,0.1,0.8375,0.116667,0.7125,-0.283333,0.8875,-0.3,1.0125,-0.166667,0.6875,-0.15,0.5875,-0.616667,0.775,-0.583333,0.925,-0.45,0.7125,-0.433333,0.625,0,0,0.0,0.0,0.0,0.0,0.0,0.0,0.0,0.0,0.0,0.0,0.0,0.0,0.0,0.0,0.0,0.0,0.0,0.0,0.0,0.0,0.0,0.0,0.0,0.0,0.0,0.0,0.0,0.0,0.0,0.0,0.0,0.0,0.0,0.0,0.0,0.0,0.0,0.0,0.0,0.0,0.0,0.0,Z,21
0.0,0.0,0.322581,0.205128,0.596774,0.551282,0.370968,0.846154,0.0,1.0,0.419355,1.0,0.403226,1.25641,0.306452,1.358974,0.177419,1.358974,0.064516,0.987179,0.064516,1.230769,0.129032,0.884615,0.129032,0.730769,-0.241935,0.910256,-0.241935,1.064103,-0.145161,0.730769,-0.145161,0.589744,-0.580645,0.807692,-0.532258,0.987179,-0.419355,0.75641,-0.419355,0.653846,0,0,0.0,0.0,0.0,0.0,0.0,0.0,0.0,0.0,0.0,0.0,0.0,0.0,0.0,0.0,0.0,0.0,0.0,0.0,0.0,0.0,0.0,0.0,0.0,0.0,0.0,0.0,0.0,0.0,0.0,0.0,0.0,0.0,0.0,0.0,0.0,0.0,0.0,0.0,0.0,0.0,0.0,0.0,Z,21
0.0,0.0,0.333333,0.189873,0.616667,0.518987,0.383333,0.797468,0.0,0.936709,0.4,1.0,0.383333,1.227848,0.283333,1.316456,0.183333,1.291139,0.033333,0.974684,0.05,1.177215,0.133333,0.822785,0.15,0.696203,-0.266667,0.898734,-0.266667,1.012658,-0.15,0.696203,-0.15,0.607595,-0.6,0.772152,-0.566667,0.936709,-0.45,0.721519,-0.433333,0.632911,0,0,0.0,0.0,0.0,0.0,0.0,0.0,0.0,0.0,0.0,0.0,0.0,0.0,0.0,0.0,0.0,0.0,0.0,0.0,0.0,0.0,0.0,0.0,0.0,0.0,0.0,0.0,0.0,0.0,0.0,0.0,0.0,0.0,0.0,0.0,0.0,0.0,0.0,0.0,0.0,0.0,0.0,0.0,Z,21
0.0,0.0,0.333333,0.177215,0.616667,0.531646,0.366667,0.822785,-0.033333,0.962025,0.4,1.0,0.366667,1.240506,0.266667,1.329114,0.166667,1.303797,0.033333,0.974684,0.033333,1.202532,0.1,0.873418,0.133333,0.708861,-0.266667,0.898734,-0.3,1.025316,-0.166667,0.708861,-0.15,0.56962,-0.6,0.78481,-0.566667,0.949367,-0.45,0.734177,-0.45,0.64557,0,0,0.0,0.0,0.0,0.0,0.0,0.0,0.0,0.0,0.0,0.0,0.0,0.0,0.0,0.0,0.0,0.0,0.0,0.0,0.0,0.0,0.0,0.0,0.0,0.0,0.0,0.0,0.0,0.0,0.0,0.0,0.0,0.0,0.0,0.0,0.0,0.0,0.0,0.0,0.0,0.0,0.0,0.0,Z,21
0.0,0.0,0.333333,0.177215,0.616667,0.531646,0.366667,0.822785,-0.016667,0.987342,0.4,1.0,0.366667,1.253165,0.283333,1.329114,0.2,1.316456,0.05,0.962025,0.033333,1.177215,0.116667,0.822785,0.15,0.696203,-0.266667,0.886076,-0.3,1.012658,-0.15,0.683544,-0.133333,0.56962,-0.6,0.772152,-0.583333,0.924051,-0.45,0.696203,-0.433333,0.607595,0,0,0.0,0.0,0.0,0.0,0.0,0.0,0.0,0.0,0.0,0.0,0.0,0.0,0.0,0.0,0.0,0.0,0.0,0.0,0.0,0.0,0.0,0.0,0.0,0.0,0.0,0.0,0.0,0.0,0.0,0.0,0.0,0.0,0.0,0.0,0.0,0.0,0.0,0.0,0.0,0.0,0.0,0.0,Z,21
0.0,0.0,0.344262,0.192308,0.606557,0.538462,0.344262,0.820513,0.0,1.0,0.409836,1.0,0.360656,1.25641,0.262295,1.346154,0.180328,1.320513,0.04918,0.974359,0.04918,1.192308,0.131148,0.833333,0.147541,0.679487,-0.262295,0.897436,-0.295082,1.038462,-0.163934,0.692308,-0.131148,0.576923,-0.590164,0.782051,-0.57377,0.935897,-0.442623,0.705128,-0.42623,0.602564,0,0,0.0,0.0,0.0,0.0,0.0,0.0,0.0,0.0,0.0,0.0,0.0,0.0,0.0,0.0,0.0,0.0,0.0,0.0,0.0,0.0,0.0,0.0,0.0,0.0,0.0,0.0,0.0,0.0,0.0,0.0,0.0,0.0,0.0,0.0,0.0,0.0,0.0,0.0,0.0,0.0,0.0,0.0,Z,21
0.0,0.0,0.327869,0.2,0.606557,0.55,0.360656,0.825,-0.016393,0.95,0.393443,1.0,0.360656,1.2375,0.262295,1.325,0.163934,1.3125,0.032787,0.975,0.032787,1.1875,0.098361,0.8375,0.114754,0.7,-0.278689,0.9,-0.295082,1.0125,-0.163934,0.7,-0.147541,0.575,-0.606557,0.7875,-0.590164,0.95,-0.47541,0.75,-0.459016,0.65,0,0,0.0,0.0,0.0,0.0,0.0,0.0,0.0,0.0,0.0,0.0,0.0,0.0,0.0,0.0,0.0,0.0,0.0,0.0,0.0,0.0,0.0,0.0,0.0,0.0,0.0,0.0,0.0,0.0,0.0,0.0,0.0,0.0,0.0,0.0,0.0,0.0,0.0,0.0,0.0,0.0,0.0,0.0,Z,21
0.0,0.0,0.35,0.21519,0.616667,0.556962,0.35,0.848101,-0.033333,1.0,0.4,1.0,0.383333,1.253165,0.283333,1.341772,0.183333,1.329114,0.05,0.974684,0.05,1.21519,0.116667,0.886076,0.15,0.721519,-0.266667,0.898734,-0.283333,1.050633,-0.15,0.734177,-0.133333,0.582278,-0.6,0.772152,-0.583333,0.962025,-0.45,0.746835,-0.416667,0.620253,0,0,0.0,0.0,0.0,0.0,0.0,0.0,0.0,0.0,0.0,0.0,0.0,0.0,0.0,0.0,0.0,0.0,0.0,0.0,0.0,0.0,0.0,0.0,0.0,0.0,0.0,0.0,0.0,0.0,0.0,0.0,0.0,0.0,0.0,0.0,0.0,0.0,0.0,0.0,0.0,0.0,0.0,0.0,Z,21
0.0,0.0,0.333333,0.179487,0.633333,0.525641,0.383333,0.820513,0.016667,0.974359,0.4,1.0,0.366667,1.25641,0.266667,1.333333,0.166667,1.320513,0.05,0.974359,0.05,1.166667,0.116667,0.807692,0.133333,0.692308,-0.266667,0.897436,-0.283333,1.012821,-0.166667,0.692308,-0.133333,0.602564,-0.6,0.794872,-0.583333,0.935897,-0.466667,0.730769,-0.433333,0.641026,0,0,0.0,0.0,0.0,0.0,0.0,0.0,0.0,0.0,0.0,0.0,0.0,0.0,0.0,0.0,0.0,0.0,0.0,0.0,0.0,0.0,0.0,0.0,0.0,0.0,0.0,0.0,0.0,0.0,0.0,0.0,0.0,0.0,0.0,0.0,0.0,0.0,0.0,0.0,0.0,0.0,0.0,0.0,Z,21
0.0,0.0,0.333333,0.189873,0.616667,0.518987,0.35,0.797468,-0.016667,0.949367,0.366667,1.0,0.333333,1.265823,0.25,1.329114,0.133333,1.278481,0.016667,0.962025,0.016667,1.151899,0.1,0.772152,0.116667,0.632911,-0.3,0.873418,-0.316667,0.987342,-0.183333,0.64557,-0.166667,0.544304,-0.633333,0.759494,-0.633333,0.936709,-0.483333,0.708861,-0.45,0.607595,0,0,0.0,0.0,0.0,0.0,0.0,0.0,0.0,0.0,0.0,0.0,0.0,0.0,0.0,0.0,0.0,0.0,0.0,0.0,0.0,0.0,0.0,0.0,0.0,0.0,0.0,0.0,0.0,0.0,0.0,0.0,0.0,0.0,0.0,0.0,0.0,0.0,0.0,0.0,0.0,0.0,0.0,0.0,Z,21
0.0,0.0,0.35,0.1875,0.616667,0.5375,0.366667,0.825,-0.033333,0.9375,0.4,1.0,0.366667,1.25,0.25,1.3,0.133333,1.25,0.033333,0.975,0.033333,1.1625,0.116667,0.8,0.133333,0.675,-0.266667,0.8875,-0.3,1.0,-0.166667,0.675,-0.15,0.575,-0.6,0.775,-0.6,0.925,-0.483333,0.7125,-0.466667,0.6375,0,0,0.0,0.0,0.0,0.0,0.0,0.0,0.0,0.0,0.0,0.0,0.0,0.0,0.0,0.0,0.0,0.0,0.0,0.0,0.0,0.0,0.0,0.0,0.0,0.0,0.0,0.0,0.0,0.0,0.0,0.0,0.0,0.0,0.0,0.0,0.0,0.0,0.0,0.0,0.0,0.0,0.0,0.0,Z,21
0.0,0.0,0.35,0.177215,0.616667,0.518987,0.4,0.797468,0.033333,0.987342,0.4,1.0,0.366667,1.253165,0.283333,1.329114,0.183333,1.291139,0.033333,0.962025,0.05,1.164557,0.116667,0.822785,0.133333,0.683544,-0.266667,0.886076,-0.283333,1.012658,-0.15,0.683544,-0.133333,0.56962,-0.6,0.772152,-0.583333,0.924051,-0.45,0.696203,-0.433333,0.607595,0,0,0.0,0.0,0.0,0.0,0.0,0.0,0.0,0.0,0.0,0.0,0.0,0.0,0.0,0.0,0.0,0.0,0.0,0.0,0.0,0.0,0.0,0.0,0.0,0.0,0.0,0.0,0.0,0.0,0.0,0.0,0.0,0.0,0.0,0.0,0.0,0.0,0.0,0.0,0.0,0.0,0.0,0.0,Z,21
0.0,0.0,0.35,0.21519,0.633333,0.556962,0.366667,0.810127,-0.016667,0.949367,0.383333,1.0,0.35,1.253165,0.25,1.329114,0.15,1.303797,0.033333,0.962025,0.016667,1.189873,0.1,0.848101,0.116667,0.670886,-0.283333,0.886076,-0.316667,1.012658,-0.183333,0.696203,-0.15,0.556962,-0.616667,0.759494,-0.616667,0.936709,-0.483333,0.734177,-0.45,0.632911,0,0,0.0,0.0,0.0,0.0,0.0,0.0,0.0,0.0,0.0,0.0,0.0,0.0,0.0,0.0,0.0,0.0,0.0,0.0,0.0,0.0,0.0,0.0,0.0,0.0,0.0,0.0,0.0,0.0,0.0,0.0,0.0,0.0,0.0,0.0,0.0,0.0,0.0,0.0,0.0,0.0,0.0,0.0,Z,21
0.0,0.0,0.327869,0.1875,0.590164,0.5375,0.344262,0.8125,-0.032787,0.9625,0.377049,1.0,0.344262,1.2375,0.245902,1.3125,0.147541,1.3,0.016393,0.975,0.016393,1.1625,0.081967,0.8125,0.114754,0.675,-0.295082,0.9,-0.311475,1.0,-0.180328,0.6625,-0.147541,0.55,-0.622951,0.775,-0.606557,0.9125,-0.47541,0.7,-0.442623,0.6125,0,0,0.0,0.0,0.0,0.0,0.0,0.0,0.0,0.0,0.0,0.0,0.0,0.0,0.0,0.0,0.0,0.0,0.0,0.0,0.0,0.0,0.0,0.0,0.0,0.0,0.0,0.0,0.0,0.0,0.0,0.0,0.0,0.0,0.0,0.0,0.0,0.0,0.0,0.0,0.0,0.0,0.0,0.0,Z,21
0.0,0.0,0.333333,0.189873,0.616667,0.544304,0.4,0.835443,0.0,0.949367,0.4,1.0,0.366667,1.240506,0.266667,1.329114,0.166667,1.316456,0.033333,0.974684,0.016667,1.189873,0.1,0.848101,0.133333,0.683544,-0.283333,0.898734,-0.3,1.025316,-0.166667,0.708861,-0.116667,0.56962,-0.6,0.772152,-0.616667,0.936709,-0.466667,0.721519,-0.416667,0.607595,0,0,0.0,0.0,0.0,0.0,0.0,0.0,0.0,0.0,0.0,0.0,0.0,0.0,0.0,0.0,0.0,0.0,0.0,0.0,0.0,0.0,0.0,0.0,0.0,0.0,0.0,0.0,0.0,0.0,0.0,0.0,0.0,0.0,0.0,0.0,0.0,0.0,0.0,0.0,0.0,0.0,0.0,0.0,Z,21
0.0,0.0,0.333333,0.1875,0.616667,0.525,0.383333,0.8125,0.0,0.9625,0.383333,1.0,0.35,1.2375,0.25,1.325,0.133333,1.3,0.033333,0.975,0.016667,1.1625,0.1,0.825,0.133333,0.7125,-0.283333,0.9,-0.316667,1.0125,-0.183333,0.7,-0.15,0.6,-0.616667,0.775,-0.616667,0.925,-0.483333,0.7125,-0.45,0.625,0,0,0.0,0.0,0.0,0.0,0.0,0.0,0.0,0.0,0.0,0.0,0.0,0.0,0.0,0.0,0.0,0.0,0.0,0.0,0.0,0.0,0.0,0.0,0.0,0.0,0.0,0.0,0.0,0.0,0.0,0.0,0.0,0.0,0.0,0.0,0.0,0.0,0.0,0.0,0.0,0.0,0.0,0.0,Z,21
0.0,0.0,0.33871,0.189873,0.596774,0.531646,0.33871,0.822785,-0.032258,0.974684,0.387097,1.0,0.33871,1.253165,0.241935,1.329114,0.129032,1.316456,0.032258,0.974684,0.016129,1.189873,0.112903,0.822785,0.129032,0.696203,-0.290323,0.898734,-0.306452,1.025316,-0.16129,0.670886,-0.145161,0.56962,-0.612903,0.772152,-0.596774,0.924051,-0.451613,0.696203,-0.451613,0.607595,0,0,0.0,0.0,0.0,0.0,0.0,0.0,0.0,0.0,0.0,0.0,0.0,0.0,0.0,0.0,0.0,0.0,0.0,0.0,0.0,0.0,0.0,0.0,0.0,0.0,0.0,0.0,0.0,0.0,0.0,0.0,0.0,0.0,0.0,0.0,0.0,0.0,0.0,0.0,0.0,0.0,0.0,0.0,Z,21
0.0,0.0,0.327869,0.189873,0.606557,0.531646,0.344262,0.822785,-0.065574,0.962025,0.377049,1.0,0.344262,1.253165,0.229508,1.329114,0.114754,1.291139,0.016393,0.974684,0.0,1.177215,0.081967,0.822785,0.114754,0.683544,-0.295082,0.886076,-0.344262,1.012658,-0.196721,0.683544,-0.163934,0.556962,-0.622951,0.759494,-0.622951,0.924051,-0.491803,0.708861,-0.442623,0.620253,0,0,0.0,0.0,0.0,0.0,0.0,0.0,0.0,0.0,0.0,0.0,0.0,0.0,0.0,0.0,0.0,0.0,0.0,0.0,0.0,0.0,0.0,0.0,0.0,0.0,0.0,0.0,0.0,0.0,0.0,0.0,0.0,0.0,0.0,0.0,0.0,0.0,0.0,0.0,0.0,0.0,0.0,0.0,Z,21
0.0,0.0,0.35,0.2,0.616667,0.5375,0.333333,0.8125,-0.05,0.9875,0.366667,1.0,0.333333,1.225,0.25,1.3125,0.133333,1.3,0.0,0.9625,0.016667,1.1625,0.116667,0.8125,0.116667,0.6875,-0.316667,0.8875,-0.333333,1.0,-0.166667,0.65,-0.15,0.55,-0.633333,0.7625,-0.6,0.9125,-0.45,0.675,-0.433333,0.5875,0,0,0.0,0.0,0.0,0.0,0.0,0.0,0.0,0.0,0.0,0.0,0.0,0.0,0.0,0.0,0.0,0.0,0.0,0.0,0.0,0.0,0.0,0.0,0.0,0.0,0.0,0.0,0.0,0.0,0.0,0.0,0.0,0.0,0.0,0.0,0.0,0.0,0.0,0.0,0.0,0.0,0.0,0.0,Z,21
0.0,0.0,0.306452,0.2,0.564516,0.5375,0.322581,0.8125,-0.048387,0.95,0.370968,1.0,0.33871,1.2375,0.225806,1.3125,0.129032,1.275,0.016129,0.975,0.0,1.175,0.080645,0.8125,0.112903,0.675,-0.290323,0.8875,-0.322581,1.0,-0.193548,0.675,-0.16129,0.55,-0.629032,0.7625,-0.596774,0.9125,-0.483871,0.6875,-0.451613,0.6,0,0,0.0,0.0,0.0,0.0,0.0,0.0,0.0,0.0,0.0,0.0,0.0,0.0,0.0,0.0,0.0,0.0,0.0,0.0,0.0,0.0,0.0,0.0,0.0,0.0,0.0,0.0,0.0,0.0,0.0,0.0,0.0,0.0,0.0,0.0,0.0,0.0,0.0,0.0,0.0,0.0,0.0,0.0,Z,21
0.0,0.0,0.327869,0.197531,0.590164,0.530864,0.327869,0.790123,-0.04918,0.938272,0.377049,1.0,0.311475,1.259259,0.229508,1.296296,0.147541,1.246914,0.016393,0.962963,0.0,1.17284,0.065574,0.82716,0.098361,0.679012,-0.295082,0.876543,-0.327869,1.0,-0.196721,0.679012,-0.163934,0.555556,-0.622951,0.753086,-0.606557,0.901235,-0.47541,0.679012,-0.442623,0.580247,0,0,0.0,0.0,0.0,0.0,0.0,0.0,0.0,0.0,0.0,0.0,0.0,0.0,0.0,0.0,0.0,0.0,0.0,0.0,0.0,0.0,0.0,0.0,0.0,0.0,0.0,0.0,0.0,0.0,0.0,0.0,0.0,0.0,0.0,0.0,0.0,0.0,0.0,0.0,0.0,0.0,0.0,0.0,Z,21
0.0,0.0,0.33871,0.207317,0.580645,0.52439,0.322581,0.792683,-0.048387,0.939024,0.370968,1.0,0.322581,1.231707,0.241935,1.292683,0.112903,1.256098,0.016129,0.963415,0.0,1.158537,0.080645,0.817073,0.096774,0.695122,-0.290323,0.878049,-0.322581,0.987805,-0.177419,0.670732,-0.16129,0.573171,-0.629032,0.756098,-0.596774,0.890244,-0.467742,0.670732,-0.435484,0.585366,0,0,0.0,0.0,0.0,0.0,0.0,0.0,0.0,0.0,0.0,0.0,0.0,0.0,0.0,0.0,0.0,0.0,0.0,0.0,0.0,0.0,0.0,0.0,0.0,0.0,0.0,0.0,0.0,0.0,0.0,0.0,0.0,0.0,0.0,0.0,0.0,0.0,0.0,0.0,0.0,0.0,0.0,0.0,Z,21
0.0,0.0,0.316667,0.197531,0.583333,0.54321,0.35,0.814815,-0.066667,0.938272,0.333333,1.0,0.3,1.234568,0.216667,1.296296,0.116667,1.271605,-0.033333,0.962963,-0.016667,1.135802,0.083333,0.765432,0.1,0.654321,-0.333333,0.876543,-0.366667,0.975309,-0.2,0.641975,-0.183333,0.567901,-0.666667,0.753086,-0.633333,0.876543,-0.483333,0.666667,-0.466667,0.580247,0,0,0.0,0.0,0.0,0.0,0.0,0.0,0.0,0.0,0.0,0.0,0.0,0.0,0.0,0.0,0.0,0.0,0.0,0.0,0.0,0.0,0.0,0.0,0.0,0.0,0.0,0.0,0.0,0.0,0.0,0.0,0.0,0.0,0.0,0.0,0.0,0.0,0.0,0.0,0.0,0.0,0.0,0.0,Z,21
0.0,0.0,0.327869,0.197531,0.590164,0.530864,0.344262,0.802469,-0.032787,0.962963,0.360656,1.0,0.311475,1.246914,0.229508,1.308642,0.114754,1.271605,0.0,0.962963,-0.016393,1.148148,0.081967,0.802469,0.114754,0.679012,-0.295082,0.876543,-0.344262,0.975309,-0.180328,0.654321,-0.147541,0.54321,-0.639344,0.765432,-0.622951,0.901235,-0.491803,0.679012,-0.47541,0.604938,0,0,0.0,0.0,0.0,0.0,0.0,0.0,0.0,0.0,0.0,0.0,0.0,0.0,0.0,0.0,0.0,0.0,0.0,0.0,0.0,0.0,0.0,0.0,0.0,0.0,0.0,0.0,0.0,0.0,0.0,0.0,0.0,0.0,0.0,0.0,0.0,0.0,0.0,0.0,0.0,0.0,0.0,0.0,Z,21
0.0,0.0,0.327869,0.197531,0.57377,0.518519,0.344262,0.790123,-0.04918,0.950617,0.377049,1.0,0.344262,1.234568,0.229508,1.308642,0.114754,1.271605,0.016393,0.950617,0.0,1.160494,0.081967,0.814815,0.114754,0.679012,-0.295082,0.864198,-0.327869,1.0,-0.180328,0.666667,-0.147541,0.567901,-0.622951,0.740741,-0.622951,0.888889,-0.47541,0.679012,-0.442623,0.580247,0,0,0.0,0.0,0.0,0.0,0.0,0.0,0.0,0.0,0.0,0.0,0.0,0.0,0.0,0.0,0.0,0.0,0.0,0.0,0.0,0.0,0.0,0.0,0.0,0.0,0.0,0.0,0.0,0.0,0.0,0.0,0.0,0.0,0.0,0.0,0.0,0.0,0.0,0.0,0.0,0.0,0.0,0.0,Z,21
0.0,0.0,0.344262,0.195122,0.57377,0.52439,0.295082,0.780488,-0.081967,0.939024,0.344262,1.0,0.311475,1.219512,0.213115,1.280488,0.081967,1.256098,-0.016393,0.95122,-0.032787,1.134146,0.081967,0.792683,0.098361,0.682927,-0.327869,0.865854,-0.377049,0.97561,-0.196721,0.658537,-0.163934,0.560976,-0.655738,0.731707,-0.639344,0.878049,-0.47541,0.670732,-0.459016,0.573171,0,0,0.0,0.0,0.0,0.0,0.0,0.0,0.0,0.0,0.0,0.0,0.0,0.0,0.0,0.0,0.0,0.0,0.0,0.0,0.0,0.0,0.0,0.0,0.0,0.0,0.0,0.0,0.0,0.0,0.0,0.0,0.0,0.0,0.0,0.0,0.0,0.0,0.0,0.0,0.0,0.0,0.0,0.0,Z,21
0.0,0.0,0.327869,0.195122,0.557377,0.536585,0.295082,0.817073,-0.081967,0.97561,0.360656,1.0,0.327869,1.231707,0.229508,1.292683,0.131148,1.256098,0.0,0.963415,-0.016393,1.134146,0.098361,0.768293,0.131148,0.670732,-0.311475,0.890244,-0.344262,0.97561,-0.180328,0.646341,-0.131148,0.560976,-0.639344,0.756098,-0.606557,0.865854,-0.459016,0.634146,-0.42623,0.54878,0,0,0.0,0.0,0.0,0.0,0.0,0.0,0.0,0.0,0.0,0.0,0.0,0.0,0.0,0.0,0.0,0.0,0.0,0.0,0.0,0.0,0.0,0.0,0.0,0.0,0.0,0.0,0.0,0.0,0.0,0.0,0.0,0.0,0.0,0.0,0.0,0.0,0.0,0.0,0.0,0.0,0.0,0.0,Z,21
0.0,0.0,0.316667,0.182927,0.566667,0.52439,0.316667,0.804878,-0.083333,0.95122,0.35,1.0,0.333333,1.243902,0.233333,1.292683,0.1,1.268293,0.0,0.963415,-0.033333,1.158537,0.083333,0.817073,0.1,0.707317,-0.316667,0.890244,-0.35,0.987805,-0.183333,0.658537,-0.166667,0.573171,-0.65,0.756098,-0.633333,0.890244,-0.466667,0.670732,-0.45,0.585366,0,0,0.0,0.0,0.0,0.0,0.0,0.0,0.0,0.0,0.0,0.0,0.0,0.0,0.0,0.0,0.0,0.0,0.0,0.0,0.0,0.0,0.0,0.0,0.0,0.0,0.0,0.0,0.0,0.0,0.0,0.0,0.0,0.0,0.0,0.0,0.0,0.0,0.0,0.0,0.0,0.0,0.0,0.0,Z,21
0.0,0.0,0.35,0.219512,0.55,0.54878,0.283333,0.804878,-0.083333,0.963415,0.366667,1.0,0.333333,1.231707,0.233333,1.292683,0.116667,1.268293,0.016667,0.963415,0.0,1.170732,0.066667,0.853659,0.1,0.719512,-0.3,0.878049,-0.316667,1.0,-0.183333,0.695122,-0.133333,0.573171,-0.633333,0.756098,-0.616667,0.890244,-0.466667,0.682927,-0.416667,0.585366,0,0,0.0,0.0,0.0,0.0,0.0,0.0,0.0,0.0,0.0,0.0,0.0,0.0,0.0,0.0,0.0,0.0,0.0,0.0,0.0,0.0,0.0,0.0,0.0,0.0,0.0,0.0,0.0,0.0,0.0,0.0,0.0,0.0,0.0,0.0,0.0,0.0,0.0,0.0,0.0,0.0,0.0,0.0,Z,21
0.0,0.0,0.327869,0.209877,0.540984,0.530864,0.311475,0.802469,-0.04918,0.962963,0.377049,1.0,0.360656,1.222222,0.262295,1.308642,0.147541,1.296296,0.016393,0.975309,0.0,1.185185,0.081967,0.864198,0.114754,0.728395,-0.295082,0.888889,-0.311475,1.0,-0.163934,0.679012,-0.131148,0.555556,-0.622951,0.765432,-0.606557,0.901235,-0.459016,0.703704,-0.42623,0.592593,0,0,0.0,0.0,0.0,0.0,0.0,0.0,0.0,0.0,0.0,0.0,0.0,0.0,0.0,0.0,0.0,0.0,0.0,0.0,0.0,0.0,0.0,0.0,0.0,0.0,0.0,0.0,0.0,0.0,0.0,0.0,0.0,0.0,0.0,0.0,0.0,0.0,0.0,0.0,0.0,0.0,0.0,0.0,Z,21
0.0,0.0,0.327869,0.219512,0.52459,0.54878,0.229508,0.804878,-0.131148,0.97561,0.344262,1.0,0.327869,1.207317,0.229508,1.292683,0.114754,1.317073,-0.016393,0.963415,-0.016393,1.182927,0.065574,0.841463,0.098361,0.719512,-0.327869,0.878049,-0.344262,1.0,-0.196721,0.682927,-0.163934,0.573171,-0.655738,0.743902,-0.622951,0.890244,-0.491803,0.682927,-0.459016,0.585366,0,0,0.0,0.0,0.0,0.0,0.0,0.0,0.0,0.0,0.0,0.0,0.0,0.0,0.0,0.0,0.0,0.0,0.0,0.0,0.0,0.0,0.0,0.0,0.0,0.0,0.0,0.0,0.0,0.0,0.0,0.0,0.0,0.0,0.0,0.0,0.0,0.0,0.0,0.0,0.0,0.0,0.0,0.0,Z,21
0.0,0.0,0.322581,0.1875,0.548387,0.525,0.290323,0.8125,-0.064516,0.9875,0.387097,1.0,0.354839,1.225,0.258065,1.3,0.145161,1.325,0.032258,0.975,0.0,1.175,0.080645,0.8375,0.129032,0.75,-0.290323,0.8875,-0.306452,1.0125,-0.177419,0.6875,-0.16129,0.6125,-0.612903,0.7625,-0.596774,0.9125,-0.467742,0.6875,-0.435484,0.6,0,0,0.0,0.0,0.0,0.0,0.0,0.0,0.0,0.0,0.0,0.0,0.0,0.0,0.0,0.0,0.0,0.0,0.0,0.0,0.0,0.0,0.0,0.0,0.0,0.0,0.0,0.0,0.0,0.0,0.0,0.0,0.0,0.0,0.0,0.0,0.0,0.0,0.0,0.0,0.0,0.0,0.0,0.0,Z,21
0.0,0.0,0.316667,0.195122,0.55,0.536585,0.3,0.792683,-0.083333,0.926829,0.35,1.0,0.333333,1.207317,0.233333,1.280488,0.116667,1.280488,0.0,0.97561,-0.033333,1.158537,0.066667,0.829268,0.1,0.743902,-0.316667,0.902439,-0.35,0.963415,-0.2,0.646341,-0.166667,0.573171,-0.65,0.768293,-0.616667,0.865854,-0.483333,0.646341,-0.45,0.585366,0,0,0.0,0.0,0.0,0.0,0.0,0.0,0.0,0.0,0.0,0.0,0.0,0.0,0.0,0.0,0.0,0.0,0.0,0.0,0.0,0.0,0.0,0.0,0.0,0.0,0.0,0.0,0.0,0.0,0.0,0.0,0.0,0.0,0.0,0.0,0.0,0.0,0.0,0.0,0.0,0.0,0.0,0.0,Z,21
0.0,0.0,0.333333,0.216867,0.55,0.554217,0.266667,0.807229,-0.1,0.951807,0.35,1.0,0.333333,1.204819,0.233333,1.277108,0.116667,1.289157,0.0,0.963855,0.0,1.168675,0.066667,0.831325,0.1,0.710843,-0.316667,0.879518,-0.333333,0.987952,-0.2,0.674699,-0.166667,0.566265,-0.65,0.759036,-0.633333,0.903614,-0.5,0.698795,-0.466667,0.614458,0,0,0.0,0.0,0.0,0.0,0.0,0.0,0.0,0.0,0.0,0.0,0.0,0.0,0.0,0.0,0.0,0.0,0.0,0.0,0.0,0.0,0.0,0.0,0.0,0.0,0.0,0.0,0.0,0.0,0.0,0.0,0.0,0.0,0.0,0.0,0.0,0.0,0.0,0.0,0.0,0.0,0.0,0.0,Z,21
0.0,0.0,0.333333,0.207317,0.583333,0.560976,0.3,0.829268,-0.1,0.97561,0.383333,1.0,0.366667,1.219512,0.25,1.292683,0.133333,1.317073,0.033333,0.97561,0.0,1.182927,0.066667,0.853659,0.116667,0.719512,-0.283333,0.902439,-0.333333,1.012195,-0.183333,0.695122,-0.15,0.573171,-0.616667,0.780488,-0.616667,0.926829,-0.483333,0.707317,-0.45,0.609756,0,0,0.0,0.0,0.0,0.0,0.0,0.0,0.0,0.0,0.0,0.0,0.0,0.0,0.0,0.0,0.0,0.0,0.0,0.0,0.0,0.0,0.0,0.0,0.0,0.0,0.0,0.0,0.0,0.0,0.0,0.0,0.0,0.0,0.0,0.0,0.0,0.0,0.0,0.0,0.0,0.0,0.0,0.0,Z,21
